

================================================================
== Vitis HLS Report for 'mmult_hw'
================================================================
* Date:           Mon Feb 23 00:55:29 2026

* Version:        2024.1 (Build 5069499 on May 21 2024)
* Project:        matmul_D8_AXISep_MP_IU
* Solution:       hls (Vivado IP Flow Target)
* Product family: zynquplus
* Target device:  xczu3eg-sbva484-1-e


================================================================
== Performance Estimates
================================================================
+ Timing: 
    * Summary: 
    +--------+----------+----------+------------+
    |  Clock |  Target  | Estimated| Uncertainty|
    +--------+----------+----------+------------+
    |ap_clk  |  10.00 ns|  7.300 ns|     2.70 ns|
    +--------+----------+----------+------------+

+ Latency: 
    * Summary: 
    +----------+----------+-----------+-----------+----------+----------+---------+
    |   Latency (cycles)  |   Latency (absolute)  |       Interval      | Pipeline|
    |    min   |    max   |    min    |    max    |    min   |    max   |   Type  |
    +----------+----------+-----------+-----------+----------+----------+---------+
    |  23396353|  23396353|  0.234 sec|  0.234 sec|  23396354|  23396354|       no|
    +----------+----------+-----------+-----------+----------+----------+---------+

    + Detail: 
        * Instance: 
        N/A

        * Loop: 
        +---------------+----------+----------+----------+-----------+-----------+-------+----------+
        |               |   Latency (cycles)  | Iteration|  Initiation Interval  |  Trip |          |
        |   Loop Name   |    min   |    max   |  Latency |  achieved |   target  | Count | Pipelined|
        +---------------+----------+----------+----------+-----------+-----------+-------+----------+
        |- loop1_loop2  |  23396352|  23396352|      1428|          -|          -|  16384|        no|
        | + loop3       |      1408|      1408|        11|          -|          -|    128|        no|
        +---------------+----------+----------+----------+-----------+-----------+-------+----------+



================================================================
== Utilization Estimates
================================================================
* Summary: 
+-----------------+---------+-----+--------+-------+-----+
|       Name      | BRAM_18K| DSP |   FF   |  LUT  | URAM|
+-----------------+---------+-----+--------+-------+-----+
|DSP              |        -|    -|       -|      -|    -|
|Expression       |        -|    -|       0|    861|    -|
|FIFO             |        -|    -|       -|      -|    -|
|Instance         |        8|   15|    2450|   2525|    0|
|Memory           |        -|    -|       -|      -|    -|
|Multiplexer      |        -|    -|       0|    283|    -|
|Register         |        -|    -|    1270|      -|    -|
+-----------------+---------+-----+--------+-------+-----+
|Total            |        8|   15|    3720|   3669|    0|
+-----------------+---------+-----+--------+-------+-----+
|Available        |      432|  360|  141120|  70560|    0|
+-----------------+---------+-----+--------+-------+-----+
|Utilization (%)  |        1|    4|       2|      5|    0|
+-----------------+---------+-----+--------+-------+-----+

+ Detail: 
    * Instance: 
    +-------------------------+----------------------+---------+----+-----+-----+-----+
    |         Instance        |        Module        | BRAM_18K| DSP|  FF | LUT | URAM|
    +-------------------------+----------------------+---------+----+-----+-----+-----+
    |CTRL_s_axi_U             |CTRL_s_axi            |        0|   0|  284|  488|    0|
    |gmem0_m_axi_U            |gmem0_m_axi           |        2|   0|  671|  637|    0|
    |gmem1_m_axi_U            |gmem1_m_axi           |        2|   0|  671|  637|    0|
    |gmem2_m_axi_U            |gmem2_m_axi           |        4|   0|  824|  683|    0|
    |mul_31ns_32ns_62_1_1_U1  |mul_31ns_32ns_62_1_1  |        0|   4|    0|   20|    0|
    |mul_31ns_32s_62_1_1_U2   |mul_31ns_32s_62_1_1   |        0|   4|    0|   20|    0|
    |mul_32ns_32ns_64_1_1_U3  |mul_32ns_32ns_64_1_1  |        0|   4|    0|   20|    0|
    |mul_32s_32s_32_1_1_U4    |mul_32s_32s_32_1_1    |        0|   3|    0|   20|    0|
    +-------------------------+----------------------+---------+----+-----+-----+-----+
    |Total                    |                      |        8|  15| 2450| 2525|    0|
    +-------------------------+----------------------+---------+----+-----+-----+-----+

    * DSP: 
    N/A

    * Memory: 
    N/A

    * FIFO: 
    N/A

    * Expression: 
    +-------------------------+----------+----+---+----+------------+------------+
    |      Variable Name      | Operation| DSP| FF| LUT| Bitwidth P0| Bitwidth P1|
    +-------------------------+----------+----+---+----+------------+------------+
    |add_ln15_1_fu_335_p2     |         +|   0|  0|  71|          64|          64|
    |add_ln15_2_fu_308_p2     |         +|   0|  0|  38|          31|           1|
    |add_ln15_fu_283_p2       |         +|   0|  0|  71|          64|           1|
    |add_ln17_fu_456_p2       |         +|   0|  0|  39|          32|           1|
    |add_ln20_fu_407_p2       |         +|   0|  0|  39|          32|           1|
    |add_ln23_1_fu_431_p2     |         +|   0|  0|  71|          64|          64|
    |add_ln23_2_fu_474_p2     |         +|   0|  0|  39|          32|          32|
    |add_ln23_3_fu_413_p2     |         +|   0|  0|  69|          62|          62|
    |add_ln23_fu_418_p2       |         +|   0|  0|  69|          62|          62|
    |empty_21_fu_377_p2       |         +|   0|  0|  71|          64|          64|
    |empty_fu_363_p2          |         +|   0|  0|  69|          62|          62|
    |icmp_ln15_fu_278_p2      |      icmp|   0|  0|  71|          64|          64|
    |icmp_ln17_fu_295_p2      |      icmp|   0|  0|  39|          32|          32|
    |icmp_ln20_fu_402_p2      |      icmp|   0|  0|  39|          32|          32|
    |ap_block_state23         |        or|   0|  0|   2|           1|           1|
    |ap_block_state4_io       |        or|   0|  0|   2|           1|           1|
    |select_ln15_1_fu_314_p3  |    select|   0|  0|  30|           1|          31|
    |select_ln15_fu_300_p3    |    select|   0|  0|  32|           1|           1|
    +-------------------------+----------+----+---+----+------------+------------+
    |Total                    |          |   0|  0| 861|         701|         576|
    +-------------------------+----------+----+---+----+------------+------------+

    * Multiplexer: 
    +-----------------------+-----+-----------+-----+-----------+
    |          Name         | LUT | Input Size| Bits| Total Bits|
    +-----------------------+-----+-----------+-----+-----------+
    |add187_reg_208         |    9|          2|   32|         64|
    |ap_NS_fsm              |  148|         32|    1|         32|
    |gmem0_blk_n_AR         |    9|          2|    1|          2|
    |gmem0_blk_n_R          |    9|          2|    1|          2|
    |gmem1_blk_n_AR         |    9|          2|    1|          2|
    |gmem1_blk_n_R          |    9|          2|    1|          2|
    |gmem2_blk_n_AR         |    9|          2|    1|          2|
    |gmem2_blk_n_AW         |    9|          2|    1|          2|
    |gmem2_blk_n_B          |    9|          2|    1|          2|
    |gmem2_blk_n_R          |    9|          2|    1|          2|
    |gmem2_blk_n_W          |    9|          2|    1|          2|
    |i_fu_120               |    9|          2|   31|         62|
    |indvar_flatten_fu_124  |    9|          2|   64|        128|
    |j_fu_116               |    9|          2|   32|         64|
    |k_reg_197              |    9|          2|   32|         64|
    |phi_mul_reg_219        |    9|          2|   62|        124|
    +-----------------------+-----+-----------+-----+-----------+
    |Total                  |  283|         62|  263|        556|
    +-----------------------+-----+-----------+-----+-----------+

    * Register: 
    +-------------------------+----+----+-----+-----------+
    |           Name          | FF | LUT| Bits| Const Bits|
    +-------------------------+----+----+-----+-----------+
    |add187_reg_208           |  32|   0|   32|          0|
    |add_ln15_reg_546         |  64|   0|   64|          0|
    |add_ln20_reg_593         |  32|   0|   32|          0|
    |add_ln23_3_reg_598       |  62|   0|   62|          0|
    |ap_CS_fsm                |  31|   0|   31|          0|
    |dim_cast3_reg_533        |  32|   0|   62|         30|
    |dim_cast_reg_522         |  62|   0|   62|          0|
    |dim_read_reg_501         |  32|   0|   32|          0|
    |gmem0_addr_read_reg_609  |  32|   0|   32|          0|
    |gmem0_addr_reg_567       |  64|   0|   64|          0|
    |gmem1_addr_read_reg_614  |  32|   0|   32|          0|
    |gmem1_addr_reg_603       |  64|   0|   64|          0|
    |gmem2_addr_read_reg_585  |  32|   0|   32|          0|
    |gmem2_addr_reg_578       |  64|   0|   64|          0|
    |i_fu_120                 |  31|   0|   31|          0|
    |in1_read_reg_517         |  64|   0|   64|          0|
    |in2_read_reg_512         |  64|   0|   64|          0|
    |indvar_flatten_fu_124    |  64|   0|   64|          0|
    |j_fu_116                 |  32|   0|   32|          0|
    |k_reg_197                |  32|   0|   32|          0|
    |mul_ln7_reg_538          |  64|   0|   64|          0|
    |out_r_read_reg_507       |  64|   0|   64|          0|
    |phi_mul_reg_219          |  62|   0|   62|          0|
    |select_ln15_1_reg_557    |  31|   0|   31|          0|
    |select_ln15_reg_551      |  32|   0|   32|          0|
    |wide_trip_count_reg_528  |  32|   0|   64|         32|
    |zext_ln15_reg_562        |  31|   0|   62|         31|
    |zext_ln17_reg_573        |  32|   0|   62|         30|
    +-------------------------+----+----+-----+-----------+
    |Total                    |1270|   0| 1393|        123|
    +-------------------------+----+----+-----+-----------+



================================================================
== Interface
================================================================
* Summary: 
+----------------------+-----+-----+------------+--------------+--------------+
|       RTL Ports      | Dir | Bits|  Protocol  | Source Object|    C Type    |
+----------------------+-----+-----+------------+--------------+--------------+
|s_axi_CTRL_AWVALID    |   in|    1|       s_axi|          CTRL|        scalar|
|s_axi_CTRL_AWREADY    |  out|    1|       s_axi|          CTRL|        scalar|
|s_axi_CTRL_AWADDR     |   in|    6|       s_axi|          CTRL|        scalar|
|s_axi_CTRL_WVALID     |   in|    1|       s_axi|          CTRL|        scalar|
|s_axi_CTRL_WREADY     |  out|    1|       s_axi|          CTRL|        scalar|
|s_axi_CTRL_WDATA      |   in|   32|       s_axi|          CTRL|        scalar|
|s_axi_CTRL_WSTRB      |   in|    4|       s_axi|          CTRL|        scalar|
|s_axi_CTRL_ARVALID    |   in|    1|       s_axi|          CTRL|        scalar|
|s_axi_CTRL_ARREADY    |  out|    1|       s_axi|          CTRL|        scalar|
|s_axi_CTRL_ARADDR     |   in|    6|       s_axi|          CTRL|        scalar|
|s_axi_CTRL_RVALID     |  out|    1|       s_axi|          CTRL|        scalar|
|s_axi_CTRL_RREADY     |   in|    1|       s_axi|          CTRL|        scalar|
|s_axi_CTRL_RDATA      |  out|   32|       s_axi|          CTRL|        scalar|
|s_axi_CTRL_RRESP      |  out|    2|       s_axi|          CTRL|        scalar|
|s_axi_CTRL_BVALID     |  out|    1|       s_axi|          CTRL|        scalar|
|s_axi_CTRL_BREADY     |   in|    1|       s_axi|          CTRL|        scalar|
|s_axi_CTRL_BRESP      |  out|    2|       s_axi|          CTRL|        scalar|
|ap_clk                |   in|    1|  ap_ctrl_hs|      mmult_hw|  return value|
|ap_rst_n              |   in|    1|  ap_ctrl_hs|      mmult_hw|  return value|
|interrupt             |  out|    1|  ap_ctrl_hs|      mmult_hw|  return value|
|m_axi_gmem0_AWVALID   |  out|    1|       m_axi|         gmem0|       pointer|
|m_axi_gmem0_AWREADY   |   in|    1|       m_axi|         gmem0|       pointer|
|m_axi_gmem0_AWADDR    |  out|   64|       m_axi|         gmem0|       pointer|
|m_axi_gmem0_AWID      |  out|    1|       m_axi|         gmem0|       pointer|
|m_axi_gmem0_AWLEN     |  out|    8|       m_axi|         gmem0|       pointer|
|m_axi_gmem0_AWSIZE    |  out|    3|       m_axi|         gmem0|       pointer|
|m_axi_gmem0_AWBURST   |  out|    2|       m_axi|         gmem0|       pointer|
|m_axi_gmem0_AWLOCK    |  out|    2|       m_axi|         gmem0|       pointer|
|m_axi_gmem0_AWCACHE   |  out|    4|       m_axi|         gmem0|       pointer|
|m_axi_gmem0_AWPROT    |  out|    3|       m_axi|         gmem0|       pointer|
|m_axi_gmem0_AWQOS     |  out|    4|       m_axi|         gmem0|       pointer|
|m_axi_gmem0_AWREGION  |  out|    4|       m_axi|         gmem0|       pointer|
|m_axi_gmem0_AWUSER    |  out|    1|       m_axi|         gmem0|       pointer|
|m_axi_gmem0_WVALID    |  out|    1|       m_axi|         gmem0|       pointer|
|m_axi_gmem0_WREADY    |   in|    1|       m_axi|         gmem0|       pointer|
|m_axi_gmem0_WDATA     |  out|   32|       m_axi|         gmem0|       pointer|
|m_axi_gmem0_WSTRB     |  out|    4|       m_axi|         gmem0|       pointer|
|m_axi_gmem0_WLAST     |  out|    1|       m_axi|         gmem0|       pointer|
|m_axi_gmem0_WID       |  out|    1|       m_axi|         gmem0|       pointer|
|m_axi_gmem0_WUSER     |  out|    1|       m_axi|         gmem0|       pointer|
|m_axi_gmem0_ARVALID   |  out|    1|       m_axi|         gmem0|       pointer|
|m_axi_gmem0_ARREADY   |   in|    1|       m_axi|         gmem0|       pointer|
|m_axi_gmem0_ARADDR    |  out|   64|       m_axi|         gmem0|       pointer|
|m_axi_gmem0_ARID      |  out|    1|       m_axi|         gmem0|       pointer|
|m_axi_gmem0_ARLEN     |  out|    8|       m_axi|         gmem0|       pointer|
|m_axi_gmem0_ARSIZE    |  out|    3|       m_axi|         gmem0|       pointer|
|m_axi_gmem0_ARBURST   |  out|    2|       m_axi|         gmem0|       pointer|
|m_axi_gmem0_ARLOCK    |  out|    2|       m_axi|         gmem0|       pointer|
|m_axi_gmem0_ARCACHE   |  out|    4|       m_axi|         gmem0|       pointer|
|m_axi_gmem0_ARPROT    |  out|    3|       m_axi|         gmem0|       pointer|
|m_axi_gmem0_ARQOS     |  out|    4|       m_axi|         gmem0|       pointer|
|m_axi_gmem0_ARREGION  |  out|    4|       m_axi|         gmem0|       pointer|
|m_axi_gmem0_ARUSER    |  out|    1|       m_axi|         gmem0|       pointer|
|m_axi_gmem0_RVALID    |   in|    1|       m_axi|         gmem0|       pointer|
|m_axi_gmem0_RREADY    |  out|    1|       m_axi|         gmem0|       pointer|
|m_axi_gmem0_RDATA     |   in|   32|       m_axi|         gmem0|       pointer|
|m_axi_gmem0_RLAST     |   in|    1|       m_axi|         gmem0|       pointer|
|m_axi_gmem0_RID       |   in|    1|       m_axi|         gmem0|       pointer|
|m_axi_gmem0_RUSER     |   in|    1|       m_axi|         gmem0|       pointer|
|m_axi_gmem0_RRESP     |   in|    2|       m_axi|         gmem0|       pointer|
|m_axi_gmem0_BVALID    |   in|    1|       m_axi|         gmem0|       pointer|
|m_axi_gmem0_BREADY    |  out|    1|       m_axi|         gmem0|       pointer|
|m_axi_gmem0_BRESP     |   in|    2|       m_axi|         gmem0|       pointer|
|m_axi_gmem0_BID       |   in|    1|       m_axi|         gmem0|       pointer|
|m_axi_gmem0_BUSER     |   in|    1|       m_axi|         gmem0|       pointer|
|m_axi_gmem1_AWVALID   |  out|    1|       m_axi|         gmem1|       pointer|
|m_axi_gmem1_AWREADY   |   in|    1|       m_axi|         gmem1|       pointer|
|m_axi_gmem1_AWADDR    |  out|   64|       m_axi|         gmem1|       pointer|
|m_axi_gmem1_AWID      |  out|    1|       m_axi|         gmem1|       pointer|
|m_axi_gmem1_AWLEN     |  out|    8|       m_axi|         gmem1|       pointer|
|m_axi_gmem1_AWSIZE    |  out|    3|       m_axi|         gmem1|       pointer|
|m_axi_gmem1_AWBURST   |  out|    2|       m_axi|         gmem1|       pointer|
|m_axi_gmem1_AWLOCK    |  out|    2|       m_axi|         gmem1|       pointer|
|m_axi_gmem1_AWCACHE   |  out|    4|       m_axi|         gmem1|       pointer|
|m_axi_gmem1_AWPROT    |  out|    3|       m_axi|         gmem1|       pointer|
|m_axi_gmem1_AWQOS     |  out|    4|       m_axi|         gmem1|       pointer|
|m_axi_gmem1_AWREGION  |  out|    4|       m_axi|         gmem1|       pointer|
|m_axi_gmem1_AWUSER    |  out|    1|       m_axi|         gmem1|       pointer|
|m_axi_gmem1_WVALID    |  out|    1|       m_axi|         gmem1|       pointer|
|m_axi_gmem1_WREADY    |   in|    1|       m_axi|         gmem1|       pointer|
|m_axi_gmem1_WDATA     |  out|   32|       m_axi|         gmem1|       pointer|
|m_axi_gmem1_WSTRB     |  out|    4|       m_axi|         gmem1|       pointer|
|m_axi_gmem1_WLAST     |  out|    1|       m_axi|         gmem1|       pointer|
|m_axi_gmem1_WID       |  out|    1|       m_axi|         gmem1|       pointer|
|m_axi_gmem1_WUSER     |  out|    1|       m_axi|         gmem1|       pointer|
|m_axi_gmem1_ARVALID   |  out|    1|       m_axi|         gmem1|       pointer|
|m_axi_gmem1_ARREADY   |   in|    1|       m_axi|         gmem1|       pointer|
|m_axi_gmem1_ARADDR    |  out|   64|       m_axi|         gmem1|       pointer|
|m_axi_gmem1_ARID      |  out|    1|       m_axi|         gmem1|       pointer|
|m_axi_gmem1_ARLEN     |  out|    8|       m_axi|         gmem1|       pointer|
|m_axi_gmem1_ARSIZE    |  out|    3|       m_axi|         gmem1|       pointer|
|m_axi_gmem1_ARBURST   |  out|    2|       m_axi|         gmem1|       pointer|
|m_axi_gmem1_ARLOCK    |  out|    2|       m_axi|         gmem1|       pointer|
|m_axi_gmem1_ARCACHE   |  out|    4|       m_axi|         gmem1|       pointer|
|m_axi_gmem1_ARPROT    |  out|    3|       m_axi|         gmem1|       pointer|
|m_axi_gmem1_ARQOS     |  out|    4|       m_axi|         gmem1|       pointer|
|m_axi_gmem1_ARREGION  |  out|    4|       m_axi|         gmem1|       pointer|
|m_axi_gmem1_ARUSER    |  out|    1|       m_axi|         gmem1|       pointer|
|m_axi_gmem1_RVALID    |   in|    1|       m_axi|         gmem1|       pointer|
|m_axi_gmem1_RREADY    |  out|    1|       m_axi|         gmem1|       pointer|
|m_axi_gmem1_RDATA     |   in|   32|       m_axi|         gmem1|       pointer|
|m_axi_gmem1_RLAST     |   in|    1|       m_axi|         gmem1|       pointer|
|m_axi_gmem1_RID       |   in|    1|       m_axi|         gmem1|       pointer|
|m_axi_gmem1_RUSER     |   in|    1|       m_axi|         gmem1|       pointer|
|m_axi_gmem1_RRESP     |   in|    2|       m_axi|         gmem1|       pointer|
|m_axi_gmem1_BVALID    |   in|    1|       m_axi|         gmem1|       pointer|
|m_axi_gmem1_BREADY    |  out|    1|       m_axi|         gmem1|       pointer|
|m_axi_gmem1_BRESP     |   in|    2|       m_axi|         gmem1|       pointer|
|m_axi_gmem1_BID       |   in|    1|       m_axi|         gmem1|       pointer|
|m_axi_gmem1_BUSER     |   in|    1|       m_axi|         gmem1|       pointer|
|m_axi_gmem2_AWVALID   |  out|    1|       m_axi|         gmem2|       pointer|
|m_axi_gmem2_AWREADY   |   in|    1|       m_axi|         gmem2|       pointer|
|m_axi_gmem2_AWADDR    |  out|   64|       m_axi|         gmem2|       pointer|
|m_axi_gmem2_AWID      |  out|    1|       m_axi|         gmem2|       pointer|
|m_axi_gmem2_AWLEN     |  out|    8|       m_axi|         gmem2|       pointer|
|m_axi_gmem2_AWSIZE    |  out|    3|       m_axi|         gmem2|       pointer|
|m_axi_gmem2_AWBURST   |  out|    2|       m_axi|         gmem2|       pointer|
|m_axi_gmem2_AWLOCK    |  out|    2|       m_axi|         gmem2|       pointer|
|m_axi_gmem2_AWCACHE   |  out|    4|       m_axi|         gmem2|       pointer|
|m_axi_gmem2_AWPROT    |  out|    3|       m_axi|         gmem2|       pointer|
|m_axi_gmem2_AWQOS     |  out|    4|       m_axi|         gmem2|       pointer|
|m_axi_gmem2_AWREGION  |  out|    4|       m_axi|         gmem2|       pointer|
|m_axi_gmem2_AWUSER    |  out|    1|       m_axi|         gmem2|       pointer|
|m_axi_gmem2_WVALID    |  out|    1|       m_axi|         gmem2|       pointer|
|m_axi_gmem2_WREADY    |   in|    1|       m_axi|         gmem2|       pointer|
|m_axi_gmem2_WDATA     |  out|   32|       m_axi|         gmem2|       pointer|
|m_axi_gmem2_WSTRB     |  out|    4|       m_axi|         gmem2|       pointer|
|m_axi_gmem2_WLAST     |  out|    1|       m_axi|         gmem2|       pointer|
|m_axi_gmem2_WID       |  out|    1|       m_axi|         gmem2|       pointer|
|m_axi_gmem2_WUSER     |  out|    1|       m_axi|         gmem2|       pointer|
|m_axi_gmem2_ARVALID   |  out|    1|       m_axi|         gmem2|       pointer|
|m_axi_gmem2_ARREADY   |   in|    1|       m_axi|         gmem2|       pointer|
|m_axi_gmem2_ARADDR    |  out|   64|       m_axi|         gmem2|       pointer|
|m_axi_gmem2_ARID      |  out|    1|       m_axi|         gmem2|       pointer|
|m_axi_gmem2_ARLEN     |  out|    8|       m_axi|         gmem2|       pointer|
|m_axi_gmem2_ARSIZE    |  out|    3|       m_axi|         gmem2|       pointer|
|m_axi_gmem2_ARBURST   |  out|    2|       m_axi|         gmem2|       pointer|
|m_axi_gmem2_ARLOCK    |  out|    2|       m_axi|         gmem2|       pointer|
|m_axi_gmem2_ARCACHE   |  out|    4|       m_axi|         gmem2|       pointer|
|m_axi_gmem2_ARPROT    |  out|    3|       m_axi|         gmem2|       pointer|
|m_axi_gmem2_ARQOS     |  out|    4|       m_axi|         gmem2|       pointer|
|m_axi_gmem2_ARREGION  |  out|    4|       m_axi|         gmem2|       pointer|
|m_axi_gmem2_ARUSER    |  out|    1|       m_axi|         gmem2|       pointer|
|m_axi_gmem2_RVALID    |   in|    1|       m_axi|         gmem2|       pointer|
|m_axi_gmem2_RREADY    |  out|    1|       m_axi|         gmem2|       pointer|
|m_axi_gmem2_RDATA     |   in|   32|       m_axi|         gmem2|       pointer|
|m_axi_gmem2_RLAST     |   in|    1|       m_axi|         gmem2|       pointer|
|m_axi_gmem2_RID       |   in|    1|       m_axi|         gmem2|       pointer|
|m_axi_gmem2_RUSER     |   in|    1|       m_axi|         gmem2|       pointer|
|m_axi_gmem2_RRESP     |   in|    2|       m_axi|         gmem2|       pointer|
|m_axi_gmem2_BVALID    |   in|    1|       m_axi|         gmem2|       pointer|
|m_axi_gmem2_BREADY    |  out|    1|       m_axi|         gmem2|       pointer|
|m_axi_gmem2_BRESP     |   in|    2|       m_axi|         gmem2|       pointer|
|m_axi_gmem2_BID       |   in|    1|       m_axi|         gmem2|       pointer|
|m_axi_gmem2_BUSER     |   in|    1|       m_axi|         gmem2|       pointer|
+----------------------+-----+-----+------------+--------------+--------------+

============================================================
+ Verbose Summary: Synthesis Manager
============================================================
InlineROM: 1
ExposeGlobal: 0
============================================================
+ Verbose Summary: CDFG Model
============================================================
IsTopModel: 1
ResetActiveHigh: 1
IsCombinational: 2
IsDatapathOnly: 2
HasWiredReturn: 1
HasMFsm: 0
HasVarLatency: 1
IsPipeline: 0
IsRtlPipelined: 0
IsInstanceOverlapped: 0
IsDontTouch: 0
HasImplIP: 0
IsGatedGlobalClock: 0


============================================================
+ Verbose Summary: Schedule
============================================================
* Number of FSM states : 31
* Pipeline : 0
* Dataflow Pipeline: 0

* FSM state transitions: 
1 --> 2 
2 --> 3 
3 --> 4 
4 --> 5 
5 --> 6 
6 --> 7 
7 --> 8 
8 --> 9 
9 --> 10 
10 --> 11 
11 --> 12 
12 --> 13 
13 --> 14 
14 --> 15 25 
15 --> 16 
16 --> 17 
17 --> 18 
18 --> 19 
19 --> 20 
20 --> 21 
21 --> 22 
22 --> 23 
23 --> 24 
24 --> 14 
25 --> 26 
26 --> 27 
27 --> 28 
28 --> 29 
29 --> 30 
30 --> 31 
31 --> 2 

* FSM state operations: 

State 1 <SV = 0> <Delay = 4.88>
ST_1 : Operation 32 [1/1] (0.00ns)   --->   "%j = alloca i32 1" [mmult_baseline.cpp:17]   --->   Operation 32 'alloca' 'j' <Predicate = true> <Delay = 0.00>
ST_1 : Operation 33 [1/1] (0.00ns)   --->   "%i = alloca i32 1" [mmult_baseline.cpp:15]   --->   Operation 33 'alloca' 'i' <Predicate = true> <Delay = 0.00>
ST_1 : Operation 34 [1/1] (0.00ns)   --->   "%indvar_flatten = alloca i32 1"   --->   Operation 34 'alloca' 'indvar_flatten' <Predicate = true> <Delay = 0.00>
ST_1 : Operation 35 [1/1] (0.00ns)   --->   "%spectopmodule_ln7 = spectopmodule void @_ssdm_op_SpecTopModule, void @empty_14" [mmult_baseline.cpp:7]   --->   Operation 35 'spectopmodule' 'spectopmodule_ln7' <Predicate = true> <Delay = 0.00>
ST_1 : Operation 36 [1/1] (0.00ns)   --->   "%specinterface_ln0 = specinterface void @_ssdm_op_SpecInterface, i32 %gmem0, void @empty, i32 0, i32 0, void @empty_0, i32 0, i32 16384, void @empty_1, void @empty_2, void @empty_0, i32 16, i32 16, i32 16, i32 16, void @empty_0, void @empty_0, i32 4294967295, i32 0, i32 0"   --->   Operation 36 'specinterface' 'specinterface_ln0' <Predicate = true> <Delay = 0.00>
ST_1 : Operation 37 [1/1] (0.00ns)   --->   "%specbitsmap_ln0 = specbitsmap void @_ssdm_op_SpecBitsMap, i32 %gmem0"   --->   Operation 37 'specbitsmap' 'specbitsmap_ln0' <Predicate = true> <Delay = 0.00>
ST_1 : Operation 38 [1/1] (0.00ns)   --->   "%specinterface_ln0 = specinterface void @_ssdm_op_SpecInterface, i32 %gmem1, void @empty, i32 0, i32 0, void @empty_0, i32 0, i32 16384, void @empty_3, void @empty_2, void @empty_0, i32 16, i32 16, i32 16, i32 16, void @empty_0, void @empty_0, i32 4294967295, i32 0, i32 0"   --->   Operation 38 'specinterface' 'specinterface_ln0' <Predicate = true> <Delay = 0.00>
ST_1 : Operation 39 [1/1] (0.00ns)   --->   "%specbitsmap_ln0 = specbitsmap void @_ssdm_op_SpecBitsMap, i32 %gmem1"   --->   Operation 39 'specbitsmap' 'specbitsmap_ln0' <Predicate = true> <Delay = 0.00>
ST_1 : Operation 40 [1/1] (0.00ns)   --->   "%specinterface_ln0 = specinterface void @_ssdm_op_SpecInterface, i32 %gmem2, void @empty, i32 0, i32 0, void @empty_0, i32 0, i32 16384, void @empty_4, void @empty_2, void @empty_0, i32 16, i32 16, i32 16, i32 16, void @empty_0, void @empty_0, i32 4294967295, i32 0, i32 0"   --->   Operation 40 'specinterface' 'specinterface_ln0' <Predicate = true> <Delay = 0.00>
ST_1 : Operation 41 [1/1] (0.00ns)   --->   "%specbitsmap_ln0 = specbitsmap void @_ssdm_op_SpecBitsMap, i32 %gmem2"   --->   Operation 41 'specbitsmap' 'specbitsmap_ln0' <Predicate = true> <Delay = 0.00>
ST_1 : Operation 42 [1/1] (0.00ns)   --->   "%specinterface_ln0 = specinterface void @_ssdm_op_SpecInterface, i64 %in1, void @empty_5, i32 0, i32 0, void @empty_0, i32 0, i32 0, void @empty_6, void @empty_7, void @empty_0, i32 0, i32 0, i32 0, i32 0, void @empty_0, void @empty_8, i32 4294967295, i32 0, i32 0"   --->   Operation 42 'specinterface' 'specinterface_ln0' <Predicate = true> <Delay = 0.00>
ST_1 : Operation 43 [1/1] (0.00ns)   --->   "%specinterface_ln0 = specinterface void @_ssdm_op_SpecInterface, i64 %in1, void @empty_9, i32 0, i32 0, void @empty_0, i32 0, i32 0, void @empty_0, void @empty_0, void @empty_0, i32 0, i32 0, i32 0, i32 0, void @empty_0, void @empty_8, i32 4294967295, i32 0, i32 0"   --->   Operation 43 'specinterface' 'specinterface_ln0' <Predicate = true> <Delay = 0.00>
ST_1 : Operation 44 [1/1] (0.00ns)   --->   "%specinterface_ln0 = specinterface void @_ssdm_op_SpecInterface, i64 %in2, void @empty_5, i32 0, i32 0, void @empty_0, i32 0, i32 0, void @empty_6, void @empty_10, void @empty_0, i32 0, i32 0, i32 0, i32 0, void @empty_0, void @empty_8, i32 4294967295, i32 0, i32 0"   --->   Operation 44 'specinterface' 'specinterface_ln0' <Predicate = true> <Delay = 0.00>
ST_1 : Operation 45 [1/1] (0.00ns)   --->   "%specinterface_ln0 = specinterface void @_ssdm_op_SpecInterface, i64 %in2, void @empty_9, i32 0, i32 0, void @empty_0, i32 0, i32 0, void @empty_0, void @empty_0, void @empty_0, i32 0, i32 0, i32 0, i32 0, void @empty_0, void @empty_8, i32 4294967295, i32 0, i32 0"   --->   Operation 45 'specinterface' 'specinterface_ln0' <Predicate = true> <Delay = 0.00>
ST_1 : Operation 46 [1/1] (0.00ns)   --->   "%specinterface_ln0 = specinterface void @_ssdm_op_SpecInterface, i64 %out_r, void @empty_5, i32 0, i32 0, void @empty_0, i32 0, i32 0, void @empty_6, void @empty_11, void @empty_0, i32 0, i32 0, i32 0, i32 0, void @empty_0, void @empty_8, i32 4294967295, i32 0, i32 0"   --->   Operation 46 'specinterface' 'specinterface_ln0' <Predicate = true> <Delay = 0.00>
ST_1 : Operation 47 [1/1] (0.00ns)   --->   "%specinterface_ln0 = specinterface void @_ssdm_op_SpecInterface, i64 %out_r, void @empty_9, i32 0, i32 0, void @empty_0, i32 0, i32 0, void @empty_0, void @empty_0, void @empty_0, i32 0, i32 0, i32 0, i32 0, void @empty_0, void @empty_8, i32 4294967295, i32 0, i32 0"   --->   Operation 47 'specinterface' 'specinterface_ln0' <Predicate = true> <Delay = 0.00>
ST_1 : Operation 48 [1/1] (0.00ns)   --->   "%specbitsmap_ln0 = specbitsmap void @_ssdm_op_SpecBitsMap, i32 %dim"   --->   Operation 48 'specbitsmap' 'specbitsmap_ln0' <Predicate = true> <Delay = 0.00>
ST_1 : Operation 49 [1/1] (0.00ns)   --->   "%specinterface_ln0 = specinterface void @_ssdm_op_SpecInterface, i32 %dim, void @empty_5, i32 4294967295, i32 4294967295, void @empty_12, i32 0, i32 0, void @empty_6, void @empty_13, void @empty_0, i32 0, i32 0, i32 0, i32 0, void @empty_0, void @empty_0, i32 4294967295, i32 0, i32 0"   --->   Operation 49 'specinterface' 'specinterface_ln0' <Predicate = true> <Delay = 0.00>
ST_1 : Operation 50 [1/1] (0.00ns)   --->   "%specinterface_ln0 = specinterface void @_ssdm_op_SpecInterface, i32 %dim, void @empty_9, i32 4294967295, i32 4294967295, void @empty_0, i32 0, i32 0, void @empty_0, void @empty_0, void @empty_0, i32 0, i32 0, i32 0, i32 0, void @empty_0, void @empty_0, i32 4294967295, i32 0, i32 0"   --->   Operation 50 'specinterface' 'specinterface_ln0' <Predicate = true> <Delay = 0.00>
ST_1 : Operation 51 [1/1] (0.00ns)   --->   "%specinterface_ln0 = specinterface void @_ssdm_op_SpecInterface, i32 0, void @empty_5, i32 0, i32 0, void @empty_0, i32 0, i32 0, void @empty_6, void @empty_0, void @empty_0, i32 0, i32 0, i32 0, i32 0, void @empty_0, void @empty_0, i32 4294967295, i32 0, i32 0"   --->   Operation 51 'specinterface' 'specinterface_ln0' <Predicate = true> <Delay = 0.00>
ST_1 : Operation 52 [1/1] (1.00ns)   --->   "%dim_read = read i32 @_ssdm_op_Read.s_axilite.i32, i32 %dim" [mmult_baseline.cpp:7]   --->   Operation 52 'read' 'dim_read' <Predicate = true> <Delay = 1.00> <CoreInst = "s_axilite">   --->   Core 120 's_axilite' <Latency = 0> <II = 1> <Delay = 1.00> <Adapter> <Opcode : 'read' 'write'>
ST_1 : Operation 53 [1/1] (1.00ns)   --->   "%out_r_read = read i64 @_ssdm_op_Read.s_axilite.i64, i64 %out_r" [mmult_baseline.cpp:7]   --->   Operation 53 'read' 'out_r_read' <Predicate = true> <Delay = 1.00> <CoreInst = "s_axilite">   --->   Core 120 's_axilite' <Latency = 0> <II = 1> <Delay = 1.00> <Adapter> <Opcode : 'read' 'write'>
ST_1 : Operation 54 [1/1] (1.00ns)   --->   "%in2_read = read i64 @_ssdm_op_Read.s_axilite.i64, i64 %in2" [mmult_baseline.cpp:7]   --->   Operation 54 'read' 'in2_read' <Predicate = true> <Delay = 1.00> <CoreInst = "s_axilite">   --->   Core 120 's_axilite' <Latency = 0> <II = 1> <Delay = 1.00> <Adapter> <Opcode : 'read' 'write'>
ST_1 : Operation 55 [1/1] (1.00ns)   --->   "%in1_read = read i64 @_ssdm_op_Read.s_axilite.i64, i64 %in1" [mmult_baseline.cpp:7]   --->   Operation 55 'read' 'in1_read' <Predicate = true> <Delay = 1.00> <CoreInst = "s_axilite">   --->   Core 120 's_axilite' <Latency = 0> <II = 1> <Delay = 1.00> <Adapter> <Opcode : 'read' 'write'>
ST_1 : Operation 56 [1/1] (0.00ns)   --->   "%dim_cast = sext i32 %dim_read" [mmult_baseline.cpp:7]   --->   Operation 56 'sext' 'dim_cast' <Predicate = true> <Delay = 0.00>
ST_1 : Operation 57 [1/1] (0.00ns)   --->   "%wide_trip_count = zext i32 %dim_read" [mmult_baseline.cpp:7]   --->   Operation 57 'zext' 'wide_trip_count' <Predicate = true> <Delay = 0.00>
ST_1 : Operation 58 [1/1] (0.00ns)   --->   "%dim_cast3 = zext i32 %dim_read" [mmult_baseline.cpp:7]   --->   Operation 58 'zext' 'dim_cast3' <Predicate = true> <Delay = 0.00>
ST_1 : Operation 59 [1/1] (3.88ns)   --->   "%mul_ln7 = mul i64 %wide_trip_count, i64 %wide_trip_count" [mmult_baseline.cpp:7]   --->   Operation 59 'mul' 'mul_ln7' <Predicate = true> <Delay = 3.88> <CoreInst = "Multiplier">   --->   Core 3 'Multiplier' <Latency = 0> <II = 1> <Delay = 3.88> <FuncUnit> <Opcode : 'mul'> <InPorts = 2> <OutPorts = 1>
ST_1 : Operation 60 [1/1] (0.48ns)   --->   "%store_ln0 = store i64 0, i64 %indvar_flatten"   --->   Operation 60 'store' 'store_ln0' <Predicate = true> <Delay = 0.48>
ST_1 : Operation 61 [1/1] (0.48ns)   --->   "%store_ln15 = store i31 0, i31 %i" [mmult_baseline.cpp:15]   --->   Operation 61 'store' 'store_ln15' <Predicate = true> <Delay = 0.48>
ST_1 : Operation 62 [1/1] (0.48ns)   --->   "%store_ln17 = store i32 0, i32 %j" [mmult_baseline.cpp:17]   --->   Operation 62 'store' 'store_ln17' <Predicate = true> <Delay = 0.48>
ST_1 : Operation 63 [1/1] (0.00ns)   --->   "%br_ln15 = br void %loop3" [mmult_baseline.cpp:15]   --->   Operation 63 'br' 'br_ln15' <Predicate = true> <Delay = 0.00>

State 2 <SV = 1> <Delay = 7.04>
ST_2 : Operation 64 [1/1] (0.00ns)   --->   "%indvar_flatten_load = load i64 %indvar_flatten" [mmult_baseline.cpp:15]   --->   Operation 64 'load' 'indvar_flatten_load' <Predicate = true> <Delay = 0.00>
ST_2 : Operation 65 [1/1] (1.47ns)   --->   "%icmp_ln15 = icmp_eq  i64 %indvar_flatten_load, i64 %mul_ln7" [mmult_baseline.cpp:15]   --->   Operation 65 'icmp' 'icmp_ln15' <Predicate = true> <Delay = 1.47> <CoreInst = "Cmp">   --->   Core 9 'Cmp' <Latency = 0> <II = 1> <Delay = 1.47> <FuncUnit> <Opcode : 'seteq' 'setne' 'setle' 'setge' 'setlt' 'setgt'> <InPorts = 2> <OutPorts = 1>
ST_2 : Operation 66 [1/1] (1.47ns)   --->   "%add_ln15 = add i64 %indvar_flatten_load, i64 1" [mmult_baseline.cpp:15]   --->   Operation 66 'add' 'add_ln15' <Predicate = true> <Delay = 1.47> <CoreInst = "Adder">   --->   Core 1 'Adder' <Latency = 0> <II = 1> <Delay = 1.47> <FuncUnit> <Opcode : 'add' 'sub'> <InPorts = 2> <OutPorts = 1>
ST_2 : Operation 67 [1/1] (0.00ns)   --->   "%br_ln15 = br i1 %icmp_ln15, void %for.inc22, void %for.end24.loopexit" [mmult_baseline.cpp:15]   --->   Operation 67 'br' 'br_ln15' <Predicate = true> <Delay = 0.00>
ST_2 : Operation 68 [1/1] (0.00ns)   --->   "%j_load = load i32 %j" [mmult_baseline.cpp:17]   --->   Operation 68 'load' 'j_load' <Predicate = (!icmp_ln15)> <Delay = 0.00>
ST_2 : Operation 69 [1/1] (0.00ns)   --->   "%i_load = load i31 %i" [mmult_baseline.cpp:15]   --->   Operation 69 'load' 'i_load' <Predicate = (!icmp_ln15)> <Delay = 0.00>
ST_2 : Operation 70 [1/1] (1.20ns)   --->   "%icmp_ln17 = icmp_eq  i32 %j_load, i32 %dim_read" [mmult_baseline.cpp:17]   --->   Operation 70 'icmp' 'icmp_ln17' <Predicate = (!icmp_ln15)> <Delay = 1.20> <CoreInst = "Cmp">   --->   Core 9 'Cmp' <Latency = 0> <II = 1> <Delay = 1.20> <FuncUnit> <Opcode : 'seteq' 'setne' 'setle' 'setge' 'setlt' 'setgt'> <InPorts = 2> <OutPorts = 1>
ST_2 : Operation 71 [1/1] (0.52ns)   --->   "%select_ln15 = select i1 %icmp_ln17, i32 0, i32 %j_load" [mmult_baseline.cpp:15]   --->   Operation 71 'select' 'select_ln15' <Predicate = (!icmp_ln15)> <Delay = 0.52> <CoreInst = "Sel">   --->   Core 73 'Sel' <Latency = 0> <II = 1> <Delay = 0.52> <FuncUnit> <Opcode : 'select'> <InPorts = 3> <OutPorts = 1>
ST_2 : Operation 72 [1/1] (1.19ns)   --->   "%add_ln15_2 = add i31 %i_load, i31 1" [mmult_baseline.cpp:15]   --->   Operation 72 'add' 'add_ln15_2' <Predicate = (!icmp_ln15)> <Delay = 1.19> <CoreInst = "Adder">   --->   Core 1 'Adder' <Latency = 0> <II = 1> <Delay = 1.19> <FuncUnit> <Opcode : 'add' 'sub'> <InPorts = 2> <OutPorts = 1>
ST_2 : Operation 73 [1/1] (0.49ns)   --->   "%select_ln15_1 = select i1 %icmp_ln17, i31 %add_ln15_2, i31 %i_load" [mmult_baseline.cpp:15]   --->   Operation 73 'select' 'select_ln15_1' <Predicate = (!icmp_ln15)> <Delay = 0.49> <CoreInst = "Sel">   --->   Core 73 'Sel' <Latency = 0> <II = 1> <Delay = 0.49> <FuncUnit> <Opcode : 'select'> <InPorts = 3> <OutPorts = 1>
ST_2 : Operation 74 [1/1] (0.00ns)   --->   "%zext_ln15 = zext i31 %select_ln15_1" [mmult_baseline.cpp:15]   --->   Operation 74 'zext' 'zext_ln15' <Predicate = (!icmp_ln15)> <Delay = 0.00>
ST_2 : Operation 75 [1/1] (3.88ns)   --->   "%mul_ln15_1 = mul i62 %zext_ln15, i62 %dim_cast3" [mmult_baseline.cpp:15]   --->   Operation 75 'mul' 'mul_ln15_1' <Predicate = (!icmp_ln15)> <Delay = 3.88> <CoreInst = "Multiplier">   --->   Core 3 'Multiplier' <Latency = 0> <II = 1> <Delay = 3.88> <FuncUnit> <Opcode : 'mul'> <InPorts = 2> <OutPorts = 1>
ST_2 : Operation 76 [1/1] (0.00ns)   --->   "%p_cast_cast_mid2_v_v_v_v = bitconcatenate i64 @_ssdm_op_BitConcatenate.i64.i62.i2, i62 %mul_ln15_1, i2 0" [mmult_baseline.cpp:15]   --->   Operation 76 'bitconcatenate' 'p_cast_cast_mid2_v_v_v_v' <Predicate = (!icmp_ln15)> <Delay = 0.00>
ST_2 : Operation 77 [1/1] (1.47ns)   --->   "%add_ln15_1 = add i64 %p_cast_cast_mid2_v_v_v_v, i64 %in1_read" [mmult_baseline.cpp:15]   --->   Operation 77 'add' 'add_ln15_1' <Predicate = (!icmp_ln15)> <Delay = 1.47> <CoreInst = "Adder">   --->   Core 1 'Adder' <Latency = 0> <II = 1> <Delay = 1.47> <FuncUnit> <Opcode : 'add' 'sub'> <InPorts = 2> <OutPorts = 1>
ST_2 : Operation 78 [1/1] (0.00ns)   --->   "%p_cast_cast_mid2_v = partselect i62 @_ssdm_op_PartSelect.i62.i64.i32.i32, i64 %add_ln15_1, i32 2, i32 63" [mmult_baseline.cpp:15]   --->   Operation 78 'partselect' 'p_cast_cast_mid2_v' <Predicate = (!icmp_ln15)> <Delay = 0.00>
ST_2 : Operation 79 [1/1] (0.00ns)   --->   "%sext_ln15 = sext i62 %p_cast_cast_mid2_v" [mmult_baseline.cpp:15]   --->   Operation 79 'sext' 'sext_ln15' <Predicate = (!icmp_ln15)> <Delay = 0.00>
ST_2 : Operation 80 [1/1] (0.00ns)   --->   "%gmem0_addr = getelementptr i32 %gmem0, i64 %sext_ln15" [mmult_baseline.cpp:15]   --->   Operation 80 'getelementptr' 'gmem0_addr' <Predicate = (!icmp_ln15)> <Delay = 0.00>
ST_2 : Operation 81 [1/1] (0.00ns)   --->   "%ret_ln27 = ret" [mmult_baseline.cpp:27]   --->   Operation 81 'ret' 'ret_ln27' <Predicate = (icmp_ln15)> <Delay = 0.00>

State 3 <SV = 2> <Delay = 6.79>
ST_3 : Operation 82 [1/1] (3.88ns)   --->   "%mul_ln15 = mul i62 %zext_ln15, i62 %dim_cast" [mmult_baseline.cpp:15]   --->   Operation 82 'mul' 'mul_ln15' <Predicate = true> <Delay = 3.88> <CoreInst = "Multiplier">   --->   Core 3 'Multiplier' <Latency = 0> <II = 1> <Delay = 3.88> <FuncUnit> <Opcode : 'mul'> <InPorts = 2> <OutPorts = 1>
ST_3 : Operation 83 [1/1] (0.00ns)   --->   "%zext_ln17 = zext i32 %select_ln15" [mmult_baseline.cpp:17]   --->   Operation 83 'zext' 'zext_ln17' <Predicate = true> <Delay = 0.00>
ST_3 : Operation 84 [1/1] (1.44ns)   --->   "%empty = add i62 %zext_ln17, i62 %mul_ln15" [mmult_baseline.cpp:17]   --->   Operation 84 'add' 'empty' <Predicate = true> <Delay = 1.44> <CoreInst = "Adder">   --->   Core 1 'Adder' <Latency = 0> <II = 1> <Delay = 1.44> <FuncUnit> <Opcode : 'add' 'sub'> <InPorts = 2> <OutPorts = 1>
ST_3 : Operation 85 [1/1] (0.00ns)   --->   "%tmp = bitconcatenate i64 @_ssdm_op_BitConcatenate.i64.i62.i2, i62 %empty, i2 0" [mmult_baseline.cpp:17]   --->   Operation 85 'bitconcatenate' 'tmp' <Predicate = true> <Delay = 0.00>
ST_3 : Operation 86 [1/1] (1.47ns)   --->   "%empty_21 = add i64 %tmp, i64 %out_r_read" [mmult_baseline.cpp:17]   --->   Operation 86 'add' 'empty_21' <Predicate = true> <Delay = 1.47> <CoreInst = "Adder">   --->   Core 1 'Adder' <Latency = 0> <II = 1> <Delay = 1.47> <FuncUnit> <Opcode : 'add' 'sub'> <InPorts = 2> <OutPorts = 1>
ST_3 : Operation 87 [1/1] (0.00ns)   --->   "%trunc_ln = partselect i62 @_ssdm_op_PartSelect.i62.i64.i32.i32, i64 %empty_21, i32 2, i32 63" [mmult_baseline.cpp:23]   --->   Operation 87 'partselect' 'trunc_ln' <Predicate = true> <Delay = 0.00>
ST_3 : Operation 88 [1/1] (0.00ns)   --->   "%sext_ln23 = sext i62 %trunc_ln" [mmult_baseline.cpp:23]   --->   Operation 88 'sext' 'sext_ln23' <Predicate = true> <Delay = 0.00>
ST_3 : Operation 89 [1/1] (0.00ns)   --->   "%gmem2_addr = getelementptr i32 %gmem2, i64 %sext_ln23" [mmult_baseline.cpp:23]   --->   Operation 89 'getelementptr' 'gmem2_addr' <Predicate = true> <Delay = 0.00>

State 4 <SV = 3> <Delay = 7.30>
ST_4 : Operation 90 [8/8] (7.30ns)   --->   "%gmem2_load_req = readreq i1 @_ssdm_op_ReadReq.m_axi.i32P1A, i64 %gmem2_addr, i64 1" [mmult_baseline.cpp:23]   --->   Operation 90 'readreq' 'gmem2_load_req' <Predicate = true> <Delay = 7.30> <CoreInst = "m_axi">   --->   Core 119 'm_axi' <Latency = 0> <II = 1> <Delay = 1.00> <Adapter> <Opcode : 'read' 'write' 'readreq' 'writereq' 'writeresp'>
ST_4 : Operation 91 [8/8] (7.30ns)   --->   "%empty_22 = readreq i1 @_ssdm_op_ReadReq.m_axi.p1i32, i64 %gmem0_addr, i64 %wide_trip_count" [mmult_baseline.cpp:20]   --->   Operation 91 'readreq' 'empty_22' <Predicate = true> <Delay = 7.30> <CoreInst = "m_axi">   --->   Core 119 'm_axi' <Latency = 0> <II = 1> <Delay = 1.00> <Adapter> <Opcode : 'read' 'write' 'readreq' 'writereq' 'writeresp'>

State 5 <SV = 4> <Delay = 7.30>
ST_5 : Operation 92 [7/8] (7.30ns)   --->   "%gmem2_load_req = readreq i1 @_ssdm_op_ReadReq.m_axi.i32P1A, i64 %gmem2_addr, i64 1" [mmult_baseline.cpp:23]   --->   Operation 92 'readreq' 'gmem2_load_req' <Predicate = true> <Delay = 7.30> <CoreInst = "m_axi">   --->   Core 119 'm_axi' <Latency = 0> <II = 1> <Delay = 1.00> <Adapter> <Opcode : 'read' 'write' 'readreq' 'writereq' 'writeresp'>
ST_5 : Operation 93 [7/8] (7.30ns)   --->   "%empty_22 = readreq i1 @_ssdm_op_ReadReq.m_axi.p1i32, i64 %gmem0_addr, i64 %wide_trip_count" [mmult_baseline.cpp:20]   --->   Operation 93 'readreq' 'empty_22' <Predicate = true> <Delay = 7.30> <CoreInst = "m_axi">   --->   Core 119 'm_axi' <Latency = 0> <II = 1> <Delay = 1.00> <Adapter> <Opcode : 'read' 'write' 'readreq' 'writereq' 'writeresp'>

State 6 <SV = 5> <Delay = 7.30>
ST_6 : Operation 94 [6/8] (7.30ns)   --->   "%gmem2_load_req = readreq i1 @_ssdm_op_ReadReq.m_axi.i32P1A, i64 %gmem2_addr, i64 1" [mmult_baseline.cpp:23]   --->   Operation 94 'readreq' 'gmem2_load_req' <Predicate = true> <Delay = 7.30> <CoreInst = "m_axi">   --->   Core 119 'm_axi' <Latency = 0> <II = 1> <Delay = 1.00> <Adapter> <Opcode : 'read' 'write' 'readreq' 'writereq' 'writeresp'>
ST_6 : Operation 95 [6/8] (7.30ns)   --->   "%empty_22 = readreq i1 @_ssdm_op_ReadReq.m_axi.p1i32, i64 %gmem0_addr, i64 %wide_trip_count" [mmult_baseline.cpp:20]   --->   Operation 95 'readreq' 'empty_22' <Predicate = true> <Delay = 7.30> <CoreInst = "m_axi">   --->   Core 119 'm_axi' <Latency = 0> <II = 1> <Delay = 1.00> <Adapter> <Opcode : 'read' 'write' 'readreq' 'writereq' 'writeresp'>

State 7 <SV = 6> <Delay = 7.30>
ST_7 : Operation 96 [5/8] (7.30ns)   --->   "%gmem2_load_req = readreq i1 @_ssdm_op_ReadReq.m_axi.i32P1A, i64 %gmem2_addr, i64 1" [mmult_baseline.cpp:23]   --->   Operation 96 'readreq' 'gmem2_load_req' <Predicate = true> <Delay = 7.30> <CoreInst = "m_axi">   --->   Core 119 'm_axi' <Latency = 0> <II = 1> <Delay = 1.00> <Adapter> <Opcode : 'read' 'write' 'readreq' 'writereq' 'writeresp'>
ST_7 : Operation 97 [5/8] (7.30ns)   --->   "%empty_22 = readreq i1 @_ssdm_op_ReadReq.m_axi.p1i32, i64 %gmem0_addr, i64 %wide_trip_count" [mmult_baseline.cpp:20]   --->   Operation 97 'readreq' 'empty_22' <Predicate = true> <Delay = 7.30> <CoreInst = "m_axi">   --->   Core 119 'm_axi' <Latency = 0> <II = 1> <Delay = 1.00> <Adapter> <Opcode : 'read' 'write' 'readreq' 'writereq' 'writeresp'>

State 8 <SV = 7> <Delay = 7.30>
ST_8 : Operation 98 [4/8] (7.30ns)   --->   "%gmem2_load_req = readreq i1 @_ssdm_op_ReadReq.m_axi.i32P1A, i64 %gmem2_addr, i64 1" [mmult_baseline.cpp:23]   --->   Operation 98 'readreq' 'gmem2_load_req' <Predicate = true> <Delay = 7.30> <CoreInst = "m_axi">   --->   Core 119 'm_axi' <Latency = 0> <II = 1> <Delay = 1.00> <Adapter> <Opcode : 'read' 'write' 'readreq' 'writereq' 'writeresp'>
ST_8 : Operation 99 [4/8] (7.30ns)   --->   "%empty_22 = readreq i1 @_ssdm_op_ReadReq.m_axi.p1i32, i64 %gmem0_addr, i64 %wide_trip_count" [mmult_baseline.cpp:20]   --->   Operation 99 'readreq' 'empty_22' <Predicate = true> <Delay = 7.30> <CoreInst = "m_axi">   --->   Core 119 'm_axi' <Latency = 0> <II = 1> <Delay = 1.00> <Adapter> <Opcode : 'read' 'write' 'readreq' 'writereq' 'writeresp'>

State 9 <SV = 8> <Delay = 7.30>
ST_9 : Operation 100 [3/8] (7.30ns)   --->   "%gmem2_load_req = readreq i1 @_ssdm_op_ReadReq.m_axi.i32P1A, i64 %gmem2_addr, i64 1" [mmult_baseline.cpp:23]   --->   Operation 100 'readreq' 'gmem2_load_req' <Predicate = true> <Delay = 7.30> <CoreInst = "m_axi">   --->   Core 119 'm_axi' <Latency = 0> <II = 1> <Delay = 1.00> <Adapter> <Opcode : 'read' 'write' 'readreq' 'writereq' 'writeresp'>
ST_9 : Operation 101 [3/8] (7.30ns)   --->   "%empty_22 = readreq i1 @_ssdm_op_ReadReq.m_axi.p1i32, i64 %gmem0_addr, i64 %wide_trip_count" [mmult_baseline.cpp:20]   --->   Operation 101 'readreq' 'empty_22' <Predicate = true> <Delay = 7.30> <CoreInst = "m_axi">   --->   Core 119 'm_axi' <Latency = 0> <II = 1> <Delay = 1.00> <Adapter> <Opcode : 'read' 'write' 'readreq' 'writereq' 'writeresp'>

State 10 <SV = 9> <Delay = 7.30>
ST_10 : Operation 102 [2/8] (7.30ns)   --->   "%gmem2_load_req = readreq i1 @_ssdm_op_ReadReq.m_axi.i32P1A, i64 %gmem2_addr, i64 1" [mmult_baseline.cpp:23]   --->   Operation 102 'readreq' 'gmem2_load_req' <Predicate = true> <Delay = 7.30> <CoreInst = "m_axi">   --->   Core 119 'm_axi' <Latency = 0> <II = 1> <Delay = 1.00> <Adapter> <Opcode : 'read' 'write' 'readreq' 'writereq' 'writeresp'>
ST_10 : Operation 103 [2/8] (7.30ns)   --->   "%empty_22 = readreq i1 @_ssdm_op_ReadReq.m_axi.p1i32, i64 %gmem0_addr, i64 %wide_trip_count" [mmult_baseline.cpp:20]   --->   Operation 103 'readreq' 'empty_22' <Predicate = true> <Delay = 7.30> <CoreInst = "m_axi">   --->   Core 119 'm_axi' <Latency = 0> <II = 1> <Delay = 1.00> <Adapter> <Opcode : 'read' 'write' 'readreq' 'writereq' 'writeresp'>

State 11 <SV = 10> <Delay = 7.30>
ST_11 : Operation 104 [1/8] (7.30ns)   --->   "%gmem2_load_req = readreq i1 @_ssdm_op_ReadReq.m_axi.i32P1A, i64 %gmem2_addr, i64 1" [mmult_baseline.cpp:23]   --->   Operation 104 'readreq' 'gmem2_load_req' <Predicate = true> <Delay = 7.30> <CoreInst = "m_axi">   --->   Core 119 'm_axi' <Latency = 0> <II = 1> <Delay = 1.00> <Adapter> <Opcode : 'read' 'write' 'readreq' 'writereq' 'writeresp'>
ST_11 : Operation 105 [1/8] (7.30ns)   --->   "%empty_22 = readreq i1 @_ssdm_op_ReadReq.m_axi.p1i32, i64 %gmem0_addr, i64 %wide_trip_count" [mmult_baseline.cpp:20]   --->   Operation 105 'readreq' 'empty_22' <Predicate = true> <Delay = 7.30> <CoreInst = "m_axi">   --->   Core 119 'm_axi' <Latency = 0> <II = 1> <Delay = 1.00> <Adapter> <Opcode : 'read' 'write' 'readreq' 'writereq' 'writeresp'>

State 12 <SV = 11> <Delay = 7.30>
ST_12 : Operation 106 [1/1] (7.30ns)   --->   "%gmem2_addr_read = read i32 @_ssdm_op_Read.m_axi.i32P1A, i64 %gmem2_addr" [mmult_baseline.cpp:23]   --->   Operation 106 'read' 'gmem2_addr_read' <Predicate = true> <Delay = 7.30> <CoreInst = "m_axi">   --->   Core 119 'm_axi' <Latency = 0> <II = 1> <Delay = 1.00> <Adapter> <Opcode : 'read' 'write' 'readreq' 'writereq' 'writeresp'>

State 13 <SV = 12> <Delay = 0.48>
ST_13 : Operation 107 [1/1] (0.00ns)   --->   "%specloopname_ln0 = specloopname void @_ssdm_op_SpecLoopName, void @loop1_loop2_str"   --->   Operation 107 'specloopname' 'specloopname_ln0' <Predicate = true> <Delay = 0.00>
ST_13 : Operation 108 [1/1] (0.00ns)   --->   "%speclooptripcount_ln0 = speclooptripcount void @_ssdm_op_SpecLoopTripCount, i64 16384, i64 16384, i64 16384"   --->   Operation 108 'speclooptripcount' 'speclooptripcount_ln0' <Predicate = true> <Delay = 0.00>
ST_13 : Operation 109 [1/1] (0.00ns)   --->   "%specpipeline_ln19 = specpipeline void @_ssdm_op_SpecPipeline, i32 1, i32 0, i32 0, i32 0, void @empty_0" [mmult_baseline.cpp:19]   --->   Operation 109 'specpipeline' 'specpipeline_ln19' <Predicate = true> <Delay = 0.00>
ST_13 : Operation 110 [1/1] (0.48ns)   --->   "%br_ln20 = br void %for.inc" [mmult_baseline.cpp:20]   --->   Operation 110 'br' 'br_ln20' <Predicate = true> <Delay = 0.48>

State 14 <SV = 13> <Delay = 2.91>
ST_14 : Operation 111 [1/1] (0.00ns)   --->   "%k = phi i32 0, void %for.inc22, i32 %add_ln20, void %for.inc.split" [mmult_baseline.cpp:20]   --->   Operation 111 'phi' 'k' <Predicate = true> <Delay = 0.00>
ST_14 : Operation 112 [1/1] (0.00ns)   --->   "%add187 = phi i32 %gmem2_addr_read, void %for.inc22, i32 %add_ln23_2, void %for.inc.split" [mmult_baseline.cpp:23]   --->   Operation 112 'phi' 'add187' <Predicate = true> <Delay = 0.00>
ST_14 : Operation 113 [1/1] (0.00ns)   --->   "%phi_mul = phi i62 0, void %for.inc22, i62 %add_ln23_3, void %for.inc.split" [mmult_baseline.cpp:23]   --->   Operation 113 'phi' 'phi_mul' <Predicate = true> <Delay = 0.00>
ST_14 : Operation 114 [1/1] (1.20ns)   --->   "%icmp_ln20 = icmp_eq  i32 %k, i32 %dim_read" [mmult_baseline.cpp:20]   --->   Operation 114 'icmp' 'icmp_ln20' <Predicate = true> <Delay = 1.20> <CoreInst = "Cmp">   --->   Core 9 'Cmp' <Latency = 0> <II = 1> <Delay = 1.20> <FuncUnit> <Opcode : 'seteq' 'setne' 'setle' 'setge' 'setlt' 'setgt'> <InPorts = 2> <OutPorts = 1>
ST_14 : Operation 115 [1/1] (1.20ns)   --->   "%add_ln20 = add i32 %k, i32 1" [mmult_baseline.cpp:20]   --->   Operation 115 'add' 'add_ln20' <Predicate = true> <Delay = 1.20> <CoreInst = "Adder">   --->   Core 1 'Adder' <Latency = 0> <II = 1> <Delay = 1.20> <FuncUnit> <Opcode : 'add' 'sub'> <InPorts = 2> <OutPorts = 1>
ST_14 : Operation 116 [1/1] (0.00ns)   --->   "%br_ln20 = br i1 %icmp_ln20, void %for.inc.split, void %for.cond5.for.inc19_crit_edge" [mmult_baseline.cpp:20]   --->   Operation 116 'br' 'br_ln20' <Predicate = true> <Delay = 0.00>
ST_14 : Operation 117 [1/1] (1.44ns)   --->   "%add_ln23_3 = add i62 %phi_mul, i62 %dim_cast" [mmult_baseline.cpp:23]   --->   Operation 117 'add' 'add_ln23_3' <Predicate = (!icmp_ln20)> <Delay = 1.44> <CoreInst = "Adder">   --->   Core 1 'Adder' <Latency = 0> <II = 1> <Delay = 1.44> <FuncUnit> <Opcode : 'add' 'sub'> <InPorts = 2> <OutPorts = 1>
ST_14 : Operation 118 [1/1] (1.44ns)   --->   "%add_ln23 = add i62 %phi_mul, i62 %zext_ln17" [mmult_baseline.cpp:23]   --->   Operation 118 'add' 'add_ln23' <Predicate = (!icmp_ln20)> <Delay = 1.44> <CoreInst = "Adder">   --->   Core 1 'Adder' <Latency = 0> <II = 1> <Delay = 1.44> <FuncUnit> <Opcode : 'add' 'sub'> <InPorts = 2> <OutPorts = 1>
ST_14 : Operation 119 [1/1] (0.00ns)   --->   "%shl_ln = bitconcatenate i64 @_ssdm_op_BitConcatenate.i64.i62.i2, i62 %add_ln23, i2 0" [mmult_baseline.cpp:23]   --->   Operation 119 'bitconcatenate' 'shl_ln' <Predicate = (!icmp_ln20)> <Delay = 0.00>
ST_14 : Operation 120 [1/1] (1.47ns)   --->   "%add_ln23_1 = add i64 %shl_ln, i64 %in2_read" [mmult_baseline.cpp:23]   --->   Operation 120 'add' 'add_ln23_1' <Predicate = (!icmp_ln20)> <Delay = 1.47> <CoreInst = "Adder">   --->   Core 1 'Adder' <Latency = 0> <II = 1> <Delay = 1.47> <FuncUnit> <Opcode : 'add' 'sub'> <InPorts = 2> <OutPorts = 1>
ST_14 : Operation 121 [1/1] (0.00ns)   --->   "%trunc_ln23_1 = partselect i62 @_ssdm_op_PartSelect.i62.i64.i32.i32, i64 %add_ln23_1, i32 2, i32 63" [mmult_baseline.cpp:23]   --->   Operation 121 'partselect' 'trunc_ln23_1' <Predicate = (!icmp_ln20)> <Delay = 0.00>
ST_14 : Operation 122 [1/1] (0.00ns)   --->   "%sext_ln23_1 = sext i62 %trunc_ln23_1" [mmult_baseline.cpp:23]   --->   Operation 122 'sext' 'sext_ln23_1' <Predicate = (!icmp_ln20)> <Delay = 0.00>
ST_14 : Operation 123 [1/1] (0.00ns)   --->   "%gmem1_addr = getelementptr i32 %gmem1, i64 %sext_ln23_1" [mmult_baseline.cpp:23]   --->   Operation 123 'getelementptr' 'gmem1_addr' <Predicate = (!icmp_ln20)> <Delay = 0.00>
ST_14 : Operation 124 [1/1] (1.20ns)   --->   "%add_ln17 = add i32 %select_ln15, i32 1" [mmult_baseline.cpp:17]   --->   Operation 124 'add' 'add_ln17' <Predicate = (icmp_ln20)> <Delay = 1.20> <CoreInst = "Adder">   --->   Core 1 'Adder' <Latency = 0> <II = 1> <Delay = 1.20> <FuncUnit> <Opcode : 'add' 'sub'> <InPorts = 2> <OutPorts = 1>
ST_14 : Operation 125 [1/1] (0.48ns)   --->   "%store_ln15 = store i64 %add_ln15, i64 %indvar_flatten" [mmult_baseline.cpp:15]   --->   Operation 125 'store' 'store_ln15' <Predicate = (icmp_ln20)> <Delay = 0.48>
ST_14 : Operation 126 [1/1] (0.48ns)   --->   "%store_ln15 = store i31 %select_ln15_1, i31 %i" [mmult_baseline.cpp:15]   --->   Operation 126 'store' 'store_ln15' <Predicate = (icmp_ln20)> <Delay = 0.48>
ST_14 : Operation 127 [1/1] (0.48ns)   --->   "%store_ln17 = store i32 %add_ln17, i32 %j" [mmult_baseline.cpp:17]   --->   Operation 127 'store' 'store_ln17' <Predicate = (icmp_ln20)> <Delay = 0.48>

State 15 <SV = 14> <Delay = 7.30>
ST_15 : Operation 128 [8/8] (7.30ns)   --->   "%gmem1_load_req = readreq i1 @_ssdm_op_ReadReq.m_axi.i32P1A, i64 %gmem1_addr, i64 1" [mmult_baseline.cpp:23]   --->   Operation 128 'readreq' 'gmem1_load_req' <Predicate = true> <Delay = 7.30> <CoreInst = "m_axi">   --->   Core 119 'm_axi' <Latency = 0> <II = 1> <Delay = 1.00> <Adapter> <Opcode : 'read' 'write' 'readreq' 'writereq' 'writeresp'>

State 16 <SV = 15> <Delay = 7.30>
ST_16 : Operation 129 [7/8] (7.30ns)   --->   "%gmem1_load_req = readreq i1 @_ssdm_op_ReadReq.m_axi.i32P1A, i64 %gmem1_addr, i64 1" [mmult_baseline.cpp:23]   --->   Operation 129 'readreq' 'gmem1_load_req' <Predicate = true> <Delay = 7.30> <CoreInst = "m_axi">   --->   Core 119 'm_axi' <Latency = 0> <II = 1> <Delay = 1.00> <Adapter> <Opcode : 'read' 'write' 'readreq' 'writereq' 'writeresp'>

State 17 <SV = 16> <Delay = 7.30>
ST_17 : Operation 130 [6/8] (7.30ns)   --->   "%gmem1_load_req = readreq i1 @_ssdm_op_ReadReq.m_axi.i32P1A, i64 %gmem1_addr, i64 1" [mmult_baseline.cpp:23]   --->   Operation 130 'readreq' 'gmem1_load_req' <Predicate = true> <Delay = 7.30> <CoreInst = "m_axi">   --->   Core 119 'm_axi' <Latency = 0> <II = 1> <Delay = 1.00> <Adapter> <Opcode : 'read' 'write' 'readreq' 'writereq' 'writeresp'>

State 18 <SV = 17> <Delay = 7.30>
ST_18 : Operation 131 [5/8] (7.30ns)   --->   "%gmem1_load_req = readreq i1 @_ssdm_op_ReadReq.m_axi.i32P1A, i64 %gmem1_addr, i64 1" [mmult_baseline.cpp:23]   --->   Operation 131 'readreq' 'gmem1_load_req' <Predicate = true> <Delay = 7.30> <CoreInst = "m_axi">   --->   Core 119 'm_axi' <Latency = 0> <II = 1> <Delay = 1.00> <Adapter> <Opcode : 'read' 'write' 'readreq' 'writereq' 'writeresp'>

State 19 <SV = 18> <Delay = 7.30>
ST_19 : Operation 132 [4/8] (7.30ns)   --->   "%gmem1_load_req = readreq i1 @_ssdm_op_ReadReq.m_axi.i32P1A, i64 %gmem1_addr, i64 1" [mmult_baseline.cpp:23]   --->   Operation 132 'readreq' 'gmem1_load_req' <Predicate = true> <Delay = 7.30> <CoreInst = "m_axi">   --->   Core 119 'm_axi' <Latency = 0> <II = 1> <Delay = 1.00> <Adapter> <Opcode : 'read' 'write' 'readreq' 'writereq' 'writeresp'>

State 20 <SV = 19> <Delay = 7.30>
ST_20 : Operation 133 [3/8] (7.30ns)   --->   "%gmem1_load_req = readreq i1 @_ssdm_op_ReadReq.m_axi.i32P1A, i64 %gmem1_addr, i64 1" [mmult_baseline.cpp:23]   --->   Operation 133 'readreq' 'gmem1_load_req' <Predicate = true> <Delay = 7.30> <CoreInst = "m_axi">   --->   Core 119 'm_axi' <Latency = 0> <II = 1> <Delay = 1.00> <Adapter> <Opcode : 'read' 'write' 'readreq' 'writereq' 'writeresp'>

State 21 <SV = 20> <Delay = 7.30>
ST_21 : Operation 134 [2/8] (7.30ns)   --->   "%gmem1_load_req = readreq i1 @_ssdm_op_ReadReq.m_axi.i32P1A, i64 %gmem1_addr, i64 1" [mmult_baseline.cpp:23]   --->   Operation 134 'readreq' 'gmem1_load_req' <Predicate = true> <Delay = 7.30> <CoreInst = "m_axi">   --->   Core 119 'm_axi' <Latency = 0> <II = 1> <Delay = 1.00> <Adapter> <Opcode : 'read' 'write' 'readreq' 'writereq' 'writeresp'>

State 22 <SV = 21> <Delay = 7.30>
ST_22 : Operation 135 [1/8] (7.30ns)   --->   "%gmem1_load_req = readreq i1 @_ssdm_op_ReadReq.m_axi.i32P1A, i64 %gmem1_addr, i64 1" [mmult_baseline.cpp:23]   --->   Operation 135 'readreq' 'gmem1_load_req' <Predicate = true> <Delay = 7.30> <CoreInst = "m_axi">   --->   Core 119 'm_axi' <Latency = 0> <II = 1> <Delay = 1.00> <Adapter> <Opcode : 'read' 'write' 'readreq' 'writereq' 'writeresp'>

State 23 <SV = 22> <Delay = 7.30>
ST_23 : Operation 136 [1/1] (7.30ns)   --->   "%gmem0_addr_read = read i32 @_ssdm_op_Read.m_axi.p1i32, i64 %gmem0_addr" [mmult_baseline.cpp:23]   --->   Operation 136 'read' 'gmem0_addr_read' <Predicate = true> <Delay = 7.30> <CoreInst = "m_axi">   --->   Core 119 'm_axi' <Latency = 0> <II = 1> <Delay = 1.00> <Adapter> <Opcode : 'read' 'write' 'readreq' 'writereq' 'writeresp'>
ST_23 : Operation 137 [1/1] (7.30ns)   --->   "%gmem1_addr_read = read i32 @_ssdm_op_Read.m_axi.i32P1A, i64 %gmem1_addr" [mmult_baseline.cpp:23]   --->   Operation 137 'read' 'gmem1_addr_read' <Predicate = true> <Delay = 7.30> <CoreInst = "m_axi">   --->   Core 119 'm_axi' <Latency = 0> <II = 1> <Delay = 1.00> <Adapter> <Opcode : 'read' 'write' 'readreq' 'writereq' 'writeresp'>

State 24 <SV = 23> <Delay = 5.08>
ST_24 : Operation 138 [1/1] (0.00ns)   --->   "%speclooptripcount_ln21 = speclooptripcount void @_ssdm_op_SpecLoopTripCount, i64 128, i64 128, i64 128" [mmult_baseline.cpp:21]   --->   Operation 138 'speclooptripcount' 'speclooptripcount_ln21' <Predicate = true> <Delay = 0.00>
ST_24 : Operation 139 [1/1] (0.00ns)   --->   "%specloopname_ln20 = specloopname void @_ssdm_op_SpecLoopName, void @empty_15" [mmult_baseline.cpp:20]   --->   Operation 139 'specloopname' 'specloopname_ln20' <Predicate = true> <Delay = 0.00>
ST_24 : Operation 140 [1/1] (3.88ns)   --->   "%mul_ln23 = mul i32 %gmem1_addr_read, i32 %gmem0_addr_read" [mmult_baseline.cpp:23]   --->   Operation 140 'mul' 'mul_ln23' <Predicate = true> <Delay = 3.88> <CoreInst = "Multiplier">   --->   Core 3 'Multiplier' <Latency = 0> <II = 1> <Delay = 3.88> <FuncUnit> <Opcode : 'mul'> <InPorts = 2> <OutPorts = 1>
ST_24 : Operation 141 [1/1] (1.20ns)   --->   "%add_ln23_2 = add i32 %mul_ln23, i32 %add187" [mmult_baseline.cpp:23]   --->   Operation 141 'add' 'add_ln23_2' <Predicate = true> <Delay = 1.20> <CoreInst = "Adder">   --->   Core 1 'Adder' <Latency = 0> <II = 1> <Delay = 1.20> <FuncUnit> <Opcode : 'add' 'sub'> <InPorts = 2> <OutPorts = 1>
ST_24 : Operation 142 [1/1] (0.00ns)   --->   "%br_ln20 = br void %for.inc" [mmult_baseline.cpp:20]   --->   Operation 142 'br' 'br_ln20' <Predicate = true> <Delay = 0.00>

State 25 <SV = 14> <Delay = 7.30>
ST_25 : Operation 143 [1/1] (7.30ns)   --->   "%gmem2_addr_req = writereq i1 @_ssdm_op_WriteReq.m_axi.i32P1A, i64 %gmem2_addr, i64 1" [mmult_baseline.cpp:23]   --->   Operation 143 'writereq' 'gmem2_addr_req' <Predicate = true> <Delay = 7.30> <CoreInst = "m_axi">   --->   Core 119 'm_axi' <Latency = 0> <II = 1> <Delay = 1.00> <Adapter> <Opcode : 'read' 'write' 'readreq' 'writereq' 'writeresp'>

State 26 <SV = 15> <Delay = 7.30>
ST_26 : Operation 144 [1/1] (7.30ns)   --->   "%write_ln23 = write void @_ssdm_op_Write.m_axi.i32P1A, i64 %gmem2_addr, i32 %add187, i4 15" [mmult_baseline.cpp:23]   --->   Operation 144 'write' 'write_ln23' <Predicate = true> <Delay = 7.30> <CoreInst = "m_axi">   --->   Core 119 'm_axi' <Latency = 0> <II = 1> <Delay = 1.00> <Adapter> <Opcode : 'read' 'write' 'readreq' 'writereq' 'writeresp'>

State 27 <SV = 16> <Delay = 7.30>
ST_27 : Operation 145 [5/5] (7.30ns)   --->   "%gmem2_addr_resp = writeresp i1 @_ssdm_op_WriteResp.m_axi.i32P1A, i64 %gmem2_addr" [mmult_baseline.cpp:23]   --->   Operation 145 'writeresp' 'gmem2_addr_resp' <Predicate = true> <Delay = 7.30> <CoreInst = "m_axi">   --->   Core 119 'm_axi' <Latency = 0> <II = 1> <Delay = 1.00> <Adapter> <Opcode : 'read' 'write' 'readreq' 'writereq' 'writeresp'>

State 28 <SV = 17> <Delay = 7.30>
ST_28 : Operation 146 [4/5] (7.30ns)   --->   "%gmem2_addr_resp = writeresp i1 @_ssdm_op_WriteResp.m_axi.i32P1A, i64 %gmem2_addr" [mmult_baseline.cpp:23]   --->   Operation 146 'writeresp' 'gmem2_addr_resp' <Predicate = true> <Delay = 7.30> <CoreInst = "m_axi">   --->   Core 119 'm_axi' <Latency = 0> <II = 1> <Delay = 1.00> <Adapter> <Opcode : 'read' 'write' 'readreq' 'writereq' 'writeresp'>

State 29 <SV = 18> <Delay = 7.30>
ST_29 : Operation 147 [3/5] (7.30ns)   --->   "%gmem2_addr_resp = writeresp i1 @_ssdm_op_WriteResp.m_axi.i32P1A, i64 %gmem2_addr" [mmult_baseline.cpp:23]   --->   Operation 147 'writeresp' 'gmem2_addr_resp' <Predicate = true> <Delay = 7.30> <CoreInst = "m_axi">   --->   Core 119 'm_axi' <Latency = 0> <II = 1> <Delay = 1.00> <Adapter> <Opcode : 'read' 'write' 'readreq' 'writereq' 'writeresp'>

State 30 <SV = 19> <Delay = 7.30>
ST_30 : Operation 148 [2/5] (7.30ns)   --->   "%gmem2_addr_resp = writeresp i1 @_ssdm_op_WriteResp.m_axi.i32P1A, i64 %gmem2_addr" [mmult_baseline.cpp:23]   --->   Operation 148 'writeresp' 'gmem2_addr_resp' <Predicate = true> <Delay = 7.30> <CoreInst = "m_axi">   --->   Core 119 'm_axi' <Latency = 0> <II = 1> <Delay = 1.00> <Adapter> <Opcode : 'read' 'write' 'readreq' 'writereq' 'writeresp'>

State 31 <SV = 20> <Delay = 7.30>
ST_31 : Operation 149 [1/5] (7.30ns)   --->   "%gmem2_addr_resp = writeresp i1 @_ssdm_op_WriteResp.m_axi.i32P1A, i64 %gmem2_addr" [mmult_baseline.cpp:23]   --->   Operation 149 'writeresp' 'gmem2_addr_resp' <Predicate = true> <Delay = 7.30> <CoreInst = "m_axi">   --->   Core 119 'm_axi' <Latency = 0> <II = 1> <Delay = 1.00> <Adapter> <Opcode : 'read' 'write' 'readreq' 'writereq' 'writeresp'>
ST_31 : Operation 150 [1/1] (0.00ns)   --->   "%br_ln17 = br void %loop3" [mmult_baseline.cpp:17]   --->   Operation 150 'br' 'br_ln17' <Predicate = true> <Delay = 0.00>


============================================================
+ Verbose Summary: Binding
============================================================
STG Binding: 
---------------- STG Properties BEGIN ----------------
- Is combinational: 0
- Is one-state seq: 0
- Is datapath-only: 0
- Is pipelined: 0
- Is top level: 1
Port [ Return ] is wired: 1; IO mode=ap_ctrl_hs:ce=0
Port [ gmem0]:  wired=1; compound=1; hidden=0; nouse=0; global=0; static=0; extern=0; dir=0; type=4; pingpong=0; private_global=0; IO mode=m_axi:ce=0
Port [ gmem1]:  wired=1; compound=1; hidden=0; nouse=0; global=0; static=0; extern=0; dir=0; type=4; pingpong=0; private_global=0; IO mode=m_axi:ce=0
Port [ gmem2]:  wired=1; compound=1; hidden=0; nouse=0; global=0; static=0; extern=0; dir=2; type=4; pingpong=0; private_global=0; IO mode=m_axi:ce=0
Port [ in1]:  wired=1; compound=0; hidden=0; nouse=0; global=0; static=0; extern=0; dir=0; type=0; pingpong=0; private_global=0; IO mode=ap_none:ce=0
Port [ in2]:  wired=1; compound=0; hidden=0; nouse=0; global=0; static=0; extern=0; dir=0; type=0; pingpong=0; private_global=0; IO mode=ap_none:ce=0
Port [ out_r]:  wired=1; compound=0; hidden=0; nouse=0; global=0; static=0; extern=0; dir=0; type=0; pingpong=0; private_global=0; IO mode=ap_none:ce=0
Port [ dim]:  wired=1; compound=0; hidden=0; nouse=0; global=0; static=0; extern=0; dir=0; type=0; pingpong=0; private_global=0; IO mode=ap_none:ce=0
---------------- STG Properties END ------------------

---------------- Datapath Model BEGIN ----------------

<LifeTime>
<method=bitvector/>
j                        (alloca           ) [ 01111111111111111111111111111111]
i                        (alloca           ) [ 01111111111111111111111111111111]
indvar_flatten           (alloca           ) [ 01111111111111111111111111111111]
spectopmodule_ln7        (spectopmodule    ) [ 00000000000000000000000000000000]
specinterface_ln0        (specinterface    ) [ 00000000000000000000000000000000]
specbitsmap_ln0          (specbitsmap      ) [ 00000000000000000000000000000000]
specinterface_ln0        (specinterface    ) [ 00000000000000000000000000000000]
specbitsmap_ln0          (specbitsmap      ) [ 00000000000000000000000000000000]
specinterface_ln0        (specinterface    ) [ 00000000000000000000000000000000]
specbitsmap_ln0          (specbitsmap      ) [ 00000000000000000000000000000000]
specinterface_ln0        (specinterface    ) [ 00000000000000000000000000000000]
specinterface_ln0        (specinterface    ) [ 00000000000000000000000000000000]
specinterface_ln0        (specinterface    ) [ 00000000000000000000000000000000]
specinterface_ln0        (specinterface    ) [ 00000000000000000000000000000000]
specinterface_ln0        (specinterface    ) [ 00000000000000000000000000000000]
specinterface_ln0        (specinterface    ) [ 00000000000000000000000000000000]
specbitsmap_ln0          (specbitsmap      ) [ 00000000000000000000000000000000]
specinterface_ln0        (specinterface    ) [ 00000000000000000000000000000000]
specinterface_ln0        (specinterface    ) [ 00000000000000000000000000000000]
specinterface_ln0        (specinterface    ) [ 00000000000000000000000000000000]
dim_read                 (read             ) [ 00111111111111111111111111111111]
out_r_read               (read             ) [ 00111111111111111111111111111111]
in2_read                 (read             ) [ 00111111111111111111111111111111]
in1_read                 (read             ) [ 00111111111111111111111111111111]
dim_cast                 (sext             ) [ 00111111111111111111111111111111]
wide_trip_count          (zext             ) [ 00111111111111111111111111111111]
dim_cast3                (zext             ) [ 00111111111111111111111111111111]
mul_ln7                  (mul              ) [ 00111111111111111111111111111111]
store_ln0                (store            ) [ 00000000000000000000000000000000]
store_ln15               (store            ) [ 00000000000000000000000000000000]
store_ln17               (store            ) [ 00000000000000000000000000000000]
br_ln15                  (br               ) [ 00000000000000000000000000000000]
indvar_flatten_load      (load             ) [ 00000000000000000000000000000000]
icmp_ln15                (icmp             ) [ 00111111111111111111111111111111]
add_ln15                 (add              ) [ 00011111111111111111111110000000]
br_ln15                  (br               ) [ 00000000000000000000000000000000]
j_load                   (load             ) [ 00000000000000000000000000000000]
i_load                   (load             ) [ 00000000000000000000000000000000]
icmp_ln17                (icmp             ) [ 00000000000000000000000000000000]
select_ln15              (select           ) [ 00011111111111111111111110000000]
add_ln15_2               (add              ) [ 00000000000000000000000000000000]
select_ln15_1            (select           ) [ 00011111111111111111111110000000]
zext_ln15                (zext             ) [ 00010000000000000000000000000000]
mul_ln15_1               (mul              ) [ 00000000000000000000000000000000]
p_cast_cast_mid2_v_v_v_v (bitconcatenate   ) [ 00000000000000000000000000000000]
add_ln15_1               (add              ) [ 00000000000000000000000000000000]
p_cast_cast_mid2_v       (partselect       ) [ 00000000000000000000000000000000]
sext_ln15                (sext             ) [ 00000000000000000000000000000000]
gmem0_addr               (getelementptr    ) [ 00011111111111111111111110000000]
ret_ln27                 (ret              ) [ 00000000000000000000000000000000]
mul_ln15                 (mul              ) [ 00000000000000000000000000000000]
zext_ln17                (zext             ) [ 00001111111111111111111110000000]
empty                    (add              ) [ 00000000000000000000000000000000]
tmp                      (bitconcatenate   ) [ 00000000000000000000000000000000]
empty_21                 (add              ) [ 00000000000000000000000000000000]
trunc_ln                 (partselect       ) [ 00000000000000000000000000000000]
sext_ln23                (sext             ) [ 00000000000000000000000000000000]
gmem2_addr               (getelementptr    ) [ 00001111111111111111111111111111]
gmem2_load_req           (readreq          ) [ 00000000000000000000000000000000]
empty_22                 (readreq          ) [ 00000000000000000000000000000000]
gmem2_addr_read          (read             ) [ 00000000000001111111111110000000]
specloopname_ln0         (specloopname     ) [ 00000000000000000000000000000000]
speclooptripcount_ln0    (speclooptripcount) [ 00000000000000000000000000000000]
specpipeline_ln19        (specpipeline     ) [ 00000000000000000000000000000000]
br_ln20                  (br               ) [ 00111111111111111111111111111111]
k                        (phi              ) [ 00000000000000100000000000000000]
add187                   (phi              ) [ 00000000000000111111111111100000]
phi_mul                  (phi              ) [ 00000000000000100000000000000000]
icmp_ln20                (icmp             ) [ 00111111111111111111111111111111]
add_ln20                 (add              ) [ 00111111111111111111111111111111]
br_ln20                  (br               ) [ 00000000000000000000000000000000]
add_ln23_3               (add              ) [ 00111111111111111111111111111111]
add_ln23                 (add              ) [ 00000000000000000000000000000000]
shl_ln                   (bitconcatenate   ) [ 00000000000000000000000000000000]
add_ln23_1               (add              ) [ 00000000000000000000000000000000]
trunc_ln23_1             (partselect       ) [ 00000000000000000000000000000000]
sext_ln23_1              (sext             ) [ 00000000000000000000000000000000]
gmem1_addr               (getelementptr    ) [ 00000000000000011111111100000000]
add_ln17                 (add              ) [ 00000000000000000000000000000000]
store_ln15               (store            ) [ 00000000000000000000000000000000]
store_ln15               (store            ) [ 00000000000000000000000000000000]
store_ln17               (store            ) [ 00000000000000000000000000000000]
gmem1_load_req           (readreq          ) [ 00000000000000000000000000000000]
gmem0_addr_read          (read             ) [ 00000000000000000000000010000000]
gmem1_addr_read          (read             ) [ 00000000000000000000000010000000]
speclooptripcount_ln21   (speclooptripcount) [ 00000000000000000000000000000000]
specloopname_ln20        (specloopname     ) [ 00000000000000000000000000000000]
mul_ln23                 (mul              ) [ 00000000000000000000000000000000]
add_ln23_2               (add              ) [ 00111111111111111111111111111111]
br_ln20                  (br               ) [ 00111111111111111111111111111111]
gmem2_addr_req           (writereq         ) [ 00000000000000000000000000000000]
write_ln23               (write            ) [ 00000000000000000000000000000000]
gmem2_addr_resp          (writeresp        ) [ 00000000000000000000000000000000]
br_ln17                  (br               ) [ 00000000000000000000000000000000]
</LifeTime>

<model>

<comp_list>
<comp id="0" class="1000" name="gmem0">
<pin_list>
<pin id="1" dir="1" index="0" bw="1" slack="0"/>
</pin_list>
<bind>
<StgValue><ssdm name="gmem0"/></StgValue>
</bind>
</comp>

<comp id="2" class="1000" name="gmem1">
<pin_list>
<pin id="3" dir="1" index="0" bw="1" slack="0"/>
</pin_list>
<bind>
<StgValue><ssdm name="gmem1"/></StgValue>
</bind>
</comp>

<comp id="4" class="1000" name="gmem2">
<pin_list>
<pin id="5" dir="1" index="0" bw="1" slack="0"/>
</pin_list>
<bind>
<StgValue><ssdm name="gmem2"/></StgValue>
</bind>
</comp>

<comp id="6" class="1000" name="in1">
<pin_list>
<pin id="7" dir="1" index="0" bw="1" slack="0"/>
</pin_list>
<bind>
<StgValue><ssdm name="in1"/></StgValue>
</bind>
</comp>

<comp id="8" class="1000" name="in2">
<pin_list>
<pin id="9" dir="1" index="0" bw="1" slack="0"/>
</pin_list>
<bind>
<StgValue><ssdm name="in2"/></StgValue>
</bind>
</comp>

<comp id="10" class="1000" name="out_r">
<pin_list>
<pin id="11" dir="1" index="0" bw="1" slack="0"/>
</pin_list>
<bind>
<StgValue><ssdm name="out_r"/></StgValue>
</bind>
</comp>

<comp id="12" class="1000" name="dim">
<pin_list>
<pin id="13" dir="1" index="0" bw="1" slack="0"/>
</pin_list>
<bind>
<StgValue><ssdm name="dim"/></StgValue>
</bind>
</comp>

<comp id="14" class="1001" name="const_14">
<pin_list>
<pin id="15" dir="1" index="0" bw="1" slack="0"/>
</pin_list>
<bind>
<StgValue><ssdm name=""/></StgValue>
</bind>
</comp>

<comp id="16" class="1001" name="const_16">
<pin_list>
<pin id="17" dir="1" index="0" bw="1" slack="2147483647"/>
</pin_list>
<bind>
<StgValue><ssdm name="_ssdm_op_SpecTopModule"/></StgValue>
</bind>
</comp>

<comp id="18" class="1001" name="const_18">
<pin_list>
<pin id="19" dir="1" index="0" bw="1" slack="2147483647"/>
</pin_list>
<bind>
<StgValue><ssdm name="empty_14"/></StgValue>
</bind>
</comp>

<comp id="20" class="1001" name="const_20">
<pin_list>
<pin id="21" dir="1" index="0" bw="1" slack="2147483647"/>
</pin_list>
<bind>
<StgValue><ssdm name="_ssdm_op_SpecInterface"/></StgValue>
</bind>
</comp>

<comp id="22" class="1001" name="const_22">
<pin_list>
<pin id="23" dir="1" index="0" bw="1" slack="2147483647"/>
</pin_list>
<bind>
<StgValue><ssdm name="empty"/></StgValue>
</bind>
</comp>

<comp id="24" class="1001" name="const_24">
<pin_list>
<pin id="25" dir="1" index="0" bw="1" slack="0"/>
</pin_list>
<bind>
<StgValue><ssdm name=""/></StgValue>
</bind>
</comp>

<comp id="26" class="1001" name="const_26">
<pin_list>
<pin id="27" dir="1" index="0" bw="1" slack="2147483647"/>
</pin_list>
<bind>
<StgValue><ssdm name="empty_0"/></StgValue>
</bind>
</comp>

<comp id="28" class="1001" name="const_28">
<pin_list>
<pin id="29" dir="1" index="0" bw="1" slack="2147483647"/>
</pin_list>
<bind>
<StgValue><ssdm name=""/></StgValue>
</bind>
</comp>

<comp id="30" class="1001" name="const_30">
<pin_list>
<pin id="31" dir="1" index="0" bw="1" slack="2147483647"/>
</pin_list>
<bind>
<StgValue><ssdm name="empty_1"/></StgValue>
</bind>
</comp>

<comp id="32" class="1001" name="const_32">
<pin_list>
<pin id="33" dir="1" index="0" bw="1" slack="2147483647"/>
</pin_list>
<bind>
<StgValue><ssdm name="empty_2"/></StgValue>
</bind>
</comp>

<comp id="34" class="1001" name="const_34">
<pin_list>
<pin id="35" dir="1" index="0" bw="1" slack="2147483647"/>
</pin_list>
<bind>
<StgValue><ssdm name=""/></StgValue>
</bind>
</comp>

<comp id="36" class="1001" name="const_36">
<pin_list>
<pin id="37" dir="1" index="0" bw="1" slack="2147483647"/>
</pin_list>
<bind>
<StgValue><ssdm name=""/></StgValue>
</bind>
</comp>

<comp id="38" class="1001" name="const_38">
<pin_list>
<pin id="39" dir="1" index="0" bw="1" slack="2147483647"/>
</pin_list>
<bind>
<StgValue><ssdm name="_ssdm_op_SpecBitsMap"/></StgValue>
</bind>
</comp>

<comp id="40" class="1001" name="const_40">
<pin_list>
<pin id="41" dir="1" index="0" bw="1" slack="2147483647"/>
</pin_list>
<bind>
<StgValue><ssdm name="empty_3"/></StgValue>
</bind>
</comp>

<comp id="42" class="1001" name="const_42">
<pin_list>
<pin id="43" dir="1" index="0" bw="1" slack="2147483647"/>
</pin_list>
<bind>
<StgValue><ssdm name="empty_4"/></StgValue>
</bind>
</comp>

<comp id="44" class="1001" name="const_44">
<pin_list>
<pin id="45" dir="1" index="0" bw="1" slack="2147483647"/>
</pin_list>
<bind>
<StgValue><ssdm name="empty_5"/></StgValue>
</bind>
</comp>

<comp id="46" class="1001" name="const_46">
<pin_list>
<pin id="47" dir="1" index="0" bw="1" slack="2147483647"/>
</pin_list>
<bind>
<StgValue><ssdm name="empty_6"/></StgValue>
</bind>
</comp>

<comp id="48" class="1001" name="const_48">
<pin_list>
<pin id="49" dir="1" index="0" bw="1" slack="2147483647"/>
</pin_list>
<bind>
<StgValue><ssdm name="empty_7"/></StgValue>
</bind>
</comp>

<comp id="50" class="1001" name="const_50">
<pin_list>
<pin id="51" dir="1" index="0" bw="1" slack="2147483647"/>
</pin_list>
<bind>
<StgValue><ssdm name="empty_8"/></StgValue>
</bind>
</comp>

<comp id="52" class="1001" name="const_52">
<pin_list>
<pin id="53" dir="1" index="0" bw="1" slack="2147483647"/>
</pin_list>
<bind>
<StgValue><ssdm name="empty_9"/></StgValue>
</bind>
</comp>

<comp id="54" class="1001" name="const_54">
<pin_list>
<pin id="55" dir="1" index="0" bw="1" slack="2147483647"/>
</pin_list>
<bind>
<StgValue><ssdm name="empty_10"/></StgValue>
</bind>
</comp>

<comp id="56" class="1001" name="const_56">
<pin_list>
<pin id="57" dir="1" index="0" bw="1" slack="2147483647"/>
</pin_list>
<bind>
<StgValue><ssdm name="empty_11"/></StgValue>
</bind>
</comp>

<comp id="58" class="1001" name="const_58">
<pin_list>
<pin id="59" dir="1" index="0" bw="1" slack="2147483647"/>
</pin_list>
<bind>
<StgValue><ssdm name="empty_12"/></StgValue>
</bind>
</comp>

<comp id="60" class="1001" name="const_60">
<pin_list>
<pin id="61" dir="1" index="0" bw="1" slack="2147483647"/>
</pin_list>
<bind>
<StgValue><ssdm name="empty_13"/></StgValue>
</bind>
</comp>

<comp id="62" class="1001" name="const_62">
<pin_list>
<pin id="63" dir="1" index="0" bw="1" slack="0"/>
</pin_list>
<bind>
<StgValue><ssdm name="_ssdm_op_Read.s_axilite.i32"/></StgValue>
</bind>
</comp>

<comp id="64" class="1001" name="const_64">
<pin_list>
<pin id="65" dir="1" index="0" bw="1" slack="0"/>
</pin_list>
<bind>
<StgValue><ssdm name="_ssdm_op_Read.s_axilite.i64"/></StgValue>
</bind>
</comp>

<comp id="66" class="1001" name="const_66">
<pin_list>
<pin id="67" dir="1" index="0" bw="1" slack="0"/>
</pin_list>
<bind>
<StgValue><ssdm name=""/></StgValue>
</bind>
</comp>

<comp id="68" class="1001" name="const_68">
<pin_list>
<pin id="69" dir="1" index="0" bw="1" slack="0"/>
</pin_list>
<bind>
<StgValue><ssdm name=""/></StgValue>
</bind>
</comp>

<comp id="70" class="1001" name="const_70">
<pin_list>
<pin id="71" dir="1" index="0" bw="1" slack="0"/>
</pin_list>
<bind>
<StgValue><ssdm name=""/></StgValue>
</bind>
</comp>

<comp id="72" class="1001" name="const_72">
<pin_list>
<pin id="73" dir="1" index="0" bw="1" slack="0"/>
</pin_list>
<bind>
<StgValue><ssdm name=""/></StgValue>
</bind>
</comp>

<comp id="74" class="1001" name="const_74">
<pin_list>
<pin id="75" dir="1" index="0" bw="1" slack="0"/>
</pin_list>
<bind>
<StgValue><ssdm name="_ssdm_op_BitConcatenate.i64.i62.i2"/></StgValue>
</bind>
</comp>

<comp id="76" class="1001" name="const_76">
<pin_list>
<pin id="77" dir="1" index="0" bw="1" slack="0"/>
</pin_list>
<bind>
<StgValue><ssdm name=""/></StgValue>
</bind>
</comp>

<comp id="78" class="1001" name="const_78">
<pin_list>
<pin id="79" dir="1" index="0" bw="1" slack="0"/>
</pin_list>
<bind>
<StgValue><ssdm name="_ssdm_op_PartSelect.i62.i64.i32.i32"/></StgValue>
</bind>
</comp>

<comp id="80" class="1001" name="const_80">
<pin_list>
<pin id="81" dir="1" index="0" bw="1" slack="0"/>
</pin_list>
<bind>
<StgValue><ssdm name=""/></StgValue>
</bind>
</comp>

<comp id="82" class="1001" name="const_82">
<pin_list>
<pin id="83" dir="1" index="0" bw="1" slack="0"/>
</pin_list>
<bind>
<StgValue><ssdm name=""/></StgValue>
</bind>
</comp>

<comp id="84" class="1001" name="const_84">
<pin_list>
<pin id="85" dir="1" index="0" bw="1" slack="0"/>
</pin_list>
<bind>
<StgValue><ssdm name="_ssdm_op_ReadReq.m_axi.i32P1A"/></StgValue>
</bind>
</comp>

<comp id="86" class="1001" name="const_86">
<pin_list>
<pin id="87" dir="1" index="0" bw="1" slack="0"/>
</pin_list>
<bind>
<StgValue><ssdm name="_ssdm_op_ReadReq.m_axi.p1i32"/></StgValue>
</bind>
</comp>

<comp id="88" class="1001" name="const_88">
<pin_list>
<pin id="89" dir="1" index="0" bw="1" slack="0"/>
</pin_list>
<bind>
<StgValue><ssdm name="_ssdm_op_Read.m_axi.i32P1A"/></StgValue>
</bind>
</comp>

<comp id="90" class="1001" name="const_90">
<pin_list>
<pin id="91" dir="1" index="0" bw="1" slack="2147483647"/>
</pin_list>
<bind>
<StgValue><ssdm name="_ssdm_op_SpecLoopName"/></StgValue>
</bind>
</comp>

<comp id="92" class="1001" name="const_92">
<pin_list>
<pin id="93" dir="1" index="0" bw="1" slack="2147483647"/>
</pin_list>
<bind>
<StgValue><ssdm name="loop1_loop2_str"/></StgValue>
</bind>
</comp>

<comp id="94" class="1001" name="const_94">
<pin_list>
<pin id="95" dir="1" index="0" bw="1" slack="2147483647"/>
</pin_list>
<bind>
<StgValue><ssdm name="_ssdm_op_SpecLoopTripCount"/></StgValue>
</bind>
</comp>

<comp id="96" class="1001" name="const_96">
<pin_list>
<pin id="97" dir="1" index="0" bw="1" slack="2147483647"/>
</pin_list>
<bind>
<StgValue><ssdm name=""/></StgValue>
</bind>
</comp>

<comp id="98" class="1001" name="const_98">
<pin_list>
<pin id="99" dir="1" index="0" bw="1" slack="2147483647"/>
</pin_list>
<bind>
<StgValue><ssdm name="_ssdm_op_SpecPipeline"/></StgValue>
</bind>
</comp>

<comp id="100" class="1001" name="const_100">
<pin_list>
<pin id="101" dir="1" index="0" bw="1" slack="1"/>
</pin_list>
<bind>
<StgValue><ssdm name=""/></StgValue>
</bind>
</comp>

<comp id="102" class="1001" name="const_102">
<pin_list>
<pin id="103" dir="1" index="0" bw="1" slack="0"/>
</pin_list>
<bind>
<StgValue><ssdm name="_ssdm_op_Read.m_axi.p1i32"/></StgValue>
</bind>
</comp>

<comp id="104" class="1001" name="const_104">
<pin_list>
<pin id="105" dir="1" index="0" bw="1" slack="2147483647"/>
</pin_list>
<bind>
<StgValue><ssdm name=""/></StgValue>
</bind>
</comp>

<comp id="106" class="1001" name="const_106">
<pin_list>
<pin id="107" dir="1" index="0" bw="1" slack="2147483647"/>
</pin_list>
<bind>
<StgValue><ssdm name="empty_15"/></StgValue>
</bind>
</comp>

<comp id="108" class="1001" name="const_108">
<pin_list>
<pin id="109" dir="1" index="0" bw="1" slack="0"/>
</pin_list>
<bind>
<StgValue><ssdm name="_ssdm_op_WriteReq.m_axi.i32P1A"/></StgValue>
</bind>
</comp>

<comp id="110" class="1001" name="const_110">
<pin_list>
<pin id="111" dir="1" index="0" bw="1" slack="0"/>
</pin_list>
<bind>
<StgValue><ssdm name="_ssdm_op_Write.m_axi.i32P1A"/></StgValue>
</bind>
</comp>

<comp id="112" class="1001" name="const_112">
<pin_list>
<pin id="113" dir="1" index="0" bw="1" slack="0"/>
</pin_list>
<bind>
<StgValue><ssdm name=""/></StgValue>
</bind>
</comp>

<comp id="114" class="1001" name="const_114">
<pin_list>
<pin id="115" dir="1" index="0" bw="1" slack="0"/>
</pin_list>
<bind>
<StgValue><ssdm name="_ssdm_op_WriteResp.m_axi.i32P1A"/></StgValue>
</bind>
</comp>

<comp id="116" class="1004" name="j_fu_116">
<pin_list>
<pin id="117" dir="0" index="0" bw="1" slack="0"/>
<pin id="118" dir="1" index="1" bw="32" slack="0"/>
</pin_list>
<bind>
<opcode="alloca(26) " fcode="alloca"/>
<opset="j/1 "/>
</bind>
</comp>

<comp id="120" class="1004" name="i_fu_120">
<pin_list>
<pin id="121" dir="0" index="0" bw="1" slack="0"/>
<pin id="122" dir="1" index="1" bw="31" slack="0"/>
</pin_list>
<bind>
<opcode="alloca(26) " fcode="alloca"/>
<opset="i/1 "/>
</bind>
</comp>

<comp id="124" class="1004" name="indvar_flatten_fu_124">
<pin_list>
<pin id="125" dir="0" index="0" bw="1" slack="0"/>
<pin id="126" dir="1" index="1" bw="64" slack="0"/>
</pin_list>
<bind>
<opcode="alloca(26) " fcode="alloca"/>
<opset="indvar_flatten/1 "/>
</bind>
</comp>

<comp id="128" class="1004" name="dim_read_read_fu_128">
<pin_list>
<pin id="129" dir="0" index="0" bw="32" slack="0"/>
<pin id="130" dir="0" index="1" bw="32" slack="0"/>
<pin id="131" dir="1" index="2" bw="32" slack="0"/>
</pin_list>
<bind>
<opcode="read(1150) " fcode="read"/>
<opset="dim_read/1 "/>
</bind>
</comp>

<comp id="134" class="1004" name="out_r_read_read_fu_134">
<pin_list>
<pin id="135" dir="0" index="0" bw="64" slack="0"/>
<pin id="136" dir="0" index="1" bw="64" slack="0"/>
<pin id="137" dir="1" index="2" bw="64" slack="2"/>
</pin_list>
<bind>
<opcode="read(1150) " fcode="read"/>
<opset="out_r_read/1 "/>
</bind>
</comp>

<comp id="140" class="1004" name="in2_read_read_fu_140">
<pin_list>
<pin id="141" dir="0" index="0" bw="64" slack="0"/>
<pin id="142" dir="0" index="1" bw="64" slack="0"/>
<pin id="143" dir="1" index="2" bw="64" slack="13"/>
</pin_list>
<bind>
<opcode="read(1150) " fcode="read"/>
<opset="in2_read/1 "/>
</bind>
</comp>

<comp id="146" class="1004" name="in1_read_read_fu_146">
<pin_list>
<pin id="147" dir="0" index="0" bw="64" slack="0"/>
<pin id="148" dir="0" index="1" bw="64" slack="0"/>
<pin id="149" dir="1" index="2" bw="64" slack="1"/>
</pin_list>
<bind>
<opcode="read(1150) " fcode="read"/>
<opset="in1_read/1 "/>
</bind>
</comp>

<comp id="152" class="1004" name="grp_writeresp_fu_152">
<pin_list>
<pin id="153" dir="0" index="0" bw="1" slack="0"/>
<pin id="154" dir="0" index="1" bw="32" slack="1"/>
<pin id="155" dir="0" index="2" bw="1" slack="0"/>
<pin id="156" dir="1" index="3" bw="1" slack="2147483647"/>
</pin_list>
<bind>
<opcode="readreq(1154) writereq(1155) writeresp(1158) " fcode="writeresp"/>
<opset="gmem2_load_req/4 gmem2_addr_req/25 gmem2_addr_resp/27 "/>
</bind>
</comp>

<comp id="159" class="1004" name="grp_readreq_fu_159">
<pin_list>
<pin id="160" dir="0" index="0" bw="1" slack="0"/>
<pin id="161" dir="0" index="1" bw="32" slack="2"/>
<pin id="162" dir="0" index="2" bw="32" slack="3"/>
<pin id="163" dir="1" index="3" bw="1" slack="2147483647"/>
</pin_list>
<bind>
<opcode="readreq(1154) " fcode="readreq"/>
<opset="empty_22/4 "/>
</bind>
</comp>

<comp id="165" class="1004" name="gmem2_addr_read_read_fu_165">
<pin_list>
<pin id="166" dir="0" index="0" bw="32" slack="0"/>
<pin id="167" dir="0" index="1" bw="32" slack="9"/>
<pin id="168" dir="1" index="2" bw="32" slack="2"/>
</pin_list>
<bind>
<opcode="read(1150) " fcode="read"/>
<opset="gmem2_addr_read/12 "/>
</bind>
</comp>

<comp id="170" class="1004" name="grp_readreq_fu_170">
<pin_list>
<pin id="171" dir="0" index="0" bw="1" slack="0"/>
<pin id="172" dir="0" index="1" bw="32" slack="1"/>
<pin id="173" dir="0" index="2" bw="1" slack="0"/>
<pin id="174" dir="1" index="3" bw="1" slack="2147483647"/>
</pin_list>
<bind>
<opcode="readreq(1154) " fcode="readreq"/>
<opset="gmem1_load_req/15 "/>
</bind>
</comp>

<comp id="177" class="1004" name="gmem0_addr_read_read_fu_177">
<pin_list>
<pin id="178" dir="0" index="0" bw="32" slack="0"/>
<pin id="179" dir="0" index="1" bw="32" slack="21"/>
<pin id="180" dir="1" index="2" bw="32" slack="1"/>
</pin_list>
<bind>
<opcode="read(1150) " fcode="read"/>
<opset="gmem0_addr_read/23 "/>
</bind>
</comp>

<comp id="182" class="1004" name="gmem1_addr_read_read_fu_182">
<pin_list>
<pin id="183" dir="0" index="0" bw="32" slack="0"/>
<pin id="184" dir="0" index="1" bw="32" slack="9"/>
<pin id="185" dir="1" index="2" bw="32" slack="1"/>
</pin_list>
<bind>
<opcode="read(1150) " fcode="read"/>
<opset="gmem1_addr_read/23 "/>
</bind>
</comp>

<comp id="188" class="1004" name="write_ln23_write_fu_188">
<pin_list>
<pin id="189" dir="0" index="0" bw="0" slack="0"/>
<pin id="190" dir="0" index="1" bw="32" slack="13"/>
<pin id="191" dir="0" index="2" bw="32" slack="2"/>
<pin id="192" dir="0" index="3" bw="1" slack="0"/>
<pin id="193" dir="1" index="4" bw="0" slack="2147483647"/>
</pin_list>
<bind>
<opcode="write(1151) " fcode="write"/>
<opset="write_ln23/26 "/>
</bind>
</comp>

<comp id="197" class="1005" name="k_reg_197">
<pin_list>
<pin id="198" dir="0" index="0" bw="32" slack="1"/>
<pin id="199" dir="1" index="1" bw="32" slack="1"/>
</pin_list>
<bind>
<opset="k (phireg) "/>
</bind>
</comp>

<comp id="201" class="1004" name="k_phi_fu_201">
<pin_list>
<pin id="202" dir="0" index="0" bw="1" slack="1"/>
<pin id="203" dir="0" index="1" bw="0" slack="2147483647"/>
<pin id="204" dir="0" index="2" bw="32" slack="0"/>
<pin id="205" dir="0" index="3" bw="0" slack="2147483647"/>
<pin id="206" dir="1" index="4" bw="32" slack="0"/>
</pin_list>
<bind>
<opcode="phi(47) " fcode="phi"/>
<opset="k/14 "/>
</bind>
</comp>

<comp id="208" class="1005" name="add187_reg_208">
<pin_list>
<pin id="209" dir="0" index="0" bw="32" slack="2"/>
<pin id="210" dir="1" index="1" bw="32" slack="2"/>
</pin_list>
<bind>
<opset="add187 (phireg) "/>
</bind>
</comp>

<comp id="212" class="1004" name="add187_phi_fu_212">
<pin_list>
<pin id="213" dir="0" index="0" bw="32" slack="2"/>
<pin id="214" dir="0" index="1" bw="0" slack="2147483647"/>
<pin id="215" dir="0" index="2" bw="32" slack="1"/>
<pin id="216" dir="0" index="3" bw="0" slack="2147483647"/>
<pin id="217" dir="1" index="4" bw="32" slack="2"/>
</pin_list>
<bind>
<opcode="phi(47) " fcode="phi"/>
<opset="add187/14 "/>
</bind>
</comp>

<comp id="219" class="1005" name="phi_mul_reg_219">
<pin_list>
<pin id="220" dir="0" index="0" bw="62" slack="1"/>
<pin id="221" dir="1" index="1" bw="62" slack="1"/>
</pin_list>
<bind>
<opset="phi_mul (phireg) "/>
</bind>
</comp>

<comp id="223" class="1004" name="phi_mul_phi_fu_223">
<pin_list>
<pin id="224" dir="0" index="0" bw="1" slack="1"/>
<pin id="225" dir="0" index="1" bw="0" slack="2147483647"/>
<pin id="226" dir="0" index="2" bw="62" slack="0"/>
<pin id="227" dir="0" index="3" bw="0" slack="2147483647"/>
<pin id="228" dir="1" index="4" bw="62" slack="0"/>
</pin_list>
<bind>
<opcode="phi(47) " fcode="phi"/>
<opset="phi_mul/14 "/>
</bind>
</comp>

<comp id="230" class="1004" name="mul_ln15_1_fu_230">
<pin_list>
<pin id="231" dir="0" index="0" bw="31" slack="0"/>
<pin id="232" dir="0" index="1" bw="32" slack="1"/>
<pin id="233" dir="1" index="2" bw="62" slack="0"/>
</pin_list>
<bind>
<opcode="mul(12) " fcode="mul"/>
<opset="mul_ln15_1/2 "/>
</bind>
</comp>

<comp id="234" class="1004" name="mul_ln15_fu_234">
<pin_list>
<pin id="235" dir="0" index="0" bw="31" slack="1"/>
<pin id="236" dir="0" index="1" bw="32" slack="2"/>
<pin id="237" dir="1" index="2" bw="62" slack="0"/>
</pin_list>
<bind>
<opcode="mul(12) " fcode="mul"/>
<opset="mul_ln15/3 "/>
</bind>
</comp>

<comp id="238" class="1004" name="mul_ln7_fu_238">
<pin_list>
<pin id="239" dir="0" index="0" bw="32" slack="0"/>
<pin id="240" dir="0" index="1" bw="32" slack="0"/>
<pin id="241" dir="1" index="2" bw="64" slack="1"/>
</pin_list>
<bind>
<opcode="mul(12) " fcode="mul"/>
<opset="mul_ln7/1 "/>
</bind>
</comp>

<comp id="242" class="1004" name="mul_ln23_fu_242">
<pin_list>
<pin id="243" dir="0" index="0" bw="32" slack="1"/>
<pin id="244" dir="0" index="1" bw="32" slack="1"/>
<pin id="245" dir="1" index="2" bw="32" slack="0"/>
</pin_list>
<bind>
<opcode="mul(12) " fcode="mul"/>
<opset="mul_ln23/24 "/>
</bind>
</comp>

<comp id="246" class="1004" name="dim_cast_fu_246">
<pin_list>
<pin id="247" dir="0" index="0" bw="32" slack="0"/>
<pin id="248" dir="1" index="1" bw="62" slack="2"/>
</pin_list>
<bind>
<opcode="sext(35) " fcode="sext"/>
<opset="dim_cast/1 "/>
</bind>
</comp>

<comp id="250" class="1004" name="wide_trip_count_fu_250">
<pin_list>
<pin id="251" dir="0" index="0" bw="32" slack="0"/>
<pin id="252" dir="1" index="1" bw="64" slack="0"/>
</pin_list>
<bind>
<opcode="zext(34) " fcode="zext"/>
<opset="wide_trip_count/1 "/>
</bind>
</comp>

<comp id="256" class="1004" name="dim_cast3_fu_256">
<pin_list>
<pin id="257" dir="0" index="0" bw="32" slack="0"/>
<pin id="258" dir="1" index="1" bw="62" slack="1"/>
</pin_list>
<bind>
<opcode="zext(34) " fcode="zext"/>
<opset="dim_cast3/1 "/>
</bind>
</comp>

<comp id="260" class="1004" name="store_ln0_store_fu_260">
<pin_list>
<pin id="261" dir="0" index="0" bw="1" slack="0"/>
<pin id="262" dir="0" index="1" bw="64" slack="0"/>
<pin id="263" dir="1" index="2" bw="0" slack="2147483647"/>
</pin_list>
<bind>
<opcode="store(28) " fcode="store"/>
<opset="store_ln0/1 "/>
</bind>
</comp>

<comp id="265" class="1004" name="store_ln15_store_fu_265">
<pin_list>
<pin id="266" dir="0" index="0" bw="1" slack="0"/>
<pin id="267" dir="0" index="1" bw="31" slack="0"/>
<pin id="268" dir="1" index="2" bw="0" slack="2147483647"/>
</pin_list>
<bind>
<opcode="store(28) " fcode="store"/>
<opset="store_ln15/1 "/>
</bind>
</comp>

<comp id="270" class="1004" name="store_ln17_store_fu_270">
<pin_list>
<pin id="271" dir="0" index="0" bw="1" slack="0"/>
<pin id="272" dir="0" index="1" bw="32" slack="0"/>
<pin id="273" dir="1" index="2" bw="0" slack="2147483647"/>
</pin_list>
<bind>
<opcode="store(28) " fcode="store"/>
<opset="store_ln17/1 "/>
</bind>
</comp>

<comp id="275" class="1004" name="indvar_flatten_load_load_fu_275">
<pin_list>
<pin id="276" dir="0" index="0" bw="64" slack="1"/>
<pin id="277" dir="1" index="1" bw="64" slack="0"/>
</pin_list>
<bind>
<opcode="load(27) " fcode="load"/>
<opset="indvar_flatten_load/2 "/>
</bind>
</comp>

<comp id="278" class="1004" name="icmp_ln15_fu_278">
<pin_list>
<pin id="279" dir="0" index="0" bw="64" slack="0"/>
<pin id="280" dir="0" index="1" bw="64" slack="1"/>
<pin id="281" dir="1" index="2" bw="1" slack="2147483647"/>
</pin_list>
<bind>
<opcode="icmp(45) " fcode="icmp"/>
<opset="icmp_ln15/2 "/>
</bind>
</comp>

<comp id="283" class="1004" name="add_ln15_fu_283">
<pin_list>
<pin id="284" dir="0" index="0" bw="64" slack="0"/>
<pin id="285" dir="0" index="1" bw="1" slack="0"/>
<pin id="286" dir="1" index="2" bw="64" slack="12"/>
</pin_list>
<bind>
<opcode="add(8) " fcode="add"/>
<opset="add_ln15/2 "/>
</bind>
</comp>

<comp id="289" class="1004" name="j_load_load_fu_289">
<pin_list>
<pin id="290" dir="0" index="0" bw="32" slack="1"/>
<pin id="291" dir="1" index="1" bw="32" slack="0"/>
</pin_list>
<bind>
<opcode="load(27) " fcode="load"/>
<opset="j_load/2 "/>
</bind>
</comp>

<comp id="292" class="1004" name="i_load_load_fu_292">
<pin_list>
<pin id="293" dir="0" index="0" bw="31" slack="1"/>
<pin id="294" dir="1" index="1" bw="31" slack="0"/>
</pin_list>
<bind>
<opcode="load(27) " fcode="load"/>
<opset="i_load/2 "/>
</bind>
</comp>

<comp id="295" class="1004" name="icmp_ln17_fu_295">
<pin_list>
<pin id="296" dir="0" index="0" bw="32" slack="0"/>
<pin id="297" dir="0" index="1" bw="32" slack="1"/>
<pin id="298" dir="1" index="2" bw="1" slack="0"/>
</pin_list>
<bind>
<opcode="icmp(45) " fcode="icmp"/>
<opset="icmp_ln17/2 "/>
</bind>
</comp>

<comp id="300" class="1004" name="select_ln15_fu_300">
<pin_list>
<pin id="301" dir="0" index="0" bw="1" slack="0"/>
<pin id="302" dir="0" index="1" bw="32" slack="0"/>
<pin id="303" dir="0" index="2" bw="32" slack="0"/>
<pin id="304" dir="1" index="3" bw="32" slack="1"/>
</pin_list>
<bind>
<opcode="select(49) " fcode="select"/>
<opset="select_ln15/2 "/>
</bind>
</comp>

<comp id="308" class="1004" name="add_ln15_2_fu_308">
<pin_list>
<pin id="309" dir="0" index="0" bw="31" slack="0"/>
<pin id="310" dir="0" index="1" bw="1" slack="0"/>
<pin id="311" dir="1" index="2" bw="31" slack="0"/>
</pin_list>
<bind>
<opcode="add(8) " fcode="add"/>
<opset="add_ln15_2/2 "/>
</bind>
</comp>

<comp id="314" class="1004" name="select_ln15_1_fu_314">
<pin_list>
<pin id="315" dir="0" index="0" bw="1" slack="0"/>
<pin id="316" dir="0" index="1" bw="31" slack="0"/>
<pin id="317" dir="0" index="2" bw="31" slack="0"/>
<pin id="318" dir="1" index="3" bw="31" slack="0"/>
</pin_list>
<bind>
<opcode="select(49) " fcode="select"/>
<opset="select_ln15_1/2 "/>
</bind>
</comp>

<comp id="322" class="1004" name="zext_ln15_fu_322">
<pin_list>
<pin id="323" dir="0" index="0" bw="31" slack="0"/>
<pin id="324" dir="1" index="1" bw="62" slack="0"/>
</pin_list>
<bind>
<opcode="zext(34) " fcode="zext"/>
<opset="zext_ln15/2 "/>
</bind>
</comp>

<comp id="327" class="1004" name="p_cast_cast_mid2_v_v_v_v_fu_327">
<pin_list>
<pin id="328" dir="0" index="0" bw="64" slack="0"/>
<pin id="329" dir="0" index="1" bw="62" slack="0"/>
<pin id="330" dir="0" index="2" bw="1" slack="0"/>
<pin id="331" dir="1" index="3" bw="64" slack="0"/>
</pin_list>
<bind>
<opcode="bitconcatenate(1004) " fcode="bitconcatenate"/>
<opset="p_cast_cast_mid2_v_v_v_v/2 "/>
</bind>
</comp>

<comp id="335" class="1004" name="add_ln15_1_fu_335">
<pin_list>
<pin id="336" dir="0" index="0" bw="64" slack="0"/>
<pin id="337" dir="0" index="1" bw="64" slack="1"/>
<pin id="338" dir="1" index="2" bw="64" slack="0"/>
</pin_list>
<bind>
<opcode="add(8) " fcode="add"/>
<opset="add_ln15_1/2 "/>
</bind>
</comp>

<comp id="340" class="1004" name="p_cast_cast_mid2_v_fu_340">
<pin_list>
<pin id="341" dir="0" index="0" bw="62" slack="0"/>
<pin id="342" dir="0" index="1" bw="64" slack="0"/>
<pin id="343" dir="0" index="2" bw="3" slack="0"/>
<pin id="344" dir="0" index="3" bw="7" slack="0"/>
<pin id="345" dir="1" index="4" bw="62" slack="0"/>
</pin_list>
<bind>
<opcode="partselect(1002) " fcode="partselect"/>
<opset="p_cast_cast_mid2_v/2 "/>
</bind>
</comp>

<comp id="350" class="1004" name="sext_ln15_fu_350">
<pin_list>
<pin id="351" dir="0" index="0" bw="62" slack="0"/>
<pin id="352" dir="1" index="1" bw="64" slack="0"/>
</pin_list>
<bind>
<opcode="sext(35) " fcode="sext"/>
<opset="sext_ln15/2 "/>
</bind>
</comp>

<comp id="354" class="1004" name="gmem0_addr_fu_354">
<pin_list>
<pin id="355" dir="0" index="0" bw="64" slack="0"/>
<pin id="356" dir="0" index="1" bw="64" slack="0"/>
<pin id="357" dir="1" index="2" bw="64" slack="2"/>
</pin_list>
<bind>
<opcode="getelementptr(29) " fcode="getelementptr"/>
<opset="gmem0_addr/2 "/>
</bind>
</comp>

<comp id="360" class="1004" name="zext_ln17_fu_360">
<pin_list>
<pin id="361" dir="0" index="0" bw="32" slack="1"/>
<pin id="362" dir="1" index="1" bw="62" slack="0"/>
</pin_list>
<bind>
<opcode="zext(34) " fcode="zext"/>
<opset="zext_ln17/3 "/>
</bind>
</comp>

<comp id="363" class="1004" name="empty_fu_363">
<pin_list>
<pin id="364" dir="0" index="0" bw="32" slack="0"/>
<pin id="365" dir="0" index="1" bw="62" slack="0"/>
<pin id="366" dir="1" index="2" bw="62" slack="0"/>
</pin_list>
<bind>
<opcode="add(8) " fcode="add"/>
<opset="empty/3 "/>
</bind>
</comp>

<comp id="369" class="1004" name="tmp_fu_369">
<pin_list>
<pin id="370" dir="0" index="0" bw="64" slack="0"/>
<pin id="371" dir="0" index="1" bw="62" slack="0"/>
<pin id="372" dir="0" index="2" bw="1" slack="0"/>
<pin id="373" dir="1" index="3" bw="64" slack="0"/>
</pin_list>
<bind>
<opcode="bitconcatenate(1004) " fcode="bitconcatenate"/>
<opset="tmp/3 "/>
</bind>
</comp>

<comp id="377" class="1004" name="empty_21_fu_377">
<pin_list>
<pin id="378" dir="0" index="0" bw="64" slack="0"/>
<pin id="379" dir="0" index="1" bw="64" slack="2"/>
<pin id="380" dir="1" index="2" bw="64" slack="0"/>
</pin_list>
<bind>
<opcode="add(8) " fcode="add"/>
<opset="empty_21/3 "/>
</bind>
</comp>

<comp id="382" class="1004" name="trunc_ln_fu_382">
<pin_list>
<pin id="383" dir="0" index="0" bw="62" slack="0"/>
<pin id="384" dir="0" index="1" bw="64" slack="0"/>
<pin id="385" dir="0" index="2" bw="3" slack="0"/>
<pin id="386" dir="0" index="3" bw="7" slack="0"/>
<pin id="387" dir="1" index="4" bw="62" slack="0"/>
</pin_list>
<bind>
<opcode="partselect(1002) " fcode="partselect"/>
<opset="trunc_ln/3 "/>
</bind>
</comp>

<comp id="392" class="1004" name="sext_ln23_fu_392">
<pin_list>
<pin id="393" dir="0" index="0" bw="62" slack="0"/>
<pin id="394" dir="1" index="1" bw="64" slack="0"/>
</pin_list>
<bind>
<opcode="sext(35) " fcode="sext"/>
<opset="sext_ln23/3 "/>
</bind>
</comp>

<comp id="396" class="1004" name="gmem2_addr_fu_396">
<pin_list>
<pin id="397" dir="0" index="0" bw="64" slack="0"/>
<pin id="398" dir="0" index="1" bw="64" slack="0"/>
<pin id="399" dir="1" index="2" bw="64" slack="1"/>
</pin_list>
<bind>
<opcode="getelementptr(29) " fcode="getelementptr"/>
<opset="gmem2_addr/3 "/>
</bind>
</comp>

<comp id="402" class="1004" name="icmp_ln20_fu_402">
<pin_list>
<pin id="403" dir="0" index="0" bw="32" slack="0"/>
<pin id="404" dir="0" index="1" bw="32" slack="13"/>
<pin id="405" dir="1" index="2" bw="1" slack="2147483647"/>
</pin_list>
<bind>
<opcode="icmp(45) " fcode="icmp"/>
<opset="icmp_ln20/14 "/>
</bind>
</comp>

<comp id="407" class="1004" name="add_ln20_fu_407">
<pin_list>
<pin id="408" dir="0" index="0" bw="32" slack="0"/>
<pin id="409" dir="0" index="1" bw="1" slack="0"/>
<pin id="410" dir="1" index="2" bw="32" slack="0"/>
</pin_list>
<bind>
<opcode="add(8) " fcode="add"/>
<opset="add_ln20/14 "/>
</bind>
</comp>

<comp id="413" class="1004" name="add_ln23_3_fu_413">
<pin_list>
<pin id="414" dir="0" index="0" bw="62" slack="0"/>
<pin id="415" dir="0" index="1" bw="32" slack="13"/>
<pin id="416" dir="1" index="2" bw="62" slack="0"/>
</pin_list>
<bind>
<opcode="add(8) " fcode="add"/>
<opset="add_ln23_3/14 "/>
</bind>
</comp>

<comp id="418" class="1004" name="add_ln23_fu_418">
<pin_list>
<pin id="419" dir="0" index="0" bw="62" slack="0"/>
<pin id="420" dir="0" index="1" bw="32" slack="11"/>
<pin id="421" dir="1" index="2" bw="62" slack="0"/>
</pin_list>
<bind>
<opcode="add(8) " fcode="add"/>
<opset="add_ln23/14 "/>
</bind>
</comp>

<comp id="423" class="1004" name="shl_ln_fu_423">
<pin_list>
<pin id="424" dir="0" index="0" bw="64" slack="0"/>
<pin id="425" dir="0" index="1" bw="62" slack="0"/>
<pin id="426" dir="0" index="2" bw="1" slack="0"/>
<pin id="427" dir="1" index="3" bw="64" slack="0"/>
</pin_list>
<bind>
<opcode="bitconcatenate(1004) " fcode="bitconcatenate"/>
<opset="shl_ln/14 "/>
</bind>
</comp>

<comp id="431" class="1004" name="add_ln23_1_fu_431">
<pin_list>
<pin id="432" dir="0" index="0" bw="64" slack="0"/>
<pin id="433" dir="0" index="1" bw="64" slack="13"/>
<pin id="434" dir="1" index="2" bw="64" slack="0"/>
</pin_list>
<bind>
<opcode="add(8) " fcode="add"/>
<opset="add_ln23_1/14 "/>
</bind>
</comp>

<comp id="436" class="1004" name="trunc_ln23_1_fu_436">
<pin_list>
<pin id="437" dir="0" index="0" bw="62" slack="0"/>
<pin id="438" dir="0" index="1" bw="64" slack="0"/>
<pin id="439" dir="0" index="2" bw="3" slack="0"/>
<pin id="440" dir="0" index="3" bw="7" slack="0"/>
<pin id="441" dir="1" index="4" bw="62" slack="0"/>
</pin_list>
<bind>
<opcode="partselect(1002) " fcode="partselect"/>
<opset="trunc_ln23_1/14 "/>
</bind>
</comp>

<comp id="446" class="1004" name="sext_ln23_1_fu_446">
<pin_list>
<pin id="447" dir="0" index="0" bw="62" slack="0"/>
<pin id="448" dir="1" index="1" bw="64" slack="0"/>
</pin_list>
<bind>
<opcode="sext(35) " fcode="sext"/>
<opset="sext_ln23_1/14 "/>
</bind>
</comp>

<comp id="450" class="1004" name="gmem1_addr_fu_450">
<pin_list>
<pin id="451" dir="0" index="0" bw="64" slack="0"/>
<pin id="452" dir="0" index="1" bw="64" slack="0"/>
<pin id="453" dir="1" index="2" bw="64" slack="1"/>
</pin_list>
<bind>
<opcode="getelementptr(29) " fcode="getelementptr"/>
<opset="gmem1_addr/14 "/>
</bind>
</comp>

<comp id="456" class="1004" name="add_ln17_fu_456">
<pin_list>
<pin id="457" dir="0" index="0" bw="32" slack="12"/>
<pin id="458" dir="0" index="1" bw="1" slack="0"/>
<pin id="459" dir="1" index="2" bw="32" slack="0"/>
</pin_list>
<bind>
<opcode="add(8) " fcode="add"/>
<opset="add_ln17/14 "/>
</bind>
</comp>

<comp id="461" class="1004" name="store_ln15_store_fu_461">
<pin_list>
<pin id="462" dir="0" index="0" bw="64" slack="12"/>
<pin id="463" dir="0" index="1" bw="64" slack="13"/>
<pin id="464" dir="1" index="2" bw="0" slack="2147483647"/>
</pin_list>
<bind>
<opcode="store(28) " fcode="store"/>
<opset="store_ln15/14 "/>
</bind>
</comp>

<comp id="465" class="1004" name="store_ln15_store_fu_465">
<pin_list>
<pin id="466" dir="0" index="0" bw="31" slack="12"/>
<pin id="467" dir="0" index="1" bw="31" slack="13"/>
<pin id="468" dir="1" index="2" bw="0" slack="2147483647"/>
</pin_list>
<bind>
<opcode="store(28) " fcode="store"/>
<opset="store_ln15/14 "/>
</bind>
</comp>

<comp id="469" class="1004" name="store_ln17_store_fu_469">
<pin_list>
<pin id="470" dir="0" index="0" bw="32" slack="0"/>
<pin id="471" dir="0" index="1" bw="32" slack="13"/>
<pin id="472" dir="1" index="2" bw="0" slack="2147483647"/>
</pin_list>
<bind>
<opcode="store(28) " fcode="store"/>
<opset="store_ln17/14 "/>
</bind>
</comp>

<comp id="474" class="1004" name="add_ln23_2_fu_474">
<pin_list>
<pin id="475" dir="0" index="0" bw="32" slack="0"/>
<pin id="476" dir="0" index="1" bw="32" slack="10"/>
<pin id="477" dir="1" index="2" bw="32" slack="1"/>
</pin_list>
<bind>
<opcode="add(8) " fcode="add"/>
<opset="add_ln23_2/24 "/>
</bind>
</comp>

<comp id="480" class="1005" name="j_reg_480">
<pin_list>
<pin id="481" dir="0" index="0" bw="32" slack="0"/>
<pin id="482" dir="1" index="1" bw="32" slack="0"/>
</pin_list>
<bind>
<opset="j "/>
</bind>
</comp>

<comp id="487" class="1005" name="i_reg_487">
<pin_list>
<pin id="488" dir="0" index="0" bw="31" slack="0"/>
<pin id="489" dir="1" index="1" bw="31" slack="0"/>
</pin_list>
<bind>
<opset="i "/>
</bind>
</comp>

<comp id="494" class="1005" name="indvar_flatten_reg_494">
<pin_list>
<pin id="495" dir="0" index="0" bw="64" slack="0"/>
<pin id="496" dir="1" index="1" bw="64" slack="0"/>
</pin_list>
<bind>
<opset="indvar_flatten "/>
</bind>
</comp>

<comp id="501" class="1005" name="dim_read_reg_501">
<pin_list>
<pin id="502" dir="0" index="0" bw="32" slack="1"/>
<pin id="503" dir="1" index="1" bw="32" slack="1"/>
</pin_list>
<bind>
<opset="dim_read "/>
</bind>
</comp>

<comp id="507" class="1005" name="out_r_read_reg_507">
<pin_list>
<pin id="508" dir="0" index="0" bw="64" slack="2"/>
<pin id="509" dir="1" index="1" bw="64" slack="2"/>
</pin_list>
<bind>
<opset="out_r_read "/>
</bind>
</comp>

<comp id="512" class="1005" name="in2_read_reg_512">
<pin_list>
<pin id="513" dir="0" index="0" bw="64" slack="13"/>
<pin id="514" dir="1" index="1" bw="64" slack="13"/>
</pin_list>
<bind>
<opset="in2_read "/>
</bind>
</comp>

<comp id="517" class="1005" name="in1_read_reg_517">
<pin_list>
<pin id="518" dir="0" index="0" bw="64" slack="1"/>
<pin id="519" dir="1" index="1" bw="64" slack="1"/>
</pin_list>
<bind>
<opset="in1_read "/>
</bind>
</comp>

<comp id="522" class="1005" name="dim_cast_reg_522">
<pin_list>
<pin id="523" dir="0" index="0" bw="62" slack="2"/>
<pin id="524" dir="1" index="1" bw="62" slack="2"/>
</pin_list>
<bind>
<opset="dim_cast "/>
</bind>
</comp>

<comp id="528" class="1005" name="wide_trip_count_reg_528">
<pin_list>
<pin id="529" dir="0" index="0" bw="64" slack="3"/>
<pin id="530" dir="1" index="1" bw="64" slack="3"/>
</pin_list>
<bind>
<opset="wide_trip_count "/>
</bind>
</comp>

<comp id="533" class="1005" name="dim_cast3_reg_533">
<pin_list>
<pin id="534" dir="0" index="0" bw="62" slack="1"/>
<pin id="535" dir="1" index="1" bw="62" slack="1"/>
</pin_list>
<bind>
<opset="dim_cast3 "/>
</bind>
</comp>

<comp id="538" class="1005" name="mul_ln7_reg_538">
<pin_list>
<pin id="539" dir="0" index="0" bw="64" slack="1"/>
<pin id="540" dir="1" index="1" bw="64" slack="1"/>
</pin_list>
<bind>
<opset="mul_ln7 "/>
</bind>
</comp>

<comp id="546" class="1005" name="add_ln15_reg_546">
<pin_list>
<pin id="547" dir="0" index="0" bw="64" slack="12"/>
<pin id="548" dir="1" index="1" bw="64" slack="12"/>
</pin_list>
<bind>
<opset="add_ln15 "/>
</bind>
</comp>

<comp id="551" class="1005" name="select_ln15_reg_551">
<pin_list>
<pin id="552" dir="0" index="0" bw="32" slack="1"/>
<pin id="553" dir="1" index="1" bw="32" slack="1"/>
</pin_list>
<bind>
<opset="select_ln15 "/>
</bind>
</comp>

<comp id="557" class="1005" name="select_ln15_1_reg_557">
<pin_list>
<pin id="558" dir="0" index="0" bw="31" slack="12"/>
<pin id="559" dir="1" index="1" bw="31" slack="12"/>
</pin_list>
<bind>
<opset="select_ln15_1 "/>
</bind>
</comp>

<comp id="562" class="1005" name="zext_ln15_reg_562">
<pin_list>
<pin id="563" dir="0" index="0" bw="62" slack="1"/>
<pin id="564" dir="1" index="1" bw="62" slack="1"/>
</pin_list>
<bind>
<opset="zext_ln15 "/>
</bind>
</comp>

<comp id="567" class="1005" name="gmem0_addr_reg_567">
<pin_list>
<pin id="568" dir="0" index="0" bw="32" slack="2"/>
<pin id="569" dir="1" index="1" bw="32" slack="2"/>
</pin_list>
<bind>
<opset="gmem0_addr "/>
</bind>
</comp>

<comp id="573" class="1005" name="zext_ln17_reg_573">
<pin_list>
<pin id="574" dir="0" index="0" bw="62" slack="11"/>
<pin id="575" dir="1" index="1" bw="62" slack="11"/>
</pin_list>
<bind>
<opset="zext_ln17 "/>
</bind>
</comp>

<comp id="578" class="1005" name="gmem2_addr_reg_578">
<pin_list>
<pin id="579" dir="0" index="0" bw="32" slack="1"/>
<pin id="580" dir="1" index="1" bw="32" slack="1"/>
</pin_list>
<bind>
<opset="gmem2_addr "/>
</bind>
</comp>

<comp id="585" class="1005" name="gmem2_addr_read_reg_585">
<pin_list>
<pin id="586" dir="0" index="0" bw="32" slack="2"/>
<pin id="587" dir="1" index="1" bw="32" slack="2"/>
</pin_list>
<bind>
<opset="gmem2_addr_read "/>
</bind>
</comp>

<comp id="593" class="1005" name="add_ln20_reg_593">
<pin_list>
<pin id="594" dir="0" index="0" bw="32" slack="0"/>
<pin id="595" dir="1" index="1" bw="32" slack="0"/>
</pin_list>
<bind>
<opset="add_ln20 "/>
</bind>
</comp>

<comp id="598" class="1005" name="add_ln23_3_reg_598">
<pin_list>
<pin id="599" dir="0" index="0" bw="62" slack="0"/>
<pin id="600" dir="1" index="1" bw="62" slack="0"/>
</pin_list>
<bind>
<opset="add_ln23_3 "/>
</bind>
</comp>

<comp id="603" class="1005" name="gmem1_addr_reg_603">
<pin_list>
<pin id="604" dir="0" index="0" bw="32" slack="1"/>
<pin id="605" dir="1" index="1" bw="32" slack="1"/>
</pin_list>
<bind>
<opset="gmem1_addr "/>
</bind>
</comp>

<comp id="609" class="1005" name="gmem0_addr_read_reg_609">
<pin_list>
<pin id="610" dir="0" index="0" bw="32" slack="1"/>
<pin id="611" dir="1" index="1" bw="32" slack="1"/>
</pin_list>
<bind>
<opset="gmem0_addr_read "/>
</bind>
</comp>

<comp id="614" class="1005" name="gmem1_addr_read_reg_614">
<pin_list>
<pin id="615" dir="0" index="0" bw="32" slack="1"/>
<pin id="616" dir="1" index="1" bw="32" slack="1"/>
</pin_list>
<bind>
<opset="gmem1_addr_read "/>
</bind>
</comp>

<comp id="619" class="1005" name="add_ln23_2_reg_619">
<pin_list>
<pin id="620" dir="0" index="0" bw="32" slack="1"/>
<pin id="621" dir="1" index="1" bw="32" slack="1"/>
</pin_list>
<bind>
<opset="add_ln23_2 "/>
</bind>
</comp>

</comp_list>

<net_list>
<net id="119"><net_src comp="14" pin="0"/><net_sink comp="116" pin=0"/></net>

<net id="123"><net_src comp="14" pin="0"/><net_sink comp="120" pin=0"/></net>

<net id="127"><net_src comp="14" pin="0"/><net_sink comp="124" pin=0"/></net>

<net id="132"><net_src comp="62" pin="0"/><net_sink comp="128" pin=0"/></net>

<net id="133"><net_src comp="12" pin="0"/><net_sink comp="128" pin=1"/></net>

<net id="138"><net_src comp="64" pin="0"/><net_sink comp="134" pin=0"/></net>

<net id="139"><net_src comp="10" pin="0"/><net_sink comp="134" pin=1"/></net>

<net id="144"><net_src comp="64" pin="0"/><net_sink comp="140" pin=0"/></net>

<net id="145"><net_src comp="8" pin="0"/><net_sink comp="140" pin=1"/></net>

<net id="150"><net_src comp="64" pin="0"/><net_sink comp="146" pin=0"/></net>

<net id="151"><net_src comp="6" pin="0"/><net_sink comp="146" pin=1"/></net>

<net id="157"><net_src comp="84" pin="0"/><net_sink comp="152" pin=0"/></net>

<net id="158"><net_src comp="70" pin="0"/><net_sink comp="152" pin=2"/></net>

<net id="164"><net_src comp="86" pin="0"/><net_sink comp="159" pin=0"/></net>

<net id="169"><net_src comp="88" pin="0"/><net_sink comp="165" pin=0"/></net>

<net id="175"><net_src comp="84" pin="0"/><net_sink comp="170" pin=0"/></net>

<net id="176"><net_src comp="70" pin="0"/><net_sink comp="170" pin=2"/></net>

<net id="181"><net_src comp="102" pin="0"/><net_sink comp="177" pin=0"/></net>

<net id="186"><net_src comp="88" pin="0"/><net_sink comp="182" pin=0"/></net>

<net id="187"><net_src comp="108" pin="0"/><net_sink comp="152" pin=0"/></net>

<net id="194"><net_src comp="110" pin="0"/><net_sink comp="188" pin=0"/></net>

<net id="195"><net_src comp="112" pin="0"/><net_sink comp="188" pin=3"/></net>

<net id="196"><net_src comp="114" pin="0"/><net_sink comp="152" pin=0"/></net>

<net id="200"><net_src comp="24" pin="0"/><net_sink comp="197" pin=0"/></net>

<net id="207"><net_src comp="197" pin="1"/><net_sink comp="201" pin=0"/></net>

<net id="211"><net_src comp="208" pin="1"/><net_sink comp="188" pin=2"/></net>

<net id="218"><net_src comp="212" pin="4"/><net_sink comp="208" pin=0"/></net>

<net id="222"><net_src comp="100" pin="0"/><net_sink comp="219" pin=0"/></net>

<net id="229"><net_src comp="219" pin="1"/><net_sink comp="223" pin=0"/></net>

<net id="249"><net_src comp="128" pin="2"/><net_sink comp="246" pin=0"/></net>

<net id="253"><net_src comp="128" pin="2"/><net_sink comp="250" pin=0"/></net>

<net id="254"><net_src comp="250" pin="1"/><net_sink comp="238" pin=0"/></net>

<net id="255"><net_src comp="250" pin="1"/><net_sink comp="238" pin=1"/></net>

<net id="259"><net_src comp="128" pin="2"/><net_sink comp="256" pin=0"/></net>

<net id="264"><net_src comp="66" pin="0"/><net_sink comp="260" pin=0"/></net>

<net id="269"><net_src comp="68" pin="0"/><net_sink comp="265" pin=0"/></net>

<net id="274"><net_src comp="24" pin="0"/><net_sink comp="270" pin=0"/></net>

<net id="282"><net_src comp="275" pin="1"/><net_sink comp="278" pin=0"/></net>

<net id="287"><net_src comp="275" pin="1"/><net_sink comp="283" pin=0"/></net>

<net id="288"><net_src comp="70" pin="0"/><net_sink comp="283" pin=1"/></net>

<net id="299"><net_src comp="289" pin="1"/><net_sink comp="295" pin=0"/></net>

<net id="305"><net_src comp="295" pin="2"/><net_sink comp="300" pin=0"/></net>

<net id="306"><net_src comp="24" pin="0"/><net_sink comp="300" pin=1"/></net>

<net id="307"><net_src comp="289" pin="1"/><net_sink comp="300" pin=2"/></net>

<net id="312"><net_src comp="292" pin="1"/><net_sink comp="308" pin=0"/></net>

<net id="313"><net_src comp="72" pin="0"/><net_sink comp="308" pin=1"/></net>

<net id="319"><net_src comp="295" pin="2"/><net_sink comp="314" pin=0"/></net>

<net id="320"><net_src comp="308" pin="2"/><net_sink comp="314" pin=1"/></net>

<net id="321"><net_src comp="292" pin="1"/><net_sink comp="314" pin=2"/></net>

<net id="325"><net_src comp="314" pin="3"/><net_sink comp="322" pin=0"/></net>

<net id="326"><net_src comp="322" pin="1"/><net_sink comp="230" pin=0"/></net>

<net id="332"><net_src comp="74" pin="0"/><net_sink comp="327" pin=0"/></net>

<net id="333"><net_src comp="230" pin="2"/><net_sink comp="327" pin=1"/></net>

<net id="334"><net_src comp="76" pin="0"/><net_sink comp="327" pin=2"/></net>

<net id="339"><net_src comp="327" pin="3"/><net_sink comp="335" pin=0"/></net>

<net id="346"><net_src comp="78" pin="0"/><net_sink comp="340" pin=0"/></net>

<net id="347"><net_src comp="335" pin="2"/><net_sink comp="340" pin=1"/></net>

<net id="348"><net_src comp="80" pin="0"/><net_sink comp="340" pin=2"/></net>

<net id="349"><net_src comp="82" pin="0"/><net_sink comp="340" pin=3"/></net>

<net id="353"><net_src comp="340" pin="4"/><net_sink comp="350" pin=0"/></net>

<net id="358"><net_src comp="0" pin="0"/><net_sink comp="354" pin=0"/></net>

<net id="359"><net_src comp="350" pin="1"/><net_sink comp="354" pin=1"/></net>

<net id="367"><net_src comp="360" pin="1"/><net_sink comp="363" pin=0"/></net>

<net id="368"><net_src comp="234" pin="2"/><net_sink comp="363" pin=1"/></net>

<net id="374"><net_src comp="74" pin="0"/><net_sink comp="369" pin=0"/></net>

<net id="375"><net_src comp="363" pin="2"/><net_sink comp="369" pin=1"/></net>

<net id="376"><net_src comp="76" pin="0"/><net_sink comp="369" pin=2"/></net>

<net id="381"><net_src comp="369" pin="3"/><net_sink comp="377" pin=0"/></net>

<net id="388"><net_src comp="78" pin="0"/><net_sink comp="382" pin=0"/></net>

<net id="389"><net_src comp="377" pin="2"/><net_sink comp="382" pin=1"/></net>

<net id="390"><net_src comp="80" pin="0"/><net_sink comp="382" pin=2"/></net>

<net id="391"><net_src comp="82" pin="0"/><net_sink comp="382" pin=3"/></net>

<net id="395"><net_src comp="382" pin="4"/><net_sink comp="392" pin=0"/></net>

<net id="400"><net_src comp="4" pin="0"/><net_sink comp="396" pin=0"/></net>

<net id="401"><net_src comp="392" pin="1"/><net_sink comp="396" pin=1"/></net>

<net id="406"><net_src comp="201" pin="4"/><net_sink comp="402" pin=0"/></net>

<net id="411"><net_src comp="201" pin="4"/><net_sink comp="407" pin=0"/></net>

<net id="412"><net_src comp="14" pin="0"/><net_sink comp="407" pin=1"/></net>

<net id="417"><net_src comp="223" pin="4"/><net_sink comp="413" pin=0"/></net>

<net id="422"><net_src comp="223" pin="4"/><net_sink comp="418" pin=0"/></net>

<net id="428"><net_src comp="74" pin="0"/><net_sink comp="423" pin=0"/></net>

<net id="429"><net_src comp="418" pin="2"/><net_sink comp="423" pin=1"/></net>

<net id="430"><net_src comp="76" pin="0"/><net_sink comp="423" pin=2"/></net>

<net id="435"><net_src comp="423" pin="3"/><net_sink comp="431" pin=0"/></net>

<net id="442"><net_src comp="78" pin="0"/><net_sink comp="436" pin=0"/></net>

<net id="443"><net_src comp="431" pin="2"/><net_sink comp="436" pin=1"/></net>

<net id="444"><net_src comp="80" pin="0"/><net_sink comp="436" pin=2"/></net>

<net id="445"><net_src comp="82" pin="0"/><net_sink comp="436" pin=3"/></net>

<net id="449"><net_src comp="436" pin="4"/><net_sink comp="446" pin=0"/></net>

<net id="454"><net_src comp="2" pin="0"/><net_sink comp="450" pin=0"/></net>

<net id="455"><net_src comp="446" pin="1"/><net_sink comp="450" pin=1"/></net>

<net id="460"><net_src comp="14" pin="0"/><net_sink comp="456" pin=1"/></net>

<net id="473"><net_src comp="456" pin="2"/><net_sink comp="469" pin=0"/></net>

<net id="478"><net_src comp="242" pin="2"/><net_sink comp="474" pin=0"/></net>

<net id="479"><net_src comp="208" pin="1"/><net_sink comp="474" pin=1"/></net>

<net id="483"><net_src comp="116" pin="1"/><net_sink comp="480" pin=0"/></net>

<net id="484"><net_src comp="480" pin="1"/><net_sink comp="270" pin=1"/></net>

<net id="485"><net_src comp="480" pin="1"/><net_sink comp="289" pin=0"/></net>

<net id="486"><net_src comp="480" pin="1"/><net_sink comp="469" pin=1"/></net>

<net id="490"><net_src comp="120" pin="1"/><net_sink comp="487" pin=0"/></net>

<net id="491"><net_src comp="487" pin="1"/><net_sink comp="265" pin=1"/></net>

<net id="492"><net_src comp="487" pin="1"/><net_sink comp="292" pin=0"/></net>

<net id="493"><net_src comp="487" pin="1"/><net_sink comp="465" pin=1"/></net>

<net id="497"><net_src comp="124" pin="1"/><net_sink comp="494" pin=0"/></net>

<net id="498"><net_src comp="494" pin="1"/><net_sink comp="260" pin=1"/></net>

<net id="499"><net_src comp="494" pin="1"/><net_sink comp="275" pin=0"/></net>

<net id="500"><net_src comp="494" pin="1"/><net_sink comp="461" pin=1"/></net>

<net id="504"><net_src comp="128" pin="2"/><net_sink comp="501" pin=0"/></net>

<net id="505"><net_src comp="501" pin="1"/><net_sink comp="295" pin=1"/></net>

<net id="506"><net_src comp="501" pin="1"/><net_sink comp="402" pin=1"/></net>

<net id="510"><net_src comp="134" pin="2"/><net_sink comp="507" pin=0"/></net>

<net id="511"><net_src comp="507" pin="1"/><net_sink comp="377" pin=1"/></net>

<net id="515"><net_src comp="140" pin="2"/><net_sink comp="512" pin=0"/></net>

<net id="516"><net_src comp="512" pin="1"/><net_sink comp="431" pin=1"/></net>

<net id="520"><net_src comp="146" pin="2"/><net_sink comp="517" pin=0"/></net>

<net id="521"><net_src comp="517" pin="1"/><net_sink comp="335" pin=1"/></net>

<net id="525"><net_src comp="246" pin="1"/><net_sink comp="522" pin=0"/></net>

<net id="526"><net_src comp="522" pin="1"/><net_sink comp="234" pin=1"/></net>

<net id="527"><net_src comp="522" pin="1"/><net_sink comp="413" pin=1"/></net>

<net id="531"><net_src comp="250" pin="1"/><net_sink comp="528" pin=0"/></net>

<net id="532"><net_src comp="528" pin="1"/><net_sink comp="159" pin=2"/></net>

<net id="536"><net_src comp="256" pin="1"/><net_sink comp="533" pin=0"/></net>

<net id="537"><net_src comp="533" pin="1"/><net_sink comp="230" pin=1"/></net>

<net id="541"><net_src comp="238" pin="2"/><net_sink comp="538" pin=0"/></net>

<net id="542"><net_src comp="538" pin="1"/><net_sink comp="278" pin=1"/></net>

<net id="549"><net_src comp="283" pin="2"/><net_sink comp="546" pin=0"/></net>

<net id="550"><net_src comp="546" pin="1"/><net_sink comp="461" pin=0"/></net>

<net id="554"><net_src comp="300" pin="3"/><net_sink comp="551" pin=0"/></net>

<net id="555"><net_src comp="551" pin="1"/><net_sink comp="360" pin=0"/></net>

<net id="556"><net_src comp="551" pin="1"/><net_sink comp="456" pin=0"/></net>

<net id="560"><net_src comp="314" pin="3"/><net_sink comp="557" pin=0"/></net>

<net id="561"><net_src comp="557" pin="1"/><net_sink comp="465" pin=0"/></net>

<net id="565"><net_src comp="322" pin="1"/><net_sink comp="562" pin=0"/></net>

<net id="566"><net_src comp="562" pin="1"/><net_sink comp="234" pin=0"/></net>

<net id="570"><net_src comp="354" pin="2"/><net_sink comp="567" pin=0"/></net>

<net id="571"><net_src comp="567" pin="1"/><net_sink comp="159" pin=1"/></net>

<net id="572"><net_src comp="567" pin="1"/><net_sink comp="177" pin=1"/></net>

<net id="576"><net_src comp="360" pin="1"/><net_sink comp="573" pin=0"/></net>

<net id="577"><net_src comp="573" pin="1"/><net_sink comp="418" pin=1"/></net>

<net id="581"><net_src comp="396" pin="2"/><net_sink comp="578" pin=0"/></net>

<net id="582"><net_src comp="578" pin="1"/><net_sink comp="152" pin=1"/></net>

<net id="583"><net_src comp="578" pin="1"/><net_sink comp="165" pin=1"/></net>

<net id="584"><net_src comp="578" pin="1"/><net_sink comp="188" pin=1"/></net>

<net id="588"><net_src comp="165" pin="2"/><net_sink comp="585" pin=0"/></net>

<net id="589"><net_src comp="585" pin="1"/><net_sink comp="212" pin=0"/></net>

<net id="596"><net_src comp="407" pin="2"/><net_sink comp="593" pin=0"/></net>

<net id="597"><net_src comp="593" pin="1"/><net_sink comp="201" pin=2"/></net>

<net id="601"><net_src comp="413" pin="2"/><net_sink comp="598" pin=0"/></net>

<net id="602"><net_src comp="598" pin="1"/><net_sink comp="223" pin=2"/></net>

<net id="606"><net_src comp="450" pin="2"/><net_sink comp="603" pin=0"/></net>

<net id="607"><net_src comp="603" pin="1"/><net_sink comp="170" pin=1"/></net>

<net id="608"><net_src comp="603" pin="1"/><net_sink comp="182" pin=1"/></net>

<net id="612"><net_src comp="177" pin="2"/><net_sink comp="609" pin=0"/></net>

<net id="613"><net_src comp="609" pin="1"/><net_sink comp="242" pin=1"/></net>

<net id="617"><net_src comp="182" pin="2"/><net_sink comp="614" pin=0"/></net>

<net id="618"><net_src comp="614" pin="1"/><net_sink comp="242" pin=0"/></net>

<net id="622"><net_src comp="474" pin="2"/><net_sink comp="619" pin=0"/></net>

<net id="623"><net_src comp="619" pin="1"/><net_sink comp="212" pin=2"/></net>

</net_list>

</model> 
---------------- Datapath Model END ------------------

* FSMD analyzer results:
  - Output states:
	Port: gmem2 | {25 26 27 28 29 30 31 }
 - Input state : 
	Port: mmult_hw : gmem0 | {4 5 6 7 8 9 10 11 23 }
	Port: mmult_hw : gmem1 | {15 16 17 18 19 20 21 22 23 }
	Port: mmult_hw : gmem2 | {4 5 6 7 8 9 10 11 12 }
	Port: mmult_hw : in1 | {1 }
	Port: mmult_hw : in2 | {1 }
	Port: mmult_hw : out_r | {1 }
	Port: mmult_hw : dim | {1 }
  - Chain level:
	State 1
		mul_ln7 : 1
		store_ln0 : 1
		store_ln15 : 1
		store_ln17 : 1
	State 2
		icmp_ln15 : 1
		add_ln15 : 1
		br_ln15 : 2
		icmp_ln17 : 1
		select_ln15 : 2
		add_ln15_2 : 1
		select_ln15_1 : 2
		zext_ln15 : 3
		mul_ln15_1 : 4
		p_cast_cast_mid2_v_v_v_v : 5
		add_ln15_1 : 6
		p_cast_cast_mid2_v : 7
		sext_ln15 : 8
		gmem0_addr : 9
	State 3
		empty : 1
		tmp : 2
		empty_21 : 3
		trunc_ln : 4
		sext_ln23 : 5
		gmem2_addr : 6
	State 4
	State 5
	State 6
	State 7
	State 8
	State 9
	State 10
	State 11
	State 12
	State 13
	State 14
		icmp_ln20 : 1
		add_ln20 : 1
		br_ln20 : 2
		add_ln23_3 : 1
		add_ln23 : 1
		shl_ln : 2
		add_ln23_1 : 3
		trunc_ln23_1 : 4
		sext_ln23_1 : 5
		gmem1_addr : 6
		store_ln17 : 1
	State 15
	State 16
	State 17
	State 18
	State 19
	State 20
	State 21
	State 22
	State 23
	State 24
		add_ln23_2 : 1
	State 25
	State 26
	State 27
	State 28
	State 29
	State 30
	State 31


============================================================
+ Verbose Summary: Datapath Resource usage 
============================================================

* Functional unit list:
|----------|---------------------------------|---------|---------|---------|
| Operation|         Functional Unit         |   DSP   |    FF   |   LUT   |
|----------|---------------------------------|---------|---------|---------|
|          |         add_ln15_fu_283         |    0    |    0    |    71   |
|          |        add_ln15_2_fu_308        |    0    |    0    |    38   |
|          |        add_ln15_1_fu_335        |    0    |    0    |    71   |
|          |           empty_fu_363          |    0    |    0    |    69   |
|          |         empty_21_fu_377         |    0    |    0    |    71   |
|    add   |         add_ln20_fu_407         |    0    |    0    |    39   |
|          |        add_ln23_3_fu_413        |    0    |    0    |    69   |
|          |         add_ln23_fu_418         |    0    |    0    |    69   |
|          |        add_ln23_1_fu_431        |    0    |    0    |    71   |
|          |         add_ln17_fu_456         |    0    |    0    |    39   |
|          |        add_ln23_2_fu_474        |    0    |    0    |    39   |
|----------|---------------------------------|---------|---------|---------|
|          |         icmp_ln15_fu_278        |    0    |    0    |    71   |
|   icmp   |         icmp_ln17_fu_295        |    0    |    0    |    39   |
|          |         icmp_ln20_fu_402        |    0    |    0    |    39   |
|----------|---------------------------------|---------|---------|---------|
|          |        mul_ln15_1_fu_230        |    4    |    0    |    20   |
|    mul   |         mul_ln15_fu_234         |    4    |    0    |    20   |
|          |          mul_ln7_fu_238         |    4    |    0    |    20   |
|          |         mul_ln23_fu_242         |    3    |    0    |    20   |
|----------|---------------------------------|---------|---------|---------|
|  select  |        select_ln15_fu_300       |    0    |    0    |    32   |
|          |       select_ln15_1_fu_314      |    0    |    0    |    30   |
|----------|---------------------------------|---------|---------|---------|
|          |       dim_read_read_fu_128      |    0    |    0    |    0    |
|          |      out_r_read_read_fu_134     |    0    |    0    |    0    |
|          |       in2_read_read_fu_140      |    0    |    0    |    0    |
|   read   |       in1_read_read_fu_146      |    0    |    0    |    0    |
|          |   gmem2_addr_read_read_fu_165   |    0    |    0    |    0    |
|          |   gmem0_addr_read_read_fu_177   |    0    |    0    |    0    |
|          |   gmem1_addr_read_read_fu_182   |    0    |    0    |    0    |
|----------|---------------------------------|---------|---------|---------|
| writeresp|       grp_writeresp_fu_152      |    0    |    0    |    0    |
|----------|---------------------------------|---------|---------|---------|
|  readreq |        grp_readreq_fu_159       |    0    |    0    |    0    |
|          |        grp_readreq_fu_170       |    0    |    0    |    0    |
|----------|---------------------------------|---------|---------|---------|
|   write  |     write_ln23_write_fu_188     |    0    |    0    |    0    |
|----------|---------------------------------|---------|---------|---------|
|          |         dim_cast_fu_246         |    0    |    0    |    0    |
|   sext   |         sext_ln15_fu_350        |    0    |    0    |    0    |
|          |         sext_ln23_fu_392        |    0    |    0    |    0    |
|          |        sext_ln23_1_fu_446       |    0    |    0    |    0    |
|----------|---------------------------------|---------|---------|---------|
|          |      wide_trip_count_fu_250     |    0    |    0    |    0    |
|   zext   |         dim_cast3_fu_256        |    0    |    0    |    0    |
|          |         zext_ln15_fu_322        |    0    |    0    |    0    |
|          |         zext_ln17_fu_360        |    0    |    0    |    0    |
|----------|---------------------------------|---------|---------|---------|
|          | p_cast_cast_mid2_v_v_v_v_fu_327 |    0    |    0    |    0    |
|bitconcatenate|            tmp_fu_369           |    0    |    0    |    0    |
|          |          shl_ln_fu_423          |    0    |    0    |    0    |
|----------|---------------------------------|---------|---------|---------|
|          |    p_cast_cast_mid2_v_fu_340    |    0    |    0    |    0    |
|partselect|         trunc_ln_fu_382         |    0    |    0    |    0    |
|          |       trunc_ln23_1_fu_436       |    0    |    0    |    0    |
|----------|---------------------------------|---------|---------|---------|
|   Total  |                                 |    15   |    0    |   937   |
|----------|---------------------------------|---------|---------|---------|

Memories:
N/A

* Register list:
+-----------------------+--------+
|                       |   FF   |
+-----------------------+--------+
|     add187_reg_208    |   32   |
|    add_ln15_reg_546   |   64   |
|    add_ln20_reg_593   |   32   |
|   add_ln23_2_reg_619  |   32   |
|   add_ln23_3_reg_598  |   62   |
|   dim_cast3_reg_533   |   62   |
|    dim_cast_reg_522   |   62   |
|    dim_read_reg_501   |   32   |
|gmem0_addr_read_reg_609|   32   |
|   gmem0_addr_reg_567  |   32   |
|gmem1_addr_read_reg_614|   32   |
|   gmem1_addr_reg_603  |   32   |
|gmem2_addr_read_reg_585|   32   |
|   gmem2_addr_reg_578  |   32   |
|       i_reg_487       |   31   |
|    in1_read_reg_517   |   64   |
|    in2_read_reg_512   |   64   |
| indvar_flatten_reg_494|   64   |
|       j_reg_480       |   32   |
|       k_reg_197       |   32   |
|    mul_ln7_reg_538    |   64   |
|   out_r_read_reg_507  |   64   |
|    phi_mul_reg_219    |   62   |
| select_ln15_1_reg_557 |   31   |
|  select_ln15_reg_551  |   32   |
|wide_trip_count_reg_528|   64   |
|   zext_ln15_reg_562   |   62   |
|   zext_ln17_reg_573   |   62   |
+-----------------------+--------+
|         Total         |  1298  |
+-----------------------+--------+

* Multiplexer (MUX) list: 
|----------------------|------|------|------|--------||---------|
|         Comp         |  Pin | Size |  BW  | S x BW ||  Delay  |
|----------------------|------|------|------|--------||---------|
| grp_writeresp_fu_152 |  p0  |   3  |   1  |    3   |
|----------------------|------|------|------|--------||---------|
|         Total        |      |      |      |    3   ||  0.547  |
|----------------------|------|------|------|--------||---------|



* Summary:
+-----------+--------+--------+--------+--------+
|           |   DSP  |  Delay |   FF   |   LUT  |
+-----------+--------+--------+--------+--------+
|  Function |   15   |    -   |    0   |   937  |
|   Memory  |    -   |    -   |    -   |    -   |
|Multiplexer|    -   |    0   |    -   |    -   |
|  Register |    -   |    -   |  1298  |    -   |
+-----------+--------+--------+--------+--------+
|   Total   |   15   |    0   |  1298  |   937  |
+-----------+--------+--------+--------+--------+
