

================================================================
== Vitis HLS Report for 'mmult_hw_Pipeline_store_i_store_j'
================================================================
* Date:           Mon Feb 23 03:03:41 2026

* Version:        2024.1 (Build 5069499 on May 21 2024)
* Project:        matmul_D14_Tiled_FullAP_FullUR
* Solution:       hls (Vivado IP Flow Target)
* Product family: zynquplus
* Target device:  xczu3eg-sbva484-1-e


================================================================
== Performance Estimates
================================================================
+ Timing: 
    * Summary: 
    +--------+----------+----------+------------+
    |  Clock |  Target  | Estimated| Uncertainty|
    +--------+----------+----------+------------+
    |ap_clk  |  10.00 ns|  7.300 ns|     2.70 ns|
    +--------+----------+----------+------------+

+ Latency: 
    * Summary: 
    +---------+---------+----------+----------+-----+-----+-----------------------------------------------+
    |  Latency (cycles) |  Latency (absolute) |  Interval |                    Pipeline                   |
    |   min   |   max   |    min   |    max   | min | max |                      Type                     |
    +---------+---------+----------+----------+-----+-----+-----------------------------------------------+
    |      265|      265|  2.650 us|  2.650 us|  257|  257|  loop auto-rewind stp(delay=0 clock cycles(s))|
    +---------+---------+----------+----------+-----+-----+-----------------------------------------------+

    + Detail: 
        * Instance: 
        N/A

        * Loop: 
        +-------------------+---------+---------+----------+-----------+-----------+------+----------+
        |                   |  Latency (cycles) | Iteration|  Initiation Interval  | Trip |          |
        |     Loop Name     |   min   |   max   |  Latency |  achieved |   target  | Count| Pipelined|
        +-------------------+---------+---------+----------+-----------+-----------+------+----------+
        |- store_i_store_j  |      263|      263|         9|          1|          1|   256|       yes|
        +-------------------+---------+---------+----------+-----------+-----------+------+----------+



================================================================
== Utilization Estimates
================================================================
* Summary: 
+-----------------+---------+-----+--------+-------+-----+
|       Name      | BRAM_18K| DSP |   FF   |  LUT  | URAM|
+-----------------+---------+-----+--------+-------+-----+
|DSP              |        -|    -|       -|      -|    -|
|Expression       |        -|    -|       0|    266|    -|
|FIFO             |        -|    -|       -|      -|    -|
|Instance         |        -|    2|       0|     85|    -|
|Memory           |        -|    -|       -|      -|    -|
|Multiplexer      |        -|    -|       0|     99|    -|
|Register         |        -|    -|     296|     32|    -|
+-----------------+---------+-----+--------+-------+-----+
|Total            |        0|    2|     296|    482|    0|
+-----------------+---------+-----+--------+-------+-----+
|Available        |      432|  360|  141120|  70560|    0|
+-----------------+---------+-----+--------+-------+-----+
|Utilization (%)  |        0|   ~0|      ~0|     ~0|    0|
+-----------------+---------+-----+--------+-------+-----+

+ Detail: 
    * Instance: 
    +---------------------------+-----------------------+---------+----+---+----+-----+
    |          Instance         |         Module        | BRAM_18K| DSP| FF| LUT| URAM|
    +---------------------------+-----------------------+---------+----+---+----+-----+
    |mul_5ns_32s_37_1_1_U63     |mul_5ns_32s_37_1_1     |        0|   2|  0|  20|    0|
    |sparsemux_33_4_32_1_1_U64  |sparsemux_33_4_32_1_1  |        0|   0|  0|  65|    0|
    +---------------------------+-----------------------+---------+----+---+----+-----+
    |Total                      |                       |        0|   2|  0|  85|    0|
    +---------------------------+-----------------------+---------+----+---+----+-----+

    * DSP: 
    N/A

    * Memory: 
    N/A

    * FIFO: 
    N/A

    * Expression: 
    +----------------------------------+----------+----+---+----+------------+------------+
    |           Variable Name          | Operation| DSP| FF| LUT| Bitwidth P0| Bitwidth P1|
    +----------------------------------+----------+----+---+----+------------+------------+
    |add_ln44_1_fu_472_p2              |         +|   0|  0|  12|           5|           1|
    |add_ln44_fu_446_p2                |         +|   0|  0|  16|           9|           1|
    |add_ln45_fu_496_p2                |         +|   0|  0|  12|           5|           1|
    |empty_24_fu_540_p2                |         +|   0|  0|  40|          40|          40|
    |empty_25_fu_557_p2                |         +|   0|  0|  71|          64|          64|
    |tmp3843_fu_535_p2                 |         +|   0|  0|  40|          40|          40|
    |ap_block_pp0_stage0_01001         |       and|   0|  0|   2|           1|           1|
    |ap_block_state3_io                |       and|   0|  0|   2|           1|           1|
    |ap_block_state9_pp0_stage0_iter8  |       and|   0|  0|   2|           1|           1|
    |first_iter_3_fu_486_p2            |      icmp|   0|  0|  12|           5|           1|
    |icmp_ln44_fu_440_p2               |      icmp|   0|  0|  17|           9|          10|
    |icmp_ln45_1_fu_502_p2             |      icmp|   0|  0|  13|           5|           6|
    |icmp_ln45_fu_458_p2               |      icmp|   0|  0|  13|           5|           6|
    |ap_block_pp0_stage0_11001         |        or|   0|  0|   2|           1|           1|
    |select_ln44_1_fu_478_p3           |    select|   0|  0|   5|           1|           5|
    |select_ln44_fu_464_p3             |    select|   0|  0|   5|           1|           1|
    |ap_enable_pp0                     |       xor|   0|  0|   2|           1|           2|
    +----------------------------------+----------+----+---+----+------------+------------+
    |Total                             |          |   0|  0| 266|         194|         182|
    +----------------------------------+----------+----+---+----+------------+------------+

    * Multiplexer: 
    +----------------------------------------+----+-----------+-----+-----------+
    |                  Name                  | LUT| Input Size| Bits| Total Bits|
    +----------------------------------------+----+-----------+-----+-----------+
    |ap_done_int                             |   9|          2|    1|          2|
    |ap_enable_reg_pp0_iter1                 |   9|          2|    1|          2|
    |ap_sig_allocacmp_i_load                 |   9|          2|    5|         10|
    |ap_sig_allocacmp_indvar_flatten20_load  |   9|          2|    9|         18|
    |ap_sig_allocacmp_j_load                 |   9|          2|    5|         10|
    |gmem_blk_n_AW                           |   9|          2|    1|          2|
    |gmem_blk_n_B                            |   9|          2|    1|          2|
    |gmem_blk_n_W                            |   9|          2|    1|          2|
    |i_fu_154                                |   9|          2|    5|         10|
    |indvar_flatten20_fu_158                 |   9|          2|    9|         18|
    |j_fu_150                                |   9|          2|    5|         10|
    +----------------------------------------+----+-----------+-----+-----------+
    |Total                                   |  99|         22|   43|         86|
    +----------------------------------------+----+-----------+-----+-----------+

    * Register: 
    +------------------------------------+----+----+-----+-----------+
    |                Name                | FF | LUT| Bits| Const Bits|
    +------------------------------------+----+----+-----+-----------+
    |ap_CS_fsm                           |   1|   0|    1|          0|
    |ap_done_reg                         |   1|   0|    1|          0|
    |ap_enable_reg_pp0_iter1             |   1|   0|    1|          0|
    |ap_enable_reg_pp0_iter2             |   1|   0|    1|          0|
    |ap_enable_reg_pp0_iter3             |   1|   0|    1|          0|
    |ap_enable_reg_pp0_iter4             |   1|   0|    1|          0|
    |ap_enable_reg_pp0_iter5             |   1|   0|    1|          0|
    |ap_enable_reg_pp0_iter6             |   1|   0|    1|          0|
    |ap_enable_reg_pp0_iter7             |   1|   0|    1|          0|
    |ap_enable_reg_pp0_iter8             |   1|   0|    1|          0|
    |ap_loop_exit_ready_pp0_iter1_reg    |   1|   0|    1|          0|
    |ap_loop_exit_ready_pp0_iter2_reg    |   1|   0|    1|          0|
    |ap_loop_exit_ready_pp0_iter3_reg    |   1|   0|    1|          0|
    |ap_loop_exit_ready_pp0_iter4_reg    |   1|   0|    1|          0|
    |ap_loop_exit_ready_pp0_iter5_reg    |   1|   0|    1|          0|
    |ap_loop_exit_ready_pp0_iter6_reg    |   1|   0|    1|          0|
    |ap_loop_exit_ready_pp0_iter7_reg    |   1|   0|    1|          0|
    |dim_cast3846_cast_reg_698           |  37|   0|   37|          0|
    |first_iter_3_reg_723                |   1|   0|    1|          0|
    |first_iter_3_reg_723_pp0_iter1_reg  |   1|   0|    1|          0|
    |gmem_addr_reg_736                   |  64|   0|   64|          0|
    |i_fu_154                            |   5|   0|    5|          0|
    |icmp_ln45_1_reg_732                 |   1|   0|    1|          0|
    |indvar_flatten20_fu_158             |   9|   0|    9|          0|
    |j_fu_150                            |   5|   0|    5|          0|
    |p_cast_reg_708                      |  40|   0|   40|          0|
    |select_ln44_1_reg_717               |   5|   0|    5|          0|
    |tmp_reg_822                         |  32|   0|   32|          0|
    |trunc_ln45_reg_727                  |   4|   0|    4|          0|
    |trunc_ln45_reg_727_pp0_iter1_reg    |   4|   0|    4|          0|
    |zext_ln25_cast_reg_703              |   7|   0|   40|         33|
    |icmp_ln45_1_reg_732                 |  64|  32|    1|          0|
    +------------------------------------+----+----+-----+-----------+
    |Total                               | 296|  32|  266|         33|
    +------------------------------------+----+----+-----+-----------+



================================================================
== Interface
================================================================
* Summary: 
+---------------------+-----+-----+------------+-----------------------------------+--------------+
|      RTL Ports      | Dir | Bits|  Protocol  |           Source Object           |    C Type    |
+---------------------+-----+-----+------------+-----------------------------------+--------------+
|ap_clk               |   in|    1|  ap_ctrl_hs|  mmult_hw_Pipeline_store_i_store_j|  return value|
|ap_rst               |   in|    1|  ap_ctrl_hs|  mmult_hw_Pipeline_store_i_store_j|  return value|
|ap_start             |   in|    1|  ap_ctrl_hs|  mmult_hw_Pipeline_store_i_store_j|  return value|
|ap_done              |  out|    1|  ap_ctrl_hs|  mmult_hw_Pipeline_store_i_store_j|  return value|
|ap_idle              |  out|    1|  ap_ctrl_hs|  mmult_hw_Pipeline_store_i_store_j|  return value|
|ap_ready             |  out|    1|  ap_ctrl_hs|  mmult_hw_Pipeline_store_i_store_j|  return value|
|m_axi_gmem_AWVALID   |  out|    1|       m_axi|                               gmem|       pointer|
|m_axi_gmem_AWREADY   |   in|    1|       m_axi|                               gmem|       pointer|
|m_axi_gmem_AWADDR    |  out|   64|       m_axi|                               gmem|       pointer|
|m_axi_gmem_AWID      |  out|    1|       m_axi|                               gmem|       pointer|
|m_axi_gmem_AWLEN     |  out|   32|       m_axi|                               gmem|       pointer|
|m_axi_gmem_AWSIZE    |  out|    3|       m_axi|                               gmem|       pointer|
|m_axi_gmem_AWBURST   |  out|    2|       m_axi|                               gmem|       pointer|
|m_axi_gmem_AWLOCK    |  out|    2|       m_axi|                               gmem|       pointer|
|m_axi_gmem_AWCACHE   |  out|    4|       m_axi|                               gmem|       pointer|
|m_axi_gmem_AWPROT    |  out|    3|       m_axi|                               gmem|       pointer|
|m_axi_gmem_AWQOS     |  out|    4|       m_axi|                               gmem|       pointer|
|m_axi_gmem_AWREGION  |  out|    4|       m_axi|                               gmem|       pointer|
|m_axi_gmem_AWUSER    |  out|    1|       m_axi|                               gmem|       pointer|
|m_axi_gmem_WVALID    |  out|    1|       m_axi|                               gmem|       pointer|
|m_axi_gmem_WREADY    |   in|    1|       m_axi|                               gmem|       pointer|
|m_axi_gmem_WDATA     |  out|   32|       m_axi|                               gmem|       pointer|
|m_axi_gmem_WSTRB     |  out|    4|       m_axi|                               gmem|       pointer|
|m_axi_gmem_WLAST     |  out|    1|       m_axi|                               gmem|       pointer|
|m_axi_gmem_WID       |  out|    1|       m_axi|                               gmem|       pointer|
|m_axi_gmem_WUSER     |  out|    1|       m_axi|                               gmem|       pointer|
|m_axi_gmem_ARVALID   |  out|    1|       m_axi|                               gmem|       pointer|
|m_axi_gmem_ARREADY   |   in|    1|       m_axi|                               gmem|       pointer|
|m_axi_gmem_ARADDR    |  out|   64|       m_axi|                               gmem|       pointer|
|m_axi_gmem_ARID      |  out|    1|       m_axi|                               gmem|       pointer|
|m_axi_gmem_ARLEN     |  out|   32|       m_axi|                               gmem|       pointer|
|m_axi_gmem_ARSIZE    |  out|    3|       m_axi|                               gmem|       pointer|
|m_axi_gmem_ARBURST   |  out|    2|       m_axi|                               gmem|       pointer|
|m_axi_gmem_ARLOCK    |  out|    2|       m_axi|                               gmem|       pointer|
|m_axi_gmem_ARCACHE   |  out|    4|       m_axi|                               gmem|       pointer|
|m_axi_gmem_ARPROT    |  out|    3|       m_axi|                               gmem|       pointer|
|m_axi_gmem_ARQOS     |  out|    4|       m_axi|                               gmem|       pointer|
|m_axi_gmem_ARREGION  |  out|    4|       m_axi|                               gmem|       pointer|
|m_axi_gmem_ARUSER    |  out|    1|       m_axi|                               gmem|       pointer|
|m_axi_gmem_RVALID    |   in|    1|       m_axi|                               gmem|       pointer|
|m_axi_gmem_RREADY    |  out|    1|       m_axi|                               gmem|       pointer|
|m_axi_gmem_RDATA     |   in|   32|       m_axi|                               gmem|       pointer|
|m_axi_gmem_RLAST     |   in|    1|       m_axi|                               gmem|       pointer|
|m_axi_gmem_RID       |   in|    1|       m_axi|                               gmem|       pointer|
|m_axi_gmem_RFIFONUM  |   in|    9|       m_axi|                               gmem|       pointer|
|m_axi_gmem_RUSER     |   in|    1|       m_axi|                               gmem|       pointer|
|m_axi_gmem_RRESP     |   in|    2|       m_axi|                               gmem|       pointer|
|m_axi_gmem_BVALID    |   in|    1|       m_axi|                               gmem|       pointer|
|m_axi_gmem_BREADY    |  out|    1|       m_axi|                               gmem|       pointer|
|m_axi_gmem_BRESP     |   in|    2|       m_axi|                               gmem|       pointer|
|m_axi_gmem_BID       |   in|    1|       m_axi|                               gmem|       pointer|
|m_axi_gmem_BUSER     |   in|    1|       m_axi|                               gmem|       pointer|
|tC_address0          |  out|    4|   ap_memory|                                 tC|         array|
|tC_ce0               |  out|    1|   ap_memory|                                 tC|         array|
|tC_q0                |   in|   32|   ap_memory|                                 tC|         array|
|tC_1_address0        |  out|    4|   ap_memory|                               tC_1|         array|
|tC_1_ce0             |  out|    1|   ap_memory|                               tC_1|         array|
|tC_1_q0              |   in|   32|   ap_memory|                               tC_1|         array|
|tC_2_address0        |  out|    4|   ap_memory|                               tC_2|         array|
|tC_2_ce0             |  out|    1|   ap_memory|                               tC_2|         array|
|tC_2_q0              |   in|   32|   ap_memory|                               tC_2|         array|
|tC_3_address0        |  out|    4|   ap_memory|                               tC_3|         array|
|tC_3_ce0             |  out|    1|   ap_memory|                               tC_3|         array|
|tC_3_q0              |   in|   32|   ap_memory|                               tC_3|         array|
|tC_4_address0        |  out|    4|   ap_memory|                               tC_4|         array|
|tC_4_ce0             |  out|    1|   ap_memory|                               tC_4|         array|
|tC_4_q0              |   in|   32|   ap_memory|                               tC_4|         array|
|tC_5_address0        |  out|    4|   ap_memory|                               tC_5|         array|
|tC_5_ce0             |  out|    1|   ap_memory|                               tC_5|         array|
|tC_5_q0              |   in|   32|   ap_memory|                               tC_5|         array|
|tC_6_address0        |  out|    4|   ap_memory|                               tC_6|         array|
|tC_6_ce0             |  out|    1|   ap_memory|                               tC_6|         array|
|tC_6_q0              |   in|   32|   ap_memory|                               tC_6|         array|
|tC_7_address0        |  out|    4|   ap_memory|                               tC_7|         array|
|tC_7_ce0             |  out|    1|   ap_memory|                               tC_7|         array|
|tC_7_q0              |   in|   32|   ap_memory|                               tC_7|         array|
|tC_8_address0        |  out|    4|   ap_memory|                               tC_8|         array|
|tC_8_ce0             |  out|    1|   ap_memory|                               tC_8|         array|
|tC_8_q0              |   in|   32|   ap_memory|                               tC_8|         array|
|tC_9_address0        |  out|    4|   ap_memory|                               tC_9|         array|
|tC_9_ce0             |  out|    1|   ap_memory|                               tC_9|         array|
|tC_9_q0              |   in|   32|   ap_memory|                               tC_9|         array|
|tC_10_address0       |  out|    4|   ap_memory|                              tC_10|         array|
|tC_10_ce0            |  out|    1|   ap_memory|                              tC_10|         array|
|tC_10_q0             |   in|   32|   ap_memory|                              tC_10|         array|
|tC_11_address0       |  out|    4|   ap_memory|                              tC_11|         array|
|tC_11_ce0            |  out|    1|   ap_memory|                              tC_11|         array|
|tC_11_q0             |   in|   32|   ap_memory|                              tC_11|         array|
|tC_12_address0       |  out|    4|   ap_memory|                              tC_12|         array|
|tC_12_ce0            |  out|    1|   ap_memory|                              tC_12|         array|
|tC_12_q0             |   in|   32|   ap_memory|                              tC_12|         array|
|tC_13_address0       |  out|    4|   ap_memory|                              tC_13|         array|
|tC_13_ce0            |  out|    1|   ap_memory|                              tC_13|         array|
|tC_13_q0             |   in|   32|   ap_memory|                              tC_13|         array|
|tC_14_address0       |  out|    4|   ap_memory|                              tC_14|         array|
|tC_14_ce0            |  out|    1|   ap_memory|                              tC_14|         array|
|tC_14_q0             |   in|   32|   ap_memory|                              tC_14|         array|
|tC_15_address0       |  out|    4|   ap_memory|                              tC_15|         array|
|tC_15_ce0            |  out|    1|   ap_memory|                              tC_15|         array|
|tC_15_q0             |   in|   32|   ap_memory|                              tC_15|         array|
|dim_cast3846         |   in|   32|     ap_none|                       dim_cast3846|        scalar|
|empty                |   in|   39|     ap_none|                              empty|        scalar|
|zext_ln25            |   in|    7|     ap_none|                          zext_ln25|        scalar|
|out_r                |   in|   64|     ap_none|                              out_r|        scalar|
+---------------------+-----+-----+------------+-----------------------------------+--------------+

============================================================
+ Verbose Summary: Synthesis Manager
============================================================
InlineROM: 1
ExposeGlobal: 0
============================================================
+ Verbose Summary: CDFG Model
============================================================
IsTopModel: 0
ResetActiveHigh: 1
IsCombinational: 2
IsDatapathOnly: 2
HasWiredReturn: 1
HasMFsm: 2
HasVarLatency: 1
IsPipeline: 0
IsRtlPipelined: 0
IsInstanceOverlapped: 0
IsDontTouch: 0
HasImplIP: 0
IsGatedGlobalClock: 0

+ Individual pipeline summary: 
  * Pipeline-0: initiation interval (II) = 1, depth = 9


============================================================
+ Verbose Summary: Schedule
============================================================
* Number of FSM states : 9
* Pipeline : 1
  Pipeline-0 : II = 1, D = 9, States = { 1 2 3 4 5 6 7 8 9 }
* Dataflow Pipeline: 0

* FSM state transitions: 
1 --> 2 
2 --> 3 
3 --> 4 
4 --> 5 
5 --> 6 
6 --> 7 
7 --> 8 
8 --> 9 
9 --> 

* FSM state operations: 

State 1 <SV = 0> <Delay = 3.60>
ST_1 : Operation 12 [1/1] (0.00ns)   --->   "%j = alloca i32 1" [mmult_baseline.cpp:45]   --->   Operation 12 'alloca' 'j' <Predicate = true> <Delay = 0.00>
ST_1 : Operation 13 [1/1] (0.00ns)   --->   "%i = alloca i32 1" [mmult_baseline.cpp:44]   --->   Operation 13 'alloca' 'i' <Predicate = true> <Delay = 0.00>
ST_1 : Operation 14 [1/1] (0.00ns)   --->   "%indvar_flatten20 = alloca i32 1"   --->   Operation 14 'alloca' 'indvar_flatten20' <Predicate = true> <Delay = 0.00>
ST_1 : Operation 15 [1/1] (0.00ns)   --->   "%out_r_read = read i64 @_ssdm_op_Read.ap_auto.i64, i64 %out_r"   --->   Operation 15 'read' 'out_r_read' <Predicate = true> <Delay = 0.00>
ST_1 : Operation 16 [1/1] (0.00ns)   --->   "%zext_ln25_read = read i7 @_ssdm_op_Read.ap_auto.i7, i7 %zext_ln25"   --->   Operation 16 'read' 'zext_ln25_read' <Predicate = true> <Delay = 0.00>
ST_1 : Operation 17 [1/1] (0.00ns)   --->   "%tmp_1 = read i39 @_ssdm_op_Read.ap_auto.i39, i39 %empty"   --->   Operation 17 'read' 'tmp_1' <Predicate = true> <Delay = 0.00>
ST_1 : Operation 18 [1/1] (0.00ns)   --->   "%dim_cast3846_read = read i32 @_ssdm_op_Read.ap_auto.i32, i32 %dim_cast3846"   --->   Operation 18 'read' 'dim_cast3846_read' <Predicate = true> <Delay = 0.00>
ST_1 : Operation 19 [1/1] (0.00ns)   --->   "%dim_cast3846_cast = sext i32 %dim_cast3846_read"   --->   Operation 19 'sext' 'dim_cast3846_cast' <Predicate = true> <Delay = 0.00>
ST_1 : Operation 20 [1/1] (0.00ns)   --->   "%zext_ln25_cast = zext i7 %zext_ln25_read"   --->   Operation 20 'zext' 'zext_ln25_cast' <Predicate = true> <Delay = 0.00>
ST_1 : Operation 21 [1/1] (0.00ns)   --->   "%p_cast = sext i39 %tmp_1"   --->   Operation 21 'sext' 'p_cast' <Predicate = true> <Delay = 0.00>
ST_1 : Operation 22 [1/1] (0.00ns)   --->   "%specinterface_ln0 = specinterface void @_ssdm_op_SpecInterface, i32 %gmem, void @empty, i32 0, i32 0, void @empty_0, i32 0, i32 16384, void @empty_1, void @empty_2, void @empty_0, i32 16, i32 16, i32 16, i32 16, void @empty_0, void @empty_0, i32 4294967295, i32 0, i32 0"   --->   Operation 22 'specinterface' 'specinterface_ln0' <Predicate = true> <Delay = 0.00>
ST_1 : Operation 23 [1/1] (0.48ns)   --->   "%store_ln0 = store i9 0, i9 %indvar_flatten20"   --->   Operation 23 'store' 'store_ln0' <Predicate = true> <Delay = 0.48>
ST_1 : Operation 24 [1/1] (0.48ns)   --->   "%store_ln44 = store i5 0, i5 %i" [mmult_baseline.cpp:44]   --->   Operation 24 'store' 'store_ln44' <Predicate = true> <Delay = 0.48>
ST_1 : Operation 25 [1/1] (0.48ns)   --->   "%store_ln45 = store i5 0, i5 %j" [mmult_baseline.cpp:45]   --->   Operation 25 'store' 'store_ln45' <Predicate = true> <Delay = 0.48>
ST_1 : Operation 26 [1/1] (0.00ns)   --->   "%br_ln0 = br void %for.inc139"   --->   Operation 26 'br' 'br_ln0' <Predicate = true> <Delay = 0.00>
ST_1 : Operation 27 [1/1] (0.00ns)   --->   "%indvar_flatten20_load = load i9 %indvar_flatten20" [mmult_baseline.cpp:44]   --->   Operation 27 'load' 'indvar_flatten20_load' <Predicate = true> <Delay = 0.00>
ST_1 : Operation 28 [1/1] (0.00ns)   --->   "%specbitsmap_ln0 = specbitsmap void @_ssdm_op_SpecBitsMap, i32 %gmem"   --->   Operation 28 'specbitsmap' 'specbitsmap_ln0' <Predicate = true> <Delay = 0.00>
ST_1 : Operation 29 [1/1] (0.92ns)   --->   "%icmp_ln44 = icmp_eq  i9 %indvar_flatten20_load, i9 256" [mmult_baseline.cpp:44]   --->   Operation 29 'icmp' 'icmp_ln44' <Predicate = true> <Delay = 0.92> <CoreInst = "Cmp">   --->   Core 9 'Cmp' <Latency = 0> <II = 1> <Delay = 0.93> <FuncUnit> <Opcode : 'seteq' 'setne' 'setle' 'setge' 'setlt' 'setgt'> <InPorts = 2> <OutPorts = 1>
ST_1 : Operation 30 [1/1] (0.92ns)   --->   "%add_ln44 = add i9 %indvar_flatten20_load, i9 1" [mmult_baseline.cpp:44]   --->   Operation 30 'add' 'add_ln44' <Predicate = true> <Delay = 0.92> <CoreInst = "Adder">   --->   Core 1 'Adder' <Latency = 0> <II = 1> <Delay = 0.92> <FuncUnit> <Opcode : 'add' 'sub'> <InPorts = 2> <OutPorts = 1>
ST_1 : Operation 31 [1/1] (0.00ns)   --->   "%br_ln44 = br i1 %icmp_ln44, void %for.inc142, void %for.inc145.exitStub" [mmult_baseline.cpp:44]   --->   Operation 31 'br' 'br_ln44' <Predicate = true> <Delay = 0.00>
ST_1 : Operation 32 [1/1] (0.00ns)   --->   "%j_load = load i5 %j" [mmult_baseline.cpp:45]   --->   Operation 32 'load' 'j_load' <Predicate = (!icmp_ln44)> <Delay = 0.00>
ST_1 : Operation 33 [1/1] (0.00ns)   --->   "%i_load = load i5 %i" [mmult_baseline.cpp:44]   --->   Operation 33 'load' 'i_load' <Predicate = (!icmp_ln44)> <Delay = 0.00>
ST_1 : Operation 34 [1/1] (0.87ns)   --->   "%icmp_ln45 = icmp_eq  i5 %j_load, i5 16" [mmult_baseline.cpp:45]   --->   Operation 34 'icmp' 'icmp_ln45' <Predicate = (!icmp_ln44)> <Delay = 0.87> <CoreInst = "Cmp">   --->   Core 9 'Cmp' <Latency = 0> <II = 1> <Delay = 0.88> <FuncUnit> <Opcode : 'seteq' 'setne' 'setle' 'setge' 'setlt' 'setgt'> <InPorts = 2> <OutPorts = 1>
ST_1 : Operation 35 [1/1] (0.48ns)   --->   "%select_ln44 = select i1 %icmp_ln45, i5 0, i5 %j_load" [mmult_baseline.cpp:44]   --->   Operation 35 'select' 'select_ln44' <Predicate = (!icmp_ln44)> <Delay = 0.48> <CoreInst = "Sel">   --->   Core 73 'Sel' <Latency = 0> <II = 1> <Delay = 0.48> <FuncUnit> <Opcode : 'select'> <InPorts = 3> <OutPorts = 1>
ST_1 : Operation 36 [1/1] (0.87ns)   --->   "%add_ln44_1 = add i5 %i_load, i5 1" [mmult_baseline.cpp:44]   --->   Operation 36 'add' 'add_ln44_1' <Predicate = (!icmp_ln44)> <Delay = 0.87> <CoreInst = "Adder">   --->   Core 1 'Adder' <Latency = 0> <II = 1> <Delay = 0.87> <FuncUnit> <Opcode : 'add' 'sub'> <InPorts = 2> <OutPorts = 1>
ST_1 : Operation 37 [1/1] (0.48ns)   --->   "%select_ln44_1 = select i1 %icmp_ln45, i5 %add_ln44_1, i5 %i_load" [mmult_baseline.cpp:44]   --->   Operation 37 'select' 'select_ln44_1' <Predicate = (!icmp_ln44)> <Delay = 0.48> <CoreInst = "Sel">   --->   Core 73 'Sel' <Latency = 0> <II = 1> <Delay = 0.48> <FuncUnit> <Opcode : 'select'> <InPorts = 3> <OutPorts = 1>
ST_1 : Operation 38 [1/1] (0.87ns)   --->   "%first_iter_3 = icmp_eq  i5 %select_ln44, i5 0" [mmult_baseline.cpp:44]   --->   Operation 38 'icmp' 'first_iter_3' <Predicate = (!icmp_ln44)> <Delay = 0.87> <CoreInst = "Cmp">   --->   Core 9 'Cmp' <Latency = 0> <II = 1> <Delay = 0.87> <FuncUnit> <Opcode : 'seteq' 'setne' 'setle' 'setge' 'setlt' 'setgt'> <InPorts = 2> <OutPorts = 1>
ST_1 : Operation 39 [1/1] (0.00ns)   --->   "%br_ln45 = br i1 %first_iter_3, void %for.inc139.split, void %for.first.iter.for.inc139" [mmult_baseline.cpp:45]   --->   Operation 39 'br' 'br_ln45' <Predicate = (!icmp_ln44)> <Delay = 0.00>
ST_1 : Operation 40 [1/1] (0.00ns)   --->   "%trunc_ln45 = trunc i5 %select_ln44" [mmult_baseline.cpp:45]   --->   Operation 40 'trunc' 'trunc_ln45' <Predicate = (!icmp_ln44)> <Delay = 0.00>
ST_1 : Operation 41 [1/1] (0.87ns)   --->   "%add_ln45 = add i5 %select_ln44, i5 1" [mmult_baseline.cpp:45]   --->   Operation 41 'add' 'add_ln45' <Predicate = (!icmp_ln44)> <Delay = 0.87> <CoreInst = "Adder">   --->   Core 1 'Adder' <Latency = 0> <II = 1> <Delay = 0.87> <FuncUnit> <Opcode : 'add' 'sub'> <InPorts = 2> <OutPorts = 1>
ST_1 : Operation 42 [1/1] (0.87ns)   --->   "%icmp_ln45_1 = icmp_eq  i5 %add_ln45, i5 16" [mmult_baseline.cpp:45]   --->   Operation 42 'icmp' 'icmp_ln45_1' <Predicate = (!icmp_ln44)> <Delay = 0.87> <CoreInst = "Cmp">   --->   Core 9 'Cmp' <Latency = 0> <II = 1> <Delay = 0.88> <FuncUnit> <Opcode : 'seteq' 'setne' 'setle' 'setge' 'setlt' 'setgt'> <InPorts = 2> <OutPorts = 1>
ST_1 : Operation 43 [1/1] (0.00ns)   --->   "%br_ln45 = br i1 %icmp_ln45_1, void %new.latch.for.inc139.split, void %last.iter.for.inc139.split" [mmult_baseline.cpp:45]   --->   Operation 43 'br' 'br_ln45' <Predicate = (!icmp_ln44)> <Delay = 0.00>
ST_1 : Operation 44 [1/1] (0.48ns)   --->   "%store_ln44 = store i9 %add_ln44, i9 %indvar_flatten20" [mmult_baseline.cpp:44]   --->   Operation 44 'store' 'store_ln44' <Predicate = (!icmp_ln44)> <Delay = 0.48>
ST_1 : Operation 45 [1/1] (0.48ns)   --->   "%store_ln44 = store i5 %select_ln44_1, i5 %i" [mmult_baseline.cpp:44]   --->   Operation 45 'store' 'store_ln44' <Predicate = (!icmp_ln44)> <Delay = 0.48>
ST_1 : Operation 46 [1/1] (0.48ns)   --->   "%store_ln45 = store i5 %add_ln45, i5 %j" [mmult_baseline.cpp:45]   --->   Operation 46 'store' 'store_ln45' <Predicate = (!icmp_ln44)> <Delay = 0.48>
ST_1 : Operation 47 [1/1] (0.00ns)   --->   "%br_ln45 = br void %for.inc139" [mmult_baseline.cpp:45]   --->   Operation 47 'br' 'br_ln45' <Predicate = (!icmp_ln44)> <Delay = 0.00>

State 2 <SV = 1> <Delay = 6.26>
ST_2 : Operation 48 [1/1] (0.00ns)   --->   "%specloopname_ln0 = specloopname void @_ssdm_op_SpecLoopName, void @store_i_store_j_str"   --->   Operation 48 'specloopname' 'specloopname_ln0' <Predicate = true> <Delay = 0.00>
ST_2 : Operation 49 [1/1] (0.00ns)   --->   "%speclooptripcount_ln0 = speclooptripcount void @_ssdm_op_SpecLoopTripCount, i64 256, i64 256, i64 256"   --->   Operation 49 'speclooptripcount' 'speclooptripcount_ln0' <Predicate = true> <Delay = 0.00>
ST_2 : Operation 50 [1/1] (0.00ns)   --->   "%zext_ln44_1 = zext i5 %select_ln44_1" [mmult_baseline.cpp:44]   --->   Operation 50 'zext' 'zext_ln44_1' <Predicate = true> <Delay = 0.00>
ST_2 : Operation 51 [1/1] (3.88ns)   --->   "%empty_23 = mul i37 %zext_ln44_1, i37 %dim_cast3846_cast" [mmult_baseline.cpp:44]   --->   Operation 51 'mul' 'empty_23' <Predicate = true> <Delay = 3.88> <CoreInst = "Multiplier">   --->   Core 3 'Multiplier' <Latency = 0> <II = 1> <Delay = 3.88> <FuncUnit> <Opcode : 'mul'> <InPorts = 2> <OutPorts = 1>
ST_2 : Operation 52 [1/1] (0.00ns)   --->   "%p_cast1 = sext i37 %empty_23" [mmult_baseline.cpp:44]   --->   Operation 52 'sext' 'p_cast1' <Predicate = true> <Delay = 0.00>
ST_2 : Operation 53 [1/1] (0.00ns) (grouped into TernaryAdder)   --->   "%tmp3843 = add i40 %p_cast, i40 %p_cast1" [mmult_baseline.cpp:44]   --->   Operation 53 'add' 'tmp3843' <Predicate = true> <Delay = 0.00> <CoreInst = "TAddSub">   --->   Core 10 'TAddSub' <Latency = 0> <II = 1> <Delay = 0.45> <IPBlock> <Opcode : '' 'add' 'sub'> <InPorts = 3> <OutPorts = 1> <Sync> <CReg>
ST_2 : Operation 54 [1/1] (0.91ns) (root node of TernaryAdder)   --->   "%empty_24 = add i40 %tmp3843, i40 %zext_ln25_cast" [mmult_baseline.cpp:44]   --->   Operation 54 'add' 'empty_24' <Predicate = true> <Delay = 0.91> <CoreInst = "TAddSub">   --->   Core 10 'TAddSub' <Latency = 0> <II = 1> <Delay = 0.45> <IPBlock> <Opcode : '' 'add' 'sub'> <InPorts = 3> <OutPorts = 1> <Sync> <CReg>
ST_2 : Operation 55 [1/1] (0.00ns)   --->   "%tmp_6 = bitconcatenate i42 @_ssdm_op_BitConcatenate.i42.i40.i2, i40 %empty_24, i2 0" [mmult_baseline.cpp:44]   --->   Operation 55 'bitconcatenate' 'tmp_6' <Predicate = true> <Delay = 0.00>
ST_2 : Operation 56 [1/1] (0.00ns)   --->   "%tmp_6_cast = sext i42 %tmp_6" [mmult_baseline.cpp:44]   --->   Operation 56 'sext' 'tmp_6_cast' <Predicate = true> <Delay = 0.00>
ST_2 : Operation 57 [1/1] (1.47ns)   --->   "%empty_25 = add i64 %tmp_6_cast, i64 %out_r_read" [mmult_baseline.cpp:44]   --->   Operation 57 'add' 'empty_25' <Predicate = true> <Delay = 1.47> <CoreInst = "Adder">   --->   Core 1 'Adder' <Latency = 0> <II = 1> <Delay = 1.47> <FuncUnit> <Opcode : 'add' 'sub'> <InPorts = 2> <OutPorts = 1>
ST_2 : Operation 58 [1/1] (0.00ns)   --->   "%trunc_ln3 = partselect i62 @_ssdm_op_PartSelect.i62.i64.i32.i32, i64 %empty_25, i32 2, i32 63" [mmult_baseline.cpp:45]   --->   Operation 58 'partselect' 'trunc_ln3' <Predicate = true> <Delay = 0.00>
ST_2 : Operation 59 [1/1] (0.00ns)   --->   "%sext_ln45 = sext i62 %trunc_ln3" [mmult_baseline.cpp:45]   --->   Operation 59 'sext' 'sext_ln45' <Predicate = true> <Delay = 0.00>
ST_2 : Operation 60 [1/1] (0.00ns)   --->   "%gmem_addr = getelementptr i32 %gmem, i64 %sext_ln45" [mmult_baseline.cpp:45]   --->   Operation 60 'getelementptr' 'gmem_addr' <Predicate = true> <Delay = 0.00>
ST_2 : Operation 61 [1/1] (0.00ns)   --->   "%zext_ln44 = zext i5 %select_ln44_1" [mmult_baseline.cpp:44]   --->   Operation 61 'zext' 'zext_ln44' <Predicate = true> <Delay = 0.00>
ST_2 : Operation 62 [1/1] (0.00ns)   --->   "%tC_addr = getelementptr i32 %tC, i64 0, i64 %zext_ln44" [mmult_baseline.cpp:44]   --->   Operation 62 'getelementptr' 'tC_addr' <Predicate = (trunc_ln45 == 0)> <Delay = 0.00>
ST_2 : Operation 63 [1/1] (0.00ns)   --->   "%tC_1_addr = getelementptr i32 %tC_1, i64 0, i64 %zext_ln44" [mmult_baseline.cpp:44]   --->   Operation 63 'getelementptr' 'tC_1_addr' <Predicate = (trunc_ln45 == 1)> <Delay = 0.00>
ST_2 : Operation 64 [1/1] (0.00ns)   --->   "%tC_2_addr = getelementptr i32 %tC_2, i64 0, i64 %zext_ln44" [mmult_baseline.cpp:44]   --->   Operation 64 'getelementptr' 'tC_2_addr' <Predicate = (trunc_ln45 == 2)> <Delay = 0.00>
ST_2 : Operation 65 [1/1] (0.00ns)   --->   "%tC_3_addr = getelementptr i32 %tC_3, i64 0, i64 %zext_ln44" [mmult_baseline.cpp:44]   --->   Operation 65 'getelementptr' 'tC_3_addr' <Predicate = (trunc_ln45 == 3)> <Delay = 0.00>
ST_2 : Operation 66 [1/1] (0.00ns)   --->   "%tC_4_addr = getelementptr i32 %tC_4, i64 0, i64 %zext_ln44" [mmult_baseline.cpp:44]   --->   Operation 66 'getelementptr' 'tC_4_addr' <Predicate = (trunc_ln45 == 4)> <Delay = 0.00>
ST_2 : Operation 67 [1/1] (0.00ns)   --->   "%tC_5_addr = getelementptr i32 %tC_5, i64 0, i64 %zext_ln44" [mmult_baseline.cpp:44]   --->   Operation 67 'getelementptr' 'tC_5_addr' <Predicate = (trunc_ln45 == 5)> <Delay = 0.00>
ST_2 : Operation 68 [1/1] (0.00ns)   --->   "%tC_6_addr = getelementptr i32 %tC_6, i64 0, i64 %zext_ln44" [mmult_baseline.cpp:44]   --->   Operation 68 'getelementptr' 'tC_6_addr' <Predicate = (trunc_ln45 == 6)> <Delay = 0.00>
ST_2 : Operation 69 [1/1] (0.00ns)   --->   "%tC_7_addr = getelementptr i32 %tC_7, i64 0, i64 %zext_ln44" [mmult_baseline.cpp:44]   --->   Operation 69 'getelementptr' 'tC_7_addr' <Predicate = (trunc_ln45 == 7)> <Delay = 0.00>
ST_2 : Operation 70 [1/1] (0.00ns)   --->   "%tC_8_addr = getelementptr i32 %tC_8, i64 0, i64 %zext_ln44" [mmult_baseline.cpp:44]   --->   Operation 70 'getelementptr' 'tC_8_addr' <Predicate = (trunc_ln45 == 8)> <Delay = 0.00>
ST_2 : Operation 71 [1/1] (0.00ns)   --->   "%tC_9_addr = getelementptr i32 %tC_9, i64 0, i64 %zext_ln44" [mmult_baseline.cpp:44]   --->   Operation 71 'getelementptr' 'tC_9_addr' <Predicate = (trunc_ln45 == 9)> <Delay = 0.00>
ST_2 : Operation 72 [1/1] (0.00ns)   --->   "%tC_10_addr = getelementptr i32 %tC_10, i64 0, i64 %zext_ln44" [mmult_baseline.cpp:44]   --->   Operation 72 'getelementptr' 'tC_10_addr' <Predicate = (trunc_ln45 == 10)> <Delay = 0.00>
ST_2 : Operation 73 [1/1] (0.00ns)   --->   "%tC_11_addr = getelementptr i32 %tC_11, i64 0, i64 %zext_ln44" [mmult_baseline.cpp:44]   --->   Operation 73 'getelementptr' 'tC_11_addr' <Predicate = (trunc_ln45 == 11)> <Delay = 0.00>
ST_2 : Operation 74 [1/1] (0.00ns)   --->   "%tC_12_addr = getelementptr i32 %tC_12, i64 0, i64 %zext_ln44" [mmult_baseline.cpp:44]   --->   Operation 74 'getelementptr' 'tC_12_addr' <Predicate = (trunc_ln45 == 12)> <Delay = 0.00>
ST_2 : Operation 75 [1/1] (0.00ns)   --->   "%tC_13_addr = getelementptr i32 %tC_13, i64 0, i64 %zext_ln44" [mmult_baseline.cpp:44]   --->   Operation 75 'getelementptr' 'tC_13_addr' <Predicate = (trunc_ln45 == 13)> <Delay = 0.00>
ST_2 : Operation 76 [1/1] (0.00ns)   --->   "%tC_14_addr = getelementptr i32 %tC_14, i64 0, i64 %zext_ln44" [mmult_baseline.cpp:44]   --->   Operation 76 'getelementptr' 'tC_14_addr' <Predicate = (trunc_ln45 == 14)> <Delay = 0.00>
ST_2 : Operation 77 [1/1] (0.00ns)   --->   "%tC_15_addr = getelementptr i32 %tC_15, i64 0, i64 %zext_ln44" [mmult_baseline.cpp:44]   --->   Operation 77 'getelementptr' 'tC_15_addr' <Predicate = (trunc_ln45 == 15)> <Delay = 0.00>
ST_2 : Operation 78 [2/2] (0.79ns)   --->   "%tC_load = load i4 %tC_addr" [mmult_baseline.cpp:47]   --->   Operation 78 'load' 'tC_load' <Predicate = (trunc_ln45 == 0)> <Delay = 0.79> <CoreInst = "RAM">   --->   Core 82 'RAM' <Latency = 1> <II = 1> <Delay = 0.79> <Storage> <Opcode : 'load' 'store'> <Ports = 2> <Width = 32> <Depth = 16> <RAM>
ST_2 : Operation 79 [2/2] (0.79ns)   --->   "%tC_1_load = load i4 %tC_1_addr" [mmult_baseline.cpp:47]   --->   Operation 79 'load' 'tC_1_load' <Predicate = (trunc_ln45 == 1)> <Delay = 0.79> <CoreInst = "RAM">   --->   Core 82 'RAM' <Latency = 1> <II = 1> <Delay = 0.79> <Storage> <Opcode : 'load' 'store'> <Ports = 2> <Width = 32> <Depth = 16> <RAM>
ST_2 : Operation 80 [2/2] (0.79ns)   --->   "%tC_2_load = load i4 %tC_2_addr" [mmult_baseline.cpp:47]   --->   Operation 80 'load' 'tC_2_load' <Predicate = (trunc_ln45 == 2)> <Delay = 0.79> <CoreInst = "RAM">   --->   Core 82 'RAM' <Latency = 1> <II = 1> <Delay = 0.79> <Storage> <Opcode : 'load' 'store'> <Ports = 2> <Width = 32> <Depth = 16> <RAM>
ST_2 : Operation 81 [2/2] (0.79ns)   --->   "%tC_3_load = load i4 %tC_3_addr" [mmult_baseline.cpp:47]   --->   Operation 81 'load' 'tC_3_load' <Predicate = (trunc_ln45 == 3)> <Delay = 0.79> <CoreInst = "RAM">   --->   Core 82 'RAM' <Latency = 1> <II = 1> <Delay = 0.79> <Storage> <Opcode : 'load' 'store'> <Ports = 2> <Width = 32> <Depth = 16> <RAM>
ST_2 : Operation 82 [2/2] (0.79ns)   --->   "%tC_4_load = load i4 %tC_4_addr" [mmult_baseline.cpp:47]   --->   Operation 82 'load' 'tC_4_load' <Predicate = (trunc_ln45 == 4)> <Delay = 0.79> <CoreInst = "RAM">   --->   Core 82 'RAM' <Latency = 1> <II = 1> <Delay = 0.79> <Storage> <Opcode : 'load' 'store'> <Ports = 2> <Width = 32> <Depth = 16> <RAM>
ST_2 : Operation 83 [2/2] (0.79ns)   --->   "%tC_5_load = load i4 %tC_5_addr" [mmult_baseline.cpp:47]   --->   Operation 83 'load' 'tC_5_load' <Predicate = (trunc_ln45 == 5)> <Delay = 0.79> <CoreInst = "RAM">   --->   Core 82 'RAM' <Latency = 1> <II = 1> <Delay = 0.79> <Storage> <Opcode : 'load' 'store'> <Ports = 2> <Width = 32> <Depth = 16> <RAM>
ST_2 : Operation 84 [2/2] (0.79ns)   --->   "%tC_6_load = load i4 %tC_6_addr" [mmult_baseline.cpp:47]   --->   Operation 84 'load' 'tC_6_load' <Predicate = (trunc_ln45 == 6)> <Delay = 0.79> <CoreInst = "RAM">   --->   Core 82 'RAM' <Latency = 1> <II = 1> <Delay = 0.79> <Storage> <Opcode : 'load' 'store'> <Ports = 2> <Width = 32> <Depth = 16> <RAM>
ST_2 : Operation 85 [2/2] (0.79ns)   --->   "%tC_7_load = load i4 %tC_7_addr" [mmult_baseline.cpp:47]   --->   Operation 85 'load' 'tC_7_load' <Predicate = (trunc_ln45 == 7)> <Delay = 0.79> <CoreInst = "RAM">   --->   Core 82 'RAM' <Latency = 1> <II = 1> <Delay = 0.79> <Storage> <Opcode : 'load' 'store'> <Ports = 2> <Width = 32> <Depth = 16> <RAM>
ST_2 : Operation 86 [2/2] (0.79ns)   --->   "%tC_8_load = load i4 %tC_8_addr" [mmult_baseline.cpp:47]   --->   Operation 86 'load' 'tC_8_load' <Predicate = (trunc_ln45 == 8)> <Delay = 0.79> <CoreInst = "RAM">   --->   Core 82 'RAM' <Latency = 1> <II = 1> <Delay = 0.79> <Storage> <Opcode : 'load' 'store'> <Ports = 2> <Width = 32> <Depth = 16> <RAM>
ST_2 : Operation 87 [2/2] (0.79ns)   --->   "%tC_9_load = load i4 %tC_9_addr" [mmult_baseline.cpp:47]   --->   Operation 87 'load' 'tC_9_load' <Predicate = (trunc_ln45 == 9)> <Delay = 0.79> <CoreInst = "RAM">   --->   Core 82 'RAM' <Latency = 1> <II = 1> <Delay = 0.79> <Storage> <Opcode : 'load' 'store'> <Ports = 2> <Width = 32> <Depth = 16> <RAM>
ST_2 : Operation 88 [2/2] (0.79ns)   --->   "%tC_10_load = load i4 %tC_10_addr" [mmult_baseline.cpp:47]   --->   Operation 88 'load' 'tC_10_load' <Predicate = (trunc_ln45 == 10)> <Delay = 0.79> <CoreInst = "RAM">   --->   Core 82 'RAM' <Latency = 1> <II = 1> <Delay = 0.79> <Storage> <Opcode : 'load' 'store'> <Ports = 2> <Width = 32> <Depth = 16> <RAM>
ST_2 : Operation 89 [2/2] (0.79ns)   --->   "%tC_11_load = load i4 %tC_11_addr" [mmult_baseline.cpp:47]   --->   Operation 89 'load' 'tC_11_load' <Predicate = (trunc_ln45 == 11)> <Delay = 0.79> <CoreInst = "RAM">   --->   Core 82 'RAM' <Latency = 1> <II = 1> <Delay = 0.79> <Storage> <Opcode : 'load' 'store'> <Ports = 2> <Width = 32> <Depth = 16> <RAM>
ST_2 : Operation 90 [2/2] (0.79ns)   --->   "%tC_12_load = load i4 %tC_12_addr" [mmult_baseline.cpp:47]   --->   Operation 90 'load' 'tC_12_load' <Predicate = (trunc_ln45 == 12)> <Delay = 0.79> <CoreInst = "RAM">   --->   Core 82 'RAM' <Latency = 1> <II = 1> <Delay = 0.79> <Storage> <Opcode : 'load' 'store'> <Ports = 2> <Width = 32> <Depth = 16> <RAM>
ST_2 : Operation 91 [2/2] (0.79ns)   --->   "%tC_13_load = load i4 %tC_13_addr" [mmult_baseline.cpp:47]   --->   Operation 91 'load' 'tC_13_load' <Predicate = (trunc_ln45 == 13)> <Delay = 0.79> <CoreInst = "RAM">   --->   Core 82 'RAM' <Latency = 1> <II = 1> <Delay = 0.79> <Storage> <Opcode : 'load' 'store'> <Ports = 2> <Width = 32> <Depth = 16> <RAM>
ST_2 : Operation 92 [2/2] (0.79ns)   --->   "%tC_14_load = load i4 %tC_14_addr" [mmult_baseline.cpp:47]   --->   Operation 92 'load' 'tC_14_load' <Predicate = (trunc_ln45 == 14)> <Delay = 0.79> <CoreInst = "RAM">   --->   Core 82 'RAM' <Latency = 1> <II = 1> <Delay = 0.79> <Storage> <Opcode : 'load' 'store'> <Ports = 2> <Width = 32> <Depth = 16> <RAM>
ST_2 : Operation 93 [2/2] (0.79ns)   --->   "%tC_15_load = load i4 %tC_15_addr" [mmult_baseline.cpp:47]   --->   Operation 93 'load' 'tC_15_load' <Predicate = (trunc_ln45 == 15)> <Delay = 0.79> <CoreInst = "RAM">   --->   Core 82 'RAM' <Latency = 1> <II = 1> <Delay = 0.79> <Storage> <Opcode : 'load' 'store'> <Ports = 2> <Width = 32> <Depth = 16> <RAM>

State 3 <SV = 2> <Delay = 7.30>
ST_3 : Operation 94 [1/1] (7.30ns)   --->   "%empty_22 = writereq i1 @_ssdm_op_WriteReq.m_axi.p1i32, i64 %gmem_addr, i64 16" [mmult_baseline.cpp:45]   --->   Operation 94 'writereq' 'empty_22' <Predicate = (first_iter_3)> <Delay = 7.30> <CoreInst = "m_axi">   --->   Core 119 'm_axi' <Latency = 0> <II = 1> <Delay = 1.00> <Adapter> <Opcode : 'read' 'write' 'readreq' 'writereq' 'writeresp'>
ST_3 : Operation 95 [1/1] (0.00ns)   --->   "%br_ln45 = br void %for.inc139.split" [mmult_baseline.cpp:45]   --->   Operation 95 'br' 'br_ln45' <Predicate = (first_iter_3)> <Delay = 0.00>
ST_3 : Operation 96 [1/2] (0.79ns)   --->   "%tC_load = load i4 %tC_addr" [mmult_baseline.cpp:47]   --->   Operation 96 'load' 'tC_load' <Predicate = (trunc_ln45 == 0)> <Delay = 0.79> <CoreInst = "RAM">   --->   Core 82 'RAM' <Latency = 1> <II = 1> <Delay = 0.79> <Storage> <Opcode : 'load' 'store'> <Ports = 2> <Width = 32> <Depth = 16> <RAM>
ST_3 : Operation 97 [1/2] (0.79ns)   --->   "%tC_1_load = load i4 %tC_1_addr" [mmult_baseline.cpp:47]   --->   Operation 97 'load' 'tC_1_load' <Predicate = (trunc_ln45 == 1)> <Delay = 0.79> <CoreInst = "RAM">   --->   Core 82 'RAM' <Latency = 1> <II = 1> <Delay = 0.79> <Storage> <Opcode : 'load' 'store'> <Ports = 2> <Width = 32> <Depth = 16> <RAM>
ST_3 : Operation 98 [1/2] (0.79ns)   --->   "%tC_2_load = load i4 %tC_2_addr" [mmult_baseline.cpp:47]   --->   Operation 98 'load' 'tC_2_load' <Predicate = (trunc_ln45 == 2)> <Delay = 0.79> <CoreInst = "RAM">   --->   Core 82 'RAM' <Latency = 1> <II = 1> <Delay = 0.79> <Storage> <Opcode : 'load' 'store'> <Ports = 2> <Width = 32> <Depth = 16> <RAM>
ST_3 : Operation 99 [1/2] (0.79ns)   --->   "%tC_3_load = load i4 %tC_3_addr" [mmult_baseline.cpp:47]   --->   Operation 99 'load' 'tC_3_load' <Predicate = (trunc_ln45 == 3)> <Delay = 0.79> <CoreInst = "RAM">   --->   Core 82 'RAM' <Latency = 1> <II = 1> <Delay = 0.79> <Storage> <Opcode : 'load' 'store'> <Ports = 2> <Width = 32> <Depth = 16> <RAM>
ST_3 : Operation 100 [1/2] (0.79ns)   --->   "%tC_4_load = load i4 %tC_4_addr" [mmult_baseline.cpp:47]   --->   Operation 100 'load' 'tC_4_load' <Predicate = (trunc_ln45 == 4)> <Delay = 0.79> <CoreInst = "RAM">   --->   Core 82 'RAM' <Latency = 1> <II = 1> <Delay = 0.79> <Storage> <Opcode : 'load' 'store'> <Ports = 2> <Width = 32> <Depth = 16> <RAM>
ST_3 : Operation 101 [1/2] (0.79ns)   --->   "%tC_5_load = load i4 %tC_5_addr" [mmult_baseline.cpp:47]   --->   Operation 101 'load' 'tC_5_load' <Predicate = (trunc_ln45 == 5)> <Delay = 0.79> <CoreInst = "RAM">   --->   Core 82 'RAM' <Latency = 1> <II = 1> <Delay = 0.79> <Storage> <Opcode : 'load' 'store'> <Ports = 2> <Width = 32> <Depth = 16> <RAM>
ST_3 : Operation 102 [1/2] (0.79ns)   --->   "%tC_6_load = load i4 %tC_6_addr" [mmult_baseline.cpp:47]   --->   Operation 102 'load' 'tC_6_load' <Predicate = (trunc_ln45 == 6)> <Delay = 0.79> <CoreInst = "RAM">   --->   Core 82 'RAM' <Latency = 1> <II = 1> <Delay = 0.79> <Storage> <Opcode : 'load' 'store'> <Ports = 2> <Width = 32> <Depth = 16> <RAM>
ST_3 : Operation 103 [1/2] (0.79ns)   --->   "%tC_7_load = load i4 %tC_7_addr" [mmult_baseline.cpp:47]   --->   Operation 103 'load' 'tC_7_load' <Predicate = (trunc_ln45 == 7)> <Delay = 0.79> <CoreInst = "RAM">   --->   Core 82 'RAM' <Latency = 1> <II = 1> <Delay = 0.79> <Storage> <Opcode : 'load' 'store'> <Ports = 2> <Width = 32> <Depth = 16> <RAM>
ST_3 : Operation 104 [1/2] (0.79ns)   --->   "%tC_8_load = load i4 %tC_8_addr" [mmult_baseline.cpp:47]   --->   Operation 104 'load' 'tC_8_load' <Predicate = (trunc_ln45 == 8)> <Delay = 0.79> <CoreInst = "RAM">   --->   Core 82 'RAM' <Latency = 1> <II = 1> <Delay = 0.79> <Storage> <Opcode : 'load' 'store'> <Ports = 2> <Width = 32> <Depth = 16> <RAM>
ST_3 : Operation 105 [1/2] (0.79ns)   --->   "%tC_9_load = load i4 %tC_9_addr" [mmult_baseline.cpp:47]   --->   Operation 105 'load' 'tC_9_load' <Predicate = (trunc_ln45 == 9)> <Delay = 0.79> <CoreInst = "RAM">   --->   Core 82 'RAM' <Latency = 1> <II = 1> <Delay = 0.79> <Storage> <Opcode : 'load' 'store'> <Ports = 2> <Width = 32> <Depth = 16> <RAM>
ST_3 : Operation 106 [1/2] (0.79ns)   --->   "%tC_10_load = load i4 %tC_10_addr" [mmult_baseline.cpp:47]   --->   Operation 106 'load' 'tC_10_load' <Predicate = (trunc_ln45 == 10)> <Delay = 0.79> <CoreInst = "RAM">   --->   Core 82 'RAM' <Latency = 1> <II = 1> <Delay = 0.79> <Storage> <Opcode : 'load' 'store'> <Ports = 2> <Width = 32> <Depth = 16> <RAM>
ST_3 : Operation 107 [1/2] (0.79ns)   --->   "%tC_11_load = load i4 %tC_11_addr" [mmult_baseline.cpp:47]   --->   Operation 107 'load' 'tC_11_load' <Predicate = (trunc_ln45 == 11)> <Delay = 0.79> <CoreInst = "RAM">   --->   Core 82 'RAM' <Latency = 1> <II = 1> <Delay = 0.79> <Storage> <Opcode : 'load' 'store'> <Ports = 2> <Width = 32> <Depth = 16> <RAM>
ST_3 : Operation 108 [1/2] (0.79ns)   --->   "%tC_12_load = load i4 %tC_12_addr" [mmult_baseline.cpp:47]   --->   Operation 108 'load' 'tC_12_load' <Predicate = (trunc_ln45 == 12)> <Delay = 0.79> <CoreInst = "RAM">   --->   Core 82 'RAM' <Latency = 1> <II = 1> <Delay = 0.79> <Storage> <Opcode : 'load' 'store'> <Ports = 2> <Width = 32> <Depth = 16> <RAM>
ST_3 : Operation 109 [1/2] (0.79ns)   --->   "%tC_13_load = load i4 %tC_13_addr" [mmult_baseline.cpp:47]   --->   Operation 109 'load' 'tC_13_load' <Predicate = (trunc_ln45 == 13)> <Delay = 0.79> <CoreInst = "RAM">   --->   Core 82 'RAM' <Latency = 1> <II = 1> <Delay = 0.79> <Storage> <Opcode : 'load' 'store'> <Ports = 2> <Width = 32> <Depth = 16> <RAM>
ST_3 : Operation 110 [1/2] (0.79ns)   --->   "%tC_14_load = load i4 %tC_14_addr" [mmult_baseline.cpp:47]   --->   Operation 110 'load' 'tC_14_load' <Predicate = (trunc_ln45 == 14)> <Delay = 0.79> <CoreInst = "RAM">   --->   Core 82 'RAM' <Latency = 1> <II = 1> <Delay = 0.79> <Storage> <Opcode : 'load' 'store'> <Ports = 2> <Width = 32> <Depth = 16> <RAM>
ST_3 : Operation 111 [1/2] (0.79ns)   --->   "%tC_15_load = load i4 %tC_15_addr" [mmult_baseline.cpp:47]   --->   Operation 111 'load' 'tC_15_load' <Predicate = (trunc_ln45 == 15)> <Delay = 0.79> <CoreInst = "RAM">   --->   Core 82 'RAM' <Latency = 1> <II = 1> <Delay = 0.79> <Storage> <Opcode : 'load' 'store'> <Ports = 2> <Width = 32> <Depth = 16> <RAM>
ST_3 : Operation 112 [1/1] (0.57ns)   --->   "%tmp = sparsemux i32 @_ssdm_op_SparseMux.ap_auto.16i32.i32.i4, i4 0, i32 %tC_load, i4 1, i32 %tC_1_load, i4 2, i32 %tC_2_load, i4 3, i32 %tC_3_load, i4 4, i32 %tC_4_load, i4 5, i32 %tC_5_load, i4 6, i32 %tC_6_load, i4 7, i32 %tC_7_load, i4 8, i32 %tC_8_load, i4 9, i32 %tC_9_load, i4 10, i32 %tC_10_load, i4 11, i32 %tC_11_load, i4 12, i32 %tC_12_load, i4 13, i32 %tC_13_load, i4 14, i32 %tC_14_load, i4 15, i32 %tC_15_load, i32 0, i4 %trunc_ln45" [mmult_baseline.cpp:47]   --->   Operation 112 'sparsemux' 'tmp' <Predicate = true> <Delay = 0.57> <CoreInst = "SparseMux">   --->   Core 144 'SparseMux' <Latency = 0> <II = 1> <Delay = 0.57> <FuncUnit> <Opcode : 'sparsemux'> <InPorts = 2> <OutPorts = 1>

State 4 <SV = 3> <Delay = 7.30>
ST_4 : Operation 113 [1/1] (0.00ns)   --->   "%specpipeline_ln46 = specpipeline void @_ssdm_op_SpecPipeline, i32 1, i32 0, i32 0, i32 0, void @empty_0" [mmult_baseline.cpp:46]   --->   Operation 113 'specpipeline' 'specpipeline_ln46' <Predicate = true> <Delay = 0.00>
ST_4 : Operation 114 [1/1] (7.30ns)   --->   "%write_ln47 = write void @_ssdm_op_Write.m_axi.p1i32, i64 %gmem_addr, i32 %tmp, i4 15" [mmult_baseline.cpp:47]   --->   Operation 114 'write' 'write_ln47' <Predicate = true> <Delay = 7.30> <CoreInst = "m_axi">   --->   Core 119 'm_axi' <Latency = 0> <II = 1> <Delay = 1.00> <Adapter> <Opcode : 'read' 'write' 'readreq' 'writereq' 'writeresp'>

State 5 <SV = 4> <Delay = 7.30>
ST_5 : Operation 115 [5/5] (7.30ns)   --->   "%empty_21 = writeresp i1 @_ssdm_op_WriteResp.m_axi.p1i32, i64 %gmem_addr" [mmult_baseline.cpp:44]   --->   Operation 115 'writeresp' 'empty_21' <Predicate = (icmp_ln45_1)> <Delay = 7.30> <CoreInst = "m_axi">   --->   Core 119 'm_axi' <Latency = 0> <II = 1> <Delay = 1.00> <Adapter> <Opcode : 'read' 'write' 'readreq' 'writereq' 'writeresp'>

State 6 <SV = 5> <Delay = 7.30>
ST_6 : Operation 116 [4/5] (7.30ns)   --->   "%empty_21 = writeresp i1 @_ssdm_op_WriteResp.m_axi.p1i32, i64 %gmem_addr" [mmult_baseline.cpp:44]   --->   Operation 116 'writeresp' 'empty_21' <Predicate = (icmp_ln45_1)> <Delay = 7.30> <CoreInst = "m_axi">   --->   Core 119 'm_axi' <Latency = 0> <II = 1> <Delay = 1.00> <Adapter> <Opcode : 'read' 'write' 'readreq' 'writereq' 'writeresp'>

State 7 <SV = 6> <Delay = 7.30>
ST_7 : Operation 117 [3/5] (7.30ns)   --->   "%empty_21 = writeresp i1 @_ssdm_op_WriteResp.m_axi.p1i32, i64 %gmem_addr" [mmult_baseline.cpp:44]   --->   Operation 117 'writeresp' 'empty_21' <Predicate = (icmp_ln45_1)> <Delay = 7.30> <CoreInst = "m_axi">   --->   Core 119 'm_axi' <Latency = 0> <II = 1> <Delay = 1.00> <Adapter> <Opcode : 'read' 'write' 'readreq' 'writereq' 'writeresp'>

State 8 <SV = 7> <Delay = 7.30>
ST_8 : Operation 118 [2/5] (7.30ns)   --->   "%empty_21 = writeresp i1 @_ssdm_op_WriteResp.m_axi.p1i32, i64 %gmem_addr" [mmult_baseline.cpp:44]   --->   Operation 118 'writeresp' 'empty_21' <Predicate = (icmp_ln45_1)> <Delay = 7.30> <CoreInst = "m_axi">   --->   Core 119 'm_axi' <Latency = 0> <II = 1> <Delay = 1.00> <Adapter> <Opcode : 'read' 'write' 'readreq' 'writereq' 'writeresp'>
ST_8 : Operation 121 [1/1] (0.48ns)   --->   "%ret_ln0 = ret"   --->   Operation 121 'ret' 'ret_ln0' <Predicate = (icmp_ln44)> <Delay = 0.48>

State 9 <SV = 8> <Delay = 7.30>
ST_9 : Operation 119 [1/5] (7.30ns)   --->   "%empty_21 = writeresp i1 @_ssdm_op_WriteResp.m_axi.p1i32, i64 %gmem_addr" [mmult_baseline.cpp:44]   --->   Operation 119 'writeresp' 'empty_21' <Predicate = (icmp_ln45_1)> <Delay = 7.30> <CoreInst = "m_axi">   --->   Core 119 'm_axi' <Latency = 0> <II = 1> <Delay = 1.00> <Adapter> <Opcode : 'read' 'write' 'readreq' 'writereq' 'writeresp'>
ST_9 : Operation 120 [1/1] (0.00ns)   --->   "%br_ln45 = br void %new.latch.for.inc139.split" [mmult_baseline.cpp:45]   --->   Operation 120 'br' 'br_ln45' <Predicate = (icmp_ln45_1)> <Delay = 0.00>


============================================================
+ Verbose Summary: Binding
============================================================
STG Binding: 
---------------- STG Properties BEGIN ----------------
- Is combinational: 0
- Is one-state seq: 0
- Is datapath-only: 0
- Is pipelined: 0
- Is top level: 0
Port [ Return ] is wired: 1; IO mode=ap_ctrl_hs:ce=0
Port [ gmem]:  wired=1; compound=1; hidden=0; nouse=0; global=0; static=0; extern=0; dir=1; type=4; pingpong=0; private_global=0; IO mode=m_axi:ce=0
Port [ tC]:  wired=1; compound=1; hidden=0; nouse=0; global=0; static=0; extern=0; dir=0; type=1; pingpong=0; private_global=0; MemPort=[13]; IO mode=ap_memory:ce=0
Port [ tC_1]:  wired=1; compound=1; hidden=0; nouse=0; global=0; static=0; extern=0; dir=0; type=1; pingpong=0; private_global=0; MemPort=[13]; IO mode=ap_memory:ce=0
Port [ tC_2]:  wired=1; compound=1; hidden=0; nouse=0; global=0; static=0; extern=0; dir=0; type=1; pingpong=0; private_global=0; MemPort=[13]; IO mode=ap_memory:ce=0
Port [ tC_3]:  wired=1; compound=1; hidden=0; nouse=0; global=0; static=0; extern=0; dir=0; type=1; pingpong=0; private_global=0; MemPort=[13]; IO mode=ap_memory:ce=0
Port [ tC_4]:  wired=1; compound=1; hidden=0; nouse=0; global=0; static=0; extern=0; dir=0; type=1; pingpong=0; private_global=0; MemPort=[13]; IO mode=ap_memory:ce=0
Port [ tC_5]:  wired=1; compound=1; hidden=0; nouse=0; global=0; static=0; extern=0; dir=0; type=1; pingpong=0; private_global=0; MemPort=[13]; IO mode=ap_memory:ce=0
Port [ tC_6]:  wired=1; compound=1; hidden=0; nouse=0; global=0; static=0; extern=0; dir=0; type=1; pingpong=0; private_global=0; MemPort=[13]; IO mode=ap_memory:ce=0
Port [ tC_7]:  wired=1; compound=1; hidden=0; nouse=0; global=0; static=0; extern=0; dir=0; type=1; pingpong=0; private_global=0; MemPort=[13]; IO mode=ap_memory:ce=0
Port [ tC_8]:  wired=1; compound=1; hidden=0; nouse=0; global=0; static=0; extern=0; dir=0; type=1; pingpong=0; private_global=0; MemPort=[13]; IO mode=ap_memory:ce=0
Port [ tC_9]:  wired=1; compound=1; hidden=0; nouse=0; global=0; static=0; extern=0; dir=0; type=1; pingpong=0; private_global=0; MemPort=[13]; IO mode=ap_memory:ce=0
Port [ tC_10]:  wired=1; compound=1; hidden=0; nouse=0; global=0; static=0; extern=0; dir=0; type=1; pingpong=0; private_global=0; MemPort=[13]; IO mode=ap_memory:ce=0
Port [ tC_11]:  wired=1; compound=1; hidden=0; nouse=0; global=0; static=0; extern=0; dir=0; type=1; pingpong=0; private_global=0; MemPort=[13]; IO mode=ap_memory:ce=0
Port [ tC_12]:  wired=1; compound=1; hidden=0; nouse=0; global=0; static=0; extern=0; dir=0; type=1; pingpong=0; private_global=0; MemPort=[13]; IO mode=ap_memory:ce=0
Port [ tC_13]:  wired=1; compound=1; hidden=0; nouse=0; global=0; static=0; extern=0; dir=0; type=1; pingpong=0; private_global=0; MemPort=[13]; IO mode=ap_memory:ce=0
Port [ tC_14]:  wired=1; compound=1; hidden=0; nouse=0; global=0; static=0; extern=0; dir=0; type=1; pingpong=0; private_global=0; MemPort=[13]; IO mode=ap_memory:ce=0
Port [ tC_15]:  wired=1; compound=1; hidden=0; nouse=0; global=0; static=0; extern=0; dir=0; type=1; pingpong=0; private_global=0; MemPort=[13]; IO mode=ap_memory:ce=0
Port [ dim_cast3846]:  wired=1; compound=0; hidden=0; nouse=0; global=0; static=0; extern=0; dir=0; type=0; pingpong=0; private_global=0; IO mode=ap_none:ce=0
Port [ empty]:  wired=1; compound=0; hidden=0; nouse=0; global=0; static=0; extern=0; dir=0; type=0; pingpong=0; private_global=0; IO mode=ap_none:ce=0
Port [ zext_ln25]:  wired=1; compound=0; hidden=0; nouse=0; global=0; static=0; extern=0; dir=0; type=0; pingpong=0; private_global=0; IO mode=ap_none:ce=0
Port [ out_r]:  wired=1; compound=0; hidden=0; nouse=0; global=0; static=0; extern=0; dir=0; type=0; pingpong=0; private_global=0; IO mode=ap_none:ce=0
---------------- STG Properties END ------------------

---------------- Datapath Model BEGIN ----------------

<LifeTime>
<method=bitvector/>
j                     (alloca           ) [ 0100000000]
i                     (alloca           ) [ 0100000000]
indvar_flatten20      (alloca           ) [ 0100000000]
out_r_read            (read             ) [ 0110000000]
zext_ln25_read        (read             ) [ 0000000000]
tmp_1                 (read             ) [ 0000000000]
dim_cast3846_read     (read             ) [ 0000000000]
dim_cast3846_cast     (sext             ) [ 0110000000]
zext_ln25_cast        (zext             ) [ 0110000000]
p_cast                (sext             ) [ 0110000000]
specinterface_ln0     (specinterface    ) [ 0000000000]
store_ln0             (store            ) [ 0000000000]
store_ln44            (store            ) [ 0000000000]
store_ln45            (store            ) [ 0000000000]
br_ln0                (br               ) [ 0000000000]
indvar_flatten20_load (load             ) [ 0000000000]
specbitsmap_ln0       (specbitsmap      ) [ 0000000000]
icmp_ln44             (icmp             ) [ 0111111110]
add_ln44              (add              ) [ 0000000000]
br_ln44               (br               ) [ 0000000000]
j_load                (load             ) [ 0000000000]
i_load                (load             ) [ 0000000000]
icmp_ln45             (icmp             ) [ 0000000000]
select_ln44           (select           ) [ 0000000000]
add_ln44_1            (add              ) [ 0000000000]
select_ln44_1         (select           ) [ 0110000000]
first_iter_3          (icmp             ) [ 0111000000]
br_ln45               (br               ) [ 0000000000]
trunc_ln45            (trunc            ) [ 0111000000]
add_ln45              (add              ) [ 0000000000]
icmp_ln45_1           (icmp             ) [ 0111111111]
br_ln45               (br               ) [ 0000000000]
store_ln44            (store            ) [ 0000000000]
store_ln44            (store            ) [ 0000000000]
store_ln45            (store            ) [ 0000000000]
br_ln45               (br               ) [ 0000000000]
specloopname_ln0      (specloopname     ) [ 0000000000]
speclooptripcount_ln0 (speclooptripcount) [ 0000000000]
zext_ln44_1           (zext             ) [ 0000000000]
empty_23              (mul              ) [ 0000000000]
p_cast1               (sext             ) [ 0000000000]
tmp3843               (add              ) [ 0000000000]
empty_24              (add              ) [ 0000000000]
tmp_6                 (bitconcatenate   ) [ 0000000000]
tmp_6_cast            (sext             ) [ 0000000000]
empty_25              (add              ) [ 0000000000]
trunc_ln3             (partselect       ) [ 0000000000]
sext_ln45             (sext             ) [ 0000000000]
gmem_addr             (getelementptr    ) [ 0101111111]
zext_ln44             (zext             ) [ 0000000000]
tC_addr               (getelementptr    ) [ 0101000000]
tC_1_addr             (getelementptr    ) [ 0101000000]
tC_2_addr             (getelementptr    ) [ 0101000000]
tC_3_addr             (getelementptr    ) [ 0101000000]
tC_4_addr             (getelementptr    ) [ 0101000000]
tC_5_addr             (getelementptr    ) [ 0101000000]
tC_6_addr             (getelementptr    ) [ 0101000000]
tC_7_addr             (getelementptr    ) [ 0101000000]
tC_8_addr             (getelementptr    ) [ 0101000000]
tC_9_addr             (getelementptr    ) [ 0101000000]
tC_10_addr            (getelementptr    ) [ 0101000000]
tC_11_addr            (getelementptr    ) [ 0101000000]
tC_12_addr            (getelementptr    ) [ 0101000000]
tC_13_addr            (getelementptr    ) [ 0101000000]
tC_14_addr            (getelementptr    ) [ 0101000000]
tC_15_addr            (getelementptr    ) [ 0101000000]
empty_22              (writereq         ) [ 0000000000]
br_ln45               (br               ) [ 0000000000]
tC_load               (load             ) [ 0000000000]
tC_1_load             (load             ) [ 0000000000]
tC_2_load             (load             ) [ 0000000000]
tC_3_load             (load             ) [ 0000000000]
tC_4_load             (load             ) [ 0000000000]
tC_5_load             (load             ) [ 0000000000]
tC_6_load             (load             ) [ 0000000000]
tC_7_load             (load             ) [ 0000000000]
tC_8_load             (load             ) [ 0000000000]
tC_9_load             (load             ) [ 0000000000]
tC_10_load            (load             ) [ 0000000000]
tC_11_load            (load             ) [ 0000000000]
tC_12_load            (load             ) [ 0000000000]
tC_13_load            (load             ) [ 0000000000]
tC_14_load            (load             ) [ 0000000000]
tC_15_load            (load             ) [ 0000000000]
tmp                   (sparsemux        ) [ 0100100000]
specpipeline_ln46     (specpipeline     ) [ 0000000000]
write_ln47            (write            ) [ 0000000000]
empty_21              (writeresp        ) [ 0000000000]
br_ln45               (br               ) [ 0000000000]
ret_ln0               (ret              ) [ 0000000000]
</LifeTime>

<model>

<comp_list>
<comp id="0" class="1000" name="gmem">
<pin_list>
<pin id="1" dir="1" index="0" bw="1" slack="0"/>
</pin_list>
<bind>
<StgValue><ssdm name="gmem"/></StgValue>
</bind>
</comp>

<comp id="2" class="1000" name="tC">
<pin_list>
<pin id="3" dir="1" index="0" bw="1" slack="0"/>
</pin_list>
<bind>
<StgValue><ssdm name="tC"/><MemPortTyVec>1 3 </MemPortTyVec>
</StgValue>
</bind>
</comp>

<comp id="4" class="1000" name="tC_1">
<pin_list>
<pin id="5" dir="1" index="0" bw="1" slack="0"/>
</pin_list>
<bind>
<StgValue><ssdm name="tC_1"/><MemPortTyVec>1 3 </MemPortTyVec>
</StgValue>
</bind>
</comp>

<comp id="6" class="1000" name="tC_2">
<pin_list>
<pin id="7" dir="1" index="0" bw="1" slack="0"/>
</pin_list>
<bind>
<StgValue><ssdm name="tC_2"/><MemPortTyVec>1 3 </MemPortTyVec>
</StgValue>
</bind>
</comp>

<comp id="8" class="1000" name="tC_3">
<pin_list>
<pin id="9" dir="1" index="0" bw="1" slack="0"/>
</pin_list>
<bind>
<StgValue><ssdm name="tC_3"/><MemPortTyVec>1 3 </MemPortTyVec>
</StgValue>
</bind>
</comp>

<comp id="10" class="1000" name="tC_4">
<pin_list>
<pin id="11" dir="1" index="0" bw="1" slack="0"/>
</pin_list>
<bind>
<StgValue><ssdm name="tC_4"/><MemPortTyVec>1 3 </MemPortTyVec>
</StgValue>
</bind>
</comp>

<comp id="12" class="1000" name="tC_5">
<pin_list>
<pin id="13" dir="1" index="0" bw="1" slack="0"/>
</pin_list>
<bind>
<StgValue><ssdm name="tC_5"/><MemPortTyVec>1 3 </MemPortTyVec>
</StgValue>
</bind>
</comp>

<comp id="14" class="1000" name="tC_6">
<pin_list>
<pin id="15" dir="1" index="0" bw="1" slack="0"/>
</pin_list>
<bind>
<StgValue><ssdm name="tC_6"/><MemPortTyVec>1 3 </MemPortTyVec>
</StgValue>
</bind>
</comp>

<comp id="16" class="1000" name="tC_7">
<pin_list>
<pin id="17" dir="1" index="0" bw="1" slack="0"/>
</pin_list>
<bind>
<StgValue><ssdm name="tC_7"/><MemPortTyVec>1 3 </MemPortTyVec>
</StgValue>
</bind>
</comp>

<comp id="18" class="1000" name="tC_8">
<pin_list>
<pin id="19" dir="1" index="0" bw="1" slack="0"/>
</pin_list>
<bind>
<StgValue><ssdm name="tC_8"/><MemPortTyVec>1 3 </MemPortTyVec>
</StgValue>
</bind>
</comp>

<comp id="20" class="1000" name="tC_9">
<pin_list>
<pin id="21" dir="1" index="0" bw="1" slack="0"/>
</pin_list>
<bind>
<StgValue><ssdm name="tC_9"/><MemPortTyVec>1 3 </MemPortTyVec>
</StgValue>
</bind>
</comp>

<comp id="22" class="1000" name="tC_10">
<pin_list>
<pin id="23" dir="1" index="0" bw="1" slack="0"/>
</pin_list>
<bind>
<StgValue><ssdm name="tC_10"/><MemPortTyVec>1 3 </MemPortTyVec>
</StgValue>
</bind>
</comp>

<comp id="24" class="1000" name="tC_11">
<pin_list>
<pin id="25" dir="1" index="0" bw="1" slack="0"/>
</pin_list>
<bind>
<StgValue><ssdm name="tC_11"/><MemPortTyVec>1 3 </MemPortTyVec>
</StgValue>
</bind>
</comp>

<comp id="26" class="1000" name="tC_12">
<pin_list>
<pin id="27" dir="1" index="0" bw="1" slack="0"/>
</pin_list>
<bind>
<StgValue><ssdm name="tC_12"/><MemPortTyVec>1 3 </MemPortTyVec>
</StgValue>
</bind>
</comp>

<comp id="28" class="1000" name="tC_13">
<pin_list>
<pin id="29" dir="1" index="0" bw="1" slack="0"/>
</pin_list>
<bind>
<StgValue><ssdm name="tC_13"/><MemPortTyVec>1 3 </MemPortTyVec>
</StgValue>
</bind>
</comp>

<comp id="30" class="1000" name="tC_14">
<pin_list>
<pin id="31" dir="1" index="0" bw="1" slack="0"/>
</pin_list>
<bind>
<StgValue><ssdm name="tC_14"/><MemPortTyVec>1 3 </MemPortTyVec>
</StgValue>
</bind>
</comp>

<comp id="32" class="1000" name="tC_15">
<pin_list>
<pin id="33" dir="1" index="0" bw="1" slack="0"/>
</pin_list>
<bind>
<StgValue><ssdm name="tC_15"/><MemPortTyVec>1 3 </MemPortTyVec>
</StgValue>
</bind>
</comp>

<comp id="34" class="1000" name="dim_cast3846">
<pin_list>
<pin id="35" dir="1" index="0" bw="1" slack="0"/>
</pin_list>
<bind>
<StgValue><ssdm name="dim_cast3846"/></StgValue>
</bind>
</comp>

<comp id="36" class="1000" name="empty">
<pin_list>
<pin id="37" dir="1" index="0" bw="1" slack="0"/>
</pin_list>
<bind>
<StgValue><ssdm name="empty"/></StgValue>
</bind>
</comp>

<comp id="38" class="1000" name="zext_ln25">
<pin_list>
<pin id="39" dir="1" index="0" bw="1" slack="0"/>
</pin_list>
<bind>
<StgValue><ssdm name="zext_ln25"/></StgValue>
</bind>
</comp>

<comp id="40" class="1000" name="out_r">
<pin_list>
<pin id="41" dir="1" index="0" bw="1" slack="0"/>
</pin_list>
<bind>
<StgValue><ssdm name="out_r"/></StgValue>
</bind>
</comp>

<comp id="42" class="1001" name="const_42">
<pin_list>
<pin id="43" dir="1" index="0" bw="1" slack="0"/>
</pin_list>
<bind>
<StgValue><ssdm name=""/></StgValue>
</bind>
</comp>

<comp id="44" class="1001" name="const_44">
<pin_list>
<pin id="45" dir="1" index="0" bw="1" slack="0"/>
</pin_list>
<bind>
<StgValue><ssdm name="_ssdm_op_Read.ap_auto.i64"/></StgValue>
</bind>
</comp>

<comp id="46" class="1001" name="const_46">
<pin_list>
<pin id="47" dir="1" index="0" bw="1" slack="0"/>
</pin_list>
<bind>
<StgValue><ssdm name="_ssdm_op_Read.ap_auto.i7"/></StgValue>
</bind>
</comp>

<comp id="48" class="1001" name="const_48">
<pin_list>
<pin id="49" dir="1" index="0" bw="1" slack="0"/>
</pin_list>
<bind>
<StgValue><ssdm name="_ssdm_op_Read.ap_auto.i39"/></StgValue>
</bind>
</comp>

<comp id="50" class="1001" name="const_50">
<pin_list>
<pin id="51" dir="1" index="0" bw="1" slack="0"/>
</pin_list>
<bind>
<StgValue><ssdm name="_ssdm_op_Read.ap_auto.i32"/></StgValue>
</bind>
</comp>

<comp id="52" class="1001" name="const_52">
<pin_list>
<pin id="53" dir="1" index="0" bw="1" slack="2147483647"/>
</pin_list>
<bind>
<StgValue><ssdm name="_ssdm_op_SpecInterface"/></StgValue>
</bind>
</comp>

<comp id="54" class="1001" name="const_54">
<pin_list>
<pin id="55" dir="1" index="0" bw="1" slack="2147483647"/>
</pin_list>
<bind>
<StgValue><ssdm name="empty"/></StgValue>
</bind>
</comp>

<comp id="56" class="1001" name="const_56">
<pin_list>
<pin id="57" dir="1" index="0" bw="1" slack="2147483647"/>
</pin_list>
<bind>
<StgValue><ssdm name=""/></StgValue>
</bind>
</comp>

<comp id="58" class="1001" name="const_58">
<pin_list>
<pin id="59" dir="1" index="0" bw="1" slack="2147483647"/>
</pin_list>
<bind>
<StgValue><ssdm name="empty_0"/></StgValue>
</bind>
</comp>

<comp id="60" class="1001" name="const_60">
<pin_list>
<pin id="61" dir="1" index="0" bw="1" slack="2147483647"/>
</pin_list>
<bind>
<StgValue><ssdm name=""/></StgValue>
</bind>
</comp>

<comp id="62" class="1001" name="const_62">
<pin_list>
<pin id="63" dir="1" index="0" bw="1" slack="2147483647"/>
</pin_list>
<bind>
<StgValue><ssdm name="empty_1"/></StgValue>
</bind>
</comp>

<comp id="64" class="1001" name="const_64">
<pin_list>
<pin id="65" dir="1" index="0" bw="1" slack="2147483647"/>
</pin_list>
<bind>
<StgValue><ssdm name="empty_2"/></StgValue>
</bind>
</comp>

<comp id="66" class="1001" name="const_66">
<pin_list>
<pin id="67" dir="1" index="0" bw="1" slack="2147483647"/>
</pin_list>
<bind>
<StgValue><ssdm name=""/></StgValue>
</bind>
</comp>

<comp id="68" class="1001" name="const_68">
<pin_list>
<pin id="69" dir="1" index="0" bw="1" slack="2147483647"/>
</pin_list>
<bind>
<StgValue><ssdm name=""/></StgValue>
</bind>
</comp>

<comp id="70" class="1001" name="const_70">
<pin_list>
<pin id="71" dir="1" index="0" bw="1" slack="0"/>
</pin_list>
<bind>
<StgValue><ssdm name=""/></StgValue>
</bind>
</comp>

<comp id="72" class="1001" name="const_72">
<pin_list>
<pin id="73" dir="1" index="0" bw="1" slack="0"/>
</pin_list>
<bind>
<StgValue><ssdm name=""/></StgValue>
</bind>
</comp>

<comp id="74" class="1001" name="const_74">
<pin_list>
<pin id="75" dir="1" index="0" bw="1" slack="2147483647"/>
</pin_list>
<bind>
<StgValue><ssdm name="_ssdm_op_SpecBitsMap"/></StgValue>
</bind>
</comp>

<comp id="76" class="1001" name="const_76">
<pin_list>
<pin id="77" dir="1" index="0" bw="1" slack="0"/>
</pin_list>
<bind>
<StgValue><ssdm name=""/></StgValue>
</bind>
</comp>

<comp id="78" class="1001" name="const_78">
<pin_list>
<pin id="79" dir="1" index="0" bw="1" slack="0"/>
</pin_list>
<bind>
<StgValue><ssdm name=""/></StgValue>
</bind>
</comp>

<comp id="80" class="1001" name="const_80">
<pin_list>
<pin id="81" dir="1" index="0" bw="1" slack="0"/>
</pin_list>
<bind>
<StgValue><ssdm name=""/></StgValue>
</bind>
</comp>

<comp id="82" class="1001" name="const_82">
<pin_list>
<pin id="83" dir="1" index="0" bw="1" slack="0"/>
</pin_list>
<bind>
<StgValue><ssdm name=""/></StgValue>
</bind>
</comp>

<comp id="84" class="1001" name="const_84">
<pin_list>
<pin id="85" dir="1" index="0" bw="1" slack="2147483647"/>
</pin_list>
<bind>
<StgValue><ssdm name="_ssdm_op_SpecLoopName"/></StgValue>
</bind>
</comp>

<comp id="86" class="1001" name="const_86">
<pin_list>
<pin id="87" dir="1" index="0" bw="1" slack="2147483647"/>
</pin_list>
<bind>
<StgValue><ssdm name="store_i_store_j_str"/></StgValue>
</bind>
</comp>

<comp id="88" class="1001" name="const_88">
<pin_list>
<pin id="89" dir="1" index="0" bw="1" slack="2147483647"/>
</pin_list>
<bind>
<StgValue><ssdm name="_ssdm_op_SpecLoopTripCount"/></StgValue>
</bind>
</comp>

<comp id="90" class="1001" name="const_90">
<pin_list>
<pin id="91" dir="1" index="0" bw="1" slack="2147483647"/>
</pin_list>
<bind>
<StgValue><ssdm name=""/></StgValue>
</bind>
</comp>

<comp id="92" class="1001" name="const_92">
<pin_list>
<pin id="93" dir="1" index="0" bw="1" slack="0"/>
</pin_list>
<bind>
<StgValue><ssdm name="_ssdm_op_BitConcatenate.i42.i40.i2"/></StgValue>
</bind>
</comp>

<comp id="94" class="1001" name="const_94">
<pin_list>
<pin id="95" dir="1" index="0" bw="1" slack="0"/>
</pin_list>
<bind>
<StgValue><ssdm name=""/></StgValue>
</bind>
</comp>

<comp id="96" class="1001" name="const_96">
<pin_list>
<pin id="97" dir="1" index="0" bw="1" slack="0"/>
</pin_list>
<bind>
<StgValue><ssdm name="_ssdm_op_PartSelect.i62.i64.i32.i32"/></StgValue>
</bind>
</comp>

<comp id="98" class="1001" name="const_98">
<pin_list>
<pin id="99" dir="1" index="0" bw="1" slack="0"/>
</pin_list>
<bind>
<StgValue><ssdm name=""/></StgValue>
</bind>
</comp>

<comp id="100" class="1001" name="const_100">
<pin_list>
<pin id="101" dir="1" index="0" bw="1" slack="0"/>
</pin_list>
<bind>
<StgValue><ssdm name=""/></StgValue>
</bind>
</comp>

<comp id="102" class="1001" name="const_102">
<pin_list>
<pin id="103" dir="1" index="0" bw="1" slack="0"/>
</pin_list>
<bind>
<StgValue><ssdm name=""/></StgValue>
</bind>
</comp>

<comp id="104" class="1001" name="const_104">
<pin_list>
<pin id="105" dir="1" index="0" bw="1" slack="0"/>
</pin_list>
<bind>
<StgValue><ssdm name="_ssdm_op_WriteReq.m_axi.p1i32"/></StgValue>
</bind>
</comp>

<comp id="106" class="1001" name="const_106">
<pin_list>
<pin id="107" dir="1" index="0" bw="1" slack="0"/>
</pin_list>
<bind>
<StgValue><ssdm name=""/></StgValue>
</bind>
</comp>

<comp id="108" class="1001" name="const_108">
<pin_list>
<pin id="109" dir="1" index="0" bw="1" slack="0"/>
</pin_list>
<bind>
<StgValue><ssdm name="_ssdm_op_SparseMux.ap_auto.16i32.i32.i4"/></StgValue>
</bind>
</comp>

<comp id="110" class="1001" name="const_110">
<pin_list>
<pin id="111" dir="1" index="0" bw="1" slack="0"/>
</pin_list>
<bind>
<StgValue><ssdm name=""/></StgValue>
</bind>
</comp>

<comp id="112" class="1001" name="const_112">
<pin_list>
<pin id="113" dir="1" index="0" bw="1" slack="0"/>
</pin_list>
<bind>
<StgValue><ssdm name=""/></StgValue>
</bind>
</comp>

<comp id="114" class="1001" name="const_114">
<pin_list>
<pin id="115" dir="1" index="0" bw="1" slack="0"/>
</pin_list>
<bind>
<StgValue><ssdm name=""/></StgValue>
</bind>
</comp>

<comp id="116" class="1001" name="const_116">
<pin_list>
<pin id="117" dir="1" index="0" bw="1" slack="0"/>
</pin_list>
<bind>
<StgValue><ssdm name=""/></StgValue>
</bind>
</comp>

<comp id="118" class="1001" name="const_118">
<pin_list>
<pin id="119" dir="1" index="0" bw="1" slack="0"/>
</pin_list>
<bind>
<StgValue><ssdm name=""/></StgValue>
</bind>
</comp>

<comp id="120" class="1001" name="const_120">
<pin_list>
<pin id="121" dir="1" index="0" bw="1" slack="0"/>
</pin_list>
<bind>
<StgValue><ssdm name=""/></StgValue>
</bind>
</comp>

<comp id="122" class="1001" name="const_122">
<pin_list>
<pin id="123" dir="1" index="0" bw="1" slack="0"/>
</pin_list>
<bind>
<StgValue><ssdm name=""/></StgValue>
</bind>
</comp>

<comp id="124" class="1001" name="const_124">
<pin_list>
<pin id="125" dir="1" index="0" bw="1" slack="0"/>
</pin_list>
<bind>
<StgValue><ssdm name=""/></StgValue>
</bind>
</comp>

<comp id="126" class="1001" name="const_126">
<pin_list>
<pin id="127" dir="1" index="0" bw="1" slack="0"/>
</pin_list>
<bind>
<StgValue><ssdm name=""/></StgValue>
</bind>
</comp>

<comp id="128" class="1001" name="const_128">
<pin_list>
<pin id="129" dir="1" index="0" bw="1" slack="0"/>
</pin_list>
<bind>
<StgValue><ssdm name=""/></StgValue>
</bind>
</comp>

<comp id="130" class="1001" name="const_130">
<pin_list>
<pin id="131" dir="1" index="0" bw="1" slack="0"/>
</pin_list>
<bind>
<StgValue><ssdm name=""/></StgValue>
</bind>
</comp>

<comp id="132" class="1001" name="const_132">
<pin_list>
<pin id="133" dir="1" index="0" bw="1" slack="0"/>
</pin_list>
<bind>
<StgValue><ssdm name=""/></StgValue>
</bind>
</comp>

<comp id="134" class="1001" name="const_134">
<pin_list>
<pin id="135" dir="1" index="0" bw="1" slack="0"/>
</pin_list>
<bind>
<StgValue><ssdm name=""/></StgValue>
</bind>
</comp>

<comp id="136" class="1001" name="const_136">
<pin_list>
<pin id="137" dir="1" index="0" bw="1" slack="0"/>
</pin_list>
<bind>
<StgValue><ssdm name=""/></StgValue>
</bind>
</comp>

<comp id="138" class="1001" name="const_138">
<pin_list>
<pin id="139" dir="1" index="0" bw="1" slack="0"/>
</pin_list>
<bind>
<StgValue><ssdm name=""/></StgValue>
</bind>
</comp>

<comp id="140" class="1001" name="const_140">
<pin_list>
<pin id="141" dir="1" index="0" bw="1" slack="0"/>
</pin_list>
<bind>
<StgValue><ssdm name=""/></StgValue>
</bind>
</comp>

<comp id="142" class="1001" name="const_142">
<pin_list>
<pin id="143" dir="1" index="0" bw="1" slack="0"/>
</pin_list>
<bind>
<StgValue><ssdm name=""/></StgValue>
</bind>
</comp>

<comp id="144" class="1001" name="const_144">
<pin_list>
<pin id="145" dir="1" index="0" bw="1" slack="2147483647"/>
</pin_list>
<bind>
<StgValue><ssdm name="_ssdm_op_SpecPipeline"/></StgValue>
</bind>
</comp>

<comp id="146" class="1001" name="const_146">
<pin_list>
<pin id="147" dir="1" index="0" bw="1" slack="0"/>
</pin_list>
<bind>
<StgValue><ssdm name="_ssdm_op_Write.m_axi.p1i32"/></StgValue>
</bind>
</comp>

<comp id="148" class="1001" name="const_148">
<pin_list>
<pin id="149" dir="1" index="0" bw="1" slack="0"/>
</pin_list>
<bind>
<StgValue><ssdm name="_ssdm_op_WriteResp.m_axi.p1i32"/></StgValue>
</bind>
</comp>

<comp id="150" class="1004" name="j_fu_150">
<pin_list>
<pin id="151" dir="0" index="0" bw="1" slack="0"/>
<pin id="152" dir="1" index="1" bw="5" slack="0"/>
</pin_list>
<bind>
<opcode="alloca(26) " fcode="alloca"/>
<opset="j/1 "/>
</bind>
</comp>

<comp id="154" class="1004" name="i_fu_154">
<pin_list>
<pin id="155" dir="0" index="0" bw="1" slack="0"/>
<pin id="156" dir="1" index="1" bw="5" slack="0"/>
</pin_list>
<bind>
<opcode="alloca(26) " fcode="alloca"/>
<opset="i/1 "/>
</bind>
</comp>

<comp id="158" class="1004" name="indvar_flatten20_fu_158">
<pin_list>
<pin id="159" dir="0" index="0" bw="1" slack="0"/>
<pin id="160" dir="1" index="1" bw="9" slack="0"/>
</pin_list>
<bind>
<opcode="alloca(26) " fcode="alloca"/>
<opset="indvar_flatten20/1 "/>
</bind>
</comp>

<comp id="162" class="1004" name="out_r_read_read_fu_162">
<pin_list>
<pin id="163" dir="0" index="0" bw="64" slack="0"/>
<pin id="164" dir="0" index="1" bw="64" slack="0"/>
<pin id="165" dir="1" index="2" bw="64" slack="1"/>
</pin_list>
<bind>
<opcode="read(1150) " fcode="read"/>
<opset="out_r_read/1 "/>
</bind>
</comp>

<comp id="168" class="1004" name="zext_ln25_read_read_fu_168">
<pin_list>
<pin id="169" dir="0" index="0" bw="7" slack="0"/>
<pin id="170" dir="0" index="1" bw="7" slack="0"/>
<pin id="171" dir="1" index="2" bw="7" slack="0"/>
</pin_list>
<bind>
<opcode="read(1150) " fcode="read"/>
<opset="zext_ln25_read/1 "/>
</bind>
</comp>

<comp id="174" class="1004" name="tmp_1_read_fu_174">
<pin_list>
<pin id="175" dir="0" index="0" bw="39" slack="0"/>
<pin id="176" dir="0" index="1" bw="39" slack="0"/>
<pin id="177" dir="1" index="2" bw="39" slack="0"/>
</pin_list>
<bind>
<opcode="read(1150) " fcode="read"/>
<opset="tmp_1/1 "/>
</bind>
</comp>

<comp id="180" class="1004" name="dim_cast3846_read_read_fu_180">
<pin_list>
<pin id="181" dir="0" index="0" bw="32" slack="0"/>
<pin id="182" dir="0" index="1" bw="32" slack="0"/>
<pin id="183" dir="1" index="2" bw="32" slack="0"/>
</pin_list>
<bind>
<opcode="read(1150) " fcode="read"/>
<opset="dim_cast3846_read/1 "/>
</bind>
</comp>

<comp id="186" class="1004" name="grp_writeresp_fu_186">
<pin_list>
<pin id="187" dir="0" index="0" bw="1" slack="0"/>
<pin id="188" dir="0" index="1" bw="32" slack="1"/>
<pin id="189" dir="0" index="2" bw="6" slack="0"/>
<pin id="190" dir="1" index="3" bw="1" slack="2147483647"/>
</pin_list>
<bind>
<opcode="writereq(1155) writeresp(1158) " fcode="writeresp"/>
<opset="empty_22/3 empty_21/5 "/>
</bind>
</comp>

<comp id="193" class="1004" name="write_ln47_write_fu_193">
<pin_list>
<pin id="194" dir="0" index="0" bw="0" slack="0"/>
<pin id="195" dir="0" index="1" bw="32" slack="2"/>
<pin id="196" dir="0" index="2" bw="32" slack="1"/>
<pin id="197" dir="0" index="3" bw="1" slack="0"/>
<pin id="198" dir="1" index="4" bw="0" slack="2147483647"/>
</pin_list>
<bind>
<opcode="write(1151) " fcode="write"/>
<opset="write_ln47/4 "/>
</bind>
</comp>

<comp id="202" class="1004" name="tC_addr_gep_fu_202">
<pin_list>
<pin id="203" dir="0" index="0" bw="32" slack="0"/>
<pin id="204" dir="0" index="1" bw="1" slack="0"/>
<pin id="205" dir="0" index="2" bw="5" slack="0"/>
<pin id="206" dir="1" index="3" bw="4" slack="0"/>
</pin_list>
<bind>
<opcode="getelementptr(29) " fcode="getelementptr"/>
<opset="tC_addr/2 "/>
</bind>
</comp>

<comp id="209" class="1004" name="tC_1_addr_gep_fu_209">
<pin_list>
<pin id="210" dir="0" index="0" bw="32" slack="0"/>
<pin id="211" dir="0" index="1" bw="1" slack="0"/>
<pin id="212" dir="0" index="2" bw="5" slack="0"/>
<pin id="213" dir="1" index="3" bw="4" slack="0"/>
</pin_list>
<bind>
<opcode="getelementptr(29) " fcode="getelementptr"/>
<opset="tC_1_addr/2 "/>
</bind>
</comp>

<comp id="216" class="1004" name="tC_2_addr_gep_fu_216">
<pin_list>
<pin id="217" dir="0" index="0" bw="32" slack="0"/>
<pin id="218" dir="0" index="1" bw="1" slack="0"/>
<pin id="219" dir="0" index="2" bw="5" slack="0"/>
<pin id="220" dir="1" index="3" bw="4" slack="0"/>
</pin_list>
<bind>
<opcode="getelementptr(29) " fcode="getelementptr"/>
<opset="tC_2_addr/2 "/>
</bind>
</comp>

<comp id="223" class="1004" name="tC_3_addr_gep_fu_223">
<pin_list>
<pin id="224" dir="0" index="0" bw="32" slack="0"/>
<pin id="225" dir="0" index="1" bw="1" slack="0"/>
<pin id="226" dir="0" index="2" bw="5" slack="0"/>
<pin id="227" dir="1" index="3" bw="4" slack="0"/>
</pin_list>
<bind>
<opcode="getelementptr(29) " fcode="getelementptr"/>
<opset="tC_3_addr/2 "/>
</bind>
</comp>

<comp id="230" class="1004" name="tC_4_addr_gep_fu_230">
<pin_list>
<pin id="231" dir="0" index="0" bw="32" slack="0"/>
<pin id="232" dir="0" index="1" bw="1" slack="0"/>
<pin id="233" dir="0" index="2" bw="5" slack="0"/>
<pin id="234" dir="1" index="3" bw="4" slack="0"/>
</pin_list>
<bind>
<opcode="getelementptr(29) " fcode="getelementptr"/>
<opset="tC_4_addr/2 "/>
</bind>
</comp>

<comp id="237" class="1004" name="tC_5_addr_gep_fu_237">
<pin_list>
<pin id="238" dir="0" index="0" bw="32" slack="0"/>
<pin id="239" dir="0" index="1" bw="1" slack="0"/>
<pin id="240" dir="0" index="2" bw="5" slack="0"/>
<pin id="241" dir="1" index="3" bw="4" slack="0"/>
</pin_list>
<bind>
<opcode="getelementptr(29) " fcode="getelementptr"/>
<opset="tC_5_addr/2 "/>
</bind>
</comp>

<comp id="244" class="1004" name="tC_6_addr_gep_fu_244">
<pin_list>
<pin id="245" dir="0" index="0" bw="32" slack="0"/>
<pin id="246" dir="0" index="1" bw="1" slack="0"/>
<pin id="247" dir="0" index="2" bw="5" slack="0"/>
<pin id="248" dir="1" index="3" bw="4" slack="0"/>
</pin_list>
<bind>
<opcode="getelementptr(29) " fcode="getelementptr"/>
<opset="tC_6_addr/2 "/>
</bind>
</comp>

<comp id="251" class="1004" name="tC_7_addr_gep_fu_251">
<pin_list>
<pin id="252" dir="0" index="0" bw="32" slack="0"/>
<pin id="253" dir="0" index="1" bw="1" slack="0"/>
<pin id="254" dir="0" index="2" bw="5" slack="0"/>
<pin id="255" dir="1" index="3" bw="4" slack="0"/>
</pin_list>
<bind>
<opcode="getelementptr(29) " fcode="getelementptr"/>
<opset="tC_7_addr/2 "/>
</bind>
</comp>

<comp id="258" class="1004" name="tC_8_addr_gep_fu_258">
<pin_list>
<pin id="259" dir="0" index="0" bw="32" slack="0"/>
<pin id="260" dir="0" index="1" bw="1" slack="0"/>
<pin id="261" dir="0" index="2" bw="5" slack="0"/>
<pin id="262" dir="1" index="3" bw="4" slack="0"/>
</pin_list>
<bind>
<opcode="getelementptr(29) " fcode="getelementptr"/>
<opset="tC_8_addr/2 "/>
</bind>
</comp>

<comp id="265" class="1004" name="tC_9_addr_gep_fu_265">
<pin_list>
<pin id="266" dir="0" index="0" bw="32" slack="0"/>
<pin id="267" dir="0" index="1" bw="1" slack="0"/>
<pin id="268" dir="0" index="2" bw="5" slack="0"/>
<pin id="269" dir="1" index="3" bw="4" slack="0"/>
</pin_list>
<bind>
<opcode="getelementptr(29) " fcode="getelementptr"/>
<opset="tC_9_addr/2 "/>
</bind>
</comp>

<comp id="272" class="1004" name="tC_10_addr_gep_fu_272">
<pin_list>
<pin id="273" dir="0" index="0" bw="32" slack="0"/>
<pin id="274" dir="0" index="1" bw="1" slack="0"/>
<pin id="275" dir="0" index="2" bw="5" slack="0"/>
<pin id="276" dir="1" index="3" bw="4" slack="0"/>
</pin_list>
<bind>
<opcode="getelementptr(29) " fcode="getelementptr"/>
<opset="tC_10_addr/2 "/>
</bind>
</comp>

<comp id="279" class="1004" name="tC_11_addr_gep_fu_279">
<pin_list>
<pin id="280" dir="0" index="0" bw="32" slack="0"/>
<pin id="281" dir="0" index="1" bw="1" slack="0"/>
<pin id="282" dir="0" index="2" bw="5" slack="0"/>
<pin id="283" dir="1" index="3" bw="4" slack="0"/>
</pin_list>
<bind>
<opcode="getelementptr(29) " fcode="getelementptr"/>
<opset="tC_11_addr/2 "/>
</bind>
</comp>

<comp id="286" class="1004" name="tC_12_addr_gep_fu_286">
<pin_list>
<pin id="287" dir="0" index="0" bw="32" slack="0"/>
<pin id="288" dir="0" index="1" bw="1" slack="0"/>
<pin id="289" dir="0" index="2" bw="5" slack="0"/>
<pin id="290" dir="1" index="3" bw="4" slack="0"/>
</pin_list>
<bind>
<opcode="getelementptr(29) " fcode="getelementptr"/>
<opset="tC_12_addr/2 "/>
</bind>
</comp>

<comp id="293" class="1004" name="tC_13_addr_gep_fu_293">
<pin_list>
<pin id="294" dir="0" index="0" bw="32" slack="0"/>
<pin id="295" dir="0" index="1" bw="1" slack="0"/>
<pin id="296" dir="0" index="2" bw="5" slack="0"/>
<pin id="297" dir="1" index="3" bw="4" slack="0"/>
</pin_list>
<bind>
<opcode="getelementptr(29) " fcode="getelementptr"/>
<opset="tC_13_addr/2 "/>
</bind>
</comp>

<comp id="300" class="1004" name="tC_14_addr_gep_fu_300">
<pin_list>
<pin id="301" dir="0" index="0" bw="32" slack="0"/>
<pin id="302" dir="0" index="1" bw="1" slack="0"/>
<pin id="303" dir="0" index="2" bw="5" slack="0"/>
<pin id="304" dir="1" index="3" bw="4" slack="0"/>
</pin_list>
<bind>
<opcode="getelementptr(29) " fcode="getelementptr"/>
<opset="tC_14_addr/2 "/>
</bind>
</comp>

<comp id="307" class="1004" name="tC_15_addr_gep_fu_307">
<pin_list>
<pin id="308" dir="0" index="0" bw="32" slack="0"/>
<pin id="309" dir="0" index="1" bw="1" slack="0"/>
<pin id="310" dir="0" index="2" bw="5" slack="0"/>
<pin id="311" dir="1" index="3" bw="4" slack="0"/>
</pin_list>
<bind>
<opcode="getelementptr(29) " fcode="getelementptr"/>
<opset="tC_15_addr/2 "/>
</bind>
</comp>

<comp id="314" class="1004" name="grp_access_fu_314">
<pin_list>
<pin id="315" dir="0" index="0" bw="4" slack="0"/>
<pin id="316" dir="0" index="1" bw="32" slack="2147483647"/>
<pin id="317" dir="0" index="2" bw="0" slack="2147483647"/>
<pin id="318" dir="1" index="3" bw="32" slack="0"/>
</pin_list>
<bind>
<opcode="load(27) " fcode="load"/>
<opset="tC_load/2 "/>
</bind>
</comp>

<comp id="320" class="1004" name="grp_access_fu_320">
<pin_list>
<pin id="321" dir="0" index="0" bw="4" slack="0"/>
<pin id="322" dir="0" index="1" bw="32" slack="2147483647"/>
<pin id="323" dir="0" index="2" bw="0" slack="2147483647"/>
<pin id="324" dir="1" index="3" bw="32" slack="0"/>
</pin_list>
<bind>
<opcode="load(27) " fcode="load"/>
<opset="tC_1_load/2 "/>
</bind>
</comp>

<comp id="326" class="1004" name="grp_access_fu_326">
<pin_list>
<pin id="327" dir="0" index="0" bw="4" slack="0"/>
<pin id="328" dir="0" index="1" bw="32" slack="2147483647"/>
<pin id="329" dir="0" index="2" bw="0" slack="2147483647"/>
<pin id="330" dir="1" index="3" bw="32" slack="0"/>
</pin_list>
<bind>
<opcode="load(27) " fcode="load"/>
<opset="tC_2_load/2 "/>
</bind>
</comp>

<comp id="332" class="1004" name="grp_access_fu_332">
<pin_list>
<pin id="333" dir="0" index="0" bw="4" slack="0"/>
<pin id="334" dir="0" index="1" bw="32" slack="2147483647"/>
<pin id="335" dir="0" index="2" bw="0" slack="2147483647"/>
<pin id="336" dir="1" index="3" bw="32" slack="0"/>
</pin_list>
<bind>
<opcode="load(27) " fcode="load"/>
<opset="tC_3_load/2 "/>
</bind>
</comp>

<comp id="338" class="1004" name="grp_access_fu_338">
<pin_list>
<pin id="339" dir="0" index="0" bw="4" slack="0"/>
<pin id="340" dir="0" index="1" bw="32" slack="2147483647"/>
<pin id="341" dir="0" index="2" bw="0" slack="2147483647"/>
<pin id="342" dir="1" index="3" bw="32" slack="0"/>
</pin_list>
<bind>
<opcode="load(27) " fcode="load"/>
<opset="tC_4_load/2 "/>
</bind>
</comp>

<comp id="344" class="1004" name="grp_access_fu_344">
<pin_list>
<pin id="345" dir="0" index="0" bw="4" slack="0"/>
<pin id="346" dir="0" index="1" bw="32" slack="2147483647"/>
<pin id="347" dir="0" index="2" bw="0" slack="2147483647"/>
<pin id="348" dir="1" index="3" bw="32" slack="0"/>
</pin_list>
<bind>
<opcode="load(27) " fcode="load"/>
<opset="tC_5_load/2 "/>
</bind>
</comp>

<comp id="350" class="1004" name="grp_access_fu_350">
<pin_list>
<pin id="351" dir="0" index="0" bw="4" slack="0"/>
<pin id="352" dir="0" index="1" bw="32" slack="2147483647"/>
<pin id="353" dir="0" index="2" bw="0" slack="2147483647"/>
<pin id="354" dir="1" index="3" bw="32" slack="0"/>
</pin_list>
<bind>
<opcode="load(27) " fcode="load"/>
<opset="tC_6_load/2 "/>
</bind>
</comp>

<comp id="356" class="1004" name="grp_access_fu_356">
<pin_list>
<pin id="357" dir="0" index="0" bw="4" slack="0"/>
<pin id="358" dir="0" index="1" bw="32" slack="2147483647"/>
<pin id="359" dir="0" index="2" bw="0" slack="2147483647"/>
<pin id="360" dir="1" index="3" bw="32" slack="0"/>
</pin_list>
<bind>
<opcode="load(27) " fcode="load"/>
<opset="tC_7_load/2 "/>
</bind>
</comp>

<comp id="362" class="1004" name="grp_access_fu_362">
<pin_list>
<pin id="363" dir="0" index="0" bw="4" slack="0"/>
<pin id="364" dir="0" index="1" bw="32" slack="2147483647"/>
<pin id="365" dir="0" index="2" bw="0" slack="2147483647"/>
<pin id="366" dir="1" index="3" bw="32" slack="0"/>
</pin_list>
<bind>
<opcode="load(27) " fcode="load"/>
<opset="tC_8_load/2 "/>
</bind>
</comp>

<comp id="368" class="1004" name="grp_access_fu_368">
<pin_list>
<pin id="369" dir="0" index="0" bw="4" slack="0"/>
<pin id="370" dir="0" index="1" bw="32" slack="2147483647"/>
<pin id="371" dir="0" index="2" bw="0" slack="2147483647"/>
<pin id="372" dir="1" index="3" bw="32" slack="0"/>
</pin_list>
<bind>
<opcode="load(27) " fcode="load"/>
<opset="tC_9_load/2 "/>
</bind>
</comp>

<comp id="374" class="1004" name="grp_access_fu_374">
<pin_list>
<pin id="375" dir="0" index="0" bw="4" slack="0"/>
<pin id="376" dir="0" index="1" bw="32" slack="2147483647"/>
<pin id="377" dir="0" index="2" bw="0" slack="2147483647"/>
<pin id="378" dir="1" index="3" bw="32" slack="0"/>
</pin_list>
<bind>
<opcode="load(27) " fcode="load"/>
<opset="tC_10_load/2 "/>
</bind>
</comp>

<comp id="380" class="1004" name="grp_access_fu_380">
<pin_list>
<pin id="381" dir="0" index="0" bw="4" slack="0"/>
<pin id="382" dir="0" index="1" bw="32" slack="2147483647"/>
<pin id="383" dir="0" index="2" bw="0" slack="2147483647"/>
<pin id="384" dir="1" index="3" bw="32" slack="0"/>
</pin_list>
<bind>
<opcode="load(27) " fcode="load"/>
<opset="tC_11_load/2 "/>
</bind>
</comp>

<comp id="386" class="1004" name="grp_access_fu_386">
<pin_list>
<pin id="387" dir="0" index="0" bw="4" slack="0"/>
<pin id="388" dir="0" index="1" bw="32" slack="2147483647"/>
<pin id="389" dir="0" index="2" bw="0" slack="2147483647"/>
<pin id="390" dir="1" index="3" bw="32" slack="0"/>
</pin_list>
<bind>
<opcode="load(27) " fcode="load"/>
<opset="tC_12_load/2 "/>
</bind>
</comp>

<comp id="392" class="1004" name="grp_access_fu_392">
<pin_list>
<pin id="393" dir="0" index="0" bw="4" slack="0"/>
<pin id="394" dir="0" index="1" bw="32" slack="2147483647"/>
<pin id="395" dir="0" index="2" bw="0" slack="2147483647"/>
<pin id="396" dir="1" index="3" bw="32" slack="0"/>
</pin_list>
<bind>
<opcode="load(27) " fcode="load"/>
<opset="tC_13_load/2 "/>
</bind>
</comp>

<comp id="398" class="1004" name="grp_access_fu_398">
<pin_list>
<pin id="399" dir="0" index="0" bw="4" slack="0"/>
<pin id="400" dir="0" index="1" bw="32" slack="2147483647"/>
<pin id="401" dir="0" index="2" bw="0" slack="2147483647"/>
<pin id="402" dir="1" index="3" bw="32" slack="0"/>
</pin_list>
<bind>
<opcode="load(27) " fcode="load"/>
<opset="tC_14_load/2 "/>
</bind>
</comp>

<comp id="404" class="1004" name="grp_access_fu_404">
<pin_list>
<pin id="405" dir="0" index="0" bw="4" slack="0"/>
<pin id="406" dir="0" index="1" bw="32" slack="2147483647"/>
<pin id="407" dir="0" index="2" bw="0" slack="2147483647"/>
<pin id="408" dir="1" index="3" bw="32" slack="0"/>
</pin_list>
<bind>
<opcode="load(27) " fcode="load"/>
<opset="tC_15_load/2 "/>
</bind>
</comp>

<comp id="410" class="1004" name="dim_cast3846_cast_fu_410">
<pin_list>
<pin id="411" dir="0" index="0" bw="32" slack="0"/>
<pin id="412" dir="1" index="1" bw="37" slack="1"/>
</pin_list>
<bind>
<opcode="sext(35) " fcode="sext"/>
<opset="dim_cast3846_cast/1 "/>
</bind>
</comp>

<comp id="414" class="1004" name="zext_ln25_cast_fu_414">
<pin_list>
<pin id="415" dir="0" index="0" bw="7" slack="0"/>
<pin id="416" dir="1" index="1" bw="40" slack="1"/>
</pin_list>
<bind>
<opcode="zext(34) " fcode="zext"/>
<opset="zext_ln25_cast/1 "/>
</bind>
</comp>

<comp id="418" class="1004" name="p_cast_fu_418">
<pin_list>
<pin id="419" dir="0" index="0" bw="39" slack="0"/>
<pin id="420" dir="1" index="1" bw="40" slack="1"/>
</pin_list>
<bind>
<opcode="sext(35) " fcode="sext"/>
<opset="p_cast/1 "/>
</bind>
</comp>

<comp id="422" class="1004" name="store_ln0_store_fu_422">
<pin_list>
<pin id="423" dir="0" index="0" bw="1" slack="0"/>
<pin id="424" dir="0" index="1" bw="9" slack="0"/>
<pin id="425" dir="1" index="2" bw="0" slack="2147483647"/>
</pin_list>
<bind>
<opcode="store(28) " fcode="store"/>
<opset="store_ln0/1 "/>
</bind>
</comp>

<comp id="427" class="1004" name="store_ln44_store_fu_427">
<pin_list>
<pin id="428" dir="0" index="0" bw="1" slack="0"/>
<pin id="429" dir="0" index="1" bw="5" slack="0"/>
<pin id="430" dir="1" index="2" bw="0" slack="2147483647"/>
</pin_list>
<bind>
<opcode="store(28) " fcode="store"/>
<opset="store_ln44/1 "/>
</bind>
</comp>

<comp id="432" class="1004" name="store_ln45_store_fu_432">
<pin_list>
<pin id="433" dir="0" index="0" bw="1" slack="0"/>
<pin id="434" dir="0" index="1" bw="5" slack="0"/>
<pin id="435" dir="1" index="2" bw="0" slack="2147483647"/>
</pin_list>
<bind>
<opcode="store(28) " fcode="store"/>
<opset="store_ln45/1 "/>
</bind>
</comp>

<comp id="437" class="1004" name="indvar_flatten20_load_load_fu_437">
<pin_list>
<pin id="438" dir="0" index="0" bw="9" slack="0"/>
<pin id="439" dir="1" index="1" bw="9" slack="0"/>
</pin_list>
<bind>
<opcode="load(27) " fcode="load"/>
<opset="indvar_flatten20_load/1 "/>
</bind>
</comp>

<comp id="440" class="1004" name="icmp_ln44_fu_440">
<pin_list>
<pin id="441" dir="0" index="0" bw="9" slack="0"/>
<pin id="442" dir="0" index="1" bw="9" slack="0"/>
<pin id="443" dir="1" index="2" bw="1" slack="7"/>
</pin_list>
<bind>
<opcode="icmp(45) " fcode="icmp"/>
<opset="icmp_ln44/1 "/>
</bind>
</comp>

<comp id="446" class="1004" name="add_ln44_fu_446">
<pin_list>
<pin id="447" dir="0" index="0" bw="9" slack="0"/>
<pin id="448" dir="0" index="1" bw="1" slack="0"/>
<pin id="449" dir="1" index="2" bw="9" slack="0"/>
</pin_list>
<bind>
<opcode="add(8) " fcode="add"/>
<opset="add_ln44/1 "/>
</bind>
</comp>

<comp id="452" class="1004" name="j_load_load_fu_452">
<pin_list>
<pin id="453" dir="0" index="0" bw="5" slack="0"/>
<pin id="454" dir="1" index="1" bw="5" slack="0"/>
</pin_list>
<bind>
<opcode="load(27) " fcode="load"/>
<opset="j_load/1 "/>
</bind>
</comp>

<comp id="455" class="1004" name="i_load_load_fu_455">
<pin_list>
<pin id="456" dir="0" index="0" bw="5" slack="0"/>
<pin id="457" dir="1" index="1" bw="5" slack="0"/>
</pin_list>
<bind>
<opcode="load(27) " fcode="load"/>
<opset="i_load/1 "/>
</bind>
</comp>

<comp id="458" class="1004" name="icmp_ln45_fu_458">
<pin_list>
<pin id="459" dir="0" index="0" bw="5" slack="0"/>
<pin id="460" dir="0" index="1" bw="5" slack="0"/>
<pin id="461" dir="1" index="2" bw="1" slack="0"/>
</pin_list>
<bind>
<opcode="icmp(45) " fcode="icmp"/>
<opset="icmp_ln45/1 "/>
</bind>
</comp>

<comp id="464" class="1004" name="select_ln44_fu_464">
<pin_list>
<pin id="465" dir="0" index="0" bw="1" slack="0"/>
<pin id="466" dir="0" index="1" bw="5" slack="0"/>
<pin id="467" dir="0" index="2" bw="5" slack="0"/>
<pin id="468" dir="1" index="3" bw="5" slack="0"/>
</pin_list>
<bind>
<opcode="select(49) " fcode="select"/>
<opset="select_ln44/1 "/>
</bind>
</comp>

<comp id="472" class="1004" name="add_ln44_1_fu_472">
<pin_list>
<pin id="473" dir="0" index="0" bw="5" slack="0"/>
<pin id="474" dir="0" index="1" bw="1" slack="0"/>
<pin id="475" dir="1" index="2" bw="5" slack="0"/>
</pin_list>
<bind>
<opcode="add(8) " fcode="add"/>
<opset="add_ln44_1/1 "/>
</bind>
</comp>

<comp id="478" class="1004" name="select_ln44_1_fu_478">
<pin_list>
<pin id="479" dir="0" index="0" bw="1" slack="0"/>
<pin id="480" dir="0" index="1" bw="5" slack="0"/>
<pin id="481" dir="0" index="2" bw="5" slack="0"/>
<pin id="482" dir="1" index="3" bw="5" slack="0"/>
</pin_list>
<bind>
<opcode="select(49) " fcode="select"/>
<opset="select_ln44_1/1 "/>
</bind>
</comp>

<comp id="486" class="1004" name="first_iter_3_fu_486">
<pin_list>
<pin id="487" dir="0" index="0" bw="5" slack="0"/>
<pin id="488" dir="0" index="1" bw="5" slack="0"/>
<pin id="489" dir="1" index="2" bw="1" slack="2"/>
</pin_list>
<bind>
<opcode="icmp(45) " fcode="icmp"/>
<opset="first_iter_3/1 "/>
</bind>
</comp>

<comp id="492" class="1004" name="trunc_ln45_fu_492">
<pin_list>
<pin id="493" dir="0" index="0" bw="5" slack="0"/>
<pin id="494" dir="1" index="1" bw="4" slack="1"/>
</pin_list>
<bind>
<opcode="trunc(33) " fcode="trunc"/>
<opset="trunc_ln45/1 "/>
</bind>
</comp>

<comp id="496" class="1004" name="add_ln45_fu_496">
<pin_list>
<pin id="497" dir="0" index="0" bw="5" slack="0"/>
<pin id="498" dir="0" index="1" bw="1" slack="0"/>
<pin id="499" dir="1" index="2" bw="5" slack="0"/>
</pin_list>
<bind>
<opcode="add(8) " fcode="add"/>
<opset="add_ln45/1 "/>
</bind>
</comp>

<comp id="502" class="1004" name="icmp_ln45_1_fu_502">
<pin_list>
<pin id="503" dir="0" index="0" bw="5" slack="0"/>
<pin id="504" dir="0" index="1" bw="5" slack="0"/>
<pin id="505" dir="1" index="2" bw="1" slack="4"/>
</pin_list>
<bind>
<opcode="icmp(45) " fcode="icmp"/>
<opset="icmp_ln45_1/1 "/>
</bind>
</comp>

<comp id="508" class="1004" name="store_ln44_store_fu_508">
<pin_list>
<pin id="509" dir="0" index="0" bw="9" slack="0"/>
<pin id="510" dir="0" index="1" bw="9" slack="0"/>
<pin id="511" dir="1" index="2" bw="0" slack="2147483647"/>
</pin_list>
<bind>
<opcode="store(28) " fcode="store"/>
<opset="store_ln44/1 "/>
</bind>
</comp>

<comp id="513" class="1004" name="store_ln44_store_fu_513">
<pin_list>
<pin id="514" dir="0" index="0" bw="5" slack="0"/>
<pin id="515" dir="0" index="1" bw="5" slack="0"/>
<pin id="516" dir="1" index="2" bw="0" slack="2147483647"/>
</pin_list>
<bind>
<opcode="store(28) " fcode="store"/>
<opset="store_ln44/1 "/>
</bind>
</comp>

<comp id="518" class="1004" name="store_ln45_store_fu_518">
<pin_list>
<pin id="519" dir="0" index="0" bw="5" slack="0"/>
<pin id="520" dir="0" index="1" bw="5" slack="0"/>
<pin id="521" dir="1" index="2" bw="0" slack="2147483647"/>
</pin_list>
<bind>
<opcode="store(28) " fcode="store"/>
<opset="store_ln45/1 "/>
</bind>
</comp>

<comp id="523" class="1004" name="zext_ln44_1_fu_523">
<pin_list>
<pin id="524" dir="0" index="0" bw="5" slack="1"/>
<pin id="525" dir="1" index="1" bw="37" slack="0"/>
</pin_list>
<bind>
<opcode="zext(34) " fcode="zext"/>
<opset="zext_ln44_1/2 "/>
</bind>
</comp>

<comp id="526" class="1004" name="empty_23_fu_526">
<pin_list>
<pin id="527" dir="0" index="0" bw="5" slack="0"/>
<pin id="528" dir="0" index="1" bw="32" slack="1"/>
<pin id="529" dir="1" index="2" bw="37" slack="0"/>
</pin_list>
<bind>
<opcode="mul(12) " fcode="mul"/>
<opset="empty_23/2 "/>
</bind>
</comp>

<comp id="531" class="1004" name="p_cast1_fu_531">
<pin_list>
<pin id="532" dir="0" index="0" bw="37" slack="0"/>
<pin id="533" dir="1" index="1" bw="40" slack="0"/>
</pin_list>
<bind>
<opcode="sext(35) " fcode="sext"/>
<opset="p_cast1/2 "/>
</bind>
</comp>

<comp id="535" class="1004" name="tmp3843_fu_535">
<pin_list>
<pin id="536" dir="0" index="0" bw="39" slack="1"/>
<pin id="537" dir="0" index="1" bw="37" slack="0"/>
<pin id="538" dir="1" index="2" bw="40" slack="0"/>
</pin_list>
<bind>
<opcode="add(8) " fcode="add"/>
<opset="tmp3843/2 "/>
</bind>
</comp>

<comp id="540" class="1004" name="empty_24_fu_540">
<pin_list>
<pin id="541" dir="0" index="0" bw="40" slack="0"/>
<pin id="542" dir="0" index="1" bw="7" slack="1"/>
<pin id="543" dir="1" index="2" bw="40" slack="0"/>
</pin_list>
<bind>
<opcode="add(8) " fcode="add"/>
<opset="empty_24/2 "/>
</bind>
</comp>

<comp id="545" class="1004" name="tmp_6_fu_545">
<pin_list>
<pin id="546" dir="0" index="0" bw="42" slack="0"/>
<pin id="547" dir="0" index="1" bw="40" slack="0"/>
<pin id="548" dir="0" index="2" bw="1" slack="0"/>
<pin id="549" dir="1" index="3" bw="42" slack="0"/>
</pin_list>
<bind>
<opcode="bitconcatenate(1004) " fcode="bitconcatenate"/>
<opset="tmp_6/2 "/>
</bind>
</comp>

<comp id="553" class="1004" name="tmp_6_cast_fu_553">
<pin_list>
<pin id="554" dir="0" index="0" bw="42" slack="0"/>
<pin id="555" dir="1" index="1" bw="64" slack="0"/>
</pin_list>
<bind>
<opcode="sext(35) " fcode="sext"/>
<opset="tmp_6_cast/2 "/>
</bind>
</comp>

<comp id="557" class="1004" name="empty_25_fu_557">
<pin_list>
<pin id="558" dir="0" index="0" bw="42" slack="0"/>
<pin id="559" dir="0" index="1" bw="64" slack="1"/>
<pin id="560" dir="1" index="2" bw="64" slack="0"/>
</pin_list>
<bind>
<opcode="add(8) " fcode="add"/>
<opset="empty_25/2 "/>
</bind>
</comp>

<comp id="562" class="1004" name="trunc_ln3_fu_562">
<pin_list>
<pin id="563" dir="0" index="0" bw="62" slack="0"/>
<pin id="564" dir="0" index="1" bw="64" slack="0"/>
<pin id="565" dir="0" index="2" bw="3" slack="0"/>
<pin id="566" dir="0" index="3" bw="7" slack="0"/>
<pin id="567" dir="1" index="4" bw="62" slack="0"/>
</pin_list>
<bind>
<opcode="partselect(1002) " fcode="partselect"/>
<opset="trunc_ln3/2 "/>
</bind>
</comp>

<comp id="572" class="1004" name="sext_ln45_fu_572">
<pin_list>
<pin id="573" dir="0" index="0" bw="62" slack="0"/>
<pin id="574" dir="1" index="1" bw="64" slack="0"/>
</pin_list>
<bind>
<opcode="sext(35) " fcode="sext"/>
<opset="sext_ln45/2 "/>
</bind>
</comp>

<comp id="576" class="1004" name="gmem_addr_fu_576">
<pin_list>
<pin id="577" dir="0" index="0" bw="64" slack="0"/>
<pin id="578" dir="0" index="1" bw="64" slack="0"/>
<pin id="579" dir="1" index="2" bw="64" slack="1"/>
</pin_list>
<bind>
<opcode="getelementptr(29) " fcode="getelementptr"/>
<opset="gmem_addr/2 "/>
</bind>
</comp>

<comp id="582" class="1004" name="zext_ln44_fu_582">
<pin_list>
<pin id="583" dir="0" index="0" bw="5" slack="1"/>
<pin id="584" dir="1" index="1" bw="64" slack="0"/>
</pin_list>
<bind>
<opcode="zext(34) " fcode="zext"/>
<opset="zext_ln44/2 "/>
</bind>
</comp>

<comp id="601" class="1004" name="tmp_fu_601">
<pin_list>
<pin id="602" dir="0" index="0" bw="32" slack="0"/>
<pin id="603" dir="0" index="1" bw="4" slack="0"/>
<pin id="604" dir="0" index="2" bw="32" slack="0"/>
<pin id="605" dir="0" index="3" bw="4" slack="0"/>
<pin id="606" dir="0" index="4" bw="32" slack="0"/>
<pin id="607" dir="0" index="5" bw="4" slack="0"/>
<pin id="608" dir="0" index="6" bw="32" slack="0"/>
<pin id="609" dir="0" index="7" bw="4" slack="0"/>
<pin id="610" dir="0" index="8" bw="32" slack="0"/>
<pin id="611" dir="0" index="9" bw="4" slack="0"/>
<pin id="612" dir="0" index="10" bw="32" slack="0"/>
<pin id="613" dir="0" index="11" bw="4" slack="0"/>
<pin id="614" dir="0" index="12" bw="32" slack="0"/>
<pin id="615" dir="0" index="13" bw="4" slack="0"/>
<pin id="616" dir="0" index="14" bw="32" slack="0"/>
<pin id="617" dir="0" index="15" bw="4" slack="0"/>
<pin id="618" dir="0" index="16" bw="32" slack="0"/>
<pin id="619" dir="0" index="17" bw="4" slack="0"/>
<pin id="620" dir="0" index="18" bw="32" slack="0"/>
<pin id="621" dir="0" index="19" bw="4" slack="0"/>
<pin id="622" dir="0" index="20" bw="32" slack="0"/>
<pin id="623" dir="0" index="21" bw="4" slack="0"/>
<pin id="624" dir="0" index="22" bw="32" slack="0"/>
<pin id="625" dir="0" index="23" bw="4" slack="0"/>
<pin id="626" dir="0" index="24" bw="32" slack="0"/>
<pin id="627" dir="0" index="25" bw="4" slack="0"/>
<pin id="628" dir="0" index="26" bw="32" slack="0"/>
<pin id="629" dir="0" index="27" bw="4" slack="0"/>
<pin id="630" dir="0" index="28" bw="32" slack="0"/>
<pin id="631" dir="0" index="29" bw="4" slack="0"/>
<pin id="632" dir="0" index="30" bw="32" slack="0"/>
<pin id="633" dir="0" index="31" bw="4" slack="0"/>
<pin id="634" dir="0" index="32" bw="32" slack="0"/>
<pin id="635" dir="0" index="33" bw="32" slack="0"/>
<pin id="636" dir="0" index="34" bw="4" slack="2"/>
<pin id="637" dir="1" index="35" bw="32" slack="1"/>
</pin_list>
<bind>
<opcode="sparsemux(1197) " fcode="sparsemux"/>
<opset="tmp/3 "/>
</bind>
</comp>

<comp id="672" class="1005" name="j_reg_672">
<pin_list>
<pin id="673" dir="0" index="0" bw="5" slack="0"/>
<pin id="674" dir="1" index="1" bw="5" slack="0"/>
</pin_list>
<bind>
<opset="j "/>
</bind>
</comp>

<comp id="679" class="1005" name="i_reg_679">
<pin_list>
<pin id="680" dir="0" index="0" bw="5" slack="0"/>
<pin id="681" dir="1" index="1" bw="5" slack="0"/>
</pin_list>
<bind>
<opset="i "/>
</bind>
</comp>

<comp id="686" class="1005" name="indvar_flatten20_reg_686">
<pin_list>
<pin id="687" dir="0" index="0" bw="9" slack="0"/>
<pin id="688" dir="1" index="1" bw="9" slack="0"/>
</pin_list>
<bind>
<opset="indvar_flatten20 "/>
</bind>
</comp>

<comp id="693" class="1005" name="out_r_read_reg_693">
<pin_list>
<pin id="694" dir="0" index="0" bw="64" slack="1"/>
<pin id="695" dir="1" index="1" bw="64" slack="1"/>
</pin_list>
<bind>
<opset="out_r_read "/>
</bind>
</comp>

<comp id="698" class="1005" name="dim_cast3846_cast_reg_698">
<pin_list>
<pin id="699" dir="0" index="0" bw="37" slack="1"/>
<pin id="700" dir="1" index="1" bw="37" slack="1"/>
</pin_list>
<bind>
<opset="dim_cast3846_cast "/>
</bind>
</comp>

<comp id="703" class="1005" name="zext_ln25_cast_reg_703">
<pin_list>
<pin id="704" dir="0" index="0" bw="40" slack="1"/>
<pin id="705" dir="1" index="1" bw="40" slack="1"/>
</pin_list>
<bind>
<opset="zext_ln25_cast "/>
</bind>
</comp>

<comp id="708" class="1005" name="p_cast_reg_708">
<pin_list>
<pin id="709" dir="0" index="0" bw="40" slack="1"/>
<pin id="710" dir="1" index="1" bw="40" slack="1"/>
</pin_list>
<bind>
<opset="p_cast "/>
</bind>
</comp>

<comp id="713" class="1005" name="icmp_ln44_reg_713">
<pin_list>
<pin id="714" dir="0" index="0" bw="1" slack="7"/>
<pin id="715" dir="1" index="1" bw="1" slack="2147483647"/>
</pin_list>
<bind>
<opset="icmp_ln44 "/>
</bind>
</comp>

<comp id="717" class="1005" name="select_ln44_1_reg_717">
<pin_list>
<pin id="718" dir="0" index="0" bw="5" slack="1"/>
<pin id="719" dir="1" index="1" bw="5" slack="1"/>
</pin_list>
<bind>
<opset="select_ln44_1 "/>
</bind>
</comp>

<comp id="723" class="1005" name="first_iter_3_reg_723">
<pin_list>
<pin id="724" dir="0" index="0" bw="1" slack="2"/>
<pin id="725" dir="1" index="1" bw="1" slack="2147483647"/>
</pin_list>
<bind>
<opset="first_iter_3 "/>
</bind>
</comp>

<comp id="727" class="1005" name="trunc_ln45_reg_727">
<pin_list>
<pin id="728" dir="0" index="0" bw="4" slack="1"/>
<pin id="729" dir="1" index="1" bw="4" slack="2"/>
</pin_list>
<bind>
<opset="trunc_ln45 "/>
</bind>
</comp>

<comp id="732" class="1005" name="icmp_ln45_1_reg_732">
<pin_list>
<pin id="733" dir="0" index="0" bw="1" slack="4"/>
<pin id="734" dir="1" index="1" bw="1" slack="2147483647"/>
</pin_list>
<bind>
<opset="icmp_ln45_1 "/>
</bind>
</comp>

<comp id="736" class="1005" name="gmem_addr_reg_736">
<pin_list>
<pin id="737" dir="0" index="0" bw="32" slack="1"/>
<pin id="738" dir="1" index="1" bw="32" slack="1"/>
</pin_list>
<bind>
<opset="gmem_addr "/>
</bind>
</comp>

<comp id="742" class="1005" name="tC_addr_reg_742">
<pin_list>
<pin id="743" dir="0" index="0" bw="4" slack="1"/>
<pin id="744" dir="1" index="1" bw="4" slack="1"/>
</pin_list>
<bind>
<opset="tC_addr "/>
</bind>
</comp>

<comp id="747" class="1005" name="tC_1_addr_reg_747">
<pin_list>
<pin id="748" dir="0" index="0" bw="4" slack="1"/>
<pin id="749" dir="1" index="1" bw="4" slack="1"/>
</pin_list>
<bind>
<opset="tC_1_addr "/>
</bind>
</comp>

<comp id="752" class="1005" name="tC_2_addr_reg_752">
<pin_list>
<pin id="753" dir="0" index="0" bw="4" slack="1"/>
<pin id="754" dir="1" index="1" bw="4" slack="1"/>
</pin_list>
<bind>
<opset="tC_2_addr "/>
</bind>
</comp>

<comp id="757" class="1005" name="tC_3_addr_reg_757">
<pin_list>
<pin id="758" dir="0" index="0" bw="4" slack="1"/>
<pin id="759" dir="1" index="1" bw="4" slack="1"/>
</pin_list>
<bind>
<opset="tC_3_addr "/>
</bind>
</comp>

<comp id="762" class="1005" name="tC_4_addr_reg_762">
<pin_list>
<pin id="763" dir="0" index="0" bw="4" slack="1"/>
<pin id="764" dir="1" index="1" bw="4" slack="1"/>
</pin_list>
<bind>
<opset="tC_4_addr "/>
</bind>
</comp>

<comp id="767" class="1005" name="tC_5_addr_reg_767">
<pin_list>
<pin id="768" dir="0" index="0" bw="4" slack="1"/>
<pin id="769" dir="1" index="1" bw="4" slack="1"/>
</pin_list>
<bind>
<opset="tC_5_addr "/>
</bind>
</comp>

<comp id="772" class="1005" name="tC_6_addr_reg_772">
<pin_list>
<pin id="773" dir="0" index="0" bw="4" slack="1"/>
<pin id="774" dir="1" index="1" bw="4" slack="1"/>
</pin_list>
<bind>
<opset="tC_6_addr "/>
</bind>
</comp>

<comp id="777" class="1005" name="tC_7_addr_reg_777">
<pin_list>
<pin id="778" dir="0" index="0" bw="4" slack="1"/>
<pin id="779" dir="1" index="1" bw="4" slack="1"/>
</pin_list>
<bind>
<opset="tC_7_addr "/>
</bind>
</comp>

<comp id="782" class="1005" name="tC_8_addr_reg_782">
<pin_list>
<pin id="783" dir="0" index="0" bw="4" slack="1"/>
<pin id="784" dir="1" index="1" bw="4" slack="1"/>
</pin_list>
<bind>
<opset="tC_8_addr "/>
</bind>
</comp>

<comp id="787" class="1005" name="tC_9_addr_reg_787">
<pin_list>
<pin id="788" dir="0" index="0" bw="4" slack="1"/>
<pin id="789" dir="1" index="1" bw="4" slack="1"/>
</pin_list>
<bind>
<opset="tC_9_addr "/>
</bind>
</comp>

<comp id="792" class="1005" name="tC_10_addr_reg_792">
<pin_list>
<pin id="793" dir="0" index="0" bw="4" slack="1"/>
<pin id="794" dir="1" index="1" bw="4" slack="1"/>
</pin_list>
<bind>
<opset="tC_10_addr "/>
</bind>
</comp>

<comp id="797" class="1005" name="tC_11_addr_reg_797">
<pin_list>
<pin id="798" dir="0" index="0" bw="4" slack="1"/>
<pin id="799" dir="1" index="1" bw="4" slack="1"/>
</pin_list>
<bind>
<opset="tC_11_addr "/>
</bind>
</comp>

<comp id="802" class="1005" name="tC_12_addr_reg_802">
<pin_list>
<pin id="803" dir="0" index="0" bw="4" slack="1"/>
<pin id="804" dir="1" index="1" bw="4" slack="1"/>
</pin_list>
<bind>
<opset="tC_12_addr "/>
</bind>
</comp>

<comp id="807" class="1005" name="tC_13_addr_reg_807">
<pin_list>
<pin id="808" dir="0" index="0" bw="4" slack="1"/>
<pin id="809" dir="1" index="1" bw="4" slack="1"/>
</pin_list>
<bind>
<opset="tC_13_addr "/>
</bind>
</comp>

<comp id="812" class="1005" name="tC_14_addr_reg_812">
<pin_list>
<pin id="813" dir="0" index="0" bw="4" slack="1"/>
<pin id="814" dir="1" index="1" bw="4" slack="1"/>
</pin_list>
<bind>
<opset="tC_14_addr "/>
</bind>
</comp>

<comp id="817" class="1005" name="tC_15_addr_reg_817">
<pin_list>
<pin id="818" dir="0" index="0" bw="4" slack="1"/>
<pin id="819" dir="1" index="1" bw="4" slack="1"/>
</pin_list>
<bind>
<opset="tC_15_addr "/>
</bind>
</comp>

<comp id="822" class="1005" name="tmp_reg_822">
<pin_list>
<pin id="823" dir="0" index="0" bw="32" slack="1"/>
<pin id="824" dir="1" index="1" bw="32" slack="1"/>
</pin_list>
<bind>
<opset="tmp "/>
</bind>
</comp>

</comp_list>

<net_list>
<net id="153"><net_src comp="42" pin="0"/><net_sink comp="150" pin=0"/></net>

<net id="157"><net_src comp="42" pin="0"/><net_sink comp="154" pin=0"/></net>

<net id="161"><net_src comp="42" pin="0"/><net_sink comp="158" pin=0"/></net>

<net id="166"><net_src comp="44" pin="0"/><net_sink comp="162" pin=0"/></net>

<net id="167"><net_src comp="40" pin="0"/><net_sink comp="162" pin=1"/></net>

<net id="172"><net_src comp="46" pin="0"/><net_sink comp="168" pin=0"/></net>

<net id="173"><net_src comp="38" pin="0"/><net_sink comp="168" pin=1"/></net>

<net id="178"><net_src comp="48" pin="0"/><net_sink comp="174" pin=0"/></net>

<net id="179"><net_src comp="36" pin="0"/><net_sink comp="174" pin=1"/></net>

<net id="184"><net_src comp="50" pin="0"/><net_sink comp="180" pin=0"/></net>

<net id="185"><net_src comp="34" pin="0"/><net_sink comp="180" pin=1"/></net>

<net id="191"><net_src comp="104" pin="0"/><net_sink comp="186" pin=0"/></net>

<net id="192"><net_src comp="106" pin="0"/><net_sink comp="186" pin=2"/></net>

<net id="199"><net_src comp="146" pin="0"/><net_sink comp="193" pin=0"/></net>

<net id="200"><net_src comp="140" pin="0"/><net_sink comp="193" pin=3"/></net>

<net id="201"><net_src comp="148" pin="0"/><net_sink comp="186" pin=0"/></net>

<net id="207"><net_src comp="2" pin="0"/><net_sink comp="202" pin=0"/></net>

<net id="208"><net_src comp="102" pin="0"/><net_sink comp="202" pin=1"/></net>

<net id="214"><net_src comp="4" pin="0"/><net_sink comp="209" pin=0"/></net>

<net id="215"><net_src comp="102" pin="0"/><net_sink comp="209" pin=1"/></net>

<net id="221"><net_src comp="6" pin="0"/><net_sink comp="216" pin=0"/></net>

<net id="222"><net_src comp="102" pin="0"/><net_sink comp="216" pin=1"/></net>

<net id="228"><net_src comp="8" pin="0"/><net_sink comp="223" pin=0"/></net>

<net id="229"><net_src comp="102" pin="0"/><net_sink comp="223" pin=1"/></net>

<net id="235"><net_src comp="10" pin="0"/><net_sink comp="230" pin=0"/></net>

<net id="236"><net_src comp="102" pin="0"/><net_sink comp="230" pin=1"/></net>

<net id="242"><net_src comp="12" pin="0"/><net_sink comp="237" pin=0"/></net>

<net id="243"><net_src comp="102" pin="0"/><net_sink comp="237" pin=1"/></net>

<net id="249"><net_src comp="14" pin="0"/><net_sink comp="244" pin=0"/></net>

<net id="250"><net_src comp="102" pin="0"/><net_sink comp="244" pin=1"/></net>

<net id="256"><net_src comp="16" pin="0"/><net_sink comp="251" pin=0"/></net>

<net id="257"><net_src comp="102" pin="0"/><net_sink comp="251" pin=1"/></net>

<net id="263"><net_src comp="18" pin="0"/><net_sink comp="258" pin=0"/></net>

<net id="264"><net_src comp="102" pin="0"/><net_sink comp="258" pin=1"/></net>

<net id="270"><net_src comp="20" pin="0"/><net_sink comp="265" pin=0"/></net>

<net id="271"><net_src comp="102" pin="0"/><net_sink comp="265" pin=1"/></net>

<net id="277"><net_src comp="22" pin="0"/><net_sink comp="272" pin=0"/></net>

<net id="278"><net_src comp="102" pin="0"/><net_sink comp="272" pin=1"/></net>

<net id="284"><net_src comp="24" pin="0"/><net_sink comp="279" pin=0"/></net>

<net id="285"><net_src comp="102" pin="0"/><net_sink comp="279" pin=1"/></net>

<net id="291"><net_src comp="26" pin="0"/><net_sink comp="286" pin=0"/></net>

<net id="292"><net_src comp="102" pin="0"/><net_sink comp="286" pin=1"/></net>

<net id="298"><net_src comp="28" pin="0"/><net_sink comp="293" pin=0"/></net>

<net id="299"><net_src comp="102" pin="0"/><net_sink comp="293" pin=1"/></net>

<net id="305"><net_src comp="30" pin="0"/><net_sink comp="300" pin=0"/></net>

<net id="306"><net_src comp="102" pin="0"/><net_sink comp="300" pin=1"/></net>

<net id="312"><net_src comp="32" pin="0"/><net_sink comp="307" pin=0"/></net>

<net id="313"><net_src comp="102" pin="0"/><net_sink comp="307" pin=1"/></net>

<net id="319"><net_src comp="202" pin="3"/><net_sink comp="314" pin=0"/></net>

<net id="325"><net_src comp="209" pin="3"/><net_sink comp="320" pin=0"/></net>

<net id="331"><net_src comp="216" pin="3"/><net_sink comp="326" pin=0"/></net>

<net id="337"><net_src comp="223" pin="3"/><net_sink comp="332" pin=0"/></net>

<net id="343"><net_src comp="230" pin="3"/><net_sink comp="338" pin=0"/></net>

<net id="349"><net_src comp="237" pin="3"/><net_sink comp="344" pin=0"/></net>

<net id="355"><net_src comp="244" pin="3"/><net_sink comp="350" pin=0"/></net>

<net id="361"><net_src comp="251" pin="3"/><net_sink comp="356" pin=0"/></net>

<net id="367"><net_src comp="258" pin="3"/><net_sink comp="362" pin=0"/></net>

<net id="373"><net_src comp="265" pin="3"/><net_sink comp="368" pin=0"/></net>

<net id="379"><net_src comp="272" pin="3"/><net_sink comp="374" pin=0"/></net>

<net id="385"><net_src comp="279" pin="3"/><net_sink comp="380" pin=0"/></net>

<net id="391"><net_src comp="286" pin="3"/><net_sink comp="386" pin=0"/></net>

<net id="397"><net_src comp="293" pin="3"/><net_sink comp="392" pin=0"/></net>

<net id="403"><net_src comp="300" pin="3"/><net_sink comp="398" pin=0"/></net>

<net id="409"><net_src comp="307" pin="3"/><net_sink comp="404" pin=0"/></net>

<net id="413"><net_src comp="180" pin="2"/><net_sink comp="410" pin=0"/></net>

<net id="417"><net_src comp="168" pin="2"/><net_sink comp="414" pin=0"/></net>

<net id="421"><net_src comp="174" pin="2"/><net_sink comp="418" pin=0"/></net>

<net id="426"><net_src comp="70" pin="0"/><net_sink comp="422" pin=0"/></net>

<net id="431"><net_src comp="72" pin="0"/><net_sink comp="427" pin=0"/></net>

<net id="436"><net_src comp="72" pin="0"/><net_sink comp="432" pin=0"/></net>

<net id="444"><net_src comp="437" pin="1"/><net_sink comp="440" pin=0"/></net>

<net id="445"><net_src comp="76" pin="0"/><net_sink comp="440" pin=1"/></net>

<net id="450"><net_src comp="437" pin="1"/><net_sink comp="446" pin=0"/></net>

<net id="451"><net_src comp="78" pin="0"/><net_sink comp="446" pin=1"/></net>

<net id="462"><net_src comp="452" pin="1"/><net_sink comp="458" pin=0"/></net>

<net id="463"><net_src comp="80" pin="0"/><net_sink comp="458" pin=1"/></net>

<net id="469"><net_src comp="458" pin="2"/><net_sink comp="464" pin=0"/></net>

<net id="470"><net_src comp="72" pin="0"/><net_sink comp="464" pin=1"/></net>

<net id="471"><net_src comp="452" pin="1"/><net_sink comp="464" pin=2"/></net>

<net id="476"><net_src comp="455" pin="1"/><net_sink comp="472" pin=0"/></net>

<net id="477"><net_src comp="82" pin="0"/><net_sink comp="472" pin=1"/></net>

<net id="483"><net_src comp="458" pin="2"/><net_sink comp="478" pin=0"/></net>

<net id="484"><net_src comp="472" pin="2"/><net_sink comp="478" pin=1"/></net>

<net id="485"><net_src comp="455" pin="1"/><net_sink comp="478" pin=2"/></net>

<net id="490"><net_src comp="464" pin="3"/><net_sink comp="486" pin=0"/></net>

<net id="491"><net_src comp="72" pin="0"/><net_sink comp="486" pin=1"/></net>

<net id="495"><net_src comp="464" pin="3"/><net_sink comp="492" pin=0"/></net>

<net id="500"><net_src comp="464" pin="3"/><net_sink comp="496" pin=0"/></net>

<net id="501"><net_src comp="82" pin="0"/><net_sink comp="496" pin=1"/></net>

<net id="506"><net_src comp="496" pin="2"/><net_sink comp="502" pin=0"/></net>

<net id="507"><net_src comp="80" pin="0"/><net_sink comp="502" pin=1"/></net>

<net id="512"><net_src comp="446" pin="2"/><net_sink comp="508" pin=0"/></net>

<net id="517"><net_src comp="478" pin="3"/><net_sink comp="513" pin=0"/></net>

<net id="522"><net_src comp="496" pin="2"/><net_sink comp="518" pin=0"/></net>

<net id="530"><net_src comp="523" pin="1"/><net_sink comp="526" pin=0"/></net>

<net id="534"><net_src comp="526" pin="2"/><net_sink comp="531" pin=0"/></net>

<net id="539"><net_src comp="531" pin="1"/><net_sink comp="535" pin=1"/></net>

<net id="544"><net_src comp="535" pin="2"/><net_sink comp="540" pin=0"/></net>

<net id="550"><net_src comp="92" pin="0"/><net_sink comp="545" pin=0"/></net>

<net id="551"><net_src comp="540" pin="2"/><net_sink comp="545" pin=1"/></net>

<net id="552"><net_src comp="94" pin="0"/><net_sink comp="545" pin=2"/></net>

<net id="556"><net_src comp="545" pin="3"/><net_sink comp="553" pin=0"/></net>

<net id="561"><net_src comp="553" pin="1"/><net_sink comp="557" pin=0"/></net>

<net id="568"><net_src comp="96" pin="0"/><net_sink comp="562" pin=0"/></net>

<net id="569"><net_src comp="557" pin="2"/><net_sink comp="562" pin=1"/></net>

<net id="570"><net_src comp="98" pin="0"/><net_sink comp="562" pin=2"/></net>

<net id="571"><net_src comp="100" pin="0"/><net_sink comp="562" pin=3"/></net>

<net id="575"><net_src comp="562" pin="4"/><net_sink comp="572" pin=0"/></net>

<net id="580"><net_src comp="0" pin="0"/><net_sink comp="576" pin=0"/></net>

<net id="581"><net_src comp="572" pin="1"/><net_sink comp="576" pin=1"/></net>

<net id="585"><net_src comp="582" pin="1"/><net_sink comp="202" pin=2"/></net>

<net id="586"><net_src comp="582" pin="1"/><net_sink comp="209" pin=2"/></net>

<net id="587"><net_src comp="582" pin="1"/><net_sink comp="216" pin=2"/></net>

<net id="588"><net_src comp="582" pin="1"/><net_sink comp="223" pin=2"/></net>

<net id="589"><net_src comp="582" pin="1"/><net_sink comp="230" pin=2"/></net>

<net id="590"><net_src comp="582" pin="1"/><net_sink comp="237" pin=2"/></net>

<net id="591"><net_src comp="582" pin="1"/><net_sink comp="244" pin=2"/></net>

<net id="592"><net_src comp="582" pin="1"/><net_sink comp="251" pin=2"/></net>

<net id="593"><net_src comp="582" pin="1"/><net_sink comp="258" pin=2"/></net>

<net id="594"><net_src comp="582" pin="1"/><net_sink comp="265" pin=2"/></net>

<net id="595"><net_src comp="582" pin="1"/><net_sink comp="272" pin=2"/></net>

<net id="596"><net_src comp="582" pin="1"/><net_sink comp="279" pin=2"/></net>

<net id="597"><net_src comp="582" pin="1"/><net_sink comp="286" pin=2"/></net>

<net id="598"><net_src comp="582" pin="1"/><net_sink comp="293" pin=2"/></net>

<net id="599"><net_src comp="582" pin="1"/><net_sink comp="300" pin=2"/></net>

<net id="600"><net_src comp="582" pin="1"/><net_sink comp="307" pin=2"/></net>

<net id="638"><net_src comp="108" pin="0"/><net_sink comp="601" pin=0"/></net>

<net id="639"><net_src comp="110" pin="0"/><net_sink comp="601" pin=1"/></net>

<net id="640"><net_src comp="314" pin="3"/><net_sink comp="601" pin=2"/></net>

<net id="641"><net_src comp="112" pin="0"/><net_sink comp="601" pin=3"/></net>

<net id="642"><net_src comp="320" pin="3"/><net_sink comp="601" pin=4"/></net>

<net id="643"><net_src comp="114" pin="0"/><net_sink comp="601" pin=5"/></net>

<net id="644"><net_src comp="326" pin="3"/><net_sink comp="601" pin=6"/></net>

<net id="645"><net_src comp="116" pin="0"/><net_sink comp="601" pin=7"/></net>

<net id="646"><net_src comp="332" pin="3"/><net_sink comp="601" pin=8"/></net>

<net id="647"><net_src comp="118" pin="0"/><net_sink comp="601" pin=9"/></net>

<net id="648"><net_src comp="338" pin="3"/><net_sink comp="601" pin=10"/></net>

<net id="649"><net_src comp="120" pin="0"/><net_sink comp="601" pin=11"/></net>

<net id="650"><net_src comp="344" pin="3"/><net_sink comp="601" pin=12"/></net>

<net id="651"><net_src comp="122" pin="0"/><net_sink comp="601" pin=13"/></net>

<net id="652"><net_src comp="350" pin="3"/><net_sink comp="601" pin=14"/></net>

<net id="653"><net_src comp="124" pin="0"/><net_sink comp="601" pin=15"/></net>

<net id="654"><net_src comp="356" pin="3"/><net_sink comp="601" pin=16"/></net>

<net id="655"><net_src comp="126" pin="0"/><net_sink comp="601" pin=17"/></net>

<net id="656"><net_src comp="362" pin="3"/><net_sink comp="601" pin=18"/></net>

<net id="657"><net_src comp="128" pin="0"/><net_sink comp="601" pin=19"/></net>

<net id="658"><net_src comp="368" pin="3"/><net_sink comp="601" pin=20"/></net>

<net id="659"><net_src comp="130" pin="0"/><net_sink comp="601" pin=21"/></net>

<net id="660"><net_src comp="374" pin="3"/><net_sink comp="601" pin=22"/></net>

<net id="661"><net_src comp="132" pin="0"/><net_sink comp="601" pin=23"/></net>

<net id="662"><net_src comp="380" pin="3"/><net_sink comp="601" pin=24"/></net>

<net id="663"><net_src comp="134" pin="0"/><net_sink comp="601" pin=25"/></net>

<net id="664"><net_src comp="386" pin="3"/><net_sink comp="601" pin=26"/></net>

<net id="665"><net_src comp="136" pin="0"/><net_sink comp="601" pin=27"/></net>

<net id="666"><net_src comp="392" pin="3"/><net_sink comp="601" pin=28"/></net>

<net id="667"><net_src comp="138" pin="0"/><net_sink comp="601" pin=29"/></net>

<net id="668"><net_src comp="398" pin="3"/><net_sink comp="601" pin=30"/></net>

<net id="669"><net_src comp="140" pin="0"/><net_sink comp="601" pin=31"/></net>

<net id="670"><net_src comp="404" pin="3"/><net_sink comp="601" pin=32"/></net>

<net id="671"><net_src comp="142" pin="0"/><net_sink comp="601" pin=33"/></net>

<net id="675"><net_src comp="150" pin="1"/><net_sink comp="672" pin=0"/></net>

<net id="676"><net_src comp="672" pin="1"/><net_sink comp="432" pin=1"/></net>

<net id="677"><net_src comp="672" pin="1"/><net_sink comp="452" pin=0"/></net>

<net id="678"><net_src comp="672" pin="1"/><net_sink comp="518" pin=1"/></net>

<net id="682"><net_src comp="154" pin="1"/><net_sink comp="679" pin=0"/></net>

<net id="683"><net_src comp="679" pin="1"/><net_sink comp="427" pin=1"/></net>

<net id="684"><net_src comp="679" pin="1"/><net_sink comp="455" pin=0"/></net>

<net id="685"><net_src comp="679" pin="1"/><net_sink comp="513" pin=1"/></net>

<net id="689"><net_src comp="158" pin="1"/><net_sink comp="686" pin=0"/></net>

<net id="690"><net_src comp="686" pin="1"/><net_sink comp="422" pin=1"/></net>

<net id="691"><net_src comp="686" pin="1"/><net_sink comp="437" pin=0"/></net>

<net id="692"><net_src comp="686" pin="1"/><net_sink comp="508" pin=1"/></net>

<net id="696"><net_src comp="162" pin="2"/><net_sink comp="693" pin=0"/></net>

<net id="697"><net_src comp="693" pin="1"/><net_sink comp="557" pin=1"/></net>

<net id="701"><net_src comp="410" pin="1"/><net_sink comp="698" pin=0"/></net>

<net id="702"><net_src comp="698" pin="1"/><net_sink comp="526" pin=1"/></net>

<net id="706"><net_src comp="414" pin="1"/><net_sink comp="703" pin=0"/></net>

<net id="707"><net_src comp="703" pin="1"/><net_sink comp="540" pin=1"/></net>

<net id="711"><net_src comp="418" pin="1"/><net_sink comp="708" pin=0"/></net>

<net id="712"><net_src comp="708" pin="1"/><net_sink comp="535" pin=0"/></net>

<net id="716"><net_src comp="440" pin="2"/><net_sink comp="713" pin=0"/></net>

<net id="720"><net_src comp="478" pin="3"/><net_sink comp="717" pin=0"/></net>

<net id="721"><net_src comp="717" pin="1"/><net_sink comp="523" pin=0"/></net>

<net id="722"><net_src comp="717" pin="1"/><net_sink comp="582" pin=0"/></net>

<net id="726"><net_src comp="486" pin="2"/><net_sink comp="723" pin=0"/></net>

<net id="730"><net_src comp="492" pin="1"/><net_sink comp="727" pin=0"/></net>

<net id="731"><net_src comp="727" pin="1"/><net_sink comp="601" pin=34"/></net>

<net id="735"><net_src comp="502" pin="2"/><net_sink comp="732" pin=0"/></net>

<net id="739"><net_src comp="576" pin="2"/><net_sink comp="736" pin=0"/></net>

<net id="740"><net_src comp="736" pin="1"/><net_sink comp="186" pin=1"/></net>

<net id="741"><net_src comp="736" pin="1"/><net_sink comp="193" pin=1"/></net>

<net id="745"><net_src comp="202" pin="3"/><net_sink comp="742" pin=0"/></net>

<net id="746"><net_src comp="742" pin="1"/><net_sink comp="314" pin=0"/></net>

<net id="750"><net_src comp="209" pin="3"/><net_sink comp="747" pin=0"/></net>

<net id="751"><net_src comp="747" pin="1"/><net_sink comp="320" pin=0"/></net>

<net id="755"><net_src comp="216" pin="3"/><net_sink comp="752" pin=0"/></net>

<net id="756"><net_src comp="752" pin="1"/><net_sink comp="326" pin=0"/></net>

<net id="760"><net_src comp="223" pin="3"/><net_sink comp="757" pin=0"/></net>

<net id="761"><net_src comp="757" pin="1"/><net_sink comp="332" pin=0"/></net>

<net id="765"><net_src comp="230" pin="3"/><net_sink comp="762" pin=0"/></net>

<net id="766"><net_src comp="762" pin="1"/><net_sink comp="338" pin=0"/></net>

<net id="770"><net_src comp="237" pin="3"/><net_sink comp="767" pin=0"/></net>

<net id="771"><net_src comp="767" pin="1"/><net_sink comp="344" pin=0"/></net>

<net id="775"><net_src comp="244" pin="3"/><net_sink comp="772" pin=0"/></net>

<net id="776"><net_src comp="772" pin="1"/><net_sink comp="350" pin=0"/></net>

<net id="780"><net_src comp="251" pin="3"/><net_sink comp="777" pin=0"/></net>

<net id="781"><net_src comp="777" pin="1"/><net_sink comp="356" pin=0"/></net>

<net id="785"><net_src comp="258" pin="3"/><net_sink comp="782" pin=0"/></net>

<net id="786"><net_src comp="782" pin="1"/><net_sink comp="362" pin=0"/></net>

<net id="790"><net_src comp="265" pin="3"/><net_sink comp="787" pin=0"/></net>

<net id="791"><net_src comp="787" pin="1"/><net_sink comp="368" pin=0"/></net>

<net id="795"><net_src comp="272" pin="3"/><net_sink comp="792" pin=0"/></net>

<net id="796"><net_src comp="792" pin="1"/><net_sink comp="374" pin=0"/></net>

<net id="800"><net_src comp="279" pin="3"/><net_sink comp="797" pin=0"/></net>

<net id="801"><net_src comp="797" pin="1"/><net_sink comp="380" pin=0"/></net>

<net id="805"><net_src comp="286" pin="3"/><net_sink comp="802" pin=0"/></net>

<net id="806"><net_src comp="802" pin="1"/><net_sink comp="386" pin=0"/></net>

<net id="810"><net_src comp="293" pin="3"/><net_sink comp="807" pin=0"/></net>

<net id="811"><net_src comp="807" pin="1"/><net_sink comp="392" pin=0"/></net>

<net id="815"><net_src comp="300" pin="3"/><net_sink comp="812" pin=0"/></net>

<net id="816"><net_src comp="812" pin="1"/><net_sink comp="398" pin=0"/></net>

<net id="820"><net_src comp="307" pin="3"/><net_sink comp="817" pin=0"/></net>

<net id="821"><net_src comp="817" pin="1"/><net_sink comp="404" pin=0"/></net>

<net id="825"><net_src comp="601" pin="35"/><net_sink comp="822" pin=0"/></net>

<net id="826"><net_src comp="822" pin="1"/><net_sink comp="193" pin=2"/></net>

</net_list>

</model> 
---------------- Datapath Model END ------------------

* FSMD analyzer results:
  - Output states:
	Port: gmem | {3 4 5 6 7 8 9 }
 - Input state : 
	Port: mmult_hw_Pipeline_store_i_store_j : gmem | {}
	Port: mmult_hw_Pipeline_store_i_store_j : tC | {2 3 }
	Port: mmult_hw_Pipeline_store_i_store_j : tC_1 | {2 3 }
	Port: mmult_hw_Pipeline_store_i_store_j : tC_2 | {2 3 }
	Port: mmult_hw_Pipeline_store_i_store_j : tC_3 | {2 3 }
	Port: mmult_hw_Pipeline_store_i_store_j : tC_4 | {2 3 }
	Port: mmult_hw_Pipeline_store_i_store_j : tC_5 | {2 3 }
	Port: mmult_hw_Pipeline_store_i_store_j : tC_6 | {2 3 }
	Port: mmult_hw_Pipeline_store_i_store_j : tC_7 | {2 3 }
	Port: mmult_hw_Pipeline_store_i_store_j : tC_8 | {2 3 }
	Port: mmult_hw_Pipeline_store_i_store_j : tC_9 | {2 3 }
	Port: mmult_hw_Pipeline_store_i_store_j : tC_10 | {2 3 }
	Port: mmult_hw_Pipeline_store_i_store_j : tC_11 | {2 3 }
	Port: mmult_hw_Pipeline_store_i_store_j : tC_12 | {2 3 }
	Port: mmult_hw_Pipeline_store_i_store_j : tC_13 | {2 3 }
	Port: mmult_hw_Pipeline_store_i_store_j : tC_14 | {2 3 }
	Port: mmult_hw_Pipeline_store_i_store_j : tC_15 | {2 3 }
	Port: mmult_hw_Pipeline_store_i_store_j : dim_cast3846 | {1 }
	Port: mmult_hw_Pipeline_store_i_store_j : empty | {1 }
	Port: mmult_hw_Pipeline_store_i_store_j : zext_ln25 | {1 }
	Port: mmult_hw_Pipeline_store_i_store_j : out_r | {1 }
  - Chain level:
	State 1
		store_ln0 : 1
		store_ln44 : 1
		store_ln45 : 1
		indvar_flatten20_load : 1
		icmp_ln44 : 2
		add_ln44 : 2
		br_ln44 : 3
		j_load : 1
		i_load : 1
		icmp_ln45 : 2
		select_ln44 : 3
		add_ln44_1 : 2
		select_ln44_1 : 3
		first_iter_3 : 4
		br_ln45 : 5
		trunc_ln45 : 4
		add_ln45 : 4
		icmp_ln45_1 : 5
		br_ln45 : 6
		store_ln44 : 3
		store_ln44 : 4
		store_ln45 : 5
	State 2
		empty_23 : 1
		p_cast1 : 2
		tmp3843 : 3
		empty_24 : 4
		tmp_6 : 5
		tmp_6_cast : 6
		empty_25 : 7
		trunc_ln3 : 8
		sext_ln45 : 9
		gmem_addr : 10
		tC_addr : 1
		tC_1_addr : 1
		tC_2_addr : 1
		tC_3_addr : 1
		tC_4_addr : 1
		tC_5_addr : 1
		tC_6_addr : 1
		tC_7_addr : 1
		tC_8_addr : 1
		tC_9_addr : 1
		tC_10_addr : 1
		tC_11_addr : 1
		tC_12_addr : 1
		tC_13_addr : 1
		tC_14_addr : 1
		tC_15_addr : 1
		tC_load : 2
		tC_1_load : 2
		tC_2_load : 2
		tC_3_load : 2
		tC_4_load : 2
		tC_5_load : 2
		tC_6_load : 2
		tC_7_load : 2
		tC_8_load : 2
		tC_9_load : 2
		tC_10_load : 2
		tC_11_load : 2
		tC_12_load : 2
		tC_13_load : 2
		tC_14_load : 2
		tC_15_load : 2
	State 3
		tmp : 1
	State 4
	State 5
	State 6
	State 7
	State 8
	State 9


============================================================
+ Verbose Summary: Datapath Resource usage 
============================================================

* Functional unit list:
|----------|-------------------------------|---------|---------|---------|
| Operation|        Functional Unit        |   DSP   |    FF   |   LUT   |
|----------|-------------------------------|---------|---------|---------|
|          |        add_ln44_fu_446        |    0    |    0    |    16   |
|          |       add_ln44_1_fu_472       |    0    |    0    |    12   |
|    add   |        add_ln45_fu_496        |    0    |    0    |    12   |
|          |         tmp3843_fu_535        |    0    |    0    |    39   |
|          |        empty_24_fu_540        |    0    |    0    |    40   |
|          |        empty_25_fu_557        |    0    |    0    |    71   |
|----------|-------------------------------|---------|---------|---------|
| sparsemux|           tmp_fu_601          |    0    |    0    |    65   |
|----------|-------------------------------|---------|---------|---------|
|          |        icmp_ln44_fu_440       |    0    |    0    |    16   |
|   icmp   |        icmp_ln45_fu_458       |    0    |    0    |    12   |
|          |      first_iter_3_fu_486      |    0    |    0    |    12   |
|          |       icmp_ln45_1_fu_502      |    0    |    0    |    12   |
|----------|-------------------------------|---------|---------|---------|
|    mul   |        empty_23_fu_526        |    2    |    0    |    20   |
|----------|-------------------------------|---------|---------|---------|
|  select  |       select_ln44_fu_464      |    0    |    0    |    5    |
|          |      select_ln44_1_fu_478     |    0    |    0    |    5    |
|----------|-------------------------------|---------|---------|---------|
|          |     out_r_read_read_fu_162    |    0    |    0    |    0    |
|   read   |   zext_ln25_read_read_fu_168  |    0    |    0    |    0    |
|          |       tmp_1_read_fu_174       |    0    |    0    |    0    |
|          | dim_cast3846_read_read_fu_180 |    0    |    0    |    0    |
|----------|-------------------------------|---------|---------|---------|
| writeresp|      grp_writeresp_fu_186     |    0    |    0    |    0    |
|----------|-------------------------------|---------|---------|---------|
|   write  |    write_ln47_write_fu_193    |    0    |    0    |    0    |
|----------|-------------------------------|---------|---------|---------|
|          |    dim_cast3846_cast_fu_410   |    0    |    0    |    0    |
|          |         p_cast_fu_418         |    0    |    0    |    0    |
|   sext   |         p_cast1_fu_531        |    0    |    0    |    0    |
|          |       tmp_6_cast_fu_553       |    0    |    0    |    0    |
|          |        sext_ln45_fu_572       |    0    |    0    |    0    |
|----------|-------------------------------|---------|---------|---------|
|          |     zext_ln25_cast_fu_414     |    0    |    0    |    0    |
|   zext   |       zext_ln44_1_fu_523      |    0    |    0    |    0    |
|          |        zext_ln44_fu_582       |    0    |    0    |    0    |
|----------|-------------------------------|---------|---------|---------|
|   trunc  |       trunc_ln45_fu_492       |    0    |    0    |    0    |
|----------|-------------------------------|---------|---------|---------|
|bitconcatenate|          tmp_6_fu_545         |    0    |    0    |    0    |
|----------|-------------------------------|---------|---------|---------|
|partselect|        trunc_ln3_fu_562       |    0    |    0    |    0    |
|----------|-------------------------------|---------|---------|---------|
|   Total  |                               |    2    |    0    |   337   |
|----------|-------------------------------|---------|---------|---------|

Memories:
N/A

* Register list:
+-------------------------+--------+
|                         |   FF   |
+-------------------------+--------+
|dim_cast3846_cast_reg_698|   37   |
|   first_iter_3_reg_723  |    1   |
|    gmem_addr_reg_736    |   32   |
|        i_reg_679        |    5   |
|    icmp_ln44_reg_713    |    1   |
|   icmp_ln45_1_reg_732   |    1   |
| indvar_flatten20_reg_686|    9   |
|        j_reg_672        |    5   |
|    out_r_read_reg_693   |   64   |
|      p_cast_reg_708     |   40   |
|  select_ln44_1_reg_717  |    5   |
|    tC_10_addr_reg_792   |    4   |
|    tC_11_addr_reg_797   |    4   |
|    tC_12_addr_reg_802   |    4   |
|    tC_13_addr_reg_807   |    4   |
|    tC_14_addr_reg_812   |    4   |
|    tC_15_addr_reg_817   |    4   |
|    tC_1_addr_reg_747    |    4   |
|    tC_2_addr_reg_752    |    4   |
|    tC_3_addr_reg_757    |    4   |
|    tC_4_addr_reg_762    |    4   |
|    tC_5_addr_reg_767    |    4   |
|    tC_6_addr_reg_772    |    4   |
|    tC_7_addr_reg_777    |    4   |
|    tC_8_addr_reg_782    |    4   |
|    tC_9_addr_reg_787    |    4   |
|     tC_addr_reg_742     |    4   |
|       tmp_reg_822       |   32   |
|    trunc_ln45_reg_727   |    4   |
|  zext_ln25_cast_reg_703 |   40   |
+-------------------------+--------+
|          Total          |   340  |
+-------------------------+--------+

* Multiplexer (MUX) list: 
|----------------------|------|------|------|--------||---------||---------||---------|
|         Comp         |  Pin | Size |  BW  | S x BW ||  Delay  ||    FF   ||   LUT   |
|----------------------|------|------|------|--------||---------||---------||---------|
| grp_writeresp_fu_186 |  p0  |   2  |   1  |    2   |
|   grp_access_fu_314  |  p0  |   2  |   4  |    8   ||    0    ||    9    |
|   grp_access_fu_320  |  p0  |   2  |   4  |    8   ||    0    ||    9    |
|   grp_access_fu_326  |  p0  |   2  |   4  |    8   ||    0    ||    9    |
|   grp_access_fu_332  |  p0  |   2  |   4  |    8   ||    0    ||    9    |
|   grp_access_fu_338  |  p0  |   2  |   4  |    8   ||    0    ||    9    |
|   grp_access_fu_344  |  p0  |   2  |   4  |    8   ||    0    ||    9    |
|   grp_access_fu_350  |  p0  |   2  |   4  |    8   ||    0    ||    9    |
|   grp_access_fu_356  |  p0  |   2  |   4  |    8   ||    0    ||    9    |
|   grp_access_fu_362  |  p0  |   2  |   4  |    8   ||    0    ||    9    |
|   grp_access_fu_368  |  p0  |   2  |   4  |    8   ||    0    ||    9    |
|   grp_access_fu_374  |  p0  |   2  |   4  |    8   ||    0    ||    9    |
|   grp_access_fu_380  |  p0  |   2  |   4  |    8   ||    0    ||    9    |
|   grp_access_fu_386  |  p0  |   2  |   4  |    8   ||    0    ||    9    |
|   grp_access_fu_392  |  p0  |   2  |   4  |    8   ||    0    ||    9    |
|   grp_access_fu_398  |  p0  |   2  |   4  |    8   ||    0    ||    9    |
|   grp_access_fu_404  |  p0  |   2  |   4  |    8   ||    0    ||    9    |
|----------------------|------|------|------|--------||---------||---------||---------|
|         Total        |      |      |      |   130  ||  8.313  ||    0    ||   144   |
|----------------------|------|------|------|--------||---------||---------||---------|



* Summary:
+-----------+--------+--------+--------+--------+
|           |   DSP  |  Delay |   FF   |   LUT  |
+-----------+--------+--------+--------+--------+
|  Function |    2   |    -   |    0   |   337  |
|   Memory  |    -   |    -   |    -   |    -   |
|Multiplexer|    -   |    8   |    0   |   144  |
|  Register |    -   |    -   |   340  |    -   |
+-----------+--------+--------+--------+--------+
|   Total   |    2   |    8   |   340  |   481  |
+-----------+--------+--------+--------+--------+
