

================================================================
== Vitis HLS Report for 'mmult_hw'
================================================================
* Date:           Mon Feb 23 00:37:49 2026

* Version:        2024.1 (Build 5069499 on May 21 2024)
* Project:        matmul_D12_Tiled_AP
* Solution:       hls (Vivado IP Flow Target)
* Product family: zynquplus
* Target device:  xczu3eg-sbva484-1-e


================================================================
== Performance Estimates
================================================================
+ Timing: 
    * Summary: 
    +--------+----------+----------+------------+
    |  Clock |  Target  | Estimated| Uncertainty|
    +--------+----------+----------+------------+
    |ap_clk  |  10.00 ns|  7.300 ns|     2.70 ns|
    +--------+----------+----------+------------+

+ Latency: 
    * Summary: 
    +---------+---------+-----------+-----------+---------+---------+---------+
    |  Latency (cycles) |   Latency (absolute)  |      Interval     | Pipeline|
    |   min   |   max   |    min    |    max    |   min   |   max   |   Type  |
    +---------+---------+-----------+-----------+---------+---------+---------+
    |  3460945|  3460945|  34.609 ms|  34.609 ms|  3460946|  3460946|       no|
    +---------+---------+-----------+-----------+---------+---------+---------+

    + Detail: 
        * Instance: 
        +-----------------------------------------------------+------------------------------------------+---------+---------+----------+----------+-----+-----+-----------------------------------------------+
        |                                                     |                                          |  Latency (cycles) |  Latency (absolute) |  Interval |                    Pipeline                   |
        |                       Instance                      |                  Module                  |   min   |   max   |    min   |    max   | min | max |                      Type                     |
        +-----------------------------------------------------+------------------------------------------+---------+---------+----------+----------+-----+-----+-----------------------------------------------+
        |grp_mmult_hw_Pipeline_init_i_init_j_fu_299           |mmult_hw_Pipeline_init_i_init_j           |      258|      258|  2.580 us|  2.580 us|  257|  257|  loop auto-rewind stp(delay=0 clock cycles(s))|
        |grp_mmult_hw_Pipeline_load_a_VITIS_LOOP_27_1_fu_307  |mmult_hw_Pipeline_load_a_VITIS_LOOP_27_1  |      268|      268|  2.680 us|  2.680 us|  257|  257|  loop auto-rewind stp(delay=0 clock cycles(s))|
        |grp_mmult_hw_Pipeline_load_b_VITIS_LOOP_30_2_fu_321  |mmult_hw_Pipeline_load_b_VITIS_LOOP_30_2  |      268|      268|  2.680 us|  2.680 us|  257|  257|  loop auto-rewind stp(delay=0 clock cycles(s))|
        |grp_mmult_hw_Pipeline_store_i_store_j_fu_335         |mmult_hw_Pipeline_store_i_store_j         |      265|      265|  2.650 us|  2.650 us|  257|  257|  loop auto-rewind stp(delay=0 clock cycles(s))|
        |grp_mmult_hw_Pipeline_comp_k_fu_349                  |mmult_hw_Pipeline_comp_k                  |       19|       19|  0.190 us|  0.190 us|   17|   17|  loop auto-rewind stp(delay=0 clock cycles(s))|
        +-----------------------------------------------------+------------------------------------------+---------+---------+----------+----------+-----+-----+-----------------------------------------------+

        * Loop: 
        +-----------------+---------+---------+----------+-----------+-----------+------+----------+
        |                 |  Latency (cycles) | Iteration|  Initiation Interval  | Trip |          |
        |    Loop Name    |   min   |   max   |  Latency |  achieved |   target  | Count| Pipelined|
        +-----------------+---------+---------+----------+-----------+-----------+------+----------+
        |- tile_i         |  3460944|  3460944|    432618|          -|          -|     8|        no|
        | + tile_j        |   432616|   432616|     54077|          -|          -|     8|        no|
        |  ++ tile_k      |    53816|    53816|      6727|          -|          -|     8|        no|
        |   +++ comp_i    |     5920|     5920|       370|          -|          -|    16|        no|
        |    ++++ comp_j  |      368|      368|        23|          -|          -|    16|        no|
        +-----------------+---------+---------+----------+-----------+-----------+------+----------+



================================================================
== Utilization Estimates
================================================================
* Summary: 
+-----------------+---------+-----+--------+-------+-----+
|       Name      | BRAM_18K| DSP |   FF   |  LUT  | URAM|
+-----------------+---------+-----+--------+-------+-----+
|DSP              |        -|    -|       -|      -|    -|
|Expression       |        -|    -|       0|    122|    -|
|FIFO             |        -|    -|       -|      -|    -|
|Instance         |        4|    9|    2411|   2947|    0|
|Memory           |       12|    -|       0|      0|    0|
|Multiplexer      |        -|    -|       0|    729|    -|
|Register         |        -|    -|     502|      -|    -|
+-----------------+---------+-----+--------+-------+-----+
|Total            |       16|    9|    2913|   3798|    0|
+-----------------+---------+-----+--------+-------+-----+
|Available        |      432|  360|  141120|  70560|    0|
+-----------------+---------+-----+--------+-------+-----+
|Utilization (%)  |        3|    2|       2|      5|    0|
+-----------------+---------+-----+--------+-------+-----+

+ Detail: 
    * Instance: 
    +-----------------------------------------------------+------------------------------------------+---------+----+-----+-----+-----+
    |                       Instance                      |                  Module                  | BRAM_18K| DSP|  FF | LUT | URAM|
    +-----------------------------------------------------+------------------------------------------+---------+----+-----+-----+-----+
    |CTRL_s_axi_U                                         |CTRL_s_axi                                |        0|   0|  284|  488|    0|
    |gmem_m_axi_U                                         |gmem_m_axi                                |        4|   0|  824|  683|    0|
    |grp_mmult_hw_Pipeline_comp_k_fu_349                  |mmult_hw_Pipeline_comp_k                  |        0|   3|   77|  171|    0|
    |grp_mmult_hw_Pipeline_init_i_init_j_fu_299           |mmult_hw_Pipeline_init_i_init_j           |        0|   0|   21|  143|    0|
    |grp_mmult_hw_Pipeline_load_a_VITIS_LOOP_27_1_fu_307  |mmult_hw_Pipeline_load_a_VITIS_LOOP_27_1  |        0|   2|  492|  487|    0|
    |grp_mmult_hw_Pipeline_load_b_VITIS_LOOP_30_2_fu_321  |mmult_hw_Pipeline_load_b_VITIS_LOOP_30_2  |        0|   2|  415|  478|    0|
    |grp_mmult_hw_Pipeline_store_i_store_j_fu_335         |mmult_hw_Pipeline_store_i_store_j         |        0|   2|  298|  437|    0|
    |mul_3ns_32s_35_1_1_U55                               |mul_3ns_32s_35_1_1                        |        0|   0|    0|   20|    0|
    |mul_3ns_32s_35_1_1_U56                               |mul_3ns_32s_35_1_1                        |        0|   0|    0|   20|    0|
    |sparsemux_9_2_32_1_1_U57                             |sparsemux_9_2_32_1_1                      |        0|   0|    0|   20|    0|
    +-----------------------------------------------------+------------------------------------------+---------+----+-----+-----+-----+
    |Total                                                |                                          |        4|   9| 2411| 2947|    0|
    +-----------------------------------------------------+------------------------------------------+---------+----+-----+-----+-----+

    * DSP: 
    N/A

    * Memory: 
    +--------+------------------+---------+---+----+-----+------+-----+------+-------------+
    | Memory |      Module      | BRAM_18K| FF| LUT| URAM| Words| Bits| Banks| W*Bits*Banks|
    +--------+------------------+---------+---+----+-----+------+-----+------+-------------+
    |tA_U    |tA_RAM_AUTO_1R1W  |        1|  0|   0|    0|    64|   32|     1|         2048|
    |tA_1_U  |tA_RAM_AUTO_1R1W  |        1|  0|   0|    0|    64|   32|     1|         2048|
    |tA_2_U  |tA_RAM_AUTO_1R1W  |        1|  0|   0|    0|    64|   32|     1|         2048|
    |tA_3_U  |tA_RAM_AUTO_1R1W  |        1|  0|   0|    0|    64|   32|     1|         2048|
    |tB_U    |tA_RAM_AUTO_1R1W  |        1|  0|   0|    0|    64|   32|     1|         2048|
    |tB_1_U  |tA_RAM_AUTO_1R1W  |        1|  0|   0|    0|    64|   32|     1|         2048|
    |tB_2_U  |tA_RAM_AUTO_1R1W  |        1|  0|   0|    0|    64|   32|     1|         2048|
    |tB_3_U  |tA_RAM_AUTO_1R1W  |        1|  0|   0|    0|    64|   32|     1|         2048|
    |tC_U    |tA_RAM_AUTO_1R1W  |        1|  0|   0|    0|    64|   32|     1|         2048|
    |tC_1_U  |tA_RAM_AUTO_1R1W  |        1|  0|   0|    0|    64|   32|     1|         2048|
    |tC_2_U  |tA_RAM_AUTO_1R1W  |        1|  0|   0|    0|    64|   32|     1|         2048|
    |tC_3_U  |tA_RAM_AUTO_1R1W  |        1|  0|   0|    0|    64|   32|     1|         2048|
    +--------+------------------+---------+---+----+-----+------+-----+------+-------------+
    |Total   |                  |       12|  0|   0|    0|   768|  384|    12|        24576|
    +--------+------------------+---------+---+----+-----+------+-----+------+-------------+

    * FIFO: 
    N/A

    * Expression: 
    +---------------------+----------+----+---+----+------------+------------+
    |    Variable Name    | Operation| DSP| FF| LUT| Bitwidth P0| Bitwidth P1|
    +---------------------+----------+----+---+----+------------+------------+
    |add_ln19_fu_383_p2   |         +|   0|  0|  12|           4|           1|
    |add_ln20_fu_416_p2   |         +|   0|  0|  12|           4|           1|
    |add_ln25_fu_443_p2   |         +|   0|  0|  12|           4|           1|
    |add_ln32_fu_485_p2   |         +|   0|  0|  12|           5|           1|
    |add_ln33_fu_501_p2   |         +|   0|  0|  12|           5|           1|
    |icmp_ln19_fu_377_p2  |      icmp|   0|  0|  12|           4|           5|
    |icmp_ln20_fu_410_p2  |      icmp|   0|  0|  12|           4|           5|
    |icmp_ln25_fu_437_p2  |      icmp|   0|  0|  12|           4|           5|
    |icmp_ln32_fu_479_p2  |      icmp|   0|  0|  13|           5|           6|
    |icmp_ln33_fu_495_p2  |      icmp|   0|  0|  13|           5|           6|
    +---------------------+----------+----+---+----+------------+------------+
    |Total                |          |   0|  0| 122|          44|          32|
    +---------------------+----------+----+---+----+------------+------------+

    * Multiplexer: 
    +---------------------+----+-----------+-----+-----------+
    |         Name        | LUT| Input Size| Bits| Total Bits|
    +---------------------+----+-----------+-----+-----------+
    |ap_NS_fsm            |  65|         15|    1|         15|
    |gmem_ARADDR          |  14|          3|   64|        192|
    |gmem_ARLEN           |  14|          3|   32|         96|
    |gmem_ARVALID         |  14|          3|    1|          3|
    |gmem_AWVALID         |   9|          2|    1|          2|
    |gmem_BREADY          |   9|          2|    1|          2|
    |gmem_RREADY          |  14|          3|    1|          3|
    |gmem_WVALID          |   9|          2|    1|          2|
    |i_reg_276            |   9|          2|    5|         10|
    |j_reg_287            |   9|          2|    5|         10|
    |tA_1_address0        |  14|          3|    6|         18|
    |tA_1_ce0             |  14|          3|    1|          3|
    |tA_1_we0             |   9|          2|    1|          2|
    |tA_2_address0        |  14|          3|    6|         18|
    |tA_2_ce0             |  14|          3|    1|          3|
    |tA_2_we0             |   9|          2|    1|          2|
    |tA_3_address0        |  14|          3|    6|         18|
    |tA_3_ce0             |  14|          3|    1|          3|
    |tA_3_we0             |   9|          2|    1|          2|
    |tA_address0          |  14|          3|    6|         18|
    |tA_ce0               |  14|          3|    1|          3|
    |tA_we0               |   9|          2|    1|          2|
    |tB_1_address0        |  14|          3|    6|         18|
    |tB_1_ce0             |  14|          3|    1|          3|
    |tB_1_we0             |   9|          2|    1|          2|
    |tB_2_address0        |  14|          3|    6|         18|
    |tB_2_ce0             |  14|          3|    1|          3|
    |tB_2_we0             |   9|          2|    1|          2|
    |tB_3_address0        |  14|          3|    6|         18|
    |tB_3_ce0             |  14|          3|    1|          3|
    |tB_3_we0             |   9|          2|    1|          2|
    |tB_address0          |  14|          3|    6|         18|
    |tB_ce0               |  14|          3|    1|          3|
    |tB_we0               |   9|          2|    1|          2|
    |tC_1_address0        |  14|          3|    6|         18|
    |tC_1_address0_local  |  14|          3|    6|         18|
    |tC_1_ce0             |  14|          3|    1|          3|
    |tC_1_d0              |   9|          2|   32|         64|
    |tC_1_we0             |   9|          2|    1|          2|
    |tC_2_address0        |  14|          3|    6|         18|
    |tC_2_address0_local  |  14|          3|    6|         18|
    |tC_2_ce0             |  14|          3|    1|          3|
    |tC_2_d0              |   9|          2|   32|         64|
    |tC_2_we0             |   9|          2|    1|          2|
    |tC_3_address0        |  14|          3|    6|         18|
    |tC_3_address0_local  |  14|          3|    6|         18|
    |tC_3_ce0             |  14|          3|    1|          3|
    |tC_3_d0              |   9|          2|   32|         64|
    |tC_3_we0             |   9|          2|    1|          2|
    |tC_address0          |  14|          3|    6|         18|
    |tC_address0_local    |  14|          3|    6|         18|
    |tC_ce0               |  14|          3|    1|          3|
    |tC_d0                |   9|          2|   32|         64|
    |tC_we0               |   9|          2|    1|          2|
    |ti_fu_126            |   9|          2|    4|          8|
    |tj_reg_254           |   9|          2|    4|          8|
    |tk_reg_265           |   9|          2|    4|          8|
    +---------------------+----+-----------+-----+-----------+
    |Total                | 729|        159|  372|        963|
    +---------------------+----+-----------+-----+-----------+

    * Register: 
    +------------------------------------------------------------------+----+----+-----+-----------+
    |                               Name                               | FF | LUT| Bits| Const Bits|
    +------------------------------------------------------------------+----+----+-----+-----------+
    |acc_reg_721                                                       |  32|   0|   32|          0|
    |add_ln19_reg_617                                                  |   4|   0|    4|          0|
    |add_ln20_reg_631                                                  |   4|   0|    4|          0|
    |add_ln25_reg_650                                                  |   4|   0|    4|          0|
    |add_ln32_reg_673                                                  |   5|   0|    5|          0|
    |add_ln33_reg_687                                                  |   5|   0|    5|          0|
    |ap_CS_fsm                                                         |  14|   0|   14|          0|
    |dim_read_reg_580                                                  |  32|   0|   32|          0|
    |empty_38_reg_660                                                  |  35|   0|   35|          0|
    |grp_mmult_hw_Pipeline_comp_k_fu_349_ap_start_reg                  |   1|   0|    1|          0|
    |grp_mmult_hw_Pipeline_init_i_init_j_fu_299_ap_start_reg           |   1|   0|    1|          0|
    |grp_mmult_hw_Pipeline_load_a_VITIS_LOOP_27_1_fu_307_ap_start_reg  |   1|   0|    1|          0|
    |grp_mmult_hw_Pipeline_load_b_VITIS_LOOP_30_2_fu_321_ap_start_reg  |   1|   0|    1|          0|
    |grp_mmult_hw_Pipeline_store_i_store_j_fu_335_ap_start_reg         |   1|   0|    1|          0|
    |i_reg_276                                                         |   5|   0|    5|          0|
    |in1_read_reg_597                                                  |  64|   0|   64|          0|
    |in2_read_reg_592                                                  |  64|   0|   64|          0|
    |j_reg_287                                                         |   5|   0|    5|          0|
    |out_r_read_reg_587                                                |  64|   0|   64|          0|
    |sext_ln19_reg_608                                                 |  35|   0|   35|          0|
    |shl_ln_reg_641                                                    |   3|   0|    7|          4|
    |tC_1_addr_reg_697                                                 |   6|   0|    6|          0|
    |tC_2_addr_reg_702                                                 |   6|   0|    6|          0|
    |tC_3_addr_reg_707                                                 |   6|   0|    6|          0|
    |tC_addr_reg_692                                                   |   6|   0|    6|          0|
    |ti_fu_126                                                         |   4|   0|    4|          0|
    |tj_reg_254                                                        |   4|   0|    4|          0|
    |tk_reg_265                                                        |   4|   0|    4|          0|
    |tmp_3_reg_622                                                     |  35|   0|   39|          4|
    |tmp_7_reg_655                                                     |   3|   0|    7|          4|
    |tmp_8_reg_665                                                     |  35|   0|   39|          4|
    |trunc_ln21_reg_636                                                |   3|   0|    3|          0|
    |trunc_ln32_reg_678                                                |   4|   0|    4|          0|
    |trunc_ln33_1_reg_717                                              |   2|   0|    2|          0|
    |trunc_ln33_reg_712                                                |   4|   0|    4|          0|
    +------------------------------------------------------------------+----+----+-----+-----------+
    |Total                                                             | 502|   0|  518|         16|
    +------------------------------------------------------------------+----+----+-----+-----------+



================================================================
== Interface
================================================================
* Summary: 
+---------------------+-----+-----+------------+--------------+--------------+
|      RTL Ports      | Dir | Bits|  Protocol  | Source Object|    C Type    |
+---------------------+-----+-----+------------+--------------+--------------+
|s_axi_CTRL_AWVALID   |   in|    1|       s_axi|          CTRL|        scalar|
|s_axi_CTRL_AWREADY   |  out|    1|       s_axi|          CTRL|        scalar|
|s_axi_CTRL_AWADDR    |   in|    6|       s_axi|          CTRL|        scalar|
|s_axi_CTRL_WVALID    |   in|    1|       s_axi|          CTRL|        scalar|
|s_axi_CTRL_WREADY    |  out|    1|       s_axi|          CTRL|        scalar|
|s_axi_CTRL_WDATA     |   in|   32|       s_axi|          CTRL|        scalar|
|s_axi_CTRL_WSTRB     |   in|    4|       s_axi|          CTRL|        scalar|
|s_axi_CTRL_ARVALID   |   in|    1|       s_axi|          CTRL|        scalar|
|s_axi_CTRL_ARREADY   |  out|    1|       s_axi|          CTRL|        scalar|
|s_axi_CTRL_ARADDR    |   in|    6|       s_axi|          CTRL|        scalar|
|s_axi_CTRL_RVALID    |  out|    1|       s_axi|          CTRL|        scalar|
|s_axi_CTRL_RREADY    |   in|    1|       s_axi|          CTRL|        scalar|
|s_axi_CTRL_RDATA     |  out|   32|       s_axi|          CTRL|        scalar|
|s_axi_CTRL_RRESP     |  out|    2|       s_axi|          CTRL|        scalar|
|s_axi_CTRL_BVALID    |  out|    1|       s_axi|          CTRL|        scalar|
|s_axi_CTRL_BREADY    |   in|    1|       s_axi|          CTRL|        scalar|
|s_axi_CTRL_BRESP     |  out|    2|       s_axi|          CTRL|        scalar|
|ap_clk               |   in|    1|  ap_ctrl_hs|      mmult_hw|  return value|
|ap_rst_n             |   in|    1|  ap_ctrl_hs|      mmult_hw|  return value|
|interrupt            |  out|    1|  ap_ctrl_hs|      mmult_hw|  return value|
|m_axi_gmem_AWVALID   |  out|    1|       m_axi|          gmem|       pointer|
|m_axi_gmem_AWREADY   |   in|    1|       m_axi|          gmem|       pointer|
|m_axi_gmem_AWADDR    |  out|   64|       m_axi|          gmem|       pointer|
|m_axi_gmem_AWID      |  out|    1|       m_axi|          gmem|       pointer|
|m_axi_gmem_AWLEN     |  out|    8|       m_axi|          gmem|       pointer|
|m_axi_gmem_AWSIZE    |  out|    3|       m_axi|          gmem|       pointer|
|m_axi_gmem_AWBURST   |  out|    2|       m_axi|          gmem|       pointer|
|m_axi_gmem_AWLOCK    |  out|    2|       m_axi|          gmem|       pointer|
|m_axi_gmem_AWCACHE   |  out|    4|       m_axi|          gmem|       pointer|
|m_axi_gmem_AWPROT    |  out|    3|       m_axi|          gmem|       pointer|
|m_axi_gmem_AWQOS     |  out|    4|       m_axi|          gmem|       pointer|
|m_axi_gmem_AWREGION  |  out|    4|       m_axi|          gmem|       pointer|
|m_axi_gmem_AWUSER    |  out|    1|       m_axi|          gmem|       pointer|
|m_axi_gmem_WVALID    |  out|    1|       m_axi|          gmem|       pointer|
|m_axi_gmem_WREADY    |   in|    1|       m_axi|          gmem|       pointer|
|m_axi_gmem_WDATA     |  out|   32|       m_axi|          gmem|       pointer|
|m_axi_gmem_WSTRB     |  out|    4|       m_axi|          gmem|       pointer|
|m_axi_gmem_WLAST     |  out|    1|       m_axi|          gmem|       pointer|
|m_axi_gmem_WID       |  out|    1|       m_axi|          gmem|       pointer|
|m_axi_gmem_WUSER     |  out|    1|       m_axi|          gmem|       pointer|
|m_axi_gmem_ARVALID   |  out|    1|       m_axi|          gmem|       pointer|
|m_axi_gmem_ARREADY   |   in|    1|       m_axi|          gmem|       pointer|
|m_axi_gmem_ARADDR    |  out|   64|       m_axi|          gmem|       pointer|
|m_axi_gmem_ARID      |  out|    1|       m_axi|          gmem|       pointer|
|m_axi_gmem_ARLEN     |  out|    8|       m_axi|          gmem|       pointer|
|m_axi_gmem_ARSIZE    |  out|    3|       m_axi|          gmem|       pointer|
|m_axi_gmem_ARBURST   |  out|    2|       m_axi|          gmem|       pointer|
|m_axi_gmem_ARLOCK    |  out|    2|       m_axi|          gmem|       pointer|
|m_axi_gmem_ARCACHE   |  out|    4|       m_axi|          gmem|       pointer|
|m_axi_gmem_ARPROT    |  out|    3|       m_axi|          gmem|       pointer|
|m_axi_gmem_ARQOS     |  out|    4|       m_axi|          gmem|       pointer|
|m_axi_gmem_ARREGION  |  out|    4|       m_axi|          gmem|       pointer|
|m_axi_gmem_ARUSER    |  out|    1|       m_axi|          gmem|       pointer|
|m_axi_gmem_RVALID    |   in|    1|       m_axi|          gmem|       pointer|
|m_axi_gmem_RREADY    |  out|    1|       m_axi|          gmem|       pointer|
|m_axi_gmem_RDATA     |   in|   32|       m_axi|          gmem|       pointer|
|m_axi_gmem_RLAST     |   in|    1|       m_axi|          gmem|       pointer|
|m_axi_gmem_RID       |   in|    1|       m_axi|          gmem|       pointer|
|m_axi_gmem_RUSER     |   in|    1|       m_axi|          gmem|       pointer|
|m_axi_gmem_RRESP     |   in|    2|       m_axi|          gmem|       pointer|
|m_axi_gmem_BVALID    |   in|    1|       m_axi|          gmem|       pointer|
|m_axi_gmem_BREADY    |  out|    1|       m_axi|          gmem|       pointer|
|m_axi_gmem_BRESP     |   in|    2|       m_axi|          gmem|       pointer|
|m_axi_gmem_BID       |   in|    1|       m_axi|          gmem|       pointer|
|m_axi_gmem_BUSER     |   in|    1|       m_axi|          gmem|       pointer|
+---------------------+-----+-----+------------+--------------+--------------+

============================================================
+ Verbose Summary: Synthesis Manager
============================================================
InlineROM: 1
ExposeGlobal: 0
============================================================
+ Verbose Summary: CDFG Model
============================================================
IsTopModel: 1
ResetActiveHigh: 1
IsCombinational: 2
IsDatapathOnly: 2
HasWiredReturn: 1
HasMFsm: 0
HasVarLatency: 1
IsPipeline: 0
IsRtlPipelined: 0
IsInstanceOverlapped: 0
IsDontTouch: 0
HasImplIP: 0
IsGatedGlobalClock: 0


============================================================
+ Verbose Summary: Schedule
============================================================
* Number of FSM states : 14
* Pipeline : 0
* Dataflow Pipeline: 0

* FSM state transitions: 
1 --> 2 
2 --> 3 
3 --> 4 2 
4 --> 5 
5 --> 6 3 
6 --> 7 
7 --> 8 
8 --> 9 
9 --> 14 10 
10 --> 11 9 
11 --> 12 
12 --> 13 
13 --> 10 
14 --> 5 

* FSM state operations: 

State 1 <SV = 0> <Delay = 1.35>
ST_1 : Operation 15 [1/1] (0.00ns)   --->   "%ti = alloca i32 1" [mmult_baseline.cpp:19]   --->   Operation 15 'alloca' 'ti' <Predicate = true> <Delay = 0.00>
ST_1 : Operation 16 [1/1] (1.00ns)   --->   "%dim_read = read i32 @_ssdm_op_Read.s_axilite.i32, i32 %dim"   --->   Operation 16 'read' 'dim_read' <Predicate = true> <Delay = 1.00> <CoreInst = "s_axilite">   --->   Core 120 's_axilite' <Latency = 0> <II = 1> <Delay = 1.00> <Adapter> <Opcode : 'read' 'write'>
ST_1 : Operation 17 [1/1] (1.00ns)   --->   "%out_r_read = read i64 @_ssdm_op_Read.s_axilite.i64, i64 %out_r"   --->   Operation 17 'read' 'out_r_read' <Predicate = true> <Delay = 1.00> <CoreInst = "s_axilite">   --->   Core 120 's_axilite' <Latency = 0> <II = 1> <Delay = 1.00> <Adapter> <Opcode : 'read' 'write'>
ST_1 : Operation 18 [1/1] (1.00ns)   --->   "%in2_read = read i64 @_ssdm_op_Read.s_axilite.i64, i64 %in2"   --->   Operation 18 'read' 'in2_read' <Predicate = true> <Delay = 1.00> <CoreInst = "s_axilite">   --->   Core 120 's_axilite' <Latency = 0> <II = 1> <Delay = 1.00> <Adapter> <Opcode : 'read' 'write'>
ST_1 : Operation 19 [1/1] (1.00ns)   --->   "%in1_read = read i64 @_ssdm_op_Read.s_axilite.i64, i64 %in1"   --->   Operation 19 'read' 'in1_read' <Predicate = true> <Delay = 1.00> <CoreInst = "s_axilite">   --->   Core 120 's_axilite' <Latency = 0> <II = 1> <Delay = 1.00> <Adapter> <Opcode : 'read' 'write'>
ST_1 : Operation 20 [1/1] (0.00ns)   --->   "%acc_1_loc = alloca i64 1"   --->   Operation 20 'alloca' 'acc_1_loc' <Predicate = true> <Delay = 0.00>
ST_1 : Operation 21 [1/1] (0.00ns)   --->   "%spectopmodule_ln7 = spectopmodule void @_ssdm_op_SpecTopModule, void @empty_12" [mmult_baseline.cpp:7]   --->   Operation 21 'spectopmodule' 'spectopmodule_ln7' <Predicate = true> <Delay = 0.00>
ST_1 : Operation 22 [1/1] (0.00ns)   --->   "%specinterface_ln0 = specinterface void @_ssdm_op_SpecInterface, i32 %gmem, void @empty, i32 0, i32 0, void @empty_0, i32 0, i32 16384, void @empty_1, void @empty_2, void @empty_0, i32 16, i32 16, i32 16, i32 16, void @empty_0, void @empty_0, i32 4294967295, i32 0, i32 0"   --->   Operation 22 'specinterface' 'specinterface_ln0' <Predicate = true> <Delay = 0.00>
ST_1 : Operation 23 [1/1] (0.00ns)   --->   "%specbitsmap_ln0 = specbitsmap void @_ssdm_op_SpecBitsMap, i32 %gmem"   --->   Operation 23 'specbitsmap' 'specbitsmap_ln0' <Predicate = true> <Delay = 0.00>
ST_1 : Operation 24 [1/1] (0.00ns)   --->   "%specinterface_ln0 = specinterface void @_ssdm_op_SpecInterface, i64 %in1, void @empty_3, i32 0, i32 0, void @empty_0, i32 0, i32 0, void @empty_4, void @empty_5, void @empty_0, i32 0, i32 0, i32 0, i32 0, void @empty_0, void @empty_6, i32 4294967295, i32 0, i32 0"   --->   Operation 24 'specinterface' 'specinterface_ln0' <Predicate = true> <Delay = 0.00>
ST_1 : Operation 25 [1/1] (0.00ns)   --->   "%specinterface_ln0 = specinterface void @_ssdm_op_SpecInterface, i64 %in1, void @empty_7, i32 0, i32 0, void @empty_0, i32 0, i32 0, void @empty_0, void @empty_0, void @empty_0, i32 0, i32 0, i32 0, i32 0, void @empty_0, void @empty_6, i32 4294967295, i32 0, i32 0"   --->   Operation 25 'specinterface' 'specinterface_ln0' <Predicate = true> <Delay = 0.00>
ST_1 : Operation 26 [1/1] (0.00ns)   --->   "%specinterface_ln0 = specinterface void @_ssdm_op_SpecInterface, i64 %in2, void @empty_3, i32 0, i32 0, void @empty_0, i32 0, i32 0, void @empty_4, void @empty_8, void @empty_0, i32 0, i32 0, i32 0, i32 0, void @empty_0, void @empty_6, i32 4294967295, i32 0, i32 0"   --->   Operation 26 'specinterface' 'specinterface_ln0' <Predicate = true> <Delay = 0.00>
ST_1 : Operation 27 [1/1] (0.00ns)   --->   "%specinterface_ln0 = specinterface void @_ssdm_op_SpecInterface, i64 %in2, void @empty_7, i32 0, i32 0, void @empty_0, i32 0, i32 0, void @empty_0, void @empty_0, void @empty_0, i32 0, i32 0, i32 0, i32 0, void @empty_0, void @empty_6, i32 4294967295, i32 0, i32 0"   --->   Operation 27 'specinterface' 'specinterface_ln0' <Predicate = true> <Delay = 0.00>
ST_1 : Operation 28 [1/1] (0.00ns)   --->   "%specinterface_ln0 = specinterface void @_ssdm_op_SpecInterface, i64 %out_r, void @empty_3, i32 0, i32 0, void @empty_0, i32 0, i32 0, void @empty_4, void @empty_9, void @empty_0, i32 0, i32 0, i32 0, i32 0, void @empty_0, void @empty_6, i32 4294967295, i32 0, i32 0"   --->   Operation 28 'specinterface' 'specinterface_ln0' <Predicate = true> <Delay = 0.00>
ST_1 : Operation 29 [1/1] (0.00ns)   --->   "%specinterface_ln0 = specinterface void @_ssdm_op_SpecInterface, i64 %out_r, void @empty_7, i32 0, i32 0, void @empty_0, i32 0, i32 0, void @empty_0, void @empty_0, void @empty_0, i32 0, i32 0, i32 0, i32 0, void @empty_0, void @empty_6, i32 4294967295, i32 0, i32 0"   --->   Operation 29 'specinterface' 'specinterface_ln0' <Predicate = true> <Delay = 0.00>
ST_1 : Operation 30 [1/1] (0.00ns)   --->   "%specbitsmap_ln0 = specbitsmap void @_ssdm_op_SpecBitsMap, i32 %dim"   --->   Operation 30 'specbitsmap' 'specbitsmap_ln0' <Predicate = true> <Delay = 0.00>
ST_1 : Operation 31 [1/1] (0.00ns)   --->   "%specinterface_ln0 = specinterface void @_ssdm_op_SpecInterface, i32 %dim, void @empty_3, i32 4294967295, i32 4294967295, void @empty_10, i32 0, i32 0, void @empty_4, void @empty_11, void @empty_0, i32 0, i32 0, i32 0, i32 0, void @empty_0, void @empty_0, i32 4294967295, i32 0, i32 0"   --->   Operation 31 'specinterface' 'specinterface_ln0' <Predicate = true> <Delay = 0.00>
ST_1 : Operation 32 [1/1] (0.00ns)   --->   "%specinterface_ln0 = specinterface void @_ssdm_op_SpecInterface, i32 %dim, void @empty_7, i32 4294967295, i32 4294967295, void @empty_0, i32 0, i32 0, void @empty_0, void @empty_0, void @empty_0, i32 0, i32 0, i32 0, i32 0, void @empty_0, void @empty_0, i32 4294967295, i32 0, i32 0"   --->   Operation 32 'specinterface' 'specinterface_ln0' <Predicate = true> <Delay = 0.00>
ST_1 : Operation 33 [1/1] (0.00ns)   --->   "%specinterface_ln0 = specinterface void @_ssdm_op_SpecInterface, i32 0, void @empty_3, i32 0, i32 0, void @empty_0, i32 0, i32 0, void @empty_4, void @empty_0, void @empty_0, i32 0, i32 0, i32 0, i32 0, void @empty_0, void @empty_0, i32 4294967295, i32 0, i32 0"   --->   Operation 33 'specinterface' 'specinterface_ln0' <Predicate = true> <Delay = 0.00>
ST_1 : Operation 34 [1/1] (1.35ns)   --->   "%tA = alloca i64 1" [mmult_baseline.cpp:15]   --->   Operation 34 'alloca' 'tA' <Predicate = true> <Delay = 1.35>
ST_1 : Operation 35 [1/1] (1.35ns)   --->   "%tA_1 = alloca i64 1" [mmult_baseline.cpp:15]   --->   Operation 35 'alloca' 'tA_1' <Predicate = true> <Delay = 1.35>
ST_1 : Operation 36 [1/1] (1.35ns)   --->   "%tA_2 = alloca i64 1" [mmult_baseline.cpp:15]   --->   Operation 36 'alloca' 'tA_2' <Predicate = true> <Delay = 1.35>
ST_1 : Operation 37 [1/1] (1.35ns)   --->   "%tA_3 = alloca i64 1" [mmult_baseline.cpp:15]   --->   Operation 37 'alloca' 'tA_3' <Predicate = true> <Delay = 1.35>
ST_1 : Operation 38 [1/1] (1.35ns)   --->   "%tB = alloca i64 1" [mmult_baseline.cpp:15]   --->   Operation 38 'alloca' 'tB' <Predicate = true> <Delay = 1.35>
ST_1 : Operation 39 [1/1] (1.35ns)   --->   "%tB_1 = alloca i64 1" [mmult_baseline.cpp:15]   --->   Operation 39 'alloca' 'tB_1' <Predicate = true> <Delay = 1.35>
ST_1 : Operation 40 [1/1] (1.35ns)   --->   "%tB_2 = alloca i64 1" [mmult_baseline.cpp:15]   --->   Operation 40 'alloca' 'tB_2' <Predicate = true> <Delay = 1.35>
ST_1 : Operation 41 [1/1] (1.35ns)   --->   "%tB_3 = alloca i64 1" [mmult_baseline.cpp:15]   --->   Operation 41 'alloca' 'tB_3' <Predicate = true> <Delay = 1.35>
ST_1 : Operation 42 [1/1] (1.35ns)   --->   "%tC = alloca i64 1" [mmult_baseline.cpp:15]   --->   Operation 42 'alloca' 'tC' <Predicate = true> <Delay = 1.35> <CoreInst = "RAM">   --->   Core 82 'RAM' <Latency = 1> <II = 1> <Delay = 1.35> <Storage> <Opcode : 'load' 'store'> <Ports = 2> <Width = 32> <Depth = 64> <RAM>
ST_1 : Operation 43 [1/1] (1.35ns)   --->   "%tC_1 = alloca i64 1" [mmult_baseline.cpp:15]   --->   Operation 43 'alloca' 'tC_1' <Predicate = true> <Delay = 1.35> <CoreInst = "RAM">   --->   Core 82 'RAM' <Latency = 1> <II = 1> <Delay = 1.35> <Storage> <Opcode : 'load' 'store'> <Ports = 2> <Width = 32> <Depth = 64> <RAM>
ST_1 : Operation 44 [1/1] (1.35ns)   --->   "%tC_2 = alloca i64 1" [mmult_baseline.cpp:15]   --->   Operation 44 'alloca' 'tC_2' <Predicate = true> <Delay = 1.35> <CoreInst = "RAM">   --->   Core 82 'RAM' <Latency = 1> <II = 1> <Delay = 1.35> <Storage> <Opcode : 'load' 'store'> <Ports = 2> <Width = 32> <Depth = 64> <RAM>
ST_1 : Operation 45 [1/1] (1.35ns)   --->   "%tC_3 = alloca i64 1" [mmult_baseline.cpp:15]   --->   Operation 45 'alloca' 'tC_3' <Predicate = true> <Delay = 1.35> <CoreInst = "RAM">   --->   Core 82 'RAM' <Latency = 1> <II = 1> <Delay = 1.35> <Storage> <Opcode : 'load' 'store'> <Ports = 2> <Width = 32> <Depth = 64> <RAM>
ST_1 : Operation 46 [1/1] (0.00ns)   --->   "%sext_ln19 = sext i32 %dim_read" [mmult_baseline.cpp:19]   --->   Operation 46 'sext' 'sext_ln19' <Predicate = true> <Delay = 0.00>
ST_1 : Operation 47 [1/1] (0.48ns)   --->   "%store_ln19 = store i4 0, i4 %ti" [mmult_baseline.cpp:19]   --->   Operation 47 'store' 'store_ln19' <Predicate = true> <Delay = 0.48>
ST_1 : Operation 48 [1/1] (0.00ns)   --->   "%br_ln19 = br void %tile_j" [mmult_baseline.cpp:19]   --->   Operation 48 'br' 'br_ln19' <Predicate = true> <Delay = 0.00>

State 2 <SV = 1> <Delay = 3.88>
ST_2 : Operation 49 [1/1] (0.00ns)   --->   "%ti_1 = load i4 %ti"   --->   Operation 49 'load' 'ti_1' <Predicate = true> <Delay = 0.00>
ST_2 : Operation 50 [1/1] (0.86ns)   --->   "%icmp_ln19 = icmp_eq  i4 %ti_1, i4 8" [mmult_baseline.cpp:19]   --->   Operation 50 'icmp' 'icmp_ln19' <Predicate = true> <Delay = 0.86> <CoreInst = "Cmp">   --->   Core 9 'Cmp' <Latency = 0> <II = 1> <Delay = 0.87> <FuncUnit> <Opcode : 'seteq' 'setne' 'setle' 'setge' 'setlt' 'setgt'> <InPorts = 2> <OutPorts = 1>
ST_2 : Operation 51 [1/1] (0.86ns)   --->   "%add_ln19 = add i4 %ti_1, i4 1" [mmult_baseline.cpp:19]   --->   Operation 51 'add' 'add_ln19' <Predicate = true> <Delay = 0.86> <CoreInst = "Adder">   --->   Core 1 'Adder' <Latency = 0> <II = 1> <Delay = 0.86> <FuncUnit> <Opcode : 'add' 'sub'> <InPorts = 2> <OutPorts = 1>
ST_2 : Operation 52 [1/1] (0.00ns)   --->   "%br_ln19 = br i1 %icmp_ln19, void %tile_j.split, void %for.end153" [mmult_baseline.cpp:19]   --->   Operation 52 'br' 'br_ln19' <Predicate = true> <Delay = 0.00>
ST_2 : Operation 53 [1/1] (0.00ns)   --->   "%speclooptripcount_ln19 = speclooptripcount void @_ssdm_op_SpecLoopTripCount, i64 8, i64 8, i64 8" [mmult_baseline.cpp:19]   --->   Operation 53 'speclooptripcount' 'speclooptripcount_ln19' <Predicate = (!icmp_ln19)> <Delay = 0.00>
ST_2 : Operation 54 [1/1] (0.00ns)   --->   "%specloopname_ln19 = specloopname void @_ssdm_op_SpecLoopName, void @empty_18" [mmult_baseline.cpp:19]   --->   Operation 54 'specloopname' 'specloopname_ln19' <Predicate = (!icmp_ln19)> <Delay = 0.00>
ST_2 : Operation 55 [1/1] (0.00ns)   --->   "%empty = trunc i4 %ti_1"   --->   Operation 55 'trunc' 'empty' <Predicate = (!icmp_ln19)> <Delay = 0.00>
ST_2 : Operation 56 [1/1] (0.00ns)   --->   "%ti_cast_cast = zext i3 %empty"   --->   Operation 56 'zext' 'ti_cast_cast' <Predicate = (!icmp_ln19)> <Delay = 0.00>
ST_2 : Operation 57 [1/1] (3.88ns)   --->   "%empty_36 = mul i35 %ti_cast_cast, i35 %sext_ln19" [mmult_baseline.cpp:19]   --->   Operation 57 'mul' 'empty_36' <Predicate = (!icmp_ln19)> <Delay = 3.88> <CoreInst = "Multiplier">   --->   Core 3 'Multiplier' <Latency = 0> <II = 1> <Delay = 3.88> <FuncUnit> <Opcode : 'mul'> <InPorts = 2> <OutPorts = 1>
ST_2 : Operation 58 [1/1] (0.00ns)   --->   "%tmp_3 = bitconcatenate i39 @_ssdm_op_BitConcatenate.i39.i35.i4, i35 %empty_36, i4 0" [mmult_baseline.cpp:19]   --->   Operation 58 'bitconcatenate' 'tmp_3' <Predicate = (!icmp_ln19)> <Delay = 0.00>
ST_2 : Operation 59 [1/1] (0.48ns)   --->   "%br_ln20 = br void %init_i" [mmult_baseline.cpp:20]   --->   Operation 59 'br' 'br_ln20' <Predicate = (!icmp_ln19)> <Delay = 0.48>
ST_2 : Operation 60 [1/1] (0.00ns)   --->   "%ret_ln47 = ret" [mmult_baseline.cpp:47]   --->   Operation 60 'ret' 'ret_ln47' <Predicate = (icmp_ln19)> <Delay = 0.00>

State 3 <SV = 2> <Delay = 1.35>
ST_3 : Operation 61 [1/1] (0.00ns)   --->   "%tj = phi i4 0, void %tile_j.split, i4 %add_ln20, void %for.inc148" [mmult_baseline.cpp:20]   --->   Operation 61 'phi' 'tj' <Predicate = true> <Delay = 0.00>
ST_3 : Operation 62 [1/1] (0.86ns)   --->   "%icmp_ln20 = icmp_eq  i4 %tj, i4 8" [mmult_baseline.cpp:20]   --->   Operation 62 'icmp' 'icmp_ln20' <Predicate = true> <Delay = 0.86> <CoreInst = "Cmp">   --->   Core 9 'Cmp' <Latency = 0> <II = 1> <Delay = 0.87> <FuncUnit> <Opcode : 'seteq' 'setne' 'setle' 'setge' 'setlt' 'setgt'> <InPorts = 2> <OutPorts = 1>
ST_3 : Operation 63 [1/1] (0.86ns)   --->   "%add_ln20 = add i4 %tj, i4 1" [mmult_baseline.cpp:20]   --->   Operation 63 'add' 'add_ln20' <Predicate = true> <Delay = 0.86> <CoreInst = "Adder">   --->   Core 1 'Adder' <Latency = 0> <II = 1> <Delay = 0.86> <FuncUnit> <Opcode : 'add' 'sub'> <InPorts = 2> <OutPorts = 1>
ST_3 : Operation 64 [1/1] (0.00ns)   --->   "%br_ln20 = br i1 %icmp_ln20, void %init_i.split, void %for.inc151" [mmult_baseline.cpp:20]   --->   Operation 64 'br' 'br_ln20' <Predicate = true> <Delay = 0.00>
ST_3 : Operation 65 [2/2] (0.00ns)   --->   "%call_ln0 = call void @mmult_hw_Pipeline_init_i_init_j, i32 %tC, i32 %tC_1, i32 %tC_2, i32 %tC_3"   --->   Operation 65 'call' 'call_ln0' <Predicate = (!icmp_ln20)> <Delay = 0.00> <CoreType = "Generic">   --->   Core 0 '' <Latency = 0> <II = 1> <Delay = 1.00> <Generic> <Opcode : >
ST_3 : Operation 66 [1/1] (0.00ns)   --->   "%trunc_ln21 = trunc i4 %tj" [mmult_baseline.cpp:21]   --->   Operation 66 'trunc' 'trunc_ln21' <Predicate = (!icmp_ln20)> <Delay = 0.00>
ST_3 : Operation 67 [1/1] (0.48ns)   --->   "%store_ln19 = store i4 %add_ln19, i4 %ti" [mmult_baseline.cpp:19]   --->   Operation 67 'store' 'store_ln19' <Predicate = (icmp_ln20)> <Delay = 0.48>
ST_3 : Operation 68 [1/1] (0.00ns)   --->   "%br_ln19 = br void %tile_j" [mmult_baseline.cpp:19]   --->   Operation 68 'br' 'br_ln19' <Predicate = (icmp_ln20)> <Delay = 0.00>

State 4 <SV = 3> <Delay = 1.89>
ST_4 : Operation 69 [1/1] (0.00ns)   --->   "%speclooptripcount_ln20 = speclooptripcount void @_ssdm_op_SpecLoopTripCount, i64 8, i64 8, i64 8" [mmult_baseline.cpp:20]   --->   Operation 69 'speclooptripcount' 'speclooptripcount_ln20' <Predicate = true> <Delay = 0.00>
ST_4 : Operation 70 [1/1] (0.00ns)   --->   "%specloopname_ln20 = specloopname void @_ssdm_op_SpecLoopName, void @empty_17" [mmult_baseline.cpp:20]   --->   Operation 70 'specloopname' 'specloopname_ln20' <Predicate = true> <Delay = 0.00>
ST_4 : Operation 71 [1/2] (1.89ns)   --->   "%call_ln0 = call void @mmult_hw_Pipeline_init_i_init_j, i32 %tC, i32 %tC_1, i32 %tC_2, i32 %tC_3"   --->   Operation 71 'call' 'call_ln0' <Predicate = true> <Delay = 1.89> <CoreType = "Generic">   --->   Core 0 '' <Latency = 0> <II = 1> <Delay = 1.00> <Generic> <Opcode : >
ST_4 : Operation 72 [1/1] (0.00ns)   --->   "%shl_ln = bitconcatenate i7 @_ssdm_op_BitConcatenate.i7.i3.i4, i3 %trunc_ln21, i4 0" [mmult_baseline.cpp:21]   --->   Operation 72 'bitconcatenate' 'shl_ln' <Predicate = true> <Delay = 0.00>
ST_4 : Operation 73 [1/1] (0.48ns)   --->   "%br_ln25 = br void %load_a" [mmult_baseline.cpp:25]   --->   Operation 73 'br' 'br_ln25' <Predicate = true> <Delay = 0.48>

State 5 <SV = 4> <Delay = 3.88>
ST_5 : Operation 74 [1/1] (0.00ns)   --->   "%tk = phi i4 0, void %init_i.split, i4 %add_ln25, void %for.inc139.preheader" [mmult_baseline.cpp:25]   --->   Operation 74 'phi' 'tk' <Predicate = true> <Delay = 0.00>
ST_5 : Operation 75 [1/1] (0.86ns)   --->   "%icmp_ln25 = icmp_eq  i4 %tk, i4 8" [mmult_baseline.cpp:25]   --->   Operation 75 'icmp' 'icmp_ln25' <Predicate = true> <Delay = 0.86> <CoreInst = "Cmp">   --->   Core 9 'Cmp' <Latency = 0> <II = 1> <Delay = 0.87> <FuncUnit> <Opcode : 'seteq' 'setne' 'setle' 'setge' 'setlt' 'setgt'> <InPorts = 2> <OutPorts = 1>
ST_5 : Operation 76 [1/1] (0.86ns)   --->   "%add_ln25 = add i4 %tk, i4 1" [mmult_baseline.cpp:25]   --->   Operation 76 'add' 'add_ln25' <Predicate = true> <Delay = 0.86> <CoreInst = "Adder">   --->   Core 1 'Adder' <Latency = 0> <II = 1> <Delay = 0.86> <FuncUnit> <Opcode : 'add' 'sub'> <InPorts = 2> <OutPorts = 1>
ST_5 : Operation 77 [1/1] (0.00ns)   --->   "%br_ln25 = br i1 %icmp_ln25, void %load_a.split, void %for.inc148" [mmult_baseline.cpp:25]   --->   Operation 77 'br' 'br_ln25' <Predicate = true> <Delay = 0.00>
ST_5 : Operation 78 [1/1] (0.00ns)   --->   "%empty_37 = trunc i4 %tk" [mmult_baseline.cpp:25]   --->   Operation 78 'trunc' 'empty_37' <Predicate = (!icmp_ln25)> <Delay = 0.00>
ST_5 : Operation 79 [1/1] (0.00ns)   --->   "%tmp_7 = bitconcatenate i7 @_ssdm_op_BitConcatenate.i7.i3.i4, i3 %empty_37, i4 0" [mmult_baseline.cpp:25]   --->   Operation 79 'bitconcatenate' 'tmp_7' <Predicate = (!icmp_ln25)> <Delay = 0.00>
ST_5 : Operation 80 [2/2] (0.00ns)   --->   "%call_ln19 = call void @mmult_hw_Pipeline_load_a_VITIS_LOOP_27_1, i32 %gmem, i32 %tA, i32 %tA_1, i32 %tA_2, i32 %tA_3, i32 %dim_read, i39 %tmp_3, i7 %tmp_7, i64 %in1_read" [mmult_baseline.cpp:19]   --->   Operation 80 'call' 'call_ln19' <Predicate = (!icmp_ln25)> <Delay = 0.00> <CoreType = "Generic">   --->   Core 0 '' <Latency = 0> <II = 1> <Delay = 1.00> <Generic> <Opcode : >
ST_5 : Operation 81 [1/1] (0.00ns)   --->   "%tk_cast4_cast = zext i3 %empty_37" [mmult_baseline.cpp:25]   --->   Operation 81 'zext' 'tk_cast4_cast' <Predicate = (!icmp_ln25)> <Delay = 0.00>
ST_5 : Operation 82 [1/1] (3.88ns)   --->   "%empty_38 = mul i35 %tk_cast4_cast, i35 %sext_ln19" [mmult_baseline.cpp:25]   --->   Operation 82 'mul' 'empty_38' <Predicate = (!icmp_ln25)> <Delay = 3.88> <CoreInst = "Multiplier">   --->   Core 3 'Multiplier' <Latency = 0> <II = 1> <Delay = 3.88> <FuncUnit> <Opcode : 'mul'> <InPorts = 2> <OutPorts = 1>
ST_5 : Operation 83 [1/1] (0.00ns)   --->   "%br_ln20 = br void %init_i" [mmult_baseline.cpp:20]   --->   Operation 83 'br' 'br_ln20' <Predicate = (icmp_ln25)> <Delay = 0.00>

State 6 <SV = 5> <Delay = 0.00>
ST_6 : Operation 84 [1/2] (0.00ns)   --->   "%call_ln19 = call void @mmult_hw_Pipeline_load_a_VITIS_LOOP_27_1, i32 %gmem, i32 %tA, i32 %tA_1, i32 %tA_2, i32 %tA_3, i32 %dim_read, i39 %tmp_3, i7 %tmp_7, i64 %in1_read" [mmult_baseline.cpp:19]   --->   Operation 84 'call' 'call_ln19' <Predicate = true> <Delay = 0.00> <CoreType = "Generic">   --->   Core 0 '' <Latency = 0> <II = 1> <Delay = 1.00> <Generic> <Opcode : >

State 7 <SV = 6> <Delay = 5.09>
ST_7 : Operation 85 [1/1] (0.00ns)   --->   "%tmp_8 = bitconcatenate i39 @_ssdm_op_BitConcatenate.i39.i35.i4, i35 %empty_38, i4 0" [mmult_baseline.cpp:25]   --->   Operation 85 'bitconcatenate' 'tmp_8' <Predicate = true> <Delay = 0.00>
ST_7 : Operation 86 [2/2] (5.09ns)   --->   "%call_ln21 = call void @mmult_hw_Pipeline_load_b_VITIS_LOOP_30_2, i32 %gmem, i32 %tB, i32 %tB_1, i32 %tB_2, i32 %tB_3, i32 %dim_read, i7 %shl_ln, i39 %tmp_8, i64 %in2_read" [mmult_baseline.cpp:21]   --->   Operation 86 'call' 'call_ln21' <Predicate = true> <Delay = 5.09> <CoreType = "Generic">   --->   Core 0 '' <Latency = 0> <II = 1> <Delay = 1.00> <Generic> <Opcode : >

State 8 <SV = 7> <Delay = 0.48>
ST_8 : Operation 87 [1/1] (0.00ns)   --->   "%speclooptripcount_ln25 = speclooptripcount void @_ssdm_op_SpecLoopTripCount, i64 8, i64 8, i64 8" [mmult_baseline.cpp:25]   --->   Operation 87 'speclooptripcount' 'speclooptripcount_ln25' <Predicate = true> <Delay = 0.00>
ST_8 : Operation 88 [1/1] (0.00ns)   --->   "%specloopname_ln25 = specloopname void @_ssdm_op_SpecLoopName, void @empty_16" [mmult_baseline.cpp:25]   --->   Operation 88 'specloopname' 'specloopname_ln25' <Predicate = true> <Delay = 0.00>
ST_8 : Operation 89 [1/2] (0.00ns)   --->   "%call_ln21 = call void @mmult_hw_Pipeline_load_b_VITIS_LOOP_30_2, i32 %gmem, i32 %tB, i32 %tB_1, i32 %tB_2, i32 %tB_3, i32 %dim_read, i7 %shl_ln, i39 %tmp_8, i64 %in2_read" [mmult_baseline.cpp:21]   --->   Operation 89 'call' 'call_ln21' <Predicate = true> <Delay = 0.00> <CoreType = "Generic">   --->   Core 0 '' <Latency = 0> <II = 1> <Delay = 1.00> <Generic> <Opcode : >
ST_8 : Operation 90 [1/1] (0.48ns)   --->   "%br_ln32 = br void %comp_j" [mmult_baseline.cpp:32]   --->   Operation 90 'br' 'br_ln32' <Predicate = true> <Delay = 0.48>

State 9 <SV = 8> <Delay = 1.36>
ST_9 : Operation 91 [1/1] (0.00ns)   --->   "%i = phi i5 %add_ln32, void %for.inc114, i5 0, void %load_a.split" [mmult_baseline.cpp:32]   --->   Operation 91 'phi' 'i' <Predicate = true> <Delay = 0.00>
ST_9 : Operation 92 [1/1] (0.87ns)   --->   "%icmp_ln32 = icmp_eq  i5 %i, i5 16" [mmult_baseline.cpp:32]   --->   Operation 92 'icmp' 'icmp_ln32' <Predicate = true> <Delay = 0.87> <CoreInst = "Cmp">   --->   Core 9 'Cmp' <Latency = 0> <II = 1> <Delay = 0.88> <FuncUnit> <Opcode : 'seteq' 'setne' 'setle' 'setge' 'setlt' 'setgt'> <InPorts = 2> <OutPorts = 1>
ST_9 : Operation 93 [1/1] (0.87ns)   --->   "%add_ln32 = add i5 %i, i5 1" [mmult_baseline.cpp:32]   --->   Operation 93 'add' 'add_ln32' <Predicate = true> <Delay = 0.87> <CoreInst = "Adder">   --->   Core 1 'Adder' <Latency = 0> <II = 1> <Delay = 0.87> <FuncUnit> <Opcode : 'add' 'sub'> <InPorts = 2> <OutPorts = 1>
ST_9 : Operation 94 [1/1] (0.00ns)   --->   "%br_ln32 = br i1 %icmp_ln32, void %comp_j.split, void %for.inc139.preheader" [mmult_baseline.cpp:32]   --->   Operation 94 'br' 'br_ln32' <Predicate = true> <Delay = 0.00>
ST_9 : Operation 95 [1/1] (0.00ns)   --->   "%trunc_ln32 = trunc i5 %i" [mmult_baseline.cpp:32]   --->   Operation 95 'trunc' 'trunc_ln32' <Predicate = (!icmp_ln32)> <Delay = 0.00>
ST_9 : Operation 96 [1/1] (0.00ns)   --->   "%speclooptripcount_ln32 = speclooptripcount void @_ssdm_op_SpecLoopTripCount, i64 16, i64 16, i64 16" [mmult_baseline.cpp:32]   --->   Operation 96 'speclooptripcount' 'speclooptripcount_ln32' <Predicate = (!icmp_ln32)> <Delay = 0.00>
ST_9 : Operation 97 [1/1] (0.00ns)   --->   "%specloopname_ln32 = specloopname void @_ssdm_op_SpecLoopName, void @empty_15" [mmult_baseline.cpp:32]   --->   Operation 97 'specloopname' 'specloopname_ln32' <Predicate = (!icmp_ln32)> <Delay = 0.00>
ST_9 : Operation 98 [1/1] (0.48ns)   --->   "%br_ln33 = br void %comp_k" [mmult_baseline.cpp:33]   --->   Operation 98 'br' 'br_ln33' <Predicate = (!icmp_ln32)> <Delay = 0.48>
ST_9 : Operation 99 [2/2] (0.00ns)   --->   "%call_ln19 = call void @mmult_hw_Pipeline_store_i_store_j, i32 %gmem, i32 %tC, i32 %tC_1, i32 %tC_2, i32 %tC_3, i32 %dim_read, i39 %tmp_3, i7 %shl_ln, i64 %out_r_read" [mmult_baseline.cpp:19]   --->   Operation 99 'call' 'call_ln19' <Predicate = (icmp_ln32)> <Delay = 0.00> <CoreType = "Generic">   --->   Core 0 '' <Latency = 0> <II = 1> <Delay = 1.00> <Generic> <Opcode : >

State 10 <SV = 9> <Delay = 1.35>
ST_10 : Operation 100 [1/1] (0.00ns)   --->   "%j = phi i5 0, void %comp_j.split, i5 %add_ln33, void %arrayidx882.exit" [mmult_baseline.cpp:33]   --->   Operation 100 'phi' 'j' <Predicate = true> <Delay = 0.00>
ST_10 : Operation 101 [1/1] (0.87ns)   --->   "%icmp_ln33 = icmp_eq  i5 %j, i5 16" [mmult_baseline.cpp:33]   --->   Operation 101 'icmp' 'icmp_ln33' <Predicate = true> <Delay = 0.87> <CoreInst = "Cmp">   --->   Core 9 'Cmp' <Latency = 0> <II = 1> <Delay = 0.88> <FuncUnit> <Opcode : 'seteq' 'setne' 'setle' 'setge' 'setlt' 'setgt'> <InPorts = 2> <OutPorts = 1>
ST_10 : Operation 102 [1/1] (0.87ns)   --->   "%add_ln33 = add i5 %j, i5 1" [mmult_baseline.cpp:33]   --->   Operation 102 'add' 'add_ln33' <Predicate = true> <Delay = 0.87> <CoreInst = "Adder">   --->   Core 1 'Adder' <Latency = 0> <II = 1> <Delay = 0.87> <FuncUnit> <Opcode : 'add' 'sub'> <InPorts = 2> <OutPorts = 1>
ST_10 : Operation 103 [1/1] (0.00ns)   --->   "%br_ln33 = br i1 %icmp_ln33, void %comp_k.split, void %for.inc114" [mmult_baseline.cpp:33]   --->   Operation 103 'br' 'br_ln33' <Predicate = true> <Delay = 0.00>
ST_10 : Operation 104 [1/1] (0.00ns)   --->   "%lshr_ln3 = partselect i2 @_ssdm_op_PartSelect.i2.i5.i32.i32, i5 %j, i32 2, i32 3" [mmult_baseline.cpp:33]   --->   Operation 104 'partselect' 'lshr_ln3' <Predicate = (!icmp_ln33)> <Delay = 0.00>
ST_10 : Operation 105 [1/1] (0.00ns)   --->   "%tmp_s = bitconcatenate i6 @_ssdm_op_BitConcatenate.i6.i4.i2, i4 %trunc_ln32, i2 %lshr_ln3" [mmult_baseline.cpp:34]   --->   Operation 105 'bitconcatenate' 'tmp_s' <Predicate = (!icmp_ln33)> <Delay = 0.00>
ST_10 : Operation 106 [1/1] (0.00ns)   --->   "%zext_ln34 = zext i6 %tmp_s" [mmult_baseline.cpp:34]   --->   Operation 106 'zext' 'zext_ln34' <Predicate = (!icmp_ln33)> <Delay = 0.00>
ST_10 : Operation 107 [1/1] (0.00ns)   --->   "%tC_addr = getelementptr i32 %tC, i64 0, i64 %zext_ln34" [mmult_baseline.cpp:34]   --->   Operation 107 'getelementptr' 'tC_addr' <Predicate = (!icmp_ln33)> <Delay = 0.00>
ST_10 : Operation 108 [1/1] (0.00ns)   --->   "%tC_1_addr = getelementptr i32 %tC_1, i64 0, i64 %zext_ln34" [mmult_baseline.cpp:34]   --->   Operation 108 'getelementptr' 'tC_1_addr' <Predicate = (!icmp_ln33)> <Delay = 0.00>
ST_10 : Operation 109 [1/1] (0.00ns)   --->   "%tC_2_addr = getelementptr i32 %tC_2, i64 0, i64 %zext_ln34" [mmult_baseline.cpp:34]   --->   Operation 109 'getelementptr' 'tC_2_addr' <Predicate = (!icmp_ln33)> <Delay = 0.00>
ST_10 : Operation 110 [1/1] (0.00ns)   --->   "%tC_3_addr = getelementptr i32 %tC_3, i64 0, i64 %zext_ln34" [mmult_baseline.cpp:34]   --->   Operation 110 'getelementptr' 'tC_3_addr' <Predicate = (!icmp_ln33)> <Delay = 0.00>
ST_10 : Operation 111 [2/2] (1.35ns)   --->   "%tC_load = load i6 %tC_addr" [mmult_baseline.cpp:34]   --->   Operation 111 'load' 'tC_load' <Predicate = (!icmp_ln33)> <Delay = 1.35> <CoreInst = "RAM">   --->   Core 82 'RAM' <Latency = 1> <II = 1> <Delay = 1.35> <Storage> <Opcode : 'load' 'store'> <Ports = 2> <Width = 32> <Depth = 64> <RAM>
ST_10 : Operation 112 [2/2] (1.35ns)   --->   "%tC_1_load = load i6 %tC_1_addr" [mmult_baseline.cpp:34]   --->   Operation 112 'load' 'tC_1_load' <Predicate = (!icmp_ln33)> <Delay = 1.35> <CoreInst = "RAM">   --->   Core 82 'RAM' <Latency = 1> <II = 1> <Delay = 1.35> <Storage> <Opcode : 'load' 'store'> <Ports = 2> <Width = 32> <Depth = 64> <RAM>
ST_10 : Operation 113 [2/2] (1.35ns)   --->   "%tC_2_load = load i6 %tC_2_addr" [mmult_baseline.cpp:34]   --->   Operation 113 'load' 'tC_2_load' <Predicate = (!icmp_ln33)> <Delay = 1.35> <CoreInst = "RAM">   --->   Core 82 'RAM' <Latency = 1> <II = 1> <Delay = 1.35> <Storage> <Opcode : 'load' 'store'> <Ports = 2> <Width = 32> <Depth = 64> <RAM>
ST_10 : Operation 114 [2/2] (1.35ns)   --->   "%tC_3_load = load i6 %tC_3_addr" [mmult_baseline.cpp:34]   --->   Operation 114 'load' 'tC_3_load' <Predicate = (!icmp_ln33)> <Delay = 1.35> <CoreInst = "RAM">   --->   Core 82 'RAM' <Latency = 1> <II = 1> <Delay = 1.35> <Storage> <Opcode : 'load' 'store'> <Ports = 2> <Width = 32> <Depth = 64> <RAM>
ST_10 : Operation 115 [1/1] (0.00ns)   --->   "%br_ln32 = br void %comp_j" [mmult_baseline.cpp:32]   --->   Operation 115 'br' 'br_ln32' <Predicate = (icmp_ln33)> <Delay = 0.00>

State 11 <SV = 10> <Delay = 3.30>
ST_11 : Operation 116 [1/1] (0.00ns)   --->   "%trunc_ln33 = trunc i5 %j" [mmult_baseline.cpp:33]   --->   Operation 116 'trunc' 'trunc_ln33' <Predicate = true> <Delay = 0.00>
ST_11 : Operation 117 [1/1] (0.00ns)   --->   "%trunc_ln33_1 = trunc i5 %j" [mmult_baseline.cpp:33]   --->   Operation 117 'trunc' 'trunc_ln33_1' <Predicate = true> <Delay = 0.00>
ST_11 : Operation 118 [1/2] (1.35ns)   --->   "%tC_load = load i6 %tC_addr" [mmult_baseline.cpp:34]   --->   Operation 118 'load' 'tC_load' <Predicate = true> <Delay = 1.35> <CoreInst = "RAM">   --->   Core 82 'RAM' <Latency = 1> <II = 1> <Delay = 1.35> <Storage> <Opcode : 'load' 'store'> <Ports = 2> <Width = 32> <Depth = 64> <RAM>
ST_11 : Operation 119 [1/2] (1.35ns)   --->   "%tC_1_load = load i6 %tC_1_addr" [mmult_baseline.cpp:34]   --->   Operation 119 'load' 'tC_1_load' <Predicate = true> <Delay = 1.35> <CoreInst = "RAM">   --->   Core 82 'RAM' <Latency = 1> <II = 1> <Delay = 1.35> <Storage> <Opcode : 'load' 'store'> <Ports = 2> <Width = 32> <Depth = 64> <RAM>
ST_11 : Operation 120 [1/2] (1.35ns)   --->   "%tC_2_load = load i6 %tC_2_addr" [mmult_baseline.cpp:34]   --->   Operation 120 'load' 'tC_2_load' <Predicate = true> <Delay = 1.35> <CoreInst = "RAM">   --->   Core 82 'RAM' <Latency = 1> <II = 1> <Delay = 1.35> <Storage> <Opcode : 'load' 'store'> <Ports = 2> <Width = 32> <Depth = 64> <RAM>
ST_11 : Operation 121 [1/2] (1.35ns)   --->   "%tC_3_load = load i6 %tC_3_addr" [mmult_baseline.cpp:34]   --->   Operation 121 'load' 'tC_3_load' <Predicate = true> <Delay = 1.35> <CoreInst = "RAM">   --->   Core 82 'RAM' <Latency = 1> <II = 1> <Delay = 1.35> <Storage> <Opcode : 'load' 'store'> <Ports = 2> <Width = 32> <Depth = 64> <RAM>
ST_11 : Operation 122 [1/1] (0.60ns)   --->   "%acc = sparsemux i32 @_ssdm_op_SparseMux.ap_auto.4i32.i32.i2, i2 0, i32 %tC_load, i2 1, i32 %tC_1_load, i2 2, i32 %tC_2_load, i2 3, i32 %tC_3_load, i32 0, i2 %trunc_ln33_1" [mmult_baseline.cpp:34]   --->   Operation 122 'sparsemux' 'acc' <Predicate = true> <Delay = 0.60> <CoreInst = "SparseMux">   --->   Core 144 'SparseMux' <Latency = 0> <II = 1> <Delay = 0.60> <FuncUnit> <Opcode : 'sparsemux'> <InPorts = 2> <OutPorts = 1>
ST_11 : Operation 123 [2/2] (1.35ns)   --->   "%call_ln34 = call void @mmult_hw_Pipeline_comp_k, i32 %acc, i4 %trunc_ln32, i32 %tA, i32 %tA_1, i32 %tA_2, i32 %tA_3, i4 %trunc_ln33, i32 %tB, i32 %tB_1, i32 %tB_2, i32 %tB_3, i32 %acc_1_loc" [mmult_baseline.cpp:34]   --->   Operation 123 'call' 'call_ln34' <Predicate = true> <Delay = 1.35> <CoreType = "Generic">   --->   Core 0 '' <Latency = 0> <II = 1> <Delay = 1.00> <Generic> <Opcode : >

State 12 <SV = 11> <Delay = 0.00>
ST_12 : Operation 124 [1/2] (0.00ns)   --->   "%call_ln34 = call void @mmult_hw_Pipeline_comp_k, i32 %acc, i4 %trunc_ln32, i32 %tA, i32 %tA_1, i32 %tA_2, i32 %tA_3, i4 %trunc_ln33, i32 %tB, i32 %tB_1, i32 %tB_2, i32 %tB_3, i32 %acc_1_loc" [mmult_baseline.cpp:34]   --->   Operation 124 'call' 'call_ln34' <Predicate = true> <Delay = 0.00> <CoreType = "Generic">   --->   Core 0 '' <Latency = 0> <II = 1> <Delay = 1.00> <Generic> <Opcode : >

State 13 <SV = 12> <Delay = 2.38>
ST_13 : Operation 125 [1/1] (0.00ns)   --->   "%speclooptripcount_ln33 = speclooptripcount void @_ssdm_op_SpecLoopTripCount, i64 16, i64 16, i64 16" [mmult_baseline.cpp:33]   --->   Operation 125 'speclooptripcount' 'speclooptripcount_ln33' <Predicate = true> <Delay = 0.00>
ST_13 : Operation 126 [1/1] (0.00ns)   --->   "%specloopname_ln33 = specloopname void @_ssdm_op_SpecLoopName, void @empty_14" [mmult_baseline.cpp:33]   --->   Operation 126 'specloopname' 'specloopname_ln33' <Predicate = true> <Delay = 0.00>
ST_13 : Operation 127 [1/1] (0.00ns)   --->   "%acc_1_loc_load = load i32 %acc_1_loc"   --->   Operation 127 'load' 'acc_1_loc_load' <Predicate = true> <Delay = 0.00>
ST_13 : Operation 128 [1/1] (1.03ns)   --->   "%switch_ln39 = switch i2 %trunc_ln33_1, void %arrayidx882.case.3, i2 0, void %arrayidx882.case.0, i2 1, void %arrayidx882.case.1, i2 2, void %arrayidx882.case.2" [mmult_baseline.cpp:39]   --->   Operation 128 'switch' 'switch_ln39' <Predicate = true> <Delay = 1.03>
ST_13 : Operation 129 [1/1] (1.35ns)   --->   "%store_ln39 = store i32 %acc_1_loc_load, i6 %tC_2_addr" [mmult_baseline.cpp:39]   --->   Operation 129 'store' 'store_ln39' <Predicate = (trunc_ln33_1 == 2)> <Delay = 1.35> <CoreInst = "RAM">   --->   Core 82 'RAM' <Latency = 1> <II = 1> <Delay = 1.35> <Storage> <Opcode : 'load' 'store'> <Ports = 2> <Width = 32> <Depth = 64> <RAM>
ST_13 : Operation 130 [1/1] (0.00ns)   --->   "%br_ln39 = br void %arrayidx882.exit" [mmult_baseline.cpp:39]   --->   Operation 130 'br' 'br_ln39' <Predicate = (trunc_ln33_1 == 2)> <Delay = 0.00>
ST_13 : Operation 131 [1/1] (1.35ns)   --->   "%store_ln39 = store i32 %acc_1_loc_load, i6 %tC_1_addr" [mmult_baseline.cpp:39]   --->   Operation 131 'store' 'store_ln39' <Predicate = (trunc_ln33_1 == 1)> <Delay = 1.35> <CoreInst = "RAM">   --->   Core 82 'RAM' <Latency = 1> <II = 1> <Delay = 1.35> <Storage> <Opcode : 'load' 'store'> <Ports = 2> <Width = 32> <Depth = 64> <RAM>
ST_13 : Operation 132 [1/1] (0.00ns)   --->   "%br_ln39 = br void %arrayidx882.exit" [mmult_baseline.cpp:39]   --->   Operation 132 'br' 'br_ln39' <Predicate = (trunc_ln33_1 == 1)> <Delay = 0.00>
ST_13 : Operation 133 [1/1] (1.35ns)   --->   "%store_ln39 = store i32 %acc_1_loc_load, i6 %tC_addr" [mmult_baseline.cpp:39]   --->   Operation 133 'store' 'store_ln39' <Predicate = (trunc_ln33_1 == 0)> <Delay = 1.35> <CoreInst = "RAM">   --->   Core 82 'RAM' <Latency = 1> <II = 1> <Delay = 1.35> <Storage> <Opcode : 'load' 'store'> <Ports = 2> <Width = 32> <Depth = 64> <RAM>
ST_13 : Operation 134 [1/1] (0.00ns)   --->   "%br_ln39 = br void %arrayidx882.exit" [mmult_baseline.cpp:39]   --->   Operation 134 'br' 'br_ln39' <Predicate = (trunc_ln33_1 == 0)> <Delay = 0.00>
ST_13 : Operation 135 [1/1] (1.35ns)   --->   "%store_ln39 = store i32 %acc_1_loc_load, i6 %tC_3_addr" [mmult_baseline.cpp:39]   --->   Operation 135 'store' 'store_ln39' <Predicate = (trunc_ln33_1 == 3)> <Delay = 1.35> <CoreInst = "RAM">   --->   Core 82 'RAM' <Latency = 1> <II = 1> <Delay = 1.35> <Storage> <Opcode : 'load' 'store'> <Ports = 2> <Width = 32> <Depth = 64> <RAM>
ST_13 : Operation 136 [1/1] (0.00ns)   --->   "%br_ln39 = br void %arrayidx882.exit" [mmult_baseline.cpp:39]   --->   Operation 136 'br' 'br_ln39' <Predicate = (trunc_ln33_1 == 3)> <Delay = 0.00>
ST_13 : Operation 137 [1/1] (0.00ns)   --->   "%br_ln33 = br void %comp_k" [mmult_baseline.cpp:33]   --->   Operation 137 'br' 'br_ln33' <Predicate = true> <Delay = 0.00>

State 14 <SV = 9> <Delay = 0.00>
ST_14 : Operation 138 [1/2] (0.00ns)   --->   "%call_ln19 = call void @mmult_hw_Pipeline_store_i_store_j, i32 %gmem, i32 %tC, i32 %tC_1, i32 %tC_2, i32 %tC_3, i32 %dim_read, i39 %tmp_3, i7 %shl_ln, i64 %out_r_read" [mmult_baseline.cpp:19]   --->   Operation 138 'call' 'call_ln19' <Predicate = true> <Delay = 0.00> <CoreType = "Generic">   --->   Core 0 '' <Latency = 0> <II = 1> <Delay = 1.00> <Generic> <Opcode : >
ST_14 : Operation 139 [1/1] (0.00ns)   --->   "%br_ln25 = br void %load_a" [mmult_baseline.cpp:25]   --->   Operation 139 'br' 'br_ln25' <Predicate = true> <Delay = 0.00>


============================================================
+ Verbose Summary: Binding
============================================================
STG Binding: 
---------------- STG Properties BEGIN ----------------
- Is combinational: 0
- Is one-state seq: 0
- Is datapath-only: 0
- Is pipelined: 0
- Is top level: 1
Port [ Return ] is wired: 1; IO mode=ap_ctrl_hs:ce=0
Port [ gmem]:  wired=1; compound=1; hidden=0; nouse=0; global=0; static=0; extern=0; dir=2; type=4; pingpong=0; private_global=0; IO mode=m_axi:ce=0
Port [ in1]:  wired=1; compound=0; hidden=0; nouse=0; global=0; static=0; extern=0; dir=0; type=0; pingpong=0; private_global=0; IO mode=ap_none:ce=0
Port [ in2]:  wired=1; compound=0; hidden=0; nouse=0; global=0; static=0; extern=0; dir=0; type=0; pingpong=0; private_global=0; IO mode=ap_none:ce=0
Port [ out_r]:  wired=1; compound=0; hidden=0; nouse=0; global=0; static=0; extern=0; dir=0; type=0; pingpong=0; private_global=0; IO mode=ap_none:ce=0
Port [ dim]:  wired=1; compound=0; hidden=0; nouse=0; global=0; static=0; extern=0; dir=0; type=0; pingpong=0; private_global=0; IO mode=ap_none:ce=0
---------------- STG Properties END ------------------

---------------- Datapath Model BEGIN ----------------

<LifeTime>
<method=bitvector/>
ti                     (alloca           ) [ 011111111111111]
dim_read               (read             ) [ 001111111111111]
out_r_read             (read             ) [ 001111111111111]
in2_read               (read             ) [ 001111111111111]
in1_read               (read             ) [ 001111111111111]
acc_1_loc              (alloca           ) [ 001111111111111]
spectopmodule_ln7      (spectopmodule    ) [ 000000000000000]
specinterface_ln0      (specinterface    ) [ 000000000000000]
specbitsmap_ln0        (specbitsmap      ) [ 000000000000000]
specinterface_ln0      (specinterface    ) [ 000000000000000]
specinterface_ln0      (specinterface    ) [ 000000000000000]
specinterface_ln0      (specinterface    ) [ 000000000000000]
specinterface_ln0      (specinterface    ) [ 000000000000000]
specinterface_ln0      (specinterface    ) [ 000000000000000]
specinterface_ln0      (specinterface    ) [ 000000000000000]
specbitsmap_ln0        (specbitsmap      ) [ 000000000000000]
specinterface_ln0      (specinterface    ) [ 000000000000000]
specinterface_ln0      (specinterface    ) [ 000000000000000]
specinterface_ln0      (specinterface    ) [ 000000000000000]
tA                     (alloca           ) [ 001111111111111]
tA_1                   (alloca           ) [ 001111111111111]
tA_2                   (alloca           ) [ 001111111111111]
tA_3                   (alloca           ) [ 001111111111111]
tB                     (alloca           ) [ 001111111111111]
tB_1                   (alloca           ) [ 001111111111111]
tB_2                   (alloca           ) [ 001111111111111]
tB_3                   (alloca           ) [ 001111111111111]
tC                     (alloca           ) [ 001111111111111]
tC_1                   (alloca           ) [ 001111111111111]
tC_2                   (alloca           ) [ 001111111111111]
tC_3                   (alloca           ) [ 001111111111111]
sext_ln19              (sext             ) [ 001111111111111]
store_ln19             (store            ) [ 000000000000000]
br_ln19                (br               ) [ 000000000000000]
ti_1                   (load             ) [ 000000000000000]
icmp_ln19              (icmp             ) [ 001111111111111]
add_ln19               (add              ) [ 000111111111111]
br_ln19                (br               ) [ 000000000000000]
speclooptripcount_ln19 (speclooptripcount) [ 000000000000000]
specloopname_ln19      (specloopname     ) [ 000000000000000]
empty                  (trunc            ) [ 000000000000000]
ti_cast_cast           (zext             ) [ 000000000000000]
empty_36               (mul              ) [ 000000000000000]
tmp_3                  (bitconcatenate   ) [ 000111111111111]
br_ln20                (br               ) [ 001111111111111]
ret_ln47               (ret              ) [ 000000000000000]
tj                     (phi              ) [ 000100000000000]
icmp_ln20              (icmp             ) [ 001111111111111]
add_ln20               (add              ) [ 001111111111111]
br_ln20                (br               ) [ 000000000000000]
trunc_ln21             (trunc            ) [ 000010000000000]
store_ln19             (store            ) [ 000000000000000]
br_ln19                (br               ) [ 000000000000000]
speclooptripcount_ln20 (speclooptripcount) [ 000000000000000]
specloopname_ln20      (specloopname     ) [ 000000000000000]
call_ln0               (call             ) [ 000000000000000]
shl_ln                 (bitconcatenate   ) [ 000001111111111]
br_ln25                (br               ) [ 001111111111111]
tk                     (phi              ) [ 000001000000000]
icmp_ln25              (icmp             ) [ 001111111111111]
add_ln25               (add              ) [ 001111111111111]
br_ln25                (br               ) [ 000000000000000]
empty_37               (trunc            ) [ 000000000000000]
tmp_7                  (bitconcatenate   ) [ 000000100000000]
tk_cast4_cast          (zext             ) [ 000000000000000]
empty_38               (mul              ) [ 000000110000000]
br_ln20                (br               ) [ 001111111111111]
call_ln19              (call             ) [ 000000000000000]
tmp_8                  (bitconcatenate   ) [ 000000001000000]
speclooptripcount_ln25 (speclooptripcount) [ 000000000000000]
specloopname_ln25      (specloopname     ) [ 000000000000000]
call_ln21              (call             ) [ 000000000000000]
br_ln32                (br               ) [ 001111111111111]
i                      (phi              ) [ 000000000100000]
icmp_ln32              (icmp             ) [ 001111111111111]
add_ln32               (add              ) [ 001111111111111]
br_ln32                (br               ) [ 000000000000000]
trunc_ln32             (trunc            ) [ 000000000011110]
speclooptripcount_ln32 (speclooptripcount) [ 000000000000000]
specloopname_ln32      (specloopname     ) [ 000000000000000]
br_ln33                (br               ) [ 001111111111111]
j                      (phi              ) [ 000000000011000]
icmp_ln33              (icmp             ) [ 001111111111111]
add_ln33               (add              ) [ 001111111111111]
br_ln33                (br               ) [ 000000000000000]
lshr_ln3               (partselect       ) [ 000000000000000]
tmp_s                  (bitconcatenate   ) [ 000000000000000]
zext_ln34              (zext             ) [ 000000000000000]
tC_addr                (getelementptr    ) [ 000000000001110]
tC_1_addr              (getelementptr    ) [ 000000000001110]
tC_2_addr              (getelementptr    ) [ 000000000001110]
tC_3_addr              (getelementptr    ) [ 000000000001110]
br_ln32                (br               ) [ 001111111111111]
trunc_ln33             (trunc            ) [ 000000000000100]
trunc_ln33_1           (trunc            ) [ 000000000000110]
tC_load                (load             ) [ 000000000000000]
tC_1_load              (load             ) [ 000000000000000]
tC_2_load              (load             ) [ 000000000000000]
tC_3_load              (load             ) [ 000000000000000]
acc                    (sparsemux        ) [ 000000000000100]
call_ln34              (call             ) [ 000000000000000]
speclooptripcount_ln33 (speclooptripcount) [ 000000000000000]
specloopname_ln33      (specloopname     ) [ 000000000000000]
acc_1_loc_load         (load             ) [ 000000000000000]
switch_ln39            (switch           ) [ 000000000000000]
store_ln39             (store            ) [ 000000000000000]
br_ln39                (br               ) [ 000000000000000]
store_ln39             (store            ) [ 000000000000000]
br_ln39                (br               ) [ 000000000000000]
store_ln39             (store            ) [ 000000000000000]
br_ln39                (br               ) [ 000000000000000]
store_ln39             (store            ) [ 000000000000000]
br_ln39                (br               ) [ 000000000000000]
br_ln33                (br               ) [ 001111111111111]
call_ln19              (call             ) [ 000000000000000]
br_ln25                (br               ) [ 001111111111111]
</LifeTime>

<model>

<comp_list>
<comp id="0" class="1000" name="gmem">
<pin_list>
<pin id="1" dir="1" index="0" bw="1" slack="0"/>
</pin_list>
<bind>
<StgValue><ssdm name="gmem"/></StgValue>
</bind>
</comp>

<comp id="2" class="1000" name="in1">
<pin_list>
<pin id="3" dir="1" index="0" bw="1" slack="0"/>
</pin_list>
<bind>
<StgValue><ssdm name="in1"/></StgValue>
</bind>
</comp>

<comp id="4" class="1000" name="in2">
<pin_list>
<pin id="5" dir="1" index="0" bw="1" slack="0"/>
</pin_list>
<bind>
<StgValue><ssdm name="in2"/></StgValue>
</bind>
</comp>

<comp id="6" class="1000" name="out_r">
<pin_list>
<pin id="7" dir="1" index="0" bw="1" slack="0"/>
</pin_list>
<bind>
<StgValue><ssdm name="out_r"/></StgValue>
</bind>
</comp>

<comp id="8" class="1000" name="dim">
<pin_list>
<pin id="9" dir="1" index="0" bw="1" slack="0"/>
</pin_list>
<bind>
<StgValue><ssdm name="dim"/></StgValue>
</bind>
</comp>

<comp id="10" class="1001" name="const_10">
<pin_list>
<pin id="11" dir="1" index="0" bw="1" slack="0"/>
</pin_list>
<bind>
<StgValue><ssdm name=""/></StgValue>
</bind>
</comp>

<comp id="12" class="1001" name="const_12">
<pin_list>
<pin id="13" dir="1" index="0" bw="1" slack="0"/>
</pin_list>
<bind>
<StgValue><ssdm name="_ssdm_op_Read.s_axilite.i32"/></StgValue>
</bind>
</comp>

<comp id="14" class="1001" name="const_14">
<pin_list>
<pin id="15" dir="1" index="0" bw="1" slack="0"/>
</pin_list>
<bind>
<StgValue><ssdm name="_ssdm_op_Read.s_axilite.i64"/></StgValue>
</bind>
</comp>

<comp id="16" class="1001" name="const_16">
<pin_list>
<pin id="17" dir="1" index="0" bw="1" slack="0"/>
</pin_list>
<bind>
<StgValue><ssdm name=""/></StgValue>
</bind>
</comp>

<comp id="18" class="1001" name="const_18">
<pin_list>
<pin id="19" dir="1" index="0" bw="1" slack="2147483647"/>
</pin_list>
<bind>
<StgValue><ssdm name="_ssdm_op_SpecTopModule"/></StgValue>
</bind>
</comp>

<comp id="20" class="1001" name="const_20">
<pin_list>
<pin id="21" dir="1" index="0" bw="1" slack="2147483647"/>
</pin_list>
<bind>
<StgValue><ssdm name="empty_12"/></StgValue>
</bind>
</comp>

<comp id="22" class="1001" name="const_22">
<pin_list>
<pin id="23" dir="1" index="0" bw="1" slack="2147483647"/>
</pin_list>
<bind>
<StgValue><ssdm name="_ssdm_op_SpecInterface"/></StgValue>
</bind>
</comp>

<comp id="24" class="1001" name="const_24">
<pin_list>
<pin id="25" dir="1" index="0" bw="1" slack="2147483647"/>
</pin_list>
<bind>
<StgValue><ssdm name="empty"/></StgValue>
</bind>
</comp>

<comp id="26" class="1001" name="const_26">
<pin_list>
<pin id="27" dir="1" index="0" bw="1" slack="2147483647"/>
</pin_list>
<bind>
<StgValue><ssdm name=""/></StgValue>
</bind>
</comp>

<comp id="28" class="1001" name="const_28">
<pin_list>
<pin id="29" dir="1" index="0" bw="1" slack="2147483647"/>
</pin_list>
<bind>
<StgValue><ssdm name="empty_0"/></StgValue>
</bind>
</comp>

<comp id="30" class="1001" name="const_30">
<pin_list>
<pin id="31" dir="1" index="0" bw="1" slack="2147483647"/>
</pin_list>
<bind>
<StgValue><ssdm name=""/></StgValue>
</bind>
</comp>

<comp id="32" class="1001" name="const_32">
<pin_list>
<pin id="33" dir="1" index="0" bw="1" slack="2147483647"/>
</pin_list>
<bind>
<StgValue><ssdm name="empty_1"/></StgValue>
</bind>
</comp>

<comp id="34" class="1001" name="const_34">
<pin_list>
<pin id="35" dir="1" index="0" bw="1" slack="2147483647"/>
</pin_list>
<bind>
<StgValue><ssdm name="empty_2"/></StgValue>
</bind>
</comp>

<comp id="36" class="1001" name="const_36">
<pin_list>
<pin id="37" dir="1" index="0" bw="1" slack="2147483647"/>
</pin_list>
<bind>
<StgValue><ssdm name=""/></StgValue>
</bind>
</comp>

<comp id="38" class="1001" name="const_38">
<pin_list>
<pin id="39" dir="1" index="0" bw="1" slack="2147483647"/>
</pin_list>
<bind>
<StgValue><ssdm name=""/></StgValue>
</bind>
</comp>

<comp id="40" class="1001" name="const_40">
<pin_list>
<pin id="41" dir="1" index="0" bw="1" slack="2147483647"/>
</pin_list>
<bind>
<StgValue><ssdm name="_ssdm_op_SpecBitsMap"/></StgValue>
</bind>
</comp>

<comp id="42" class="1001" name="const_42">
<pin_list>
<pin id="43" dir="1" index="0" bw="1" slack="2147483647"/>
</pin_list>
<bind>
<StgValue><ssdm name="empty_3"/></StgValue>
</bind>
</comp>

<comp id="44" class="1001" name="const_44">
<pin_list>
<pin id="45" dir="1" index="0" bw="1" slack="2147483647"/>
</pin_list>
<bind>
<StgValue><ssdm name="empty_4"/></StgValue>
</bind>
</comp>

<comp id="46" class="1001" name="const_46">
<pin_list>
<pin id="47" dir="1" index="0" bw="1" slack="2147483647"/>
</pin_list>
<bind>
<StgValue><ssdm name="empty_5"/></StgValue>
</bind>
</comp>

<comp id="48" class="1001" name="const_48">
<pin_list>
<pin id="49" dir="1" index="0" bw="1" slack="2147483647"/>
</pin_list>
<bind>
<StgValue><ssdm name="empty_6"/></StgValue>
</bind>
</comp>

<comp id="50" class="1001" name="const_50">
<pin_list>
<pin id="51" dir="1" index="0" bw="1" slack="2147483647"/>
</pin_list>
<bind>
<StgValue><ssdm name="empty_7"/></StgValue>
</bind>
</comp>

<comp id="52" class="1001" name="const_52">
<pin_list>
<pin id="53" dir="1" index="0" bw="1" slack="2147483647"/>
</pin_list>
<bind>
<StgValue><ssdm name="empty_8"/></StgValue>
</bind>
</comp>

<comp id="54" class="1001" name="const_54">
<pin_list>
<pin id="55" dir="1" index="0" bw="1" slack="2147483647"/>
</pin_list>
<bind>
<StgValue><ssdm name="empty_9"/></StgValue>
</bind>
</comp>

<comp id="56" class="1001" name="const_56">
<pin_list>
<pin id="57" dir="1" index="0" bw="1" slack="2147483647"/>
</pin_list>
<bind>
<StgValue><ssdm name="empty_10"/></StgValue>
</bind>
</comp>

<comp id="58" class="1001" name="const_58">
<pin_list>
<pin id="59" dir="1" index="0" bw="1" slack="2147483647"/>
</pin_list>
<bind>
<StgValue><ssdm name="empty_11"/></StgValue>
</bind>
</comp>

<comp id="60" class="1001" name="const_60">
<pin_list>
<pin id="61" dir="1" index="0" bw="1" slack="0"/>
</pin_list>
<bind>
<StgValue><ssdm name=""/></StgValue>
</bind>
</comp>

<comp id="62" class="1001" name="const_62">
<pin_list>
<pin id="63" dir="1" index="0" bw="1" slack="0"/>
</pin_list>
<bind>
<StgValue><ssdm name=""/></StgValue>
</bind>
</comp>

<comp id="64" class="1001" name="const_64">
<pin_list>
<pin id="65" dir="1" index="0" bw="1" slack="0"/>
</pin_list>
<bind>
<StgValue><ssdm name=""/></StgValue>
</bind>
</comp>

<comp id="66" class="1001" name="const_66">
<pin_list>
<pin id="67" dir="1" index="0" bw="1" slack="2147483647"/>
</pin_list>
<bind>
<StgValue><ssdm name="_ssdm_op_SpecLoopTripCount"/></StgValue>
</bind>
</comp>

<comp id="68" class="1001" name="const_68">
<pin_list>
<pin id="69" dir="1" index="0" bw="1" slack="2147483647"/>
</pin_list>
<bind>
<StgValue><ssdm name=""/></StgValue>
</bind>
</comp>

<comp id="70" class="1001" name="const_70">
<pin_list>
<pin id="71" dir="1" index="0" bw="1" slack="2147483647"/>
</pin_list>
<bind>
<StgValue><ssdm name="_ssdm_op_SpecLoopName"/></StgValue>
</bind>
</comp>

<comp id="72" class="1001" name="const_72">
<pin_list>
<pin id="73" dir="1" index="0" bw="1" slack="2147483647"/>
</pin_list>
<bind>
<StgValue><ssdm name="empty_18"/></StgValue>
</bind>
</comp>

<comp id="74" class="1001" name="const_74">
<pin_list>
<pin id="75" dir="1" index="0" bw="1" slack="0"/>
</pin_list>
<bind>
<StgValue><ssdm name="_ssdm_op_BitConcatenate.i39.i35.i4"/></StgValue>
</bind>
</comp>

<comp id="76" class="1001" name="const_76">
<pin_list>
<pin id="77" dir="1" index="0" bw="1" slack="0"/>
</pin_list>
<bind>
<StgValue><ssdm name="mmult_hw_Pipeline_init_i_init_j"/></StgValue>
</bind>
</comp>

<comp id="78" class="1001" name="const_78">
<pin_list>
<pin id="79" dir="1" index="0" bw="1" slack="2147483647"/>
</pin_list>
<bind>
<StgValue><ssdm name="empty_17"/></StgValue>
</bind>
</comp>

<comp id="80" class="1001" name="const_80">
<pin_list>
<pin id="81" dir="1" index="0" bw="1" slack="0"/>
</pin_list>
<bind>
<StgValue><ssdm name="_ssdm_op_BitConcatenate.i7.i3.i4"/></StgValue>
</bind>
</comp>

<comp id="82" class="1001" name="const_82">
<pin_list>
<pin id="83" dir="1" index="0" bw="1" slack="0"/>
</pin_list>
<bind>
<StgValue><ssdm name="mmult_hw_Pipeline_load_a_VITIS_LOOP_27_1"/></StgValue>
</bind>
</comp>

<comp id="84" class="1001" name="const_84">
<pin_list>
<pin id="85" dir="1" index="0" bw="1" slack="0"/>
</pin_list>
<bind>
<StgValue><ssdm name="mmult_hw_Pipeline_load_b_VITIS_LOOP_30_2"/></StgValue>
</bind>
</comp>

<comp id="86" class="1001" name="const_86">
<pin_list>
<pin id="87" dir="1" index="0" bw="1" slack="2147483647"/>
</pin_list>
<bind>
<StgValue><ssdm name="empty_16"/></StgValue>
</bind>
</comp>

<comp id="88" class="1001" name="const_88">
<pin_list>
<pin id="89" dir="1" index="0" bw="1" slack="1"/>
</pin_list>
<bind>
<StgValue><ssdm name=""/></StgValue>
</bind>
</comp>

<comp id="90" class="1001" name="const_90">
<pin_list>
<pin id="91" dir="1" index="0" bw="1" slack="0"/>
</pin_list>
<bind>
<StgValue><ssdm name=""/></StgValue>
</bind>
</comp>

<comp id="92" class="1001" name="const_92">
<pin_list>
<pin id="93" dir="1" index="0" bw="1" slack="0"/>
</pin_list>
<bind>
<StgValue><ssdm name=""/></StgValue>
</bind>
</comp>

<comp id="94" class="1001" name="const_94">
<pin_list>
<pin id="95" dir="1" index="0" bw="1" slack="2147483647"/>
</pin_list>
<bind>
<StgValue><ssdm name=""/></StgValue>
</bind>
</comp>

<comp id="96" class="1001" name="const_96">
<pin_list>
<pin id="97" dir="1" index="0" bw="1" slack="2147483647"/>
</pin_list>
<bind>
<StgValue><ssdm name="empty_15"/></StgValue>
</bind>
</comp>

<comp id="98" class="1001" name="const_98">
<pin_list>
<pin id="99" dir="1" index="0" bw="1" slack="0"/>
</pin_list>
<bind>
<StgValue><ssdm name="mmult_hw_Pipeline_store_i_store_j"/></StgValue>
</bind>
</comp>

<comp id="100" class="1001" name="const_100">
<pin_list>
<pin id="101" dir="1" index="0" bw="1" slack="0"/>
</pin_list>
<bind>
<StgValue><ssdm name="_ssdm_op_PartSelect.i2.i5.i32.i32"/></StgValue>
</bind>
</comp>

<comp id="102" class="1001" name="const_102">
<pin_list>
<pin id="103" dir="1" index="0" bw="1" slack="0"/>
</pin_list>
<bind>
<StgValue><ssdm name=""/></StgValue>
</bind>
</comp>

<comp id="104" class="1001" name="const_104">
<pin_list>
<pin id="105" dir="1" index="0" bw="1" slack="0"/>
</pin_list>
<bind>
<StgValue><ssdm name=""/></StgValue>
</bind>
</comp>

<comp id="106" class="1001" name="const_106">
<pin_list>
<pin id="107" dir="1" index="0" bw="1" slack="0"/>
</pin_list>
<bind>
<StgValue><ssdm name="_ssdm_op_BitConcatenate.i6.i4.i2"/></StgValue>
</bind>
</comp>

<comp id="108" class="1001" name="const_108">
<pin_list>
<pin id="109" dir="1" index="0" bw="1" slack="0"/>
</pin_list>
<bind>
<StgValue><ssdm name=""/></StgValue>
</bind>
</comp>

<comp id="110" class="1001" name="const_110">
<pin_list>
<pin id="111" dir="1" index="0" bw="1" slack="0"/>
</pin_list>
<bind>
<StgValue><ssdm name="_ssdm_op_SparseMux.ap_auto.4i32.i32.i2"/></StgValue>
</bind>
</comp>

<comp id="112" class="1001" name="const_112">
<pin_list>
<pin id="113" dir="1" index="0" bw="1" slack="0"/>
</pin_list>
<bind>
<StgValue><ssdm name=""/></StgValue>
</bind>
</comp>

<comp id="114" class="1001" name="const_114">
<pin_list>
<pin id="115" dir="1" index="0" bw="1" slack="0"/>
</pin_list>
<bind>
<StgValue><ssdm name=""/></StgValue>
</bind>
</comp>

<comp id="116" class="1001" name="const_116">
<pin_list>
<pin id="117" dir="1" index="0" bw="1" slack="0"/>
</pin_list>
<bind>
<StgValue><ssdm name=""/></StgValue>
</bind>
</comp>

<comp id="118" class="1001" name="const_118">
<pin_list>
<pin id="119" dir="1" index="0" bw="1" slack="0"/>
</pin_list>
<bind>
<StgValue><ssdm name=""/></StgValue>
</bind>
</comp>

<comp id="120" class="1001" name="const_120">
<pin_list>
<pin id="121" dir="1" index="0" bw="1" slack="0"/>
</pin_list>
<bind>
<StgValue><ssdm name=""/></StgValue>
</bind>
</comp>

<comp id="122" class="1001" name="const_122">
<pin_list>
<pin id="123" dir="1" index="0" bw="1" slack="0"/>
</pin_list>
<bind>
<StgValue><ssdm name="mmult_hw_Pipeline_comp_k"/></StgValue>
</bind>
</comp>

<comp id="124" class="1001" name="const_124">
<pin_list>
<pin id="125" dir="1" index="0" bw="1" slack="2147483647"/>
</pin_list>
<bind>
<StgValue><ssdm name="empty_14"/></StgValue>
</bind>
</comp>

<comp id="126" class="1004" name="ti_fu_126">
<pin_list>
<pin id="127" dir="0" index="0" bw="1" slack="0"/>
<pin id="128" dir="1" index="1" bw="4" slack="0"/>
</pin_list>
<bind>
<opcode="alloca(26) " fcode="alloca"/>
<opset="ti/1 "/>
</bind>
</comp>

<comp id="130" class="1004" name="acc_1_loc_fu_130">
<pin_list>
<pin id="131" dir="0" index="0" bw="1" slack="0"/>
<pin id="132" dir="1" index="1" bw="32" slack="10"/>
</pin_list>
<bind>
<opcode="alloca(26) " fcode="alloca"/>
<opset="acc_1_loc/1 "/>
</bind>
</comp>

<comp id="134" class="1004" name="tA_alloca_fu_134">
<pin_list>
<pin id="135" dir="0" index="0" bw="1" slack="0"/>
<pin id="136" dir="1" index="1" bw="32" slack="2147483647"/>
</pin_list>
<bind>
<opcode="alloca(26) " fcode="alloca"/>
<opset="tA/1 "/>
</bind>
</comp>

<comp id="138" class="1004" name="tA_1_alloca_fu_138">
<pin_list>
<pin id="139" dir="0" index="0" bw="1" slack="0"/>
<pin id="140" dir="1" index="1" bw="32" slack="2147483647"/>
</pin_list>
<bind>
<opcode="alloca(26) " fcode="alloca"/>
<opset="tA_1/1 "/>
</bind>
</comp>

<comp id="142" class="1004" name="tA_2_alloca_fu_142">
<pin_list>
<pin id="143" dir="0" index="0" bw="1" slack="0"/>
<pin id="144" dir="1" index="1" bw="32" slack="2147483647"/>
</pin_list>
<bind>
<opcode="alloca(26) " fcode="alloca"/>
<opset="tA_2/1 "/>
</bind>
</comp>

<comp id="146" class="1004" name="tA_3_alloca_fu_146">
<pin_list>
<pin id="147" dir="0" index="0" bw="1" slack="0"/>
<pin id="148" dir="1" index="1" bw="32" slack="2147483647"/>
</pin_list>
<bind>
<opcode="alloca(26) " fcode="alloca"/>
<opset="tA_3/1 "/>
</bind>
</comp>

<comp id="150" class="1004" name="tB_alloca_fu_150">
<pin_list>
<pin id="151" dir="0" index="0" bw="1" slack="0"/>
<pin id="152" dir="1" index="1" bw="32" slack="2147483647"/>
</pin_list>
<bind>
<opcode="alloca(26) " fcode="alloca"/>
<opset="tB/1 "/>
</bind>
</comp>

<comp id="154" class="1004" name="tB_1_alloca_fu_154">
<pin_list>
<pin id="155" dir="0" index="0" bw="1" slack="0"/>
<pin id="156" dir="1" index="1" bw="32" slack="2147483647"/>
</pin_list>
<bind>
<opcode="alloca(26) " fcode="alloca"/>
<opset="tB_1/1 "/>
</bind>
</comp>

<comp id="158" class="1004" name="tB_2_alloca_fu_158">
<pin_list>
<pin id="159" dir="0" index="0" bw="1" slack="0"/>
<pin id="160" dir="1" index="1" bw="32" slack="2147483647"/>
</pin_list>
<bind>
<opcode="alloca(26) " fcode="alloca"/>
<opset="tB_2/1 "/>
</bind>
</comp>

<comp id="162" class="1004" name="tB_3_alloca_fu_162">
<pin_list>
<pin id="163" dir="0" index="0" bw="1" slack="0"/>
<pin id="164" dir="1" index="1" bw="32" slack="2147483647"/>
</pin_list>
<bind>
<opcode="alloca(26) " fcode="alloca"/>
<opset="tB_3/1 "/>
</bind>
</comp>

<comp id="166" class="1004" name="tC_alloca_fu_166">
<pin_list>
<pin id="167" dir="0" index="0" bw="1" slack="0"/>
<pin id="168" dir="1" index="1" bw="32" slack="2147483647"/>
</pin_list>
<bind>
<opcode="alloca(26) " fcode="alloca"/>
<opset="tC/1 "/>
</bind>
</comp>

<comp id="170" class="1004" name="tC_1_alloca_fu_170">
<pin_list>
<pin id="171" dir="0" index="0" bw="1" slack="0"/>
<pin id="172" dir="1" index="1" bw="32" slack="2147483647"/>
</pin_list>
<bind>
<opcode="alloca(26) " fcode="alloca"/>
<opset="tC_1/1 "/>
</bind>
</comp>

<comp id="174" class="1004" name="tC_2_alloca_fu_174">
<pin_list>
<pin id="175" dir="0" index="0" bw="1" slack="0"/>
<pin id="176" dir="1" index="1" bw="32" slack="2147483647"/>
</pin_list>
<bind>
<opcode="alloca(26) " fcode="alloca"/>
<opset="tC_2/1 "/>
</bind>
</comp>

<comp id="178" class="1004" name="tC_3_alloca_fu_178">
<pin_list>
<pin id="179" dir="0" index="0" bw="1" slack="0"/>
<pin id="180" dir="1" index="1" bw="32" slack="2147483647"/>
</pin_list>
<bind>
<opcode="alloca(26) " fcode="alloca"/>
<opset="tC_3/1 "/>
</bind>
</comp>

<comp id="182" class="1004" name="dim_read_read_fu_182">
<pin_list>
<pin id="183" dir="0" index="0" bw="32" slack="0"/>
<pin id="184" dir="0" index="1" bw="32" slack="0"/>
<pin id="185" dir="1" index="2" bw="32" slack="0"/>
</pin_list>
<bind>
<opcode="read(1150) " fcode="read"/>
<opset="dim_read/1 "/>
</bind>
</comp>

<comp id="188" class="1004" name="out_r_read_read_fu_188">
<pin_list>
<pin id="189" dir="0" index="0" bw="64" slack="0"/>
<pin id="190" dir="0" index="1" bw="64" slack="0"/>
<pin id="191" dir="1" index="2" bw="64" slack="8"/>
</pin_list>
<bind>
<opcode="read(1150) " fcode="read"/>
<opset="out_r_read/1 "/>
</bind>
</comp>

<comp id="194" class="1004" name="in2_read_read_fu_194">
<pin_list>
<pin id="195" dir="0" index="0" bw="64" slack="0"/>
<pin id="196" dir="0" index="1" bw="64" slack="0"/>
<pin id="197" dir="1" index="2" bw="64" slack="6"/>
</pin_list>
<bind>
<opcode="read(1150) " fcode="read"/>
<opset="in2_read/1 "/>
</bind>
</comp>

<comp id="200" class="1004" name="in1_read_read_fu_200">
<pin_list>
<pin id="201" dir="0" index="0" bw="64" slack="0"/>
<pin id="202" dir="0" index="1" bw="64" slack="0"/>
<pin id="203" dir="1" index="2" bw="64" slack="4"/>
</pin_list>
<bind>
<opcode="read(1150) " fcode="read"/>
<opset="in1_read/1 "/>
</bind>
</comp>

<comp id="206" class="1004" name="tC_addr_gep_fu_206">
<pin_list>
<pin id="207" dir="0" index="0" bw="32" slack="2147483647"/>
<pin id="208" dir="0" index="1" bw="1" slack="0"/>
<pin id="209" dir="0" index="2" bw="6" slack="0"/>
<pin id="210" dir="1" index="3" bw="6" slack="0"/>
</pin_list>
<bind>
<opcode="getelementptr(29) " fcode="getelementptr"/>
<opset="tC_addr/10 "/>
</bind>
</comp>

<comp id="212" class="1004" name="tC_1_addr_gep_fu_212">
<pin_list>
<pin id="213" dir="0" index="0" bw="32" slack="2147483647"/>
<pin id="214" dir="0" index="1" bw="1" slack="0"/>
<pin id="215" dir="0" index="2" bw="6" slack="0"/>
<pin id="216" dir="1" index="3" bw="6" slack="0"/>
</pin_list>
<bind>
<opcode="getelementptr(29) " fcode="getelementptr"/>
<opset="tC_1_addr/10 "/>
</bind>
</comp>

<comp id="218" class="1004" name="tC_2_addr_gep_fu_218">
<pin_list>
<pin id="219" dir="0" index="0" bw="32" slack="2147483647"/>
<pin id="220" dir="0" index="1" bw="1" slack="0"/>
<pin id="221" dir="0" index="2" bw="6" slack="0"/>
<pin id="222" dir="1" index="3" bw="6" slack="0"/>
</pin_list>
<bind>
<opcode="getelementptr(29) " fcode="getelementptr"/>
<opset="tC_2_addr/10 "/>
</bind>
</comp>

<comp id="224" class="1004" name="tC_3_addr_gep_fu_224">
<pin_list>
<pin id="225" dir="0" index="0" bw="32" slack="2147483647"/>
<pin id="226" dir="0" index="1" bw="1" slack="0"/>
<pin id="227" dir="0" index="2" bw="6" slack="0"/>
<pin id="228" dir="1" index="3" bw="6" slack="0"/>
</pin_list>
<bind>
<opcode="getelementptr(29) " fcode="getelementptr"/>
<opset="tC_3_addr/10 "/>
</bind>
</comp>

<comp id="230" class="1004" name="grp_access_fu_230">
<pin_list>
<pin id="231" dir="0" index="0" bw="6" slack="0"/>
<pin id="232" dir="0" index="1" bw="32" slack="0"/>
<pin id="233" dir="0" index="2" bw="0" slack="2147483647"/>
<pin id="234" dir="1" index="3" bw="32" slack="0"/>
</pin_list>
<bind>
<opcode="load(27) store(28) " fcode="store"/>
<opset="tC_load/10 store_ln39/13 "/>
</bind>
</comp>

<comp id="236" class="1004" name="grp_access_fu_236">
<pin_list>
<pin id="237" dir="0" index="0" bw="6" slack="0"/>
<pin id="238" dir="0" index="1" bw="32" slack="0"/>
<pin id="239" dir="0" index="2" bw="0" slack="2147483647"/>
<pin id="240" dir="1" index="3" bw="32" slack="0"/>
</pin_list>
<bind>
<opcode="load(27) store(28) " fcode="store"/>
<opset="tC_1_load/10 store_ln39/13 "/>
</bind>
</comp>

<comp id="242" class="1004" name="grp_access_fu_242">
<pin_list>
<pin id="243" dir="0" index="0" bw="6" slack="0"/>
<pin id="244" dir="0" index="1" bw="32" slack="0"/>
<pin id="245" dir="0" index="2" bw="0" slack="2147483647"/>
<pin id="246" dir="1" index="3" bw="32" slack="0"/>
</pin_list>
<bind>
<opcode="load(27) store(28) " fcode="store"/>
<opset="tC_2_load/10 store_ln39/13 "/>
</bind>
</comp>

<comp id="248" class="1004" name="grp_access_fu_248">
<pin_list>
<pin id="249" dir="0" index="0" bw="6" slack="0"/>
<pin id="250" dir="0" index="1" bw="32" slack="0"/>
<pin id="251" dir="0" index="2" bw="0" slack="2147483647"/>
<pin id="252" dir="1" index="3" bw="32" slack="0"/>
</pin_list>
<bind>
<opcode="load(27) store(28) " fcode="store"/>
<opset="tC_3_load/10 store_ln39/13 "/>
</bind>
</comp>

<comp id="254" class="1005" name="tj_reg_254">
<pin_list>
<pin id="255" dir="0" index="0" bw="4" slack="1"/>
<pin id="256" dir="1" index="1" bw="4" slack="1"/>
</pin_list>
<bind>
<opset="tj (phireg) "/>
</bind>
</comp>

<comp id="258" class="1004" name="tj_phi_fu_258">
<pin_list>
<pin id="259" dir="0" index="0" bw="1" slack="1"/>
<pin id="260" dir="0" index="1" bw="0" slack="2147483647"/>
<pin id="261" dir="0" index="2" bw="4" slack="0"/>
<pin id="262" dir="0" index="3" bw="0" slack="2147483647"/>
<pin id="263" dir="1" index="4" bw="4" slack="0"/>
</pin_list>
<bind>
<opcode="phi(47) " fcode="phi"/>
<opset="tj/3 "/>
</bind>
</comp>

<comp id="265" class="1005" name="tk_reg_265">
<pin_list>
<pin id="266" dir="0" index="0" bw="4" slack="1"/>
<pin id="267" dir="1" index="1" bw="4" slack="1"/>
</pin_list>
<bind>
<opset="tk (phireg) "/>
</bind>
</comp>

<comp id="269" class="1004" name="tk_phi_fu_269">
<pin_list>
<pin id="270" dir="0" index="0" bw="1" slack="1"/>
<pin id="271" dir="0" index="1" bw="0" slack="2147483647"/>
<pin id="272" dir="0" index="2" bw="4" slack="0"/>
<pin id="273" dir="0" index="3" bw="0" slack="2147483647"/>
<pin id="274" dir="1" index="4" bw="4" slack="0"/>
</pin_list>
<bind>
<opcode="phi(47) " fcode="phi"/>
<opset="tk/5 "/>
</bind>
</comp>

<comp id="276" class="1005" name="i_reg_276">
<pin_list>
<pin id="277" dir="0" index="0" bw="5" slack="1"/>
<pin id="278" dir="1" index="1" bw="5" slack="1"/>
</pin_list>
<bind>
<opset="i (phireg) "/>
</bind>
</comp>

<comp id="280" class="1004" name="i_phi_fu_280">
<pin_list>
<pin id="281" dir="0" index="0" bw="5" slack="0"/>
<pin id="282" dir="0" index="1" bw="0" slack="2147483647"/>
<pin id="283" dir="0" index="2" bw="1" slack="1"/>
<pin id="284" dir="0" index="3" bw="0" slack="2147483647"/>
<pin id="285" dir="1" index="4" bw="5" slack="0"/>
</pin_list>
<bind>
<opcode="phi(47) " fcode="phi"/>
<opset="i/9 "/>
</bind>
</comp>

<comp id="287" class="1005" name="j_reg_287">
<pin_list>
<pin id="288" dir="0" index="0" bw="5" slack="1"/>
<pin id="289" dir="1" index="1" bw="5" slack="1"/>
</pin_list>
<bind>
<opset="j (phireg) "/>
</bind>
</comp>

<comp id="291" class="1004" name="j_phi_fu_291">
<pin_list>
<pin id="292" dir="0" index="0" bw="1" slack="1"/>
<pin id="293" dir="0" index="1" bw="0" slack="2147483647"/>
<pin id="294" dir="0" index="2" bw="5" slack="0"/>
<pin id="295" dir="0" index="3" bw="0" slack="2147483647"/>
<pin id="296" dir="1" index="4" bw="5" slack="0"/>
</pin_list>
<bind>
<opcode="phi(47) " fcode="phi"/>
<opset="j/10 "/>
</bind>
</comp>

<comp id="299" class="1004" name="grp_mmult_hw_Pipeline_init_i_init_j_fu_299">
<pin_list>
<pin id="300" dir="0" index="0" bw="0" slack="0"/>
<pin id="301" dir="0" index="1" bw="32" slack="2147483647"/>
<pin id="302" dir="0" index="2" bw="32" slack="2147483647"/>
<pin id="303" dir="0" index="3" bw="32" slack="2147483647"/>
<pin id="304" dir="0" index="4" bw="32" slack="2147483647"/>
<pin id="305" dir="1" index="5" bw="0" slack="2147483647"/>
</pin_list>
<bind>
<opcode="call(48) " fcode="call"/>
<opset="call_ln0/3 "/>
</bind>
</comp>

<comp id="307" class="1004" name="grp_mmult_hw_Pipeline_load_a_VITIS_LOOP_27_1_fu_307">
<pin_list>
<pin id="308" dir="0" index="0" bw="0" slack="0"/>
<pin id="309" dir="0" index="1" bw="32" slack="0"/>
<pin id="310" dir="0" index="2" bw="32" slack="2147483647"/>
<pin id="311" dir="0" index="3" bw="32" slack="2147483647"/>
<pin id="312" dir="0" index="4" bw="32" slack="2147483647"/>
<pin id="313" dir="0" index="5" bw="32" slack="2147483647"/>
<pin id="314" dir="0" index="6" bw="32" slack="4"/>
<pin id="315" dir="0" index="7" bw="39" slack="3"/>
<pin id="316" dir="0" index="8" bw="7" slack="0"/>
<pin id="317" dir="0" index="9" bw="64" slack="4"/>
<pin id="318" dir="1" index="10" bw="0" slack="2147483647"/>
</pin_list>
<bind>
<opcode="call(48) " fcode="call"/>
<opset="call_ln19/5 "/>
</bind>
</comp>

<comp id="321" class="1004" name="grp_mmult_hw_Pipeline_load_b_VITIS_LOOP_30_2_fu_321">
<pin_list>
<pin id="322" dir="0" index="0" bw="0" slack="0"/>
<pin id="323" dir="0" index="1" bw="32" slack="0"/>
<pin id="324" dir="0" index="2" bw="32" slack="2147483647"/>
<pin id="325" dir="0" index="3" bw="32" slack="2147483647"/>
<pin id="326" dir="0" index="4" bw="32" slack="2147483647"/>
<pin id="327" dir="0" index="5" bw="32" slack="2147483647"/>
<pin id="328" dir="0" index="6" bw="32" slack="6"/>
<pin id="329" dir="0" index="7" bw="7" slack="3"/>
<pin id="330" dir="0" index="8" bw="39" slack="0"/>
<pin id="331" dir="0" index="9" bw="64" slack="6"/>
<pin id="332" dir="1" index="10" bw="0" slack="2147483647"/>
</pin_list>
<bind>
<opcode="call(48) " fcode="call"/>
<opset="call_ln21/7 "/>
</bind>
</comp>

<comp id="335" class="1004" name="grp_mmult_hw_Pipeline_store_i_store_j_fu_335">
<pin_list>
<pin id="336" dir="0" index="0" bw="0" slack="0"/>
<pin id="337" dir="0" index="1" bw="32" slack="0"/>
<pin id="338" dir="0" index="2" bw="32" slack="2147483647"/>
<pin id="339" dir="0" index="3" bw="32" slack="2147483647"/>
<pin id="340" dir="0" index="4" bw="32" slack="2147483647"/>
<pin id="341" dir="0" index="5" bw="32" slack="2147483647"/>
<pin id="342" dir="0" index="6" bw="32" slack="8"/>
<pin id="343" dir="0" index="7" bw="39" slack="7"/>
<pin id="344" dir="0" index="8" bw="7" slack="5"/>
<pin id="345" dir="0" index="9" bw="64" slack="8"/>
<pin id="346" dir="1" index="10" bw="0" slack="2147483647"/>
</pin_list>
<bind>
<opcode="call(48) " fcode="call"/>
<opset="call_ln19/9 "/>
</bind>
</comp>

<comp id="349" class="1004" name="grp_mmult_hw_Pipeline_comp_k_fu_349">
<pin_list>
<pin id="350" dir="0" index="0" bw="0" slack="0"/>
<pin id="351" dir="0" index="1" bw="32" slack="0"/>
<pin id="352" dir="0" index="2" bw="4" slack="2"/>
<pin id="353" dir="0" index="3" bw="32" slack="2147483647"/>
<pin id="354" dir="0" index="4" bw="32" slack="2147483647"/>
<pin id="355" dir="0" index="5" bw="32" slack="2147483647"/>
<pin id="356" dir="0" index="6" bw="32" slack="2147483647"/>
<pin id="357" dir="0" index="7" bw="4" slack="0"/>
<pin id="358" dir="0" index="8" bw="32" slack="2147483647"/>
<pin id="359" dir="0" index="9" bw="32" slack="2147483647"/>
<pin id="360" dir="0" index="10" bw="32" slack="2147483647"/>
<pin id="361" dir="0" index="11" bw="32" slack="2147483647"/>
<pin id="362" dir="0" index="12" bw="32" slack="10"/>
<pin id="363" dir="1" index="13" bw="0" slack="2147483647"/>
</pin_list>
<bind>
<opcode="call(48) " fcode="call"/>
<opset="call_ln34/11 "/>
</bind>
</comp>

<comp id="365" class="1004" name="sext_ln19_fu_365">
<pin_list>
<pin id="366" dir="0" index="0" bw="32" slack="0"/>
<pin id="367" dir="1" index="1" bw="35" slack="1"/>
</pin_list>
<bind>
<opcode="sext(35) " fcode="sext"/>
<opset="sext_ln19/1 "/>
</bind>
</comp>

<comp id="369" class="1004" name="store_ln19_store_fu_369">
<pin_list>
<pin id="370" dir="0" index="0" bw="1" slack="0"/>
<pin id="371" dir="0" index="1" bw="4" slack="0"/>
<pin id="372" dir="1" index="2" bw="0" slack="2147483647"/>
</pin_list>
<bind>
<opcode="store(28) " fcode="store"/>
<opset="store_ln19/1 "/>
</bind>
</comp>

<comp id="374" class="1004" name="ti_1_load_fu_374">
<pin_list>
<pin id="375" dir="0" index="0" bw="4" slack="1"/>
<pin id="376" dir="1" index="1" bw="4" slack="0"/>
</pin_list>
<bind>
<opcode="load(27) " fcode="load"/>
<opset="ti_1/2 "/>
</bind>
</comp>

<comp id="377" class="1004" name="icmp_ln19_fu_377">
<pin_list>
<pin id="378" dir="0" index="0" bw="4" slack="0"/>
<pin id="379" dir="0" index="1" bw="4" slack="0"/>
<pin id="380" dir="1" index="2" bw="1" slack="2147483647"/>
</pin_list>
<bind>
<opcode="icmp(45) " fcode="icmp"/>
<opset="icmp_ln19/2 "/>
</bind>
</comp>

<comp id="383" class="1004" name="add_ln19_fu_383">
<pin_list>
<pin id="384" dir="0" index="0" bw="4" slack="0"/>
<pin id="385" dir="0" index="1" bw="1" slack="0"/>
<pin id="386" dir="1" index="2" bw="4" slack="1"/>
</pin_list>
<bind>
<opcode="add(8) " fcode="add"/>
<opset="add_ln19/2 "/>
</bind>
</comp>

<comp id="389" class="1004" name="empty_fu_389">
<pin_list>
<pin id="390" dir="0" index="0" bw="4" slack="0"/>
<pin id="391" dir="1" index="1" bw="3" slack="0"/>
</pin_list>
<bind>
<opcode="trunc(33) " fcode="trunc"/>
<opset="empty/2 "/>
</bind>
</comp>

<comp id="393" class="1004" name="ti_cast_cast_fu_393">
<pin_list>
<pin id="394" dir="0" index="0" bw="3" slack="0"/>
<pin id="395" dir="1" index="1" bw="35" slack="0"/>
</pin_list>
<bind>
<opcode="zext(34) " fcode="zext"/>
<opset="ti_cast_cast/2 "/>
</bind>
</comp>

<comp id="397" class="1004" name="empty_36_fu_397">
<pin_list>
<pin id="398" dir="0" index="0" bw="3" slack="0"/>
<pin id="399" dir="0" index="1" bw="32" slack="1"/>
<pin id="400" dir="1" index="2" bw="35" slack="0"/>
</pin_list>
<bind>
<opcode="mul(12) " fcode="mul"/>
<opset="empty_36/2 "/>
</bind>
</comp>

<comp id="402" class="1004" name="tmp_3_fu_402">
<pin_list>
<pin id="403" dir="0" index="0" bw="39" slack="0"/>
<pin id="404" dir="0" index="1" bw="35" slack="0"/>
<pin id="405" dir="0" index="2" bw="1" slack="0"/>
<pin id="406" dir="1" index="3" bw="39" slack="3"/>
</pin_list>
<bind>
<opcode="bitconcatenate(1004) " fcode="bitconcatenate"/>
<opset="tmp_3/2 "/>
</bind>
</comp>

<comp id="410" class="1004" name="icmp_ln20_fu_410">
<pin_list>
<pin id="411" dir="0" index="0" bw="4" slack="0"/>
<pin id="412" dir="0" index="1" bw="4" slack="0"/>
<pin id="413" dir="1" index="2" bw="1" slack="2147483647"/>
</pin_list>
<bind>
<opcode="icmp(45) " fcode="icmp"/>
<opset="icmp_ln20/3 "/>
</bind>
</comp>

<comp id="416" class="1004" name="add_ln20_fu_416">
<pin_list>
<pin id="417" dir="0" index="0" bw="4" slack="0"/>
<pin id="418" dir="0" index="1" bw="1" slack="0"/>
<pin id="419" dir="1" index="2" bw="4" slack="0"/>
</pin_list>
<bind>
<opcode="add(8) " fcode="add"/>
<opset="add_ln20/3 "/>
</bind>
</comp>

<comp id="422" class="1004" name="trunc_ln21_fu_422">
<pin_list>
<pin id="423" dir="0" index="0" bw="4" slack="0"/>
<pin id="424" dir="1" index="1" bw="3" slack="1"/>
</pin_list>
<bind>
<opcode="trunc(33) " fcode="trunc"/>
<opset="trunc_ln21/3 "/>
</bind>
</comp>

<comp id="426" class="1004" name="store_ln19_store_fu_426">
<pin_list>
<pin id="427" dir="0" index="0" bw="4" slack="1"/>
<pin id="428" dir="0" index="1" bw="4" slack="2"/>
<pin id="429" dir="1" index="2" bw="0" slack="2147483647"/>
</pin_list>
<bind>
<opcode="store(28) " fcode="store"/>
<opset="store_ln19/3 "/>
</bind>
</comp>

<comp id="430" class="1004" name="shl_ln_fu_430">
<pin_list>
<pin id="431" dir="0" index="0" bw="7" slack="0"/>
<pin id="432" dir="0" index="1" bw="3" slack="1"/>
<pin id="433" dir="0" index="2" bw="1" slack="0"/>
<pin id="434" dir="1" index="3" bw="7" slack="3"/>
</pin_list>
<bind>
<opcode="bitconcatenate(1004) " fcode="bitconcatenate"/>
<opset="shl_ln/4 "/>
</bind>
</comp>

<comp id="437" class="1004" name="icmp_ln25_fu_437">
<pin_list>
<pin id="438" dir="0" index="0" bw="4" slack="0"/>
<pin id="439" dir="0" index="1" bw="4" slack="0"/>
<pin id="440" dir="1" index="2" bw="1" slack="2147483647"/>
</pin_list>
<bind>
<opcode="icmp(45) " fcode="icmp"/>
<opset="icmp_ln25/5 "/>
</bind>
</comp>

<comp id="443" class="1004" name="add_ln25_fu_443">
<pin_list>
<pin id="444" dir="0" index="0" bw="4" slack="0"/>
<pin id="445" dir="0" index="1" bw="1" slack="0"/>
<pin id="446" dir="1" index="2" bw="4" slack="0"/>
</pin_list>
<bind>
<opcode="add(8) " fcode="add"/>
<opset="add_ln25/5 "/>
</bind>
</comp>

<comp id="449" class="1004" name="empty_37_fu_449">
<pin_list>
<pin id="450" dir="0" index="0" bw="4" slack="0"/>
<pin id="451" dir="1" index="1" bw="3" slack="0"/>
</pin_list>
<bind>
<opcode="trunc(33) " fcode="trunc"/>
<opset="empty_37/5 "/>
</bind>
</comp>

<comp id="453" class="1004" name="tmp_7_fu_453">
<pin_list>
<pin id="454" dir="0" index="0" bw="7" slack="0"/>
<pin id="455" dir="0" index="1" bw="3" slack="0"/>
<pin id="456" dir="0" index="2" bw="1" slack="0"/>
<pin id="457" dir="1" index="3" bw="7" slack="0"/>
</pin_list>
<bind>
<opcode="bitconcatenate(1004) " fcode="bitconcatenate"/>
<opset="tmp_7/5 "/>
</bind>
</comp>

<comp id="462" class="1004" name="tk_cast4_cast_fu_462">
<pin_list>
<pin id="463" dir="0" index="0" bw="3" slack="0"/>
<pin id="464" dir="1" index="1" bw="35" slack="0"/>
</pin_list>
<bind>
<opcode="zext(34) " fcode="zext"/>
<opset="tk_cast4_cast/5 "/>
</bind>
</comp>

<comp id="466" class="1004" name="empty_38_fu_466">
<pin_list>
<pin id="467" dir="0" index="0" bw="3" slack="0"/>
<pin id="468" dir="0" index="1" bw="32" slack="4"/>
<pin id="469" dir="1" index="2" bw="35" slack="2"/>
</pin_list>
<bind>
<opcode="mul(12) " fcode="mul"/>
<opset="empty_38/5 "/>
</bind>
</comp>

<comp id="471" class="1004" name="tmp_8_fu_471">
<pin_list>
<pin id="472" dir="0" index="0" bw="39" slack="0"/>
<pin id="473" dir="0" index="1" bw="35" slack="2"/>
<pin id="474" dir="0" index="2" bw="1" slack="0"/>
<pin id="475" dir="1" index="3" bw="39" slack="0"/>
</pin_list>
<bind>
<opcode="bitconcatenate(1004) " fcode="bitconcatenate"/>
<opset="tmp_8/7 "/>
</bind>
</comp>

<comp id="479" class="1004" name="icmp_ln32_fu_479">
<pin_list>
<pin id="480" dir="0" index="0" bw="5" slack="0"/>
<pin id="481" dir="0" index="1" bw="5" slack="0"/>
<pin id="482" dir="1" index="2" bw="1" slack="2147483647"/>
</pin_list>
<bind>
<opcode="icmp(45) " fcode="icmp"/>
<opset="icmp_ln32/9 "/>
</bind>
</comp>

<comp id="485" class="1004" name="add_ln32_fu_485">
<pin_list>
<pin id="486" dir="0" index="0" bw="5" slack="0"/>
<pin id="487" dir="0" index="1" bw="1" slack="0"/>
<pin id="488" dir="1" index="2" bw="5" slack="0"/>
</pin_list>
<bind>
<opcode="add(8) " fcode="add"/>
<opset="add_ln32/9 "/>
</bind>
</comp>

<comp id="491" class="1004" name="trunc_ln32_fu_491">
<pin_list>
<pin id="492" dir="0" index="0" bw="5" slack="0"/>
<pin id="493" dir="1" index="1" bw="4" slack="1"/>
</pin_list>
<bind>
<opcode="trunc(33) " fcode="trunc"/>
<opset="trunc_ln32/9 "/>
</bind>
</comp>

<comp id="495" class="1004" name="icmp_ln33_fu_495">
<pin_list>
<pin id="496" dir="0" index="0" bw="5" slack="0"/>
<pin id="497" dir="0" index="1" bw="5" slack="0"/>
<pin id="498" dir="1" index="2" bw="1" slack="2147483647"/>
</pin_list>
<bind>
<opcode="icmp(45) " fcode="icmp"/>
<opset="icmp_ln33/10 "/>
</bind>
</comp>

<comp id="501" class="1004" name="add_ln33_fu_501">
<pin_list>
<pin id="502" dir="0" index="0" bw="5" slack="0"/>
<pin id="503" dir="0" index="1" bw="1" slack="0"/>
<pin id="504" dir="1" index="2" bw="5" slack="0"/>
</pin_list>
<bind>
<opcode="add(8) " fcode="add"/>
<opset="add_ln33/10 "/>
</bind>
</comp>

<comp id="507" class="1004" name="lshr_ln3_fu_507">
<pin_list>
<pin id="508" dir="0" index="0" bw="2" slack="0"/>
<pin id="509" dir="0" index="1" bw="5" slack="0"/>
<pin id="510" dir="0" index="2" bw="3" slack="0"/>
<pin id="511" dir="0" index="3" bw="3" slack="0"/>
<pin id="512" dir="1" index="4" bw="2" slack="0"/>
</pin_list>
<bind>
<opcode="partselect(1002) " fcode="partselect"/>
<opset="lshr_ln3/10 "/>
</bind>
</comp>

<comp id="517" class="1004" name="tmp_s_fu_517">
<pin_list>
<pin id="518" dir="0" index="0" bw="6" slack="0"/>
<pin id="519" dir="0" index="1" bw="4" slack="1"/>
<pin id="520" dir="0" index="2" bw="2" slack="0"/>
<pin id="521" dir="1" index="3" bw="6" slack="0"/>
</pin_list>
<bind>
<opcode="bitconcatenate(1004) " fcode="bitconcatenate"/>
<opset="tmp_s/10 "/>
</bind>
</comp>

<comp id="524" class="1004" name="zext_ln34_fu_524">
<pin_list>
<pin id="525" dir="0" index="0" bw="6" slack="0"/>
<pin id="526" dir="1" index="1" bw="64" slack="0"/>
</pin_list>
<bind>
<opcode="zext(34) " fcode="zext"/>
<opset="zext_ln34/10 "/>
</bind>
</comp>

<comp id="532" class="1004" name="trunc_ln33_fu_532">
<pin_list>
<pin id="533" dir="0" index="0" bw="5" slack="1"/>
<pin id="534" dir="1" index="1" bw="4" slack="0"/>
</pin_list>
<bind>
<opcode="trunc(33) " fcode="trunc"/>
<opset="trunc_ln33/11 "/>
</bind>
</comp>

<comp id="537" class="1004" name="trunc_ln33_1_fu_537">
<pin_list>
<pin id="538" dir="0" index="0" bw="5" slack="1"/>
<pin id="539" dir="1" index="1" bw="2" slack="0"/>
</pin_list>
<bind>
<opcode="trunc(33) " fcode="trunc"/>
<opset="trunc_ln33_1/11 "/>
</bind>
</comp>

<comp id="541" class="1004" name="acc_fu_541">
<pin_list>
<pin id="542" dir="0" index="0" bw="32" slack="0"/>
<pin id="543" dir="0" index="1" bw="2" slack="0"/>
<pin id="544" dir="0" index="2" bw="32" slack="0"/>
<pin id="545" dir="0" index="3" bw="2" slack="0"/>
<pin id="546" dir="0" index="4" bw="32" slack="0"/>
<pin id="547" dir="0" index="5" bw="2" slack="0"/>
<pin id="548" dir="0" index="6" bw="32" slack="0"/>
<pin id="549" dir="0" index="7" bw="2" slack="0"/>
<pin id="550" dir="0" index="8" bw="32" slack="0"/>
<pin id="551" dir="0" index="9" bw="32" slack="0"/>
<pin id="552" dir="0" index="10" bw="2" slack="0"/>
<pin id="553" dir="1" index="11" bw="32" slack="0"/>
</pin_list>
<bind>
<opcode="sparsemux(1197) " fcode="sparsemux"/>
<opset="acc/11 "/>
</bind>
</comp>

<comp id="566" class="1004" name="acc_1_loc_load_load_fu_566">
<pin_list>
<pin id="567" dir="0" index="0" bw="32" slack="12"/>
<pin id="568" dir="1" index="1" bw="32" slack="0"/>
</pin_list>
<bind>
<opcode="load(27) " fcode="load"/>
<opset="acc_1_loc_load/13 "/>
</bind>
</comp>

<comp id="573" class="1005" name="ti_reg_573">
<pin_list>
<pin id="574" dir="0" index="0" bw="4" slack="0"/>
<pin id="575" dir="1" index="1" bw="4" slack="0"/>
</pin_list>
<bind>
<opset="ti "/>
</bind>
</comp>

<comp id="580" class="1005" name="dim_read_reg_580">
<pin_list>
<pin id="581" dir="0" index="0" bw="32" slack="4"/>
<pin id="582" dir="1" index="1" bw="32" slack="4"/>
</pin_list>
<bind>
<opset="dim_read "/>
</bind>
</comp>

<comp id="587" class="1005" name="out_r_read_reg_587">
<pin_list>
<pin id="588" dir="0" index="0" bw="64" slack="8"/>
<pin id="589" dir="1" index="1" bw="64" slack="8"/>
</pin_list>
<bind>
<opset="out_r_read "/>
</bind>
</comp>

<comp id="592" class="1005" name="in2_read_reg_592">
<pin_list>
<pin id="593" dir="0" index="0" bw="64" slack="6"/>
<pin id="594" dir="1" index="1" bw="64" slack="6"/>
</pin_list>
<bind>
<opset="in2_read "/>
</bind>
</comp>

<comp id="597" class="1005" name="in1_read_reg_597">
<pin_list>
<pin id="598" dir="0" index="0" bw="64" slack="4"/>
<pin id="599" dir="1" index="1" bw="64" slack="4"/>
</pin_list>
<bind>
<opset="in1_read "/>
</bind>
</comp>

<comp id="602" class="1005" name="acc_1_loc_reg_602">
<pin_list>
<pin id="603" dir="0" index="0" bw="32" slack="10"/>
<pin id="604" dir="1" index="1" bw="32" slack="10"/>
</pin_list>
<bind>
<opset="acc_1_loc "/>
</bind>
</comp>

<comp id="608" class="1005" name="sext_ln19_reg_608">
<pin_list>
<pin id="609" dir="0" index="0" bw="35" slack="1"/>
<pin id="610" dir="1" index="1" bw="35" slack="1"/>
</pin_list>
<bind>
<opset="sext_ln19 "/>
</bind>
</comp>

<comp id="617" class="1005" name="add_ln19_reg_617">
<pin_list>
<pin id="618" dir="0" index="0" bw="4" slack="1"/>
<pin id="619" dir="1" index="1" bw="4" slack="1"/>
</pin_list>
<bind>
<opset="add_ln19 "/>
</bind>
</comp>

<comp id="622" class="1005" name="tmp_3_reg_622">
<pin_list>
<pin id="623" dir="0" index="0" bw="39" slack="3"/>
<pin id="624" dir="1" index="1" bw="39" slack="3"/>
</pin_list>
<bind>
<opset="tmp_3 "/>
</bind>
</comp>

<comp id="631" class="1005" name="add_ln20_reg_631">
<pin_list>
<pin id="632" dir="0" index="0" bw="4" slack="0"/>
<pin id="633" dir="1" index="1" bw="4" slack="0"/>
</pin_list>
<bind>
<opset="add_ln20 "/>
</bind>
</comp>

<comp id="636" class="1005" name="trunc_ln21_reg_636">
<pin_list>
<pin id="637" dir="0" index="0" bw="3" slack="1"/>
<pin id="638" dir="1" index="1" bw="3" slack="1"/>
</pin_list>
<bind>
<opset="trunc_ln21 "/>
</bind>
</comp>

<comp id="641" class="1005" name="shl_ln_reg_641">
<pin_list>
<pin id="642" dir="0" index="0" bw="7" slack="3"/>
<pin id="643" dir="1" index="1" bw="7" slack="3"/>
</pin_list>
<bind>
<opset="shl_ln "/>
</bind>
</comp>

<comp id="650" class="1005" name="add_ln25_reg_650">
<pin_list>
<pin id="651" dir="0" index="0" bw="4" slack="0"/>
<pin id="652" dir="1" index="1" bw="4" slack="0"/>
</pin_list>
<bind>
<opset="add_ln25 "/>
</bind>
</comp>

<comp id="655" class="1005" name="tmp_7_reg_655">
<pin_list>
<pin id="656" dir="0" index="0" bw="7" slack="1"/>
<pin id="657" dir="1" index="1" bw="7" slack="1"/>
</pin_list>
<bind>
<opset="tmp_7 "/>
</bind>
</comp>

<comp id="660" class="1005" name="empty_38_reg_660">
<pin_list>
<pin id="661" dir="0" index="0" bw="35" slack="2"/>
<pin id="662" dir="1" index="1" bw="35" slack="2"/>
</pin_list>
<bind>
<opset="empty_38 "/>
</bind>
</comp>

<comp id="665" class="1005" name="tmp_8_reg_665">
<pin_list>
<pin id="666" dir="0" index="0" bw="39" slack="1"/>
<pin id="667" dir="1" index="1" bw="39" slack="1"/>
</pin_list>
<bind>
<opset="tmp_8 "/>
</bind>
</comp>

<comp id="673" class="1005" name="add_ln32_reg_673">
<pin_list>
<pin id="674" dir="0" index="0" bw="5" slack="0"/>
<pin id="675" dir="1" index="1" bw="5" slack="0"/>
</pin_list>
<bind>
<opset="add_ln32 "/>
</bind>
</comp>

<comp id="678" class="1005" name="trunc_ln32_reg_678">
<pin_list>
<pin id="679" dir="0" index="0" bw="4" slack="1"/>
<pin id="680" dir="1" index="1" bw="4" slack="1"/>
</pin_list>
<bind>
<opset="trunc_ln32 "/>
</bind>
</comp>

<comp id="687" class="1005" name="add_ln33_reg_687">
<pin_list>
<pin id="688" dir="0" index="0" bw="5" slack="0"/>
<pin id="689" dir="1" index="1" bw="5" slack="0"/>
</pin_list>
<bind>
<opset="add_ln33 "/>
</bind>
</comp>

<comp id="692" class="1005" name="tC_addr_reg_692">
<pin_list>
<pin id="693" dir="0" index="0" bw="6" slack="1"/>
<pin id="694" dir="1" index="1" bw="6" slack="1"/>
</pin_list>
<bind>
<opset="tC_addr "/>
</bind>
</comp>

<comp id="697" class="1005" name="tC_1_addr_reg_697">
<pin_list>
<pin id="698" dir="0" index="0" bw="6" slack="1"/>
<pin id="699" dir="1" index="1" bw="6" slack="1"/>
</pin_list>
<bind>
<opset="tC_1_addr "/>
</bind>
</comp>

<comp id="702" class="1005" name="tC_2_addr_reg_702">
<pin_list>
<pin id="703" dir="0" index="0" bw="6" slack="1"/>
<pin id="704" dir="1" index="1" bw="6" slack="1"/>
</pin_list>
<bind>
<opset="tC_2_addr "/>
</bind>
</comp>

<comp id="707" class="1005" name="tC_3_addr_reg_707">
<pin_list>
<pin id="708" dir="0" index="0" bw="6" slack="1"/>
<pin id="709" dir="1" index="1" bw="6" slack="1"/>
</pin_list>
<bind>
<opset="tC_3_addr "/>
</bind>
</comp>

<comp id="712" class="1005" name="trunc_ln33_reg_712">
<pin_list>
<pin id="713" dir="0" index="0" bw="4" slack="1"/>
<pin id="714" dir="1" index="1" bw="4" slack="1"/>
</pin_list>
<bind>
<opset="trunc_ln33 "/>
</bind>
</comp>

<comp id="717" class="1005" name="trunc_ln33_1_reg_717">
<pin_list>
<pin id="718" dir="0" index="0" bw="2" slack="2"/>
<pin id="719" dir="1" index="1" bw="2" slack="2147483647"/>
</pin_list>
<bind>
<opset="trunc_ln33_1 "/>
</bind>
</comp>

<comp id="721" class="1005" name="acc_reg_721">
<pin_list>
<pin id="722" dir="0" index="0" bw="32" slack="1"/>
<pin id="723" dir="1" index="1" bw="32" slack="1"/>
</pin_list>
<bind>
<opset="acc "/>
</bind>
</comp>

</comp_list>

<net_list>
<net id="129"><net_src comp="10" pin="0"/><net_sink comp="126" pin=0"/></net>

<net id="133"><net_src comp="16" pin="0"/><net_sink comp="130" pin=0"/></net>

<net id="137"><net_src comp="16" pin="0"/><net_sink comp="134" pin=0"/></net>

<net id="141"><net_src comp="16" pin="0"/><net_sink comp="138" pin=0"/></net>

<net id="145"><net_src comp="16" pin="0"/><net_sink comp="142" pin=0"/></net>

<net id="149"><net_src comp="16" pin="0"/><net_sink comp="146" pin=0"/></net>

<net id="153"><net_src comp="16" pin="0"/><net_sink comp="150" pin=0"/></net>

<net id="157"><net_src comp="16" pin="0"/><net_sink comp="154" pin=0"/></net>

<net id="161"><net_src comp="16" pin="0"/><net_sink comp="158" pin=0"/></net>

<net id="165"><net_src comp="16" pin="0"/><net_sink comp="162" pin=0"/></net>

<net id="169"><net_src comp="16" pin="0"/><net_sink comp="166" pin=0"/></net>

<net id="173"><net_src comp="16" pin="0"/><net_sink comp="170" pin=0"/></net>

<net id="177"><net_src comp="16" pin="0"/><net_sink comp="174" pin=0"/></net>

<net id="181"><net_src comp="16" pin="0"/><net_sink comp="178" pin=0"/></net>

<net id="186"><net_src comp="12" pin="0"/><net_sink comp="182" pin=0"/></net>

<net id="187"><net_src comp="8" pin="0"/><net_sink comp="182" pin=1"/></net>

<net id="192"><net_src comp="14" pin="0"/><net_sink comp="188" pin=0"/></net>

<net id="193"><net_src comp="6" pin="0"/><net_sink comp="188" pin=1"/></net>

<net id="198"><net_src comp="14" pin="0"/><net_sink comp="194" pin=0"/></net>

<net id="199"><net_src comp="4" pin="0"/><net_sink comp="194" pin=1"/></net>

<net id="204"><net_src comp="14" pin="0"/><net_sink comp="200" pin=0"/></net>

<net id="205"><net_src comp="2" pin="0"/><net_sink comp="200" pin=1"/></net>

<net id="211"><net_src comp="108" pin="0"/><net_sink comp="206" pin=1"/></net>

<net id="217"><net_src comp="108" pin="0"/><net_sink comp="212" pin=1"/></net>

<net id="223"><net_src comp="108" pin="0"/><net_sink comp="218" pin=1"/></net>

<net id="229"><net_src comp="108" pin="0"/><net_sink comp="224" pin=1"/></net>

<net id="235"><net_src comp="206" pin="3"/><net_sink comp="230" pin=0"/></net>

<net id="241"><net_src comp="212" pin="3"/><net_sink comp="236" pin=0"/></net>

<net id="247"><net_src comp="218" pin="3"/><net_sink comp="242" pin=0"/></net>

<net id="253"><net_src comp="224" pin="3"/><net_sink comp="248" pin=0"/></net>

<net id="257"><net_src comp="60" pin="0"/><net_sink comp="254" pin=0"/></net>

<net id="264"><net_src comp="254" pin="1"/><net_sink comp="258" pin=0"/></net>

<net id="268"><net_src comp="60" pin="0"/><net_sink comp="265" pin=0"/></net>

<net id="275"><net_src comp="265" pin="1"/><net_sink comp="269" pin=0"/></net>

<net id="279"><net_src comp="88" pin="0"/><net_sink comp="276" pin=0"/></net>

<net id="286"><net_src comp="276" pin="1"/><net_sink comp="280" pin=2"/></net>

<net id="290"><net_src comp="88" pin="0"/><net_sink comp="287" pin=0"/></net>

<net id="297"><net_src comp="287" pin="1"/><net_sink comp="291" pin=0"/></net>

<net id="298"><net_src comp="291" pin="4"/><net_sink comp="287" pin=0"/></net>

<net id="306"><net_src comp="76" pin="0"/><net_sink comp="299" pin=0"/></net>

<net id="319"><net_src comp="82" pin="0"/><net_sink comp="307" pin=0"/></net>

<net id="320"><net_src comp="0" pin="0"/><net_sink comp="307" pin=1"/></net>

<net id="333"><net_src comp="84" pin="0"/><net_sink comp="321" pin=0"/></net>

<net id="334"><net_src comp="0" pin="0"/><net_sink comp="321" pin=1"/></net>

<net id="347"><net_src comp="98" pin="0"/><net_sink comp="335" pin=0"/></net>

<net id="348"><net_src comp="0" pin="0"/><net_sink comp="335" pin=1"/></net>

<net id="364"><net_src comp="122" pin="0"/><net_sink comp="349" pin=0"/></net>

<net id="368"><net_src comp="182" pin="2"/><net_sink comp="365" pin=0"/></net>

<net id="373"><net_src comp="60" pin="0"/><net_sink comp="369" pin=0"/></net>

<net id="381"><net_src comp="374" pin="1"/><net_sink comp="377" pin=0"/></net>

<net id="382"><net_src comp="62" pin="0"/><net_sink comp="377" pin=1"/></net>

<net id="387"><net_src comp="374" pin="1"/><net_sink comp="383" pin=0"/></net>

<net id="388"><net_src comp="64" pin="0"/><net_sink comp="383" pin=1"/></net>

<net id="392"><net_src comp="374" pin="1"/><net_sink comp="389" pin=0"/></net>

<net id="396"><net_src comp="389" pin="1"/><net_sink comp="393" pin=0"/></net>

<net id="401"><net_src comp="393" pin="1"/><net_sink comp="397" pin=0"/></net>

<net id="407"><net_src comp="74" pin="0"/><net_sink comp="402" pin=0"/></net>

<net id="408"><net_src comp="397" pin="2"/><net_sink comp="402" pin=1"/></net>

<net id="409"><net_src comp="60" pin="0"/><net_sink comp="402" pin=2"/></net>

<net id="414"><net_src comp="258" pin="4"/><net_sink comp="410" pin=0"/></net>

<net id="415"><net_src comp="62" pin="0"/><net_sink comp="410" pin=1"/></net>

<net id="420"><net_src comp="258" pin="4"/><net_sink comp="416" pin=0"/></net>

<net id="421"><net_src comp="64" pin="0"/><net_sink comp="416" pin=1"/></net>

<net id="425"><net_src comp="258" pin="4"/><net_sink comp="422" pin=0"/></net>

<net id="435"><net_src comp="80" pin="0"/><net_sink comp="430" pin=0"/></net>

<net id="436"><net_src comp="60" pin="0"/><net_sink comp="430" pin=2"/></net>

<net id="441"><net_src comp="269" pin="4"/><net_sink comp="437" pin=0"/></net>

<net id="442"><net_src comp="62" pin="0"/><net_sink comp="437" pin=1"/></net>

<net id="447"><net_src comp="269" pin="4"/><net_sink comp="443" pin=0"/></net>

<net id="448"><net_src comp="64" pin="0"/><net_sink comp="443" pin=1"/></net>

<net id="452"><net_src comp="269" pin="4"/><net_sink comp="449" pin=0"/></net>

<net id="458"><net_src comp="80" pin="0"/><net_sink comp="453" pin=0"/></net>

<net id="459"><net_src comp="449" pin="1"/><net_sink comp="453" pin=1"/></net>

<net id="460"><net_src comp="60" pin="0"/><net_sink comp="453" pin=2"/></net>

<net id="461"><net_src comp="453" pin="3"/><net_sink comp="307" pin=8"/></net>

<net id="465"><net_src comp="449" pin="1"/><net_sink comp="462" pin=0"/></net>

<net id="470"><net_src comp="462" pin="1"/><net_sink comp="466" pin=0"/></net>

<net id="476"><net_src comp="74" pin="0"/><net_sink comp="471" pin=0"/></net>

<net id="477"><net_src comp="60" pin="0"/><net_sink comp="471" pin=2"/></net>

<net id="478"><net_src comp="471" pin="3"/><net_sink comp="321" pin=8"/></net>

<net id="483"><net_src comp="280" pin="4"/><net_sink comp="479" pin=0"/></net>

<net id="484"><net_src comp="90" pin="0"/><net_sink comp="479" pin=1"/></net>

<net id="489"><net_src comp="280" pin="4"/><net_sink comp="485" pin=0"/></net>

<net id="490"><net_src comp="92" pin="0"/><net_sink comp="485" pin=1"/></net>

<net id="494"><net_src comp="280" pin="4"/><net_sink comp="491" pin=0"/></net>

<net id="499"><net_src comp="291" pin="4"/><net_sink comp="495" pin=0"/></net>

<net id="500"><net_src comp="90" pin="0"/><net_sink comp="495" pin=1"/></net>

<net id="505"><net_src comp="291" pin="4"/><net_sink comp="501" pin=0"/></net>

<net id="506"><net_src comp="92" pin="0"/><net_sink comp="501" pin=1"/></net>

<net id="513"><net_src comp="100" pin="0"/><net_sink comp="507" pin=0"/></net>

<net id="514"><net_src comp="291" pin="4"/><net_sink comp="507" pin=1"/></net>

<net id="515"><net_src comp="102" pin="0"/><net_sink comp="507" pin=2"/></net>

<net id="516"><net_src comp="104" pin="0"/><net_sink comp="507" pin=3"/></net>

<net id="522"><net_src comp="106" pin="0"/><net_sink comp="517" pin=0"/></net>

<net id="523"><net_src comp="507" pin="4"/><net_sink comp="517" pin=2"/></net>

<net id="527"><net_src comp="517" pin="3"/><net_sink comp="524" pin=0"/></net>

<net id="528"><net_src comp="524" pin="1"/><net_sink comp="206" pin=2"/></net>

<net id="529"><net_src comp="524" pin="1"/><net_sink comp="212" pin=2"/></net>

<net id="530"><net_src comp="524" pin="1"/><net_sink comp="218" pin=2"/></net>

<net id="531"><net_src comp="524" pin="1"/><net_sink comp="224" pin=2"/></net>

<net id="535"><net_src comp="287" pin="1"/><net_sink comp="532" pin=0"/></net>

<net id="536"><net_src comp="532" pin="1"/><net_sink comp="349" pin=7"/></net>

<net id="540"><net_src comp="287" pin="1"/><net_sink comp="537" pin=0"/></net>

<net id="554"><net_src comp="110" pin="0"/><net_sink comp="541" pin=0"/></net>

<net id="555"><net_src comp="112" pin="0"/><net_sink comp="541" pin=1"/></net>

<net id="556"><net_src comp="230" pin="3"/><net_sink comp="541" pin=2"/></net>

<net id="557"><net_src comp="114" pin="0"/><net_sink comp="541" pin=3"/></net>

<net id="558"><net_src comp="236" pin="3"/><net_sink comp="541" pin=4"/></net>

<net id="559"><net_src comp="116" pin="0"/><net_sink comp="541" pin=5"/></net>

<net id="560"><net_src comp="242" pin="3"/><net_sink comp="541" pin=6"/></net>

<net id="561"><net_src comp="118" pin="0"/><net_sink comp="541" pin=7"/></net>

<net id="562"><net_src comp="248" pin="3"/><net_sink comp="541" pin=8"/></net>

<net id="563"><net_src comp="120" pin="0"/><net_sink comp="541" pin=9"/></net>

<net id="564"><net_src comp="537" pin="1"/><net_sink comp="541" pin=10"/></net>

<net id="565"><net_src comp="541" pin="11"/><net_sink comp="349" pin=1"/></net>

<net id="569"><net_src comp="566" pin="1"/><net_sink comp="242" pin=1"/></net>

<net id="570"><net_src comp="566" pin="1"/><net_sink comp="236" pin=1"/></net>

<net id="571"><net_src comp="566" pin="1"/><net_sink comp="230" pin=1"/></net>

<net id="572"><net_src comp="566" pin="1"/><net_sink comp="248" pin=1"/></net>

<net id="576"><net_src comp="126" pin="1"/><net_sink comp="573" pin=0"/></net>

<net id="577"><net_src comp="573" pin="1"/><net_sink comp="369" pin=1"/></net>

<net id="578"><net_src comp="573" pin="1"/><net_sink comp="374" pin=0"/></net>

<net id="579"><net_src comp="573" pin="1"/><net_sink comp="426" pin=1"/></net>

<net id="583"><net_src comp="182" pin="2"/><net_sink comp="580" pin=0"/></net>

<net id="584"><net_src comp="580" pin="1"/><net_sink comp="307" pin=6"/></net>

<net id="585"><net_src comp="580" pin="1"/><net_sink comp="321" pin=6"/></net>

<net id="586"><net_src comp="580" pin="1"/><net_sink comp="335" pin=6"/></net>

<net id="590"><net_src comp="188" pin="2"/><net_sink comp="587" pin=0"/></net>

<net id="591"><net_src comp="587" pin="1"/><net_sink comp="335" pin=9"/></net>

<net id="595"><net_src comp="194" pin="2"/><net_sink comp="592" pin=0"/></net>

<net id="596"><net_src comp="592" pin="1"/><net_sink comp="321" pin=9"/></net>

<net id="600"><net_src comp="200" pin="2"/><net_sink comp="597" pin=0"/></net>

<net id="601"><net_src comp="597" pin="1"/><net_sink comp="307" pin=9"/></net>

<net id="605"><net_src comp="130" pin="1"/><net_sink comp="602" pin=0"/></net>

<net id="606"><net_src comp="602" pin="1"/><net_sink comp="349" pin=12"/></net>

<net id="607"><net_src comp="602" pin="1"/><net_sink comp="566" pin=0"/></net>

<net id="611"><net_src comp="365" pin="1"/><net_sink comp="608" pin=0"/></net>

<net id="612"><net_src comp="608" pin="1"/><net_sink comp="397" pin=1"/></net>

<net id="613"><net_src comp="608" pin="1"/><net_sink comp="466" pin=1"/></net>

<net id="620"><net_src comp="383" pin="2"/><net_sink comp="617" pin=0"/></net>

<net id="621"><net_src comp="617" pin="1"/><net_sink comp="426" pin=0"/></net>

<net id="625"><net_src comp="402" pin="3"/><net_sink comp="622" pin=0"/></net>

<net id="626"><net_src comp="622" pin="1"/><net_sink comp="307" pin=7"/></net>

<net id="627"><net_src comp="622" pin="1"/><net_sink comp="335" pin=7"/></net>

<net id="634"><net_src comp="416" pin="2"/><net_sink comp="631" pin=0"/></net>

<net id="635"><net_src comp="631" pin="1"/><net_sink comp="258" pin=2"/></net>

<net id="639"><net_src comp="422" pin="1"/><net_sink comp="636" pin=0"/></net>

<net id="640"><net_src comp="636" pin="1"/><net_sink comp="430" pin=1"/></net>

<net id="644"><net_src comp="430" pin="3"/><net_sink comp="641" pin=0"/></net>

<net id="645"><net_src comp="641" pin="1"/><net_sink comp="321" pin=7"/></net>

<net id="646"><net_src comp="641" pin="1"/><net_sink comp="335" pin=8"/></net>

<net id="653"><net_src comp="443" pin="2"/><net_sink comp="650" pin=0"/></net>

<net id="654"><net_src comp="650" pin="1"/><net_sink comp="269" pin=2"/></net>

<net id="658"><net_src comp="453" pin="3"/><net_sink comp="655" pin=0"/></net>

<net id="659"><net_src comp="655" pin="1"/><net_sink comp="307" pin=8"/></net>

<net id="663"><net_src comp="466" pin="2"/><net_sink comp="660" pin=0"/></net>

<net id="664"><net_src comp="660" pin="1"/><net_sink comp="471" pin=1"/></net>

<net id="668"><net_src comp="471" pin="3"/><net_sink comp="665" pin=0"/></net>

<net id="669"><net_src comp="665" pin="1"/><net_sink comp="321" pin=8"/></net>

<net id="676"><net_src comp="485" pin="2"/><net_sink comp="673" pin=0"/></net>

<net id="677"><net_src comp="673" pin="1"/><net_sink comp="280" pin=0"/></net>

<net id="681"><net_src comp="491" pin="1"/><net_sink comp="678" pin=0"/></net>

<net id="682"><net_src comp="678" pin="1"/><net_sink comp="517" pin=1"/></net>

<net id="683"><net_src comp="678" pin="1"/><net_sink comp="349" pin=2"/></net>

<net id="690"><net_src comp="501" pin="2"/><net_sink comp="687" pin=0"/></net>

<net id="691"><net_src comp="687" pin="1"/><net_sink comp="291" pin=2"/></net>

<net id="695"><net_src comp="206" pin="3"/><net_sink comp="692" pin=0"/></net>

<net id="696"><net_src comp="692" pin="1"/><net_sink comp="230" pin=0"/></net>

<net id="700"><net_src comp="212" pin="3"/><net_sink comp="697" pin=0"/></net>

<net id="701"><net_src comp="697" pin="1"/><net_sink comp="236" pin=0"/></net>

<net id="705"><net_src comp="218" pin="3"/><net_sink comp="702" pin=0"/></net>

<net id="706"><net_src comp="702" pin="1"/><net_sink comp="242" pin=0"/></net>

<net id="710"><net_src comp="224" pin="3"/><net_sink comp="707" pin=0"/></net>

<net id="711"><net_src comp="707" pin="1"/><net_sink comp="248" pin=0"/></net>

<net id="715"><net_src comp="532" pin="1"/><net_sink comp="712" pin=0"/></net>

<net id="716"><net_src comp="712" pin="1"/><net_sink comp="349" pin=7"/></net>

<net id="720"><net_src comp="537" pin="1"/><net_sink comp="717" pin=0"/></net>

<net id="724"><net_src comp="541" pin="11"/><net_sink comp="721" pin=0"/></net>

<net id="725"><net_src comp="721" pin="1"/><net_sink comp="349" pin=1"/></net>

</net_list>

</model> 
---------------- Datapath Model END ------------------

* FSMD analyzer results:
  - Output states:
	Port: gmem | {9 14 }
 - Input state : 
	Port: mmult_hw : gmem | {5 6 7 8 }
	Port: mmult_hw : in1 | {1 }
	Port: mmult_hw : in2 | {1 }
	Port: mmult_hw : out_r | {1 }
	Port: mmult_hw : dim | {1 }
  - Chain level:
	State 1
		store_ln19 : 1
	State 2
		icmp_ln19 : 1
		add_ln19 : 1
		br_ln19 : 2
		empty : 1
		ti_cast_cast : 2
		empty_36 : 3
		tmp_3 : 4
	State 3
		icmp_ln20 : 1
		add_ln20 : 1
		br_ln20 : 2
		trunc_ln21 : 1
	State 4
	State 5
		icmp_ln25 : 1
		add_ln25 : 1
		br_ln25 : 2
		empty_37 : 1
		tmp_7 : 2
		call_ln19 : 3
		tk_cast4_cast : 2
		empty_38 : 3
	State 6
	State 7
		call_ln21 : 1
	State 8
	State 9
		icmp_ln32 : 1
		add_ln32 : 1
		br_ln32 : 2
		trunc_ln32 : 1
	State 10
		icmp_ln33 : 1
		add_ln33 : 1
		br_ln33 : 2
		lshr_ln3 : 1
		tmp_s : 2
		zext_ln34 : 3
		tC_addr : 4
		tC_1_addr : 4
		tC_2_addr : 4
		tC_3_addr : 4
		tC_load : 5
		tC_1_load : 5
		tC_2_load : 5
		tC_3_load : 5
	State 11
		acc : 1
		call_ln34 : 2
	State 12
	State 13
		store_ln39 : 1
		store_ln39 : 1
		store_ln39 : 1
		store_ln39 : 1
	State 14


============================================================
+ Verbose Summary: Datapath Resource usage 
============================================================

* Functional unit list:
|----------|-----------------------------------------------------|---------|---------|---------|---------|
| Operation|                   Functional Unit                   |   DSP   |  Delay  |    FF   |   LUT   |
|----------|-----------------------------------------------------|---------|---------|---------|---------|
|          |      grp_mmult_hw_Pipeline_init_i_init_j_fu_299     |    0    |    0    |    19   |    78   |
|          | grp_mmult_hw_Pipeline_load_a_VITIS_LOOP_27_1_fu_307 |    2    |    0    |   279   |   260   |
|   call   | grp_mmult_hw_Pipeline_load_b_VITIS_LOOP_30_2_fu_321 |    2    |    0    |   233   |   283   |
|          |     grp_mmult_hw_Pipeline_store_i_store_j_fu_335    |    2    |  2.445  |   304   |   328   |
|          |         grp_mmult_hw_Pipeline_comp_k_fu_349         |    3    |  3.912  |   120   |   195   |
|----------|-----------------------------------------------------|---------|---------|---------|---------|
|          |                   icmp_ln19_fu_377                  |    0    |    0    |    0    |    12   |
|          |                   icmp_ln20_fu_410                  |    0    |    0    |    0    |    12   |
|   icmp   |                   icmp_ln25_fu_437                  |    0    |    0    |    0    |    12   |
|          |                   icmp_ln32_fu_479                  |    0    |    0    |    0    |    12   |
|          |                   icmp_ln33_fu_495                  |    0    |    0    |    0    |    12   |
|----------|-----------------------------------------------------|---------|---------|---------|---------|
|          |                   add_ln19_fu_383                   |    0    |    0    |    0    |    12   |
|          |                   add_ln20_fu_416                   |    0    |    0    |    0    |    12   |
|    add   |                   add_ln25_fu_443                   |    0    |    0    |    0    |    12   |
|          |                   add_ln32_fu_485                   |    0    |    0    |    0    |    12   |
|          |                   add_ln33_fu_501                   |    0    |    0    |    0    |    12   |
|----------|-----------------------------------------------------|---------|---------|---------|---------|
|    mul   |                   empty_36_fu_397                   |    0    |    0    |    0    |    20   |
|          |                   empty_38_fu_466                   |    0    |    0    |    0    |    20   |
|----------|-----------------------------------------------------|---------|---------|---------|---------|
| sparsemux|                      acc_fu_541                     |    0    |    0    |    0    |    20   |
|----------|-----------------------------------------------------|---------|---------|---------|---------|
|          |                 dim_read_read_fu_182                |    0    |    0    |    0    |    0    |
|   read   |                out_r_read_read_fu_188               |    0    |    0    |    0    |    0    |
|          |                 in2_read_read_fu_194                |    0    |    0    |    0    |    0    |
|          |                 in1_read_read_fu_200                |    0    |    0    |    0    |    0    |
|----------|-----------------------------------------------------|---------|---------|---------|---------|
|   sext   |                   sext_ln19_fu_365                  |    0    |    0    |    0    |    0    |
|----------|-----------------------------------------------------|---------|---------|---------|---------|
|          |                     empty_fu_389                    |    0    |    0    |    0    |    0    |
|          |                  trunc_ln21_fu_422                  |    0    |    0    |    0    |    0    |
|   trunc  |                   empty_37_fu_449                   |    0    |    0    |    0    |    0    |
|          |                  trunc_ln32_fu_491                  |    0    |    0    |    0    |    0    |
|          |                  trunc_ln33_fu_532                  |    0    |    0    |    0    |    0    |
|          |                 trunc_ln33_1_fu_537                 |    0    |    0    |    0    |    0    |
|----------|-----------------------------------------------------|---------|---------|---------|---------|
|          |                 ti_cast_cast_fu_393                 |    0    |    0    |    0    |    0    |
|   zext   |                 tk_cast4_cast_fu_462                |    0    |    0    |    0    |    0    |
|          |                   zext_ln34_fu_524                  |    0    |    0    |    0    |    0    |
|----------|-----------------------------------------------------|---------|---------|---------|---------|
|          |                     tmp_3_fu_402                    |    0    |    0    |    0    |    0    |
|          |                    shl_ln_fu_430                    |    0    |    0    |    0    |    0    |
|bitconcatenate|                     tmp_7_fu_453                    |    0    |    0    |    0    |    0    |
|          |                     tmp_8_fu_471                    |    0    |    0    |    0    |    0    |
|          |                     tmp_s_fu_517                    |    0    |    0    |    0    |    0    |
|----------|-----------------------------------------------------|---------|---------|---------|---------|
|partselect|                   lshr_ln3_fu_507                   |    0    |    0    |    0    |    0    |
|----------|-----------------------------------------------------|---------|---------|---------|---------|
|   Total  |                                                     |    9    |  6.357  |   955   |   1324  |
|----------|-----------------------------------------------------|---------|---------|---------|---------|

Memories:
+----+--------+--------+--------+--------+
|    |  BRAM  |   FF   |   LUT  |  URAM  |
+----+--------+--------+--------+--------+
| tA |    1   |    0   |    0   |    0   |
|tA_1|    1   |    0   |    0   |    0   |
|tA_2|    1   |    0   |    0   |    0   |
|tA_3|    1   |    0   |    0   |    0   |
| tB |    1   |    0   |    0   |    0   |
|tB_1|    1   |    0   |    0   |    0   |
|tB_2|    1   |    0   |    0   |    0   |
|tB_3|    1   |    0   |    0   |    0   |
| tC |    1   |    0   |    0   |    0   |
|tC_1|    1   |    0   |    0   |    0   |
|tC_2|    1   |    0   |    0   |    0   |
|tC_3|    1   |    0   |    0   |    0   |
+----+--------+--------+--------+--------+
|Total|   12   |    0   |    0   |    0   |
+----+--------+--------+--------+--------+

* Register list:
+--------------------+--------+
|                    |   FF   |
+--------------------+--------+
|  acc_1_loc_reg_602 |   32   |
|     acc_reg_721    |   32   |
|  add_ln19_reg_617  |    4   |
|  add_ln20_reg_631  |    4   |
|  add_ln25_reg_650  |    4   |
|  add_ln32_reg_673  |    5   |
|  add_ln33_reg_687  |    5   |
|  dim_read_reg_580  |   32   |
|  empty_38_reg_660  |   35   |
|      i_reg_276     |    5   |
|  in1_read_reg_597  |   64   |
|  in2_read_reg_592  |   64   |
|      j_reg_287     |    5   |
| out_r_read_reg_587 |   64   |
|  sext_ln19_reg_608 |   35   |
|   shl_ln_reg_641   |    7   |
|  tC_1_addr_reg_697 |    6   |
|  tC_2_addr_reg_702 |    6   |
|  tC_3_addr_reg_707 |    6   |
|   tC_addr_reg_692  |    6   |
|     ti_reg_573     |    4   |
|     tj_reg_254     |    4   |
|     tk_reg_265     |    4   |
|    tmp_3_reg_622   |   39   |
|    tmp_7_reg_655   |    7   |
|    tmp_8_reg_665   |   39   |
| trunc_ln21_reg_636 |    3   |
| trunc_ln32_reg_678 |    4   |
|trunc_ln33_1_reg_717|    2   |
| trunc_ln33_reg_712 |    4   |
+--------------------+--------+
|        Total       |   531  |
+--------------------+--------+

* Multiplexer (MUX) list: 
|-----------------------------------------------------|------|------|------|--------||---------||---------||---------|
|                         Comp                        |  Pin | Size |  BW  | S x BW ||  Delay  ||    FF   ||   LUT   |
|-----------------------------------------------------|------|------|------|--------||---------||---------||---------|
|                  grp_access_fu_230                  |  p0  |   2  |   6  |   12   ||    0    ||    9    |
|                  grp_access_fu_236                  |  p0  |   2  |   6  |   12   ||    0    ||    9    |
|                  grp_access_fu_242                  |  p0  |   2  |   6  |   12   ||    0    ||    9    |
|                  grp_access_fu_248                  |  p0  |   2  |   6  |   12   ||    0    ||    9    |
|                      j_reg_287                      |  p0  |   2  |   5  |   10   ||    0    ||    9    |
| grp_mmult_hw_Pipeline_load_a_VITIS_LOOP_27_1_fu_307 |  p8  |   2  |   7  |   14   ||    0    ||    9    |
| grp_mmult_hw_Pipeline_load_b_VITIS_LOOP_30_2_fu_321 |  p8  |   2  |  39  |   78   ||    0    ||    9    |
|         grp_mmult_hw_Pipeline_comp_k_fu_349         |  p1  |   2  |  32  |   64   ||    0    ||    9    |
|         grp_mmult_hw_Pipeline_comp_k_fu_349         |  p7  |   2  |   4  |    8   ||    0    ||    9    |
|-----------------------------------------------------|------|------|------|--------||---------||---------||---------|
|                        Total                        |      |      |      |   222  ||  4.401  ||    0    ||    81   |
|-----------------------------------------------------|------|------|------|--------||---------||---------||---------|



* Summary:
+-----------+--------+--------+--------+--------+--------+--------+
|           |  BRAM  |   DSP  |  Delay |   FF   |   LUT  |  URAM  |
+-----------+--------+--------+--------+--------+--------+--------+
|  Function |    -   |    9   |    6   |   955  |  1324  |    -   |
|   Memory  |   12   |    -   |    -   |    0   |    0   |    0   |
|Multiplexer|    -   |    -   |    4   |    0   |   81   |    -   |
|  Register |    -   |    -   |    -   |   531  |    -   |    -   |
+-----------+--------+--------+--------+--------+--------+--------+
|   Total   |   12   |    9   |   10   |  1486  |  1405  |    0   |
+-----------+--------+--------+--------+--------+--------+--------+
