

================================================================
== Vitis HLS Report for 'mmult_hw_Pipeline_store_i_store_j'
================================================================
* Date:           Mon Feb 23 03:01:00 2026

* Version:        2024.1 (Build 5069499 on May 21 2024)
* Project:        matmul_D13_Tiled_FullAP
* Solution:       hls (Vivado IP Flow Target)
* Product family: zynquplus
* Target device:  xczu3eg-sbva484-1-e


================================================================
== Performance Estimates
================================================================
+ Timing: 
    * Summary: 
    +--------+----------+----------+------------+
    |  Clock |  Target  | Estimated| Uncertainty|
    +--------+----------+----------+------------+
    |ap_clk  |  10.00 ns|  7.300 ns|     2.70 ns|
    +--------+----------+----------+------------+

+ Latency: 
    * Summary: 
    +---------+---------+----------+----------+-----+-----+-----------------------------------------------+
    |  Latency (cycles) |  Latency (absolute) |  Interval |                    Pipeline                   |
    |   min   |   max   |    min   |    max   | min | max |                      Type                     |
    +---------+---------+----------+----------+-----+-----+-----------------------------------------------+
    |      265|      265|  2.650 us|  2.650 us|  257|  257|  loop auto-rewind stp(delay=0 clock cycles(s))|
    +---------+---------+----------+----------+-----+-----+-----------------------------------------------+

    + Detail: 
        * Instance: 
        N/A

        * Loop: 
        +-------------------+---------+---------+----------+-----------+-----------+------+----------+
        |                   |  Latency (cycles) | Iteration|  Initiation Interval  | Trip |          |
        |     Loop Name     |   min   |   max   |  Latency |  achieved |   target  | Count| Pipelined|
        +-------------------+---------+---------+----------+-----------+-----------+------+----------+
        |- store_i_store_j  |      263|      263|         9|          1|          1|   256|       yes|
        +-------------------+---------+---------+----------+-----------+-----------+------+----------+

============================================================
+ Verbose Summary: Synthesis Manager
============================================================
InlineROM: 1
ExposeGlobal: 0
============================================================
+ Verbose Summary: CDFG Model
============================================================
IsTopModel: 0
ResetActiveHigh: 1
IsCombinational: 0
IsDatapathOnly: 0
HasWiredReturn: 1
HasMFsm: 2
HasVarLatency: 1
IsPipeline: 0
IsRtlPipelined: 0
IsInstanceOverlapped: 0
IsDontTouch: 0
HasImplIP: 0
IsGatedGlobalClock: 0

+ Individual pipeline summary: 
  * Pipeline-0: initiation interval (II) = 1, depth = 9


============================================================
+ Verbose Summary: Schedule
============================================================
* Number of FSM states : 9
* Pipeline : 1
  Pipeline-0 : II = 1, D = 9, States = { 1 2 3 4 5 6 7 8 9 }
* Dataflow Pipeline: 0

* FSM state transitions: 
1 --> 2 
2 --> 3 
3 --> 4 
4 --> 5 
5 --> 6 
6 --> 7 
7 --> 8 
8 --> 9 
9 --> 

* FSM state operations: 

State 1 <SV = 0> <Delay = 3.60>
ST_1 : Operation 12 [1/1] (0.00ns)   --->   "%j = alloca i32 1" [mmult_baseline.cpp:43]   --->   Operation 12 'alloca' 'j' <Predicate = true> <Delay = 0.00>
ST_1 : Operation 13 [1/1] (0.00ns)   --->   "%i = alloca i32 1" [mmult_baseline.cpp:42]   --->   Operation 13 'alloca' 'i' <Predicate = true> <Delay = 0.00>
ST_1 : Operation 14 [1/1] (0.00ns)   --->   "%indvar_flatten52 = alloca i32 1"   --->   Operation 14 'alloca' 'indvar_flatten52' <Predicate = true> <Delay = 0.00>
ST_1 : Operation 15 [1/1] (0.00ns)   --->   "%tC_15_load_11 = alloca i32 1"   --->   Operation 15 'alloca' 'tC_15_load_11' <Predicate = true> <Delay = 0.00>
ST_1 : Operation 16 [1/1] (0.00ns)   --->   "%tC_14_load_13 = alloca i32 1"   --->   Operation 16 'alloca' 'tC_14_load_13' <Predicate = true> <Delay = 0.00>
ST_1 : Operation 17 [1/1] (0.00ns)   --->   "%tC_13_load_15 = alloca i32 1"   --->   Operation 17 'alloca' 'tC_13_load_15' <Predicate = true> <Delay = 0.00>
ST_1 : Operation 18 [1/1] (0.00ns)   --->   "%tC_12_load_17 = alloca i32 1"   --->   Operation 18 'alloca' 'tC_12_load_17' <Predicate = true> <Delay = 0.00>
ST_1 : Operation 19 [1/1] (0.00ns)   --->   "%tC_11_load_19 = alloca i32 1"   --->   Operation 19 'alloca' 'tC_11_load_19' <Predicate = true> <Delay = 0.00>
ST_1 : Operation 20 [1/1] (0.00ns)   --->   "%tC_10_load_111 = alloca i32 1"   --->   Operation 20 'alloca' 'tC_10_load_111' <Predicate = true> <Delay = 0.00>
ST_1 : Operation 21 [1/1] (0.00ns)   --->   "%tC_9_load_113 = alloca i32 1"   --->   Operation 21 'alloca' 'tC_9_load_113' <Predicate = true> <Delay = 0.00>
ST_1 : Operation 22 [1/1] (0.00ns)   --->   "%tC_8_load_115 = alloca i32 1"   --->   Operation 22 'alloca' 'tC_8_load_115' <Predicate = true> <Delay = 0.00>
ST_1 : Operation 23 [1/1] (0.00ns)   --->   "%tC_7_load_117 = alloca i32 1"   --->   Operation 23 'alloca' 'tC_7_load_117' <Predicate = true> <Delay = 0.00>
ST_1 : Operation 24 [1/1] (0.00ns)   --->   "%tC_6_load_119 = alloca i32 1"   --->   Operation 24 'alloca' 'tC_6_load_119' <Predicate = true> <Delay = 0.00>
ST_1 : Operation 25 [1/1] (0.00ns)   --->   "%tC_5_load_121 = alloca i32 1"   --->   Operation 25 'alloca' 'tC_5_load_121' <Predicate = true> <Delay = 0.00>
ST_1 : Operation 26 [1/1] (0.00ns)   --->   "%tC_4_load_123 = alloca i32 1"   --->   Operation 26 'alloca' 'tC_4_load_123' <Predicate = true> <Delay = 0.00>
ST_1 : Operation 27 [1/1] (0.00ns)   --->   "%tC_3_load_125 = alloca i32 1"   --->   Operation 27 'alloca' 'tC_3_load_125' <Predicate = true> <Delay = 0.00>
ST_1 : Operation 28 [1/1] (0.00ns)   --->   "%tC_2_load_127 = alloca i32 1"   --->   Operation 28 'alloca' 'tC_2_load_127' <Predicate = true> <Delay = 0.00>
ST_1 : Operation 29 [1/1] (0.00ns)   --->   "%tC_1_load_129 = alloca i32 1"   --->   Operation 29 'alloca' 'tC_1_load_129' <Predicate = true> <Delay = 0.00>
ST_1 : Operation 30 [1/1] (0.00ns)   --->   "%tC_load_131 = alloca i32 1"   --->   Operation 30 'alloca' 'tC_load_131' <Predicate = true> <Delay = 0.00>
ST_1 : Operation 31 [1/1] (0.00ns)   --->   "%out_r_read = read i64 @_ssdm_op_Read.ap_auto.i64, i64 %out_r"   --->   Operation 31 'read' 'out_r_read' <Predicate = true> <Delay = 0.00>
ST_1 : Operation 32 [1/1] (0.00ns)   --->   "%zext_ln25_read = read i7 @_ssdm_op_Read.ap_auto.i7, i7 %zext_ln25"   --->   Operation 32 'read' 'zext_ln25_read' <Predicate = true> <Delay = 0.00>
ST_1 : Operation 33 [1/1] (0.00ns)   --->   "%tmp_1 = read i39 @_ssdm_op_Read.ap_auto.i39, i39 %empty"   --->   Operation 33 'read' 'tmp_1' <Predicate = true> <Delay = 0.00>
ST_1 : Operation 34 [1/1] (0.00ns)   --->   "%dim_cast6_read = read i32 @_ssdm_op_Read.ap_auto.i32, i32 %dim_cast6"   --->   Operation 34 'read' 'dim_cast6_read' <Predicate = true> <Delay = 0.00>
ST_1 : Operation 35 [1/1] (0.00ns)   --->   "%dim_cast6_cast = sext i32 %dim_cast6_read"   --->   Operation 35 'sext' 'dim_cast6_cast' <Predicate = true> <Delay = 0.00>
ST_1 : Operation 36 [1/1] (0.00ns)   --->   "%zext_ln25_cast = zext i7 %zext_ln25_read"   --->   Operation 36 'zext' 'zext_ln25_cast' <Predicate = true> <Delay = 0.00>
ST_1 : Operation 37 [1/1] (0.00ns)   --->   "%p_cast = sext i39 %tmp_1"   --->   Operation 37 'sext' 'p_cast' <Predicate = true> <Delay = 0.00>
ST_1 : Operation 38 [1/1] (0.00ns)   --->   "%specinterface_ln0 = specinterface void @_ssdm_op_SpecInterface, i32 %gmem, void @empty, i32 0, i32 0, void @empty_0, i32 0, i32 16384, void @empty_1, void @empty_2, void @empty_0, i32 16, i32 16, i32 16, i32 16, void @empty_0, void @empty_0, i32 4294967295, i32 0, i32 0"   --->   Operation 38 'specinterface' 'specinterface_ln0' <Predicate = true> <Delay = 0.00>
ST_1 : Operation 39 [1/1] (0.48ns)   --->   "%store_ln0 = store i9 0, i9 %indvar_flatten52"   --->   Operation 39 'store' 'store_ln0' <Predicate = true> <Delay = 0.48>
ST_1 : Operation 40 [1/1] (0.48ns)   --->   "%store_ln42 = store i5 0, i5 %i" [mmult_baseline.cpp:42]   --->   Operation 40 'store' 'store_ln42' <Predicate = true> <Delay = 0.48>
ST_1 : Operation 41 [1/1] (0.48ns)   --->   "%store_ln43 = store i5 0, i5 %j" [mmult_baseline.cpp:43]   --->   Operation 41 'store' 'store_ln43' <Predicate = true> <Delay = 0.48>
ST_1 : Operation 42 [1/1] (0.00ns)   --->   "%br_ln0 = br void %for.inc139"   --->   Operation 42 'br' 'br_ln0' <Predicate = true> <Delay = 0.00>
ST_1 : Operation 43 [1/1] (0.00ns)   --->   "%indvar_flatten52_load = load i9 %indvar_flatten52" [mmult_baseline.cpp:42]   --->   Operation 43 'load' 'indvar_flatten52_load' <Predicate = true> <Delay = 0.00>
ST_1 : Operation 44 [1/1] (0.00ns)   --->   "%specbitsmap_ln0 = specbitsmap void @_ssdm_op_SpecBitsMap, i32 %gmem"   --->   Operation 44 'specbitsmap' 'specbitsmap_ln0' <Predicate = true> <Delay = 0.00>
ST_1 : Operation 45 [1/1] (0.92ns)   --->   "%icmp_ln42 = icmp_eq  i9 %indvar_flatten52_load, i9 256" [mmult_baseline.cpp:42]   --->   Operation 45 'icmp' 'icmp_ln42' <Predicate = true> <Delay = 0.92> <CoreInst = "Cmp">   --->   Core 9 'Cmp' <Latency = 0> <II = 1> <Delay = 0.92> <FuncUnit> <Opcode : 'seteq' 'setne' 'setle' 'setge' 'setlt' 'setgt'> <InPorts = 2> <OutPorts = 1>
ST_1 : Operation 46 [1/1] (0.92ns)   --->   "%add_ln42 = add i9 %indvar_flatten52_load, i9 1" [mmult_baseline.cpp:42]   --->   Operation 46 'add' 'add_ln42' <Predicate = true> <Delay = 0.92> <CoreInst = "Adder">   --->   Core 1 'Adder' <Latency = 0> <II = 1> <Delay = 0.92> <FuncUnit> <Opcode : 'add' 'sub'> <InPorts = 2> <OutPorts = 1>
ST_1 : Operation 47 [1/1] (0.00ns)   --->   "%br_ln42 = br i1 %icmp_ln42, void %for.inc142, void %for.inc145.exitStub" [mmult_baseline.cpp:42]   --->   Operation 47 'br' 'br_ln42' <Predicate = true> <Delay = 0.00>
ST_1 : Operation 48 [1/1] (0.00ns)   --->   "%j_load = load i5 %j" [mmult_baseline.cpp:43]   --->   Operation 48 'load' 'j_load' <Predicate = (!icmp_ln42)> <Delay = 0.00>
ST_1 : Operation 49 [1/1] (0.00ns)   --->   "%i_load = load i5 %i" [mmult_baseline.cpp:42]   --->   Operation 49 'load' 'i_load' <Predicate = (!icmp_ln42)> <Delay = 0.00>
ST_1 : Operation 50 [1/1] (0.87ns)   --->   "%icmp_ln43 = icmp_eq  i5 %j_load, i5 16" [mmult_baseline.cpp:43]   --->   Operation 50 'icmp' 'icmp_ln43' <Predicate = (!icmp_ln42)> <Delay = 0.87> <CoreInst = "Cmp">   --->   Core 9 'Cmp' <Latency = 0> <II = 1> <Delay = 0.87> <FuncUnit> <Opcode : 'seteq' 'setne' 'setle' 'setge' 'setlt' 'setgt'> <InPorts = 2> <OutPorts = 1>
ST_1 : Operation 51 [1/1] (0.48ns)   --->   "%select_ln42 = select i1 %icmp_ln43, i5 0, i5 %j_load" [mmult_baseline.cpp:42]   --->   Operation 51 'select' 'select_ln42' <Predicate = (!icmp_ln42)> <Delay = 0.48> <CoreInst = "Sel">   --->   Core 73 'Sel' <Latency = 0> <II = 1> <Delay = 0.48> <FuncUnit> <Opcode : 'select'> <InPorts = 3> <OutPorts = 1>
ST_1 : Operation 52 [1/1] (0.87ns)   --->   "%add_ln42_1 = add i5 %i_load, i5 1" [mmult_baseline.cpp:42]   --->   Operation 52 'add' 'add_ln42_1' <Predicate = (!icmp_ln42)> <Delay = 0.87> <CoreInst = "Adder">   --->   Core 1 'Adder' <Latency = 0> <II = 1> <Delay = 0.87> <FuncUnit> <Opcode : 'add' 'sub'> <InPorts = 2> <OutPorts = 1>
ST_1 : Operation 53 [1/1] (0.48ns)   --->   "%select_ln42_1 = select i1 %icmp_ln43, i5 %add_ln42_1, i5 %i_load" [mmult_baseline.cpp:42]   --->   Operation 53 'select' 'select_ln42_1' <Predicate = (!icmp_ln42)> <Delay = 0.48> <CoreInst = "Sel">   --->   Core 73 'Sel' <Latency = 0> <II = 1> <Delay = 0.48> <FuncUnit> <Opcode : 'select'> <InPorts = 3> <OutPorts = 1>
ST_1 : Operation 54 [1/1] (0.87ns)   --->   "%first_iter_3 = icmp_eq  i5 %select_ln42, i5 0" [mmult_baseline.cpp:42]   --->   Operation 54 'icmp' 'first_iter_3' <Predicate = (!icmp_ln42)> <Delay = 0.87> <CoreInst = "Cmp">   --->   Core 9 'Cmp' <Latency = 0> <II = 1> <Delay = 0.87> <FuncUnit> <Opcode : 'seteq' 'setne' 'setle' 'setge' 'setlt' 'setgt'> <InPorts = 2> <OutPorts = 1>
ST_1 : Operation 55 [1/1] (0.00ns)   --->   "%zext_ln42 = zext i5 %select_ln42_1" [mmult_baseline.cpp:42]   --->   Operation 55 'zext' 'zext_ln42' <Predicate = (!icmp_ln42)> <Delay = 0.00>
ST_1 : Operation 56 [1/1] (0.00ns)   --->   "%tC_addr = getelementptr i32 %tC, i64 0, i64 %zext_ln42" [mmult_baseline.cpp:42]   --->   Operation 56 'getelementptr' 'tC_addr' <Predicate = (!icmp_ln42)> <Delay = 0.00>
ST_1 : Operation 57 [1/1] (0.00ns)   --->   "%tC_1_addr = getelementptr i32 %tC_1, i64 0, i64 %zext_ln42" [mmult_baseline.cpp:42]   --->   Operation 57 'getelementptr' 'tC_1_addr' <Predicate = (!icmp_ln42)> <Delay = 0.00>
ST_1 : Operation 58 [1/1] (0.00ns)   --->   "%tC_2_addr = getelementptr i32 %tC_2, i64 0, i64 %zext_ln42" [mmult_baseline.cpp:42]   --->   Operation 58 'getelementptr' 'tC_2_addr' <Predicate = (!icmp_ln42)> <Delay = 0.00>
ST_1 : Operation 59 [1/1] (0.00ns)   --->   "%tC_3_addr = getelementptr i32 %tC_3, i64 0, i64 %zext_ln42" [mmult_baseline.cpp:42]   --->   Operation 59 'getelementptr' 'tC_3_addr' <Predicate = (!icmp_ln42)> <Delay = 0.00>
ST_1 : Operation 60 [1/1] (0.00ns)   --->   "%tC_4_addr = getelementptr i32 %tC_4, i64 0, i64 %zext_ln42" [mmult_baseline.cpp:42]   --->   Operation 60 'getelementptr' 'tC_4_addr' <Predicate = (!icmp_ln42)> <Delay = 0.00>
ST_1 : Operation 61 [1/1] (0.00ns)   --->   "%tC_5_addr = getelementptr i32 %tC_5, i64 0, i64 %zext_ln42" [mmult_baseline.cpp:42]   --->   Operation 61 'getelementptr' 'tC_5_addr' <Predicate = (!icmp_ln42)> <Delay = 0.00>
ST_1 : Operation 62 [1/1] (0.00ns)   --->   "%tC_6_addr = getelementptr i32 %tC_6, i64 0, i64 %zext_ln42" [mmult_baseline.cpp:42]   --->   Operation 62 'getelementptr' 'tC_6_addr' <Predicate = (!icmp_ln42)> <Delay = 0.00>
ST_1 : Operation 63 [1/1] (0.00ns)   --->   "%tC_7_addr = getelementptr i32 %tC_7, i64 0, i64 %zext_ln42" [mmult_baseline.cpp:42]   --->   Operation 63 'getelementptr' 'tC_7_addr' <Predicate = (!icmp_ln42)> <Delay = 0.00>
ST_1 : Operation 64 [1/1] (0.00ns)   --->   "%tC_8_addr = getelementptr i32 %tC_8, i64 0, i64 %zext_ln42" [mmult_baseline.cpp:42]   --->   Operation 64 'getelementptr' 'tC_8_addr' <Predicate = (!icmp_ln42)> <Delay = 0.00>
ST_1 : Operation 65 [1/1] (0.00ns)   --->   "%tC_9_addr = getelementptr i32 %tC_9, i64 0, i64 %zext_ln42" [mmult_baseline.cpp:42]   --->   Operation 65 'getelementptr' 'tC_9_addr' <Predicate = (!icmp_ln42)> <Delay = 0.00>
ST_1 : Operation 66 [1/1] (0.00ns)   --->   "%tC_10_addr = getelementptr i32 %tC_10, i64 0, i64 %zext_ln42" [mmult_baseline.cpp:42]   --->   Operation 66 'getelementptr' 'tC_10_addr' <Predicate = (!icmp_ln42)> <Delay = 0.00>
ST_1 : Operation 67 [1/1] (0.00ns)   --->   "%tC_11_addr = getelementptr i32 %tC_11, i64 0, i64 %zext_ln42" [mmult_baseline.cpp:42]   --->   Operation 67 'getelementptr' 'tC_11_addr' <Predicate = (!icmp_ln42)> <Delay = 0.00>
ST_1 : Operation 68 [1/1] (0.00ns)   --->   "%tC_12_addr = getelementptr i32 %tC_12, i64 0, i64 %zext_ln42" [mmult_baseline.cpp:42]   --->   Operation 68 'getelementptr' 'tC_12_addr' <Predicate = (!icmp_ln42)> <Delay = 0.00>
ST_1 : Operation 69 [1/1] (0.00ns)   --->   "%tC_13_addr = getelementptr i32 %tC_13, i64 0, i64 %zext_ln42" [mmult_baseline.cpp:42]   --->   Operation 69 'getelementptr' 'tC_13_addr' <Predicate = (!icmp_ln42)> <Delay = 0.00>
ST_1 : Operation 70 [1/1] (0.00ns)   --->   "%tC_14_addr = getelementptr i32 %tC_14, i64 0, i64 %zext_ln42" [mmult_baseline.cpp:42]   --->   Operation 70 'getelementptr' 'tC_14_addr' <Predicate = (!icmp_ln42)> <Delay = 0.00>
ST_1 : Operation 71 [1/1] (0.00ns)   --->   "%tC_15_addr = getelementptr i32 %tC_15, i64 0, i64 %zext_ln42" [mmult_baseline.cpp:42]   --->   Operation 71 'getelementptr' 'tC_15_addr' <Predicate = (!icmp_ln42)> <Delay = 0.00>
ST_1 : Operation 72 [1/1] (0.00ns)   --->   "%br_ln43 = br i1 %first_iter_3, void %for.inc139.split, void %for.first.iter.for.inc139" [mmult_baseline.cpp:43]   --->   Operation 72 'br' 'br_ln43' <Predicate = (!icmp_ln42)> <Delay = 0.00>
ST_1 : Operation 73 [2/2] (0.79ns)   --->   "%tC_load = load i4 %tC_addr" [mmult_baseline.cpp:42]   --->   Operation 73 'load' 'tC_load' <Predicate = (!icmp_ln42 & first_iter_3)> <Delay = 0.79> <CoreInst = "RAM">   --->   Core 82 'RAM' <Latency = 1> <II = 1> <Delay = 0.79> <Storage> <Opcode : 'load' 'store'> <Ports = 2> <Width = 32> <Depth = 16> <RAM>
ST_1 : Operation 74 [2/2] (0.79ns)   --->   "%tC_1_load = load i4 %tC_1_addr" [mmult_baseline.cpp:42]   --->   Operation 74 'load' 'tC_1_load' <Predicate = (!icmp_ln42 & first_iter_3)> <Delay = 0.79> <CoreInst = "RAM">   --->   Core 82 'RAM' <Latency = 1> <II = 1> <Delay = 0.79> <Storage> <Opcode : 'load' 'store'> <Ports = 2> <Width = 32> <Depth = 16> <RAM>
ST_1 : Operation 75 [2/2] (0.79ns)   --->   "%tC_2_load = load i4 %tC_2_addr" [mmult_baseline.cpp:42]   --->   Operation 75 'load' 'tC_2_load' <Predicate = (!icmp_ln42 & first_iter_3)> <Delay = 0.79> <CoreInst = "RAM">   --->   Core 82 'RAM' <Latency = 1> <II = 1> <Delay = 0.79> <Storage> <Opcode : 'load' 'store'> <Ports = 2> <Width = 32> <Depth = 16> <RAM>
ST_1 : Operation 76 [2/2] (0.79ns)   --->   "%tC_3_load = load i4 %tC_3_addr" [mmult_baseline.cpp:42]   --->   Operation 76 'load' 'tC_3_load' <Predicate = (!icmp_ln42 & first_iter_3)> <Delay = 0.79> <CoreInst = "RAM">   --->   Core 82 'RAM' <Latency = 1> <II = 1> <Delay = 0.79> <Storage> <Opcode : 'load' 'store'> <Ports = 2> <Width = 32> <Depth = 16> <RAM>
ST_1 : Operation 77 [2/2] (0.79ns)   --->   "%tC_4_load = load i4 %tC_4_addr" [mmult_baseline.cpp:42]   --->   Operation 77 'load' 'tC_4_load' <Predicate = (!icmp_ln42 & first_iter_3)> <Delay = 0.79> <CoreInst = "RAM">   --->   Core 82 'RAM' <Latency = 1> <II = 1> <Delay = 0.79> <Storage> <Opcode : 'load' 'store'> <Ports = 2> <Width = 32> <Depth = 16> <RAM>
ST_1 : Operation 78 [2/2] (0.79ns)   --->   "%tC_5_load = load i4 %tC_5_addr" [mmult_baseline.cpp:42]   --->   Operation 78 'load' 'tC_5_load' <Predicate = (!icmp_ln42 & first_iter_3)> <Delay = 0.79> <CoreInst = "RAM">   --->   Core 82 'RAM' <Latency = 1> <II = 1> <Delay = 0.79> <Storage> <Opcode : 'load' 'store'> <Ports = 2> <Width = 32> <Depth = 16> <RAM>
ST_1 : Operation 79 [2/2] (0.79ns)   --->   "%tC_6_load = load i4 %tC_6_addr" [mmult_baseline.cpp:42]   --->   Operation 79 'load' 'tC_6_load' <Predicate = (!icmp_ln42 & first_iter_3)> <Delay = 0.79> <CoreInst = "RAM">   --->   Core 82 'RAM' <Latency = 1> <II = 1> <Delay = 0.79> <Storage> <Opcode : 'load' 'store'> <Ports = 2> <Width = 32> <Depth = 16> <RAM>
ST_1 : Operation 80 [2/2] (0.79ns)   --->   "%tC_7_load = load i4 %tC_7_addr" [mmult_baseline.cpp:42]   --->   Operation 80 'load' 'tC_7_load' <Predicate = (!icmp_ln42 & first_iter_3)> <Delay = 0.79> <CoreInst = "RAM">   --->   Core 82 'RAM' <Latency = 1> <II = 1> <Delay = 0.79> <Storage> <Opcode : 'load' 'store'> <Ports = 2> <Width = 32> <Depth = 16> <RAM>
ST_1 : Operation 81 [2/2] (0.79ns)   --->   "%tC_8_load = load i4 %tC_8_addr" [mmult_baseline.cpp:42]   --->   Operation 81 'load' 'tC_8_load' <Predicate = (!icmp_ln42 & first_iter_3)> <Delay = 0.79> <CoreInst = "RAM">   --->   Core 82 'RAM' <Latency = 1> <II = 1> <Delay = 0.79> <Storage> <Opcode : 'load' 'store'> <Ports = 2> <Width = 32> <Depth = 16> <RAM>
ST_1 : Operation 82 [2/2] (0.79ns)   --->   "%tC_9_load = load i4 %tC_9_addr" [mmult_baseline.cpp:42]   --->   Operation 82 'load' 'tC_9_load' <Predicate = (!icmp_ln42 & first_iter_3)> <Delay = 0.79> <CoreInst = "RAM">   --->   Core 82 'RAM' <Latency = 1> <II = 1> <Delay = 0.79> <Storage> <Opcode : 'load' 'store'> <Ports = 2> <Width = 32> <Depth = 16> <RAM>
ST_1 : Operation 83 [2/2] (0.79ns)   --->   "%tC_10_load = load i4 %tC_10_addr" [mmult_baseline.cpp:42]   --->   Operation 83 'load' 'tC_10_load' <Predicate = (!icmp_ln42 & first_iter_3)> <Delay = 0.79> <CoreInst = "RAM">   --->   Core 82 'RAM' <Latency = 1> <II = 1> <Delay = 0.79> <Storage> <Opcode : 'load' 'store'> <Ports = 2> <Width = 32> <Depth = 16> <RAM>
ST_1 : Operation 84 [2/2] (0.79ns)   --->   "%tC_11_load = load i4 %tC_11_addr" [mmult_baseline.cpp:42]   --->   Operation 84 'load' 'tC_11_load' <Predicate = (!icmp_ln42 & first_iter_3)> <Delay = 0.79> <CoreInst = "RAM">   --->   Core 82 'RAM' <Latency = 1> <II = 1> <Delay = 0.79> <Storage> <Opcode : 'load' 'store'> <Ports = 2> <Width = 32> <Depth = 16> <RAM>
ST_1 : Operation 85 [2/2] (0.79ns)   --->   "%tC_12_load = load i4 %tC_12_addr" [mmult_baseline.cpp:42]   --->   Operation 85 'load' 'tC_12_load' <Predicate = (!icmp_ln42 & first_iter_3)> <Delay = 0.79> <CoreInst = "RAM">   --->   Core 82 'RAM' <Latency = 1> <II = 1> <Delay = 0.79> <Storage> <Opcode : 'load' 'store'> <Ports = 2> <Width = 32> <Depth = 16> <RAM>
ST_1 : Operation 86 [2/2] (0.79ns)   --->   "%tC_13_load = load i4 %tC_13_addr" [mmult_baseline.cpp:42]   --->   Operation 86 'load' 'tC_13_load' <Predicate = (!icmp_ln42 & first_iter_3)> <Delay = 0.79> <CoreInst = "RAM">   --->   Core 82 'RAM' <Latency = 1> <II = 1> <Delay = 0.79> <Storage> <Opcode : 'load' 'store'> <Ports = 2> <Width = 32> <Depth = 16> <RAM>
ST_1 : Operation 87 [2/2] (0.79ns)   --->   "%tC_14_load = load i4 %tC_14_addr" [mmult_baseline.cpp:42]   --->   Operation 87 'load' 'tC_14_load' <Predicate = (!icmp_ln42 & first_iter_3)> <Delay = 0.79> <CoreInst = "RAM">   --->   Core 82 'RAM' <Latency = 1> <II = 1> <Delay = 0.79> <Storage> <Opcode : 'load' 'store'> <Ports = 2> <Width = 32> <Depth = 16> <RAM>
ST_1 : Operation 88 [2/2] (0.79ns)   --->   "%tC_15_load = load i4 %tC_15_addr" [mmult_baseline.cpp:42]   --->   Operation 88 'load' 'tC_15_load' <Predicate = (!icmp_ln42 & first_iter_3)> <Delay = 0.79> <CoreInst = "RAM">   --->   Core 82 'RAM' <Latency = 1> <II = 1> <Delay = 0.79> <Storage> <Opcode : 'load' 'store'> <Ports = 2> <Width = 32> <Depth = 16> <RAM>
ST_1 : Operation 89 [1/1] (0.00ns)   --->   "%trunc_ln43 = trunc i5 %select_ln42" [mmult_baseline.cpp:43]   --->   Operation 89 'trunc' 'trunc_ln43' <Predicate = (!icmp_ln42)> <Delay = 0.00>
ST_1 : Operation 90 [1/1] (0.87ns)   --->   "%add_ln43 = add i5 %select_ln42, i5 1" [mmult_baseline.cpp:43]   --->   Operation 90 'add' 'add_ln43' <Predicate = (!icmp_ln42)> <Delay = 0.87> <CoreInst = "Adder">   --->   Core 1 'Adder' <Latency = 0> <II = 1> <Delay = 0.87> <FuncUnit> <Opcode : 'add' 'sub'> <InPorts = 2> <OutPorts = 1>
ST_1 : Operation 91 [1/1] (0.87ns)   --->   "%icmp_ln43_1 = icmp_eq  i5 %add_ln43, i5 16" [mmult_baseline.cpp:43]   --->   Operation 91 'icmp' 'icmp_ln43_1' <Predicate = (!icmp_ln42)> <Delay = 0.87> <CoreInst = "Cmp">   --->   Core 9 'Cmp' <Latency = 0> <II = 1> <Delay = 0.87> <FuncUnit> <Opcode : 'seteq' 'setne' 'setle' 'setge' 'setlt' 'setgt'> <InPorts = 2> <OutPorts = 1>
ST_1 : Operation 92 [1/1] (0.00ns)   --->   "%br_ln43 = br i1 %icmp_ln43_1, void %new.latch.for.inc139.split, void %last.iter.for.inc139.split" [mmult_baseline.cpp:43]   --->   Operation 92 'br' 'br_ln43' <Predicate = (!icmp_ln42)> <Delay = 0.00>
ST_1 : Operation 93 [1/1] (0.48ns)   --->   "%store_ln42 = store i9 %add_ln42, i9 %indvar_flatten52" [mmult_baseline.cpp:42]   --->   Operation 93 'store' 'store_ln42' <Predicate = (!icmp_ln42)> <Delay = 0.48>
ST_1 : Operation 94 [1/1] (0.48ns)   --->   "%store_ln42 = store i5 %select_ln42_1, i5 %i" [mmult_baseline.cpp:42]   --->   Operation 94 'store' 'store_ln42' <Predicate = (!icmp_ln42)> <Delay = 0.48>
ST_1 : Operation 95 [1/1] (0.48ns)   --->   "%store_ln43 = store i5 %add_ln43, i5 %j" [mmult_baseline.cpp:43]   --->   Operation 95 'store' 'store_ln43' <Predicate = (!icmp_ln42)> <Delay = 0.48>
ST_1 : Operation 96 [1/1] (0.00ns)   --->   "%br_ln43 = br void %for.inc139" [mmult_baseline.cpp:43]   --->   Operation 96 'br' 'br_ln43' <Predicate = (!icmp_ln42)> <Delay = 0.00>

State 2 <SV = 1> <Delay = 6.26>
ST_2 : Operation 97 [1/1] (0.00ns)   --->   "%specloopname_ln0 = specloopname void @_ssdm_op_SpecLoopName, void @store_i_store_j_str"   --->   Operation 97 'specloopname' 'specloopname_ln0' <Predicate = true> <Delay = 0.00>
ST_2 : Operation 98 [1/1] (0.00ns)   --->   "%speclooptripcount_ln0 = speclooptripcount void @_ssdm_op_SpecLoopTripCount, i64 256, i64 256, i64 256"   --->   Operation 98 'speclooptripcount' 'speclooptripcount_ln0' <Predicate = true> <Delay = 0.00>
ST_2 : Operation 99 [1/1] (0.00ns)   --->   "%zext_ln42_1 = zext i5 %select_ln42_1" [mmult_baseline.cpp:42]   --->   Operation 99 'zext' 'zext_ln42_1' <Predicate = true> <Delay = 0.00>
ST_2 : Operation 100 [1/1] (3.88ns)   --->   "%empty_26 = mul i37 %zext_ln42_1, i37 %dim_cast6_cast" [mmult_baseline.cpp:42]   --->   Operation 100 'mul' 'empty_26' <Predicate = true> <Delay = 3.88> <CoreInst = "Multiplier">   --->   Core 3 'Multiplier' <Latency = 0> <II = 1> <Delay = 3.88> <FuncUnit> <Opcode : 'mul'> <InPorts = 2> <OutPorts = 1>
ST_2 : Operation 101 [1/1] (0.00ns)   --->   "%p_cast1 = sext i37 %empty_26" [mmult_baseline.cpp:42]   --->   Operation 101 'sext' 'p_cast1' <Predicate = true> <Delay = 0.00>
ST_2 : Operation 102 [1/1] (0.00ns) (grouped into TernaryAdder)   --->   "%tmp3 = add i40 %p_cast, i40 %p_cast1" [mmult_baseline.cpp:42]   --->   Operation 102 'add' 'tmp3' <Predicate = true> <Delay = 0.00> <CoreInst = "TAddSub">   --->   Core 10 'TAddSub' <Latency = 0> <II = 1> <Delay = 0.45> <IPBlock> <Opcode : '' 'add' 'sub'> <InPorts = 3> <OutPorts = 1> <Sync> <CReg>
ST_2 : Operation 103 [1/1] (0.91ns) (root node of TernaryAdder)   --->   "%empty_27 = add i40 %tmp3, i40 %zext_ln25_cast" [mmult_baseline.cpp:42]   --->   Operation 103 'add' 'empty_27' <Predicate = true> <Delay = 0.91> <CoreInst = "TAddSub">   --->   Core 10 'TAddSub' <Latency = 0> <II = 1> <Delay = 0.45> <IPBlock> <Opcode : '' 'add' 'sub'> <InPorts = 3> <OutPorts = 1> <Sync> <CReg>
ST_2 : Operation 104 [1/1] (0.00ns)   --->   "%tmp_8 = bitconcatenate i42 @_ssdm_op_BitConcatenate.i42.i40.i2, i40 %empty_27, i2 0" [mmult_baseline.cpp:42]   --->   Operation 104 'bitconcatenate' 'tmp_8' <Predicate = true> <Delay = 0.00>
ST_2 : Operation 105 [1/1] (0.00ns)   --->   "%tmp_8_cast = sext i42 %tmp_8" [mmult_baseline.cpp:42]   --->   Operation 105 'sext' 'tmp_8_cast' <Predicate = true> <Delay = 0.00>
ST_2 : Operation 106 [1/1] (1.47ns)   --->   "%empty_28 = add i64 %tmp_8_cast, i64 %out_r_read" [mmult_baseline.cpp:42]   --->   Operation 106 'add' 'empty_28' <Predicate = true> <Delay = 1.47> <CoreInst = "Adder">   --->   Core 1 'Adder' <Latency = 0> <II = 1> <Delay = 1.47> <FuncUnit> <Opcode : 'add' 'sub'> <InPorts = 2> <OutPorts = 1>
ST_2 : Operation 107 [1/1] (0.00ns)   --->   "%trunc_ln3 = partselect i62 @_ssdm_op_PartSelect.i62.i64.i32.i32, i64 %empty_28, i32 2, i32 63" [mmult_baseline.cpp:43]   --->   Operation 107 'partselect' 'trunc_ln3' <Predicate = true> <Delay = 0.00>
ST_2 : Operation 108 [1/1] (0.00ns)   --->   "%sext_ln43 = sext i62 %trunc_ln3" [mmult_baseline.cpp:43]   --->   Operation 108 'sext' 'sext_ln43' <Predicate = true> <Delay = 0.00>
ST_2 : Operation 109 [1/1] (0.00ns)   --->   "%gmem_addr = getelementptr i32 %gmem, i64 %sext_ln43" [mmult_baseline.cpp:43]   --->   Operation 109 'getelementptr' 'gmem_addr' <Predicate = true> <Delay = 0.00>
ST_2 : Operation 110 [1/2] (0.79ns)   --->   "%tC_load = load i4 %tC_addr" [mmult_baseline.cpp:42]   --->   Operation 110 'load' 'tC_load' <Predicate = (first_iter_3)> <Delay = 0.79> <CoreInst = "RAM">   --->   Core 82 'RAM' <Latency = 1> <II = 1> <Delay = 0.79> <Storage> <Opcode : 'load' 'store'> <Ports = 2> <Width = 32> <Depth = 16> <RAM>
ST_2 : Operation 111 [1/2] (0.79ns)   --->   "%tC_1_load = load i4 %tC_1_addr" [mmult_baseline.cpp:42]   --->   Operation 111 'load' 'tC_1_load' <Predicate = (first_iter_3)> <Delay = 0.79> <CoreInst = "RAM">   --->   Core 82 'RAM' <Latency = 1> <II = 1> <Delay = 0.79> <Storage> <Opcode : 'load' 'store'> <Ports = 2> <Width = 32> <Depth = 16> <RAM>
ST_2 : Operation 112 [1/2] (0.79ns)   --->   "%tC_2_load = load i4 %tC_2_addr" [mmult_baseline.cpp:42]   --->   Operation 112 'load' 'tC_2_load' <Predicate = (first_iter_3)> <Delay = 0.79> <CoreInst = "RAM">   --->   Core 82 'RAM' <Latency = 1> <II = 1> <Delay = 0.79> <Storage> <Opcode : 'load' 'store'> <Ports = 2> <Width = 32> <Depth = 16> <RAM>
ST_2 : Operation 113 [1/2] (0.79ns)   --->   "%tC_3_load = load i4 %tC_3_addr" [mmult_baseline.cpp:42]   --->   Operation 113 'load' 'tC_3_load' <Predicate = (first_iter_3)> <Delay = 0.79> <CoreInst = "RAM">   --->   Core 82 'RAM' <Latency = 1> <II = 1> <Delay = 0.79> <Storage> <Opcode : 'load' 'store'> <Ports = 2> <Width = 32> <Depth = 16> <RAM>
ST_2 : Operation 114 [1/2] (0.79ns)   --->   "%tC_4_load = load i4 %tC_4_addr" [mmult_baseline.cpp:42]   --->   Operation 114 'load' 'tC_4_load' <Predicate = (first_iter_3)> <Delay = 0.79> <CoreInst = "RAM">   --->   Core 82 'RAM' <Latency = 1> <II = 1> <Delay = 0.79> <Storage> <Opcode : 'load' 'store'> <Ports = 2> <Width = 32> <Depth = 16> <RAM>
ST_2 : Operation 115 [1/2] (0.79ns)   --->   "%tC_5_load = load i4 %tC_5_addr" [mmult_baseline.cpp:42]   --->   Operation 115 'load' 'tC_5_load' <Predicate = (first_iter_3)> <Delay = 0.79> <CoreInst = "RAM">   --->   Core 82 'RAM' <Latency = 1> <II = 1> <Delay = 0.79> <Storage> <Opcode : 'load' 'store'> <Ports = 2> <Width = 32> <Depth = 16> <RAM>
ST_2 : Operation 116 [1/2] (0.79ns)   --->   "%tC_6_load = load i4 %tC_6_addr" [mmult_baseline.cpp:42]   --->   Operation 116 'load' 'tC_6_load' <Predicate = (first_iter_3)> <Delay = 0.79> <CoreInst = "RAM">   --->   Core 82 'RAM' <Latency = 1> <II = 1> <Delay = 0.79> <Storage> <Opcode : 'load' 'store'> <Ports = 2> <Width = 32> <Depth = 16> <RAM>
ST_2 : Operation 117 [1/2] (0.79ns)   --->   "%tC_7_load = load i4 %tC_7_addr" [mmult_baseline.cpp:42]   --->   Operation 117 'load' 'tC_7_load' <Predicate = (first_iter_3)> <Delay = 0.79> <CoreInst = "RAM">   --->   Core 82 'RAM' <Latency = 1> <II = 1> <Delay = 0.79> <Storage> <Opcode : 'load' 'store'> <Ports = 2> <Width = 32> <Depth = 16> <RAM>
ST_2 : Operation 118 [1/2] (0.79ns)   --->   "%tC_8_load = load i4 %tC_8_addr" [mmult_baseline.cpp:42]   --->   Operation 118 'load' 'tC_8_load' <Predicate = (first_iter_3)> <Delay = 0.79> <CoreInst = "RAM">   --->   Core 82 'RAM' <Latency = 1> <II = 1> <Delay = 0.79> <Storage> <Opcode : 'load' 'store'> <Ports = 2> <Width = 32> <Depth = 16> <RAM>
ST_2 : Operation 119 [1/2] (0.79ns)   --->   "%tC_9_load = load i4 %tC_9_addr" [mmult_baseline.cpp:42]   --->   Operation 119 'load' 'tC_9_load' <Predicate = (first_iter_3)> <Delay = 0.79> <CoreInst = "RAM">   --->   Core 82 'RAM' <Latency = 1> <II = 1> <Delay = 0.79> <Storage> <Opcode : 'load' 'store'> <Ports = 2> <Width = 32> <Depth = 16> <RAM>
ST_2 : Operation 120 [1/2] (0.79ns)   --->   "%tC_10_load = load i4 %tC_10_addr" [mmult_baseline.cpp:42]   --->   Operation 120 'load' 'tC_10_load' <Predicate = (first_iter_3)> <Delay = 0.79> <CoreInst = "RAM">   --->   Core 82 'RAM' <Latency = 1> <II = 1> <Delay = 0.79> <Storage> <Opcode : 'load' 'store'> <Ports = 2> <Width = 32> <Depth = 16> <RAM>
ST_2 : Operation 121 [1/2] (0.79ns)   --->   "%tC_11_load = load i4 %tC_11_addr" [mmult_baseline.cpp:42]   --->   Operation 121 'load' 'tC_11_load' <Predicate = (first_iter_3)> <Delay = 0.79> <CoreInst = "RAM">   --->   Core 82 'RAM' <Latency = 1> <II = 1> <Delay = 0.79> <Storage> <Opcode : 'load' 'store'> <Ports = 2> <Width = 32> <Depth = 16> <RAM>
ST_2 : Operation 122 [1/2] (0.79ns)   --->   "%tC_12_load = load i4 %tC_12_addr" [mmult_baseline.cpp:42]   --->   Operation 122 'load' 'tC_12_load' <Predicate = (first_iter_3)> <Delay = 0.79> <CoreInst = "RAM">   --->   Core 82 'RAM' <Latency = 1> <II = 1> <Delay = 0.79> <Storage> <Opcode : 'load' 'store'> <Ports = 2> <Width = 32> <Depth = 16> <RAM>
ST_2 : Operation 123 [1/2] (0.79ns)   --->   "%tC_13_load = load i4 %tC_13_addr" [mmult_baseline.cpp:42]   --->   Operation 123 'load' 'tC_13_load' <Predicate = (first_iter_3)> <Delay = 0.79> <CoreInst = "RAM">   --->   Core 82 'RAM' <Latency = 1> <II = 1> <Delay = 0.79> <Storage> <Opcode : 'load' 'store'> <Ports = 2> <Width = 32> <Depth = 16> <RAM>
ST_2 : Operation 124 [1/2] (0.79ns)   --->   "%tC_14_load = load i4 %tC_14_addr" [mmult_baseline.cpp:42]   --->   Operation 124 'load' 'tC_14_load' <Predicate = (first_iter_3)> <Delay = 0.79> <CoreInst = "RAM">   --->   Core 82 'RAM' <Latency = 1> <II = 1> <Delay = 0.79> <Storage> <Opcode : 'load' 'store'> <Ports = 2> <Width = 32> <Depth = 16> <RAM>
ST_2 : Operation 125 [1/2] (0.79ns)   --->   "%tC_15_load = load i4 %tC_15_addr" [mmult_baseline.cpp:42]   --->   Operation 125 'load' 'tC_15_load' <Predicate = (first_iter_3)> <Delay = 0.79> <CoreInst = "RAM">   --->   Core 82 'RAM' <Latency = 1> <II = 1> <Delay = 0.79> <Storage> <Opcode : 'load' 'store'> <Ports = 2> <Width = 32> <Depth = 16> <RAM>
ST_2 : Operation 126 [1/1] (0.00ns)   --->   "%store_ln42 = store i32 %tC_load, i32 %tC_load_131" [mmult_baseline.cpp:42]   --->   Operation 126 'store' 'store_ln42' <Predicate = (first_iter_3)> <Delay = 0.00>
ST_2 : Operation 127 [1/1] (0.00ns)   --->   "%store_ln42 = store i32 %tC_1_load, i32 %tC_1_load_129" [mmult_baseline.cpp:42]   --->   Operation 127 'store' 'store_ln42' <Predicate = (first_iter_3)> <Delay = 0.00>
ST_2 : Operation 128 [1/1] (0.00ns)   --->   "%store_ln42 = store i32 %tC_2_load, i32 %tC_2_load_127" [mmult_baseline.cpp:42]   --->   Operation 128 'store' 'store_ln42' <Predicate = (first_iter_3)> <Delay = 0.00>
ST_2 : Operation 129 [1/1] (0.00ns)   --->   "%store_ln42 = store i32 %tC_3_load, i32 %tC_3_load_125" [mmult_baseline.cpp:42]   --->   Operation 129 'store' 'store_ln42' <Predicate = (first_iter_3)> <Delay = 0.00>
ST_2 : Operation 130 [1/1] (0.00ns)   --->   "%store_ln42 = store i32 %tC_4_load, i32 %tC_4_load_123" [mmult_baseline.cpp:42]   --->   Operation 130 'store' 'store_ln42' <Predicate = (first_iter_3)> <Delay = 0.00>
ST_2 : Operation 131 [1/1] (0.00ns)   --->   "%store_ln42 = store i32 %tC_5_load, i32 %tC_5_load_121" [mmult_baseline.cpp:42]   --->   Operation 131 'store' 'store_ln42' <Predicate = (first_iter_3)> <Delay = 0.00>
ST_2 : Operation 132 [1/1] (0.00ns)   --->   "%store_ln42 = store i32 %tC_6_load, i32 %tC_6_load_119" [mmult_baseline.cpp:42]   --->   Operation 132 'store' 'store_ln42' <Predicate = (first_iter_3)> <Delay = 0.00>
ST_2 : Operation 133 [1/1] (0.00ns)   --->   "%store_ln42 = store i32 %tC_7_load, i32 %tC_7_load_117" [mmult_baseline.cpp:42]   --->   Operation 133 'store' 'store_ln42' <Predicate = (first_iter_3)> <Delay = 0.00>
ST_2 : Operation 134 [1/1] (0.00ns)   --->   "%store_ln42 = store i32 %tC_8_load, i32 %tC_8_load_115" [mmult_baseline.cpp:42]   --->   Operation 134 'store' 'store_ln42' <Predicate = (first_iter_3)> <Delay = 0.00>
ST_2 : Operation 135 [1/1] (0.00ns)   --->   "%store_ln42 = store i32 %tC_9_load, i32 %tC_9_load_113" [mmult_baseline.cpp:42]   --->   Operation 135 'store' 'store_ln42' <Predicate = (first_iter_3)> <Delay = 0.00>
ST_2 : Operation 136 [1/1] (0.00ns)   --->   "%store_ln42 = store i32 %tC_10_load, i32 %tC_10_load_111" [mmult_baseline.cpp:42]   --->   Operation 136 'store' 'store_ln42' <Predicate = (first_iter_3)> <Delay = 0.00>
ST_2 : Operation 137 [1/1] (0.00ns)   --->   "%store_ln42 = store i32 %tC_11_load, i32 %tC_11_load_19" [mmult_baseline.cpp:42]   --->   Operation 137 'store' 'store_ln42' <Predicate = (first_iter_3)> <Delay = 0.00>
ST_2 : Operation 138 [1/1] (0.00ns)   --->   "%store_ln42 = store i32 %tC_12_load, i32 %tC_12_load_17" [mmult_baseline.cpp:42]   --->   Operation 138 'store' 'store_ln42' <Predicate = (first_iter_3)> <Delay = 0.00>
ST_2 : Operation 139 [1/1] (0.00ns)   --->   "%store_ln42 = store i32 %tC_13_load, i32 %tC_13_load_15" [mmult_baseline.cpp:42]   --->   Operation 139 'store' 'store_ln42' <Predicate = (first_iter_3)> <Delay = 0.00>
ST_2 : Operation 140 [1/1] (0.00ns)   --->   "%store_ln42 = store i32 %tC_14_load, i32 %tC_14_load_13" [mmult_baseline.cpp:42]   --->   Operation 140 'store' 'store_ln42' <Predicate = (first_iter_3)> <Delay = 0.00>
ST_2 : Operation 141 [1/1] (0.00ns)   --->   "%store_ln42 = store i32 %tC_15_load, i32 %tC_15_load_11" [mmult_baseline.cpp:42]   --->   Operation 141 'store' 'store_ln42' <Predicate = (first_iter_3)> <Delay = 0.00>

State 3 <SV = 2> <Delay = 7.30>
ST_3 : Operation 142 [1/1] (7.30ns)   --->   "%empty_25 = writereq i1 @_ssdm_op_WriteReq.m_axi.p1i32, i32 %gmem_addr, i64 16" [mmult_baseline.cpp:43]   --->   Operation 142 'writereq' 'empty_25' <Predicate = (first_iter_3)> <Delay = 7.30> <CoreInst = "m_axi">   --->   Core 119 'm_axi' <Latency = 0> <II = 1> <Delay = 1.00> <Adapter> <Opcode : 'read' 'write' 'readreq' 'writereq' 'writeresp'>
ST_3 : Operation 143 [1/1] (0.00ns)   --->   "%br_ln43 = br void %for.inc139.split" [mmult_baseline.cpp:43]   --->   Operation 143 'br' 'br_ln43' <Predicate = (first_iter_3)> <Delay = 0.00>
ST_3 : Operation 144 [1/1] (0.00ns)   --->   "%tC_15_load_1 = load i32 %tC_15_load_11"   --->   Operation 144 'load' 'tC_15_load_1' <Predicate = (trunc_ln43 == 15)> <Delay = 0.00>
ST_3 : Operation 145 [1/1] (0.00ns)   --->   "%tC_14_load_1 = load i32 %tC_14_load_13"   --->   Operation 145 'load' 'tC_14_load_1' <Predicate = (trunc_ln43 == 14)> <Delay = 0.00>
ST_3 : Operation 146 [1/1] (0.00ns)   --->   "%tC_13_load_1 = load i32 %tC_13_load_15"   --->   Operation 146 'load' 'tC_13_load_1' <Predicate = (trunc_ln43 == 13)> <Delay = 0.00>
ST_3 : Operation 147 [1/1] (0.00ns)   --->   "%tC_12_load_1 = load i32 %tC_12_load_17"   --->   Operation 147 'load' 'tC_12_load_1' <Predicate = (trunc_ln43 == 12)> <Delay = 0.00>
ST_3 : Operation 148 [1/1] (0.00ns)   --->   "%tC_11_load_1 = load i32 %tC_11_load_19"   --->   Operation 148 'load' 'tC_11_load_1' <Predicate = (trunc_ln43 == 11)> <Delay = 0.00>
ST_3 : Operation 149 [1/1] (0.00ns)   --->   "%tC_10_load_1 = load i32 %tC_10_load_111"   --->   Operation 149 'load' 'tC_10_load_1' <Predicate = (trunc_ln43 == 10)> <Delay = 0.00>
ST_3 : Operation 150 [1/1] (0.00ns)   --->   "%tC_9_load_1 = load i32 %tC_9_load_113"   --->   Operation 150 'load' 'tC_9_load_1' <Predicate = (trunc_ln43 == 9)> <Delay = 0.00>
ST_3 : Operation 151 [1/1] (0.00ns)   --->   "%tC_8_load_1 = load i32 %tC_8_load_115"   --->   Operation 151 'load' 'tC_8_load_1' <Predicate = (trunc_ln43 == 8)> <Delay = 0.00>
ST_3 : Operation 152 [1/1] (0.00ns)   --->   "%tC_7_load_1 = load i32 %tC_7_load_117"   --->   Operation 152 'load' 'tC_7_load_1' <Predicate = (trunc_ln43 == 7)> <Delay = 0.00>
ST_3 : Operation 153 [1/1] (0.00ns)   --->   "%tC_6_load_1 = load i32 %tC_6_load_119"   --->   Operation 153 'load' 'tC_6_load_1' <Predicate = (trunc_ln43 == 6)> <Delay = 0.00>
ST_3 : Operation 154 [1/1] (0.00ns)   --->   "%tC_5_load_1 = load i32 %tC_5_load_121"   --->   Operation 154 'load' 'tC_5_load_1' <Predicate = (trunc_ln43 == 5)> <Delay = 0.00>
ST_3 : Operation 155 [1/1] (0.00ns)   --->   "%tC_4_load_1 = load i32 %tC_4_load_123"   --->   Operation 155 'load' 'tC_4_load_1' <Predicate = (trunc_ln43 == 4)> <Delay = 0.00>
ST_3 : Operation 156 [1/1] (0.00ns)   --->   "%tC_3_load_1 = load i32 %tC_3_load_125"   --->   Operation 156 'load' 'tC_3_load_1' <Predicate = (trunc_ln43 == 3)> <Delay = 0.00>
ST_3 : Operation 157 [1/1] (0.00ns)   --->   "%tC_2_load_1 = load i32 %tC_2_load_127"   --->   Operation 157 'load' 'tC_2_load_1' <Predicate = (trunc_ln43 == 2)> <Delay = 0.00>
ST_3 : Operation 158 [1/1] (0.00ns)   --->   "%tC_1_load_1 = load i32 %tC_1_load_129"   --->   Operation 158 'load' 'tC_1_load_1' <Predicate = (trunc_ln43 == 1)> <Delay = 0.00>
ST_3 : Operation 159 [1/1] (0.00ns)   --->   "%tC_load_1 = load i32 %tC_load_131"   --->   Operation 159 'load' 'tC_load_1' <Predicate = (trunc_ln43 == 0)> <Delay = 0.00>
ST_3 : Operation 160 [1/1] (0.57ns)   --->   "%tmp = sparsemux i32 @_ssdm_op_SparseMux.ap_auto.16i32.i32.i4, i4 0, i32 %tC_load_1, i4 1, i32 %tC_1_load_1, i4 2, i32 %tC_2_load_1, i4 3, i32 %tC_3_load_1, i4 4, i32 %tC_4_load_1, i4 5, i32 %tC_5_load_1, i4 6, i32 %tC_6_load_1, i4 7, i32 %tC_7_load_1, i4 8, i32 %tC_8_load_1, i4 9, i32 %tC_9_load_1, i4 10, i32 %tC_10_load_1, i4 11, i32 %tC_11_load_1, i4 12, i32 %tC_12_load_1, i4 13, i32 %tC_13_load_1, i4 14, i32 %tC_14_load_1, i4 15, i32 %tC_15_load_1, i32 0, i4 %trunc_ln43" [mmult_baseline.cpp:45]   --->   Operation 160 'sparsemux' 'tmp' <Predicate = true> <Delay = 0.57> <CoreInst = "SparseMux">   --->   Core 144 'SparseMux' <Latency = 0> <II = 1> <Delay = 0.57> <FuncUnit> <Opcode : 'sparsemux'> <InPorts = 2> <OutPorts = 1>

State 4 <SV = 3> <Delay = 7.30>
ST_4 : Operation 161 [1/1] (0.00ns)   --->   "%specpipeline_ln44 = specpipeline void @_ssdm_op_SpecPipeline, i32 1, i32 0, i32 0, i32 0, void @empty_0" [mmult_baseline.cpp:44]   --->   Operation 161 'specpipeline' 'specpipeline_ln44' <Predicate = true> <Delay = 0.00>
ST_4 : Operation 162 [1/1] (7.30ns)   --->   "%write_ln45 = write void @_ssdm_op_Write.m_axi.p1i32, i32 %gmem_addr, i32 %tmp, i4 15" [mmult_baseline.cpp:45]   --->   Operation 162 'write' 'write_ln45' <Predicate = true> <Delay = 7.30> <CoreInst = "m_axi">   --->   Core 119 'm_axi' <Latency = 0> <II = 1> <Delay = 1.00> <Adapter> <Opcode : 'read' 'write' 'readreq' 'writereq' 'writeresp'>

State 5 <SV = 4> <Delay = 7.30>
ST_5 : Operation 163 [5/5] (7.30ns)   --->   "%empty_24 = writeresp i1 @_ssdm_op_WriteResp.m_axi.p1i32, i32 %gmem_addr" [mmult_baseline.cpp:42]   --->   Operation 163 'writeresp' 'empty_24' <Predicate = (icmp_ln43_1)> <Delay = 7.30> <CoreInst = "m_axi">   --->   Core 119 'm_axi' <Latency = 0> <II = 1> <Delay = 1.00> <Adapter> <Opcode : 'read' 'write' 'readreq' 'writereq' 'writeresp'>

State 6 <SV = 5> <Delay = 7.30>
ST_6 : Operation 164 [4/5] (7.30ns)   --->   "%empty_24 = writeresp i1 @_ssdm_op_WriteResp.m_axi.p1i32, i32 %gmem_addr" [mmult_baseline.cpp:42]   --->   Operation 164 'writeresp' 'empty_24' <Predicate = (icmp_ln43_1)> <Delay = 7.30> <CoreInst = "m_axi">   --->   Core 119 'm_axi' <Latency = 0> <II = 1> <Delay = 1.00> <Adapter> <Opcode : 'read' 'write' 'readreq' 'writereq' 'writeresp'>

State 7 <SV = 6> <Delay = 7.30>
ST_7 : Operation 165 [3/5] (7.30ns)   --->   "%empty_24 = writeresp i1 @_ssdm_op_WriteResp.m_axi.p1i32, i32 %gmem_addr" [mmult_baseline.cpp:42]   --->   Operation 165 'writeresp' 'empty_24' <Predicate = (icmp_ln43_1)> <Delay = 7.30> <CoreInst = "m_axi">   --->   Core 119 'm_axi' <Latency = 0> <II = 1> <Delay = 1.00> <Adapter> <Opcode : 'read' 'write' 'readreq' 'writereq' 'writeresp'>

State 8 <SV = 7> <Delay = 7.30>
ST_8 : Operation 166 [2/5] (7.30ns)   --->   "%empty_24 = writeresp i1 @_ssdm_op_WriteResp.m_axi.p1i32, i32 %gmem_addr" [mmult_baseline.cpp:42]   --->   Operation 166 'writeresp' 'empty_24' <Predicate = (icmp_ln43_1)> <Delay = 7.30> <CoreInst = "m_axi">   --->   Core 119 'm_axi' <Latency = 0> <II = 1> <Delay = 1.00> <Adapter> <Opcode : 'read' 'write' 'readreq' 'writereq' 'writeresp'>
ST_8 : Operation 169 [1/1] (0.48ns)   --->   "%ret_ln0 = ret"   --->   Operation 169 'ret' 'ret_ln0' <Predicate = (icmp_ln42)> <Delay = 0.48>

State 9 <SV = 8> <Delay = 7.30>
ST_9 : Operation 167 [1/5] (7.30ns)   --->   "%empty_24 = writeresp i1 @_ssdm_op_WriteResp.m_axi.p1i32, i32 %gmem_addr" [mmult_baseline.cpp:42]   --->   Operation 167 'writeresp' 'empty_24' <Predicate = (icmp_ln43_1)> <Delay = 7.30> <CoreInst = "m_axi">   --->   Core 119 'm_axi' <Latency = 0> <II = 1> <Delay = 1.00> <Adapter> <Opcode : 'read' 'write' 'readreq' 'writereq' 'writeresp'>
ST_9 : Operation 168 [1/1] (0.00ns)   --->   "%br_ln43 = br void %new.latch.for.inc139.split" [mmult_baseline.cpp:43]   --->   Operation 168 'br' 'br_ln43' <Predicate = (icmp_ln43_1)> <Delay = 0.00>


============================================================
+ Verbose Summary: Binding
============================================================
STG Binding: 
---------------- STG Properties BEGIN ----------------
- Is combinational: 0
- Is one-state seq: 0
- Is datapath-only: 0
- Is pipelined: 0
- Is top level: 0
Port [ Return ] is wired: 1; IO mode=ap_ctrl_hs:ce=0
Port [ gmem]:  wired=1; compound=1; hidden=0; nouse=0; global=0; static=0; extern=0; dir=1; type=4; pingpong=0; private_global=0; IO mode=m_axi:ce=0
Port [ dim_cast6]:  wired=1; compound=0; hidden=0; nouse=0; global=0; static=0; extern=0; dir=0; type=0; pingpong=0; private_global=0; IO mode=ap_none:ce=0
Port [ empty]:  wired=1; compound=0; hidden=0; nouse=0; global=0; static=0; extern=0; dir=0; type=0; pingpong=0; private_global=0; IO mode=ap_none:ce=0
Port [ zext_ln25]:  wired=1; compound=0; hidden=0; nouse=0; global=0; static=0; extern=0; dir=0; type=0; pingpong=0; private_global=0; IO mode=ap_none:ce=0
Port [ out_r]:  wired=1; compound=0; hidden=0; nouse=0; global=0; static=0; extern=0; dir=0; type=0; pingpong=0; private_global=0; IO mode=ap_none:ce=0
Port [ tC]:  wired=1; compound=1; hidden=0; nouse=0; global=0; static=0; extern=0; dir=0; type=1; pingpong=0; private_global=0; MemPort=[13]; IO mode=ap_memory:ce=0
Port [ tC_1]:  wired=1; compound=1; hidden=0; nouse=0; global=0; static=0; extern=0; dir=0; type=1; pingpong=0; private_global=0; MemPort=[13]; IO mode=ap_memory:ce=0
Port [ tC_2]:  wired=1; compound=1; hidden=0; nouse=0; global=0; static=0; extern=0; dir=0; type=1; pingpong=0; private_global=0; MemPort=[13]; IO mode=ap_memory:ce=0
Port [ tC_3]:  wired=1; compound=1; hidden=0; nouse=0; global=0; static=0; extern=0; dir=0; type=1; pingpong=0; private_global=0; MemPort=[13]; IO mode=ap_memory:ce=0
Port [ tC_4]:  wired=1; compound=1; hidden=0; nouse=0; global=0; static=0; extern=0; dir=0; type=1; pingpong=0; private_global=0; MemPort=[13]; IO mode=ap_memory:ce=0
Port [ tC_5]:  wired=1; compound=1; hidden=0; nouse=0; global=0; static=0; extern=0; dir=0; type=1; pingpong=0; private_global=0; MemPort=[13]; IO mode=ap_memory:ce=0
Port [ tC_6]:  wired=1; compound=1; hidden=0; nouse=0; global=0; static=0; extern=0; dir=0; type=1; pingpong=0; private_global=0; MemPort=[13]; IO mode=ap_memory:ce=0
Port [ tC_7]:  wired=1; compound=1; hidden=0; nouse=0; global=0; static=0; extern=0; dir=0; type=1; pingpong=0; private_global=0; MemPort=[13]; IO mode=ap_memory:ce=0
Port [ tC_8]:  wired=1; compound=1; hidden=0; nouse=0; global=0; static=0; extern=0; dir=0; type=1; pingpong=0; private_global=0; MemPort=[13]; IO mode=ap_memory:ce=0
Port [ tC_9]:  wired=1; compound=1; hidden=0; nouse=0; global=0; static=0; extern=0; dir=0; type=1; pingpong=0; private_global=0; MemPort=[13]; IO mode=ap_memory:ce=0
Port [ tC_10]:  wired=1; compound=1; hidden=0; nouse=0; global=0; static=0; extern=0; dir=0; type=1; pingpong=0; private_global=0; MemPort=[13]; IO mode=ap_memory:ce=0
Port [ tC_11]:  wired=1; compound=1; hidden=0; nouse=0; global=0; static=0; extern=0; dir=0; type=1; pingpong=0; private_global=0; MemPort=[13]; IO mode=ap_memory:ce=0
Port [ tC_12]:  wired=1; compound=1; hidden=0; nouse=0; global=0; static=0; extern=0; dir=0; type=1; pingpong=0; private_global=0; MemPort=[13]; IO mode=ap_memory:ce=0
Port [ tC_13]:  wired=1; compound=1; hidden=0; nouse=0; global=0; static=0; extern=0; dir=0; type=1; pingpong=0; private_global=0; MemPort=[13]; IO mode=ap_memory:ce=0
Port [ tC_14]:  wired=1; compound=1; hidden=0; nouse=0; global=0; static=0; extern=0; dir=0; type=1; pingpong=0; private_global=0; MemPort=[13]; IO mode=ap_memory:ce=0
Port [ tC_15]:  wired=1; compound=1; hidden=0; nouse=0; global=0; static=0; extern=0; dir=0; type=1; pingpong=0; private_global=0; MemPort=[13]; IO mode=ap_memory:ce=0
---------------- STG Properties END ------------------

---------------- Datapath Model BEGIN ----------------

<LifeTime>
<method=bitvector/>
j                     (alloca           ) [ 0100000000]
i                     (alloca           ) [ 0100000000]
indvar_flatten52      (alloca           ) [ 0100000000]
tC_15_load_11         (alloca           ) [ 0111000000]
tC_14_load_13         (alloca           ) [ 0111000000]
tC_13_load_15         (alloca           ) [ 0111000000]
tC_12_load_17         (alloca           ) [ 0111000000]
tC_11_load_19         (alloca           ) [ 0111000000]
tC_10_load_111        (alloca           ) [ 0111000000]
tC_9_load_113         (alloca           ) [ 0111000000]
tC_8_load_115         (alloca           ) [ 0111000000]
tC_7_load_117         (alloca           ) [ 0111000000]
tC_6_load_119         (alloca           ) [ 0111000000]
tC_5_load_121         (alloca           ) [ 0111000000]
tC_4_load_123         (alloca           ) [ 0111000000]
tC_3_load_125         (alloca           ) [ 0111000000]
tC_2_load_127         (alloca           ) [ 0111000000]
tC_1_load_129         (alloca           ) [ 0111000000]
tC_load_131           (alloca           ) [ 0111000000]
out_r_read            (read             ) [ 0110000000]
zext_ln25_read        (read             ) [ 0000000000]
tmp_1                 (read             ) [ 0000000000]
dim_cast6_read        (read             ) [ 0000000000]
dim_cast6_cast        (sext             ) [ 0110000000]
zext_ln25_cast        (zext             ) [ 0110000000]
p_cast                (sext             ) [ 0110000000]
specinterface_ln0     (specinterface    ) [ 0000000000]
store_ln0             (store            ) [ 0000000000]
store_ln42            (store            ) [ 0000000000]
store_ln43            (store            ) [ 0000000000]
br_ln0                (br               ) [ 0000000000]
indvar_flatten52_load (load             ) [ 0000000000]
specbitsmap_ln0       (specbitsmap      ) [ 0000000000]
icmp_ln42             (icmp             ) [ 0111111110]
add_ln42              (add              ) [ 0000000000]
br_ln42               (br               ) [ 0000000000]
j_load                (load             ) [ 0000000000]
i_load                (load             ) [ 0000000000]
icmp_ln43             (icmp             ) [ 0000000000]
select_ln42           (select           ) [ 0000000000]
add_ln42_1            (add              ) [ 0000000000]
select_ln42_1         (select           ) [ 0110000000]
first_iter_3          (icmp             ) [ 0111000000]
zext_ln42             (zext             ) [ 0000000000]
tC_addr               (getelementptr    ) [ 0110000000]
tC_1_addr             (getelementptr    ) [ 0110000000]
tC_2_addr             (getelementptr    ) [ 0110000000]
tC_3_addr             (getelementptr    ) [ 0110000000]
tC_4_addr             (getelementptr    ) [ 0110000000]
tC_5_addr             (getelementptr    ) [ 0110000000]
tC_6_addr             (getelementptr    ) [ 0110000000]
tC_7_addr             (getelementptr    ) [ 0110000000]
tC_8_addr             (getelementptr    ) [ 0110000000]
tC_9_addr             (getelementptr    ) [ 0110000000]
tC_10_addr            (getelementptr    ) [ 0110000000]
tC_11_addr            (getelementptr    ) [ 0110000000]
tC_12_addr            (getelementptr    ) [ 0110000000]
tC_13_addr            (getelementptr    ) [ 0110000000]
tC_14_addr            (getelementptr    ) [ 0110000000]
tC_15_addr            (getelementptr    ) [ 0110000000]
br_ln43               (br               ) [ 0000000000]
trunc_ln43            (trunc            ) [ 0111000000]
add_ln43              (add              ) [ 0000000000]
icmp_ln43_1           (icmp             ) [ 0111111111]
br_ln43               (br               ) [ 0000000000]
store_ln42            (store            ) [ 0000000000]
store_ln42            (store            ) [ 0000000000]
store_ln43            (store            ) [ 0000000000]
br_ln43               (br               ) [ 0000000000]
specloopname_ln0      (specloopname     ) [ 0000000000]
speclooptripcount_ln0 (speclooptripcount) [ 0000000000]
zext_ln42_1           (zext             ) [ 0000000000]
empty_26              (mul              ) [ 0000000000]
p_cast1               (sext             ) [ 0000000000]
tmp3                  (add              ) [ 0000000000]
empty_27              (add              ) [ 0000000000]
tmp_8                 (bitconcatenate   ) [ 0000000000]
tmp_8_cast            (sext             ) [ 0000000000]
empty_28              (add              ) [ 0000000000]
trunc_ln3             (partselect       ) [ 0000000000]
sext_ln43             (sext             ) [ 0000000000]
gmem_addr             (getelementptr    ) [ 0101111111]
tC_load               (load             ) [ 0000000000]
tC_1_load             (load             ) [ 0000000000]
tC_2_load             (load             ) [ 0000000000]
tC_3_load             (load             ) [ 0000000000]
tC_4_load             (load             ) [ 0000000000]
tC_5_load             (load             ) [ 0000000000]
tC_6_load             (load             ) [ 0000000000]
tC_7_load             (load             ) [ 0000000000]
tC_8_load             (load             ) [ 0000000000]
tC_9_load             (load             ) [ 0000000000]
tC_10_load            (load             ) [ 0000000000]
tC_11_load            (load             ) [ 0000000000]
tC_12_load            (load             ) [ 0000000000]
tC_13_load            (load             ) [ 0000000000]
tC_14_load            (load             ) [ 0000000000]
tC_15_load            (load             ) [ 0000000000]
store_ln42            (store            ) [ 0000000000]
store_ln42            (store            ) [ 0000000000]
store_ln42            (store            ) [ 0000000000]
store_ln42            (store            ) [ 0000000000]
store_ln42            (store            ) [ 0000000000]
store_ln42            (store            ) [ 0000000000]
store_ln42            (store            ) [ 0000000000]
store_ln42            (store            ) [ 0000000000]
store_ln42            (store            ) [ 0000000000]
store_ln42            (store            ) [ 0000000000]
store_ln42            (store            ) [ 0000000000]
store_ln42            (store            ) [ 0000000000]
store_ln42            (store            ) [ 0000000000]
store_ln42            (store            ) [ 0000000000]
store_ln42            (store            ) [ 0000000000]
store_ln42            (store            ) [ 0000000000]
empty_25              (writereq         ) [ 0000000000]
br_ln43               (br               ) [ 0000000000]
tC_15_load_1          (load             ) [ 0000000000]
tC_14_load_1          (load             ) [ 0000000000]
tC_13_load_1          (load             ) [ 0000000000]
tC_12_load_1          (load             ) [ 0000000000]
tC_11_load_1          (load             ) [ 0000000000]
tC_10_load_1          (load             ) [ 0000000000]
tC_9_load_1           (load             ) [ 0000000000]
tC_8_load_1           (load             ) [ 0000000000]
tC_7_load_1           (load             ) [ 0000000000]
tC_6_load_1           (load             ) [ 0000000000]
tC_5_load_1           (load             ) [ 0000000000]
tC_4_load_1           (load             ) [ 0000000000]
tC_3_load_1           (load             ) [ 0000000000]
tC_2_load_1           (load             ) [ 0000000000]
tC_1_load_1           (load             ) [ 0000000000]
tC_load_1             (load             ) [ 0000000000]
tmp                   (sparsemux        ) [ 0100100000]
specpipeline_ln44     (specpipeline     ) [ 0000000000]
write_ln45            (write            ) [ 0000000000]
empty_24              (writeresp        ) [ 0000000000]
br_ln43               (br               ) [ 0000000000]
ret_ln0               (ret              ) [ 0000000000]
</LifeTime>

<model>

<comp_list>
<comp id="0" class="1000" name="gmem">
<pin_list>
<pin id="1" dir="1" index="0" bw="1" slack="0"/>
</pin_list>
<bind>
<StgValue><ssdm name="gmem"/></StgValue>
</bind>
</comp>

<comp id="2" class="1000" name="dim_cast6">
<pin_list>
<pin id="3" dir="1" index="0" bw="1" slack="0"/>
</pin_list>
<bind>
<StgValue><ssdm name="dim_cast6"/></StgValue>
</bind>
</comp>

<comp id="4" class="1000" name="empty">
<pin_list>
<pin id="5" dir="1" index="0" bw="1" slack="0"/>
</pin_list>
<bind>
<StgValue><ssdm name="empty"/></StgValue>
</bind>
</comp>

<comp id="6" class="1000" name="zext_ln25">
<pin_list>
<pin id="7" dir="1" index="0" bw="1" slack="0"/>
</pin_list>
<bind>
<StgValue><ssdm name="zext_ln25"/></StgValue>
</bind>
</comp>

<comp id="8" class="1000" name="out_r">
<pin_list>
<pin id="9" dir="1" index="0" bw="1" slack="0"/>
</pin_list>
<bind>
<StgValue><ssdm name="out_r"/></StgValue>
</bind>
</comp>

<comp id="10" class="1000" name="tC">
<pin_list>
<pin id="11" dir="1" index="0" bw="1" slack="0"/>
</pin_list>
<bind>
<StgValue><ssdm name="tC"/><MemPortTyVec>1 3 </MemPortTyVec>
</StgValue>
</bind>
</comp>

<comp id="12" class="1000" name="tC_1">
<pin_list>
<pin id="13" dir="1" index="0" bw="1" slack="0"/>
</pin_list>
<bind>
<StgValue><ssdm name="tC_1"/><MemPortTyVec>1 3 </MemPortTyVec>
</StgValue>
</bind>
</comp>

<comp id="14" class="1000" name="tC_2">
<pin_list>
<pin id="15" dir="1" index="0" bw="1" slack="0"/>
</pin_list>
<bind>
<StgValue><ssdm name="tC_2"/><MemPortTyVec>1 3 </MemPortTyVec>
</StgValue>
</bind>
</comp>

<comp id="16" class="1000" name="tC_3">
<pin_list>
<pin id="17" dir="1" index="0" bw="1" slack="0"/>
</pin_list>
<bind>
<StgValue><ssdm name="tC_3"/><MemPortTyVec>1 3 </MemPortTyVec>
</StgValue>
</bind>
</comp>

<comp id="18" class="1000" name="tC_4">
<pin_list>
<pin id="19" dir="1" index="0" bw="1" slack="0"/>
</pin_list>
<bind>
<StgValue><ssdm name="tC_4"/><MemPortTyVec>1 3 </MemPortTyVec>
</StgValue>
</bind>
</comp>

<comp id="20" class="1000" name="tC_5">
<pin_list>
<pin id="21" dir="1" index="0" bw="1" slack="0"/>
</pin_list>
<bind>
<StgValue><ssdm name="tC_5"/><MemPortTyVec>1 3 </MemPortTyVec>
</StgValue>
</bind>
</comp>

<comp id="22" class="1000" name="tC_6">
<pin_list>
<pin id="23" dir="1" index="0" bw="1" slack="0"/>
</pin_list>
<bind>
<StgValue><ssdm name="tC_6"/><MemPortTyVec>1 3 </MemPortTyVec>
</StgValue>
</bind>
</comp>

<comp id="24" class="1000" name="tC_7">
<pin_list>
<pin id="25" dir="1" index="0" bw="1" slack="0"/>
</pin_list>
<bind>
<StgValue><ssdm name="tC_7"/><MemPortTyVec>1 3 </MemPortTyVec>
</StgValue>
</bind>
</comp>

<comp id="26" class="1000" name="tC_8">
<pin_list>
<pin id="27" dir="1" index="0" bw="1" slack="0"/>
</pin_list>
<bind>
<StgValue><ssdm name="tC_8"/><MemPortTyVec>1 3 </MemPortTyVec>
</StgValue>
</bind>
</comp>

<comp id="28" class="1000" name="tC_9">
<pin_list>
<pin id="29" dir="1" index="0" bw="1" slack="0"/>
</pin_list>
<bind>
<StgValue><ssdm name="tC_9"/><MemPortTyVec>1 3 </MemPortTyVec>
</StgValue>
</bind>
</comp>

<comp id="30" class="1000" name="tC_10">
<pin_list>
<pin id="31" dir="1" index="0" bw="1" slack="0"/>
</pin_list>
<bind>
<StgValue><ssdm name="tC_10"/><MemPortTyVec>1 3 </MemPortTyVec>
</StgValue>
</bind>
</comp>

<comp id="32" class="1000" name="tC_11">
<pin_list>
<pin id="33" dir="1" index="0" bw="1" slack="0"/>
</pin_list>
<bind>
<StgValue><ssdm name="tC_11"/><MemPortTyVec>1 3 </MemPortTyVec>
</StgValue>
</bind>
</comp>

<comp id="34" class="1000" name="tC_12">
<pin_list>
<pin id="35" dir="1" index="0" bw="1" slack="0"/>
</pin_list>
<bind>
<StgValue><ssdm name="tC_12"/><MemPortTyVec>1 3 </MemPortTyVec>
</StgValue>
</bind>
</comp>

<comp id="36" class="1000" name="tC_13">
<pin_list>
<pin id="37" dir="1" index="0" bw="1" slack="0"/>
</pin_list>
<bind>
<StgValue><ssdm name="tC_13"/><MemPortTyVec>1 3 </MemPortTyVec>
</StgValue>
</bind>
</comp>

<comp id="38" class="1000" name="tC_14">
<pin_list>
<pin id="39" dir="1" index="0" bw="1" slack="0"/>
</pin_list>
<bind>
<StgValue><ssdm name="tC_14"/><MemPortTyVec>1 3 </MemPortTyVec>
</StgValue>
</bind>
</comp>

<comp id="40" class="1000" name="tC_15">
<pin_list>
<pin id="41" dir="1" index="0" bw="1" slack="0"/>
</pin_list>
<bind>
<StgValue><ssdm name="tC_15"/><MemPortTyVec>1 3 </MemPortTyVec>
</StgValue>
</bind>
</comp>

<comp id="42" class="1001" name="const_42">
<pin_list>
<pin id="43" dir="1" index="0" bw="1" slack="0"/>
</pin_list>
<bind>
<StgValue><ssdm name=""/></StgValue>
</bind>
</comp>

<comp id="44" class="1001" name="const_44">
<pin_list>
<pin id="45" dir="1" index="0" bw="1" slack="0"/>
</pin_list>
<bind>
<StgValue><ssdm name="_ssdm_op_Read.ap_auto.i64"/></StgValue>
</bind>
</comp>

<comp id="46" class="1001" name="const_46">
<pin_list>
<pin id="47" dir="1" index="0" bw="1" slack="0"/>
</pin_list>
<bind>
<StgValue><ssdm name="_ssdm_op_Read.ap_auto.i7"/></StgValue>
</bind>
</comp>

<comp id="48" class="1001" name="const_48">
<pin_list>
<pin id="49" dir="1" index="0" bw="1" slack="0"/>
</pin_list>
<bind>
<StgValue><ssdm name="_ssdm_op_Read.ap_auto.i39"/></StgValue>
</bind>
</comp>

<comp id="50" class="1001" name="const_50">
<pin_list>
<pin id="51" dir="1" index="0" bw="1" slack="0"/>
</pin_list>
<bind>
<StgValue><ssdm name="_ssdm_op_Read.ap_auto.i32"/></StgValue>
</bind>
</comp>

<comp id="52" class="1001" name="const_52">
<pin_list>
<pin id="53" dir="1" index="0" bw="1" slack="2147483647"/>
</pin_list>
<bind>
<StgValue><ssdm name="_ssdm_op_SpecInterface"/></StgValue>
</bind>
</comp>

<comp id="54" class="1001" name="const_54">
<pin_list>
<pin id="55" dir="1" index="0" bw="1" slack="2147483647"/>
</pin_list>
<bind>
<StgValue><ssdm name="empty"/></StgValue>
</bind>
</comp>

<comp id="56" class="1001" name="const_56">
<pin_list>
<pin id="57" dir="1" index="0" bw="1" slack="2147483647"/>
</pin_list>
<bind>
<StgValue><ssdm name=""/></StgValue>
</bind>
</comp>

<comp id="58" class="1001" name="const_58">
<pin_list>
<pin id="59" dir="1" index="0" bw="1" slack="2147483647"/>
</pin_list>
<bind>
<StgValue><ssdm name="empty_0"/></StgValue>
</bind>
</comp>

<comp id="60" class="1001" name="const_60">
<pin_list>
<pin id="61" dir="1" index="0" bw="1" slack="2147483647"/>
</pin_list>
<bind>
<StgValue><ssdm name=""/></StgValue>
</bind>
</comp>

<comp id="62" class="1001" name="const_62">
<pin_list>
<pin id="63" dir="1" index="0" bw="1" slack="2147483647"/>
</pin_list>
<bind>
<StgValue><ssdm name="empty_1"/></StgValue>
</bind>
</comp>

<comp id="64" class="1001" name="const_64">
<pin_list>
<pin id="65" dir="1" index="0" bw="1" slack="2147483647"/>
</pin_list>
<bind>
<StgValue><ssdm name="empty_2"/></StgValue>
</bind>
</comp>

<comp id="66" class="1001" name="const_66">
<pin_list>
<pin id="67" dir="1" index="0" bw="1" slack="2147483647"/>
</pin_list>
<bind>
<StgValue><ssdm name=""/></StgValue>
</bind>
</comp>

<comp id="68" class="1001" name="const_68">
<pin_list>
<pin id="69" dir="1" index="0" bw="1" slack="2147483647"/>
</pin_list>
<bind>
<StgValue><ssdm name=""/></StgValue>
</bind>
</comp>

<comp id="70" class="1001" name="const_70">
<pin_list>
<pin id="71" dir="1" index="0" bw="1" slack="0"/>
</pin_list>
<bind>
<StgValue><ssdm name=""/></StgValue>
</bind>
</comp>

<comp id="72" class="1001" name="const_72">
<pin_list>
<pin id="73" dir="1" index="0" bw="1" slack="0"/>
</pin_list>
<bind>
<StgValue><ssdm name=""/></StgValue>
</bind>
</comp>

<comp id="74" class="1001" name="const_74">
<pin_list>
<pin id="75" dir="1" index="0" bw="1" slack="2147483647"/>
</pin_list>
<bind>
<StgValue><ssdm name="_ssdm_op_SpecBitsMap"/></StgValue>
</bind>
</comp>

<comp id="76" class="1001" name="const_76">
<pin_list>
<pin id="77" dir="1" index="0" bw="1" slack="0"/>
</pin_list>
<bind>
<StgValue><ssdm name=""/></StgValue>
</bind>
</comp>

<comp id="78" class="1001" name="const_78">
<pin_list>
<pin id="79" dir="1" index="0" bw="1" slack="0"/>
</pin_list>
<bind>
<StgValue><ssdm name=""/></StgValue>
</bind>
</comp>

<comp id="80" class="1001" name="const_80">
<pin_list>
<pin id="81" dir="1" index="0" bw="1" slack="0"/>
</pin_list>
<bind>
<StgValue><ssdm name=""/></StgValue>
</bind>
</comp>

<comp id="82" class="1001" name="const_82">
<pin_list>
<pin id="83" dir="1" index="0" bw="1" slack="0"/>
</pin_list>
<bind>
<StgValue><ssdm name=""/></StgValue>
</bind>
</comp>

<comp id="84" class="1001" name="const_84">
<pin_list>
<pin id="85" dir="1" index="0" bw="1" slack="0"/>
</pin_list>
<bind>
<StgValue><ssdm name=""/></StgValue>
</bind>
</comp>

<comp id="86" class="1001" name="const_86">
<pin_list>
<pin id="87" dir="1" index="0" bw="1" slack="2147483647"/>
</pin_list>
<bind>
<StgValue><ssdm name="_ssdm_op_SpecLoopName"/></StgValue>
</bind>
</comp>

<comp id="88" class="1001" name="const_88">
<pin_list>
<pin id="89" dir="1" index="0" bw="1" slack="2147483647"/>
</pin_list>
<bind>
<StgValue><ssdm name="store_i_store_j_str"/></StgValue>
</bind>
</comp>

<comp id="90" class="1001" name="const_90">
<pin_list>
<pin id="91" dir="1" index="0" bw="1" slack="2147483647"/>
</pin_list>
<bind>
<StgValue><ssdm name="_ssdm_op_SpecLoopTripCount"/></StgValue>
</bind>
</comp>

<comp id="92" class="1001" name="const_92">
<pin_list>
<pin id="93" dir="1" index="0" bw="1" slack="2147483647"/>
</pin_list>
<bind>
<StgValue><ssdm name=""/></StgValue>
</bind>
</comp>

<comp id="94" class="1001" name="const_94">
<pin_list>
<pin id="95" dir="1" index="0" bw="1" slack="0"/>
</pin_list>
<bind>
<StgValue><ssdm name="_ssdm_op_BitConcatenate.i42.i40.i2"/></StgValue>
</bind>
</comp>

<comp id="96" class="1001" name="const_96">
<pin_list>
<pin id="97" dir="1" index="0" bw="1" slack="0"/>
</pin_list>
<bind>
<StgValue><ssdm name=""/></StgValue>
</bind>
</comp>

<comp id="98" class="1001" name="const_98">
<pin_list>
<pin id="99" dir="1" index="0" bw="1" slack="0"/>
</pin_list>
<bind>
<StgValue><ssdm name="_ssdm_op_PartSelect.i62.i64.i32.i32"/></StgValue>
</bind>
</comp>

<comp id="100" class="1001" name="const_100">
<pin_list>
<pin id="101" dir="1" index="0" bw="1" slack="0"/>
</pin_list>
<bind>
<StgValue><ssdm name=""/></StgValue>
</bind>
</comp>

<comp id="102" class="1001" name="const_102">
<pin_list>
<pin id="103" dir="1" index="0" bw="1" slack="0"/>
</pin_list>
<bind>
<StgValue><ssdm name=""/></StgValue>
</bind>
</comp>

<comp id="104" class="1001" name="const_104">
<pin_list>
<pin id="105" dir="1" index="0" bw="1" slack="0"/>
</pin_list>
<bind>
<StgValue><ssdm name="_ssdm_op_WriteReq.m_axi.p1i32"/></StgValue>
</bind>
</comp>

<comp id="106" class="1001" name="const_106">
<pin_list>
<pin id="107" dir="1" index="0" bw="1" slack="0"/>
</pin_list>
<bind>
<StgValue><ssdm name=""/></StgValue>
</bind>
</comp>

<comp id="108" class="1001" name="const_108">
<pin_list>
<pin id="109" dir="1" index="0" bw="1" slack="0"/>
</pin_list>
<bind>
<StgValue><ssdm name="_ssdm_op_SparseMux.ap_auto.16i32.i32.i4"/></StgValue>
</bind>
</comp>

<comp id="110" class="1001" name="const_110">
<pin_list>
<pin id="111" dir="1" index="0" bw="1" slack="0"/>
</pin_list>
<bind>
<StgValue><ssdm name=""/></StgValue>
</bind>
</comp>

<comp id="112" class="1001" name="const_112">
<pin_list>
<pin id="113" dir="1" index="0" bw="1" slack="0"/>
</pin_list>
<bind>
<StgValue><ssdm name=""/></StgValue>
</bind>
</comp>

<comp id="114" class="1001" name="const_114">
<pin_list>
<pin id="115" dir="1" index="0" bw="1" slack="0"/>
</pin_list>
<bind>
<StgValue><ssdm name=""/></StgValue>
</bind>
</comp>

<comp id="116" class="1001" name="const_116">
<pin_list>
<pin id="117" dir="1" index="0" bw="1" slack="0"/>
</pin_list>
<bind>
<StgValue><ssdm name=""/></StgValue>
</bind>
</comp>

<comp id="118" class="1001" name="const_118">
<pin_list>
<pin id="119" dir="1" index="0" bw="1" slack="0"/>
</pin_list>
<bind>
<StgValue><ssdm name=""/></StgValue>
</bind>
</comp>

<comp id="120" class="1001" name="const_120">
<pin_list>
<pin id="121" dir="1" index="0" bw="1" slack="0"/>
</pin_list>
<bind>
<StgValue><ssdm name=""/></StgValue>
</bind>
</comp>

<comp id="122" class="1001" name="const_122">
<pin_list>
<pin id="123" dir="1" index="0" bw="1" slack="0"/>
</pin_list>
<bind>
<StgValue><ssdm name=""/></StgValue>
</bind>
</comp>

<comp id="124" class="1001" name="const_124">
<pin_list>
<pin id="125" dir="1" index="0" bw="1" slack="0"/>
</pin_list>
<bind>
<StgValue><ssdm name=""/></StgValue>
</bind>
</comp>

<comp id="126" class="1001" name="const_126">
<pin_list>
<pin id="127" dir="1" index="0" bw="1" slack="0"/>
</pin_list>
<bind>
<StgValue><ssdm name=""/></StgValue>
</bind>
</comp>

<comp id="128" class="1001" name="const_128">
<pin_list>
<pin id="129" dir="1" index="0" bw="1" slack="0"/>
</pin_list>
<bind>
<StgValue><ssdm name=""/></StgValue>
</bind>
</comp>

<comp id="130" class="1001" name="const_130">
<pin_list>
<pin id="131" dir="1" index="0" bw="1" slack="0"/>
</pin_list>
<bind>
<StgValue><ssdm name=""/></StgValue>
</bind>
</comp>

<comp id="132" class="1001" name="const_132">
<pin_list>
<pin id="133" dir="1" index="0" bw="1" slack="0"/>
</pin_list>
<bind>
<StgValue><ssdm name=""/></StgValue>
</bind>
</comp>

<comp id="134" class="1001" name="const_134">
<pin_list>
<pin id="135" dir="1" index="0" bw="1" slack="0"/>
</pin_list>
<bind>
<StgValue><ssdm name=""/></StgValue>
</bind>
</comp>

<comp id="136" class="1001" name="const_136">
<pin_list>
<pin id="137" dir="1" index="0" bw="1" slack="0"/>
</pin_list>
<bind>
<StgValue><ssdm name=""/></StgValue>
</bind>
</comp>

<comp id="138" class="1001" name="const_138">
<pin_list>
<pin id="139" dir="1" index="0" bw="1" slack="0"/>
</pin_list>
<bind>
<StgValue><ssdm name=""/></StgValue>
</bind>
</comp>

<comp id="140" class="1001" name="const_140">
<pin_list>
<pin id="141" dir="1" index="0" bw="1" slack="0"/>
</pin_list>
<bind>
<StgValue><ssdm name=""/></StgValue>
</bind>
</comp>

<comp id="142" class="1001" name="const_142">
<pin_list>
<pin id="143" dir="1" index="0" bw="1" slack="0"/>
</pin_list>
<bind>
<StgValue><ssdm name=""/></StgValue>
</bind>
</comp>

<comp id="144" class="1001" name="const_144">
<pin_list>
<pin id="145" dir="1" index="0" bw="1" slack="2147483647"/>
</pin_list>
<bind>
<StgValue><ssdm name="_ssdm_op_SpecPipeline"/></StgValue>
</bind>
</comp>

<comp id="146" class="1001" name="const_146">
<pin_list>
<pin id="147" dir="1" index="0" bw="1" slack="0"/>
</pin_list>
<bind>
<StgValue><ssdm name="_ssdm_op_Write.m_axi.p1i32"/></StgValue>
</bind>
</comp>

<comp id="148" class="1001" name="const_148">
<pin_list>
<pin id="149" dir="1" index="0" bw="1" slack="0"/>
</pin_list>
<bind>
<StgValue><ssdm name="_ssdm_op_WriteResp.m_axi.p1i32"/></StgValue>
</bind>
</comp>

<comp id="150" class="1004" name="j_fu_150">
<pin_list>
<pin id="151" dir="0" index="0" bw="1" slack="0"/>
<pin id="152" dir="1" index="1" bw="5" slack="0"/>
</pin_list>
<bind>
<opcode="alloca(26) " fcode="alloca"/>
<opset="j/1 "/>
</bind>
</comp>

<comp id="154" class="1004" name="i_fu_154">
<pin_list>
<pin id="155" dir="0" index="0" bw="1" slack="0"/>
<pin id="156" dir="1" index="1" bw="5" slack="0"/>
</pin_list>
<bind>
<opcode="alloca(26) " fcode="alloca"/>
<opset="i/1 "/>
</bind>
</comp>

<comp id="158" class="1004" name="indvar_flatten52_fu_158">
<pin_list>
<pin id="159" dir="0" index="0" bw="1" slack="0"/>
<pin id="160" dir="1" index="1" bw="9" slack="0"/>
</pin_list>
<bind>
<opcode="alloca(26) " fcode="alloca"/>
<opset="indvar_flatten52/1 "/>
</bind>
</comp>

<comp id="162" class="1004" name="tC_15_load_11_fu_162">
<pin_list>
<pin id="163" dir="0" index="0" bw="1" slack="0"/>
<pin id="164" dir="1" index="1" bw="32" slack="1"/>
</pin_list>
<bind>
<opcode="alloca(26) " fcode="alloca"/>
<opset="tC_15_load_11/1 "/>
</bind>
</comp>

<comp id="166" class="1004" name="tC_14_load_13_fu_166">
<pin_list>
<pin id="167" dir="0" index="0" bw="1" slack="0"/>
<pin id="168" dir="1" index="1" bw="32" slack="1"/>
</pin_list>
<bind>
<opcode="alloca(26) " fcode="alloca"/>
<opset="tC_14_load_13/1 "/>
</bind>
</comp>

<comp id="170" class="1004" name="tC_13_load_15_fu_170">
<pin_list>
<pin id="171" dir="0" index="0" bw="1" slack="0"/>
<pin id="172" dir="1" index="1" bw="32" slack="1"/>
</pin_list>
<bind>
<opcode="alloca(26) " fcode="alloca"/>
<opset="tC_13_load_15/1 "/>
</bind>
</comp>

<comp id="174" class="1004" name="tC_12_load_17_fu_174">
<pin_list>
<pin id="175" dir="0" index="0" bw="1" slack="0"/>
<pin id="176" dir="1" index="1" bw="32" slack="1"/>
</pin_list>
<bind>
<opcode="alloca(26) " fcode="alloca"/>
<opset="tC_12_load_17/1 "/>
</bind>
</comp>

<comp id="178" class="1004" name="tC_11_load_19_fu_178">
<pin_list>
<pin id="179" dir="0" index="0" bw="1" slack="0"/>
<pin id="180" dir="1" index="1" bw="32" slack="1"/>
</pin_list>
<bind>
<opcode="alloca(26) " fcode="alloca"/>
<opset="tC_11_load_19/1 "/>
</bind>
</comp>

<comp id="182" class="1004" name="tC_10_load_111_fu_182">
<pin_list>
<pin id="183" dir="0" index="0" bw="1" slack="0"/>
<pin id="184" dir="1" index="1" bw="32" slack="1"/>
</pin_list>
<bind>
<opcode="alloca(26) " fcode="alloca"/>
<opset="tC_10_load_111/1 "/>
</bind>
</comp>

<comp id="186" class="1004" name="tC_9_load_113_fu_186">
<pin_list>
<pin id="187" dir="0" index="0" bw="1" slack="0"/>
<pin id="188" dir="1" index="1" bw="32" slack="1"/>
</pin_list>
<bind>
<opcode="alloca(26) " fcode="alloca"/>
<opset="tC_9_load_113/1 "/>
</bind>
</comp>

<comp id="190" class="1004" name="tC_8_load_115_fu_190">
<pin_list>
<pin id="191" dir="0" index="0" bw="1" slack="0"/>
<pin id="192" dir="1" index="1" bw="32" slack="1"/>
</pin_list>
<bind>
<opcode="alloca(26) " fcode="alloca"/>
<opset="tC_8_load_115/1 "/>
</bind>
</comp>

<comp id="194" class="1004" name="tC_7_load_117_fu_194">
<pin_list>
<pin id="195" dir="0" index="0" bw="1" slack="0"/>
<pin id="196" dir="1" index="1" bw="32" slack="1"/>
</pin_list>
<bind>
<opcode="alloca(26) " fcode="alloca"/>
<opset="tC_7_load_117/1 "/>
</bind>
</comp>

<comp id="198" class="1004" name="tC_6_load_119_fu_198">
<pin_list>
<pin id="199" dir="0" index="0" bw="1" slack="0"/>
<pin id="200" dir="1" index="1" bw="32" slack="1"/>
</pin_list>
<bind>
<opcode="alloca(26) " fcode="alloca"/>
<opset="tC_6_load_119/1 "/>
</bind>
</comp>

<comp id="202" class="1004" name="tC_5_load_121_fu_202">
<pin_list>
<pin id="203" dir="0" index="0" bw="1" slack="0"/>
<pin id="204" dir="1" index="1" bw="32" slack="1"/>
</pin_list>
<bind>
<opcode="alloca(26) " fcode="alloca"/>
<opset="tC_5_load_121/1 "/>
</bind>
</comp>

<comp id="206" class="1004" name="tC_4_load_123_fu_206">
<pin_list>
<pin id="207" dir="0" index="0" bw="1" slack="0"/>
<pin id="208" dir="1" index="1" bw="32" slack="1"/>
</pin_list>
<bind>
<opcode="alloca(26) " fcode="alloca"/>
<opset="tC_4_load_123/1 "/>
</bind>
</comp>

<comp id="210" class="1004" name="tC_3_load_125_fu_210">
<pin_list>
<pin id="211" dir="0" index="0" bw="1" slack="0"/>
<pin id="212" dir="1" index="1" bw="32" slack="1"/>
</pin_list>
<bind>
<opcode="alloca(26) " fcode="alloca"/>
<opset="tC_3_load_125/1 "/>
</bind>
</comp>

<comp id="214" class="1004" name="tC_2_load_127_fu_214">
<pin_list>
<pin id="215" dir="0" index="0" bw="1" slack="0"/>
<pin id="216" dir="1" index="1" bw="32" slack="1"/>
</pin_list>
<bind>
<opcode="alloca(26) " fcode="alloca"/>
<opset="tC_2_load_127/1 "/>
</bind>
</comp>

<comp id="218" class="1004" name="tC_1_load_129_fu_218">
<pin_list>
<pin id="219" dir="0" index="0" bw="1" slack="0"/>
<pin id="220" dir="1" index="1" bw="32" slack="1"/>
</pin_list>
<bind>
<opcode="alloca(26) " fcode="alloca"/>
<opset="tC_1_load_129/1 "/>
</bind>
</comp>

<comp id="222" class="1004" name="tC_load_131_fu_222">
<pin_list>
<pin id="223" dir="0" index="0" bw="1" slack="0"/>
<pin id="224" dir="1" index="1" bw="32" slack="1"/>
</pin_list>
<bind>
<opcode="alloca(26) " fcode="alloca"/>
<opset="tC_load_131/1 "/>
</bind>
</comp>

<comp id="226" class="1004" name="out_r_read_read_fu_226">
<pin_list>
<pin id="227" dir="0" index="0" bw="64" slack="0"/>
<pin id="228" dir="0" index="1" bw="64" slack="0"/>
<pin id="229" dir="1" index="2" bw="64" slack="1"/>
</pin_list>
<bind>
<opcode="read(1150) " fcode="read"/>
<opset="out_r_read/1 "/>
</bind>
</comp>

<comp id="232" class="1004" name="zext_ln25_read_read_fu_232">
<pin_list>
<pin id="233" dir="0" index="0" bw="7" slack="0"/>
<pin id="234" dir="0" index="1" bw="7" slack="0"/>
<pin id="235" dir="1" index="2" bw="7" slack="0"/>
</pin_list>
<bind>
<opcode="read(1150) " fcode="read"/>
<opset="zext_ln25_read/1 "/>
</bind>
</comp>

<comp id="238" class="1004" name="tmp_1_read_fu_238">
<pin_list>
<pin id="239" dir="0" index="0" bw="39" slack="0"/>
<pin id="240" dir="0" index="1" bw="39" slack="0"/>
<pin id="241" dir="1" index="2" bw="39" slack="0"/>
</pin_list>
<bind>
<opcode="read(1150) " fcode="read"/>
<opset="tmp_1/1 "/>
</bind>
</comp>

<comp id="244" class="1004" name="dim_cast6_read_read_fu_244">
<pin_list>
<pin id="245" dir="0" index="0" bw="32" slack="0"/>
<pin id="246" dir="0" index="1" bw="32" slack="0"/>
<pin id="247" dir="1" index="2" bw="32" slack="0"/>
</pin_list>
<bind>
<opcode="read(1150) " fcode="read"/>
<opset="dim_cast6_read/1 "/>
</bind>
</comp>

<comp id="250" class="1004" name="grp_writeresp_fu_250">
<pin_list>
<pin id="251" dir="0" index="0" bw="1" slack="0"/>
<pin id="252" dir="0" index="1" bw="32" slack="1"/>
<pin id="253" dir="0" index="2" bw="6" slack="0"/>
<pin id="254" dir="1" index="3" bw="1" slack="2147483647"/>
</pin_list>
<bind>
<opcode="writereq(1155) writeresp(1158) " fcode="writeresp"/>
<opset="empty_25/3 empty_24/5 "/>
</bind>
</comp>

<comp id="257" class="1004" name="write_ln45_write_fu_257">
<pin_list>
<pin id="258" dir="0" index="0" bw="0" slack="0"/>
<pin id="259" dir="0" index="1" bw="32" slack="2"/>
<pin id="260" dir="0" index="2" bw="32" slack="1"/>
<pin id="261" dir="0" index="3" bw="1" slack="0"/>
<pin id="262" dir="1" index="4" bw="0" slack="2147483647"/>
</pin_list>
<bind>
<opcode="write(1151) " fcode="write"/>
<opset="write_ln45/4 "/>
</bind>
</comp>

<comp id="266" class="1004" name="tC_addr_gep_fu_266">
<pin_list>
<pin id="267" dir="0" index="0" bw="32" slack="0"/>
<pin id="268" dir="0" index="1" bw="1" slack="0"/>
<pin id="269" dir="0" index="2" bw="5" slack="0"/>
<pin id="270" dir="1" index="3" bw="4" slack="0"/>
</pin_list>
<bind>
<opcode="getelementptr(29) " fcode="getelementptr"/>
<opset="tC_addr/1 "/>
</bind>
</comp>

<comp id="273" class="1004" name="tC_1_addr_gep_fu_273">
<pin_list>
<pin id="274" dir="0" index="0" bw="32" slack="0"/>
<pin id="275" dir="0" index="1" bw="1" slack="0"/>
<pin id="276" dir="0" index="2" bw="5" slack="0"/>
<pin id="277" dir="1" index="3" bw="4" slack="0"/>
</pin_list>
<bind>
<opcode="getelementptr(29) " fcode="getelementptr"/>
<opset="tC_1_addr/1 "/>
</bind>
</comp>

<comp id="280" class="1004" name="tC_2_addr_gep_fu_280">
<pin_list>
<pin id="281" dir="0" index="0" bw="32" slack="0"/>
<pin id="282" dir="0" index="1" bw="1" slack="0"/>
<pin id="283" dir="0" index="2" bw="5" slack="0"/>
<pin id="284" dir="1" index="3" bw="4" slack="0"/>
</pin_list>
<bind>
<opcode="getelementptr(29) " fcode="getelementptr"/>
<opset="tC_2_addr/1 "/>
</bind>
</comp>

<comp id="287" class="1004" name="tC_3_addr_gep_fu_287">
<pin_list>
<pin id="288" dir="0" index="0" bw="32" slack="0"/>
<pin id="289" dir="0" index="1" bw="1" slack="0"/>
<pin id="290" dir="0" index="2" bw="5" slack="0"/>
<pin id="291" dir="1" index="3" bw="4" slack="0"/>
</pin_list>
<bind>
<opcode="getelementptr(29) " fcode="getelementptr"/>
<opset="tC_3_addr/1 "/>
</bind>
</comp>

<comp id="294" class="1004" name="tC_4_addr_gep_fu_294">
<pin_list>
<pin id="295" dir="0" index="0" bw="32" slack="0"/>
<pin id="296" dir="0" index="1" bw="1" slack="0"/>
<pin id="297" dir="0" index="2" bw="5" slack="0"/>
<pin id="298" dir="1" index="3" bw="4" slack="0"/>
</pin_list>
<bind>
<opcode="getelementptr(29) " fcode="getelementptr"/>
<opset="tC_4_addr/1 "/>
</bind>
</comp>

<comp id="301" class="1004" name="tC_5_addr_gep_fu_301">
<pin_list>
<pin id="302" dir="0" index="0" bw="32" slack="0"/>
<pin id="303" dir="0" index="1" bw="1" slack="0"/>
<pin id="304" dir="0" index="2" bw="5" slack="0"/>
<pin id="305" dir="1" index="3" bw="4" slack="0"/>
</pin_list>
<bind>
<opcode="getelementptr(29) " fcode="getelementptr"/>
<opset="tC_5_addr/1 "/>
</bind>
</comp>

<comp id="308" class="1004" name="tC_6_addr_gep_fu_308">
<pin_list>
<pin id="309" dir="0" index="0" bw="32" slack="0"/>
<pin id="310" dir="0" index="1" bw="1" slack="0"/>
<pin id="311" dir="0" index="2" bw="5" slack="0"/>
<pin id="312" dir="1" index="3" bw="4" slack="0"/>
</pin_list>
<bind>
<opcode="getelementptr(29) " fcode="getelementptr"/>
<opset="tC_6_addr/1 "/>
</bind>
</comp>

<comp id="315" class="1004" name="tC_7_addr_gep_fu_315">
<pin_list>
<pin id="316" dir="0" index="0" bw="32" slack="0"/>
<pin id="317" dir="0" index="1" bw="1" slack="0"/>
<pin id="318" dir="0" index="2" bw="5" slack="0"/>
<pin id="319" dir="1" index="3" bw="4" slack="0"/>
</pin_list>
<bind>
<opcode="getelementptr(29) " fcode="getelementptr"/>
<opset="tC_7_addr/1 "/>
</bind>
</comp>

<comp id="322" class="1004" name="tC_8_addr_gep_fu_322">
<pin_list>
<pin id="323" dir="0" index="0" bw="32" slack="0"/>
<pin id="324" dir="0" index="1" bw="1" slack="0"/>
<pin id="325" dir="0" index="2" bw="5" slack="0"/>
<pin id="326" dir="1" index="3" bw="4" slack="0"/>
</pin_list>
<bind>
<opcode="getelementptr(29) " fcode="getelementptr"/>
<opset="tC_8_addr/1 "/>
</bind>
</comp>

<comp id="329" class="1004" name="tC_9_addr_gep_fu_329">
<pin_list>
<pin id="330" dir="0" index="0" bw="32" slack="0"/>
<pin id="331" dir="0" index="1" bw="1" slack="0"/>
<pin id="332" dir="0" index="2" bw="5" slack="0"/>
<pin id="333" dir="1" index="3" bw="4" slack="0"/>
</pin_list>
<bind>
<opcode="getelementptr(29) " fcode="getelementptr"/>
<opset="tC_9_addr/1 "/>
</bind>
</comp>

<comp id="336" class="1004" name="tC_10_addr_gep_fu_336">
<pin_list>
<pin id="337" dir="0" index="0" bw="32" slack="0"/>
<pin id="338" dir="0" index="1" bw="1" slack="0"/>
<pin id="339" dir="0" index="2" bw="5" slack="0"/>
<pin id="340" dir="1" index="3" bw="4" slack="0"/>
</pin_list>
<bind>
<opcode="getelementptr(29) " fcode="getelementptr"/>
<opset="tC_10_addr/1 "/>
</bind>
</comp>

<comp id="343" class="1004" name="tC_11_addr_gep_fu_343">
<pin_list>
<pin id="344" dir="0" index="0" bw="32" slack="0"/>
<pin id="345" dir="0" index="1" bw="1" slack="0"/>
<pin id="346" dir="0" index="2" bw="5" slack="0"/>
<pin id="347" dir="1" index="3" bw="4" slack="0"/>
</pin_list>
<bind>
<opcode="getelementptr(29) " fcode="getelementptr"/>
<opset="tC_11_addr/1 "/>
</bind>
</comp>

<comp id="350" class="1004" name="tC_12_addr_gep_fu_350">
<pin_list>
<pin id="351" dir="0" index="0" bw="32" slack="0"/>
<pin id="352" dir="0" index="1" bw="1" slack="0"/>
<pin id="353" dir="0" index="2" bw="5" slack="0"/>
<pin id="354" dir="1" index="3" bw="4" slack="0"/>
</pin_list>
<bind>
<opcode="getelementptr(29) " fcode="getelementptr"/>
<opset="tC_12_addr/1 "/>
</bind>
</comp>

<comp id="357" class="1004" name="tC_13_addr_gep_fu_357">
<pin_list>
<pin id="358" dir="0" index="0" bw="32" slack="0"/>
<pin id="359" dir="0" index="1" bw="1" slack="0"/>
<pin id="360" dir="0" index="2" bw="5" slack="0"/>
<pin id="361" dir="1" index="3" bw="4" slack="0"/>
</pin_list>
<bind>
<opcode="getelementptr(29) " fcode="getelementptr"/>
<opset="tC_13_addr/1 "/>
</bind>
</comp>

<comp id="364" class="1004" name="tC_14_addr_gep_fu_364">
<pin_list>
<pin id="365" dir="0" index="0" bw="32" slack="0"/>
<pin id="366" dir="0" index="1" bw="1" slack="0"/>
<pin id="367" dir="0" index="2" bw="5" slack="0"/>
<pin id="368" dir="1" index="3" bw="4" slack="0"/>
</pin_list>
<bind>
<opcode="getelementptr(29) " fcode="getelementptr"/>
<opset="tC_14_addr/1 "/>
</bind>
</comp>

<comp id="371" class="1004" name="tC_15_addr_gep_fu_371">
<pin_list>
<pin id="372" dir="0" index="0" bw="32" slack="0"/>
<pin id="373" dir="0" index="1" bw="1" slack="0"/>
<pin id="374" dir="0" index="2" bw="5" slack="0"/>
<pin id="375" dir="1" index="3" bw="4" slack="0"/>
</pin_list>
<bind>
<opcode="getelementptr(29) " fcode="getelementptr"/>
<opset="tC_15_addr/1 "/>
</bind>
</comp>

<comp id="378" class="1004" name="grp_access_fu_378">
<pin_list>
<pin id="379" dir="0" index="0" bw="4" slack="0"/>
<pin id="380" dir="0" index="1" bw="32" slack="2147483647"/>
<pin id="381" dir="0" index="2" bw="0" slack="2147483647"/>
<pin id="382" dir="1" index="3" bw="32" slack="0"/>
</pin_list>
<bind>
<opcode="load(27) " fcode="load"/>
<opset="tC_load/1 "/>
</bind>
</comp>

<comp id="384" class="1004" name="grp_access_fu_384">
<pin_list>
<pin id="385" dir="0" index="0" bw="4" slack="0"/>
<pin id="386" dir="0" index="1" bw="32" slack="2147483647"/>
<pin id="387" dir="0" index="2" bw="0" slack="2147483647"/>
<pin id="388" dir="1" index="3" bw="32" slack="0"/>
</pin_list>
<bind>
<opcode="load(27) " fcode="load"/>
<opset="tC_1_load/1 "/>
</bind>
</comp>

<comp id="390" class="1004" name="grp_access_fu_390">
<pin_list>
<pin id="391" dir="0" index="0" bw="4" slack="0"/>
<pin id="392" dir="0" index="1" bw="32" slack="2147483647"/>
<pin id="393" dir="0" index="2" bw="0" slack="2147483647"/>
<pin id="394" dir="1" index="3" bw="32" slack="0"/>
</pin_list>
<bind>
<opcode="load(27) " fcode="load"/>
<opset="tC_2_load/1 "/>
</bind>
</comp>

<comp id="396" class="1004" name="grp_access_fu_396">
<pin_list>
<pin id="397" dir="0" index="0" bw="4" slack="0"/>
<pin id="398" dir="0" index="1" bw="32" slack="2147483647"/>
<pin id="399" dir="0" index="2" bw="0" slack="2147483647"/>
<pin id="400" dir="1" index="3" bw="32" slack="0"/>
</pin_list>
<bind>
<opcode="load(27) " fcode="load"/>
<opset="tC_3_load/1 "/>
</bind>
</comp>

<comp id="402" class="1004" name="grp_access_fu_402">
<pin_list>
<pin id="403" dir="0" index="0" bw="4" slack="0"/>
<pin id="404" dir="0" index="1" bw="32" slack="2147483647"/>
<pin id="405" dir="0" index="2" bw="0" slack="2147483647"/>
<pin id="406" dir="1" index="3" bw="32" slack="0"/>
</pin_list>
<bind>
<opcode="load(27) " fcode="load"/>
<opset="tC_4_load/1 "/>
</bind>
</comp>

<comp id="408" class="1004" name="grp_access_fu_408">
<pin_list>
<pin id="409" dir="0" index="0" bw="4" slack="0"/>
<pin id="410" dir="0" index="1" bw="32" slack="2147483647"/>
<pin id="411" dir="0" index="2" bw="0" slack="2147483647"/>
<pin id="412" dir="1" index="3" bw="32" slack="0"/>
</pin_list>
<bind>
<opcode="load(27) " fcode="load"/>
<opset="tC_5_load/1 "/>
</bind>
</comp>

<comp id="414" class="1004" name="grp_access_fu_414">
<pin_list>
<pin id="415" dir="0" index="0" bw="4" slack="0"/>
<pin id="416" dir="0" index="1" bw="32" slack="2147483647"/>
<pin id="417" dir="0" index="2" bw="0" slack="2147483647"/>
<pin id="418" dir="1" index="3" bw="32" slack="0"/>
</pin_list>
<bind>
<opcode="load(27) " fcode="load"/>
<opset="tC_6_load/1 "/>
</bind>
</comp>

<comp id="420" class="1004" name="grp_access_fu_420">
<pin_list>
<pin id="421" dir="0" index="0" bw="4" slack="0"/>
<pin id="422" dir="0" index="1" bw="32" slack="2147483647"/>
<pin id="423" dir="0" index="2" bw="0" slack="2147483647"/>
<pin id="424" dir="1" index="3" bw="32" slack="0"/>
</pin_list>
<bind>
<opcode="load(27) " fcode="load"/>
<opset="tC_7_load/1 "/>
</bind>
</comp>

<comp id="426" class="1004" name="grp_access_fu_426">
<pin_list>
<pin id="427" dir="0" index="0" bw="4" slack="0"/>
<pin id="428" dir="0" index="1" bw="32" slack="2147483647"/>
<pin id="429" dir="0" index="2" bw="0" slack="2147483647"/>
<pin id="430" dir="1" index="3" bw="32" slack="0"/>
</pin_list>
<bind>
<opcode="load(27) " fcode="load"/>
<opset="tC_8_load/1 "/>
</bind>
</comp>

<comp id="432" class="1004" name="grp_access_fu_432">
<pin_list>
<pin id="433" dir="0" index="0" bw="4" slack="0"/>
<pin id="434" dir="0" index="1" bw="32" slack="2147483647"/>
<pin id="435" dir="0" index="2" bw="0" slack="2147483647"/>
<pin id="436" dir="1" index="3" bw="32" slack="0"/>
</pin_list>
<bind>
<opcode="load(27) " fcode="load"/>
<opset="tC_9_load/1 "/>
</bind>
</comp>

<comp id="438" class="1004" name="grp_access_fu_438">
<pin_list>
<pin id="439" dir="0" index="0" bw="4" slack="0"/>
<pin id="440" dir="0" index="1" bw="32" slack="2147483647"/>
<pin id="441" dir="0" index="2" bw="0" slack="2147483647"/>
<pin id="442" dir="1" index="3" bw="32" slack="0"/>
</pin_list>
<bind>
<opcode="load(27) " fcode="load"/>
<opset="tC_10_load/1 "/>
</bind>
</comp>

<comp id="444" class="1004" name="grp_access_fu_444">
<pin_list>
<pin id="445" dir="0" index="0" bw="4" slack="0"/>
<pin id="446" dir="0" index="1" bw="32" slack="2147483647"/>
<pin id="447" dir="0" index="2" bw="0" slack="2147483647"/>
<pin id="448" dir="1" index="3" bw="32" slack="0"/>
</pin_list>
<bind>
<opcode="load(27) " fcode="load"/>
<opset="tC_11_load/1 "/>
</bind>
</comp>

<comp id="450" class="1004" name="grp_access_fu_450">
<pin_list>
<pin id="451" dir="0" index="0" bw="4" slack="0"/>
<pin id="452" dir="0" index="1" bw="32" slack="2147483647"/>
<pin id="453" dir="0" index="2" bw="0" slack="2147483647"/>
<pin id="454" dir="1" index="3" bw="32" slack="0"/>
</pin_list>
<bind>
<opcode="load(27) " fcode="load"/>
<opset="tC_12_load/1 "/>
</bind>
</comp>

<comp id="456" class="1004" name="grp_access_fu_456">
<pin_list>
<pin id="457" dir="0" index="0" bw="4" slack="0"/>
<pin id="458" dir="0" index="1" bw="32" slack="2147483647"/>
<pin id="459" dir="0" index="2" bw="0" slack="2147483647"/>
<pin id="460" dir="1" index="3" bw="32" slack="0"/>
</pin_list>
<bind>
<opcode="load(27) " fcode="load"/>
<opset="tC_13_load/1 "/>
</bind>
</comp>

<comp id="462" class="1004" name="grp_access_fu_462">
<pin_list>
<pin id="463" dir="0" index="0" bw="4" slack="0"/>
<pin id="464" dir="0" index="1" bw="32" slack="2147483647"/>
<pin id="465" dir="0" index="2" bw="0" slack="2147483647"/>
<pin id="466" dir="1" index="3" bw="32" slack="0"/>
</pin_list>
<bind>
<opcode="load(27) " fcode="load"/>
<opset="tC_14_load/1 "/>
</bind>
</comp>

<comp id="468" class="1004" name="grp_access_fu_468">
<pin_list>
<pin id="469" dir="0" index="0" bw="4" slack="0"/>
<pin id="470" dir="0" index="1" bw="32" slack="2147483647"/>
<pin id="471" dir="0" index="2" bw="0" slack="2147483647"/>
<pin id="472" dir="1" index="3" bw="32" slack="0"/>
</pin_list>
<bind>
<opcode="load(27) " fcode="load"/>
<opset="tC_15_load/1 "/>
</bind>
</comp>

<comp id="474" class="1004" name="dim_cast6_cast_fu_474">
<pin_list>
<pin id="475" dir="0" index="0" bw="32" slack="0"/>
<pin id="476" dir="1" index="1" bw="37" slack="1"/>
</pin_list>
<bind>
<opcode="sext(35) " fcode="sext"/>
<opset="dim_cast6_cast/1 "/>
</bind>
</comp>

<comp id="478" class="1004" name="zext_ln25_cast_fu_478">
<pin_list>
<pin id="479" dir="0" index="0" bw="7" slack="0"/>
<pin id="480" dir="1" index="1" bw="40" slack="1"/>
</pin_list>
<bind>
<opcode="zext(34) " fcode="zext"/>
<opset="zext_ln25_cast/1 "/>
</bind>
</comp>

<comp id="482" class="1004" name="p_cast_fu_482">
<pin_list>
<pin id="483" dir="0" index="0" bw="39" slack="0"/>
<pin id="484" dir="1" index="1" bw="40" slack="1"/>
</pin_list>
<bind>
<opcode="sext(35) " fcode="sext"/>
<opset="p_cast/1 "/>
</bind>
</comp>

<comp id="486" class="1004" name="store_ln0_store_fu_486">
<pin_list>
<pin id="487" dir="0" index="0" bw="1" slack="0"/>
<pin id="488" dir="0" index="1" bw="9" slack="0"/>
<pin id="489" dir="1" index="2" bw="0" slack="2147483647"/>
</pin_list>
<bind>
<opcode="store(28) " fcode="store"/>
<opset="store_ln0/1 "/>
</bind>
</comp>

<comp id="491" class="1004" name="store_ln42_store_fu_491">
<pin_list>
<pin id="492" dir="0" index="0" bw="1" slack="0"/>
<pin id="493" dir="0" index="1" bw="5" slack="0"/>
<pin id="494" dir="1" index="2" bw="0" slack="2147483647"/>
</pin_list>
<bind>
<opcode="store(28) " fcode="store"/>
<opset="store_ln42/1 "/>
</bind>
</comp>

<comp id="496" class="1004" name="store_ln43_store_fu_496">
<pin_list>
<pin id="497" dir="0" index="0" bw="1" slack="0"/>
<pin id="498" dir="0" index="1" bw="5" slack="0"/>
<pin id="499" dir="1" index="2" bw="0" slack="2147483647"/>
</pin_list>
<bind>
<opcode="store(28) " fcode="store"/>
<opset="store_ln43/1 "/>
</bind>
</comp>

<comp id="501" class="1004" name="indvar_flatten52_load_load_fu_501">
<pin_list>
<pin id="502" dir="0" index="0" bw="9" slack="0"/>
<pin id="503" dir="1" index="1" bw="9" slack="0"/>
</pin_list>
<bind>
<opcode="load(27) " fcode="load"/>
<opset="indvar_flatten52_load/1 "/>
</bind>
</comp>

<comp id="504" class="1004" name="icmp_ln42_fu_504">
<pin_list>
<pin id="505" dir="0" index="0" bw="9" slack="0"/>
<pin id="506" dir="0" index="1" bw="9" slack="0"/>
<pin id="507" dir="1" index="2" bw="1" slack="7"/>
</pin_list>
<bind>
<opcode="icmp(45) " fcode="icmp"/>
<opset="icmp_ln42/1 "/>
</bind>
</comp>

<comp id="510" class="1004" name="add_ln42_fu_510">
<pin_list>
<pin id="511" dir="0" index="0" bw="9" slack="0"/>
<pin id="512" dir="0" index="1" bw="1" slack="0"/>
<pin id="513" dir="1" index="2" bw="9" slack="0"/>
</pin_list>
<bind>
<opcode="add(8) " fcode="add"/>
<opset="add_ln42/1 "/>
</bind>
</comp>

<comp id="516" class="1004" name="j_load_load_fu_516">
<pin_list>
<pin id="517" dir="0" index="0" bw="5" slack="0"/>
<pin id="518" dir="1" index="1" bw="5" slack="0"/>
</pin_list>
<bind>
<opcode="load(27) " fcode="load"/>
<opset="j_load/1 "/>
</bind>
</comp>

<comp id="519" class="1004" name="i_load_load_fu_519">
<pin_list>
<pin id="520" dir="0" index="0" bw="5" slack="0"/>
<pin id="521" dir="1" index="1" bw="5" slack="0"/>
</pin_list>
<bind>
<opcode="load(27) " fcode="load"/>
<opset="i_load/1 "/>
</bind>
</comp>

<comp id="522" class="1004" name="icmp_ln43_fu_522">
<pin_list>
<pin id="523" dir="0" index="0" bw="5" slack="0"/>
<pin id="524" dir="0" index="1" bw="5" slack="0"/>
<pin id="525" dir="1" index="2" bw="1" slack="0"/>
</pin_list>
<bind>
<opcode="icmp(45) " fcode="icmp"/>
<opset="icmp_ln43/1 "/>
</bind>
</comp>

<comp id="528" class="1004" name="select_ln42_fu_528">
<pin_list>
<pin id="529" dir="0" index="0" bw="1" slack="0"/>
<pin id="530" dir="0" index="1" bw="1" slack="0"/>
<pin id="531" dir="0" index="2" bw="5" slack="0"/>
<pin id="532" dir="1" index="3" bw="5" slack="0"/>
</pin_list>
<bind>
<opcode="select(49) " fcode="select"/>
<opset="select_ln42/1 "/>
</bind>
</comp>

<comp id="536" class="1004" name="add_ln42_1_fu_536">
<pin_list>
<pin id="537" dir="0" index="0" bw="5" slack="0"/>
<pin id="538" dir="0" index="1" bw="1" slack="0"/>
<pin id="539" dir="1" index="2" bw="5" slack="0"/>
</pin_list>
<bind>
<opcode="add(8) " fcode="add"/>
<opset="add_ln42_1/1 "/>
</bind>
</comp>

<comp id="542" class="1004" name="select_ln42_1_fu_542">
<pin_list>
<pin id="543" dir="0" index="0" bw="1" slack="0"/>
<pin id="544" dir="0" index="1" bw="5" slack="0"/>
<pin id="545" dir="0" index="2" bw="5" slack="0"/>
<pin id="546" dir="1" index="3" bw="5" slack="0"/>
</pin_list>
<bind>
<opcode="select(49) " fcode="select"/>
<opset="select_ln42_1/1 "/>
</bind>
</comp>

<comp id="550" class="1004" name="first_iter_3_fu_550">
<pin_list>
<pin id="551" dir="0" index="0" bw="5" slack="0"/>
<pin id="552" dir="0" index="1" bw="1" slack="0"/>
<pin id="553" dir="1" index="2" bw="1" slack="1"/>
</pin_list>
<bind>
<opcode="icmp(45) " fcode="icmp"/>
<opset="first_iter_3/1 "/>
</bind>
</comp>

<comp id="556" class="1004" name="zext_ln42_fu_556">
<pin_list>
<pin id="557" dir="0" index="0" bw="5" slack="0"/>
<pin id="558" dir="1" index="1" bw="64" slack="0"/>
</pin_list>
<bind>
<opcode="zext(34) " fcode="zext"/>
<opset="zext_ln42/1 "/>
</bind>
</comp>

<comp id="576" class="1004" name="trunc_ln43_fu_576">
<pin_list>
<pin id="577" dir="0" index="0" bw="5" slack="0"/>
<pin id="578" dir="1" index="1" bw="4" slack="2"/>
</pin_list>
<bind>
<opcode="trunc(33) " fcode="trunc"/>
<opset="trunc_ln43/1 "/>
</bind>
</comp>

<comp id="580" class="1004" name="add_ln43_fu_580">
<pin_list>
<pin id="581" dir="0" index="0" bw="5" slack="0"/>
<pin id="582" dir="0" index="1" bw="1" slack="0"/>
<pin id="583" dir="1" index="2" bw="5" slack="0"/>
</pin_list>
<bind>
<opcode="add(8) " fcode="add"/>
<opset="add_ln43/1 "/>
</bind>
</comp>

<comp id="586" class="1004" name="icmp_ln43_1_fu_586">
<pin_list>
<pin id="587" dir="0" index="0" bw="5" slack="0"/>
<pin id="588" dir="0" index="1" bw="5" slack="0"/>
<pin id="589" dir="1" index="2" bw="1" slack="4"/>
</pin_list>
<bind>
<opcode="icmp(45) " fcode="icmp"/>
<opset="icmp_ln43_1/1 "/>
</bind>
</comp>

<comp id="592" class="1004" name="store_ln42_store_fu_592">
<pin_list>
<pin id="593" dir="0" index="0" bw="9" slack="0"/>
<pin id="594" dir="0" index="1" bw="9" slack="0"/>
<pin id="595" dir="1" index="2" bw="0" slack="2147483647"/>
</pin_list>
<bind>
<opcode="store(28) " fcode="store"/>
<opset="store_ln42/1 "/>
</bind>
</comp>

<comp id="597" class="1004" name="store_ln42_store_fu_597">
<pin_list>
<pin id="598" dir="0" index="0" bw="5" slack="0"/>
<pin id="599" dir="0" index="1" bw="5" slack="0"/>
<pin id="600" dir="1" index="2" bw="0" slack="2147483647"/>
</pin_list>
<bind>
<opcode="store(28) " fcode="store"/>
<opset="store_ln42/1 "/>
</bind>
</comp>

<comp id="602" class="1004" name="store_ln43_store_fu_602">
<pin_list>
<pin id="603" dir="0" index="0" bw="5" slack="0"/>
<pin id="604" dir="0" index="1" bw="5" slack="0"/>
<pin id="605" dir="1" index="2" bw="0" slack="2147483647"/>
</pin_list>
<bind>
<opcode="store(28) " fcode="store"/>
<opset="store_ln43/1 "/>
</bind>
</comp>

<comp id="607" class="1004" name="zext_ln42_1_fu_607">
<pin_list>
<pin id="608" dir="0" index="0" bw="5" slack="1"/>
<pin id="609" dir="1" index="1" bw="37" slack="0"/>
</pin_list>
<bind>
<opcode="zext(34) " fcode="zext"/>
<opset="zext_ln42_1/2 "/>
</bind>
</comp>

<comp id="610" class="1004" name="empty_26_fu_610">
<pin_list>
<pin id="611" dir="0" index="0" bw="5" slack="0"/>
<pin id="612" dir="0" index="1" bw="32" slack="1"/>
<pin id="613" dir="1" index="2" bw="37" slack="0"/>
</pin_list>
<bind>
<opcode="mul(12) " fcode="mul"/>
<opset="empty_26/2 "/>
</bind>
</comp>

<comp id="615" class="1004" name="p_cast1_fu_615">
<pin_list>
<pin id="616" dir="0" index="0" bw="37" slack="0"/>
<pin id="617" dir="1" index="1" bw="40" slack="0"/>
</pin_list>
<bind>
<opcode="sext(35) " fcode="sext"/>
<opset="p_cast1/2 "/>
</bind>
</comp>

<comp id="619" class="1004" name="tmp3_fu_619">
<pin_list>
<pin id="620" dir="0" index="0" bw="39" slack="1"/>
<pin id="621" dir="0" index="1" bw="37" slack="0"/>
<pin id="622" dir="1" index="2" bw="40" slack="0"/>
</pin_list>
<bind>
<opcode="add(8) " fcode="add"/>
<opset="tmp3/2 "/>
</bind>
</comp>

<comp id="624" class="1004" name="empty_27_fu_624">
<pin_list>
<pin id="625" dir="0" index="0" bw="40" slack="0"/>
<pin id="626" dir="0" index="1" bw="7" slack="1"/>
<pin id="627" dir="1" index="2" bw="40" slack="0"/>
</pin_list>
<bind>
<opcode="add(8) " fcode="add"/>
<opset="empty_27/2 "/>
</bind>
</comp>

<comp id="629" class="1004" name="tmp_8_fu_629">
<pin_list>
<pin id="630" dir="0" index="0" bw="42" slack="0"/>
<pin id="631" dir="0" index="1" bw="40" slack="0"/>
<pin id="632" dir="0" index="2" bw="1" slack="0"/>
<pin id="633" dir="1" index="3" bw="42" slack="0"/>
</pin_list>
<bind>
<opcode="bitconcatenate(1004) " fcode="bitconcatenate"/>
<opset="tmp_8/2 "/>
</bind>
</comp>

<comp id="637" class="1004" name="tmp_8_cast_fu_637">
<pin_list>
<pin id="638" dir="0" index="0" bw="42" slack="0"/>
<pin id="639" dir="1" index="1" bw="64" slack="0"/>
</pin_list>
<bind>
<opcode="sext(35) " fcode="sext"/>
<opset="tmp_8_cast/2 "/>
</bind>
</comp>

<comp id="641" class="1004" name="empty_28_fu_641">
<pin_list>
<pin id="642" dir="0" index="0" bw="42" slack="0"/>
<pin id="643" dir="0" index="1" bw="64" slack="1"/>
<pin id="644" dir="1" index="2" bw="64" slack="0"/>
</pin_list>
<bind>
<opcode="add(8) " fcode="add"/>
<opset="empty_28/2 "/>
</bind>
</comp>

<comp id="646" class="1004" name="trunc_ln3_fu_646">
<pin_list>
<pin id="647" dir="0" index="0" bw="62" slack="0"/>
<pin id="648" dir="0" index="1" bw="64" slack="0"/>
<pin id="649" dir="0" index="2" bw="3" slack="0"/>
<pin id="650" dir="0" index="3" bw="7" slack="0"/>
<pin id="651" dir="1" index="4" bw="62" slack="0"/>
</pin_list>
<bind>
<opcode="partselect(1002) " fcode="partselect"/>
<opset="trunc_ln3/2 "/>
</bind>
</comp>

<comp id="656" class="1004" name="sext_ln43_fu_656">
<pin_list>
<pin id="657" dir="0" index="0" bw="62" slack="0"/>
<pin id="658" dir="1" index="1" bw="64" slack="0"/>
</pin_list>
<bind>
<opcode="sext(35) " fcode="sext"/>
<opset="sext_ln43/2 "/>
</bind>
</comp>

<comp id="660" class="1004" name="gmem_addr_fu_660">
<pin_list>
<pin id="661" dir="0" index="0" bw="32" slack="0"/>
<pin id="662" dir="0" index="1" bw="62" slack="0"/>
<pin id="663" dir="1" index="2" bw="32" slack="1"/>
</pin_list>
<bind>
<opcode="getelementptr(29) " fcode="getelementptr"/>
<opset="gmem_addr/2 "/>
</bind>
</comp>

<comp id="666" class="1004" name="store_ln42_store_fu_666">
<pin_list>
<pin id="667" dir="0" index="0" bw="32" slack="0"/>
<pin id="668" dir="0" index="1" bw="32" slack="1"/>
<pin id="669" dir="1" index="2" bw="0" slack="2147483647"/>
</pin_list>
<bind>
<opcode="store(28) " fcode="store"/>
<opset="store_ln42/2 "/>
</bind>
</comp>

<comp id="671" class="1004" name="store_ln42_store_fu_671">
<pin_list>
<pin id="672" dir="0" index="0" bw="32" slack="0"/>
<pin id="673" dir="0" index="1" bw="32" slack="1"/>
<pin id="674" dir="1" index="2" bw="0" slack="2147483647"/>
</pin_list>
<bind>
<opcode="store(28) " fcode="store"/>
<opset="store_ln42/2 "/>
</bind>
</comp>

<comp id="676" class="1004" name="store_ln42_store_fu_676">
<pin_list>
<pin id="677" dir="0" index="0" bw="32" slack="0"/>
<pin id="678" dir="0" index="1" bw="32" slack="1"/>
<pin id="679" dir="1" index="2" bw="0" slack="2147483647"/>
</pin_list>
<bind>
<opcode="store(28) " fcode="store"/>
<opset="store_ln42/2 "/>
</bind>
</comp>

<comp id="681" class="1004" name="store_ln42_store_fu_681">
<pin_list>
<pin id="682" dir="0" index="0" bw="32" slack="0"/>
<pin id="683" dir="0" index="1" bw="32" slack="1"/>
<pin id="684" dir="1" index="2" bw="0" slack="2147483647"/>
</pin_list>
<bind>
<opcode="store(28) " fcode="store"/>
<opset="store_ln42/2 "/>
</bind>
</comp>

<comp id="686" class="1004" name="store_ln42_store_fu_686">
<pin_list>
<pin id="687" dir="0" index="0" bw="32" slack="0"/>
<pin id="688" dir="0" index="1" bw="32" slack="1"/>
<pin id="689" dir="1" index="2" bw="0" slack="2147483647"/>
</pin_list>
<bind>
<opcode="store(28) " fcode="store"/>
<opset="store_ln42/2 "/>
</bind>
</comp>

<comp id="691" class="1004" name="store_ln42_store_fu_691">
<pin_list>
<pin id="692" dir="0" index="0" bw="32" slack="0"/>
<pin id="693" dir="0" index="1" bw="32" slack="1"/>
<pin id="694" dir="1" index="2" bw="0" slack="2147483647"/>
</pin_list>
<bind>
<opcode="store(28) " fcode="store"/>
<opset="store_ln42/2 "/>
</bind>
</comp>

<comp id="696" class="1004" name="store_ln42_store_fu_696">
<pin_list>
<pin id="697" dir="0" index="0" bw="32" slack="0"/>
<pin id="698" dir="0" index="1" bw="32" slack="1"/>
<pin id="699" dir="1" index="2" bw="0" slack="2147483647"/>
</pin_list>
<bind>
<opcode="store(28) " fcode="store"/>
<opset="store_ln42/2 "/>
</bind>
</comp>

<comp id="701" class="1004" name="store_ln42_store_fu_701">
<pin_list>
<pin id="702" dir="0" index="0" bw="32" slack="0"/>
<pin id="703" dir="0" index="1" bw="32" slack="1"/>
<pin id="704" dir="1" index="2" bw="0" slack="2147483647"/>
</pin_list>
<bind>
<opcode="store(28) " fcode="store"/>
<opset="store_ln42/2 "/>
</bind>
</comp>

<comp id="706" class="1004" name="store_ln42_store_fu_706">
<pin_list>
<pin id="707" dir="0" index="0" bw="32" slack="0"/>
<pin id="708" dir="0" index="1" bw="32" slack="1"/>
<pin id="709" dir="1" index="2" bw="0" slack="2147483647"/>
</pin_list>
<bind>
<opcode="store(28) " fcode="store"/>
<opset="store_ln42/2 "/>
</bind>
</comp>

<comp id="711" class="1004" name="store_ln42_store_fu_711">
<pin_list>
<pin id="712" dir="0" index="0" bw="32" slack="0"/>
<pin id="713" dir="0" index="1" bw="32" slack="1"/>
<pin id="714" dir="1" index="2" bw="0" slack="2147483647"/>
</pin_list>
<bind>
<opcode="store(28) " fcode="store"/>
<opset="store_ln42/2 "/>
</bind>
</comp>

<comp id="716" class="1004" name="store_ln42_store_fu_716">
<pin_list>
<pin id="717" dir="0" index="0" bw="32" slack="0"/>
<pin id="718" dir="0" index="1" bw="32" slack="1"/>
<pin id="719" dir="1" index="2" bw="0" slack="2147483647"/>
</pin_list>
<bind>
<opcode="store(28) " fcode="store"/>
<opset="store_ln42/2 "/>
</bind>
</comp>

<comp id="721" class="1004" name="store_ln42_store_fu_721">
<pin_list>
<pin id="722" dir="0" index="0" bw="32" slack="0"/>
<pin id="723" dir="0" index="1" bw="32" slack="1"/>
<pin id="724" dir="1" index="2" bw="0" slack="2147483647"/>
</pin_list>
<bind>
<opcode="store(28) " fcode="store"/>
<opset="store_ln42/2 "/>
</bind>
</comp>

<comp id="726" class="1004" name="store_ln42_store_fu_726">
<pin_list>
<pin id="727" dir="0" index="0" bw="32" slack="0"/>
<pin id="728" dir="0" index="1" bw="32" slack="1"/>
<pin id="729" dir="1" index="2" bw="0" slack="2147483647"/>
</pin_list>
<bind>
<opcode="store(28) " fcode="store"/>
<opset="store_ln42/2 "/>
</bind>
</comp>

<comp id="731" class="1004" name="store_ln42_store_fu_731">
<pin_list>
<pin id="732" dir="0" index="0" bw="32" slack="0"/>
<pin id="733" dir="0" index="1" bw="32" slack="1"/>
<pin id="734" dir="1" index="2" bw="0" slack="2147483647"/>
</pin_list>
<bind>
<opcode="store(28) " fcode="store"/>
<opset="store_ln42/2 "/>
</bind>
</comp>

<comp id="736" class="1004" name="store_ln42_store_fu_736">
<pin_list>
<pin id="737" dir="0" index="0" bw="32" slack="0"/>
<pin id="738" dir="0" index="1" bw="32" slack="1"/>
<pin id="739" dir="1" index="2" bw="0" slack="2147483647"/>
</pin_list>
<bind>
<opcode="store(28) " fcode="store"/>
<opset="store_ln42/2 "/>
</bind>
</comp>

<comp id="741" class="1004" name="store_ln42_store_fu_741">
<pin_list>
<pin id="742" dir="0" index="0" bw="32" slack="0"/>
<pin id="743" dir="0" index="1" bw="32" slack="1"/>
<pin id="744" dir="1" index="2" bw="0" slack="2147483647"/>
</pin_list>
<bind>
<opcode="store(28) " fcode="store"/>
<opset="store_ln42/2 "/>
</bind>
</comp>

<comp id="746" class="1004" name="tC_15_load_1_load_fu_746">
<pin_list>
<pin id="747" dir="0" index="0" bw="32" slack="2"/>
<pin id="748" dir="1" index="1" bw="32" slack="0"/>
</pin_list>
<bind>
<opcode="load(27) " fcode="load"/>
<opset="tC_15_load_1/3 "/>
</bind>
</comp>

<comp id="749" class="1004" name="tC_14_load_1_load_fu_749">
<pin_list>
<pin id="750" dir="0" index="0" bw="32" slack="2"/>
<pin id="751" dir="1" index="1" bw="32" slack="0"/>
</pin_list>
<bind>
<opcode="load(27) " fcode="load"/>
<opset="tC_14_load_1/3 "/>
</bind>
</comp>

<comp id="752" class="1004" name="tC_13_load_1_load_fu_752">
<pin_list>
<pin id="753" dir="0" index="0" bw="32" slack="2"/>
<pin id="754" dir="1" index="1" bw="32" slack="0"/>
</pin_list>
<bind>
<opcode="load(27) " fcode="load"/>
<opset="tC_13_load_1/3 "/>
</bind>
</comp>

<comp id="755" class="1004" name="tC_12_load_1_load_fu_755">
<pin_list>
<pin id="756" dir="0" index="0" bw="32" slack="2"/>
<pin id="757" dir="1" index="1" bw="32" slack="0"/>
</pin_list>
<bind>
<opcode="load(27) " fcode="load"/>
<opset="tC_12_load_1/3 "/>
</bind>
</comp>

<comp id="758" class="1004" name="tC_11_load_1_load_fu_758">
<pin_list>
<pin id="759" dir="0" index="0" bw="32" slack="2"/>
<pin id="760" dir="1" index="1" bw="32" slack="0"/>
</pin_list>
<bind>
<opcode="load(27) " fcode="load"/>
<opset="tC_11_load_1/3 "/>
</bind>
</comp>

<comp id="761" class="1004" name="tC_10_load_1_load_fu_761">
<pin_list>
<pin id="762" dir="0" index="0" bw="32" slack="2"/>
<pin id="763" dir="1" index="1" bw="32" slack="0"/>
</pin_list>
<bind>
<opcode="load(27) " fcode="load"/>
<opset="tC_10_load_1/3 "/>
</bind>
</comp>

<comp id="764" class="1004" name="tC_9_load_1_load_fu_764">
<pin_list>
<pin id="765" dir="0" index="0" bw="32" slack="2"/>
<pin id="766" dir="1" index="1" bw="32" slack="0"/>
</pin_list>
<bind>
<opcode="load(27) " fcode="load"/>
<opset="tC_9_load_1/3 "/>
</bind>
</comp>

<comp id="767" class="1004" name="tC_8_load_1_load_fu_767">
<pin_list>
<pin id="768" dir="0" index="0" bw="32" slack="2"/>
<pin id="769" dir="1" index="1" bw="32" slack="0"/>
</pin_list>
<bind>
<opcode="load(27) " fcode="load"/>
<opset="tC_8_load_1/3 "/>
</bind>
</comp>

<comp id="770" class="1004" name="tC_7_load_1_load_fu_770">
<pin_list>
<pin id="771" dir="0" index="0" bw="32" slack="2"/>
<pin id="772" dir="1" index="1" bw="32" slack="0"/>
</pin_list>
<bind>
<opcode="load(27) " fcode="load"/>
<opset="tC_7_load_1/3 "/>
</bind>
</comp>

<comp id="773" class="1004" name="tC_6_load_1_load_fu_773">
<pin_list>
<pin id="774" dir="0" index="0" bw="32" slack="2"/>
<pin id="775" dir="1" index="1" bw="32" slack="0"/>
</pin_list>
<bind>
<opcode="load(27) " fcode="load"/>
<opset="tC_6_load_1/3 "/>
</bind>
</comp>

<comp id="776" class="1004" name="tC_5_load_1_load_fu_776">
<pin_list>
<pin id="777" dir="0" index="0" bw="32" slack="2"/>
<pin id="778" dir="1" index="1" bw="32" slack="0"/>
</pin_list>
<bind>
<opcode="load(27) " fcode="load"/>
<opset="tC_5_load_1/3 "/>
</bind>
</comp>

<comp id="779" class="1004" name="tC_4_load_1_load_fu_779">
<pin_list>
<pin id="780" dir="0" index="0" bw="32" slack="2"/>
<pin id="781" dir="1" index="1" bw="32" slack="0"/>
</pin_list>
<bind>
<opcode="load(27) " fcode="load"/>
<opset="tC_4_load_1/3 "/>
</bind>
</comp>

<comp id="782" class="1004" name="tC_3_load_1_load_fu_782">
<pin_list>
<pin id="783" dir="0" index="0" bw="32" slack="2"/>
<pin id="784" dir="1" index="1" bw="32" slack="0"/>
</pin_list>
<bind>
<opcode="load(27) " fcode="load"/>
<opset="tC_3_load_1/3 "/>
</bind>
</comp>

<comp id="785" class="1004" name="tC_2_load_1_load_fu_785">
<pin_list>
<pin id="786" dir="0" index="0" bw="32" slack="2"/>
<pin id="787" dir="1" index="1" bw="32" slack="0"/>
</pin_list>
<bind>
<opcode="load(27) " fcode="load"/>
<opset="tC_2_load_1/3 "/>
</bind>
</comp>

<comp id="788" class="1004" name="tC_1_load_1_load_fu_788">
<pin_list>
<pin id="789" dir="0" index="0" bw="32" slack="2"/>
<pin id="790" dir="1" index="1" bw="32" slack="0"/>
</pin_list>
<bind>
<opcode="load(27) " fcode="load"/>
<opset="tC_1_load_1/3 "/>
</bind>
</comp>

<comp id="791" class="1004" name="tC_load_1_load_fu_791">
<pin_list>
<pin id="792" dir="0" index="0" bw="32" slack="2"/>
<pin id="793" dir="1" index="1" bw="32" slack="0"/>
</pin_list>
<bind>
<opcode="load(27) " fcode="load"/>
<opset="tC_load_1/3 "/>
</bind>
</comp>

<comp id="794" class="1004" name="tmp_fu_794">
<pin_list>
<pin id="795" dir="0" index="0" bw="32" slack="0"/>
<pin id="796" dir="0" index="1" bw="4" slack="0"/>
<pin id="797" dir="0" index="2" bw="32" slack="0"/>
<pin id="798" dir="0" index="3" bw="4" slack="0"/>
<pin id="799" dir="0" index="4" bw="32" slack="0"/>
<pin id="800" dir="0" index="5" bw="4" slack="0"/>
<pin id="801" dir="0" index="6" bw="32" slack="0"/>
<pin id="802" dir="0" index="7" bw="4" slack="0"/>
<pin id="803" dir="0" index="8" bw="32" slack="0"/>
<pin id="804" dir="0" index="9" bw="4" slack="0"/>
<pin id="805" dir="0" index="10" bw="32" slack="0"/>
<pin id="806" dir="0" index="11" bw="4" slack="0"/>
<pin id="807" dir="0" index="12" bw="32" slack="0"/>
<pin id="808" dir="0" index="13" bw="4" slack="0"/>
<pin id="809" dir="0" index="14" bw="32" slack="0"/>
<pin id="810" dir="0" index="15" bw="4" slack="0"/>
<pin id="811" dir="0" index="16" bw="32" slack="0"/>
<pin id="812" dir="0" index="17" bw="4" slack="0"/>
<pin id="813" dir="0" index="18" bw="32" slack="0"/>
<pin id="814" dir="0" index="19" bw="4" slack="0"/>
<pin id="815" dir="0" index="20" bw="32" slack="0"/>
<pin id="816" dir="0" index="21" bw="4" slack="0"/>
<pin id="817" dir="0" index="22" bw="32" slack="0"/>
<pin id="818" dir="0" index="23" bw="4" slack="0"/>
<pin id="819" dir="0" index="24" bw="32" slack="0"/>
<pin id="820" dir="0" index="25" bw="4" slack="0"/>
<pin id="821" dir="0" index="26" bw="32" slack="0"/>
<pin id="822" dir="0" index="27" bw="4" slack="0"/>
<pin id="823" dir="0" index="28" bw="32" slack="0"/>
<pin id="824" dir="0" index="29" bw="4" slack="0"/>
<pin id="825" dir="0" index="30" bw="32" slack="0"/>
<pin id="826" dir="0" index="31" bw="4" slack="0"/>
<pin id="827" dir="0" index="32" bw="32" slack="0"/>
<pin id="828" dir="0" index="33" bw="32" slack="0"/>
<pin id="829" dir="0" index="34" bw="4" slack="2"/>
<pin id="830" dir="1" index="35" bw="32" slack="1"/>
</pin_list>
<bind>
<opcode="sparsemux(1197) " fcode="sparsemux"/>
<opset="tmp/3 "/>
</bind>
</comp>

<comp id="865" class="1005" name="j_reg_865">
<pin_list>
<pin id="866" dir="0" index="0" bw="5" slack="0"/>
<pin id="867" dir="1" index="1" bw="5" slack="0"/>
</pin_list>
<bind>
<opset="j "/>
</bind>
</comp>

<comp id="872" class="1005" name="i_reg_872">
<pin_list>
<pin id="873" dir="0" index="0" bw="5" slack="0"/>
<pin id="874" dir="1" index="1" bw="5" slack="0"/>
</pin_list>
<bind>
<opset="i "/>
</bind>
</comp>

<comp id="879" class="1005" name="indvar_flatten52_reg_879">
<pin_list>
<pin id="880" dir="0" index="0" bw="9" slack="0"/>
<pin id="881" dir="1" index="1" bw="9" slack="0"/>
</pin_list>
<bind>
<opset="indvar_flatten52 "/>
</bind>
</comp>

<comp id="886" class="1005" name="tC_15_load_11_reg_886">
<pin_list>
<pin id="887" dir="0" index="0" bw="32" slack="1"/>
<pin id="888" dir="1" index="1" bw="32" slack="1"/>
</pin_list>
<bind>
<opset="tC_15_load_11 "/>
</bind>
</comp>

<comp id="892" class="1005" name="tC_14_load_13_reg_892">
<pin_list>
<pin id="893" dir="0" index="0" bw="32" slack="1"/>
<pin id="894" dir="1" index="1" bw="32" slack="1"/>
</pin_list>
<bind>
<opset="tC_14_load_13 "/>
</bind>
</comp>

<comp id="898" class="1005" name="tC_13_load_15_reg_898">
<pin_list>
<pin id="899" dir="0" index="0" bw="32" slack="1"/>
<pin id="900" dir="1" index="1" bw="32" slack="1"/>
</pin_list>
<bind>
<opset="tC_13_load_15 "/>
</bind>
</comp>

<comp id="904" class="1005" name="tC_12_load_17_reg_904">
<pin_list>
<pin id="905" dir="0" index="0" bw="32" slack="1"/>
<pin id="906" dir="1" index="1" bw="32" slack="1"/>
</pin_list>
<bind>
<opset="tC_12_load_17 "/>
</bind>
</comp>

<comp id="910" class="1005" name="tC_11_load_19_reg_910">
<pin_list>
<pin id="911" dir="0" index="0" bw="32" slack="1"/>
<pin id="912" dir="1" index="1" bw="32" slack="1"/>
</pin_list>
<bind>
<opset="tC_11_load_19 "/>
</bind>
</comp>

<comp id="916" class="1005" name="tC_10_load_111_reg_916">
<pin_list>
<pin id="917" dir="0" index="0" bw="32" slack="1"/>
<pin id="918" dir="1" index="1" bw="32" slack="1"/>
</pin_list>
<bind>
<opset="tC_10_load_111 "/>
</bind>
</comp>

<comp id="922" class="1005" name="tC_9_load_113_reg_922">
<pin_list>
<pin id="923" dir="0" index="0" bw="32" slack="1"/>
<pin id="924" dir="1" index="1" bw="32" slack="1"/>
</pin_list>
<bind>
<opset="tC_9_load_113 "/>
</bind>
</comp>

<comp id="928" class="1005" name="tC_8_load_115_reg_928">
<pin_list>
<pin id="929" dir="0" index="0" bw="32" slack="1"/>
<pin id="930" dir="1" index="1" bw="32" slack="1"/>
</pin_list>
<bind>
<opset="tC_8_load_115 "/>
</bind>
</comp>

<comp id="934" class="1005" name="tC_7_load_117_reg_934">
<pin_list>
<pin id="935" dir="0" index="0" bw="32" slack="1"/>
<pin id="936" dir="1" index="1" bw="32" slack="1"/>
</pin_list>
<bind>
<opset="tC_7_load_117 "/>
</bind>
</comp>

<comp id="940" class="1005" name="tC_6_load_119_reg_940">
<pin_list>
<pin id="941" dir="0" index="0" bw="32" slack="1"/>
<pin id="942" dir="1" index="1" bw="32" slack="1"/>
</pin_list>
<bind>
<opset="tC_6_load_119 "/>
</bind>
</comp>

<comp id="946" class="1005" name="tC_5_load_121_reg_946">
<pin_list>
<pin id="947" dir="0" index="0" bw="32" slack="1"/>
<pin id="948" dir="1" index="1" bw="32" slack="1"/>
</pin_list>
<bind>
<opset="tC_5_load_121 "/>
</bind>
</comp>

<comp id="952" class="1005" name="tC_4_load_123_reg_952">
<pin_list>
<pin id="953" dir="0" index="0" bw="32" slack="1"/>
<pin id="954" dir="1" index="1" bw="32" slack="1"/>
</pin_list>
<bind>
<opset="tC_4_load_123 "/>
</bind>
</comp>

<comp id="958" class="1005" name="tC_3_load_125_reg_958">
<pin_list>
<pin id="959" dir="0" index="0" bw="32" slack="1"/>
<pin id="960" dir="1" index="1" bw="32" slack="1"/>
</pin_list>
<bind>
<opset="tC_3_load_125 "/>
</bind>
</comp>

<comp id="964" class="1005" name="tC_2_load_127_reg_964">
<pin_list>
<pin id="965" dir="0" index="0" bw="32" slack="1"/>
<pin id="966" dir="1" index="1" bw="32" slack="1"/>
</pin_list>
<bind>
<opset="tC_2_load_127 "/>
</bind>
</comp>

<comp id="970" class="1005" name="tC_1_load_129_reg_970">
<pin_list>
<pin id="971" dir="0" index="0" bw="32" slack="1"/>
<pin id="972" dir="1" index="1" bw="32" slack="1"/>
</pin_list>
<bind>
<opset="tC_1_load_129 "/>
</bind>
</comp>

<comp id="976" class="1005" name="tC_load_131_reg_976">
<pin_list>
<pin id="977" dir="0" index="0" bw="32" slack="1"/>
<pin id="978" dir="1" index="1" bw="32" slack="1"/>
</pin_list>
<bind>
<opset="tC_load_131 "/>
</bind>
</comp>

<comp id="982" class="1005" name="out_r_read_reg_982">
<pin_list>
<pin id="983" dir="0" index="0" bw="64" slack="1"/>
<pin id="984" dir="1" index="1" bw="64" slack="1"/>
</pin_list>
<bind>
<opset="out_r_read "/>
</bind>
</comp>

<comp id="987" class="1005" name="dim_cast6_cast_reg_987">
<pin_list>
<pin id="988" dir="0" index="0" bw="37" slack="1"/>
<pin id="989" dir="1" index="1" bw="37" slack="1"/>
</pin_list>
<bind>
<opset="dim_cast6_cast "/>
</bind>
</comp>

<comp id="992" class="1005" name="zext_ln25_cast_reg_992">
<pin_list>
<pin id="993" dir="0" index="0" bw="40" slack="1"/>
<pin id="994" dir="1" index="1" bw="40" slack="1"/>
</pin_list>
<bind>
<opset="zext_ln25_cast "/>
</bind>
</comp>

<comp id="997" class="1005" name="p_cast_reg_997">
<pin_list>
<pin id="998" dir="0" index="0" bw="40" slack="1"/>
<pin id="999" dir="1" index="1" bw="40" slack="1"/>
</pin_list>
<bind>
<opset="p_cast "/>
</bind>
</comp>

<comp id="1002" class="1005" name="icmp_ln42_reg_1002">
<pin_list>
<pin id="1003" dir="0" index="0" bw="1" slack="7"/>
<pin id="1004" dir="1" index="1" bw="1" slack="2147483647"/>
</pin_list>
<bind>
<opset="icmp_ln42 "/>
</bind>
</comp>

<comp id="1006" class="1005" name="select_ln42_1_reg_1006">
<pin_list>
<pin id="1007" dir="0" index="0" bw="5" slack="1"/>
<pin id="1008" dir="1" index="1" bw="5" slack="1"/>
</pin_list>
<bind>
<opset="select_ln42_1 "/>
</bind>
</comp>

<comp id="1011" class="1005" name="first_iter_3_reg_1011">
<pin_list>
<pin id="1012" dir="0" index="0" bw="1" slack="1"/>
<pin id="1013" dir="1" index="1" bw="1" slack="2147483647"/>
</pin_list>
<bind>
<opset="first_iter_3 "/>
</bind>
</comp>

<comp id="1015" class="1005" name="tC_addr_reg_1015">
<pin_list>
<pin id="1016" dir="0" index="0" bw="4" slack="1"/>
<pin id="1017" dir="1" index="1" bw="4" slack="1"/>
</pin_list>
<bind>
<opset="tC_addr "/>
</bind>
</comp>

<comp id="1020" class="1005" name="tC_1_addr_reg_1020">
<pin_list>
<pin id="1021" dir="0" index="0" bw="4" slack="1"/>
<pin id="1022" dir="1" index="1" bw="4" slack="1"/>
</pin_list>
<bind>
<opset="tC_1_addr "/>
</bind>
</comp>

<comp id="1025" class="1005" name="tC_2_addr_reg_1025">
<pin_list>
<pin id="1026" dir="0" index="0" bw="4" slack="1"/>
<pin id="1027" dir="1" index="1" bw="4" slack="1"/>
</pin_list>
<bind>
<opset="tC_2_addr "/>
</bind>
</comp>

<comp id="1030" class="1005" name="tC_3_addr_reg_1030">
<pin_list>
<pin id="1031" dir="0" index="0" bw="4" slack="1"/>
<pin id="1032" dir="1" index="1" bw="4" slack="1"/>
</pin_list>
<bind>
<opset="tC_3_addr "/>
</bind>
</comp>

<comp id="1035" class="1005" name="tC_4_addr_reg_1035">
<pin_list>
<pin id="1036" dir="0" index="0" bw="4" slack="1"/>
<pin id="1037" dir="1" index="1" bw="4" slack="1"/>
</pin_list>
<bind>
<opset="tC_4_addr "/>
</bind>
</comp>

<comp id="1040" class="1005" name="tC_5_addr_reg_1040">
<pin_list>
<pin id="1041" dir="0" index="0" bw="4" slack="1"/>
<pin id="1042" dir="1" index="1" bw="4" slack="1"/>
</pin_list>
<bind>
<opset="tC_5_addr "/>
</bind>
</comp>

<comp id="1045" class="1005" name="tC_6_addr_reg_1045">
<pin_list>
<pin id="1046" dir="0" index="0" bw="4" slack="1"/>
<pin id="1047" dir="1" index="1" bw="4" slack="1"/>
</pin_list>
<bind>
<opset="tC_6_addr "/>
</bind>
</comp>

<comp id="1050" class="1005" name="tC_7_addr_reg_1050">
<pin_list>
<pin id="1051" dir="0" index="0" bw="4" slack="1"/>
<pin id="1052" dir="1" index="1" bw="4" slack="1"/>
</pin_list>
<bind>
<opset="tC_7_addr "/>
</bind>
</comp>

<comp id="1055" class="1005" name="tC_8_addr_reg_1055">
<pin_list>
<pin id="1056" dir="0" index="0" bw="4" slack="1"/>
<pin id="1057" dir="1" index="1" bw="4" slack="1"/>
</pin_list>
<bind>
<opset="tC_8_addr "/>
</bind>
</comp>

<comp id="1060" class="1005" name="tC_9_addr_reg_1060">
<pin_list>
<pin id="1061" dir="0" index="0" bw="4" slack="1"/>
<pin id="1062" dir="1" index="1" bw="4" slack="1"/>
</pin_list>
<bind>
<opset="tC_9_addr "/>
</bind>
</comp>

<comp id="1065" class="1005" name="tC_10_addr_reg_1065">
<pin_list>
<pin id="1066" dir="0" index="0" bw="4" slack="1"/>
<pin id="1067" dir="1" index="1" bw="4" slack="1"/>
</pin_list>
<bind>
<opset="tC_10_addr "/>
</bind>
</comp>

<comp id="1070" class="1005" name="tC_11_addr_reg_1070">
<pin_list>
<pin id="1071" dir="0" index="0" bw="4" slack="1"/>
<pin id="1072" dir="1" index="1" bw="4" slack="1"/>
</pin_list>
<bind>
<opset="tC_11_addr "/>
</bind>
</comp>

<comp id="1075" class="1005" name="tC_12_addr_reg_1075">
<pin_list>
<pin id="1076" dir="0" index="0" bw="4" slack="1"/>
<pin id="1077" dir="1" index="1" bw="4" slack="1"/>
</pin_list>
<bind>
<opset="tC_12_addr "/>
</bind>
</comp>

<comp id="1080" class="1005" name="tC_13_addr_reg_1080">
<pin_list>
<pin id="1081" dir="0" index="0" bw="4" slack="1"/>
<pin id="1082" dir="1" index="1" bw="4" slack="1"/>
</pin_list>
<bind>
<opset="tC_13_addr "/>
</bind>
</comp>

<comp id="1085" class="1005" name="tC_14_addr_reg_1085">
<pin_list>
<pin id="1086" dir="0" index="0" bw="4" slack="1"/>
<pin id="1087" dir="1" index="1" bw="4" slack="1"/>
</pin_list>
<bind>
<opset="tC_14_addr "/>
</bind>
</comp>

<comp id="1090" class="1005" name="tC_15_addr_reg_1090">
<pin_list>
<pin id="1091" dir="0" index="0" bw="4" slack="1"/>
<pin id="1092" dir="1" index="1" bw="4" slack="1"/>
</pin_list>
<bind>
<opset="tC_15_addr "/>
</bind>
</comp>

<comp id="1095" class="1005" name="trunc_ln43_reg_1095">
<pin_list>
<pin id="1096" dir="0" index="0" bw="4" slack="2"/>
<pin id="1097" dir="1" index="1" bw="4" slack="2"/>
</pin_list>
<bind>
<opset="trunc_ln43 "/>
</bind>
</comp>

<comp id="1100" class="1005" name="icmp_ln43_1_reg_1100">
<pin_list>
<pin id="1101" dir="0" index="0" bw="1" slack="4"/>
<pin id="1102" dir="1" index="1" bw="1" slack="2147483647"/>
</pin_list>
<bind>
<opset="icmp_ln43_1 "/>
</bind>
</comp>

<comp id="1104" class="1005" name="gmem_addr_reg_1104">
<pin_list>
<pin id="1105" dir="0" index="0" bw="32" slack="1"/>
<pin id="1106" dir="1" index="1" bw="32" slack="1"/>
</pin_list>
<bind>
<opset="gmem_addr "/>
</bind>
</comp>

<comp id="1110" class="1005" name="tmp_reg_1110">
<pin_list>
<pin id="1111" dir="0" index="0" bw="32" slack="1"/>
<pin id="1112" dir="1" index="1" bw="32" slack="1"/>
</pin_list>
<bind>
<opset="tmp "/>
</bind>
</comp>

</comp_list>

<net_list>
<net id="153"><net_src comp="42" pin="0"/><net_sink comp="150" pin=0"/></net>

<net id="157"><net_src comp="42" pin="0"/><net_sink comp="154" pin=0"/></net>

<net id="161"><net_src comp="42" pin="0"/><net_sink comp="158" pin=0"/></net>

<net id="165"><net_src comp="42" pin="0"/><net_sink comp="162" pin=0"/></net>

<net id="169"><net_src comp="42" pin="0"/><net_sink comp="166" pin=0"/></net>

<net id="173"><net_src comp="42" pin="0"/><net_sink comp="170" pin=0"/></net>

<net id="177"><net_src comp="42" pin="0"/><net_sink comp="174" pin=0"/></net>

<net id="181"><net_src comp="42" pin="0"/><net_sink comp="178" pin=0"/></net>

<net id="185"><net_src comp="42" pin="0"/><net_sink comp="182" pin=0"/></net>

<net id="189"><net_src comp="42" pin="0"/><net_sink comp="186" pin=0"/></net>

<net id="193"><net_src comp="42" pin="0"/><net_sink comp="190" pin=0"/></net>

<net id="197"><net_src comp="42" pin="0"/><net_sink comp="194" pin=0"/></net>

<net id="201"><net_src comp="42" pin="0"/><net_sink comp="198" pin=0"/></net>

<net id="205"><net_src comp="42" pin="0"/><net_sink comp="202" pin=0"/></net>

<net id="209"><net_src comp="42" pin="0"/><net_sink comp="206" pin=0"/></net>

<net id="213"><net_src comp="42" pin="0"/><net_sink comp="210" pin=0"/></net>

<net id="217"><net_src comp="42" pin="0"/><net_sink comp="214" pin=0"/></net>

<net id="221"><net_src comp="42" pin="0"/><net_sink comp="218" pin=0"/></net>

<net id="225"><net_src comp="42" pin="0"/><net_sink comp="222" pin=0"/></net>

<net id="230"><net_src comp="44" pin="0"/><net_sink comp="226" pin=0"/></net>

<net id="231"><net_src comp="8" pin="0"/><net_sink comp="226" pin=1"/></net>

<net id="236"><net_src comp="46" pin="0"/><net_sink comp="232" pin=0"/></net>

<net id="237"><net_src comp="6" pin="0"/><net_sink comp="232" pin=1"/></net>

<net id="242"><net_src comp="48" pin="0"/><net_sink comp="238" pin=0"/></net>

<net id="243"><net_src comp="4" pin="0"/><net_sink comp="238" pin=1"/></net>

<net id="248"><net_src comp="50" pin="0"/><net_sink comp="244" pin=0"/></net>

<net id="249"><net_src comp="2" pin="0"/><net_sink comp="244" pin=1"/></net>

<net id="255"><net_src comp="104" pin="0"/><net_sink comp="250" pin=0"/></net>

<net id="256"><net_src comp="106" pin="0"/><net_sink comp="250" pin=2"/></net>

<net id="263"><net_src comp="146" pin="0"/><net_sink comp="257" pin=0"/></net>

<net id="264"><net_src comp="140" pin="0"/><net_sink comp="257" pin=3"/></net>

<net id="265"><net_src comp="148" pin="0"/><net_sink comp="250" pin=0"/></net>

<net id="271"><net_src comp="10" pin="0"/><net_sink comp="266" pin=0"/></net>

<net id="272"><net_src comp="84" pin="0"/><net_sink comp="266" pin=1"/></net>

<net id="278"><net_src comp="12" pin="0"/><net_sink comp="273" pin=0"/></net>

<net id="279"><net_src comp="84" pin="0"/><net_sink comp="273" pin=1"/></net>

<net id="285"><net_src comp="14" pin="0"/><net_sink comp="280" pin=0"/></net>

<net id="286"><net_src comp="84" pin="0"/><net_sink comp="280" pin=1"/></net>

<net id="292"><net_src comp="16" pin="0"/><net_sink comp="287" pin=0"/></net>

<net id="293"><net_src comp="84" pin="0"/><net_sink comp="287" pin=1"/></net>

<net id="299"><net_src comp="18" pin="0"/><net_sink comp="294" pin=0"/></net>

<net id="300"><net_src comp="84" pin="0"/><net_sink comp="294" pin=1"/></net>

<net id="306"><net_src comp="20" pin="0"/><net_sink comp="301" pin=0"/></net>

<net id="307"><net_src comp="84" pin="0"/><net_sink comp="301" pin=1"/></net>

<net id="313"><net_src comp="22" pin="0"/><net_sink comp="308" pin=0"/></net>

<net id="314"><net_src comp="84" pin="0"/><net_sink comp="308" pin=1"/></net>

<net id="320"><net_src comp="24" pin="0"/><net_sink comp="315" pin=0"/></net>

<net id="321"><net_src comp="84" pin="0"/><net_sink comp="315" pin=1"/></net>

<net id="327"><net_src comp="26" pin="0"/><net_sink comp="322" pin=0"/></net>

<net id="328"><net_src comp="84" pin="0"/><net_sink comp="322" pin=1"/></net>

<net id="334"><net_src comp="28" pin="0"/><net_sink comp="329" pin=0"/></net>

<net id="335"><net_src comp="84" pin="0"/><net_sink comp="329" pin=1"/></net>

<net id="341"><net_src comp="30" pin="0"/><net_sink comp="336" pin=0"/></net>

<net id="342"><net_src comp="84" pin="0"/><net_sink comp="336" pin=1"/></net>

<net id="348"><net_src comp="32" pin="0"/><net_sink comp="343" pin=0"/></net>

<net id="349"><net_src comp="84" pin="0"/><net_sink comp="343" pin=1"/></net>

<net id="355"><net_src comp="34" pin="0"/><net_sink comp="350" pin=0"/></net>

<net id="356"><net_src comp="84" pin="0"/><net_sink comp="350" pin=1"/></net>

<net id="362"><net_src comp="36" pin="0"/><net_sink comp="357" pin=0"/></net>

<net id="363"><net_src comp="84" pin="0"/><net_sink comp="357" pin=1"/></net>

<net id="369"><net_src comp="38" pin="0"/><net_sink comp="364" pin=0"/></net>

<net id="370"><net_src comp="84" pin="0"/><net_sink comp="364" pin=1"/></net>

<net id="376"><net_src comp="40" pin="0"/><net_sink comp="371" pin=0"/></net>

<net id="377"><net_src comp="84" pin="0"/><net_sink comp="371" pin=1"/></net>

<net id="383"><net_src comp="266" pin="3"/><net_sink comp="378" pin=0"/></net>

<net id="389"><net_src comp="273" pin="3"/><net_sink comp="384" pin=0"/></net>

<net id="395"><net_src comp="280" pin="3"/><net_sink comp="390" pin=0"/></net>

<net id="401"><net_src comp="287" pin="3"/><net_sink comp="396" pin=0"/></net>

<net id="407"><net_src comp="294" pin="3"/><net_sink comp="402" pin=0"/></net>

<net id="413"><net_src comp="301" pin="3"/><net_sink comp="408" pin=0"/></net>

<net id="419"><net_src comp="308" pin="3"/><net_sink comp="414" pin=0"/></net>

<net id="425"><net_src comp="315" pin="3"/><net_sink comp="420" pin=0"/></net>

<net id="431"><net_src comp="322" pin="3"/><net_sink comp="426" pin=0"/></net>

<net id="437"><net_src comp="329" pin="3"/><net_sink comp="432" pin=0"/></net>

<net id="443"><net_src comp="336" pin="3"/><net_sink comp="438" pin=0"/></net>

<net id="449"><net_src comp="343" pin="3"/><net_sink comp="444" pin=0"/></net>

<net id="455"><net_src comp="350" pin="3"/><net_sink comp="450" pin=0"/></net>

<net id="461"><net_src comp="357" pin="3"/><net_sink comp="456" pin=0"/></net>

<net id="467"><net_src comp="364" pin="3"/><net_sink comp="462" pin=0"/></net>

<net id="473"><net_src comp="371" pin="3"/><net_sink comp="468" pin=0"/></net>

<net id="477"><net_src comp="244" pin="2"/><net_sink comp="474" pin=0"/></net>

<net id="481"><net_src comp="232" pin="2"/><net_sink comp="478" pin=0"/></net>

<net id="485"><net_src comp="238" pin="2"/><net_sink comp="482" pin=0"/></net>

<net id="490"><net_src comp="70" pin="0"/><net_sink comp="486" pin=0"/></net>

<net id="495"><net_src comp="72" pin="0"/><net_sink comp="491" pin=0"/></net>

<net id="500"><net_src comp="72" pin="0"/><net_sink comp="496" pin=0"/></net>

<net id="508"><net_src comp="501" pin="1"/><net_sink comp="504" pin=0"/></net>

<net id="509"><net_src comp="76" pin="0"/><net_sink comp="504" pin=1"/></net>

<net id="514"><net_src comp="501" pin="1"/><net_sink comp="510" pin=0"/></net>

<net id="515"><net_src comp="78" pin="0"/><net_sink comp="510" pin=1"/></net>

<net id="526"><net_src comp="516" pin="1"/><net_sink comp="522" pin=0"/></net>

<net id="527"><net_src comp="80" pin="0"/><net_sink comp="522" pin=1"/></net>

<net id="533"><net_src comp="522" pin="2"/><net_sink comp="528" pin=0"/></net>

<net id="534"><net_src comp="72" pin="0"/><net_sink comp="528" pin=1"/></net>

<net id="535"><net_src comp="516" pin="1"/><net_sink comp="528" pin=2"/></net>

<net id="540"><net_src comp="519" pin="1"/><net_sink comp="536" pin=0"/></net>

<net id="541"><net_src comp="82" pin="0"/><net_sink comp="536" pin=1"/></net>

<net id="547"><net_src comp="522" pin="2"/><net_sink comp="542" pin=0"/></net>

<net id="548"><net_src comp="536" pin="2"/><net_sink comp="542" pin=1"/></net>

<net id="549"><net_src comp="519" pin="1"/><net_sink comp="542" pin=2"/></net>

<net id="554"><net_src comp="528" pin="3"/><net_sink comp="550" pin=0"/></net>

<net id="555"><net_src comp="72" pin="0"/><net_sink comp="550" pin=1"/></net>

<net id="559"><net_src comp="542" pin="3"/><net_sink comp="556" pin=0"/></net>

<net id="560"><net_src comp="556" pin="1"/><net_sink comp="266" pin=2"/></net>

<net id="561"><net_src comp="556" pin="1"/><net_sink comp="273" pin=2"/></net>

<net id="562"><net_src comp="556" pin="1"/><net_sink comp="280" pin=2"/></net>

<net id="563"><net_src comp="556" pin="1"/><net_sink comp="287" pin=2"/></net>

<net id="564"><net_src comp="556" pin="1"/><net_sink comp="294" pin=2"/></net>

<net id="565"><net_src comp="556" pin="1"/><net_sink comp="301" pin=2"/></net>

<net id="566"><net_src comp="556" pin="1"/><net_sink comp="308" pin=2"/></net>

<net id="567"><net_src comp="556" pin="1"/><net_sink comp="315" pin=2"/></net>

<net id="568"><net_src comp="556" pin="1"/><net_sink comp="322" pin=2"/></net>

<net id="569"><net_src comp="556" pin="1"/><net_sink comp="329" pin=2"/></net>

<net id="570"><net_src comp="556" pin="1"/><net_sink comp="336" pin=2"/></net>

<net id="571"><net_src comp="556" pin="1"/><net_sink comp="343" pin=2"/></net>

<net id="572"><net_src comp="556" pin="1"/><net_sink comp="350" pin=2"/></net>

<net id="573"><net_src comp="556" pin="1"/><net_sink comp="357" pin=2"/></net>

<net id="574"><net_src comp="556" pin="1"/><net_sink comp="364" pin=2"/></net>

<net id="575"><net_src comp="556" pin="1"/><net_sink comp="371" pin=2"/></net>

<net id="579"><net_src comp="528" pin="3"/><net_sink comp="576" pin=0"/></net>

<net id="584"><net_src comp="528" pin="3"/><net_sink comp="580" pin=0"/></net>

<net id="585"><net_src comp="82" pin="0"/><net_sink comp="580" pin=1"/></net>

<net id="590"><net_src comp="580" pin="2"/><net_sink comp="586" pin=0"/></net>

<net id="591"><net_src comp="80" pin="0"/><net_sink comp="586" pin=1"/></net>

<net id="596"><net_src comp="510" pin="2"/><net_sink comp="592" pin=0"/></net>

<net id="601"><net_src comp="542" pin="3"/><net_sink comp="597" pin=0"/></net>

<net id="606"><net_src comp="580" pin="2"/><net_sink comp="602" pin=0"/></net>

<net id="614"><net_src comp="607" pin="1"/><net_sink comp="610" pin=0"/></net>

<net id="618"><net_src comp="610" pin="2"/><net_sink comp="615" pin=0"/></net>

<net id="623"><net_src comp="615" pin="1"/><net_sink comp="619" pin=1"/></net>

<net id="628"><net_src comp="619" pin="2"/><net_sink comp="624" pin=0"/></net>

<net id="634"><net_src comp="94" pin="0"/><net_sink comp="629" pin=0"/></net>

<net id="635"><net_src comp="624" pin="2"/><net_sink comp="629" pin=1"/></net>

<net id="636"><net_src comp="96" pin="0"/><net_sink comp="629" pin=2"/></net>

<net id="640"><net_src comp="629" pin="3"/><net_sink comp="637" pin=0"/></net>

<net id="645"><net_src comp="637" pin="1"/><net_sink comp="641" pin=0"/></net>

<net id="652"><net_src comp="98" pin="0"/><net_sink comp="646" pin=0"/></net>

<net id="653"><net_src comp="641" pin="2"/><net_sink comp="646" pin=1"/></net>

<net id="654"><net_src comp="100" pin="0"/><net_sink comp="646" pin=2"/></net>

<net id="655"><net_src comp="102" pin="0"/><net_sink comp="646" pin=3"/></net>

<net id="659"><net_src comp="646" pin="4"/><net_sink comp="656" pin=0"/></net>

<net id="664"><net_src comp="0" pin="0"/><net_sink comp="660" pin=0"/></net>

<net id="665"><net_src comp="656" pin="1"/><net_sink comp="660" pin=1"/></net>

<net id="670"><net_src comp="378" pin="3"/><net_sink comp="666" pin=0"/></net>

<net id="675"><net_src comp="384" pin="3"/><net_sink comp="671" pin=0"/></net>

<net id="680"><net_src comp="390" pin="3"/><net_sink comp="676" pin=0"/></net>

<net id="685"><net_src comp="396" pin="3"/><net_sink comp="681" pin=0"/></net>

<net id="690"><net_src comp="402" pin="3"/><net_sink comp="686" pin=0"/></net>

<net id="695"><net_src comp="408" pin="3"/><net_sink comp="691" pin=0"/></net>

<net id="700"><net_src comp="414" pin="3"/><net_sink comp="696" pin=0"/></net>

<net id="705"><net_src comp="420" pin="3"/><net_sink comp="701" pin=0"/></net>

<net id="710"><net_src comp="426" pin="3"/><net_sink comp="706" pin=0"/></net>

<net id="715"><net_src comp="432" pin="3"/><net_sink comp="711" pin=0"/></net>

<net id="720"><net_src comp="438" pin="3"/><net_sink comp="716" pin=0"/></net>

<net id="725"><net_src comp="444" pin="3"/><net_sink comp="721" pin=0"/></net>

<net id="730"><net_src comp="450" pin="3"/><net_sink comp="726" pin=0"/></net>

<net id="735"><net_src comp="456" pin="3"/><net_sink comp="731" pin=0"/></net>

<net id="740"><net_src comp="462" pin="3"/><net_sink comp="736" pin=0"/></net>

<net id="745"><net_src comp="468" pin="3"/><net_sink comp="741" pin=0"/></net>

<net id="831"><net_src comp="108" pin="0"/><net_sink comp="794" pin=0"/></net>

<net id="832"><net_src comp="110" pin="0"/><net_sink comp="794" pin=1"/></net>

<net id="833"><net_src comp="791" pin="1"/><net_sink comp="794" pin=2"/></net>

<net id="834"><net_src comp="112" pin="0"/><net_sink comp="794" pin=3"/></net>

<net id="835"><net_src comp="788" pin="1"/><net_sink comp="794" pin=4"/></net>

<net id="836"><net_src comp="114" pin="0"/><net_sink comp="794" pin=5"/></net>

<net id="837"><net_src comp="785" pin="1"/><net_sink comp="794" pin=6"/></net>

<net id="838"><net_src comp="116" pin="0"/><net_sink comp="794" pin=7"/></net>

<net id="839"><net_src comp="782" pin="1"/><net_sink comp="794" pin=8"/></net>

<net id="840"><net_src comp="118" pin="0"/><net_sink comp="794" pin=9"/></net>

<net id="841"><net_src comp="779" pin="1"/><net_sink comp="794" pin=10"/></net>

<net id="842"><net_src comp="120" pin="0"/><net_sink comp="794" pin=11"/></net>

<net id="843"><net_src comp="776" pin="1"/><net_sink comp="794" pin=12"/></net>

<net id="844"><net_src comp="122" pin="0"/><net_sink comp="794" pin=13"/></net>

<net id="845"><net_src comp="773" pin="1"/><net_sink comp="794" pin=14"/></net>

<net id="846"><net_src comp="124" pin="0"/><net_sink comp="794" pin=15"/></net>

<net id="847"><net_src comp="770" pin="1"/><net_sink comp="794" pin=16"/></net>

<net id="848"><net_src comp="126" pin="0"/><net_sink comp="794" pin=17"/></net>

<net id="849"><net_src comp="767" pin="1"/><net_sink comp="794" pin=18"/></net>

<net id="850"><net_src comp="128" pin="0"/><net_sink comp="794" pin=19"/></net>

<net id="851"><net_src comp="764" pin="1"/><net_sink comp="794" pin=20"/></net>

<net id="852"><net_src comp="130" pin="0"/><net_sink comp="794" pin=21"/></net>

<net id="853"><net_src comp="761" pin="1"/><net_sink comp="794" pin=22"/></net>

<net id="854"><net_src comp="132" pin="0"/><net_sink comp="794" pin=23"/></net>

<net id="855"><net_src comp="758" pin="1"/><net_sink comp="794" pin=24"/></net>

<net id="856"><net_src comp="134" pin="0"/><net_sink comp="794" pin=25"/></net>

<net id="857"><net_src comp="755" pin="1"/><net_sink comp="794" pin=26"/></net>

<net id="858"><net_src comp="136" pin="0"/><net_sink comp="794" pin=27"/></net>

<net id="859"><net_src comp="752" pin="1"/><net_sink comp="794" pin=28"/></net>

<net id="860"><net_src comp="138" pin="0"/><net_sink comp="794" pin=29"/></net>

<net id="861"><net_src comp="749" pin="1"/><net_sink comp="794" pin=30"/></net>

<net id="862"><net_src comp="140" pin="0"/><net_sink comp="794" pin=31"/></net>

<net id="863"><net_src comp="746" pin="1"/><net_sink comp="794" pin=32"/></net>

<net id="864"><net_src comp="142" pin="0"/><net_sink comp="794" pin=33"/></net>

<net id="868"><net_src comp="150" pin="1"/><net_sink comp="865" pin=0"/></net>

<net id="869"><net_src comp="865" pin="1"/><net_sink comp="496" pin=1"/></net>

<net id="870"><net_src comp="865" pin="1"/><net_sink comp="516" pin=0"/></net>

<net id="871"><net_src comp="865" pin="1"/><net_sink comp="602" pin=1"/></net>

<net id="875"><net_src comp="154" pin="1"/><net_sink comp="872" pin=0"/></net>

<net id="876"><net_src comp="872" pin="1"/><net_sink comp="491" pin=1"/></net>

<net id="877"><net_src comp="872" pin="1"/><net_sink comp="519" pin=0"/></net>

<net id="878"><net_src comp="872" pin="1"/><net_sink comp="597" pin=1"/></net>

<net id="882"><net_src comp="158" pin="1"/><net_sink comp="879" pin=0"/></net>

<net id="883"><net_src comp="879" pin="1"/><net_sink comp="486" pin=1"/></net>

<net id="884"><net_src comp="879" pin="1"/><net_sink comp="501" pin=0"/></net>

<net id="885"><net_src comp="879" pin="1"/><net_sink comp="592" pin=1"/></net>

<net id="889"><net_src comp="162" pin="1"/><net_sink comp="886" pin=0"/></net>

<net id="890"><net_src comp="886" pin="1"/><net_sink comp="741" pin=1"/></net>

<net id="891"><net_src comp="886" pin="1"/><net_sink comp="746" pin=0"/></net>

<net id="895"><net_src comp="166" pin="1"/><net_sink comp="892" pin=0"/></net>

<net id="896"><net_src comp="892" pin="1"/><net_sink comp="736" pin=1"/></net>

<net id="897"><net_src comp="892" pin="1"/><net_sink comp="749" pin=0"/></net>

<net id="901"><net_src comp="170" pin="1"/><net_sink comp="898" pin=0"/></net>

<net id="902"><net_src comp="898" pin="1"/><net_sink comp="731" pin=1"/></net>

<net id="903"><net_src comp="898" pin="1"/><net_sink comp="752" pin=0"/></net>

<net id="907"><net_src comp="174" pin="1"/><net_sink comp="904" pin=0"/></net>

<net id="908"><net_src comp="904" pin="1"/><net_sink comp="726" pin=1"/></net>

<net id="909"><net_src comp="904" pin="1"/><net_sink comp="755" pin=0"/></net>

<net id="913"><net_src comp="178" pin="1"/><net_sink comp="910" pin=0"/></net>

<net id="914"><net_src comp="910" pin="1"/><net_sink comp="721" pin=1"/></net>

<net id="915"><net_src comp="910" pin="1"/><net_sink comp="758" pin=0"/></net>

<net id="919"><net_src comp="182" pin="1"/><net_sink comp="916" pin=0"/></net>

<net id="920"><net_src comp="916" pin="1"/><net_sink comp="716" pin=1"/></net>

<net id="921"><net_src comp="916" pin="1"/><net_sink comp="761" pin=0"/></net>

<net id="925"><net_src comp="186" pin="1"/><net_sink comp="922" pin=0"/></net>

<net id="926"><net_src comp="922" pin="1"/><net_sink comp="711" pin=1"/></net>

<net id="927"><net_src comp="922" pin="1"/><net_sink comp="764" pin=0"/></net>

<net id="931"><net_src comp="190" pin="1"/><net_sink comp="928" pin=0"/></net>

<net id="932"><net_src comp="928" pin="1"/><net_sink comp="706" pin=1"/></net>

<net id="933"><net_src comp="928" pin="1"/><net_sink comp="767" pin=0"/></net>

<net id="937"><net_src comp="194" pin="1"/><net_sink comp="934" pin=0"/></net>

<net id="938"><net_src comp="934" pin="1"/><net_sink comp="701" pin=1"/></net>

<net id="939"><net_src comp="934" pin="1"/><net_sink comp="770" pin=0"/></net>

<net id="943"><net_src comp="198" pin="1"/><net_sink comp="940" pin=0"/></net>

<net id="944"><net_src comp="940" pin="1"/><net_sink comp="696" pin=1"/></net>

<net id="945"><net_src comp="940" pin="1"/><net_sink comp="773" pin=0"/></net>

<net id="949"><net_src comp="202" pin="1"/><net_sink comp="946" pin=0"/></net>

<net id="950"><net_src comp="946" pin="1"/><net_sink comp="691" pin=1"/></net>

<net id="951"><net_src comp="946" pin="1"/><net_sink comp="776" pin=0"/></net>

<net id="955"><net_src comp="206" pin="1"/><net_sink comp="952" pin=0"/></net>

<net id="956"><net_src comp="952" pin="1"/><net_sink comp="686" pin=1"/></net>

<net id="957"><net_src comp="952" pin="1"/><net_sink comp="779" pin=0"/></net>

<net id="961"><net_src comp="210" pin="1"/><net_sink comp="958" pin=0"/></net>

<net id="962"><net_src comp="958" pin="1"/><net_sink comp="681" pin=1"/></net>

<net id="963"><net_src comp="958" pin="1"/><net_sink comp="782" pin=0"/></net>

<net id="967"><net_src comp="214" pin="1"/><net_sink comp="964" pin=0"/></net>

<net id="968"><net_src comp="964" pin="1"/><net_sink comp="676" pin=1"/></net>

<net id="969"><net_src comp="964" pin="1"/><net_sink comp="785" pin=0"/></net>

<net id="973"><net_src comp="218" pin="1"/><net_sink comp="970" pin=0"/></net>

<net id="974"><net_src comp="970" pin="1"/><net_sink comp="671" pin=1"/></net>

<net id="975"><net_src comp="970" pin="1"/><net_sink comp="788" pin=0"/></net>

<net id="979"><net_src comp="222" pin="1"/><net_sink comp="976" pin=0"/></net>

<net id="980"><net_src comp="976" pin="1"/><net_sink comp="666" pin=1"/></net>

<net id="981"><net_src comp="976" pin="1"/><net_sink comp="791" pin=0"/></net>

<net id="985"><net_src comp="226" pin="2"/><net_sink comp="982" pin=0"/></net>

<net id="986"><net_src comp="982" pin="1"/><net_sink comp="641" pin=1"/></net>

<net id="990"><net_src comp="474" pin="1"/><net_sink comp="987" pin=0"/></net>

<net id="991"><net_src comp="987" pin="1"/><net_sink comp="610" pin=1"/></net>

<net id="995"><net_src comp="478" pin="1"/><net_sink comp="992" pin=0"/></net>

<net id="996"><net_src comp="992" pin="1"/><net_sink comp="624" pin=1"/></net>

<net id="1000"><net_src comp="482" pin="1"/><net_sink comp="997" pin=0"/></net>

<net id="1001"><net_src comp="997" pin="1"/><net_sink comp="619" pin=0"/></net>

<net id="1005"><net_src comp="504" pin="2"/><net_sink comp="1002" pin=0"/></net>

<net id="1009"><net_src comp="542" pin="3"/><net_sink comp="1006" pin=0"/></net>

<net id="1010"><net_src comp="1006" pin="1"/><net_sink comp="607" pin=0"/></net>

<net id="1014"><net_src comp="550" pin="2"/><net_sink comp="1011" pin=0"/></net>

<net id="1018"><net_src comp="266" pin="3"/><net_sink comp="1015" pin=0"/></net>

<net id="1019"><net_src comp="1015" pin="1"/><net_sink comp="378" pin=0"/></net>

<net id="1023"><net_src comp="273" pin="3"/><net_sink comp="1020" pin=0"/></net>

<net id="1024"><net_src comp="1020" pin="1"/><net_sink comp="384" pin=0"/></net>

<net id="1028"><net_src comp="280" pin="3"/><net_sink comp="1025" pin=0"/></net>

<net id="1029"><net_src comp="1025" pin="1"/><net_sink comp="390" pin=0"/></net>

<net id="1033"><net_src comp="287" pin="3"/><net_sink comp="1030" pin=0"/></net>

<net id="1034"><net_src comp="1030" pin="1"/><net_sink comp="396" pin=0"/></net>

<net id="1038"><net_src comp="294" pin="3"/><net_sink comp="1035" pin=0"/></net>

<net id="1039"><net_src comp="1035" pin="1"/><net_sink comp="402" pin=0"/></net>

<net id="1043"><net_src comp="301" pin="3"/><net_sink comp="1040" pin=0"/></net>

<net id="1044"><net_src comp="1040" pin="1"/><net_sink comp="408" pin=0"/></net>

<net id="1048"><net_src comp="308" pin="3"/><net_sink comp="1045" pin=0"/></net>

<net id="1049"><net_src comp="1045" pin="1"/><net_sink comp="414" pin=0"/></net>

<net id="1053"><net_src comp="315" pin="3"/><net_sink comp="1050" pin=0"/></net>

<net id="1054"><net_src comp="1050" pin="1"/><net_sink comp="420" pin=0"/></net>

<net id="1058"><net_src comp="322" pin="3"/><net_sink comp="1055" pin=0"/></net>

<net id="1059"><net_src comp="1055" pin="1"/><net_sink comp="426" pin=0"/></net>

<net id="1063"><net_src comp="329" pin="3"/><net_sink comp="1060" pin=0"/></net>

<net id="1064"><net_src comp="1060" pin="1"/><net_sink comp="432" pin=0"/></net>

<net id="1068"><net_src comp="336" pin="3"/><net_sink comp="1065" pin=0"/></net>

<net id="1069"><net_src comp="1065" pin="1"/><net_sink comp="438" pin=0"/></net>

<net id="1073"><net_src comp="343" pin="3"/><net_sink comp="1070" pin=0"/></net>

<net id="1074"><net_src comp="1070" pin="1"/><net_sink comp="444" pin=0"/></net>

<net id="1078"><net_src comp="350" pin="3"/><net_sink comp="1075" pin=0"/></net>

<net id="1079"><net_src comp="1075" pin="1"/><net_sink comp="450" pin=0"/></net>

<net id="1083"><net_src comp="357" pin="3"/><net_sink comp="1080" pin=0"/></net>

<net id="1084"><net_src comp="1080" pin="1"/><net_sink comp="456" pin=0"/></net>

<net id="1088"><net_src comp="364" pin="3"/><net_sink comp="1085" pin=0"/></net>

<net id="1089"><net_src comp="1085" pin="1"/><net_sink comp="462" pin=0"/></net>

<net id="1093"><net_src comp="371" pin="3"/><net_sink comp="1090" pin=0"/></net>

<net id="1094"><net_src comp="1090" pin="1"/><net_sink comp="468" pin=0"/></net>

<net id="1098"><net_src comp="576" pin="1"/><net_sink comp="1095" pin=0"/></net>

<net id="1099"><net_src comp="1095" pin="1"/><net_sink comp="794" pin=34"/></net>

<net id="1103"><net_src comp="586" pin="2"/><net_sink comp="1100" pin=0"/></net>

<net id="1107"><net_src comp="660" pin="2"/><net_sink comp="1104" pin=0"/></net>

<net id="1108"><net_src comp="1104" pin="1"/><net_sink comp="250" pin=1"/></net>

<net id="1109"><net_src comp="1104" pin="1"/><net_sink comp="257" pin=1"/></net>

<net id="1113"><net_src comp="794" pin="35"/><net_sink comp="1110" pin=0"/></net>

<net id="1114"><net_src comp="1110" pin="1"/><net_sink comp="257" pin=2"/></net>

</net_list>

</model> 
---------------- Datapath Model END ------------------

* FSMD analyzer results:
  - Output states:
	Port: gmem | {3 4 5 6 7 8 9 }
 - Input state : 
	Port: mmult_hw_Pipeline_store_i_store_j : dim_cast6 | {1 }
	Port: mmult_hw_Pipeline_store_i_store_j : empty | {1 }
	Port: mmult_hw_Pipeline_store_i_store_j : zext_ln25 | {1 }
	Port: mmult_hw_Pipeline_store_i_store_j : out_r | {1 }
	Port: mmult_hw_Pipeline_store_i_store_j : tC | {1 2 }
	Port: mmult_hw_Pipeline_store_i_store_j : tC_1 | {1 2 }
	Port: mmult_hw_Pipeline_store_i_store_j : tC_2 | {1 2 }
	Port: mmult_hw_Pipeline_store_i_store_j : tC_3 | {1 2 }
	Port: mmult_hw_Pipeline_store_i_store_j : tC_4 | {1 2 }
	Port: mmult_hw_Pipeline_store_i_store_j : tC_5 | {1 2 }
	Port: mmult_hw_Pipeline_store_i_store_j : tC_6 | {1 2 }
	Port: mmult_hw_Pipeline_store_i_store_j : tC_7 | {1 2 }
	Port: mmult_hw_Pipeline_store_i_store_j : tC_8 | {1 2 }
	Port: mmult_hw_Pipeline_store_i_store_j : tC_9 | {1 2 }
	Port: mmult_hw_Pipeline_store_i_store_j : tC_10 | {1 2 }
	Port: mmult_hw_Pipeline_store_i_store_j : tC_11 | {1 2 }
	Port: mmult_hw_Pipeline_store_i_store_j : tC_12 | {1 2 }
	Port: mmult_hw_Pipeline_store_i_store_j : tC_13 | {1 2 }
	Port: mmult_hw_Pipeline_store_i_store_j : tC_14 | {1 2 }
	Port: mmult_hw_Pipeline_store_i_store_j : tC_15 | {1 2 }
  - Chain level:
	State 1
		store_ln0 : 1
		store_ln42 : 1
		store_ln43 : 1
		indvar_flatten52_load : 1
		icmp_ln42 : 2
		add_ln42 : 2
		br_ln42 : 3
		j_load : 1
		i_load : 1
		icmp_ln43 : 2
		select_ln42 : 3
		add_ln42_1 : 2
		select_ln42_1 : 3
		first_iter_3 : 4
		zext_ln42 : 4
		tC_addr : 5
		tC_1_addr : 5
		tC_2_addr : 5
		tC_3_addr : 5
		tC_4_addr : 5
		tC_5_addr : 5
		tC_6_addr : 5
		tC_7_addr : 5
		tC_8_addr : 5
		tC_9_addr : 5
		tC_10_addr : 5
		tC_11_addr : 5
		tC_12_addr : 5
		tC_13_addr : 5
		tC_14_addr : 5
		tC_15_addr : 5
		br_ln43 : 5
		tC_load : 6
		tC_1_load : 6
		tC_2_load : 6
		tC_3_load : 6
		tC_4_load : 6
		tC_5_load : 6
		tC_6_load : 6
		tC_7_load : 6
		tC_8_load : 6
		tC_9_load : 6
		tC_10_load : 6
		tC_11_load : 6
		tC_12_load : 6
		tC_13_load : 6
		tC_14_load : 6
		tC_15_load : 6
		trunc_ln43 : 4
		add_ln43 : 4
		icmp_ln43_1 : 5
		br_ln43 : 6
		store_ln42 : 3
		store_ln42 : 4
		store_ln43 : 5
	State 2
		empty_26 : 1
		p_cast1 : 2
		tmp3 : 3
		empty_27 : 4
		tmp_8 : 5
		tmp_8_cast : 6
		empty_28 : 7
		trunc_ln3 : 8
		sext_ln43 : 9
		gmem_addr : 10
		store_ln42 : 1
		store_ln42 : 1
		store_ln42 : 1
		store_ln42 : 1
		store_ln42 : 1
		store_ln42 : 1
		store_ln42 : 1
		store_ln42 : 1
		store_ln42 : 1
		store_ln42 : 1
		store_ln42 : 1
		store_ln42 : 1
		store_ln42 : 1
		store_ln42 : 1
		store_ln42 : 1
		store_ln42 : 1
	State 3
		tmp : 1
	State 4
	State 5
	State 6
	State 7
	State 8
	State 9


============================================================
+ Verbose Summary: Datapath Resource usage 
============================================================

* Functional unit list:
|----------|----------------------------|---------|---------|---------|
| Operation|       Functional Unit      |   DSP   |    FF   |   LUT   |
|----------|----------------------------|---------|---------|---------|
|          |       add_ln42_fu_510      |    0    |    0    |    16   |
|          |      add_ln42_1_fu_536     |    0    |    0    |    12   |
|    add   |       add_ln43_fu_580      |    0    |    0    |    12   |
|          |         tmp3_fu_619        |    0    |    0    |    39   |
|          |       empty_27_fu_624      |    0    |    0    |    40   |
|          |       empty_28_fu_641      |    0    |    0    |    71   |
|----------|----------------------------|---------|---------|---------|
| sparsemux|         tmp_fu_794         |    0    |    0    |    65   |
|----------|----------------------------|---------|---------|---------|
|          |      icmp_ln42_fu_504      |    0    |    0    |    16   |
|   icmp   |      icmp_ln43_fu_522      |    0    |    0    |    12   |
|          |     first_iter_3_fu_550    |    0    |    0    |    12   |
|          |     icmp_ln43_1_fu_586     |    0    |    0    |    12   |
|----------|----------------------------|---------|---------|---------|
|    mul   |       empty_26_fu_610      |    2    |    0    |    20   |
|----------|----------------------------|---------|---------|---------|
|  select  |     select_ln42_fu_528     |    0    |    0    |    5    |
|          |    select_ln42_1_fu_542    |    0    |    0    |    5    |
|----------|----------------------------|---------|---------|---------|
|          |   out_r_read_read_fu_226   |    0    |    0    |    0    |
|   read   | zext_ln25_read_read_fu_232 |    0    |    0    |    0    |
|          |      tmp_1_read_fu_238     |    0    |    0    |    0    |
|          | dim_cast6_read_read_fu_244 |    0    |    0    |    0    |
|----------|----------------------------|---------|---------|---------|
| writeresp|    grp_writeresp_fu_250    |    0    |    0    |    0    |
|----------|----------------------------|---------|---------|---------|
|   write  |   write_ln45_write_fu_257  |    0    |    0    |    0    |
|----------|----------------------------|---------|---------|---------|
|          |    dim_cast6_cast_fu_474   |    0    |    0    |    0    |
|          |        p_cast_fu_482       |    0    |    0    |    0    |
|   sext   |       p_cast1_fu_615       |    0    |    0    |    0    |
|          |      tmp_8_cast_fu_637     |    0    |    0    |    0    |
|          |      sext_ln43_fu_656      |    0    |    0    |    0    |
|----------|----------------------------|---------|---------|---------|
|          |    zext_ln25_cast_fu_478   |    0    |    0    |    0    |
|   zext   |      zext_ln42_fu_556      |    0    |    0    |    0    |
|          |     zext_ln42_1_fu_607     |    0    |    0    |    0    |
|----------|----------------------------|---------|---------|---------|
|   trunc  |      trunc_ln43_fu_576     |    0    |    0    |    0    |
|----------|----------------------------|---------|---------|---------|
|bitconcatenate|        tmp_8_fu_629        |    0    |    0    |    0    |
|----------|----------------------------|---------|---------|---------|
|partselect|      trunc_ln3_fu_646      |    0    |    0    |    0    |
|----------|----------------------------|---------|---------|---------|
|   Total  |                            |    2    |    0    |   337   |
|----------|----------------------------|---------|---------|---------|

Memories:
N/A

* Register list:
+------------------------+--------+
|                        |   FF   |
+------------------------+--------+
| dim_cast6_cast_reg_987 |   37   |
|  first_iter_3_reg_1011 |    1   |
|   gmem_addr_reg_1104   |   32   |
|        i_reg_872       |    5   |
|   icmp_ln42_reg_1002   |    1   |
|  icmp_ln43_1_reg_1100  |    1   |
|indvar_flatten52_reg_879|    9   |
|        j_reg_865       |    5   |
|   out_r_read_reg_982   |   64   |
|     p_cast_reg_997     |   40   |
| select_ln42_1_reg_1006 |    5   |
|   tC_10_addr_reg_1065  |    4   |
| tC_10_load_111_reg_916 |   32   |
|   tC_11_addr_reg_1070  |    4   |
|  tC_11_load_19_reg_910 |   32   |
|   tC_12_addr_reg_1075  |    4   |
|  tC_12_load_17_reg_904 |   32   |
|   tC_13_addr_reg_1080  |    4   |
|  tC_13_load_15_reg_898 |   32   |
|   tC_14_addr_reg_1085  |    4   |
|  tC_14_load_13_reg_892 |   32   |
|   tC_15_addr_reg_1090  |    4   |
|  tC_15_load_11_reg_886 |   32   |
|   tC_1_addr_reg_1020   |    4   |
|  tC_1_load_129_reg_970 |   32   |
|   tC_2_addr_reg_1025   |    4   |
|  tC_2_load_127_reg_964 |   32   |
|   tC_3_addr_reg_1030   |    4   |
|  tC_3_load_125_reg_958 |   32   |
|   tC_4_addr_reg_1035   |    4   |
|  tC_4_load_123_reg_952 |   32   |
|   tC_5_addr_reg_1040   |    4   |
|  tC_5_load_121_reg_946 |   32   |
|   tC_6_addr_reg_1045   |    4   |
|  tC_6_load_119_reg_940 |   32   |
|   tC_7_addr_reg_1050   |    4   |
|  tC_7_load_117_reg_934 |   32   |
|   tC_8_addr_reg_1055   |    4   |
|  tC_8_load_115_reg_928 |   32   |
|   tC_9_addr_reg_1060   |    4   |
|  tC_9_load_113_reg_922 |   32   |
|    tC_addr_reg_1015    |    4   |
|   tC_load_131_reg_976  |   32   |
|      tmp_reg_1110      |   32   |
|   trunc_ln43_reg_1095  |    4   |
| zext_ln25_cast_reg_992 |   40   |
+------------------------+--------+
|          Total         |   852  |
+------------------------+--------+

* Multiplexer (MUX) list: 
|----------------------|------|------|------|--------||---------||---------||---------|
|         Comp         |  Pin | Size |  BW  | S x BW ||  Delay  ||    FF   ||   LUT   |
|----------------------|------|------|------|--------||---------||---------||---------|
| grp_writeresp_fu_250 |  p0  |   2  |   1  |    2   |
|   grp_access_fu_378  |  p0  |   2  |   4  |    8   ||    0    ||    9    |
|   grp_access_fu_384  |  p0  |   2  |   4  |    8   ||    0    ||    9    |
|   grp_access_fu_390  |  p0  |   2  |   4  |    8   ||    0    ||    9    |
|   grp_access_fu_396  |  p0  |   2  |   4  |    8   ||    0    ||    9    |
|   grp_access_fu_402  |  p0  |   2  |   4  |    8   ||    0    ||    9    |
|   grp_access_fu_408  |  p0  |   2  |   4  |    8   ||    0    ||    9    |
|   grp_access_fu_414  |  p0  |   2  |   4  |    8   ||    0    ||    9    |
|   grp_access_fu_420  |  p0  |   2  |   4  |    8   ||    0    ||    9    |
|   grp_access_fu_426  |  p0  |   2  |   4  |    8   ||    0    ||    9    |
|   grp_access_fu_432  |  p0  |   2  |   4  |    8   ||    0    ||    9    |
|   grp_access_fu_438  |  p0  |   2  |   4  |    8   ||    0    ||    9    |
|   grp_access_fu_444  |  p0  |   2  |   4  |    8   ||    0    ||    9    |
|   grp_access_fu_450  |  p0  |   2  |   4  |    8   ||    0    ||    9    |
|   grp_access_fu_456  |  p0  |   2  |   4  |    8   ||    0    ||    9    |
|   grp_access_fu_462  |  p0  |   2  |   4  |    8   ||    0    ||    9    |
|   grp_access_fu_468  |  p0  |   2  |   4  |    8   ||    0    ||    9    |
|----------------------|------|------|------|--------||---------||---------||---------|
|         Total        |      |      |      |   130  ||  8.313  ||    0    ||   144   |
|----------------------|------|------|------|--------||---------||---------||---------|



* Summary:
+-----------+--------+--------+--------+--------+
|           |   DSP  |  Delay |   FF   |   LUT  |
+-----------+--------+--------+--------+--------+
|  Function |    2   |    -   |    0   |   337  |
|   Memory  |    -   |    -   |    -   |    -   |
|Multiplexer|    -   |    8   |    0   |   144  |
|  Register |    -   |    -   |   852  |    -   |
+-----------+--------+--------+--------+--------+
|   Total   |    2   |    8   |   852  |   481  |
+-----------+--------+--------+--------+--------+
