

================================================================
== Vitis HLS Report for 'mmult_hw_Pipeline_load_a_VITIS_LOOP_27_1'
================================================================
* Date:           Mon Feb 23 03:00:58 2026

* Version:        2024.1 (Build 5069499 on May 21 2024)
* Project:        matmul_D13_Tiled_FullAP
* Solution:       hls (Vivado IP Flow Target)
* Product family: zynquplus
* Target device:  xczu3eg-sbva484-1-e


================================================================
== Performance Estimates
================================================================
+ Timing: 
    * Summary: 
    +--------+----------+----------+------------+
    |  Clock |  Target  | Estimated| Uncertainty|
    +--------+----------+----------+------------+
    |ap_clk  |  10.00 ns|  7.300 ns|     2.70 ns|
    +--------+----------+----------+------------+

+ Latency: 
    * Summary: 
    +---------+---------+----------+----------+-----+-----+-----------------------------------------------+
    |  Latency (cycles) |  Latency (absolute) |  Interval |                    Pipeline                   |
    |   min   |   max   |    min   |    max   | min | max |                      Type                     |
    +---------+---------+----------+----------+-----+-----+-----------------------------------------------+
    |      268|      268|  2.680 us|  2.680 us|  257|  257|  loop auto-rewind stp(delay=0 clock cycles(s))|
    +---------+---------+----------+----------+-----+-----+-----------------------------------------------+

    + Detail: 
        * Instance: 
        N/A

        * Loop: 
        +--------------------------+---------+---------+----------+-----------+-----------+------+----------+
        |                          |  Latency (cycles) | Iteration|  Initiation Interval  | Trip |          |
        |         Loop Name        |   min   |   max   |  Latency |  achieved |   target  | Count| Pipelined|
        +--------------------------+---------+---------+----------+-----------+-----------+------+----------+
        |- load_a_VITIS_LOOP_27_1  |      266|      266|        12|          1|          1|   256|       yes|
        +--------------------------+---------+---------+----------+-----------+-----------+------+----------+

============================================================
+ Verbose Summary: Synthesis Manager
============================================================
InlineROM: 1
ExposeGlobal: 0
============================================================
+ Verbose Summary: CDFG Model
============================================================
IsTopModel: 0
ResetActiveHigh: 1
IsCombinational: 0
IsDatapathOnly: 0
HasWiredReturn: 1
HasMFsm: 2
HasVarLatency: 1
IsPipeline: 0
IsRtlPipelined: 0
IsInstanceOverlapped: 0
IsDontTouch: 0
HasImplIP: 0
IsGatedGlobalClock: 0

+ Individual pipeline summary: 
  * Pipeline-0: initiation interval (II) = 1, depth = 12


============================================================
+ Verbose Summary: Schedule
============================================================
* Number of FSM states : 12
* Pipeline : 1
  Pipeline-0 : II = 1, D = 12, States = { 1 2 3 4 5 6 7 8 9 10 11 12 }
* Dataflow Pipeline: 0

* FSM state transitions: 
1 --> 2 
2 --> 3 
3 --> 4 
4 --> 5 
5 --> 6 
6 --> 7 
7 --> 8 
8 --> 9 
9 --> 10 
10 --> 11 
11 --> 12 
12 --> 

* FSM state operations: 

State 1 <SV = 0> <Delay = 3.21>
ST_1 : Operation 15 [1/1] (0.00ns)   --->   "%k = alloca i32 1" [mmult_baseline.cpp:27]   --->   Operation 15 'alloca' 'k' <Predicate = true> <Delay = 0.00>
ST_1 : Operation 16 [1/1] (0.00ns)   --->   "%i = alloca i32 1" [mmult_baseline.cpp:26]   --->   Operation 16 'alloca' 'i' <Predicate = true> <Delay = 0.00>
ST_1 : Operation 17 [1/1] (0.00ns)   --->   "%indvar_flatten38 = alloca i32 1"   --->   Operation 17 'alloca' 'indvar_flatten38' <Predicate = true> <Delay = 0.00>
ST_1 : Operation 18 [1/1] (0.00ns)   --->   "%in1_read = read i64 @_ssdm_op_Read.ap_auto.i64, i64 %in1"   --->   Operation 18 'read' 'in1_read' <Predicate = true> <Delay = 0.00>
ST_1 : Operation 19 [1/1] (0.00ns)   --->   "%zext_ln26_read = read i7 @_ssdm_op_Read.ap_auto.i7, i7 %zext_ln26"   --->   Operation 19 'read' 'zext_ln26_read' <Predicate = true> <Delay = 0.00>
ST_1 : Operation 20 [1/1] (0.00ns)   --->   "%tmp = read i39 @_ssdm_op_Read.ap_auto.i39, i39 %empty"   --->   Operation 20 'read' 'tmp' <Predicate = true> <Delay = 0.00>
ST_1 : Operation 21 [1/1] (0.00ns)   --->   "%dim_cast6_read = read i32 @_ssdm_op_Read.ap_auto.i32, i32 %dim_cast6"   --->   Operation 21 'read' 'dim_cast6_read' <Predicate = true> <Delay = 0.00>
ST_1 : Operation 22 [1/1] (0.00ns)   --->   "%dim_cast6_cast = sext i32 %dim_cast6_read"   --->   Operation 22 'sext' 'dim_cast6_cast' <Predicate = true> <Delay = 0.00>
ST_1 : Operation 23 [1/1] (0.00ns)   --->   "%zext_ln26_cast = zext i7 %zext_ln26_read"   --->   Operation 23 'zext' 'zext_ln26_cast' <Predicate = true> <Delay = 0.00>
ST_1 : Operation 24 [1/1] (0.00ns)   --->   "%p_cast = sext i39 %tmp"   --->   Operation 24 'sext' 'p_cast' <Predicate = true> <Delay = 0.00>
ST_1 : Operation 25 [1/1] (0.00ns)   --->   "%specinterface_ln0 = specinterface void @_ssdm_op_SpecInterface, i32 %gmem, void @empty, i32 0, i32 0, void @empty_0, i32 0, i32 16384, void @empty_1, void @empty_2, void @empty_0, i32 16, i32 16, i32 16, i32 16, void @empty_0, void @empty_0, i32 4294967295, i32 0, i32 0"   --->   Operation 25 'specinterface' 'specinterface_ln0' <Predicate = true> <Delay = 0.00>
ST_1 : Operation 26 [1/1] (0.48ns)   --->   "%store_ln0 = store i9 0, i9 %indvar_flatten38"   --->   Operation 26 'store' 'store_ln0' <Predicate = true> <Delay = 0.48>
ST_1 : Operation 27 [1/1] (0.48ns)   --->   "%store_ln26 = store i5 0, i5 %i" [mmult_baseline.cpp:26]   --->   Operation 27 'store' 'store_ln26' <Predicate = true> <Delay = 0.48>
ST_1 : Operation 28 [1/1] (0.48ns)   --->   "%store_ln27 = store i5 0, i5 %k" [mmult_baseline.cpp:27]   --->   Operation 28 'store' 'store_ln27' <Predicate = true> <Delay = 0.48>
ST_1 : Operation 29 [1/1] (0.00ns)   --->   "%br_ln0 = br void %for.inc41"   --->   Operation 29 'br' 'br_ln0' <Predicate = true> <Delay = 0.00>
ST_1 : Operation 30 [1/1] (0.00ns)   --->   "%indvar_flatten38_load = load i9 %indvar_flatten38" [mmult_baseline.cpp:26]   --->   Operation 30 'load' 'indvar_flatten38_load' <Predicate = true> <Delay = 0.00>
ST_1 : Operation 31 [1/1] (0.00ns)   --->   "%specbitsmap_ln0 = specbitsmap void @_ssdm_op_SpecBitsMap, i32 %gmem"   --->   Operation 31 'specbitsmap' 'specbitsmap_ln0' <Predicate = true> <Delay = 0.00>
ST_1 : Operation 32 [1/1] (0.92ns)   --->   "%icmp_ln26 = icmp_eq  i9 %indvar_flatten38_load, i9 256" [mmult_baseline.cpp:26]   --->   Operation 32 'icmp' 'icmp_ln26' <Predicate = true> <Delay = 0.92> <CoreInst = "Cmp">   --->   Core 9 'Cmp' <Latency = 0> <II = 1> <Delay = 0.92> <FuncUnit> <Opcode : 'seteq' 'setne' 'setle' 'setge' 'setlt' 'setgt'> <InPorts = 2> <OutPorts = 1>
ST_1 : Operation 33 [1/1] (0.92ns)   --->   "%add_ln26_2 = add i9 %indvar_flatten38_load, i9 1" [mmult_baseline.cpp:26]   --->   Operation 33 'add' 'add_ln26_2' <Predicate = true> <Delay = 0.92> <CoreInst = "Adder">   --->   Core 1 'Adder' <Latency = 0> <II = 1> <Delay = 0.92> <FuncUnit> <Opcode : 'add' 'sub'> <InPorts = 2> <OutPorts = 1>
ST_1 : Operation 34 [1/1] (0.00ns)   --->   "%br_ln26 = br i1 %icmp_ln26, void %for.inc44, void %load_b.exitStub" [mmult_baseline.cpp:26]   --->   Operation 34 'br' 'br_ln26' <Predicate = true> <Delay = 0.00>
ST_1 : Operation 35 [1/1] (0.00ns)   --->   "%k_load = load i5 %k" [mmult_baseline.cpp:27]   --->   Operation 35 'load' 'k_load' <Predicate = (!icmp_ln26)> <Delay = 0.00>
ST_1 : Operation 36 [1/1] (0.00ns)   --->   "%i_load = load i5 %i" [mmult_baseline.cpp:26]   --->   Operation 36 'load' 'i_load' <Predicate = (!icmp_ln26)> <Delay = 0.00>
ST_1 : Operation 37 [1/1] (0.87ns)   --->   "%icmp_ln27 = icmp_eq  i5 %k_load, i5 16" [mmult_baseline.cpp:27]   --->   Operation 37 'icmp' 'icmp_ln27' <Predicate = (!icmp_ln26)> <Delay = 0.87> <CoreInst = "Cmp">   --->   Core 9 'Cmp' <Latency = 0> <II = 1> <Delay = 0.87> <FuncUnit> <Opcode : 'seteq' 'setne' 'setle' 'setge' 'setlt' 'setgt'> <InPorts = 2> <OutPorts = 1>
ST_1 : Operation 38 [1/1] (0.48ns)   --->   "%select_ln26 = select i1 %icmp_ln27, i5 0, i5 %k_load" [mmult_baseline.cpp:26]   --->   Operation 38 'select' 'select_ln26' <Predicate = (!icmp_ln26)> <Delay = 0.48> <CoreInst = "Sel">   --->   Core 73 'Sel' <Latency = 0> <II = 1> <Delay = 0.48> <FuncUnit> <Opcode : 'select'> <InPorts = 3> <OutPorts = 1>
ST_1 : Operation 39 [1/1] (0.87ns)   --->   "%add_ln26_4 = add i5 %i_load, i5 1" [mmult_baseline.cpp:26]   --->   Operation 39 'add' 'add_ln26_4' <Predicate = (!icmp_ln26)> <Delay = 0.87> <CoreInst = "Adder">   --->   Core 1 'Adder' <Latency = 0> <II = 1> <Delay = 0.87> <FuncUnit> <Opcode : 'add' 'sub'> <InPorts = 2> <OutPorts = 1>
ST_1 : Operation 40 [1/1] (0.48ns)   --->   "%select_ln26_1 = select i1 %icmp_ln27, i5 %add_ln26_4, i5 %i_load" [mmult_baseline.cpp:26]   --->   Operation 40 'select' 'select_ln26_1' <Predicate = (!icmp_ln26)> <Delay = 0.48> <CoreInst = "Sel">   --->   Core 73 'Sel' <Latency = 0> <II = 1> <Delay = 0.48> <FuncUnit> <Opcode : 'select'> <InPorts = 3> <OutPorts = 1>
ST_1 : Operation 41 [1/1] (0.87ns)   --->   "%first_iter_1 = icmp_eq  i5 %select_ln26, i5 0" [mmult_baseline.cpp:26]   --->   Operation 41 'icmp' 'first_iter_1' <Predicate = (!icmp_ln26)> <Delay = 0.87> <CoreInst = "Cmp">   --->   Core 9 'Cmp' <Latency = 0> <II = 1> <Delay = 0.87> <FuncUnit> <Opcode : 'seteq' 'setne' 'setle' 'setge' 'setlt' 'setgt'> <InPorts = 2> <OutPorts = 1>
ST_1 : Operation 42 [1/1] (0.00ns)   --->   "%br_ln27 = br i1 %first_iter_1, void %for.inc41.split, void %for.first.iter.for.inc41" [mmult_baseline.cpp:27]   --->   Operation 42 'br' 'br_ln27' <Predicate = (!icmp_ln26)> <Delay = 0.00>
ST_1 : Operation 43 [1/1] (0.00ns)   --->   "%trunc_ln27 = trunc i5 %select_ln26" [mmult_baseline.cpp:27]   --->   Operation 43 'trunc' 'trunc_ln27' <Predicate = (!icmp_ln26)> <Delay = 0.00>
ST_1 : Operation 44 [1/1] (1.04ns)   --->   "%switch_ln28 = switch i4 %trunc_ln27, void %arrayidx407.case.15, i4 0, void %arrayidx407.case.0, i4 1, void %arrayidx407.case.1, i4 2, void %arrayidx407.case.2, i4 3, void %arrayidx407.case.3, i4 4, void %arrayidx407.case.4, i4 5, void %arrayidx407.case.5, i4 6, void %arrayidx407.case.6, i4 7, void %arrayidx407.case.7, i4 8, void %arrayidx407.case.8, i4 9, void %arrayidx407.case.9, i4 10, void %arrayidx407.case.10, i4 11, void %arrayidx407.case.11, i4 12, void %arrayidx407.case.12, i4 13, void %arrayidx407.case.13, i4 14, void %arrayidx407.case.14" [mmult_baseline.cpp:28]   --->   Operation 44 'switch' 'switch_ln28' <Predicate = (!icmp_ln26)> <Delay = 1.04>
ST_1 : Operation 45 [1/1] (0.87ns)   --->   "%add_ln27 = add i5 %select_ln26, i5 1" [mmult_baseline.cpp:27]   --->   Operation 45 'add' 'add_ln27' <Predicate = (!icmp_ln26)> <Delay = 0.87> <CoreInst = "Adder">   --->   Core 1 'Adder' <Latency = 0> <II = 1> <Delay = 0.87> <FuncUnit> <Opcode : 'add' 'sub'> <InPorts = 2> <OutPorts = 1>
ST_1 : Operation 46 [1/1] (0.48ns)   --->   "%store_ln26 = store i9 %add_ln26_2, i9 %indvar_flatten38" [mmult_baseline.cpp:26]   --->   Operation 46 'store' 'store_ln26' <Predicate = (!icmp_ln26)> <Delay = 0.48>
ST_1 : Operation 47 [1/1] (0.48ns)   --->   "%store_ln26 = store i5 %select_ln26_1, i5 %i" [mmult_baseline.cpp:26]   --->   Operation 47 'store' 'store_ln26' <Predicate = (!icmp_ln26)> <Delay = 0.48>
ST_1 : Operation 48 [1/1] (0.48ns)   --->   "%store_ln27 = store i5 %add_ln27, i5 %k" [mmult_baseline.cpp:27]   --->   Operation 48 'store' 'store_ln27' <Predicate = (!icmp_ln26)> <Delay = 0.48>
ST_1 : Operation 49 [1/1] (0.00ns)   --->   "%br_ln27 = br void %for.inc41" [mmult_baseline.cpp:27]   --->   Operation 49 'br' 'br_ln27' <Predicate = (!icmp_ln26)> <Delay = 0.00>

State 2 <SV = 1> <Delay = 6.26>
ST_2 : Operation 50 [1/1] (0.00ns)   --->   "%specloopname_ln0 = specloopname void @_ssdm_op_SpecLoopName, void @load_a_VITIS_LOOP_27_1_str"   --->   Operation 50 'specloopname' 'specloopname_ln0' <Predicate = true> <Delay = 0.00>
ST_2 : Operation 51 [1/1] (0.00ns)   --->   "%speclooptripcount_ln0 = speclooptripcount void @_ssdm_op_SpecLoopTripCount, i64 256, i64 256, i64 256"   --->   Operation 51 'speclooptripcount' 'speclooptripcount_ln0' <Predicate = true> <Delay = 0.00>
ST_2 : Operation 52 [1/1] (0.00ns)   --->   "%zext_ln26_1 = zext i5 %select_ln26_1" [mmult_baseline.cpp:26]   --->   Operation 52 'zext' 'zext_ln26_1' <Predicate = true> <Delay = 0.00>
ST_2 : Operation 53 [1/1] (3.88ns)   --->   "%mul_ln26 = mul i37 %zext_ln26_1, i37 %dim_cast6_cast" [mmult_baseline.cpp:26]   --->   Operation 53 'mul' 'mul_ln26' <Predicate = true> <Delay = 3.88> <CoreInst = "Multiplier">   --->   Core 3 'Multiplier' <Latency = 0> <II = 1> <Delay = 3.88> <FuncUnit> <Opcode : 'mul'> <InPorts = 2> <OutPorts = 1>
ST_2 : Operation 54 [1/1] (0.00ns)   --->   "%sext_ln26 = sext i37 %mul_ln26" [mmult_baseline.cpp:26]   --->   Operation 54 'sext' 'sext_ln26' <Predicate = true> <Delay = 0.00>
ST_2 : Operation 55 [1/1] (0.00ns) (grouped into TernaryAdder)   --->   "%add_ln26 = add i40 %p_cast, i40 %sext_ln26" [mmult_baseline.cpp:26]   --->   Operation 55 'add' 'add_ln26' <Predicate = true> <Delay = 0.00> <CoreInst = "TAddSub">   --->   Core 10 'TAddSub' <Latency = 0> <II = 1> <Delay = 0.45> <IPBlock> <Opcode : '' 'add' 'sub'> <InPorts = 3> <OutPorts = 1> <Sync> <CReg>
ST_2 : Operation 56 [1/1] (0.91ns) (root node of TernaryAdder)   --->   "%add_ln26_3 = add i40 %add_ln26, i40 %zext_ln26_cast" [mmult_baseline.cpp:26]   --->   Operation 56 'add' 'add_ln26_3' <Predicate = true> <Delay = 0.91> <CoreInst = "TAddSub">   --->   Core 10 'TAddSub' <Latency = 0> <II = 1> <Delay = 0.45> <IPBlock> <Opcode : '' 'add' 'sub'> <InPorts = 3> <OutPorts = 1> <Sync> <CReg>
ST_2 : Operation 57 [1/1] (0.00ns)   --->   "%shl_ln1 = bitconcatenate i42 @_ssdm_op_BitConcatenate.i42.i40.i2, i40 %add_ln26_3, i2 0" [mmult_baseline.cpp:26]   --->   Operation 57 'bitconcatenate' 'shl_ln1' <Predicate = true> <Delay = 0.00>
ST_2 : Operation 58 [1/1] (0.00ns)   --->   "%sext_ln26_1 = sext i42 %shl_ln1" [mmult_baseline.cpp:26]   --->   Operation 58 'sext' 'sext_ln26_1' <Predicate = true> <Delay = 0.00>
ST_2 : Operation 59 [1/1] (1.47ns)   --->   "%add_ln26_1 = add i64 %sext_ln26_1, i64 %in1_read" [mmult_baseline.cpp:26]   --->   Operation 59 'add' 'add_ln26_1' <Predicate = true> <Delay = 1.47> <CoreInst = "Adder">   --->   Core 1 'Adder' <Latency = 0> <II = 1> <Delay = 1.47> <FuncUnit> <Opcode : 'add' 'sub'> <InPorts = 2> <OutPorts = 1>
ST_2 : Operation 60 [1/1] (0.00ns)   --->   "%trunc_ln1 = partselect i62 @_ssdm_op_PartSelect.i62.i64.i32.i32, i64 %add_ln26_1, i32 2, i32 63" [mmult_baseline.cpp:27]   --->   Operation 60 'partselect' 'trunc_ln1' <Predicate = true> <Delay = 0.00>
ST_2 : Operation 61 [1/1] (0.00ns)   --->   "%sext_ln27 = sext i62 %trunc_ln1" [mmult_baseline.cpp:27]   --->   Operation 61 'sext' 'sext_ln27' <Predicate = true> <Delay = 0.00>
ST_2 : Operation 62 [1/1] (0.00ns)   --->   "%gmem_addr = getelementptr i32 %gmem, i64 %sext_ln27" [mmult_baseline.cpp:27]   --->   Operation 62 'getelementptr' 'gmem_addr' <Predicate = true> <Delay = 0.00>

State 3 <SV = 2> <Delay = 7.30>
ST_3 : Operation 63 [8/8] (7.30ns)   --->   "%empty_31 = readreq i1 @_ssdm_op_ReadReq.m_axi.p1i32, i32 %gmem_addr, i64 16" [mmult_baseline.cpp:27]   --->   Operation 63 'readreq' 'empty_31' <Predicate = (first_iter_1)> <Delay = 7.30> <CoreInst = "m_axi">   --->   Core 119 'm_axi' <Latency = 0> <II = 1> <Delay = 1.00> <Adapter> <Opcode : 'read' 'write' 'readreq' 'writereq' 'writeresp'>

State 4 <SV = 3> <Delay = 7.30>
ST_4 : Operation 64 [7/8] (7.30ns)   --->   "%empty_31 = readreq i1 @_ssdm_op_ReadReq.m_axi.p1i32, i32 %gmem_addr, i64 16" [mmult_baseline.cpp:27]   --->   Operation 64 'readreq' 'empty_31' <Predicate = (first_iter_1)> <Delay = 7.30> <CoreInst = "m_axi">   --->   Core 119 'm_axi' <Latency = 0> <II = 1> <Delay = 1.00> <Adapter> <Opcode : 'read' 'write' 'readreq' 'writereq' 'writeresp'>

State 5 <SV = 4> <Delay = 7.30>
ST_5 : Operation 65 [6/8] (7.30ns)   --->   "%empty_31 = readreq i1 @_ssdm_op_ReadReq.m_axi.p1i32, i32 %gmem_addr, i64 16" [mmult_baseline.cpp:27]   --->   Operation 65 'readreq' 'empty_31' <Predicate = (first_iter_1)> <Delay = 7.30> <CoreInst = "m_axi">   --->   Core 119 'm_axi' <Latency = 0> <II = 1> <Delay = 1.00> <Adapter> <Opcode : 'read' 'write' 'readreq' 'writereq' 'writeresp'>

State 6 <SV = 5> <Delay = 7.30>
ST_6 : Operation 66 [5/8] (7.30ns)   --->   "%empty_31 = readreq i1 @_ssdm_op_ReadReq.m_axi.p1i32, i32 %gmem_addr, i64 16" [mmult_baseline.cpp:27]   --->   Operation 66 'readreq' 'empty_31' <Predicate = (first_iter_1)> <Delay = 7.30> <CoreInst = "m_axi">   --->   Core 119 'm_axi' <Latency = 0> <II = 1> <Delay = 1.00> <Adapter> <Opcode : 'read' 'write' 'readreq' 'writereq' 'writeresp'>

State 7 <SV = 6> <Delay = 7.30>
ST_7 : Operation 67 [4/8] (7.30ns)   --->   "%empty_31 = readreq i1 @_ssdm_op_ReadReq.m_axi.p1i32, i32 %gmem_addr, i64 16" [mmult_baseline.cpp:27]   --->   Operation 67 'readreq' 'empty_31' <Predicate = (first_iter_1)> <Delay = 7.30> <CoreInst = "m_axi">   --->   Core 119 'm_axi' <Latency = 0> <II = 1> <Delay = 1.00> <Adapter> <Opcode : 'read' 'write' 'readreq' 'writereq' 'writeresp'>

State 8 <SV = 7> <Delay = 7.30>
ST_8 : Operation 68 [3/8] (7.30ns)   --->   "%empty_31 = readreq i1 @_ssdm_op_ReadReq.m_axi.p1i32, i32 %gmem_addr, i64 16" [mmult_baseline.cpp:27]   --->   Operation 68 'readreq' 'empty_31' <Predicate = (first_iter_1)> <Delay = 7.30> <CoreInst = "m_axi">   --->   Core 119 'm_axi' <Latency = 0> <II = 1> <Delay = 1.00> <Adapter> <Opcode : 'read' 'write' 'readreq' 'writereq' 'writeresp'>

State 9 <SV = 8> <Delay = 7.30>
ST_9 : Operation 69 [2/8] (7.30ns)   --->   "%empty_31 = readreq i1 @_ssdm_op_ReadReq.m_axi.p1i32, i32 %gmem_addr, i64 16" [mmult_baseline.cpp:27]   --->   Operation 69 'readreq' 'empty_31' <Predicate = (first_iter_1)> <Delay = 7.30> <CoreInst = "m_axi">   --->   Core 119 'm_axi' <Latency = 0> <II = 1> <Delay = 1.00> <Adapter> <Opcode : 'read' 'write' 'readreq' 'writereq' 'writeresp'>

State 10 <SV = 9> <Delay = 7.30>
ST_10 : Operation 70 [1/8] (7.30ns)   --->   "%empty_31 = readreq i1 @_ssdm_op_ReadReq.m_axi.p1i32, i32 %gmem_addr, i64 16" [mmult_baseline.cpp:27]   --->   Operation 70 'readreq' 'empty_31' <Predicate = (first_iter_1)> <Delay = 7.30> <CoreInst = "m_axi">   --->   Core 119 'm_axi' <Latency = 0> <II = 1> <Delay = 1.00> <Adapter> <Opcode : 'read' 'write' 'readreq' 'writereq' 'writeresp'>
ST_10 : Operation 71 [1/1] (0.00ns)   --->   "%br_ln27 = br void %for.inc41.split" [mmult_baseline.cpp:27]   --->   Operation 71 'br' 'br_ln27' <Predicate = (first_iter_1)> <Delay = 0.00>

State 11 <SV = 10> <Delay = 7.30>
ST_11 : Operation 72 [1/1] (7.30ns)   --->   "%gmem_addr_read = read i32 @_ssdm_op_Read.m_axi.p1i32, i32 %gmem_addr" [mmult_baseline.cpp:28]   --->   Operation 72 'read' 'gmem_addr_read' <Predicate = true> <Delay = 7.30> <CoreInst = "m_axi">   --->   Core 119 'm_axi' <Latency = 0> <II = 1> <Delay = 1.00> <Adapter> <Opcode : 'read' 'write' 'readreq' 'writereq' 'writeresp'>
ST_11 : Operation 123 [1/1] (0.48ns)   --->   "%ret_ln0 = ret"   --->   Operation 123 'ret' 'ret_ln0' <Predicate = (icmp_ln26)> <Delay = 0.48>

State 12 <SV = 11> <Delay = 0.79>
ST_12 : Operation 73 [1/1] (0.00ns)   --->   "%zext_ln26_2 = zext i5 %select_ln26_1" [mmult_baseline.cpp:26]   --->   Operation 73 'zext' 'zext_ln26_2' <Predicate = true> <Delay = 0.00>
ST_12 : Operation 74 [1/1] (0.00ns)   --->   "%tA_addr = getelementptr i32 %tA, i64 0, i64 %zext_ln26_2" [mmult_baseline.cpp:26]   --->   Operation 74 'getelementptr' 'tA_addr' <Predicate = true> <Delay = 0.00>
ST_12 : Operation 75 [1/1] (0.00ns)   --->   "%tA_1_addr = getelementptr i32 %tA_1, i64 0, i64 %zext_ln26_2" [mmult_baseline.cpp:26]   --->   Operation 75 'getelementptr' 'tA_1_addr' <Predicate = true> <Delay = 0.00>
ST_12 : Operation 76 [1/1] (0.00ns)   --->   "%tA_2_addr = getelementptr i32 %tA_2, i64 0, i64 %zext_ln26_2" [mmult_baseline.cpp:26]   --->   Operation 76 'getelementptr' 'tA_2_addr' <Predicate = true> <Delay = 0.00>
ST_12 : Operation 77 [1/1] (0.00ns)   --->   "%tA_3_addr = getelementptr i32 %tA_3, i64 0, i64 %zext_ln26_2" [mmult_baseline.cpp:26]   --->   Operation 77 'getelementptr' 'tA_3_addr' <Predicate = true> <Delay = 0.00>
ST_12 : Operation 78 [1/1] (0.00ns)   --->   "%tA_4_addr = getelementptr i32 %tA_4, i64 0, i64 %zext_ln26_2" [mmult_baseline.cpp:26]   --->   Operation 78 'getelementptr' 'tA_4_addr' <Predicate = true> <Delay = 0.00>
ST_12 : Operation 79 [1/1] (0.00ns)   --->   "%tA_5_addr = getelementptr i32 %tA_5, i64 0, i64 %zext_ln26_2" [mmult_baseline.cpp:26]   --->   Operation 79 'getelementptr' 'tA_5_addr' <Predicate = true> <Delay = 0.00>
ST_12 : Operation 80 [1/1] (0.00ns)   --->   "%tA_6_addr = getelementptr i32 %tA_6, i64 0, i64 %zext_ln26_2" [mmult_baseline.cpp:26]   --->   Operation 80 'getelementptr' 'tA_6_addr' <Predicate = true> <Delay = 0.00>
ST_12 : Operation 81 [1/1] (0.00ns)   --->   "%tA_7_addr = getelementptr i32 %tA_7, i64 0, i64 %zext_ln26_2" [mmult_baseline.cpp:26]   --->   Operation 81 'getelementptr' 'tA_7_addr' <Predicate = true> <Delay = 0.00>
ST_12 : Operation 82 [1/1] (0.00ns)   --->   "%tA_8_addr = getelementptr i32 %tA_8, i64 0, i64 %zext_ln26_2" [mmult_baseline.cpp:26]   --->   Operation 82 'getelementptr' 'tA_8_addr' <Predicate = true> <Delay = 0.00>
ST_12 : Operation 83 [1/1] (0.00ns)   --->   "%tA_9_addr = getelementptr i32 %tA_9, i64 0, i64 %zext_ln26_2" [mmult_baseline.cpp:26]   --->   Operation 83 'getelementptr' 'tA_9_addr' <Predicate = true> <Delay = 0.00>
ST_12 : Operation 84 [1/1] (0.00ns)   --->   "%tA_10_addr = getelementptr i32 %tA_10, i64 0, i64 %zext_ln26_2" [mmult_baseline.cpp:26]   --->   Operation 84 'getelementptr' 'tA_10_addr' <Predicate = true> <Delay = 0.00>
ST_12 : Operation 85 [1/1] (0.00ns)   --->   "%tA_11_addr = getelementptr i32 %tA_11, i64 0, i64 %zext_ln26_2" [mmult_baseline.cpp:26]   --->   Operation 85 'getelementptr' 'tA_11_addr' <Predicate = true> <Delay = 0.00>
ST_12 : Operation 86 [1/1] (0.00ns)   --->   "%tA_12_addr = getelementptr i32 %tA_12, i64 0, i64 %zext_ln26_2" [mmult_baseline.cpp:26]   --->   Operation 86 'getelementptr' 'tA_12_addr' <Predicate = true> <Delay = 0.00>
ST_12 : Operation 87 [1/1] (0.00ns)   --->   "%tA_13_addr = getelementptr i32 %tA_13, i64 0, i64 %zext_ln26_2" [mmult_baseline.cpp:26]   --->   Operation 87 'getelementptr' 'tA_13_addr' <Predicate = true> <Delay = 0.00>
ST_12 : Operation 88 [1/1] (0.00ns)   --->   "%tA_14_addr = getelementptr i32 %tA_14, i64 0, i64 %zext_ln26_2" [mmult_baseline.cpp:26]   --->   Operation 88 'getelementptr' 'tA_14_addr' <Predicate = true> <Delay = 0.00>
ST_12 : Operation 89 [1/1] (0.00ns)   --->   "%tA_15_addr = getelementptr i32 %tA_15, i64 0, i64 %zext_ln26_2" [mmult_baseline.cpp:26]   --->   Operation 89 'getelementptr' 'tA_15_addr' <Predicate = true> <Delay = 0.00>
ST_12 : Operation 90 [1/1] (0.00ns)   --->   "%specpipeline_ln27 = specpipeline void @_ssdm_op_SpecPipeline, i32 4294967295, i32 0, i32 0, i32 0, void @empty_0" [mmult_baseline.cpp:27]   --->   Operation 90 'specpipeline' 'specpipeline_ln27' <Predicate = true> <Delay = 0.00>
ST_12 : Operation 91 [1/1] (0.79ns)   --->   "%store_ln28 = store i32 %gmem_addr_read, i4 %tA_14_addr" [mmult_baseline.cpp:28]   --->   Operation 91 'store' 'store_ln28' <Predicate = (trunc_ln27 == 14)> <Delay = 0.79> <CoreInst = "RAM">   --->   Core 82 'RAM' <Latency = 1> <II = 1> <Delay = 0.79> <Storage> <Opcode : 'load' 'store'> <Ports = 2> <Width = 32> <Depth = 16> <RAM>
ST_12 : Operation 92 [1/1] (0.00ns)   --->   "%br_ln28 = br void %arrayidx407.exit" [mmult_baseline.cpp:28]   --->   Operation 92 'br' 'br_ln28' <Predicate = (trunc_ln27 == 14)> <Delay = 0.00>
ST_12 : Operation 93 [1/1] (0.79ns)   --->   "%store_ln28 = store i32 %gmem_addr_read, i4 %tA_13_addr" [mmult_baseline.cpp:28]   --->   Operation 93 'store' 'store_ln28' <Predicate = (trunc_ln27 == 13)> <Delay = 0.79> <CoreInst = "RAM">   --->   Core 82 'RAM' <Latency = 1> <II = 1> <Delay = 0.79> <Storage> <Opcode : 'load' 'store'> <Ports = 2> <Width = 32> <Depth = 16> <RAM>
ST_12 : Operation 94 [1/1] (0.00ns)   --->   "%br_ln28 = br void %arrayidx407.exit" [mmult_baseline.cpp:28]   --->   Operation 94 'br' 'br_ln28' <Predicate = (trunc_ln27 == 13)> <Delay = 0.00>
ST_12 : Operation 95 [1/1] (0.79ns)   --->   "%store_ln28 = store i32 %gmem_addr_read, i4 %tA_12_addr" [mmult_baseline.cpp:28]   --->   Operation 95 'store' 'store_ln28' <Predicate = (trunc_ln27 == 12)> <Delay = 0.79> <CoreInst = "RAM">   --->   Core 82 'RAM' <Latency = 1> <II = 1> <Delay = 0.79> <Storage> <Opcode : 'load' 'store'> <Ports = 2> <Width = 32> <Depth = 16> <RAM>
ST_12 : Operation 96 [1/1] (0.00ns)   --->   "%br_ln28 = br void %arrayidx407.exit" [mmult_baseline.cpp:28]   --->   Operation 96 'br' 'br_ln28' <Predicate = (trunc_ln27 == 12)> <Delay = 0.00>
ST_12 : Operation 97 [1/1] (0.79ns)   --->   "%store_ln28 = store i32 %gmem_addr_read, i4 %tA_11_addr" [mmult_baseline.cpp:28]   --->   Operation 97 'store' 'store_ln28' <Predicate = (trunc_ln27 == 11)> <Delay = 0.79> <CoreInst = "RAM">   --->   Core 82 'RAM' <Latency = 1> <II = 1> <Delay = 0.79> <Storage> <Opcode : 'load' 'store'> <Ports = 2> <Width = 32> <Depth = 16> <RAM>
ST_12 : Operation 98 [1/1] (0.00ns)   --->   "%br_ln28 = br void %arrayidx407.exit" [mmult_baseline.cpp:28]   --->   Operation 98 'br' 'br_ln28' <Predicate = (trunc_ln27 == 11)> <Delay = 0.00>
ST_12 : Operation 99 [1/1] (0.79ns)   --->   "%store_ln28 = store i32 %gmem_addr_read, i4 %tA_10_addr" [mmult_baseline.cpp:28]   --->   Operation 99 'store' 'store_ln28' <Predicate = (trunc_ln27 == 10)> <Delay = 0.79> <CoreInst = "RAM">   --->   Core 82 'RAM' <Latency = 1> <II = 1> <Delay = 0.79> <Storage> <Opcode : 'load' 'store'> <Ports = 2> <Width = 32> <Depth = 16> <RAM>
ST_12 : Operation 100 [1/1] (0.00ns)   --->   "%br_ln28 = br void %arrayidx407.exit" [mmult_baseline.cpp:28]   --->   Operation 100 'br' 'br_ln28' <Predicate = (trunc_ln27 == 10)> <Delay = 0.00>
ST_12 : Operation 101 [1/1] (0.79ns)   --->   "%store_ln28 = store i32 %gmem_addr_read, i4 %tA_9_addr" [mmult_baseline.cpp:28]   --->   Operation 101 'store' 'store_ln28' <Predicate = (trunc_ln27 == 9)> <Delay = 0.79> <CoreInst = "RAM">   --->   Core 82 'RAM' <Latency = 1> <II = 1> <Delay = 0.79> <Storage> <Opcode : 'load' 'store'> <Ports = 2> <Width = 32> <Depth = 16> <RAM>
ST_12 : Operation 102 [1/1] (0.00ns)   --->   "%br_ln28 = br void %arrayidx407.exit" [mmult_baseline.cpp:28]   --->   Operation 102 'br' 'br_ln28' <Predicate = (trunc_ln27 == 9)> <Delay = 0.00>
ST_12 : Operation 103 [1/1] (0.79ns)   --->   "%store_ln28 = store i32 %gmem_addr_read, i4 %tA_8_addr" [mmult_baseline.cpp:28]   --->   Operation 103 'store' 'store_ln28' <Predicate = (trunc_ln27 == 8)> <Delay = 0.79> <CoreInst = "RAM">   --->   Core 82 'RAM' <Latency = 1> <II = 1> <Delay = 0.79> <Storage> <Opcode : 'load' 'store'> <Ports = 2> <Width = 32> <Depth = 16> <RAM>
ST_12 : Operation 104 [1/1] (0.00ns)   --->   "%br_ln28 = br void %arrayidx407.exit" [mmult_baseline.cpp:28]   --->   Operation 104 'br' 'br_ln28' <Predicate = (trunc_ln27 == 8)> <Delay = 0.00>
ST_12 : Operation 105 [1/1] (0.79ns)   --->   "%store_ln28 = store i32 %gmem_addr_read, i4 %tA_7_addr" [mmult_baseline.cpp:28]   --->   Operation 105 'store' 'store_ln28' <Predicate = (trunc_ln27 == 7)> <Delay = 0.79> <CoreInst = "RAM">   --->   Core 82 'RAM' <Latency = 1> <II = 1> <Delay = 0.79> <Storage> <Opcode : 'load' 'store'> <Ports = 2> <Width = 32> <Depth = 16> <RAM>
ST_12 : Operation 106 [1/1] (0.00ns)   --->   "%br_ln28 = br void %arrayidx407.exit" [mmult_baseline.cpp:28]   --->   Operation 106 'br' 'br_ln28' <Predicate = (trunc_ln27 == 7)> <Delay = 0.00>
ST_12 : Operation 107 [1/1] (0.79ns)   --->   "%store_ln28 = store i32 %gmem_addr_read, i4 %tA_6_addr" [mmult_baseline.cpp:28]   --->   Operation 107 'store' 'store_ln28' <Predicate = (trunc_ln27 == 6)> <Delay = 0.79> <CoreInst = "RAM">   --->   Core 82 'RAM' <Latency = 1> <II = 1> <Delay = 0.79> <Storage> <Opcode : 'load' 'store'> <Ports = 2> <Width = 32> <Depth = 16> <RAM>
ST_12 : Operation 108 [1/1] (0.00ns)   --->   "%br_ln28 = br void %arrayidx407.exit" [mmult_baseline.cpp:28]   --->   Operation 108 'br' 'br_ln28' <Predicate = (trunc_ln27 == 6)> <Delay = 0.00>
ST_12 : Operation 109 [1/1] (0.79ns)   --->   "%store_ln28 = store i32 %gmem_addr_read, i4 %tA_5_addr" [mmult_baseline.cpp:28]   --->   Operation 109 'store' 'store_ln28' <Predicate = (trunc_ln27 == 5)> <Delay = 0.79> <CoreInst = "RAM">   --->   Core 82 'RAM' <Latency = 1> <II = 1> <Delay = 0.79> <Storage> <Opcode : 'load' 'store'> <Ports = 2> <Width = 32> <Depth = 16> <RAM>
ST_12 : Operation 110 [1/1] (0.00ns)   --->   "%br_ln28 = br void %arrayidx407.exit" [mmult_baseline.cpp:28]   --->   Operation 110 'br' 'br_ln28' <Predicate = (trunc_ln27 == 5)> <Delay = 0.00>
ST_12 : Operation 111 [1/1] (0.79ns)   --->   "%store_ln28 = store i32 %gmem_addr_read, i4 %tA_4_addr" [mmult_baseline.cpp:28]   --->   Operation 111 'store' 'store_ln28' <Predicate = (trunc_ln27 == 4)> <Delay = 0.79> <CoreInst = "RAM">   --->   Core 82 'RAM' <Latency = 1> <II = 1> <Delay = 0.79> <Storage> <Opcode : 'load' 'store'> <Ports = 2> <Width = 32> <Depth = 16> <RAM>
ST_12 : Operation 112 [1/1] (0.00ns)   --->   "%br_ln28 = br void %arrayidx407.exit" [mmult_baseline.cpp:28]   --->   Operation 112 'br' 'br_ln28' <Predicate = (trunc_ln27 == 4)> <Delay = 0.00>
ST_12 : Operation 113 [1/1] (0.79ns)   --->   "%store_ln28 = store i32 %gmem_addr_read, i4 %tA_3_addr" [mmult_baseline.cpp:28]   --->   Operation 113 'store' 'store_ln28' <Predicate = (trunc_ln27 == 3)> <Delay = 0.79> <CoreInst = "RAM">   --->   Core 82 'RAM' <Latency = 1> <II = 1> <Delay = 0.79> <Storage> <Opcode : 'load' 'store'> <Ports = 2> <Width = 32> <Depth = 16> <RAM>
ST_12 : Operation 114 [1/1] (0.00ns)   --->   "%br_ln28 = br void %arrayidx407.exit" [mmult_baseline.cpp:28]   --->   Operation 114 'br' 'br_ln28' <Predicate = (trunc_ln27 == 3)> <Delay = 0.00>
ST_12 : Operation 115 [1/1] (0.79ns)   --->   "%store_ln28 = store i32 %gmem_addr_read, i4 %tA_2_addr" [mmult_baseline.cpp:28]   --->   Operation 115 'store' 'store_ln28' <Predicate = (trunc_ln27 == 2)> <Delay = 0.79> <CoreInst = "RAM">   --->   Core 82 'RAM' <Latency = 1> <II = 1> <Delay = 0.79> <Storage> <Opcode : 'load' 'store'> <Ports = 2> <Width = 32> <Depth = 16> <RAM>
ST_12 : Operation 116 [1/1] (0.00ns)   --->   "%br_ln28 = br void %arrayidx407.exit" [mmult_baseline.cpp:28]   --->   Operation 116 'br' 'br_ln28' <Predicate = (trunc_ln27 == 2)> <Delay = 0.00>
ST_12 : Operation 117 [1/1] (0.79ns)   --->   "%store_ln28 = store i32 %gmem_addr_read, i4 %tA_1_addr" [mmult_baseline.cpp:28]   --->   Operation 117 'store' 'store_ln28' <Predicate = (trunc_ln27 == 1)> <Delay = 0.79> <CoreInst = "RAM">   --->   Core 82 'RAM' <Latency = 1> <II = 1> <Delay = 0.79> <Storage> <Opcode : 'load' 'store'> <Ports = 2> <Width = 32> <Depth = 16> <RAM>
ST_12 : Operation 118 [1/1] (0.00ns)   --->   "%br_ln28 = br void %arrayidx407.exit" [mmult_baseline.cpp:28]   --->   Operation 118 'br' 'br_ln28' <Predicate = (trunc_ln27 == 1)> <Delay = 0.00>
ST_12 : Operation 119 [1/1] (0.79ns)   --->   "%store_ln28 = store i32 %gmem_addr_read, i4 %tA_addr" [mmult_baseline.cpp:28]   --->   Operation 119 'store' 'store_ln28' <Predicate = (trunc_ln27 == 0)> <Delay = 0.79> <CoreInst = "RAM">   --->   Core 82 'RAM' <Latency = 1> <II = 1> <Delay = 0.79> <Storage> <Opcode : 'load' 'store'> <Ports = 2> <Width = 32> <Depth = 16> <RAM>
ST_12 : Operation 120 [1/1] (0.00ns)   --->   "%br_ln28 = br void %arrayidx407.exit" [mmult_baseline.cpp:28]   --->   Operation 120 'br' 'br_ln28' <Predicate = (trunc_ln27 == 0)> <Delay = 0.00>
ST_12 : Operation 121 [1/1] (0.79ns)   --->   "%store_ln28 = store i32 %gmem_addr_read, i4 %tA_15_addr" [mmult_baseline.cpp:28]   --->   Operation 121 'store' 'store_ln28' <Predicate = (trunc_ln27 == 15)> <Delay = 0.79> <CoreInst = "RAM">   --->   Core 82 'RAM' <Latency = 1> <II = 1> <Delay = 0.79> <Storage> <Opcode : 'load' 'store'> <Ports = 2> <Width = 32> <Depth = 16> <RAM>
ST_12 : Operation 122 [1/1] (0.00ns)   --->   "%br_ln28 = br void %arrayidx407.exit" [mmult_baseline.cpp:28]   --->   Operation 122 'br' 'br_ln28' <Predicate = (trunc_ln27 == 15)> <Delay = 0.00>


============================================================
+ Verbose Summary: Binding
============================================================
STG Binding: 
---------------- STG Properties BEGIN ----------------
- Is combinational: 0
- Is one-state seq: 0
- Is datapath-only: 0
- Is pipelined: 0
- Is top level: 0
Port [ Return ] is wired: 1; IO mode=ap_ctrl_hs:ce=0
Port [ gmem]:  wired=1; compound=1; hidden=0; nouse=0; global=0; static=0; extern=0; dir=0; type=4; pingpong=0; private_global=0; IO mode=m_axi:ce=0
Port [ tA]:  wired=1; compound=1; hidden=0; nouse=0; global=0; static=0; extern=0; dir=1; type=1; pingpong=0; private_global=0; MemPort=[03]; IO mode=ap_memory:ce=0
Port [ tA_1]:  wired=1; compound=1; hidden=0; nouse=0; global=0; static=0; extern=0; dir=1; type=1; pingpong=0; private_global=0; MemPort=[03]; IO mode=ap_memory:ce=0
Port [ tA_2]:  wired=1; compound=1; hidden=0; nouse=0; global=0; static=0; extern=0; dir=1; type=1; pingpong=0; private_global=0; MemPort=[03]; IO mode=ap_memory:ce=0
Port [ tA_3]:  wired=1; compound=1; hidden=0; nouse=0; global=0; static=0; extern=0; dir=1; type=1; pingpong=0; private_global=0; MemPort=[03]; IO mode=ap_memory:ce=0
Port [ tA_4]:  wired=1; compound=1; hidden=0; nouse=0; global=0; static=0; extern=0; dir=1; type=1; pingpong=0; private_global=0; MemPort=[03]; IO mode=ap_memory:ce=0
Port [ tA_5]:  wired=1; compound=1; hidden=0; nouse=0; global=0; static=0; extern=0; dir=1; type=1; pingpong=0; private_global=0; MemPort=[03]; IO mode=ap_memory:ce=0
Port [ tA_6]:  wired=1; compound=1; hidden=0; nouse=0; global=0; static=0; extern=0; dir=1; type=1; pingpong=0; private_global=0; MemPort=[03]; IO mode=ap_memory:ce=0
Port [ tA_7]:  wired=1; compound=1; hidden=0; nouse=0; global=0; static=0; extern=0; dir=1; type=1; pingpong=0; private_global=0; MemPort=[03]; IO mode=ap_memory:ce=0
Port [ tA_8]:  wired=1; compound=1; hidden=0; nouse=0; global=0; static=0; extern=0; dir=1; type=1; pingpong=0; private_global=0; MemPort=[03]; IO mode=ap_memory:ce=0
Port [ tA_9]:  wired=1; compound=1; hidden=0; nouse=0; global=0; static=0; extern=0; dir=1; type=1; pingpong=0; private_global=0; MemPort=[03]; IO mode=ap_memory:ce=0
Port [ tA_10]:  wired=1; compound=1; hidden=0; nouse=0; global=0; static=0; extern=0; dir=1; type=1; pingpong=0; private_global=0; MemPort=[03]; IO mode=ap_memory:ce=0
Port [ tA_11]:  wired=1; compound=1; hidden=0; nouse=0; global=0; static=0; extern=0; dir=1; type=1; pingpong=0; private_global=0; MemPort=[03]; IO mode=ap_memory:ce=0
Port [ tA_12]:  wired=1; compound=1; hidden=0; nouse=0; global=0; static=0; extern=0; dir=1; type=1; pingpong=0; private_global=0; MemPort=[03]; IO mode=ap_memory:ce=0
Port [ tA_13]:  wired=1; compound=1; hidden=0; nouse=0; global=0; static=0; extern=0; dir=1; type=1; pingpong=0; private_global=0; MemPort=[03]; IO mode=ap_memory:ce=0
Port [ tA_14]:  wired=1; compound=1; hidden=0; nouse=0; global=0; static=0; extern=0; dir=1; type=1; pingpong=0; private_global=0; MemPort=[03]; IO mode=ap_memory:ce=0
Port [ tA_15]:  wired=1; compound=1; hidden=0; nouse=0; global=0; static=0; extern=0; dir=1; type=1; pingpong=0; private_global=0; MemPort=[03]; IO mode=ap_memory:ce=0
Port [ dim_cast6]:  wired=1; compound=0; hidden=0; nouse=0; global=0; static=0; extern=0; dir=0; type=0; pingpong=0; private_global=0; IO mode=ap_none:ce=0
Port [ empty]:  wired=1; compound=0; hidden=0; nouse=0; global=0; static=0; extern=0; dir=0; type=0; pingpong=0; private_global=0; IO mode=ap_none:ce=0
Port [ zext_ln26]:  wired=1; compound=0; hidden=0; nouse=0; global=0; static=0; extern=0; dir=0; type=0; pingpong=0; private_global=0; IO mode=ap_none:ce=0
Port [ in1]:  wired=1; compound=0; hidden=0; nouse=0; global=0; static=0; extern=0; dir=0; type=0; pingpong=0; private_global=0; IO mode=ap_none:ce=0
---------------- STG Properties END ------------------

---------------- Datapath Model BEGIN ----------------

<LifeTime>
<method=bitvector/>
k                     (alloca           ) [ 0100000000000]
i                     (alloca           ) [ 0100000000000]
indvar_flatten38      (alloca           ) [ 0100000000000]
in1_read              (read             ) [ 0110000000000]
zext_ln26_read        (read             ) [ 0000000000000]
tmp                   (read             ) [ 0000000000000]
dim_cast6_read        (read             ) [ 0000000000000]
dim_cast6_cast        (sext             ) [ 0110000000000]
zext_ln26_cast        (zext             ) [ 0110000000000]
p_cast                (sext             ) [ 0110000000000]
specinterface_ln0     (specinterface    ) [ 0000000000000]
store_ln0             (store            ) [ 0000000000000]
store_ln26            (store            ) [ 0000000000000]
store_ln27            (store            ) [ 0000000000000]
br_ln0                (br               ) [ 0000000000000]
indvar_flatten38_load (load             ) [ 0000000000000]
specbitsmap_ln0       (specbitsmap      ) [ 0000000000000]
icmp_ln26             (icmp             ) [ 0111111111110]
add_ln26_2            (add              ) [ 0000000000000]
br_ln26               (br               ) [ 0000000000000]
k_load                (load             ) [ 0000000000000]
i_load                (load             ) [ 0000000000000]
icmp_ln27             (icmp             ) [ 0000000000000]
select_ln26           (select           ) [ 0000000000000]
add_ln26_4            (add              ) [ 0000000000000]
select_ln26_1         (select           ) [ 0111111111111]
first_iter_1          (icmp             ) [ 0111111111100]
br_ln27               (br               ) [ 0000000000000]
trunc_ln27            (trunc            ) [ 0111111111111]
switch_ln28           (switch           ) [ 0000000000000]
add_ln27              (add              ) [ 0000000000000]
store_ln26            (store            ) [ 0000000000000]
store_ln26            (store            ) [ 0000000000000]
store_ln27            (store            ) [ 0000000000000]
br_ln27               (br               ) [ 0000000000000]
specloopname_ln0      (specloopname     ) [ 0000000000000]
speclooptripcount_ln0 (speclooptripcount) [ 0000000000000]
zext_ln26_1           (zext             ) [ 0000000000000]
mul_ln26              (mul              ) [ 0000000000000]
sext_ln26             (sext             ) [ 0000000000000]
add_ln26              (add              ) [ 0000000000000]
add_ln26_3            (add              ) [ 0000000000000]
shl_ln1               (bitconcatenate   ) [ 0000000000000]
sext_ln26_1           (sext             ) [ 0000000000000]
add_ln26_1            (add              ) [ 0000000000000]
trunc_ln1             (partselect       ) [ 0000000000000]
sext_ln27             (sext             ) [ 0000000000000]
gmem_addr             (getelementptr    ) [ 0101111111110]
empty_31              (readreq          ) [ 0000000000000]
br_ln27               (br               ) [ 0000000000000]
gmem_addr_read        (read             ) [ 0100000000001]
zext_ln26_2           (zext             ) [ 0000000000000]
tA_addr               (getelementptr    ) [ 0000000000000]
tA_1_addr             (getelementptr    ) [ 0000000000000]
tA_2_addr             (getelementptr    ) [ 0000000000000]
tA_3_addr             (getelementptr    ) [ 0000000000000]
tA_4_addr             (getelementptr    ) [ 0000000000000]
tA_5_addr             (getelementptr    ) [ 0000000000000]
tA_6_addr             (getelementptr    ) [ 0000000000000]
tA_7_addr             (getelementptr    ) [ 0000000000000]
tA_8_addr             (getelementptr    ) [ 0000000000000]
tA_9_addr             (getelementptr    ) [ 0000000000000]
tA_10_addr            (getelementptr    ) [ 0000000000000]
tA_11_addr            (getelementptr    ) [ 0000000000000]
tA_12_addr            (getelementptr    ) [ 0000000000000]
tA_13_addr            (getelementptr    ) [ 0000000000000]
tA_14_addr            (getelementptr    ) [ 0000000000000]
tA_15_addr            (getelementptr    ) [ 0000000000000]
specpipeline_ln27     (specpipeline     ) [ 0000000000000]
store_ln28            (store            ) [ 0000000000000]
br_ln28               (br               ) [ 0000000000000]
store_ln28            (store            ) [ 0000000000000]
br_ln28               (br               ) [ 0000000000000]
store_ln28            (store            ) [ 0000000000000]
br_ln28               (br               ) [ 0000000000000]
store_ln28            (store            ) [ 0000000000000]
br_ln28               (br               ) [ 0000000000000]
store_ln28            (store            ) [ 0000000000000]
br_ln28               (br               ) [ 0000000000000]
store_ln28            (store            ) [ 0000000000000]
br_ln28               (br               ) [ 0000000000000]
store_ln28            (store            ) [ 0000000000000]
br_ln28               (br               ) [ 0000000000000]
store_ln28            (store            ) [ 0000000000000]
br_ln28               (br               ) [ 0000000000000]
store_ln28            (store            ) [ 0000000000000]
br_ln28               (br               ) [ 0000000000000]
store_ln28            (store            ) [ 0000000000000]
br_ln28               (br               ) [ 0000000000000]
store_ln28            (store            ) [ 0000000000000]
br_ln28               (br               ) [ 0000000000000]
store_ln28            (store            ) [ 0000000000000]
br_ln28               (br               ) [ 0000000000000]
store_ln28            (store            ) [ 0000000000000]
br_ln28               (br               ) [ 0000000000000]
store_ln28            (store            ) [ 0000000000000]
br_ln28               (br               ) [ 0000000000000]
store_ln28            (store            ) [ 0000000000000]
br_ln28               (br               ) [ 0000000000000]
store_ln28            (store            ) [ 0000000000000]
br_ln28               (br               ) [ 0000000000000]
ret_ln0               (ret              ) [ 0000000000000]
</LifeTime>

<model>

<comp_list>
<comp id="0" class="1000" name="gmem">
<pin_list>
<pin id="1" dir="1" index="0" bw="1" slack="0"/>
</pin_list>
<bind>
<StgValue><ssdm name="gmem"/></StgValue>
</bind>
</comp>

<comp id="2" class="1000" name="tA">
<pin_list>
<pin id="3" dir="1" index="0" bw="1" slack="0"/>
</pin_list>
<bind>
<StgValue><ssdm name="tA"/><MemPortTyVec>0 3 </MemPortTyVec>
</StgValue>
</bind>
</comp>

<comp id="4" class="1000" name="tA_1">
<pin_list>
<pin id="5" dir="1" index="0" bw="1" slack="0"/>
</pin_list>
<bind>
<StgValue><ssdm name="tA_1"/><MemPortTyVec>0 3 </MemPortTyVec>
</StgValue>
</bind>
</comp>

<comp id="6" class="1000" name="tA_2">
<pin_list>
<pin id="7" dir="1" index="0" bw="1" slack="0"/>
</pin_list>
<bind>
<StgValue><ssdm name="tA_2"/><MemPortTyVec>0 3 </MemPortTyVec>
</StgValue>
</bind>
</comp>

<comp id="8" class="1000" name="tA_3">
<pin_list>
<pin id="9" dir="1" index="0" bw="1" slack="0"/>
</pin_list>
<bind>
<StgValue><ssdm name="tA_3"/><MemPortTyVec>0 3 </MemPortTyVec>
</StgValue>
</bind>
</comp>

<comp id="10" class="1000" name="tA_4">
<pin_list>
<pin id="11" dir="1" index="0" bw="1" slack="0"/>
</pin_list>
<bind>
<StgValue><ssdm name="tA_4"/><MemPortTyVec>0 3 </MemPortTyVec>
</StgValue>
</bind>
</comp>

<comp id="12" class="1000" name="tA_5">
<pin_list>
<pin id="13" dir="1" index="0" bw="1" slack="0"/>
</pin_list>
<bind>
<StgValue><ssdm name="tA_5"/><MemPortTyVec>0 3 </MemPortTyVec>
</StgValue>
</bind>
</comp>

<comp id="14" class="1000" name="tA_6">
<pin_list>
<pin id="15" dir="1" index="0" bw="1" slack="0"/>
</pin_list>
<bind>
<StgValue><ssdm name="tA_6"/><MemPortTyVec>0 3 </MemPortTyVec>
</StgValue>
</bind>
</comp>

<comp id="16" class="1000" name="tA_7">
<pin_list>
<pin id="17" dir="1" index="0" bw="1" slack="0"/>
</pin_list>
<bind>
<StgValue><ssdm name="tA_7"/><MemPortTyVec>0 3 </MemPortTyVec>
</StgValue>
</bind>
</comp>

<comp id="18" class="1000" name="tA_8">
<pin_list>
<pin id="19" dir="1" index="0" bw="1" slack="0"/>
</pin_list>
<bind>
<StgValue><ssdm name="tA_8"/><MemPortTyVec>0 3 </MemPortTyVec>
</StgValue>
</bind>
</comp>

<comp id="20" class="1000" name="tA_9">
<pin_list>
<pin id="21" dir="1" index="0" bw="1" slack="0"/>
</pin_list>
<bind>
<StgValue><ssdm name="tA_9"/><MemPortTyVec>0 3 </MemPortTyVec>
</StgValue>
</bind>
</comp>

<comp id="22" class="1000" name="tA_10">
<pin_list>
<pin id="23" dir="1" index="0" bw="1" slack="0"/>
</pin_list>
<bind>
<StgValue><ssdm name="tA_10"/><MemPortTyVec>0 3 </MemPortTyVec>
</StgValue>
</bind>
</comp>

<comp id="24" class="1000" name="tA_11">
<pin_list>
<pin id="25" dir="1" index="0" bw="1" slack="0"/>
</pin_list>
<bind>
<StgValue><ssdm name="tA_11"/><MemPortTyVec>0 3 </MemPortTyVec>
</StgValue>
</bind>
</comp>

<comp id="26" class="1000" name="tA_12">
<pin_list>
<pin id="27" dir="1" index="0" bw="1" slack="0"/>
</pin_list>
<bind>
<StgValue><ssdm name="tA_12"/><MemPortTyVec>0 3 </MemPortTyVec>
</StgValue>
</bind>
</comp>

<comp id="28" class="1000" name="tA_13">
<pin_list>
<pin id="29" dir="1" index="0" bw="1" slack="0"/>
</pin_list>
<bind>
<StgValue><ssdm name="tA_13"/><MemPortTyVec>0 3 </MemPortTyVec>
</StgValue>
</bind>
</comp>

<comp id="30" class="1000" name="tA_14">
<pin_list>
<pin id="31" dir="1" index="0" bw="1" slack="0"/>
</pin_list>
<bind>
<StgValue><ssdm name="tA_14"/><MemPortTyVec>0 3 </MemPortTyVec>
</StgValue>
</bind>
</comp>

<comp id="32" class="1000" name="tA_15">
<pin_list>
<pin id="33" dir="1" index="0" bw="1" slack="0"/>
</pin_list>
<bind>
<StgValue><ssdm name="tA_15"/><MemPortTyVec>0 3 </MemPortTyVec>
</StgValue>
</bind>
</comp>

<comp id="34" class="1000" name="dim_cast6">
<pin_list>
<pin id="35" dir="1" index="0" bw="1" slack="0"/>
</pin_list>
<bind>
<StgValue><ssdm name="dim_cast6"/></StgValue>
</bind>
</comp>

<comp id="36" class="1000" name="empty">
<pin_list>
<pin id="37" dir="1" index="0" bw="1" slack="0"/>
</pin_list>
<bind>
<StgValue><ssdm name="empty"/></StgValue>
</bind>
</comp>

<comp id="38" class="1000" name="zext_ln26">
<pin_list>
<pin id="39" dir="1" index="0" bw="1" slack="0"/>
</pin_list>
<bind>
<StgValue><ssdm name="zext_ln26"/></StgValue>
</bind>
</comp>

<comp id="40" class="1000" name="in1">
<pin_list>
<pin id="41" dir="1" index="0" bw="1" slack="0"/>
</pin_list>
<bind>
<StgValue><ssdm name="in1"/></StgValue>
</bind>
</comp>

<comp id="42" class="1001" name="const_42">
<pin_list>
<pin id="43" dir="1" index="0" bw="1" slack="0"/>
</pin_list>
<bind>
<StgValue><ssdm name=""/></StgValue>
</bind>
</comp>

<comp id="44" class="1001" name="const_44">
<pin_list>
<pin id="45" dir="1" index="0" bw="1" slack="0"/>
</pin_list>
<bind>
<StgValue><ssdm name="_ssdm_op_Read.ap_auto.i64"/></StgValue>
</bind>
</comp>

<comp id="46" class="1001" name="const_46">
<pin_list>
<pin id="47" dir="1" index="0" bw="1" slack="0"/>
</pin_list>
<bind>
<StgValue><ssdm name="_ssdm_op_Read.ap_auto.i7"/></StgValue>
</bind>
</comp>

<comp id="48" class="1001" name="const_48">
<pin_list>
<pin id="49" dir="1" index="0" bw="1" slack="0"/>
</pin_list>
<bind>
<StgValue><ssdm name="_ssdm_op_Read.ap_auto.i39"/></StgValue>
</bind>
</comp>

<comp id="50" class="1001" name="const_50">
<pin_list>
<pin id="51" dir="1" index="0" bw="1" slack="0"/>
</pin_list>
<bind>
<StgValue><ssdm name="_ssdm_op_Read.ap_auto.i32"/></StgValue>
</bind>
</comp>

<comp id="52" class="1001" name="const_52">
<pin_list>
<pin id="53" dir="1" index="0" bw="1" slack="2147483647"/>
</pin_list>
<bind>
<StgValue><ssdm name="_ssdm_op_SpecInterface"/></StgValue>
</bind>
</comp>

<comp id="54" class="1001" name="const_54">
<pin_list>
<pin id="55" dir="1" index="0" bw="1" slack="2147483647"/>
</pin_list>
<bind>
<StgValue><ssdm name="empty"/></StgValue>
</bind>
</comp>

<comp id="56" class="1001" name="const_56">
<pin_list>
<pin id="57" dir="1" index="0" bw="1" slack="2147483647"/>
</pin_list>
<bind>
<StgValue><ssdm name=""/></StgValue>
</bind>
</comp>

<comp id="58" class="1001" name="const_58">
<pin_list>
<pin id="59" dir="1" index="0" bw="1" slack="2147483647"/>
</pin_list>
<bind>
<StgValue><ssdm name="empty_0"/></StgValue>
</bind>
</comp>

<comp id="60" class="1001" name="const_60">
<pin_list>
<pin id="61" dir="1" index="0" bw="1" slack="2147483647"/>
</pin_list>
<bind>
<StgValue><ssdm name=""/></StgValue>
</bind>
</comp>

<comp id="62" class="1001" name="const_62">
<pin_list>
<pin id="63" dir="1" index="0" bw="1" slack="2147483647"/>
</pin_list>
<bind>
<StgValue><ssdm name="empty_1"/></StgValue>
</bind>
</comp>

<comp id="64" class="1001" name="const_64">
<pin_list>
<pin id="65" dir="1" index="0" bw="1" slack="2147483647"/>
</pin_list>
<bind>
<StgValue><ssdm name="empty_2"/></StgValue>
</bind>
</comp>

<comp id="66" class="1001" name="const_66">
<pin_list>
<pin id="67" dir="1" index="0" bw="1" slack="2147483647"/>
</pin_list>
<bind>
<StgValue><ssdm name=""/></StgValue>
</bind>
</comp>

<comp id="68" class="1001" name="const_68">
<pin_list>
<pin id="69" dir="1" index="0" bw="1" slack="2147483647"/>
</pin_list>
<bind>
<StgValue><ssdm name=""/></StgValue>
</bind>
</comp>

<comp id="70" class="1001" name="const_70">
<pin_list>
<pin id="71" dir="1" index="0" bw="1" slack="0"/>
</pin_list>
<bind>
<StgValue><ssdm name=""/></StgValue>
</bind>
</comp>

<comp id="72" class="1001" name="const_72">
<pin_list>
<pin id="73" dir="1" index="0" bw="1" slack="0"/>
</pin_list>
<bind>
<StgValue><ssdm name=""/></StgValue>
</bind>
</comp>

<comp id="74" class="1001" name="const_74">
<pin_list>
<pin id="75" dir="1" index="0" bw="1" slack="2147483647"/>
</pin_list>
<bind>
<StgValue><ssdm name="_ssdm_op_SpecBitsMap"/></StgValue>
</bind>
</comp>

<comp id="76" class="1001" name="const_76">
<pin_list>
<pin id="77" dir="1" index="0" bw="1" slack="0"/>
</pin_list>
<bind>
<StgValue><ssdm name=""/></StgValue>
</bind>
</comp>

<comp id="78" class="1001" name="const_78">
<pin_list>
<pin id="79" dir="1" index="0" bw="1" slack="0"/>
</pin_list>
<bind>
<StgValue><ssdm name=""/></StgValue>
</bind>
</comp>

<comp id="80" class="1001" name="const_80">
<pin_list>
<pin id="81" dir="1" index="0" bw="1" slack="0"/>
</pin_list>
<bind>
<StgValue><ssdm name=""/></StgValue>
</bind>
</comp>

<comp id="82" class="1001" name="const_82">
<pin_list>
<pin id="83" dir="1" index="0" bw="1" slack="0"/>
</pin_list>
<bind>
<StgValue><ssdm name=""/></StgValue>
</bind>
</comp>

<comp id="84" class="1001" name="const_84">
<pin_list>
<pin id="85" dir="1" index="0" bw="1" slack="2147483647"/>
</pin_list>
<bind>
<StgValue><ssdm name=""/></StgValue>
</bind>
</comp>

<comp id="86" class="1001" name="const_86">
<pin_list>
<pin id="87" dir="1" index="0" bw="1" slack="2147483647"/>
</pin_list>
<bind>
<StgValue><ssdm name=""/></StgValue>
</bind>
</comp>

<comp id="88" class="1001" name="const_88">
<pin_list>
<pin id="89" dir="1" index="0" bw="1" slack="2147483647"/>
</pin_list>
<bind>
<StgValue><ssdm name=""/></StgValue>
</bind>
</comp>

<comp id="90" class="1001" name="const_90">
<pin_list>
<pin id="91" dir="1" index="0" bw="1" slack="2147483647"/>
</pin_list>
<bind>
<StgValue><ssdm name=""/></StgValue>
</bind>
</comp>

<comp id="92" class="1001" name="const_92">
<pin_list>
<pin id="93" dir="1" index="0" bw="1" slack="2147483647"/>
</pin_list>
<bind>
<StgValue><ssdm name=""/></StgValue>
</bind>
</comp>

<comp id="94" class="1001" name="const_94">
<pin_list>
<pin id="95" dir="1" index="0" bw="1" slack="2147483647"/>
</pin_list>
<bind>
<StgValue><ssdm name=""/></StgValue>
</bind>
</comp>

<comp id="96" class="1001" name="const_96">
<pin_list>
<pin id="97" dir="1" index="0" bw="1" slack="2147483647"/>
</pin_list>
<bind>
<StgValue><ssdm name=""/></StgValue>
</bind>
</comp>

<comp id="98" class="1001" name="const_98">
<pin_list>
<pin id="99" dir="1" index="0" bw="1" slack="2147483647"/>
</pin_list>
<bind>
<StgValue><ssdm name=""/></StgValue>
</bind>
</comp>

<comp id="100" class="1001" name="const_100">
<pin_list>
<pin id="101" dir="1" index="0" bw="1" slack="2147483647"/>
</pin_list>
<bind>
<StgValue><ssdm name=""/></StgValue>
</bind>
</comp>

<comp id="102" class="1001" name="const_102">
<pin_list>
<pin id="103" dir="1" index="0" bw="1" slack="2147483647"/>
</pin_list>
<bind>
<StgValue><ssdm name=""/></StgValue>
</bind>
</comp>

<comp id="104" class="1001" name="const_104">
<pin_list>
<pin id="105" dir="1" index="0" bw="1" slack="2147483647"/>
</pin_list>
<bind>
<StgValue><ssdm name=""/></StgValue>
</bind>
</comp>

<comp id="106" class="1001" name="const_106">
<pin_list>
<pin id="107" dir="1" index="0" bw="1" slack="2147483647"/>
</pin_list>
<bind>
<StgValue><ssdm name=""/></StgValue>
</bind>
</comp>

<comp id="108" class="1001" name="const_108">
<pin_list>
<pin id="109" dir="1" index="0" bw="1" slack="2147483647"/>
</pin_list>
<bind>
<StgValue><ssdm name=""/></StgValue>
</bind>
</comp>

<comp id="110" class="1001" name="const_110">
<pin_list>
<pin id="111" dir="1" index="0" bw="1" slack="2147483647"/>
</pin_list>
<bind>
<StgValue><ssdm name=""/></StgValue>
</bind>
</comp>

<comp id="112" class="1001" name="const_112">
<pin_list>
<pin id="113" dir="1" index="0" bw="1" slack="2147483647"/>
</pin_list>
<bind>
<StgValue><ssdm name=""/></StgValue>
</bind>
</comp>

<comp id="114" class="1001" name="const_114">
<pin_list>
<pin id="115" dir="1" index="0" bw="1" slack="2147483647"/>
</pin_list>
<bind>
<StgValue><ssdm name="_ssdm_op_SpecLoopName"/></StgValue>
</bind>
</comp>

<comp id="116" class="1001" name="const_116">
<pin_list>
<pin id="117" dir="1" index="0" bw="1" slack="2147483647"/>
</pin_list>
<bind>
<StgValue><ssdm name="load_a_VITIS_LOOP_27_1_str"/></StgValue>
</bind>
</comp>

<comp id="118" class="1001" name="const_118">
<pin_list>
<pin id="119" dir="1" index="0" bw="1" slack="2147483647"/>
</pin_list>
<bind>
<StgValue><ssdm name="_ssdm_op_SpecLoopTripCount"/></StgValue>
</bind>
</comp>

<comp id="120" class="1001" name="const_120">
<pin_list>
<pin id="121" dir="1" index="0" bw="1" slack="2147483647"/>
</pin_list>
<bind>
<StgValue><ssdm name=""/></StgValue>
</bind>
</comp>

<comp id="122" class="1001" name="const_122">
<pin_list>
<pin id="123" dir="1" index="0" bw="1" slack="0"/>
</pin_list>
<bind>
<StgValue><ssdm name="_ssdm_op_BitConcatenate.i42.i40.i2"/></StgValue>
</bind>
</comp>

<comp id="124" class="1001" name="const_124">
<pin_list>
<pin id="125" dir="1" index="0" bw="1" slack="0"/>
</pin_list>
<bind>
<StgValue><ssdm name=""/></StgValue>
</bind>
</comp>

<comp id="126" class="1001" name="const_126">
<pin_list>
<pin id="127" dir="1" index="0" bw="1" slack="0"/>
</pin_list>
<bind>
<StgValue><ssdm name="_ssdm_op_PartSelect.i62.i64.i32.i32"/></StgValue>
</bind>
</comp>

<comp id="128" class="1001" name="const_128">
<pin_list>
<pin id="129" dir="1" index="0" bw="1" slack="0"/>
</pin_list>
<bind>
<StgValue><ssdm name=""/></StgValue>
</bind>
</comp>

<comp id="130" class="1001" name="const_130">
<pin_list>
<pin id="131" dir="1" index="0" bw="1" slack="0"/>
</pin_list>
<bind>
<StgValue><ssdm name=""/></StgValue>
</bind>
</comp>

<comp id="132" class="1001" name="const_132">
<pin_list>
<pin id="133" dir="1" index="0" bw="1" slack="0"/>
</pin_list>
<bind>
<StgValue><ssdm name="_ssdm_op_ReadReq.m_axi.p1i32"/></StgValue>
</bind>
</comp>

<comp id="134" class="1001" name="const_134">
<pin_list>
<pin id="135" dir="1" index="0" bw="1" slack="0"/>
</pin_list>
<bind>
<StgValue><ssdm name=""/></StgValue>
</bind>
</comp>

<comp id="136" class="1001" name="const_136">
<pin_list>
<pin id="137" dir="1" index="0" bw="1" slack="0"/>
</pin_list>
<bind>
<StgValue><ssdm name="_ssdm_op_Read.m_axi.p1i32"/></StgValue>
</bind>
</comp>

<comp id="138" class="1001" name="const_138">
<pin_list>
<pin id="139" dir="1" index="0" bw="1" slack="0"/>
</pin_list>
<bind>
<StgValue><ssdm name=""/></StgValue>
</bind>
</comp>

<comp id="140" class="1001" name="const_140">
<pin_list>
<pin id="141" dir="1" index="0" bw="1" slack="2147483647"/>
</pin_list>
<bind>
<StgValue><ssdm name="_ssdm_op_SpecPipeline"/></StgValue>
</bind>
</comp>

<comp id="142" class="1004" name="k_fu_142">
<pin_list>
<pin id="143" dir="0" index="0" bw="1" slack="0"/>
<pin id="144" dir="1" index="1" bw="5" slack="0"/>
</pin_list>
<bind>
<opcode="alloca(26) " fcode="alloca"/>
<opset="k/1 "/>
</bind>
</comp>

<comp id="146" class="1004" name="i_fu_146">
<pin_list>
<pin id="147" dir="0" index="0" bw="1" slack="0"/>
<pin id="148" dir="1" index="1" bw="5" slack="0"/>
</pin_list>
<bind>
<opcode="alloca(26) " fcode="alloca"/>
<opset="i/1 "/>
</bind>
</comp>

<comp id="150" class="1004" name="indvar_flatten38_fu_150">
<pin_list>
<pin id="151" dir="0" index="0" bw="1" slack="0"/>
<pin id="152" dir="1" index="1" bw="9" slack="0"/>
</pin_list>
<bind>
<opcode="alloca(26) " fcode="alloca"/>
<opset="indvar_flatten38/1 "/>
</bind>
</comp>

<comp id="154" class="1004" name="in1_read_read_fu_154">
<pin_list>
<pin id="155" dir="0" index="0" bw="64" slack="0"/>
<pin id="156" dir="0" index="1" bw="64" slack="0"/>
<pin id="157" dir="1" index="2" bw="64" slack="1"/>
</pin_list>
<bind>
<opcode="read(1150) " fcode="read"/>
<opset="in1_read/1 "/>
</bind>
</comp>

<comp id="160" class="1004" name="zext_ln26_read_read_fu_160">
<pin_list>
<pin id="161" dir="0" index="0" bw="7" slack="0"/>
<pin id="162" dir="0" index="1" bw="7" slack="0"/>
<pin id="163" dir="1" index="2" bw="7" slack="0"/>
</pin_list>
<bind>
<opcode="read(1150) " fcode="read"/>
<opset="zext_ln26_read/1 "/>
</bind>
</comp>

<comp id="166" class="1004" name="tmp_read_fu_166">
<pin_list>
<pin id="167" dir="0" index="0" bw="39" slack="0"/>
<pin id="168" dir="0" index="1" bw="39" slack="0"/>
<pin id="169" dir="1" index="2" bw="39" slack="0"/>
</pin_list>
<bind>
<opcode="read(1150) " fcode="read"/>
<opset="tmp/1 "/>
</bind>
</comp>

<comp id="172" class="1004" name="dim_cast6_read_read_fu_172">
<pin_list>
<pin id="173" dir="0" index="0" bw="32" slack="0"/>
<pin id="174" dir="0" index="1" bw="32" slack="0"/>
<pin id="175" dir="1" index="2" bw="32" slack="0"/>
</pin_list>
<bind>
<opcode="read(1150) " fcode="read"/>
<opset="dim_cast6_read/1 "/>
</bind>
</comp>

<comp id="178" class="1004" name="grp_readreq_fu_178">
<pin_list>
<pin id="179" dir="0" index="0" bw="1" slack="0"/>
<pin id="180" dir="0" index="1" bw="32" slack="1"/>
<pin id="181" dir="0" index="2" bw="6" slack="0"/>
<pin id="182" dir="1" index="3" bw="1" slack="2147483647"/>
</pin_list>
<bind>
<opcode="readreq(1154) " fcode="readreq"/>
<opset="empty_31/3 "/>
</bind>
</comp>

<comp id="185" class="1004" name="gmem_addr_read_read_fu_185">
<pin_list>
<pin id="186" dir="0" index="0" bw="32" slack="0"/>
<pin id="187" dir="0" index="1" bw="32" slack="9"/>
<pin id="188" dir="1" index="2" bw="32" slack="1"/>
</pin_list>
<bind>
<opcode="read(1150) " fcode="read"/>
<opset="gmem_addr_read/11 "/>
</bind>
</comp>

<comp id="190" class="1004" name="tA_addr_gep_fu_190">
<pin_list>
<pin id="191" dir="0" index="0" bw="32" slack="0"/>
<pin id="192" dir="0" index="1" bw="1" slack="0"/>
<pin id="193" dir="0" index="2" bw="5" slack="0"/>
<pin id="194" dir="1" index="3" bw="4" slack="0"/>
</pin_list>
<bind>
<opcode="getelementptr(29) " fcode="getelementptr"/>
<opset="tA_addr/12 "/>
</bind>
</comp>

<comp id="197" class="1004" name="tA_1_addr_gep_fu_197">
<pin_list>
<pin id="198" dir="0" index="0" bw="32" slack="0"/>
<pin id="199" dir="0" index="1" bw="1" slack="0"/>
<pin id="200" dir="0" index="2" bw="5" slack="0"/>
<pin id="201" dir="1" index="3" bw="4" slack="0"/>
</pin_list>
<bind>
<opcode="getelementptr(29) " fcode="getelementptr"/>
<opset="tA_1_addr/12 "/>
</bind>
</comp>

<comp id="204" class="1004" name="tA_2_addr_gep_fu_204">
<pin_list>
<pin id="205" dir="0" index="0" bw="32" slack="0"/>
<pin id="206" dir="0" index="1" bw="1" slack="0"/>
<pin id="207" dir="0" index="2" bw="5" slack="0"/>
<pin id="208" dir="1" index="3" bw="4" slack="0"/>
</pin_list>
<bind>
<opcode="getelementptr(29) " fcode="getelementptr"/>
<opset="tA_2_addr/12 "/>
</bind>
</comp>

<comp id="211" class="1004" name="tA_3_addr_gep_fu_211">
<pin_list>
<pin id="212" dir="0" index="0" bw="32" slack="0"/>
<pin id="213" dir="0" index="1" bw="1" slack="0"/>
<pin id="214" dir="0" index="2" bw="5" slack="0"/>
<pin id="215" dir="1" index="3" bw="4" slack="0"/>
</pin_list>
<bind>
<opcode="getelementptr(29) " fcode="getelementptr"/>
<opset="tA_3_addr/12 "/>
</bind>
</comp>

<comp id="218" class="1004" name="tA_4_addr_gep_fu_218">
<pin_list>
<pin id="219" dir="0" index="0" bw="32" slack="0"/>
<pin id="220" dir="0" index="1" bw="1" slack="0"/>
<pin id="221" dir="0" index="2" bw="5" slack="0"/>
<pin id="222" dir="1" index="3" bw="4" slack="0"/>
</pin_list>
<bind>
<opcode="getelementptr(29) " fcode="getelementptr"/>
<opset="tA_4_addr/12 "/>
</bind>
</comp>

<comp id="225" class="1004" name="tA_5_addr_gep_fu_225">
<pin_list>
<pin id="226" dir="0" index="0" bw="32" slack="0"/>
<pin id="227" dir="0" index="1" bw="1" slack="0"/>
<pin id="228" dir="0" index="2" bw="5" slack="0"/>
<pin id="229" dir="1" index="3" bw="4" slack="0"/>
</pin_list>
<bind>
<opcode="getelementptr(29) " fcode="getelementptr"/>
<opset="tA_5_addr/12 "/>
</bind>
</comp>

<comp id="232" class="1004" name="tA_6_addr_gep_fu_232">
<pin_list>
<pin id="233" dir="0" index="0" bw="32" slack="0"/>
<pin id="234" dir="0" index="1" bw="1" slack="0"/>
<pin id="235" dir="0" index="2" bw="5" slack="0"/>
<pin id="236" dir="1" index="3" bw="4" slack="0"/>
</pin_list>
<bind>
<opcode="getelementptr(29) " fcode="getelementptr"/>
<opset="tA_6_addr/12 "/>
</bind>
</comp>

<comp id="239" class="1004" name="tA_7_addr_gep_fu_239">
<pin_list>
<pin id="240" dir="0" index="0" bw="32" slack="0"/>
<pin id="241" dir="0" index="1" bw="1" slack="0"/>
<pin id="242" dir="0" index="2" bw="5" slack="0"/>
<pin id="243" dir="1" index="3" bw="4" slack="0"/>
</pin_list>
<bind>
<opcode="getelementptr(29) " fcode="getelementptr"/>
<opset="tA_7_addr/12 "/>
</bind>
</comp>

<comp id="246" class="1004" name="tA_8_addr_gep_fu_246">
<pin_list>
<pin id="247" dir="0" index="0" bw="32" slack="0"/>
<pin id="248" dir="0" index="1" bw="1" slack="0"/>
<pin id="249" dir="0" index="2" bw="5" slack="0"/>
<pin id="250" dir="1" index="3" bw="4" slack="0"/>
</pin_list>
<bind>
<opcode="getelementptr(29) " fcode="getelementptr"/>
<opset="tA_8_addr/12 "/>
</bind>
</comp>

<comp id="253" class="1004" name="tA_9_addr_gep_fu_253">
<pin_list>
<pin id="254" dir="0" index="0" bw="32" slack="0"/>
<pin id="255" dir="0" index="1" bw="1" slack="0"/>
<pin id="256" dir="0" index="2" bw="5" slack="0"/>
<pin id="257" dir="1" index="3" bw="4" slack="0"/>
</pin_list>
<bind>
<opcode="getelementptr(29) " fcode="getelementptr"/>
<opset="tA_9_addr/12 "/>
</bind>
</comp>

<comp id="260" class="1004" name="tA_10_addr_gep_fu_260">
<pin_list>
<pin id="261" dir="0" index="0" bw="32" slack="0"/>
<pin id="262" dir="0" index="1" bw="1" slack="0"/>
<pin id="263" dir="0" index="2" bw="5" slack="0"/>
<pin id="264" dir="1" index="3" bw="4" slack="0"/>
</pin_list>
<bind>
<opcode="getelementptr(29) " fcode="getelementptr"/>
<opset="tA_10_addr/12 "/>
</bind>
</comp>

<comp id="267" class="1004" name="tA_11_addr_gep_fu_267">
<pin_list>
<pin id="268" dir="0" index="0" bw="32" slack="0"/>
<pin id="269" dir="0" index="1" bw="1" slack="0"/>
<pin id="270" dir="0" index="2" bw="5" slack="0"/>
<pin id="271" dir="1" index="3" bw="4" slack="0"/>
</pin_list>
<bind>
<opcode="getelementptr(29) " fcode="getelementptr"/>
<opset="tA_11_addr/12 "/>
</bind>
</comp>

<comp id="274" class="1004" name="tA_12_addr_gep_fu_274">
<pin_list>
<pin id="275" dir="0" index="0" bw="32" slack="0"/>
<pin id="276" dir="0" index="1" bw="1" slack="0"/>
<pin id="277" dir="0" index="2" bw="5" slack="0"/>
<pin id="278" dir="1" index="3" bw="4" slack="0"/>
</pin_list>
<bind>
<opcode="getelementptr(29) " fcode="getelementptr"/>
<opset="tA_12_addr/12 "/>
</bind>
</comp>

<comp id="281" class="1004" name="tA_13_addr_gep_fu_281">
<pin_list>
<pin id="282" dir="0" index="0" bw="32" slack="0"/>
<pin id="283" dir="0" index="1" bw="1" slack="0"/>
<pin id="284" dir="0" index="2" bw="5" slack="0"/>
<pin id="285" dir="1" index="3" bw="4" slack="0"/>
</pin_list>
<bind>
<opcode="getelementptr(29) " fcode="getelementptr"/>
<opset="tA_13_addr/12 "/>
</bind>
</comp>

<comp id="288" class="1004" name="tA_14_addr_gep_fu_288">
<pin_list>
<pin id="289" dir="0" index="0" bw="32" slack="0"/>
<pin id="290" dir="0" index="1" bw="1" slack="0"/>
<pin id="291" dir="0" index="2" bw="5" slack="0"/>
<pin id="292" dir="1" index="3" bw="4" slack="0"/>
</pin_list>
<bind>
<opcode="getelementptr(29) " fcode="getelementptr"/>
<opset="tA_14_addr/12 "/>
</bind>
</comp>

<comp id="295" class="1004" name="tA_15_addr_gep_fu_295">
<pin_list>
<pin id="296" dir="0" index="0" bw="32" slack="0"/>
<pin id="297" dir="0" index="1" bw="1" slack="0"/>
<pin id="298" dir="0" index="2" bw="5" slack="0"/>
<pin id="299" dir="1" index="3" bw="4" slack="0"/>
</pin_list>
<bind>
<opcode="getelementptr(29) " fcode="getelementptr"/>
<opset="tA_15_addr/12 "/>
</bind>
</comp>

<comp id="302" class="1004" name="store_ln28_access_fu_302">
<pin_list>
<pin id="303" dir="0" index="0" bw="4" slack="0"/>
<pin id="304" dir="0" index="1" bw="32" slack="1"/>
<pin id="305" dir="0" index="2" bw="0" slack="2147483647"/>
<pin id="306" dir="1" index="3" bw="32" slack="2147483647"/>
</pin_list>
<bind>
<opcode="store(28) " fcode="store"/>
<opset="store_ln28/12 "/>
</bind>
</comp>

<comp id="308" class="1004" name="store_ln28_access_fu_308">
<pin_list>
<pin id="309" dir="0" index="0" bw="4" slack="0"/>
<pin id="310" dir="0" index="1" bw="32" slack="1"/>
<pin id="311" dir="0" index="2" bw="0" slack="2147483647"/>
<pin id="312" dir="1" index="3" bw="32" slack="2147483647"/>
</pin_list>
<bind>
<opcode="store(28) " fcode="store"/>
<opset="store_ln28/12 "/>
</bind>
</comp>

<comp id="314" class="1004" name="store_ln28_access_fu_314">
<pin_list>
<pin id="315" dir="0" index="0" bw="4" slack="0"/>
<pin id="316" dir="0" index="1" bw="32" slack="1"/>
<pin id="317" dir="0" index="2" bw="0" slack="2147483647"/>
<pin id="318" dir="1" index="3" bw="32" slack="2147483647"/>
</pin_list>
<bind>
<opcode="store(28) " fcode="store"/>
<opset="store_ln28/12 "/>
</bind>
</comp>

<comp id="320" class="1004" name="store_ln28_access_fu_320">
<pin_list>
<pin id="321" dir="0" index="0" bw="4" slack="0"/>
<pin id="322" dir="0" index="1" bw="32" slack="1"/>
<pin id="323" dir="0" index="2" bw="0" slack="2147483647"/>
<pin id="324" dir="1" index="3" bw="32" slack="2147483647"/>
</pin_list>
<bind>
<opcode="store(28) " fcode="store"/>
<opset="store_ln28/12 "/>
</bind>
</comp>

<comp id="326" class="1004" name="store_ln28_access_fu_326">
<pin_list>
<pin id="327" dir="0" index="0" bw="4" slack="0"/>
<pin id="328" dir="0" index="1" bw="32" slack="1"/>
<pin id="329" dir="0" index="2" bw="0" slack="2147483647"/>
<pin id="330" dir="1" index="3" bw="32" slack="2147483647"/>
</pin_list>
<bind>
<opcode="store(28) " fcode="store"/>
<opset="store_ln28/12 "/>
</bind>
</comp>

<comp id="332" class="1004" name="store_ln28_access_fu_332">
<pin_list>
<pin id="333" dir="0" index="0" bw="4" slack="0"/>
<pin id="334" dir="0" index="1" bw="32" slack="1"/>
<pin id="335" dir="0" index="2" bw="0" slack="2147483647"/>
<pin id="336" dir="1" index="3" bw="32" slack="2147483647"/>
</pin_list>
<bind>
<opcode="store(28) " fcode="store"/>
<opset="store_ln28/12 "/>
</bind>
</comp>

<comp id="338" class="1004" name="store_ln28_access_fu_338">
<pin_list>
<pin id="339" dir="0" index="0" bw="4" slack="0"/>
<pin id="340" dir="0" index="1" bw="32" slack="1"/>
<pin id="341" dir="0" index="2" bw="0" slack="2147483647"/>
<pin id="342" dir="1" index="3" bw="32" slack="2147483647"/>
</pin_list>
<bind>
<opcode="store(28) " fcode="store"/>
<opset="store_ln28/12 "/>
</bind>
</comp>

<comp id="344" class="1004" name="store_ln28_access_fu_344">
<pin_list>
<pin id="345" dir="0" index="0" bw="4" slack="0"/>
<pin id="346" dir="0" index="1" bw="32" slack="1"/>
<pin id="347" dir="0" index="2" bw="0" slack="2147483647"/>
<pin id="348" dir="1" index="3" bw="32" slack="2147483647"/>
</pin_list>
<bind>
<opcode="store(28) " fcode="store"/>
<opset="store_ln28/12 "/>
</bind>
</comp>

<comp id="350" class="1004" name="store_ln28_access_fu_350">
<pin_list>
<pin id="351" dir="0" index="0" bw="4" slack="0"/>
<pin id="352" dir="0" index="1" bw="32" slack="1"/>
<pin id="353" dir="0" index="2" bw="0" slack="2147483647"/>
<pin id="354" dir="1" index="3" bw="32" slack="2147483647"/>
</pin_list>
<bind>
<opcode="store(28) " fcode="store"/>
<opset="store_ln28/12 "/>
</bind>
</comp>

<comp id="356" class="1004" name="store_ln28_access_fu_356">
<pin_list>
<pin id="357" dir="0" index="0" bw="4" slack="0"/>
<pin id="358" dir="0" index="1" bw="32" slack="1"/>
<pin id="359" dir="0" index="2" bw="0" slack="2147483647"/>
<pin id="360" dir="1" index="3" bw="32" slack="2147483647"/>
</pin_list>
<bind>
<opcode="store(28) " fcode="store"/>
<opset="store_ln28/12 "/>
</bind>
</comp>

<comp id="362" class="1004" name="store_ln28_access_fu_362">
<pin_list>
<pin id="363" dir="0" index="0" bw="4" slack="0"/>
<pin id="364" dir="0" index="1" bw="32" slack="1"/>
<pin id="365" dir="0" index="2" bw="0" slack="2147483647"/>
<pin id="366" dir="1" index="3" bw="32" slack="2147483647"/>
</pin_list>
<bind>
<opcode="store(28) " fcode="store"/>
<opset="store_ln28/12 "/>
</bind>
</comp>

<comp id="368" class="1004" name="store_ln28_access_fu_368">
<pin_list>
<pin id="369" dir="0" index="0" bw="4" slack="0"/>
<pin id="370" dir="0" index="1" bw="32" slack="1"/>
<pin id="371" dir="0" index="2" bw="0" slack="2147483647"/>
<pin id="372" dir="1" index="3" bw="32" slack="2147483647"/>
</pin_list>
<bind>
<opcode="store(28) " fcode="store"/>
<opset="store_ln28/12 "/>
</bind>
</comp>

<comp id="374" class="1004" name="store_ln28_access_fu_374">
<pin_list>
<pin id="375" dir="0" index="0" bw="4" slack="0"/>
<pin id="376" dir="0" index="1" bw="32" slack="1"/>
<pin id="377" dir="0" index="2" bw="0" slack="2147483647"/>
<pin id="378" dir="1" index="3" bw="32" slack="2147483647"/>
</pin_list>
<bind>
<opcode="store(28) " fcode="store"/>
<opset="store_ln28/12 "/>
</bind>
</comp>

<comp id="380" class="1004" name="store_ln28_access_fu_380">
<pin_list>
<pin id="381" dir="0" index="0" bw="4" slack="0"/>
<pin id="382" dir="0" index="1" bw="32" slack="1"/>
<pin id="383" dir="0" index="2" bw="0" slack="2147483647"/>
<pin id="384" dir="1" index="3" bw="32" slack="2147483647"/>
</pin_list>
<bind>
<opcode="store(28) " fcode="store"/>
<opset="store_ln28/12 "/>
</bind>
</comp>

<comp id="386" class="1004" name="store_ln28_access_fu_386">
<pin_list>
<pin id="387" dir="0" index="0" bw="4" slack="0"/>
<pin id="388" dir="0" index="1" bw="32" slack="1"/>
<pin id="389" dir="0" index="2" bw="0" slack="2147483647"/>
<pin id="390" dir="1" index="3" bw="32" slack="2147483647"/>
</pin_list>
<bind>
<opcode="store(28) " fcode="store"/>
<opset="store_ln28/12 "/>
</bind>
</comp>

<comp id="392" class="1004" name="store_ln28_access_fu_392">
<pin_list>
<pin id="393" dir="0" index="0" bw="4" slack="0"/>
<pin id="394" dir="0" index="1" bw="32" slack="1"/>
<pin id="395" dir="0" index="2" bw="0" slack="2147483647"/>
<pin id="396" dir="1" index="3" bw="32" slack="2147483647"/>
</pin_list>
<bind>
<opcode="store(28) " fcode="store"/>
<opset="store_ln28/12 "/>
</bind>
</comp>

<comp id="398" class="1004" name="dim_cast6_cast_fu_398">
<pin_list>
<pin id="399" dir="0" index="0" bw="32" slack="0"/>
<pin id="400" dir="1" index="1" bw="37" slack="1"/>
</pin_list>
<bind>
<opcode="sext(35) " fcode="sext"/>
<opset="dim_cast6_cast/1 "/>
</bind>
</comp>

<comp id="402" class="1004" name="zext_ln26_cast_fu_402">
<pin_list>
<pin id="403" dir="0" index="0" bw="7" slack="0"/>
<pin id="404" dir="1" index="1" bw="40" slack="1"/>
</pin_list>
<bind>
<opcode="zext(34) " fcode="zext"/>
<opset="zext_ln26_cast/1 "/>
</bind>
</comp>

<comp id="406" class="1004" name="p_cast_fu_406">
<pin_list>
<pin id="407" dir="0" index="0" bw="39" slack="0"/>
<pin id="408" dir="1" index="1" bw="40" slack="1"/>
</pin_list>
<bind>
<opcode="sext(35) " fcode="sext"/>
<opset="p_cast/1 "/>
</bind>
</comp>

<comp id="410" class="1004" name="store_ln0_store_fu_410">
<pin_list>
<pin id="411" dir="0" index="0" bw="1" slack="0"/>
<pin id="412" dir="0" index="1" bw="9" slack="0"/>
<pin id="413" dir="1" index="2" bw="0" slack="2147483647"/>
</pin_list>
<bind>
<opcode="store(28) " fcode="store"/>
<opset="store_ln0/1 "/>
</bind>
</comp>

<comp id="415" class="1004" name="store_ln26_store_fu_415">
<pin_list>
<pin id="416" dir="0" index="0" bw="1" slack="0"/>
<pin id="417" dir="0" index="1" bw="5" slack="0"/>
<pin id="418" dir="1" index="2" bw="0" slack="2147483647"/>
</pin_list>
<bind>
<opcode="store(28) " fcode="store"/>
<opset="store_ln26/1 "/>
</bind>
</comp>

<comp id="420" class="1004" name="store_ln27_store_fu_420">
<pin_list>
<pin id="421" dir="0" index="0" bw="1" slack="0"/>
<pin id="422" dir="0" index="1" bw="5" slack="0"/>
<pin id="423" dir="1" index="2" bw="0" slack="2147483647"/>
</pin_list>
<bind>
<opcode="store(28) " fcode="store"/>
<opset="store_ln27/1 "/>
</bind>
</comp>

<comp id="425" class="1004" name="indvar_flatten38_load_load_fu_425">
<pin_list>
<pin id="426" dir="0" index="0" bw="9" slack="0"/>
<pin id="427" dir="1" index="1" bw="9" slack="0"/>
</pin_list>
<bind>
<opcode="load(27) " fcode="load"/>
<opset="indvar_flatten38_load/1 "/>
</bind>
</comp>

<comp id="428" class="1004" name="icmp_ln26_fu_428">
<pin_list>
<pin id="429" dir="0" index="0" bw="9" slack="0"/>
<pin id="430" dir="0" index="1" bw="9" slack="0"/>
<pin id="431" dir="1" index="2" bw="1" slack="10"/>
</pin_list>
<bind>
<opcode="icmp(45) " fcode="icmp"/>
<opset="icmp_ln26/1 "/>
</bind>
</comp>

<comp id="434" class="1004" name="add_ln26_2_fu_434">
<pin_list>
<pin id="435" dir="0" index="0" bw="9" slack="0"/>
<pin id="436" dir="0" index="1" bw="1" slack="0"/>
<pin id="437" dir="1" index="2" bw="9" slack="0"/>
</pin_list>
<bind>
<opcode="add(8) " fcode="add"/>
<opset="add_ln26_2/1 "/>
</bind>
</comp>

<comp id="440" class="1004" name="k_load_load_fu_440">
<pin_list>
<pin id="441" dir="0" index="0" bw="5" slack="0"/>
<pin id="442" dir="1" index="1" bw="5" slack="0"/>
</pin_list>
<bind>
<opcode="load(27) " fcode="load"/>
<opset="k_load/1 "/>
</bind>
</comp>

<comp id="443" class="1004" name="i_load_load_fu_443">
<pin_list>
<pin id="444" dir="0" index="0" bw="5" slack="0"/>
<pin id="445" dir="1" index="1" bw="5" slack="0"/>
</pin_list>
<bind>
<opcode="load(27) " fcode="load"/>
<opset="i_load/1 "/>
</bind>
</comp>

<comp id="446" class="1004" name="icmp_ln27_fu_446">
<pin_list>
<pin id="447" dir="0" index="0" bw="5" slack="0"/>
<pin id="448" dir="0" index="1" bw="5" slack="0"/>
<pin id="449" dir="1" index="2" bw="1" slack="0"/>
</pin_list>
<bind>
<opcode="icmp(45) " fcode="icmp"/>
<opset="icmp_ln27/1 "/>
</bind>
</comp>

<comp id="452" class="1004" name="select_ln26_fu_452">
<pin_list>
<pin id="453" dir="0" index="0" bw="1" slack="0"/>
<pin id="454" dir="0" index="1" bw="1" slack="0"/>
<pin id="455" dir="0" index="2" bw="5" slack="0"/>
<pin id="456" dir="1" index="3" bw="5" slack="0"/>
</pin_list>
<bind>
<opcode="select(49) " fcode="select"/>
<opset="select_ln26/1 "/>
</bind>
</comp>

<comp id="460" class="1004" name="add_ln26_4_fu_460">
<pin_list>
<pin id="461" dir="0" index="0" bw="5" slack="0"/>
<pin id="462" dir="0" index="1" bw="1" slack="0"/>
<pin id="463" dir="1" index="2" bw="5" slack="0"/>
</pin_list>
<bind>
<opcode="add(8) " fcode="add"/>
<opset="add_ln26_4/1 "/>
</bind>
</comp>

<comp id="466" class="1004" name="select_ln26_1_fu_466">
<pin_list>
<pin id="467" dir="0" index="0" bw="1" slack="0"/>
<pin id="468" dir="0" index="1" bw="5" slack="0"/>
<pin id="469" dir="0" index="2" bw="5" slack="0"/>
<pin id="470" dir="1" index="3" bw="5" slack="0"/>
</pin_list>
<bind>
<opcode="select(49) " fcode="select"/>
<opset="select_ln26_1/1 "/>
</bind>
</comp>

<comp id="474" class="1004" name="first_iter_1_fu_474">
<pin_list>
<pin id="475" dir="0" index="0" bw="5" slack="0"/>
<pin id="476" dir="0" index="1" bw="1" slack="0"/>
<pin id="477" dir="1" index="2" bw="1" slack="2"/>
</pin_list>
<bind>
<opcode="icmp(45) " fcode="icmp"/>
<opset="first_iter_1/1 "/>
</bind>
</comp>

<comp id="480" class="1004" name="trunc_ln27_fu_480">
<pin_list>
<pin id="481" dir="0" index="0" bw="5" slack="0"/>
<pin id="482" dir="1" index="1" bw="4" slack="11"/>
</pin_list>
<bind>
<opcode="trunc(33) " fcode="trunc"/>
<opset="trunc_ln27/1 "/>
</bind>
</comp>

<comp id="484" class="1004" name="add_ln27_fu_484">
<pin_list>
<pin id="485" dir="0" index="0" bw="5" slack="0"/>
<pin id="486" dir="0" index="1" bw="1" slack="0"/>
<pin id="487" dir="1" index="2" bw="5" slack="0"/>
</pin_list>
<bind>
<opcode="add(8) " fcode="add"/>
<opset="add_ln27/1 "/>
</bind>
</comp>

<comp id="490" class="1004" name="store_ln26_store_fu_490">
<pin_list>
<pin id="491" dir="0" index="0" bw="9" slack="0"/>
<pin id="492" dir="0" index="1" bw="9" slack="0"/>
<pin id="493" dir="1" index="2" bw="0" slack="2147483647"/>
</pin_list>
<bind>
<opcode="store(28) " fcode="store"/>
<opset="store_ln26/1 "/>
</bind>
</comp>

<comp id="495" class="1004" name="store_ln26_store_fu_495">
<pin_list>
<pin id="496" dir="0" index="0" bw="5" slack="0"/>
<pin id="497" dir="0" index="1" bw="5" slack="0"/>
<pin id="498" dir="1" index="2" bw="0" slack="2147483647"/>
</pin_list>
<bind>
<opcode="store(28) " fcode="store"/>
<opset="store_ln26/1 "/>
</bind>
</comp>

<comp id="500" class="1004" name="store_ln27_store_fu_500">
<pin_list>
<pin id="501" dir="0" index="0" bw="5" slack="0"/>
<pin id="502" dir="0" index="1" bw="5" slack="0"/>
<pin id="503" dir="1" index="2" bw="0" slack="2147483647"/>
</pin_list>
<bind>
<opcode="store(28) " fcode="store"/>
<opset="store_ln27/1 "/>
</bind>
</comp>

<comp id="505" class="1004" name="zext_ln26_1_fu_505">
<pin_list>
<pin id="506" dir="0" index="0" bw="5" slack="1"/>
<pin id="507" dir="1" index="1" bw="37" slack="0"/>
</pin_list>
<bind>
<opcode="zext(34) " fcode="zext"/>
<opset="zext_ln26_1/2 "/>
</bind>
</comp>

<comp id="508" class="1004" name="mul_ln26_fu_508">
<pin_list>
<pin id="509" dir="0" index="0" bw="5" slack="0"/>
<pin id="510" dir="0" index="1" bw="32" slack="1"/>
<pin id="511" dir="1" index="2" bw="37" slack="0"/>
</pin_list>
<bind>
<opcode="mul(12) " fcode="mul"/>
<opset="mul_ln26/2 "/>
</bind>
</comp>

<comp id="513" class="1004" name="sext_ln26_fu_513">
<pin_list>
<pin id="514" dir="0" index="0" bw="37" slack="0"/>
<pin id="515" dir="1" index="1" bw="40" slack="0"/>
</pin_list>
<bind>
<opcode="sext(35) " fcode="sext"/>
<opset="sext_ln26/2 "/>
</bind>
</comp>

<comp id="517" class="1004" name="add_ln26_fu_517">
<pin_list>
<pin id="518" dir="0" index="0" bw="39" slack="1"/>
<pin id="519" dir="0" index="1" bw="37" slack="0"/>
<pin id="520" dir="1" index="2" bw="40" slack="0"/>
</pin_list>
<bind>
<opcode="add(8) " fcode="add"/>
<opset="add_ln26/2 "/>
</bind>
</comp>

<comp id="522" class="1004" name="add_ln26_3_fu_522">
<pin_list>
<pin id="523" dir="0" index="0" bw="40" slack="0"/>
<pin id="524" dir="0" index="1" bw="7" slack="1"/>
<pin id="525" dir="1" index="2" bw="40" slack="0"/>
</pin_list>
<bind>
<opcode="add(8) " fcode="add"/>
<opset="add_ln26_3/2 "/>
</bind>
</comp>

<comp id="527" class="1004" name="shl_ln1_fu_527">
<pin_list>
<pin id="528" dir="0" index="0" bw="42" slack="0"/>
<pin id="529" dir="0" index="1" bw="40" slack="0"/>
<pin id="530" dir="0" index="2" bw="1" slack="0"/>
<pin id="531" dir="1" index="3" bw="42" slack="0"/>
</pin_list>
<bind>
<opcode="bitconcatenate(1004) " fcode="bitconcatenate"/>
<opset="shl_ln1/2 "/>
</bind>
</comp>

<comp id="535" class="1004" name="sext_ln26_1_fu_535">
<pin_list>
<pin id="536" dir="0" index="0" bw="42" slack="0"/>
<pin id="537" dir="1" index="1" bw="64" slack="0"/>
</pin_list>
<bind>
<opcode="sext(35) " fcode="sext"/>
<opset="sext_ln26_1/2 "/>
</bind>
</comp>

<comp id="539" class="1004" name="add_ln26_1_fu_539">
<pin_list>
<pin id="540" dir="0" index="0" bw="42" slack="0"/>
<pin id="541" dir="0" index="1" bw="64" slack="1"/>
<pin id="542" dir="1" index="2" bw="64" slack="0"/>
</pin_list>
<bind>
<opcode="add(8) " fcode="add"/>
<opset="add_ln26_1/2 "/>
</bind>
</comp>

<comp id="544" class="1004" name="trunc_ln1_fu_544">
<pin_list>
<pin id="545" dir="0" index="0" bw="62" slack="0"/>
<pin id="546" dir="0" index="1" bw="64" slack="0"/>
<pin id="547" dir="0" index="2" bw="3" slack="0"/>
<pin id="548" dir="0" index="3" bw="7" slack="0"/>
<pin id="549" dir="1" index="4" bw="62" slack="0"/>
</pin_list>
<bind>
<opcode="partselect(1002) " fcode="partselect"/>
<opset="trunc_ln1/2 "/>
</bind>
</comp>

<comp id="554" class="1004" name="sext_ln27_fu_554">
<pin_list>
<pin id="555" dir="0" index="0" bw="62" slack="0"/>
<pin id="556" dir="1" index="1" bw="64" slack="0"/>
</pin_list>
<bind>
<opcode="sext(35) " fcode="sext"/>
<opset="sext_ln27/2 "/>
</bind>
</comp>

<comp id="558" class="1004" name="gmem_addr_fu_558">
<pin_list>
<pin id="559" dir="0" index="0" bw="32" slack="0"/>
<pin id="560" dir="0" index="1" bw="62" slack="0"/>
<pin id="561" dir="1" index="2" bw="32" slack="1"/>
</pin_list>
<bind>
<opcode="getelementptr(29) " fcode="getelementptr"/>
<opset="gmem_addr/2 "/>
</bind>
</comp>

<comp id="564" class="1004" name="zext_ln26_2_fu_564">
<pin_list>
<pin id="565" dir="0" index="0" bw="5" slack="11"/>
<pin id="566" dir="1" index="1" bw="64" slack="0"/>
</pin_list>
<bind>
<opcode="zext(34) " fcode="zext"/>
<opset="zext_ln26_2/12 "/>
</bind>
</comp>

<comp id="583" class="1005" name="k_reg_583">
<pin_list>
<pin id="584" dir="0" index="0" bw="5" slack="0"/>
<pin id="585" dir="1" index="1" bw="5" slack="0"/>
</pin_list>
<bind>
<opset="k "/>
</bind>
</comp>

<comp id="590" class="1005" name="i_reg_590">
<pin_list>
<pin id="591" dir="0" index="0" bw="5" slack="0"/>
<pin id="592" dir="1" index="1" bw="5" slack="0"/>
</pin_list>
<bind>
<opset="i "/>
</bind>
</comp>

<comp id="597" class="1005" name="indvar_flatten38_reg_597">
<pin_list>
<pin id="598" dir="0" index="0" bw="9" slack="0"/>
<pin id="599" dir="1" index="1" bw="9" slack="0"/>
</pin_list>
<bind>
<opset="indvar_flatten38 "/>
</bind>
</comp>

<comp id="604" class="1005" name="in1_read_reg_604">
<pin_list>
<pin id="605" dir="0" index="0" bw="64" slack="1"/>
<pin id="606" dir="1" index="1" bw="64" slack="1"/>
</pin_list>
<bind>
<opset="in1_read "/>
</bind>
</comp>

<comp id="609" class="1005" name="dim_cast6_cast_reg_609">
<pin_list>
<pin id="610" dir="0" index="0" bw="37" slack="1"/>
<pin id="611" dir="1" index="1" bw="37" slack="1"/>
</pin_list>
<bind>
<opset="dim_cast6_cast "/>
</bind>
</comp>

<comp id="614" class="1005" name="zext_ln26_cast_reg_614">
<pin_list>
<pin id="615" dir="0" index="0" bw="40" slack="1"/>
<pin id="616" dir="1" index="1" bw="40" slack="1"/>
</pin_list>
<bind>
<opset="zext_ln26_cast "/>
</bind>
</comp>

<comp id="619" class="1005" name="p_cast_reg_619">
<pin_list>
<pin id="620" dir="0" index="0" bw="40" slack="1"/>
<pin id="621" dir="1" index="1" bw="40" slack="1"/>
</pin_list>
<bind>
<opset="p_cast "/>
</bind>
</comp>

<comp id="624" class="1005" name="icmp_ln26_reg_624">
<pin_list>
<pin id="625" dir="0" index="0" bw="1" slack="10"/>
<pin id="626" dir="1" index="1" bw="1" slack="2147483647"/>
</pin_list>
<bind>
<opset="icmp_ln26 "/>
</bind>
</comp>

<comp id="628" class="1005" name="select_ln26_1_reg_628">
<pin_list>
<pin id="629" dir="0" index="0" bw="5" slack="1"/>
<pin id="630" dir="1" index="1" bw="5" slack="1"/>
</pin_list>
<bind>
<opset="select_ln26_1 "/>
</bind>
</comp>

<comp id="634" class="1005" name="first_iter_1_reg_634">
<pin_list>
<pin id="635" dir="0" index="0" bw="1" slack="2"/>
<pin id="636" dir="1" index="1" bw="1" slack="2147483647"/>
</pin_list>
<bind>
<opset="first_iter_1 "/>
</bind>
</comp>

<comp id="638" class="1005" name="trunc_ln27_reg_638">
<pin_list>
<pin id="639" dir="0" index="0" bw="4" slack="11"/>
<pin id="640" dir="1" index="1" bw="4" slack="2147483647"/>
</pin_list>
<bind>
<opset="trunc_ln27 "/>
</bind>
</comp>

<comp id="642" class="1005" name="gmem_addr_reg_642">
<pin_list>
<pin id="643" dir="0" index="0" bw="32" slack="1"/>
<pin id="644" dir="1" index="1" bw="32" slack="1"/>
</pin_list>
<bind>
<opset="gmem_addr "/>
</bind>
</comp>

<comp id="648" class="1005" name="gmem_addr_read_reg_648">
<pin_list>
<pin id="649" dir="0" index="0" bw="32" slack="1"/>
<pin id="650" dir="1" index="1" bw="32" slack="1"/>
</pin_list>
<bind>
<opset="gmem_addr_read "/>
</bind>
</comp>

</comp_list>

<net_list>
<net id="145"><net_src comp="42" pin="0"/><net_sink comp="142" pin=0"/></net>

<net id="149"><net_src comp="42" pin="0"/><net_sink comp="146" pin=0"/></net>

<net id="153"><net_src comp="42" pin="0"/><net_sink comp="150" pin=0"/></net>

<net id="158"><net_src comp="44" pin="0"/><net_sink comp="154" pin=0"/></net>

<net id="159"><net_src comp="40" pin="0"/><net_sink comp="154" pin=1"/></net>

<net id="164"><net_src comp="46" pin="0"/><net_sink comp="160" pin=0"/></net>

<net id="165"><net_src comp="38" pin="0"/><net_sink comp="160" pin=1"/></net>

<net id="170"><net_src comp="48" pin="0"/><net_sink comp="166" pin=0"/></net>

<net id="171"><net_src comp="36" pin="0"/><net_sink comp="166" pin=1"/></net>

<net id="176"><net_src comp="50" pin="0"/><net_sink comp="172" pin=0"/></net>

<net id="177"><net_src comp="34" pin="0"/><net_sink comp="172" pin=1"/></net>

<net id="183"><net_src comp="132" pin="0"/><net_sink comp="178" pin=0"/></net>

<net id="184"><net_src comp="134" pin="0"/><net_sink comp="178" pin=2"/></net>

<net id="189"><net_src comp="136" pin="0"/><net_sink comp="185" pin=0"/></net>

<net id="195"><net_src comp="2" pin="0"/><net_sink comp="190" pin=0"/></net>

<net id="196"><net_src comp="138" pin="0"/><net_sink comp="190" pin=1"/></net>

<net id="202"><net_src comp="4" pin="0"/><net_sink comp="197" pin=0"/></net>

<net id="203"><net_src comp="138" pin="0"/><net_sink comp="197" pin=1"/></net>

<net id="209"><net_src comp="6" pin="0"/><net_sink comp="204" pin=0"/></net>

<net id="210"><net_src comp="138" pin="0"/><net_sink comp="204" pin=1"/></net>

<net id="216"><net_src comp="8" pin="0"/><net_sink comp="211" pin=0"/></net>

<net id="217"><net_src comp="138" pin="0"/><net_sink comp="211" pin=1"/></net>

<net id="223"><net_src comp="10" pin="0"/><net_sink comp="218" pin=0"/></net>

<net id="224"><net_src comp="138" pin="0"/><net_sink comp="218" pin=1"/></net>

<net id="230"><net_src comp="12" pin="0"/><net_sink comp="225" pin=0"/></net>

<net id="231"><net_src comp="138" pin="0"/><net_sink comp="225" pin=1"/></net>

<net id="237"><net_src comp="14" pin="0"/><net_sink comp="232" pin=0"/></net>

<net id="238"><net_src comp="138" pin="0"/><net_sink comp="232" pin=1"/></net>

<net id="244"><net_src comp="16" pin="0"/><net_sink comp="239" pin=0"/></net>

<net id="245"><net_src comp="138" pin="0"/><net_sink comp="239" pin=1"/></net>

<net id="251"><net_src comp="18" pin="0"/><net_sink comp="246" pin=0"/></net>

<net id="252"><net_src comp="138" pin="0"/><net_sink comp="246" pin=1"/></net>

<net id="258"><net_src comp="20" pin="0"/><net_sink comp="253" pin=0"/></net>

<net id="259"><net_src comp="138" pin="0"/><net_sink comp="253" pin=1"/></net>

<net id="265"><net_src comp="22" pin="0"/><net_sink comp="260" pin=0"/></net>

<net id="266"><net_src comp="138" pin="0"/><net_sink comp="260" pin=1"/></net>

<net id="272"><net_src comp="24" pin="0"/><net_sink comp="267" pin=0"/></net>

<net id="273"><net_src comp="138" pin="0"/><net_sink comp="267" pin=1"/></net>

<net id="279"><net_src comp="26" pin="0"/><net_sink comp="274" pin=0"/></net>

<net id="280"><net_src comp="138" pin="0"/><net_sink comp="274" pin=1"/></net>

<net id="286"><net_src comp="28" pin="0"/><net_sink comp="281" pin=0"/></net>

<net id="287"><net_src comp="138" pin="0"/><net_sink comp="281" pin=1"/></net>

<net id="293"><net_src comp="30" pin="0"/><net_sink comp="288" pin=0"/></net>

<net id="294"><net_src comp="138" pin="0"/><net_sink comp="288" pin=1"/></net>

<net id="300"><net_src comp="32" pin="0"/><net_sink comp="295" pin=0"/></net>

<net id="301"><net_src comp="138" pin="0"/><net_sink comp="295" pin=1"/></net>

<net id="307"><net_src comp="288" pin="3"/><net_sink comp="302" pin=0"/></net>

<net id="313"><net_src comp="281" pin="3"/><net_sink comp="308" pin=0"/></net>

<net id="319"><net_src comp="274" pin="3"/><net_sink comp="314" pin=0"/></net>

<net id="325"><net_src comp="267" pin="3"/><net_sink comp="320" pin=0"/></net>

<net id="331"><net_src comp="260" pin="3"/><net_sink comp="326" pin=0"/></net>

<net id="337"><net_src comp="253" pin="3"/><net_sink comp="332" pin=0"/></net>

<net id="343"><net_src comp="246" pin="3"/><net_sink comp="338" pin=0"/></net>

<net id="349"><net_src comp="239" pin="3"/><net_sink comp="344" pin=0"/></net>

<net id="355"><net_src comp="232" pin="3"/><net_sink comp="350" pin=0"/></net>

<net id="361"><net_src comp="225" pin="3"/><net_sink comp="356" pin=0"/></net>

<net id="367"><net_src comp="218" pin="3"/><net_sink comp="362" pin=0"/></net>

<net id="373"><net_src comp="211" pin="3"/><net_sink comp="368" pin=0"/></net>

<net id="379"><net_src comp="204" pin="3"/><net_sink comp="374" pin=0"/></net>

<net id="385"><net_src comp="197" pin="3"/><net_sink comp="380" pin=0"/></net>

<net id="391"><net_src comp="190" pin="3"/><net_sink comp="386" pin=0"/></net>

<net id="397"><net_src comp="295" pin="3"/><net_sink comp="392" pin=0"/></net>

<net id="401"><net_src comp="172" pin="2"/><net_sink comp="398" pin=0"/></net>

<net id="405"><net_src comp="160" pin="2"/><net_sink comp="402" pin=0"/></net>

<net id="409"><net_src comp="166" pin="2"/><net_sink comp="406" pin=0"/></net>

<net id="414"><net_src comp="70" pin="0"/><net_sink comp="410" pin=0"/></net>

<net id="419"><net_src comp="72" pin="0"/><net_sink comp="415" pin=0"/></net>

<net id="424"><net_src comp="72" pin="0"/><net_sink comp="420" pin=0"/></net>

<net id="432"><net_src comp="425" pin="1"/><net_sink comp="428" pin=0"/></net>

<net id="433"><net_src comp="76" pin="0"/><net_sink comp="428" pin=1"/></net>

<net id="438"><net_src comp="425" pin="1"/><net_sink comp="434" pin=0"/></net>

<net id="439"><net_src comp="78" pin="0"/><net_sink comp="434" pin=1"/></net>

<net id="450"><net_src comp="440" pin="1"/><net_sink comp="446" pin=0"/></net>

<net id="451"><net_src comp="80" pin="0"/><net_sink comp="446" pin=1"/></net>

<net id="457"><net_src comp="446" pin="2"/><net_sink comp="452" pin=0"/></net>

<net id="458"><net_src comp="72" pin="0"/><net_sink comp="452" pin=1"/></net>

<net id="459"><net_src comp="440" pin="1"/><net_sink comp="452" pin=2"/></net>

<net id="464"><net_src comp="443" pin="1"/><net_sink comp="460" pin=0"/></net>

<net id="465"><net_src comp="82" pin="0"/><net_sink comp="460" pin=1"/></net>

<net id="471"><net_src comp="446" pin="2"/><net_sink comp="466" pin=0"/></net>

<net id="472"><net_src comp="460" pin="2"/><net_sink comp="466" pin=1"/></net>

<net id="473"><net_src comp="443" pin="1"/><net_sink comp="466" pin=2"/></net>

<net id="478"><net_src comp="452" pin="3"/><net_sink comp="474" pin=0"/></net>

<net id="479"><net_src comp="72" pin="0"/><net_sink comp="474" pin=1"/></net>

<net id="483"><net_src comp="452" pin="3"/><net_sink comp="480" pin=0"/></net>

<net id="488"><net_src comp="452" pin="3"/><net_sink comp="484" pin=0"/></net>

<net id="489"><net_src comp="82" pin="0"/><net_sink comp="484" pin=1"/></net>

<net id="494"><net_src comp="434" pin="2"/><net_sink comp="490" pin=0"/></net>

<net id="499"><net_src comp="466" pin="3"/><net_sink comp="495" pin=0"/></net>

<net id="504"><net_src comp="484" pin="2"/><net_sink comp="500" pin=0"/></net>

<net id="512"><net_src comp="505" pin="1"/><net_sink comp="508" pin=0"/></net>

<net id="516"><net_src comp="508" pin="2"/><net_sink comp="513" pin=0"/></net>

<net id="521"><net_src comp="513" pin="1"/><net_sink comp="517" pin=1"/></net>

<net id="526"><net_src comp="517" pin="2"/><net_sink comp="522" pin=0"/></net>

<net id="532"><net_src comp="122" pin="0"/><net_sink comp="527" pin=0"/></net>

<net id="533"><net_src comp="522" pin="2"/><net_sink comp="527" pin=1"/></net>

<net id="534"><net_src comp="124" pin="0"/><net_sink comp="527" pin=2"/></net>

<net id="538"><net_src comp="527" pin="3"/><net_sink comp="535" pin=0"/></net>

<net id="543"><net_src comp="535" pin="1"/><net_sink comp="539" pin=0"/></net>

<net id="550"><net_src comp="126" pin="0"/><net_sink comp="544" pin=0"/></net>

<net id="551"><net_src comp="539" pin="2"/><net_sink comp="544" pin=1"/></net>

<net id="552"><net_src comp="128" pin="0"/><net_sink comp="544" pin=2"/></net>

<net id="553"><net_src comp="130" pin="0"/><net_sink comp="544" pin=3"/></net>

<net id="557"><net_src comp="544" pin="4"/><net_sink comp="554" pin=0"/></net>

<net id="562"><net_src comp="0" pin="0"/><net_sink comp="558" pin=0"/></net>

<net id="563"><net_src comp="554" pin="1"/><net_sink comp="558" pin=1"/></net>

<net id="567"><net_src comp="564" pin="1"/><net_sink comp="190" pin=2"/></net>

<net id="568"><net_src comp="564" pin="1"/><net_sink comp="197" pin=2"/></net>

<net id="569"><net_src comp="564" pin="1"/><net_sink comp="204" pin=2"/></net>

<net id="570"><net_src comp="564" pin="1"/><net_sink comp="211" pin=2"/></net>

<net id="571"><net_src comp="564" pin="1"/><net_sink comp="218" pin=2"/></net>

<net id="572"><net_src comp="564" pin="1"/><net_sink comp="225" pin=2"/></net>

<net id="573"><net_src comp="564" pin="1"/><net_sink comp="232" pin=2"/></net>

<net id="574"><net_src comp="564" pin="1"/><net_sink comp="239" pin=2"/></net>

<net id="575"><net_src comp="564" pin="1"/><net_sink comp="246" pin=2"/></net>

<net id="576"><net_src comp="564" pin="1"/><net_sink comp="253" pin=2"/></net>

<net id="577"><net_src comp="564" pin="1"/><net_sink comp="260" pin=2"/></net>

<net id="578"><net_src comp="564" pin="1"/><net_sink comp="267" pin=2"/></net>

<net id="579"><net_src comp="564" pin="1"/><net_sink comp="274" pin=2"/></net>

<net id="580"><net_src comp="564" pin="1"/><net_sink comp="281" pin=2"/></net>

<net id="581"><net_src comp="564" pin="1"/><net_sink comp="288" pin=2"/></net>

<net id="582"><net_src comp="564" pin="1"/><net_sink comp="295" pin=2"/></net>

<net id="586"><net_src comp="142" pin="1"/><net_sink comp="583" pin=0"/></net>

<net id="587"><net_src comp="583" pin="1"/><net_sink comp="420" pin=1"/></net>

<net id="588"><net_src comp="583" pin="1"/><net_sink comp="440" pin=0"/></net>

<net id="589"><net_src comp="583" pin="1"/><net_sink comp="500" pin=1"/></net>

<net id="593"><net_src comp="146" pin="1"/><net_sink comp="590" pin=0"/></net>

<net id="594"><net_src comp="590" pin="1"/><net_sink comp="415" pin=1"/></net>

<net id="595"><net_src comp="590" pin="1"/><net_sink comp="443" pin=0"/></net>

<net id="596"><net_src comp="590" pin="1"/><net_sink comp="495" pin=1"/></net>

<net id="600"><net_src comp="150" pin="1"/><net_sink comp="597" pin=0"/></net>

<net id="601"><net_src comp="597" pin="1"/><net_sink comp="410" pin=1"/></net>

<net id="602"><net_src comp="597" pin="1"/><net_sink comp="425" pin=0"/></net>

<net id="603"><net_src comp="597" pin="1"/><net_sink comp="490" pin=1"/></net>

<net id="607"><net_src comp="154" pin="2"/><net_sink comp="604" pin=0"/></net>

<net id="608"><net_src comp="604" pin="1"/><net_sink comp="539" pin=1"/></net>

<net id="612"><net_src comp="398" pin="1"/><net_sink comp="609" pin=0"/></net>

<net id="613"><net_src comp="609" pin="1"/><net_sink comp="508" pin=1"/></net>

<net id="617"><net_src comp="402" pin="1"/><net_sink comp="614" pin=0"/></net>

<net id="618"><net_src comp="614" pin="1"/><net_sink comp="522" pin=1"/></net>

<net id="622"><net_src comp="406" pin="1"/><net_sink comp="619" pin=0"/></net>

<net id="623"><net_src comp="619" pin="1"/><net_sink comp="517" pin=0"/></net>

<net id="627"><net_src comp="428" pin="2"/><net_sink comp="624" pin=0"/></net>

<net id="631"><net_src comp="466" pin="3"/><net_sink comp="628" pin=0"/></net>

<net id="632"><net_src comp="628" pin="1"/><net_sink comp="505" pin=0"/></net>

<net id="633"><net_src comp="628" pin="1"/><net_sink comp="564" pin=0"/></net>

<net id="637"><net_src comp="474" pin="2"/><net_sink comp="634" pin=0"/></net>

<net id="641"><net_src comp="480" pin="1"/><net_sink comp="638" pin=0"/></net>

<net id="645"><net_src comp="558" pin="2"/><net_sink comp="642" pin=0"/></net>

<net id="646"><net_src comp="642" pin="1"/><net_sink comp="178" pin=1"/></net>

<net id="647"><net_src comp="642" pin="1"/><net_sink comp="185" pin=1"/></net>

<net id="651"><net_src comp="185" pin="2"/><net_sink comp="648" pin=0"/></net>

<net id="652"><net_src comp="648" pin="1"/><net_sink comp="302" pin=1"/></net>

<net id="653"><net_src comp="648" pin="1"/><net_sink comp="308" pin=1"/></net>

<net id="654"><net_src comp="648" pin="1"/><net_sink comp="314" pin=1"/></net>

<net id="655"><net_src comp="648" pin="1"/><net_sink comp="320" pin=1"/></net>

<net id="656"><net_src comp="648" pin="1"/><net_sink comp="326" pin=1"/></net>

<net id="657"><net_src comp="648" pin="1"/><net_sink comp="332" pin=1"/></net>

<net id="658"><net_src comp="648" pin="1"/><net_sink comp="338" pin=1"/></net>

<net id="659"><net_src comp="648" pin="1"/><net_sink comp="344" pin=1"/></net>

<net id="660"><net_src comp="648" pin="1"/><net_sink comp="350" pin=1"/></net>

<net id="661"><net_src comp="648" pin="1"/><net_sink comp="356" pin=1"/></net>

<net id="662"><net_src comp="648" pin="1"/><net_sink comp="362" pin=1"/></net>

<net id="663"><net_src comp="648" pin="1"/><net_sink comp="368" pin=1"/></net>

<net id="664"><net_src comp="648" pin="1"/><net_sink comp="374" pin=1"/></net>

<net id="665"><net_src comp="648" pin="1"/><net_sink comp="380" pin=1"/></net>

<net id="666"><net_src comp="648" pin="1"/><net_sink comp="386" pin=1"/></net>

<net id="667"><net_src comp="648" pin="1"/><net_sink comp="392" pin=1"/></net>

</net_list>

</model> 
---------------- Datapath Model END ------------------

* FSMD analyzer results:
  - Output states:
	Port: tA | {12 }
	Port: tA_1 | {12 }
	Port: tA_2 | {12 }
	Port: tA_3 | {12 }
	Port: tA_4 | {12 }
	Port: tA_5 | {12 }
	Port: tA_6 | {12 }
	Port: tA_7 | {12 }
	Port: tA_8 | {12 }
	Port: tA_9 | {12 }
	Port: tA_10 | {12 }
	Port: tA_11 | {12 }
	Port: tA_12 | {12 }
	Port: tA_13 | {12 }
	Port: tA_14 | {12 }
	Port: tA_15 | {12 }
 - Input state : 
	Port: mmult_hw_Pipeline_load_a_VITIS_LOOP_27_1 : gmem | {3 4 5 6 7 8 9 10 11 }
	Port: mmult_hw_Pipeline_load_a_VITIS_LOOP_27_1 : dim_cast6 | {1 }
	Port: mmult_hw_Pipeline_load_a_VITIS_LOOP_27_1 : empty | {1 }
	Port: mmult_hw_Pipeline_load_a_VITIS_LOOP_27_1 : zext_ln26 | {1 }
	Port: mmult_hw_Pipeline_load_a_VITIS_LOOP_27_1 : in1 | {1 }
  - Chain level:
	State 1
		store_ln0 : 1
		store_ln26 : 1
		store_ln27 : 1
		indvar_flatten38_load : 1
		icmp_ln26 : 2
		add_ln26_2 : 2
		br_ln26 : 3
		k_load : 1
		i_load : 1
		icmp_ln27 : 2
		select_ln26 : 3
		add_ln26_4 : 2
		select_ln26_1 : 3
		first_iter_1 : 4
		br_ln27 : 5
		trunc_ln27 : 4
		switch_ln28 : 5
		add_ln27 : 4
		store_ln26 : 3
		store_ln26 : 4
		store_ln27 : 5
	State 2
		mul_ln26 : 1
		sext_ln26 : 2
		add_ln26 : 3
		add_ln26_3 : 4
		shl_ln1 : 5
		sext_ln26_1 : 6
		add_ln26_1 : 7
		trunc_ln1 : 8
		sext_ln27 : 9
		gmem_addr : 10
	State 3
	State 4
	State 5
	State 6
	State 7
	State 8
	State 9
	State 10
	State 11
	State 12
		tA_addr : 1
		tA_1_addr : 1
		tA_2_addr : 1
		tA_3_addr : 1
		tA_4_addr : 1
		tA_5_addr : 1
		tA_6_addr : 1
		tA_7_addr : 1
		tA_8_addr : 1
		tA_9_addr : 1
		tA_10_addr : 1
		tA_11_addr : 1
		tA_12_addr : 1
		tA_13_addr : 1
		tA_14_addr : 1
		tA_15_addr : 1
		store_ln28 : 2
		store_ln28 : 2
		store_ln28 : 2
		store_ln28 : 2
		store_ln28 : 2
		store_ln28 : 2
		store_ln28 : 2
		store_ln28 : 2
		store_ln28 : 2
		store_ln28 : 2
		store_ln28 : 2
		store_ln28 : 2
		store_ln28 : 2
		store_ln28 : 2
		store_ln28 : 2
		store_ln28 : 2


============================================================
+ Verbose Summary: Datapath Resource usage 
============================================================

* Functional unit list:
|----------|----------------------------|---------|---------|---------|
| Operation|       Functional Unit      |   DSP   |    FF   |   LUT   |
|----------|----------------------------|---------|---------|---------|
|          |      add_ln26_2_fu_434     |    0    |    0    |    16   |
|          |      add_ln26_4_fu_460     |    0    |    0    |    12   |
|    add   |       add_ln27_fu_484      |    0    |    0    |    12   |
|          |       add_ln26_fu_517      |    0    |    0    |    39   |
|          |      add_ln26_3_fu_522     |    0    |    0    |    40   |
|          |      add_ln26_1_fu_539     |    0    |    0    |    71   |
|----------|----------------------------|---------|---------|---------|
|          |      icmp_ln26_fu_428      |    0    |    0    |    16   |
|   icmp   |      icmp_ln27_fu_446      |    0    |    0    |    12   |
|          |     first_iter_1_fu_474    |    0    |    0    |    12   |
|----------|----------------------------|---------|---------|---------|
|    mul   |       mul_ln26_fu_508      |    2    |    0    |    20   |
|----------|----------------------------|---------|---------|---------|
|  select  |     select_ln26_fu_452     |    0    |    0    |    5    |
|          |    select_ln26_1_fu_466    |    0    |    0    |    5    |
|----------|----------------------------|---------|---------|---------|
|          |    in1_read_read_fu_154    |    0    |    0    |    0    |
|          | zext_ln26_read_read_fu_160 |    0    |    0    |    0    |
|   read   |       tmp_read_fu_166      |    0    |    0    |    0    |
|          | dim_cast6_read_read_fu_172 |    0    |    0    |    0    |
|          | gmem_addr_read_read_fu_185 |    0    |    0    |    0    |
|----------|----------------------------|---------|---------|---------|
|  readreq |     grp_readreq_fu_178     |    0    |    0    |    0    |
|----------|----------------------------|---------|---------|---------|
|          |    dim_cast6_cast_fu_398   |    0    |    0    |    0    |
|          |        p_cast_fu_406       |    0    |    0    |    0    |
|   sext   |      sext_ln26_fu_513      |    0    |    0    |    0    |
|          |     sext_ln26_1_fu_535     |    0    |    0    |    0    |
|          |      sext_ln27_fu_554      |    0    |    0    |    0    |
|----------|----------------------------|---------|---------|---------|
|          |    zext_ln26_cast_fu_402   |    0    |    0    |    0    |
|   zext   |     zext_ln26_1_fu_505     |    0    |    0    |    0    |
|          |     zext_ln26_2_fu_564     |    0    |    0    |    0    |
|----------|----------------------------|---------|---------|---------|
|   trunc  |      trunc_ln27_fu_480     |    0    |    0    |    0    |
|----------|----------------------------|---------|---------|---------|
|bitconcatenate|       shl_ln1_fu_527       |    0    |    0    |    0    |
|----------|----------------------------|---------|---------|---------|
|partselect|      trunc_ln1_fu_544      |    0    |    0    |    0    |
|----------|----------------------------|---------|---------|---------|
|   Total  |                            |    2    |    0    |   260   |
|----------|----------------------------|---------|---------|---------|

Memories:
N/A

* Register list:
+------------------------+--------+
|                        |   FF   |
+------------------------+--------+
| dim_cast6_cast_reg_609 |   37   |
|  first_iter_1_reg_634  |    1   |
| gmem_addr_read_reg_648 |   32   |
|    gmem_addr_reg_642   |   32   |
|        i_reg_590       |    5   |
|    icmp_ln26_reg_624   |    1   |
|    in1_read_reg_604    |   64   |
|indvar_flatten38_reg_597|    9   |
|        k_reg_583       |    5   |
|     p_cast_reg_619     |   40   |
|  select_ln26_1_reg_628 |    5   |
|   trunc_ln27_reg_638   |    4   |
| zext_ln26_cast_reg_614 |   40   |
+------------------------+--------+
|          Total         |   275  |
+------------------------+--------+

* Multiplexer (MUX) list: 
|--------|------|------|------|--------|
|  Comp  |  Pin | Size |  BW  | S x BW |
|--------|------|------|------|--------|
|  Total |      |      |      |    0   |
|--------|------|------|------|--------|



* Summary:
+-----------+--------+--------+--------+
|           |   DSP  |   FF   |   LUT  |
+-----------+--------+--------+--------+
|  Function |    2   |    0   |   260  |
|   Memory  |    -   |    -   |    -   |
|Multiplexer|    -   |    -   |    -   |
|  Register |    -   |   275  |    -   |
+-----------+--------+--------+--------+
|   Total   |    2   |   275  |   260  |
+-----------+--------+--------+--------+
