

================================================================
== Vitis HLS Report for 'mmult_hw'
================================================================
* Date:           Mon Feb 23 03:01:00 2026

* Version:        2024.1 (Build 5069499 on May 21 2024)
* Project:        matmul_D13_Tiled_FullAP
* Solution:       hls (Vivado IP Flow Target)
* Product family: zynquplus
* Target device:  xczu3eg-sbva484-1-e


================================================================
== Performance Estimates
================================================================
+ Timing: 
    * Summary: 
    +--------+----------+----------+------------+
    |  Clock |  Target  | Estimated| Uncertainty|
    +--------+----------+----------+------------+
    |ap_clk  |  10.00 ns|  7.300 ns|     2.70 ns|
    +--------+----------+----------+------------+

+ Latency: 
    * Summary: 
    +---------+---------+-----------+-----------+---------+---------+---------+
    |  Latency (cycles) |   Latency (absolute)  |      Interval     | Pipeline|
    |   min   |   max   |    min    |    max    |   min   |   max   |   Type  |
    +---------+---------+-----------+-----------+---------+---------+---------+
    |  3338065|  3338065|  33.381 ms|  33.381 ms|  3338066|  3338066|       no|
    +---------+---------+-----------+-----------+---------+---------+---------+

    + Detail: 
        * Instance: 
        +------------------------------------------------------+------------------------------------------+---------+---------+----------+----------+-----+-----+-----------------------------------------------+
        |                                                      |                                          |  Latency (cycles) |  Latency (absolute) |  Interval |                    Pipeline                   |
        |                       Instance                       |                  Module                  |   min   |   max   |    min   |    max   | min | max |                      Type                     |
        +------------------------------------------------------+------------------------------------------+---------+---------+----------+----------+-----+-----+-----------------------------------------------+
        |grp_mmult_hw_Pipeline_init_i_init_j_fu_2020           |mmult_hw_Pipeline_init_i_init_j           |      258|      258|  2.580 us|  2.580 us|  257|  257|  loop auto-rewind stp(delay=0 clock cycles(s))|
        |grp_mmult_hw_Pipeline_load_a_VITIS_LOOP_27_1_fu_2040  |mmult_hw_Pipeline_load_a_VITIS_LOOP_27_1  |      268|      268|  2.680 us|  2.680 us|  257|  257|  loop auto-rewind stp(delay=0 clock cycles(s))|
        |grp_mmult_hw_Pipeline_load_b_VITIS_LOOP_30_2_fu_2066  |mmult_hw_Pipeline_load_b_VITIS_LOOP_30_2  |      268|      268|  2.680 us|  2.680 us|  257|  257|  loop auto-rewind stp(delay=0 clock cycles(s))|
        |grp_mmult_hw_Pipeline_store_i_store_j_fu_2092         |mmult_hw_Pipeline_store_i_store_j         |      265|      265|  2.650 us|  2.650 us|  257|  257|  loop auto-rewind stp(delay=0 clock cycles(s))|
        |grp_mmult_hw_Pipeline_comp_k_fu_2118                  |mmult_hw_Pipeline_comp_k                  |       18|       18|  0.180 us|  0.180 us|   17|   17|  loop auto-rewind stp(delay=0 clock cycles(s))|
        +------------------------------------------------------+------------------------------------------+---------+---------+----------+----------+-----+-----+-----------------------------------------------+

        * Loop: 
        +-----------------+---------+---------+----------+-----------+-----------+------+----------+
        |                 |  Latency (cycles) | Iteration|  Initiation Interval  | Trip |          |
        |    Loop Name    |   min   |   max   |  Latency |  achieved |   target  | Count| Pipelined|
        +-----------------+---------+---------+----------+-----------+-----------+------+----------+
        |- tile_i         |  3338064|  3338064|    417258|          -|          -|     8|        no|
        | + tile_j        |   417256|   417256|     52157|          -|          -|     8|        no|
        |  ++ tile_k      |    51896|    51896|      6487|          -|          -|     8|        no|
        |   +++ comp_i    |     5680|     5680|       355|          -|          -|    16|        no|
        |    ++++ comp_j  |      352|      352|        22|          -|          -|    16|        no|
        +-----------------+---------+---------+----------+-----------+-----------+------+----------+

============================================================
+ Verbose Summary: Synthesis Manager
============================================================
InlineROM: 1
ExposeGlobal: 0
============================================================
+ Verbose Summary: CDFG Model
============================================================
IsTopModel: 1
ResetActiveHigh: 1
IsCombinational: 0
IsDatapathOnly: 0
HasWiredReturn: 1
HasMFsm: 0
HasVarLatency: 1
IsPipeline: 0
IsRtlPipelined: 0
IsInstanceOverlapped: 0
IsDontTouch: 0
HasImplIP: 0
IsGatedGlobalClock: 0


============================================================
+ Verbose Summary: Schedule
============================================================
* Number of FSM states : 15
* Pipeline : 0
* Dataflow Pipeline: 0

* FSM state transitions: 
1 --> 2 
2 --> 3 
3 --> 4 2 
4 --> 5 
5 --> 6 3 
6 --> 7 
7 --> 8 
8 --> 9 
9 --> 10 15 
10 --> 11 
11 --> 12 9 
12 --> 13 
13 --> 14 
14 --> 11 
15 --> 5 

* FSM state operations: 

State 1 <SV = 0> <Delay = 1.00>
ST_1 : Operation 16 [1/1] (0.00ns)   --->   "%ti = alloca i32 1" [mmult_baseline.cpp:19]   --->   Operation 16 'alloca' 'ti' <Predicate = true> <Delay = 0.00>
ST_1 : Operation 17 [1/1] (1.00ns)   --->   "%dim_read = read i32 @_ssdm_op_Read.s_axilite.i32, i32 %dim"   --->   Operation 17 'read' 'dim_read' <Predicate = true> <Delay = 1.00> <CoreInst = "s_axilite">   --->   Core 120 's_axilite' <Latency = 0> <II = 1> <Delay = 1.00> <Adapter> <Opcode : 'read' 'write'>
ST_1 : Operation 18 [1/1] (1.00ns)   --->   "%out_r_read = read i64 @_ssdm_op_Read.s_axilite.i64, i64 %out_r"   --->   Operation 18 'read' 'out_r_read' <Predicate = true> <Delay = 1.00> <CoreInst = "s_axilite">   --->   Core 120 's_axilite' <Latency = 0> <II = 1> <Delay = 1.00> <Adapter> <Opcode : 'read' 'write'>
ST_1 : Operation 19 [1/1] (1.00ns)   --->   "%in2_read = read i64 @_ssdm_op_Read.s_axilite.i64, i64 %in2"   --->   Operation 19 'read' 'in2_read' <Predicate = true> <Delay = 1.00> <CoreInst = "s_axilite">   --->   Core 120 's_axilite' <Latency = 0> <II = 1> <Delay = 1.00> <Adapter> <Opcode : 'read' 'write'>
ST_1 : Operation 20 [1/1] (1.00ns)   --->   "%in1_read = read i64 @_ssdm_op_Read.s_axilite.i64, i64 %in1"   --->   Operation 20 'read' 'in1_read' <Predicate = true> <Delay = 1.00> <CoreInst = "s_axilite">   --->   Core 120 's_axilite' <Latency = 0> <II = 1> <Delay = 1.00> <Adapter> <Opcode : 'read' 'write'>
ST_1 : Operation 21 [1/1] (0.00ns)   --->   "%acc_1_loc = alloca i64 1"   --->   Operation 21 'alloca' 'acc_1_loc' <Predicate = true> <Delay = 0.00>
ST_1 : Operation 22 [1/1] (0.00ns)   --->   "%spectopmodule_ln7 = spectopmodule void @_ssdm_op_SpecTopModule, void @empty_12" [mmult_baseline.cpp:7]   --->   Operation 22 'spectopmodule' 'spectopmodule_ln7' <Predicate = true> <Delay = 0.00>
ST_1 : Operation 23 [1/1] (0.00ns)   --->   "%specinterface_ln0 = specinterface void @_ssdm_op_SpecInterface, i32 %gmem, void @empty, i32 0, i32 0, void @empty_0, i32 0, i32 16384, void @empty_1, void @empty_2, void @empty_0, i32 16, i32 16, i32 16, i32 16, void @empty_0, void @empty_0, i32 4294967295, i32 0, i32 0"   --->   Operation 23 'specinterface' 'specinterface_ln0' <Predicate = true> <Delay = 0.00>
ST_1 : Operation 24 [1/1] (0.00ns)   --->   "%specbitsmap_ln0 = specbitsmap void @_ssdm_op_SpecBitsMap, i32 %gmem"   --->   Operation 24 'specbitsmap' 'specbitsmap_ln0' <Predicate = true> <Delay = 0.00>
ST_1 : Operation 25 [1/1] (0.00ns)   --->   "%specinterface_ln0 = specinterface void @_ssdm_op_SpecInterface, i64 %in1, void @empty_3, i32 0, i32 0, void @empty_0, i32 0, i32 0, void @empty_4, void @empty_5, void @empty_0, i32 0, i32 0, i32 0, i32 0, void @empty_0, void @empty_6, i32 4294967295, i32 0, i32 0"   --->   Operation 25 'specinterface' 'specinterface_ln0' <Predicate = true> <Delay = 0.00>
ST_1 : Operation 26 [1/1] (0.00ns)   --->   "%specinterface_ln0 = specinterface void @_ssdm_op_SpecInterface, i64 %in1, void @empty_7, i32 0, i32 0, void @empty_0, i32 0, i32 0, void @empty_0, void @empty_0, void @empty_0, i32 0, i32 0, i32 0, i32 0, void @empty_0, void @empty_6, i32 4294967295, i32 0, i32 0"   --->   Operation 26 'specinterface' 'specinterface_ln0' <Predicate = true> <Delay = 0.00>
ST_1 : Operation 27 [1/1] (0.00ns)   --->   "%specinterface_ln0 = specinterface void @_ssdm_op_SpecInterface, i64 %in2, void @empty_3, i32 0, i32 0, void @empty_0, i32 0, i32 0, void @empty_4, void @empty_8, void @empty_0, i32 0, i32 0, i32 0, i32 0, void @empty_0, void @empty_6, i32 4294967295, i32 0, i32 0"   --->   Operation 27 'specinterface' 'specinterface_ln0' <Predicate = true> <Delay = 0.00>
ST_1 : Operation 28 [1/1] (0.00ns)   --->   "%specinterface_ln0 = specinterface void @_ssdm_op_SpecInterface, i64 %in2, void @empty_7, i32 0, i32 0, void @empty_0, i32 0, i32 0, void @empty_0, void @empty_0, void @empty_0, i32 0, i32 0, i32 0, i32 0, void @empty_0, void @empty_6, i32 4294967295, i32 0, i32 0"   --->   Operation 28 'specinterface' 'specinterface_ln0' <Predicate = true> <Delay = 0.00>
ST_1 : Operation 29 [1/1] (0.00ns)   --->   "%specinterface_ln0 = specinterface void @_ssdm_op_SpecInterface, i64 %out_r, void @empty_3, i32 0, i32 0, void @empty_0, i32 0, i32 0, void @empty_4, void @empty_9, void @empty_0, i32 0, i32 0, i32 0, i32 0, void @empty_0, void @empty_6, i32 4294967295, i32 0, i32 0"   --->   Operation 29 'specinterface' 'specinterface_ln0' <Predicate = true> <Delay = 0.00>
ST_1 : Operation 30 [1/1] (0.00ns)   --->   "%specinterface_ln0 = specinterface void @_ssdm_op_SpecInterface, i64 %out_r, void @empty_7, i32 0, i32 0, void @empty_0, i32 0, i32 0, void @empty_0, void @empty_0, void @empty_0, i32 0, i32 0, i32 0, i32 0, void @empty_0, void @empty_6, i32 4294967295, i32 0, i32 0"   --->   Operation 30 'specinterface' 'specinterface_ln0' <Predicate = true> <Delay = 0.00>
ST_1 : Operation 31 [1/1] (0.00ns)   --->   "%specbitsmap_ln0 = specbitsmap void @_ssdm_op_SpecBitsMap, i32 %dim"   --->   Operation 31 'specbitsmap' 'specbitsmap_ln0' <Predicate = true> <Delay = 0.00>
ST_1 : Operation 32 [1/1] (0.00ns)   --->   "%specinterface_ln0 = specinterface void @_ssdm_op_SpecInterface, i32 %dim, void @empty_3, i32 4294967295, i32 4294967295, void @empty_10, i32 0, i32 0, void @empty_4, void @empty_11, void @empty_0, i32 0, i32 0, i32 0, i32 0, void @empty_0, void @empty_0, i32 4294967295, i32 0, i32 0"   --->   Operation 32 'specinterface' 'specinterface_ln0' <Predicate = true> <Delay = 0.00>
ST_1 : Operation 33 [1/1] (0.00ns)   --->   "%specinterface_ln0 = specinterface void @_ssdm_op_SpecInterface, i32 %dim, void @empty_7, i32 4294967295, i32 4294967295, void @empty_0, i32 0, i32 0, void @empty_0, void @empty_0, void @empty_0, i32 0, i32 0, i32 0, i32 0, void @empty_0, void @empty_0, i32 4294967295, i32 0, i32 0"   --->   Operation 33 'specinterface' 'specinterface_ln0' <Predicate = true> <Delay = 0.00>
ST_1 : Operation 34 [1/1] (0.00ns)   --->   "%specinterface_ln0 = specinterface void @_ssdm_op_SpecInterface, i32 0, void @empty_3, i32 0, i32 0, void @empty_0, i32 0, i32 0, void @empty_4, void @empty_0, void @empty_0, i32 0, i32 0, i32 0, i32 0, void @empty_0, void @empty_0, i32 4294967295, i32 0, i32 0"   --->   Operation 34 'specinterface' 'specinterface_ln0' <Predicate = true> <Delay = 0.00>
ST_1 : Operation 35 [1/1] (0.79ns)   --->   "%tA = alloca i64 1" [mmult_baseline.cpp:15]   --->   Operation 35 'alloca' 'tA' <Predicate = true> <Delay = 0.79> <CoreInst = "RAM">   --->   Core 82 'RAM' <Latency = 1> <II = 1> <Delay = 0.79> <Storage> <Opcode : 'load' 'store'> <Ports = 2> <Width = 32> <Depth = 16> <RAM>
ST_1 : Operation 36 [1/1] (0.79ns)   --->   "%tA_1 = alloca i64 1" [mmult_baseline.cpp:15]   --->   Operation 36 'alloca' 'tA_1' <Predicate = true> <Delay = 0.79> <CoreInst = "RAM">   --->   Core 82 'RAM' <Latency = 1> <II = 1> <Delay = 0.79> <Storage> <Opcode : 'load' 'store'> <Ports = 2> <Width = 32> <Depth = 16> <RAM>
ST_1 : Operation 37 [1/1] (0.79ns)   --->   "%tA_2 = alloca i64 1" [mmult_baseline.cpp:15]   --->   Operation 37 'alloca' 'tA_2' <Predicate = true> <Delay = 0.79> <CoreInst = "RAM">   --->   Core 82 'RAM' <Latency = 1> <II = 1> <Delay = 0.79> <Storage> <Opcode : 'load' 'store'> <Ports = 2> <Width = 32> <Depth = 16> <RAM>
ST_1 : Operation 38 [1/1] (0.79ns)   --->   "%tA_3 = alloca i64 1" [mmult_baseline.cpp:15]   --->   Operation 38 'alloca' 'tA_3' <Predicate = true> <Delay = 0.79> <CoreInst = "RAM">   --->   Core 82 'RAM' <Latency = 1> <II = 1> <Delay = 0.79> <Storage> <Opcode : 'load' 'store'> <Ports = 2> <Width = 32> <Depth = 16> <RAM>
ST_1 : Operation 39 [1/1] (0.79ns)   --->   "%tA_4 = alloca i64 1" [mmult_baseline.cpp:15]   --->   Operation 39 'alloca' 'tA_4' <Predicate = true> <Delay = 0.79> <CoreInst = "RAM">   --->   Core 82 'RAM' <Latency = 1> <II = 1> <Delay = 0.79> <Storage> <Opcode : 'load' 'store'> <Ports = 2> <Width = 32> <Depth = 16> <RAM>
ST_1 : Operation 40 [1/1] (0.79ns)   --->   "%tA_5 = alloca i64 1" [mmult_baseline.cpp:15]   --->   Operation 40 'alloca' 'tA_5' <Predicate = true> <Delay = 0.79> <CoreInst = "RAM">   --->   Core 82 'RAM' <Latency = 1> <II = 1> <Delay = 0.79> <Storage> <Opcode : 'load' 'store'> <Ports = 2> <Width = 32> <Depth = 16> <RAM>
ST_1 : Operation 41 [1/1] (0.79ns)   --->   "%tA_6 = alloca i64 1" [mmult_baseline.cpp:15]   --->   Operation 41 'alloca' 'tA_6' <Predicate = true> <Delay = 0.79> <CoreInst = "RAM">   --->   Core 82 'RAM' <Latency = 1> <II = 1> <Delay = 0.79> <Storage> <Opcode : 'load' 'store'> <Ports = 2> <Width = 32> <Depth = 16> <RAM>
ST_1 : Operation 42 [1/1] (0.79ns)   --->   "%tA_7 = alloca i64 1" [mmult_baseline.cpp:15]   --->   Operation 42 'alloca' 'tA_7' <Predicate = true> <Delay = 0.79> <CoreInst = "RAM">   --->   Core 82 'RAM' <Latency = 1> <II = 1> <Delay = 0.79> <Storage> <Opcode : 'load' 'store'> <Ports = 2> <Width = 32> <Depth = 16> <RAM>
ST_1 : Operation 43 [1/1] (0.79ns)   --->   "%tA_8 = alloca i64 1" [mmult_baseline.cpp:15]   --->   Operation 43 'alloca' 'tA_8' <Predicate = true> <Delay = 0.79> <CoreInst = "RAM">   --->   Core 82 'RAM' <Latency = 1> <II = 1> <Delay = 0.79> <Storage> <Opcode : 'load' 'store'> <Ports = 2> <Width = 32> <Depth = 16> <RAM>
ST_1 : Operation 44 [1/1] (0.79ns)   --->   "%tA_9 = alloca i64 1" [mmult_baseline.cpp:15]   --->   Operation 44 'alloca' 'tA_9' <Predicate = true> <Delay = 0.79> <CoreInst = "RAM">   --->   Core 82 'RAM' <Latency = 1> <II = 1> <Delay = 0.79> <Storage> <Opcode : 'load' 'store'> <Ports = 2> <Width = 32> <Depth = 16> <RAM>
ST_1 : Operation 45 [1/1] (0.79ns)   --->   "%tA_10 = alloca i64 1" [mmult_baseline.cpp:15]   --->   Operation 45 'alloca' 'tA_10' <Predicate = true> <Delay = 0.79> <CoreInst = "RAM">   --->   Core 82 'RAM' <Latency = 1> <II = 1> <Delay = 0.79> <Storage> <Opcode : 'load' 'store'> <Ports = 2> <Width = 32> <Depth = 16> <RAM>
ST_1 : Operation 46 [1/1] (0.79ns)   --->   "%tA_11 = alloca i64 1" [mmult_baseline.cpp:15]   --->   Operation 46 'alloca' 'tA_11' <Predicate = true> <Delay = 0.79> <CoreInst = "RAM">   --->   Core 82 'RAM' <Latency = 1> <II = 1> <Delay = 0.79> <Storage> <Opcode : 'load' 'store'> <Ports = 2> <Width = 32> <Depth = 16> <RAM>
ST_1 : Operation 47 [1/1] (0.79ns)   --->   "%tA_12 = alloca i64 1" [mmult_baseline.cpp:15]   --->   Operation 47 'alloca' 'tA_12' <Predicate = true> <Delay = 0.79> <CoreInst = "RAM">   --->   Core 82 'RAM' <Latency = 1> <II = 1> <Delay = 0.79> <Storage> <Opcode : 'load' 'store'> <Ports = 2> <Width = 32> <Depth = 16> <RAM>
ST_1 : Operation 48 [1/1] (0.79ns)   --->   "%tA_13 = alloca i64 1" [mmult_baseline.cpp:15]   --->   Operation 48 'alloca' 'tA_13' <Predicate = true> <Delay = 0.79> <CoreInst = "RAM">   --->   Core 82 'RAM' <Latency = 1> <II = 1> <Delay = 0.79> <Storage> <Opcode : 'load' 'store'> <Ports = 2> <Width = 32> <Depth = 16> <RAM>
ST_1 : Operation 49 [1/1] (0.79ns)   --->   "%tA_14 = alloca i64 1" [mmult_baseline.cpp:15]   --->   Operation 49 'alloca' 'tA_14' <Predicate = true> <Delay = 0.79> <CoreInst = "RAM">   --->   Core 82 'RAM' <Latency = 1> <II = 1> <Delay = 0.79> <Storage> <Opcode : 'load' 'store'> <Ports = 2> <Width = 32> <Depth = 16> <RAM>
ST_1 : Operation 50 [1/1] (0.79ns)   --->   "%tA_15 = alloca i64 1" [mmult_baseline.cpp:15]   --->   Operation 50 'alloca' 'tA_15' <Predicate = true> <Delay = 0.79> <CoreInst = "RAM">   --->   Core 82 'RAM' <Latency = 1> <II = 1> <Delay = 0.79> <Storage> <Opcode : 'load' 'store'> <Ports = 2> <Width = 32> <Depth = 16> <RAM>
ST_1 : Operation 51 [1/1] (0.79ns)   --->   "%tB = alloca i64 1" [mmult_baseline.cpp:15]   --->   Operation 51 'alloca' 'tB' <Predicate = true> <Delay = 0.79> <CoreInst = "RAM">   --->   Core 82 'RAM' <Latency = 1> <II = 1> <Delay = 0.79> <Storage> <Opcode : 'load' 'store'> <Ports = 2> <Width = 32> <Depth = 16> <RAM>
ST_1 : Operation 52 [1/1] (0.79ns)   --->   "%tB_1 = alloca i64 1" [mmult_baseline.cpp:15]   --->   Operation 52 'alloca' 'tB_1' <Predicate = true> <Delay = 0.79> <CoreInst = "RAM">   --->   Core 82 'RAM' <Latency = 1> <II = 1> <Delay = 0.79> <Storage> <Opcode : 'load' 'store'> <Ports = 2> <Width = 32> <Depth = 16> <RAM>
ST_1 : Operation 53 [1/1] (0.79ns)   --->   "%tB_2 = alloca i64 1" [mmult_baseline.cpp:15]   --->   Operation 53 'alloca' 'tB_2' <Predicate = true> <Delay = 0.79> <CoreInst = "RAM">   --->   Core 82 'RAM' <Latency = 1> <II = 1> <Delay = 0.79> <Storage> <Opcode : 'load' 'store'> <Ports = 2> <Width = 32> <Depth = 16> <RAM>
ST_1 : Operation 54 [1/1] (0.79ns)   --->   "%tB_3 = alloca i64 1" [mmult_baseline.cpp:15]   --->   Operation 54 'alloca' 'tB_3' <Predicate = true> <Delay = 0.79> <CoreInst = "RAM">   --->   Core 82 'RAM' <Latency = 1> <II = 1> <Delay = 0.79> <Storage> <Opcode : 'load' 'store'> <Ports = 2> <Width = 32> <Depth = 16> <RAM>
ST_1 : Operation 55 [1/1] (0.79ns)   --->   "%tB_4 = alloca i64 1" [mmult_baseline.cpp:15]   --->   Operation 55 'alloca' 'tB_4' <Predicate = true> <Delay = 0.79> <CoreInst = "RAM">   --->   Core 82 'RAM' <Latency = 1> <II = 1> <Delay = 0.79> <Storage> <Opcode : 'load' 'store'> <Ports = 2> <Width = 32> <Depth = 16> <RAM>
ST_1 : Operation 56 [1/1] (0.79ns)   --->   "%tB_5 = alloca i64 1" [mmult_baseline.cpp:15]   --->   Operation 56 'alloca' 'tB_5' <Predicate = true> <Delay = 0.79> <CoreInst = "RAM">   --->   Core 82 'RAM' <Latency = 1> <II = 1> <Delay = 0.79> <Storage> <Opcode : 'load' 'store'> <Ports = 2> <Width = 32> <Depth = 16> <RAM>
ST_1 : Operation 57 [1/1] (0.79ns)   --->   "%tB_6 = alloca i64 1" [mmult_baseline.cpp:15]   --->   Operation 57 'alloca' 'tB_6' <Predicate = true> <Delay = 0.79> <CoreInst = "RAM">   --->   Core 82 'RAM' <Latency = 1> <II = 1> <Delay = 0.79> <Storage> <Opcode : 'load' 'store'> <Ports = 2> <Width = 32> <Depth = 16> <RAM>
ST_1 : Operation 58 [1/1] (0.79ns)   --->   "%tB_7 = alloca i64 1" [mmult_baseline.cpp:15]   --->   Operation 58 'alloca' 'tB_7' <Predicate = true> <Delay = 0.79> <CoreInst = "RAM">   --->   Core 82 'RAM' <Latency = 1> <II = 1> <Delay = 0.79> <Storage> <Opcode : 'load' 'store'> <Ports = 2> <Width = 32> <Depth = 16> <RAM>
ST_1 : Operation 59 [1/1] (0.79ns)   --->   "%tB_8 = alloca i64 1" [mmult_baseline.cpp:15]   --->   Operation 59 'alloca' 'tB_8' <Predicate = true> <Delay = 0.79> <CoreInst = "RAM">   --->   Core 82 'RAM' <Latency = 1> <II = 1> <Delay = 0.79> <Storage> <Opcode : 'load' 'store'> <Ports = 2> <Width = 32> <Depth = 16> <RAM>
ST_1 : Operation 60 [1/1] (0.79ns)   --->   "%tB_9 = alloca i64 1" [mmult_baseline.cpp:15]   --->   Operation 60 'alloca' 'tB_9' <Predicate = true> <Delay = 0.79> <CoreInst = "RAM">   --->   Core 82 'RAM' <Latency = 1> <II = 1> <Delay = 0.79> <Storage> <Opcode : 'load' 'store'> <Ports = 2> <Width = 32> <Depth = 16> <RAM>
ST_1 : Operation 61 [1/1] (0.79ns)   --->   "%tB_10 = alloca i64 1" [mmult_baseline.cpp:15]   --->   Operation 61 'alloca' 'tB_10' <Predicate = true> <Delay = 0.79> <CoreInst = "RAM">   --->   Core 82 'RAM' <Latency = 1> <II = 1> <Delay = 0.79> <Storage> <Opcode : 'load' 'store'> <Ports = 2> <Width = 32> <Depth = 16> <RAM>
ST_1 : Operation 62 [1/1] (0.79ns)   --->   "%tB_11 = alloca i64 1" [mmult_baseline.cpp:15]   --->   Operation 62 'alloca' 'tB_11' <Predicate = true> <Delay = 0.79> <CoreInst = "RAM">   --->   Core 82 'RAM' <Latency = 1> <II = 1> <Delay = 0.79> <Storage> <Opcode : 'load' 'store'> <Ports = 2> <Width = 32> <Depth = 16> <RAM>
ST_1 : Operation 63 [1/1] (0.79ns)   --->   "%tB_12 = alloca i64 1" [mmult_baseline.cpp:15]   --->   Operation 63 'alloca' 'tB_12' <Predicate = true> <Delay = 0.79> <CoreInst = "RAM">   --->   Core 82 'RAM' <Latency = 1> <II = 1> <Delay = 0.79> <Storage> <Opcode : 'load' 'store'> <Ports = 2> <Width = 32> <Depth = 16> <RAM>
ST_1 : Operation 64 [1/1] (0.79ns)   --->   "%tB_13 = alloca i64 1" [mmult_baseline.cpp:15]   --->   Operation 64 'alloca' 'tB_13' <Predicate = true> <Delay = 0.79> <CoreInst = "RAM">   --->   Core 82 'RAM' <Latency = 1> <II = 1> <Delay = 0.79> <Storage> <Opcode : 'load' 'store'> <Ports = 2> <Width = 32> <Depth = 16> <RAM>
ST_1 : Operation 65 [1/1] (0.79ns)   --->   "%tB_14 = alloca i64 1" [mmult_baseline.cpp:15]   --->   Operation 65 'alloca' 'tB_14' <Predicate = true> <Delay = 0.79> <CoreInst = "RAM">   --->   Core 82 'RAM' <Latency = 1> <II = 1> <Delay = 0.79> <Storage> <Opcode : 'load' 'store'> <Ports = 2> <Width = 32> <Depth = 16> <RAM>
ST_1 : Operation 66 [1/1] (0.79ns)   --->   "%tB_15 = alloca i64 1" [mmult_baseline.cpp:15]   --->   Operation 66 'alloca' 'tB_15' <Predicate = true> <Delay = 0.79> <CoreInst = "RAM">   --->   Core 82 'RAM' <Latency = 1> <II = 1> <Delay = 0.79> <Storage> <Opcode : 'load' 'store'> <Ports = 2> <Width = 32> <Depth = 16> <RAM>
ST_1 : Operation 67 [1/1] (0.79ns)   --->   "%tC = alloca i64 1" [mmult_baseline.cpp:15]   --->   Operation 67 'alloca' 'tC' <Predicate = true> <Delay = 0.79> <CoreInst = "RAM">   --->   Core 82 'RAM' <Latency = 1> <II = 1> <Delay = 0.79> <Storage> <Opcode : 'load' 'store'> <Ports = 2> <Width = 32> <Depth = 16> <RAM>
ST_1 : Operation 68 [1/1] (0.79ns)   --->   "%tC_1 = alloca i64 1" [mmult_baseline.cpp:15]   --->   Operation 68 'alloca' 'tC_1' <Predicate = true> <Delay = 0.79> <CoreInst = "RAM">   --->   Core 82 'RAM' <Latency = 1> <II = 1> <Delay = 0.79> <Storage> <Opcode : 'load' 'store'> <Ports = 2> <Width = 32> <Depth = 16> <RAM>
ST_1 : Operation 69 [1/1] (0.79ns)   --->   "%tC_2 = alloca i64 1" [mmult_baseline.cpp:15]   --->   Operation 69 'alloca' 'tC_2' <Predicate = true> <Delay = 0.79> <CoreInst = "RAM">   --->   Core 82 'RAM' <Latency = 1> <II = 1> <Delay = 0.79> <Storage> <Opcode : 'load' 'store'> <Ports = 2> <Width = 32> <Depth = 16> <RAM>
ST_1 : Operation 70 [1/1] (0.79ns)   --->   "%tC_3 = alloca i64 1" [mmult_baseline.cpp:15]   --->   Operation 70 'alloca' 'tC_3' <Predicate = true> <Delay = 0.79> <CoreInst = "RAM">   --->   Core 82 'RAM' <Latency = 1> <II = 1> <Delay = 0.79> <Storage> <Opcode : 'load' 'store'> <Ports = 2> <Width = 32> <Depth = 16> <RAM>
ST_1 : Operation 71 [1/1] (0.79ns)   --->   "%tC_4 = alloca i64 1" [mmult_baseline.cpp:15]   --->   Operation 71 'alloca' 'tC_4' <Predicate = true> <Delay = 0.79> <CoreInst = "RAM">   --->   Core 82 'RAM' <Latency = 1> <II = 1> <Delay = 0.79> <Storage> <Opcode : 'load' 'store'> <Ports = 2> <Width = 32> <Depth = 16> <RAM>
ST_1 : Operation 72 [1/1] (0.79ns)   --->   "%tC_5 = alloca i64 1" [mmult_baseline.cpp:15]   --->   Operation 72 'alloca' 'tC_5' <Predicate = true> <Delay = 0.79> <CoreInst = "RAM">   --->   Core 82 'RAM' <Latency = 1> <II = 1> <Delay = 0.79> <Storage> <Opcode : 'load' 'store'> <Ports = 2> <Width = 32> <Depth = 16> <RAM>
ST_1 : Operation 73 [1/1] (0.79ns)   --->   "%tC_6 = alloca i64 1" [mmult_baseline.cpp:15]   --->   Operation 73 'alloca' 'tC_6' <Predicate = true> <Delay = 0.79> <CoreInst = "RAM">   --->   Core 82 'RAM' <Latency = 1> <II = 1> <Delay = 0.79> <Storage> <Opcode : 'load' 'store'> <Ports = 2> <Width = 32> <Depth = 16> <RAM>
ST_1 : Operation 74 [1/1] (0.79ns)   --->   "%tC_7 = alloca i64 1" [mmult_baseline.cpp:15]   --->   Operation 74 'alloca' 'tC_7' <Predicate = true> <Delay = 0.79> <CoreInst = "RAM">   --->   Core 82 'RAM' <Latency = 1> <II = 1> <Delay = 0.79> <Storage> <Opcode : 'load' 'store'> <Ports = 2> <Width = 32> <Depth = 16> <RAM>
ST_1 : Operation 75 [1/1] (0.79ns)   --->   "%tC_8 = alloca i64 1" [mmult_baseline.cpp:15]   --->   Operation 75 'alloca' 'tC_8' <Predicate = true> <Delay = 0.79> <CoreInst = "RAM">   --->   Core 82 'RAM' <Latency = 1> <II = 1> <Delay = 0.79> <Storage> <Opcode : 'load' 'store'> <Ports = 2> <Width = 32> <Depth = 16> <RAM>
ST_1 : Operation 76 [1/1] (0.79ns)   --->   "%tC_9 = alloca i64 1" [mmult_baseline.cpp:15]   --->   Operation 76 'alloca' 'tC_9' <Predicate = true> <Delay = 0.79> <CoreInst = "RAM">   --->   Core 82 'RAM' <Latency = 1> <II = 1> <Delay = 0.79> <Storage> <Opcode : 'load' 'store'> <Ports = 2> <Width = 32> <Depth = 16> <RAM>
ST_1 : Operation 77 [1/1] (0.79ns)   --->   "%tC_10 = alloca i64 1" [mmult_baseline.cpp:15]   --->   Operation 77 'alloca' 'tC_10' <Predicate = true> <Delay = 0.79> <CoreInst = "RAM">   --->   Core 82 'RAM' <Latency = 1> <II = 1> <Delay = 0.79> <Storage> <Opcode : 'load' 'store'> <Ports = 2> <Width = 32> <Depth = 16> <RAM>
ST_1 : Operation 78 [1/1] (0.79ns)   --->   "%tC_11 = alloca i64 1" [mmult_baseline.cpp:15]   --->   Operation 78 'alloca' 'tC_11' <Predicate = true> <Delay = 0.79> <CoreInst = "RAM">   --->   Core 82 'RAM' <Latency = 1> <II = 1> <Delay = 0.79> <Storage> <Opcode : 'load' 'store'> <Ports = 2> <Width = 32> <Depth = 16> <RAM>
ST_1 : Operation 79 [1/1] (0.79ns)   --->   "%tC_12 = alloca i64 1" [mmult_baseline.cpp:15]   --->   Operation 79 'alloca' 'tC_12' <Predicate = true> <Delay = 0.79> <CoreInst = "RAM">   --->   Core 82 'RAM' <Latency = 1> <II = 1> <Delay = 0.79> <Storage> <Opcode : 'load' 'store'> <Ports = 2> <Width = 32> <Depth = 16> <RAM>
ST_1 : Operation 80 [1/1] (0.79ns)   --->   "%tC_13 = alloca i64 1" [mmult_baseline.cpp:15]   --->   Operation 80 'alloca' 'tC_13' <Predicate = true> <Delay = 0.79> <CoreInst = "RAM">   --->   Core 82 'RAM' <Latency = 1> <II = 1> <Delay = 0.79> <Storage> <Opcode : 'load' 'store'> <Ports = 2> <Width = 32> <Depth = 16> <RAM>
ST_1 : Operation 81 [1/1] (0.79ns)   --->   "%tC_14 = alloca i64 1" [mmult_baseline.cpp:15]   --->   Operation 81 'alloca' 'tC_14' <Predicate = true> <Delay = 0.79> <CoreInst = "RAM">   --->   Core 82 'RAM' <Latency = 1> <II = 1> <Delay = 0.79> <Storage> <Opcode : 'load' 'store'> <Ports = 2> <Width = 32> <Depth = 16> <RAM>
ST_1 : Operation 82 [1/1] (0.79ns)   --->   "%tC_15 = alloca i64 1" [mmult_baseline.cpp:15]   --->   Operation 82 'alloca' 'tC_15' <Predicate = true> <Delay = 0.79> <CoreInst = "RAM">   --->   Core 82 'RAM' <Latency = 1> <II = 1> <Delay = 0.79> <Storage> <Opcode : 'load' 'store'> <Ports = 2> <Width = 32> <Depth = 16> <RAM>
ST_1 : Operation 83 [1/1] (0.00ns)   --->   "%sext_ln19 = sext i32 %dim_read" [mmult_baseline.cpp:19]   --->   Operation 83 'sext' 'sext_ln19' <Predicate = true> <Delay = 0.00>
ST_1 : Operation 84 [1/1] (0.48ns)   --->   "%store_ln19 = store i4 0, i4 %ti" [mmult_baseline.cpp:19]   --->   Operation 84 'store' 'store_ln19' <Predicate = true> <Delay = 0.48>
ST_1 : Operation 85 [1/1] (0.00ns)   --->   "%br_ln19 = br void %tile_j" [mmult_baseline.cpp:19]   --->   Operation 85 'br' 'br_ln19' <Predicate = true> <Delay = 0.00>

State 2 <SV = 1> <Delay = 3.88>
ST_2 : Operation 86 [1/1] (0.00ns)   --->   "%ti_1 = load i4 %ti"   --->   Operation 86 'load' 'ti_1' <Predicate = true> <Delay = 0.00>
ST_2 : Operation 87 [1/1] (0.86ns)   --->   "%icmp_ln19 = icmp_eq  i4 %ti_1, i4 8" [mmult_baseline.cpp:19]   --->   Operation 87 'icmp' 'icmp_ln19' <Predicate = true> <Delay = 0.86> <CoreInst = "Cmp">   --->   Core 9 'Cmp' <Latency = 0> <II = 1> <Delay = 0.86> <FuncUnit> <Opcode : 'seteq' 'setne' 'setle' 'setge' 'setlt' 'setgt'> <InPorts = 2> <OutPorts = 1>
ST_2 : Operation 88 [1/1] (0.86ns)   --->   "%add_ln19 = add i4 %ti_1, i4 1" [mmult_baseline.cpp:19]   --->   Operation 88 'add' 'add_ln19' <Predicate = true> <Delay = 0.86> <CoreInst = "Adder">   --->   Core 1 'Adder' <Latency = 0> <II = 1> <Delay = 0.86> <FuncUnit> <Opcode : 'add' 'sub'> <InPorts = 2> <OutPorts = 1>
ST_2 : Operation 89 [1/1] (0.00ns)   --->   "%br_ln19 = br i1 %icmp_ln19, void %tile_j.split, void %for.end153" [mmult_baseline.cpp:19]   --->   Operation 89 'br' 'br_ln19' <Predicate = true> <Delay = 0.00>
ST_2 : Operation 90 [1/1] (0.00ns)   --->   "%speclooptripcount_ln19 = speclooptripcount void @_ssdm_op_SpecLoopTripCount, i64 8, i64 8, i64 8" [mmult_baseline.cpp:19]   --->   Operation 90 'speclooptripcount' 'speclooptripcount_ln19' <Predicate = (!icmp_ln19)> <Delay = 0.00>
ST_2 : Operation 91 [1/1] (0.00ns)   --->   "%specloopname_ln19 = specloopname void @_ssdm_op_SpecLoopName, void @empty_18" [mmult_baseline.cpp:19]   --->   Operation 91 'specloopname' 'specloopname_ln19' <Predicate = (!icmp_ln19)> <Delay = 0.00>
ST_2 : Operation 92 [1/1] (0.00ns)   --->   "%empty = trunc i4 %ti_1"   --->   Operation 92 'trunc' 'empty' <Predicate = (!icmp_ln19)> <Delay = 0.00>
ST_2 : Operation 93 [1/1] (0.00ns)   --->   "%ti_cast_cast = zext i3 %empty"   --->   Operation 93 'zext' 'ti_cast_cast' <Predicate = (!icmp_ln19)> <Delay = 0.00>
ST_2 : Operation 94 [1/1] (3.88ns)   --->   "%empty_32 = mul i35 %ti_cast_cast, i35 %sext_ln19" [mmult_baseline.cpp:19]   --->   Operation 94 'mul' 'empty_32' <Predicate = (!icmp_ln19)> <Delay = 3.88> <CoreInst = "Multiplier">   --->   Core 3 'Multiplier' <Latency = 0> <II = 1> <Delay = 3.88> <FuncUnit> <Opcode : 'mul'> <InPorts = 2> <OutPorts = 1>
ST_2 : Operation 95 [1/1] (0.00ns)   --->   "%tmp_3 = bitconcatenate i39 @_ssdm_op_BitConcatenate.i39.i35.i4, i35 %empty_32, i4 0" [mmult_baseline.cpp:19]   --->   Operation 95 'bitconcatenate' 'tmp_3' <Predicate = (!icmp_ln19)> <Delay = 0.00>
ST_2 : Operation 96 [1/1] (0.48ns)   --->   "%br_ln20 = br void %init_i" [mmult_baseline.cpp:20]   --->   Operation 96 'br' 'br_ln20' <Predicate = (!icmp_ln19)> <Delay = 0.48>
ST_2 : Operation 97 [1/1] (0.00ns)   --->   "%ret_ln48 = ret" [mmult_baseline.cpp:48]   --->   Operation 97 'ret' 'ret_ln48' <Predicate = (icmp_ln19)> <Delay = 0.00>

State 3 <SV = 2> <Delay = 1.35>
ST_3 : Operation 98 [1/1] (0.00ns)   --->   "%tj = phi i4 0, void %tile_j.split, i4 %add_ln20, void %for.inc148" [mmult_baseline.cpp:20]   --->   Operation 98 'phi' 'tj' <Predicate = true> <Delay = 0.00>
ST_3 : Operation 99 [1/1] (0.86ns)   --->   "%icmp_ln20 = icmp_eq  i4 %tj, i4 8" [mmult_baseline.cpp:20]   --->   Operation 99 'icmp' 'icmp_ln20' <Predicate = true> <Delay = 0.86> <CoreInst = "Cmp">   --->   Core 9 'Cmp' <Latency = 0> <II = 1> <Delay = 0.86> <FuncUnit> <Opcode : 'seteq' 'setne' 'setle' 'setge' 'setlt' 'setgt'> <InPorts = 2> <OutPorts = 1>
ST_3 : Operation 100 [1/1] (0.86ns)   --->   "%add_ln20 = add i4 %tj, i4 1" [mmult_baseline.cpp:20]   --->   Operation 100 'add' 'add_ln20' <Predicate = true> <Delay = 0.86> <CoreInst = "Adder">   --->   Core 1 'Adder' <Latency = 0> <II = 1> <Delay = 0.86> <FuncUnit> <Opcode : 'add' 'sub'> <InPorts = 2> <OutPorts = 1>
ST_3 : Operation 101 [1/1] (0.00ns)   --->   "%br_ln20 = br i1 %icmp_ln20, void %init_i.split, void %for.inc151" [mmult_baseline.cpp:20]   --->   Operation 101 'br' 'br_ln20' <Predicate = true> <Delay = 0.00>
ST_3 : Operation 102 [2/2] (0.00ns)   --->   "%call_ln0 = call void @mmult_hw_Pipeline_init_i_init_j, i32 %tC, i32 %tC_1, i32 %tC_2, i32 %tC_3, i32 %tC_4, i32 %tC_5, i32 %tC_6, i32 %tC_7, i32 %tC_8, i32 %tC_9, i32 %tC_10, i32 %tC_11, i32 %tC_12, i32 %tC_13, i32 %tC_14, i32 %tC_15"   --->   Operation 102 'call' 'call_ln0' <Predicate = (!icmp_ln20)> <Delay = 0.00> <CoreType = "Generic">   --->   Core 0 '' <Latency = 0> <II = 1> <Delay = 1.00> <Generic> <Opcode : >
ST_3 : Operation 103 [1/1] (0.00ns)   --->   "%trunc_ln21 = trunc i4 %tj" [mmult_baseline.cpp:21]   --->   Operation 103 'trunc' 'trunc_ln21' <Predicate = (!icmp_ln20)> <Delay = 0.00>
ST_3 : Operation 104 [1/1] (0.48ns)   --->   "%store_ln19 = store i4 %add_ln19, i4 %ti" [mmult_baseline.cpp:19]   --->   Operation 104 'store' 'store_ln19' <Predicate = (icmp_ln20)> <Delay = 0.48>
ST_3 : Operation 105 [1/1] (0.00ns)   --->   "%br_ln19 = br void %tile_j" [mmult_baseline.cpp:19]   --->   Operation 105 'br' 'br_ln19' <Predicate = (icmp_ln20)> <Delay = 0.00>

State 4 <SV = 3> <Delay = 1.89>
ST_4 : Operation 106 [1/1] (0.00ns)   --->   "%speclooptripcount_ln20 = speclooptripcount void @_ssdm_op_SpecLoopTripCount, i64 8, i64 8, i64 8" [mmult_baseline.cpp:20]   --->   Operation 106 'speclooptripcount' 'speclooptripcount_ln20' <Predicate = true> <Delay = 0.00>
ST_4 : Operation 107 [1/1] (0.00ns)   --->   "%specloopname_ln20 = specloopname void @_ssdm_op_SpecLoopName, void @empty_17" [mmult_baseline.cpp:20]   --->   Operation 107 'specloopname' 'specloopname_ln20' <Predicate = true> <Delay = 0.00>
ST_4 : Operation 108 [1/2] (1.89ns)   --->   "%call_ln0 = call void @mmult_hw_Pipeline_init_i_init_j, i32 %tC, i32 %tC_1, i32 %tC_2, i32 %tC_3, i32 %tC_4, i32 %tC_5, i32 %tC_6, i32 %tC_7, i32 %tC_8, i32 %tC_9, i32 %tC_10, i32 %tC_11, i32 %tC_12, i32 %tC_13, i32 %tC_14, i32 %tC_15"   --->   Operation 108 'call' 'call_ln0' <Predicate = true> <Delay = 1.89> <CoreType = "Generic">   --->   Core 0 '' <Latency = 0> <II = 1> <Delay = 1.00> <Generic> <Opcode : >
ST_4 : Operation 109 [1/1] (0.00ns)   --->   "%shl_ln = bitconcatenate i7 @_ssdm_op_BitConcatenate.i7.i3.i4, i3 %trunc_ln21, i4 0" [mmult_baseline.cpp:21]   --->   Operation 109 'bitconcatenate' 'shl_ln' <Predicate = true> <Delay = 0.00>
ST_4 : Operation 110 [1/1] (0.48ns)   --->   "%br_ln25 = br void %load_a" [mmult_baseline.cpp:25]   --->   Operation 110 'br' 'br_ln25' <Predicate = true> <Delay = 0.48>

State 5 <SV = 4> <Delay = 3.88>
ST_5 : Operation 111 [1/1] (0.00ns)   --->   "%tk = phi i4 0, void %init_i.split, i4 %add_ln25, void %for.inc139.preheader" [mmult_baseline.cpp:25]   --->   Operation 111 'phi' 'tk' <Predicate = true> <Delay = 0.00>
ST_5 : Operation 112 [1/1] (0.86ns)   --->   "%icmp_ln25 = icmp_eq  i4 %tk, i4 8" [mmult_baseline.cpp:25]   --->   Operation 112 'icmp' 'icmp_ln25' <Predicate = true> <Delay = 0.86> <CoreInst = "Cmp">   --->   Core 9 'Cmp' <Latency = 0> <II = 1> <Delay = 0.86> <FuncUnit> <Opcode : 'seteq' 'setne' 'setle' 'setge' 'setlt' 'setgt'> <InPorts = 2> <OutPorts = 1>
ST_5 : Operation 113 [1/1] (0.86ns)   --->   "%add_ln25 = add i4 %tk, i4 1" [mmult_baseline.cpp:25]   --->   Operation 113 'add' 'add_ln25' <Predicate = true> <Delay = 0.86> <CoreInst = "Adder">   --->   Core 1 'Adder' <Latency = 0> <II = 1> <Delay = 0.86> <FuncUnit> <Opcode : 'add' 'sub'> <InPorts = 2> <OutPorts = 1>
ST_5 : Operation 114 [1/1] (0.00ns)   --->   "%br_ln25 = br i1 %icmp_ln25, void %load_a.split, void %for.inc148" [mmult_baseline.cpp:25]   --->   Operation 114 'br' 'br_ln25' <Predicate = true> <Delay = 0.00>
ST_5 : Operation 115 [1/1] (0.00ns)   --->   "%empty_33 = trunc i4 %tk" [mmult_baseline.cpp:25]   --->   Operation 115 'trunc' 'empty_33' <Predicate = (!icmp_ln25)> <Delay = 0.00>
ST_5 : Operation 116 [1/1] (0.00ns)   --->   "%tmp_6 = bitconcatenate i7 @_ssdm_op_BitConcatenate.i7.i3.i4, i3 %empty_33, i4 0" [mmult_baseline.cpp:25]   --->   Operation 116 'bitconcatenate' 'tmp_6' <Predicate = (!icmp_ln25)> <Delay = 0.00>
ST_5 : Operation 117 [2/2] (0.00ns)   --->   "%call_ln19 = call void @mmult_hw_Pipeline_load_a_VITIS_LOOP_27_1, i32 %gmem, i32 %tA, i32 %tA_1, i32 %tA_2, i32 %tA_3, i32 %tA_4, i32 %tA_5, i32 %tA_6, i32 %tA_7, i32 %tA_8, i32 %tA_9, i32 %tA_10, i32 %tA_11, i32 %tA_12, i32 %tA_13, i32 %tA_14, i32 %tA_15, i32 %dim_read, i39 %tmp_3, i7 %tmp_6, i64 %in1_read" [mmult_baseline.cpp:19]   --->   Operation 117 'call' 'call_ln19' <Predicate = (!icmp_ln25)> <Delay = 0.00> <CoreType = "Generic">   --->   Core 0 '' <Latency = 0> <II = 1> <Delay = 1.00> <Generic> <Opcode : >
ST_5 : Operation 118 [1/1] (0.00ns)   --->   "%tk_cast4_cast = zext i3 %empty_33" [mmult_baseline.cpp:25]   --->   Operation 118 'zext' 'tk_cast4_cast' <Predicate = (!icmp_ln25)> <Delay = 0.00>
ST_5 : Operation 119 [1/1] (3.88ns)   --->   "%empty_34 = mul i35 %tk_cast4_cast, i35 %sext_ln19" [mmult_baseline.cpp:25]   --->   Operation 119 'mul' 'empty_34' <Predicate = (!icmp_ln25)> <Delay = 3.88> <CoreInst = "Multiplier">   --->   Core 3 'Multiplier' <Latency = 0> <II = 1> <Delay = 3.88> <FuncUnit> <Opcode : 'mul'> <InPorts = 2> <OutPorts = 1>
ST_5 : Operation 120 [1/1] (0.00ns)   --->   "%br_ln20 = br void %init_i" [mmult_baseline.cpp:20]   --->   Operation 120 'br' 'br_ln20' <Predicate = (icmp_ln25)> <Delay = 0.00>

State 6 <SV = 5> <Delay = 0.00>
ST_6 : Operation 121 [1/2] (0.00ns)   --->   "%call_ln19 = call void @mmult_hw_Pipeline_load_a_VITIS_LOOP_27_1, i32 %gmem, i32 %tA, i32 %tA_1, i32 %tA_2, i32 %tA_3, i32 %tA_4, i32 %tA_5, i32 %tA_6, i32 %tA_7, i32 %tA_8, i32 %tA_9, i32 %tA_10, i32 %tA_11, i32 %tA_12, i32 %tA_13, i32 %tA_14, i32 %tA_15, i32 %dim_read, i39 %tmp_3, i7 %tmp_6, i64 %in1_read" [mmult_baseline.cpp:19]   --->   Operation 121 'call' 'call_ln19' <Predicate = true> <Delay = 0.00> <CoreType = "Generic">   --->   Core 0 '' <Latency = 0> <II = 1> <Delay = 1.00> <Generic> <Opcode : >

State 7 <SV = 6> <Delay = 5.09>
ST_7 : Operation 122 [1/1] (0.00ns)   --->   "%tmp_7 = bitconcatenate i39 @_ssdm_op_BitConcatenate.i39.i35.i4, i35 %empty_34, i4 0" [mmult_baseline.cpp:25]   --->   Operation 122 'bitconcatenate' 'tmp_7' <Predicate = true> <Delay = 0.00>
ST_7 : Operation 123 [2/2] (5.09ns)   --->   "%call_ln21 = call void @mmult_hw_Pipeline_load_b_VITIS_LOOP_30_2, i32 %gmem, i32 %tB_15, i32 %tB_14, i32 %tB_13, i32 %tB_12, i32 %tB_11, i32 %tB_10, i32 %tB_9, i32 %tB_8, i32 %tB_7, i32 %tB_6, i32 %tB_5, i32 %tB_4, i32 %tB_3, i32 %tB_2, i32 %tB_1, i32 %tB, i32 %dim_read, i7 %shl_ln, i39 %tmp_7, i64 %in2_read" [mmult_baseline.cpp:21]   --->   Operation 123 'call' 'call_ln21' <Predicate = true> <Delay = 5.09> <CoreType = "Generic">   --->   Core 0 '' <Latency = 0> <II = 1> <Delay = 1.00> <Generic> <Opcode : >

State 8 <SV = 7> <Delay = 0.48>
ST_8 : Operation 124 [1/1] (0.00ns)   --->   "%speclooptripcount_ln25 = speclooptripcount void @_ssdm_op_SpecLoopTripCount, i64 8, i64 8, i64 8" [mmult_baseline.cpp:25]   --->   Operation 124 'speclooptripcount' 'speclooptripcount_ln25' <Predicate = true> <Delay = 0.00>
ST_8 : Operation 125 [1/1] (0.00ns)   --->   "%specloopname_ln25 = specloopname void @_ssdm_op_SpecLoopName, void @empty_16" [mmult_baseline.cpp:25]   --->   Operation 125 'specloopname' 'specloopname_ln25' <Predicate = true> <Delay = 0.00>
ST_8 : Operation 126 [1/2] (0.00ns)   --->   "%call_ln21 = call void @mmult_hw_Pipeline_load_b_VITIS_LOOP_30_2, i32 %gmem, i32 %tB_15, i32 %tB_14, i32 %tB_13, i32 %tB_12, i32 %tB_11, i32 %tB_10, i32 %tB_9, i32 %tB_8, i32 %tB_7, i32 %tB_6, i32 %tB_5, i32 %tB_4, i32 %tB_3, i32 %tB_2, i32 %tB_1, i32 %tB, i32 %dim_read, i7 %shl_ln, i39 %tmp_7, i64 %in2_read" [mmult_baseline.cpp:21]   --->   Operation 126 'call' 'call_ln21' <Predicate = true> <Delay = 0.00> <CoreType = "Generic">   --->   Core 0 '' <Latency = 0> <II = 1> <Delay = 1.00> <Generic> <Opcode : >
ST_8 : Operation 127 [1/1] (0.48ns)   --->   "%br_ln32 = br void %comp_j" [mmult_baseline.cpp:32]   --->   Operation 127 'br' 'br_ln32' <Predicate = true> <Delay = 0.48>

State 9 <SV = 8> <Delay = 0.87>
ST_9 : Operation 128 [1/1] (0.00ns)   --->   "%i = phi i5 %add_ln32, void %for.inc114, i5 0, void %load_a.split" [mmult_baseline.cpp:32]   --->   Operation 128 'phi' 'i' <Predicate = true> <Delay = 0.00>
ST_9 : Operation 129 [1/1] (0.87ns)   --->   "%icmp_ln32 = icmp_eq  i5 %i, i5 16" [mmult_baseline.cpp:32]   --->   Operation 129 'icmp' 'icmp_ln32' <Predicate = true> <Delay = 0.87> <CoreInst = "Cmp">   --->   Core 9 'Cmp' <Latency = 0> <II = 1> <Delay = 0.87> <FuncUnit> <Opcode : 'seteq' 'setne' 'setle' 'setge' 'setlt' 'setgt'> <InPorts = 2> <OutPorts = 1>
ST_9 : Operation 130 [1/1] (0.87ns)   --->   "%add_ln32 = add i5 %i, i5 1" [mmult_baseline.cpp:32]   --->   Operation 130 'add' 'add_ln32' <Predicate = true> <Delay = 0.87> <CoreInst = "Adder">   --->   Core 1 'Adder' <Latency = 0> <II = 1> <Delay = 0.87> <FuncUnit> <Opcode : 'add' 'sub'> <InPorts = 2> <OutPorts = 1>
ST_9 : Operation 131 [1/1] (0.00ns)   --->   "%br_ln32 = br i1 %icmp_ln32, void %comp_j.split, void %for.inc139.preheader" [mmult_baseline.cpp:32]   --->   Operation 131 'br' 'br_ln32' <Predicate = true> <Delay = 0.00>
ST_9 : Operation 132 [1/1] (0.00ns)   --->   "%zext_ln32 = zext i5 %i" [mmult_baseline.cpp:32]   --->   Operation 132 'zext' 'zext_ln32' <Predicate = (!icmp_ln32)> <Delay = 0.00>
ST_9 : Operation 133 [1/1] (0.00ns)   --->   "%tC_addr = getelementptr i32 %tC, i64 0, i64 %zext_ln32" [mmult_baseline.cpp:32]   --->   Operation 133 'getelementptr' 'tC_addr' <Predicate = (!icmp_ln32)> <Delay = 0.00>
ST_9 : Operation 134 [1/1] (0.00ns)   --->   "%tC_1_addr = getelementptr i32 %tC_1, i64 0, i64 %zext_ln32" [mmult_baseline.cpp:32]   --->   Operation 134 'getelementptr' 'tC_1_addr' <Predicate = (!icmp_ln32)> <Delay = 0.00>
ST_9 : Operation 135 [1/1] (0.00ns)   --->   "%tC_2_addr = getelementptr i32 %tC_2, i64 0, i64 %zext_ln32" [mmult_baseline.cpp:32]   --->   Operation 135 'getelementptr' 'tC_2_addr' <Predicate = (!icmp_ln32)> <Delay = 0.00>
ST_9 : Operation 136 [1/1] (0.00ns)   --->   "%tC_3_addr = getelementptr i32 %tC_3, i64 0, i64 %zext_ln32" [mmult_baseline.cpp:32]   --->   Operation 136 'getelementptr' 'tC_3_addr' <Predicate = (!icmp_ln32)> <Delay = 0.00>
ST_9 : Operation 137 [1/1] (0.00ns)   --->   "%tC_4_addr = getelementptr i32 %tC_4, i64 0, i64 %zext_ln32" [mmult_baseline.cpp:32]   --->   Operation 137 'getelementptr' 'tC_4_addr' <Predicate = (!icmp_ln32)> <Delay = 0.00>
ST_9 : Operation 138 [1/1] (0.00ns)   --->   "%tC_5_addr = getelementptr i32 %tC_5, i64 0, i64 %zext_ln32" [mmult_baseline.cpp:32]   --->   Operation 138 'getelementptr' 'tC_5_addr' <Predicate = (!icmp_ln32)> <Delay = 0.00>
ST_9 : Operation 139 [1/1] (0.00ns)   --->   "%tC_6_addr = getelementptr i32 %tC_6, i64 0, i64 %zext_ln32" [mmult_baseline.cpp:32]   --->   Operation 139 'getelementptr' 'tC_6_addr' <Predicate = (!icmp_ln32)> <Delay = 0.00>
ST_9 : Operation 140 [1/1] (0.00ns)   --->   "%tC_7_addr = getelementptr i32 %tC_7, i64 0, i64 %zext_ln32" [mmult_baseline.cpp:32]   --->   Operation 140 'getelementptr' 'tC_7_addr' <Predicate = (!icmp_ln32)> <Delay = 0.00>
ST_9 : Operation 141 [1/1] (0.00ns)   --->   "%tC_8_addr = getelementptr i32 %tC_8, i64 0, i64 %zext_ln32" [mmult_baseline.cpp:32]   --->   Operation 141 'getelementptr' 'tC_8_addr' <Predicate = (!icmp_ln32)> <Delay = 0.00>
ST_9 : Operation 142 [1/1] (0.00ns)   --->   "%tC_9_addr = getelementptr i32 %tC_9, i64 0, i64 %zext_ln32" [mmult_baseline.cpp:32]   --->   Operation 142 'getelementptr' 'tC_9_addr' <Predicate = (!icmp_ln32)> <Delay = 0.00>
ST_9 : Operation 143 [1/1] (0.00ns)   --->   "%tC_10_addr = getelementptr i32 %tC_10, i64 0, i64 %zext_ln32" [mmult_baseline.cpp:32]   --->   Operation 143 'getelementptr' 'tC_10_addr' <Predicate = (!icmp_ln32)> <Delay = 0.00>
ST_9 : Operation 144 [1/1] (0.00ns)   --->   "%tC_11_addr = getelementptr i32 %tC_11, i64 0, i64 %zext_ln32" [mmult_baseline.cpp:32]   --->   Operation 144 'getelementptr' 'tC_11_addr' <Predicate = (!icmp_ln32)> <Delay = 0.00>
ST_9 : Operation 145 [1/1] (0.00ns)   --->   "%tC_12_addr = getelementptr i32 %tC_12, i64 0, i64 %zext_ln32" [mmult_baseline.cpp:32]   --->   Operation 145 'getelementptr' 'tC_12_addr' <Predicate = (!icmp_ln32)> <Delay = 0.00>
ST_9 : Operation 146 [1/1] (0.00ns)   --->   "%tC_13_addr = getelementptr i32 %tC_13, i64 0, i64 %zext_ln32" [mmult_baseline.cpp:32]   --->   Operation 146 'getelementptr' 'tC_13_addr' <Predicate = (!icmp_ln32)> <Delay = 0.00>
ST_9 : Operation 147 [1/1] (0.00ns)   --->   "%tC_14_addr = getelementptr i32 %tC_14, i64 0, i64 %zext_ln32" [mmult_baseline.cpp:32]   --->   Operation 147 'getelementptr' 'tC_14_addr' <Predicate = (!icmp_ln32)> <Delay = 0.00>
ST_9 : Operation 148 [1/1] (0.00ns)   --->   "%tC_15_addr = getelementptr i32 %tC_15, i64 0, i64 %zext_ln32" [mmult_baseline.cpp:32]   --->   Operation 148 'getelementptr' 'tC_15_addr' <Predicate = (!icmp_ln32)> <Delay = 0.00>
ST_9 : Operation 149 [1/1] (0.00ns)   --->   "%tA_addr = getelementptr i32 %tA, i64 0, i64 %zext_ln32" [mmult_baseline.cpp:32]   --->   Operation 149 'getelementptr' 'tA_addr' <Predicate = (!icmp_ln32)> <Delay = 0.00>
ST_9 : Operation 150 [1/1] (0.00ns)   --->   "%tA_1_addr = getelementptr i32 %tA_1, i64 0, i64 %zext_ln32" [mmult_baseline.cpp:32]   --->   Operation 150 'getelementptr' 'tA_1_addr' <Predicate = (!icmp_ln32)> <Delay = 0.00>
ST_9 : Operation 151 [1/1] (0.00ns)   --->   "%tA_2_addr = getelementptr i32 %tA_2, i64 0, i64 %zext_ln32" [mmult_baseline.cpp:32]   --->   Operation 151 'getelementptr' 'tA_2_addr' <Predicate = (!icmp_ln32)> <Delay = 0.00>
ST_9 : Operation 152 [1/1] (0.00ns)   --->   "%tA_3_addr = getelementptr i32 %tA_3, i64 0, i64 %zext_ln32" [mmult_baseline.cpp:32]   --->   Operation 152 'getelementptr' 'tA_3_addr' <Predicate = (!icmp_ln32)> <Delay = 0.00>
ST_9 : Operation 153 [1/1] (0.00ns)   --->   "%tA_4_addr = getelementptr i32 %tA_4, i64 0, i64 %zext_ln32" [mmult_baseline.cpp:32]   --->   Operation 153 'getelementptr' 'tA_4_addr' <Predicate = (!icmp_ln32)> <Delay = 0.00>
ST_9 : Operation 154 [1/1] (0.00ns)   --->   "%tA_5_addr = getelementptr i32 %tA_5, i64 0, i64 %zext_ln32" [mmult_baseline.cpp:32]   --->   Operation 154 'getelementptr' 'tA_5_addr' <Predicate = (!icmp_ln32)> <Delay = 0.00>
ST_9 : Operation 155 [1/1] (0.00ns)   --->   "%tA_6_addr = getelementptr i32 %tA_6, i64 0, i64 %zext_ln32" [mmult_baseline.cpp:32]   --->   Operation 155 'getelementptr' 'tA_6_addr' <Predicate = (!icmp_ln32)> <Delay = 0.00>
ST_9 : Operation 156 [1/1] (0.00ns)   --->   "%tA_7_addr = getelementptr i32 %tA_7, i64 0, i64 %zext_ln32" [mmult_baseline.cpp:32]   --->   Operation 156 'getelementptr' 'tA_7_addr' <Predicate = (!icmp_ln32)> <Delay = 0.00>
ST_9 : Operation 157 [1/1] (0.00ns)   --->   "%tA_8_addr = getelementptr i32 %tA_8, i64 0, i64 %zext_ln32" [mmult_baseline.cpp:32]   --->   Operation 157 'getelementptr' 'tA_8_addr' <Predicate = (!icmp_ln32)> <Delay = 0.00>
ST_9 : Operation 158 [1/1] (0.00ns)   --->   "%tA_9_addr = getelementptr i32 %tA_9, i64 0, i64 %zext_ln32" [mmult_baseline.cpp:32]   --->   Operation 158 'getelementptr' 'tA_9_addr' <Predicate = (!icmp_ln32)> <Delay = 0.00>
ST_9 : Operation 159 [1/1] (0.00ns)   --->   "%tA_10_addr = getelementptr i32 %tA_10, i64 0, i64 %zext_ln32" [mmult_baseline.cpp:32]   --->   Operation 159 'getelementptr' 'tA_10_addr' <Predicate = (!icmp_ln32)> <Delay = 0.00>
ST_9 : Operation 160 [1/1] (0.00ns)   --->   "%tA_11_addr = getelementptr i32 %tA_11, i64 0, i64 %zext_ln32" [mmult_baseline.cpp:32]   --->   Operation 160 'getelementptr' 'tA_11_addr' <Predicate = (!icmp_ln32)> <Delay = 0.00>
ST_9 : Operation 161 [1/1] (0.00ns)   --->   "%tA_12_addr = getelementptr i32 %tA_12, i64 0, i64 %zext_ln32" [mmult_baseline.cpp:32]   --->   Operation 161 'getelementptr' 'tA_12_addr' <Predicate = (!icmp_ln32)> <Delay = 0.00>
ST_9 : Operation 162 [1/1] (0.00ns)   --->   "%tA_13_addr = getelementptr i32 %tA_13, i64 0, i64 %zext_ln32" [mmult_baseline.cpp:32]   --->   Operation 162 'getelementptr' 'tA_13_addr' <Predicate = (!icmp_ln32)> <Delay = 0.00>
ST_9 : Operation 163 [1/1] (0.00ns)   --->   "%tA_14_addr = getelementptr i32 %tA_14, i64 0, i64 %zext_ln32" [mmult_baseline.cpp:32]   --->   Operation 163 'getelementptr' 'tA_14_addr' <Predicate = (!icmp_ln32)> <Delay = 0.00>
ST_9 : Operation 164 [1/1] (0.00ns)   --->   "%tA_15_addr = getelementptr i32 %tA_15, i64 0, i64 %zext_ln32" [mmult_baseline.cpp:32]   --->   Operation 164 'getelementptr' 'tA_15_addr' <Predicate = (!icmp_ln32)> <Delay = 0.00>
ST_9 : Operation 165 [2/2] (0.79ns)   --->   "%tA_load = load i4 %tA_addr" [mmult_baseline.cpp:32]   --->   Operation 165 'load' 'tA_load' <Predicate = (!icmp_ln32)> <Delay = 0.79> <CoreInst = "RAM">   --->   Core 82 'RAM' <Latency = 1> <II = 1> <Delay = 0.79> <Storage> <Opcode : 'load' 'store'> <Ports = 2> <Width = 32> <Depth = 16> <RAM>
ST_9 : Operation 166 [2/2] (0.79ns)   --->   "%tA_1_load = load i4 %tA_1_addr" [mmult_baseline.cpp:32]   --->   Operation 166 'load' 'tA_1_load' <Predicate = (!icmp_ln32)> <Delay = 0.79> <CoreInst = "RAM">   --->   Core 82 'RAM' <Latency = 1> <II = 1> <Delay = 0.79> <Storage> <Opcode : 'load' 'store'> <Ports = 2> <Width = 32> <Depth = 16> <RAM>
ST_9 : Operation 167 [2/2] (0.79ns)   --->   "%tA_2_load = load i4 %tA_2_addr" [mmult_baseline.cpp:32]   --->   Operation 167 'load' 'tA_2_load' <Predicate = (!icmp_ln32)> <Delay = 0.79> <CoreInst = "RAM">   --->   Core 82 'RAM' <Latency = 1> <II = 1> <Delay = 0.79> <Storage> <Opcode : 'load' 'store'> <Ports = 2> <Width = 32> <Depth = 16> <RAM>
ST_9 : Operation 168 [2/2] (0.79ns)   --->   "%tA_3_load = load i4 %tA_3_addr" [mmult_baseline.cpp:32]   --->   Operation 168 'load' 'tA_3_load' <Predicate = (!icmp_ln32)> <Delay = 0.79> <CoreInst = "RAM">   --->   Core 82 'RAM' <Latency = 1> <II = 1> <Delay = 0.79> <Storage> <Opcode : 'load' 'store'> <Ports = 2> <Width = 32> <Depth = 16> <RAM>
ST_9 : Operation 169 [2/2] (0.79ns)   --->   "%tA_4_load = load i4 %tA_4_addr" [mmult_baseline.cpp:32]   --->   Operation 169 'load' 'tA_4_load' <Predicate = (!icmp_ln32)> <Delay = 0.79> <CoreInst = "RAM">   --->   Core 82 'RAM' <Latency = 1> <II = 1> <Delay = 0.79> <Storage> <Opcode : 'load' 'store'> <Ports = 2> <Width = 32> <Depth = 16> <RAM>
ST_9 : Operation 170 [2/2] (0.79ns)   --->   "%tA_5_load = load i4 %tA_5_addr" [mmult_baseline.cpp:32]   --->   Operation 170 'load' 'tA_5_load' <Predicate = (!icmp_ln32)> <Delay = 0.79> <CoreInst = "RAM">   --->   Core 82 'RAM' <Latency = 1> <II = 1> <Delay = 0.79> <Storage> <Opcode : 'load' 'store'> <Ports = 2> <Width = 32> <Depth = 16> <RAM>
ST_9 : Operation 171 [2/2] (0.79ns)   --->   "%tA_6_load = load i4 %tA_6_addr" [mmult_baseline.cpp:32]   --->   Operation 171 'load' 'tA_6_load' <Predicate = (!icmp_ln32)> <Delay = 0.79> <CoreInst = "RAM">   --->   Core 82 'RAM' <Latency = 1> <II = 1> <Delay = 0.79> <Storage> <Opcode : 'load' 'store'> <Ports = 2> <Width = 32> <Depth = 16> <RAM>
ST_9 : Operation 172 [2/2] (0.79ns)   --->   "%tA_7_load = load i4 %tA_7_addr" [mmult_baseline.cpp:32]   --->   Operation 172 'load' 'tA_7_load' <Predicate = (!icmp_ln32)> <Delay = 0.79> <CoreInst = "RAM">   --->   Core 82 'RAM' <Latency = 1> <II = 1> <Delay = 0.79> <Storage> <Opcode : 'load' 'store'> <Ports = 2> <Width = 32> <Depth = 16> <RAM>
ST_9 : Operation 173 [2/2] (0.79ns)   --->   "%tA_8_load = load i4 %tA_8_addr" [mmult_baseline.cpp:32]   --->   Operation 173 'load' 'tA_8_load' <Predicate = (!icmp_ln32)> <Delay = 0.79> <CoreInst = "RAM">   --->   Core 82 'RAM' <Latency = 1> <II = 1> <Delay = 0.79> <Storage> <Opcode : 'load' 'store'> <Ports = 2> <Width = 32> <Depth = 16> <RAM>
ST_9 : Operation 174 [2/2] (0.79ns)   --->   "%tA_9_load = load i4 %tA_9_addr" [mmult_baseline.cpp:32]   --->   Operation 174 'load' 'tA_9_load' <Predicate = (!icmp_ln32)> <Delay = 0.79> <CoreInst = "RAM">   --->   Core 82 'RAM' <Latency = 1> <II = 1> <Delay = 0.79> <Storage> <Opcode : 'load' 'store'> <Ports = 2> <Width = 32> <Depth = 16> <RAM>
ST_9 : Operation 175 [2/2] (0.79ns)   --->   "%tA_10_load = load i4 %tA_10_addr" [mmult_baseline.cpp:32]   --->   Operation 175 'load' 'tA_10_load' <Predicate = (!icmp_ln32)> <Delay = 0.79> <CoreInst = "RAM">   --->   Core 82 'RAM' <Latency = 1> <II = 1> <Delay = 0.79> <Storage> <Opcode : 'load' 'store'> <Ports = 2> <Width = 32> <Depth = 16> <RAM>
ST_9 : Operation 176 [2/2] (0.79ns)   --->   "%tA_11_load = load i4 %tA_11_addr" [mmult_baseline.cpp:32]   --->   Operation 176 'load' 'tA_11_load' <Predicate = (!icmp_ln32)> <Delay = 0.79> <CoreInst = "RAM">   --->   Core 82 'RAM' <Latency = 1> <II = 1> <Delay = 0.79> <Storage> <Opcode : 'load' 'store'> <Ports = 2> <Width = 32> <Depth = 16> <RAM>
ST_9 : Operation 177 [2/2] (0.79ns)   --->   "%tA_12_load = load i4 %tA_12_addr" [mmult_baseline.cpp:32]   --->   Operation 177 'load' 'tA_12_load' <Predicate = (!icmp_ln32)> <Delay = 0.79> <CoreInst = "RAM">   --->   Core 82 'RAM' <Latency = 1> <II = 1> <Delay = 0.79> <Storage> <Opcode : 'load' 'store'> <Ports = 2> <Width = 32> <Depth = 16> <RAM>
ST_9 : Operation 178 [2/2] (0.79ns)   --->   "%tA_13_load = load i4 %tA_13_addr" [mmult_baseline.cpp:32]   --->   Operation 178 'load' 'tA_13_load' <Predicate = (!icmp_ln32)> <Delay = 0.79> <CoreInst = "RAM">   --->   Core 82 'RAM' <Latency = 1> <II = 1> <Delay = 0.79> <Storage> <Opcode : 'load' 'store'> <Ports = 2> <Width = 32> <Depth = 16> <RAM>
ST_9 : Operation 179 [2/2] (0.79ns)   --->   "%tA_14_load = load i4 %tA_14_addr" [mmult_baseline.cpp:32]   --->   Operation 179 'load' 'tA_14_load' <Predicate = (!icmp_ln32)> <Delay = 0.79> <CoreInst = "RAM">   --->   Core 82 'RAM' <Latency = 1> <II = 1> <Delay = 0.79> <Storage> <Opcode : 'load' 'store'> <Ports = 2> <Width = 32> <Depth = 16> <RAM>
ST_9 : Operation 180 [2/2] (0.79ns)   --->   "%tA_15_load = load i4 %tA_15_addr" [mmult_baseline.cpp:32]   --->   Operation 180 'load' 'tA_15_load' <Predicate = (!icmp_ln32)> <Delay = 0.79> <CoreInst = "RAM">   --->   Core 82 'RAM' <Latency = 1> <II = 1> <Delay = 0.79> <Storage> <Opcode : 'load' 'store'> <Ports = 2> <Width = 32> <Depth = 16> <RAM>
ST_9 : Operation 181 [2/2] (0.79ns)   --->   "%tC_load = load i4 %tC_addr" [mmult_baseline.cpp:39]   --->   Operation 181 'load' 'tC_load' <Predicate = (!icmp_ln32)> <Delay = 0.79> <CoreInst = "RAM">   --->   Core 82 'RAM' <Latency = 1> <II = 1> <Delay = 0.79> <Storage> <Opcode : 'load' 'store'> <Ports = 2> <Width = 32> <Depth = 16> <RAM>
ST_9 : Operation 182 [2/2] (0.79ns)   --->   "%tC_1_load = load i4 %tC_1_addr" [mmult_baseline.cpp:39]   --->   Operation 182 'load' 'tC_1_load' <Predicate = (!icmp_ln32)> <Delay = 0.79> <CoreInst = "RAM">   --->   Core 82 'RAM' <Latency = 1> <II = 1> <Delay = 0.79> <Storage> <Opcode : 'load' 'store'> <Ports = 2> <Width = 32> <Depth = 16> <RAM>
ST_9 : Operation 183 [2/2] (0.79ns)   --->   "%tC_2_load = load i4 %tC_2_addr" [mmult_baseline.cpp:39]   --->   Operation 183 'load' 'tC_2_load' <Predicate = (!icmp_ln32)> <Delay = 0.79> <CoreInst = "RAM">   --->   Core 82 'RAM' <Latency = 1> <II = 1> <Delay = 0.79> <Storage> <Opcode : 'load' 'store'> <Ports = 2> <Width = 32> <Depth = 16> <RAM>
ST_9 : Operation 184 [2/2] (0.79ns)   --->   "%tC_3_load = load i4 %tC_3_addr" [mmult_baseline.cpp:39]   --->   Operation 184 'load' 'tC_3_load' <Predicate = (!icmp_ln32)> <Delay = 0.79> <CoreInst = "RAM">   --->   Core 82 'RAM' <Latency = 1> <II = 1> <Delay = 0.79> <Storage> <Opcode : 'load' 'store'> <Ports = 2> <Width = 32> <Depth = 16> <RAM>
ST_9 : Operation 185 [2/2] (0.79ns)   --->   "%tC_4_load = load i4 %tC_4_addr" [mmult_baseline.cpp:39]   --->   Operation 185 'load' 'tC_4_load' <Predicate = (!icmp_ln32)> <Delay = 0.79> <CoreInst = "RAM">   --->   Core 82 'RAM' <Latency = 1> <II = 1> <Delay = 0.79> <Storage> <Opcode : 'load' 'store'> <Ports = 2> <Width = 32> <Depth = 16> <RAM>
ST_9 : Operation 186 [2/2] (0.79ns)   --->   "%tC_5_load = load i4 %tC_5_addr" [mmult_baseline.cpp:39]   --->   Operation 186 'load' 'tC_5_load' <Predicate = (!icmp_ln32)> <Delay = 0.79> <CoreInst = "RAM">   --->   Core 82 'RAM' <Latency = 1> <II = 1> <Delay = 0.79> <Storage> <Opcode : 'load' 'store'> <Ports = 2> <Width = 32> <Depth = 16> <RAM>
ST_9 : Operation 187 [2/2] (0.79ns)   --->   "%tC_6_load = load i4 %tC_6_addr" [mmult_baseline.cpp:39]   --->   Operation 187 'load' 'tC_6_load' <Predicate = (!icmp_ln32)> <Delay = 0.79> <CoreInst = "RAM">   --->   Core 82 'RAM' <Latency = 1> <II = 1> <Delay = 0.79> <Storage> <Opcode : 'load' 'store'> <Ports = 2> <Width = 32> <Depth = 16> <RAM>
ST_9 : Operation 188 [2/2] (0.79ns)   --->   "%tC_7_load = load i4 %tC_7_addr" [mmult_baseline.cpp:39]   --->   Operation 188 'load' 'tC_7_load' <Predicate = (!icmp_ln32)> <Delay = 0.79> <CoreInst = "RAM">   --->   Core 82 'RAM' <Latency = 1> <II = 1> <Delay = 0.79> <Storage> <Opcode : 'load' 'store'> <Ports = 2> <Width = 32> <Depth = 16> <RAM>
ST_9 : Operation 189 [2/2] (0.79ns)   --->   "%tC_8_load = load i4 %tC_8_addr" [mmult_baseline.cpp:39]   --->   Operation 189 'load' 'tC_8_load' <Predicate = (!icmp_ln32)> <Delay = 0.79> <CoreInst = "RAM">   --->   Core 82 'RAM' <Latency = 1> <II = 1> <Delay = 0.79> <Storage> <Opcode : 'load' 'store'> <Ports = 2> <Width = 32> <Depth = 16> <RAM>
ST_9 : Operation 190 [2/2] (0.79ns)   --->   "%tC_9_load = load i4 %tC_9_addr" [mmult_baseline.cpp:39]   --->   Operation 190 'load' 'tC_9_load' <Predicate = (!icmp_ln32)> <Delay = 0.79> <CoreInst = "RAM">   --->   Core 82 'RAM' <Latency = 1> <II = 1> <Delay = 0.79> <Storage> <Opcode : 'load' 'store'> <Ports = 2> <Width = 32> <Depth = 16> <RAM>
ST_9 : Operation 191 [2/2] (0.79ns)   --->   "%tC_10_load = load i4 %tC_10_addr" [mmult_baseline.cpp:39]   --->   Operation 191 'load' 'tC_10_load' <Predicate = (!icmp_ln32)> <Delay = 0.79> <CoreInst = "RAM">   --->   Core 82 'RAM' <Latency = 1> <II = 1> <Delay = 0.79> <Storage> <Opcode : 'load' 'store'> <Ports = 2> <Width = 32> <Depth = 16> <RAM>
ST_9 : Operation 192 [2/2] (0.79ns)   --->   "%tC_11_load = load i4 %tC_11_addr" [mmult_baseline.cpp:39]   --->   Operation 192 'load' 'tC_11_load' <Predicate = (!icmp_ln32)> <Delay = 0.79> <CoreInst = "RAM">   --->   Core 82 'RAM' <Latency = 1> <II = 1> <Delay = 0.79> <Storage> <Opcode : 'load' 'store'> <Ports = 2> <Width = 32> <Depth = 16> <RAM>
ST_9 : Operation 193 [2/2] (0.79ns)   --->   "%tC_12_load = load i4 %tC_12_addr" [mmult_baseline.cpp:39]   --->   Operation 193 'load' 'tC_12_load' <Predicate = (!icmp_ln32)> <Delay = 0.79> <CoreInst = "RAM">   --->   Core 82 'RAM' <Latency = 1> <II = 1> <Delay = 0.79> <Storage> <Opcode : 'load' 'store'> <Ports = 2> <Width = 32> <Depth = 16> <RAM>
ST_9 : Operation 194 [2/2] (0.79ns)   --->   "%tC_13_load = load i4 %tC_13_addr" [mmult_baseline.cpp:39]   --->   Operation 194 'load' 'tC_13_load' <Predicate = (!icmp_ln32)> <Delay = 0.79> <CoreInst = "RAM">   --->   Core 82 'RAM' <Latency = 1> <II = 1> <Delay = 0.79> <Storage> <Opcode : 'load' 'store'> <Ports = 2> <Width = 32> <Depth = 16> <RAM>
ST_9 : Operation 195 [2/2] (0.79ns)   --->   "%tC_14_load = load i4 %tC_14_addr" [mmult_baseline.cpp:39]   --->   Operation 195 'load' 'tC_14_load' <Predicate = (!icmp_ln32)> <Delay = 0.79> <CoreInst = "RAM">   --->   Core 82 'RAM' <Latency = 1> <II = 1> <Delay = 0.79> <Storage> <Opcode : 'load' 'store'> <Ports = 2> <Width = 32> <Depth = 16> <RAM>
ST_9 : Operation 196 [2/2] (0.79ns)   --->   "%tC_15_load = load i4 %tC_15_addr" [mmult_baseline.cpp:39]   --->   Operation 196 'load' 'tC_15_load' <Predicate = (!icmp_ln32)> <Delay = 0.79> <CoreInst = "RAM">   --->   Core 82 'RAM' <Latency = 1> <II = 1> <Delay = 0.79> <Storage> <Opcode : 'load' 'store'> <Ports = 2> <Width = 32> <Depth = 16> <RAM>
ST_9 : Operation 197 [2/2] (0.00ns)   --->   "%call_ln19 = call void @mmult_hw_Pipeline_store_i_store_j, i32 %gmem, i32 %dim_read, i39 %tmp_3, i7 %shl_ln, i64 %out_r_read, i32 %tC, i32 %tC_1, i32 %tC_2, i32 %tC_3, i32 %tC_4, i32 %tC_5, i32 %tC_6, i32 %tC_7, i32 %tC_8, i32 %tC_9, i32 %tC_10, i32 %tC_11, i32 %tC_12, i32 %tC_13, i32 %tC_14, i32 %tC_15" [mmult_baseline.cpp:19]   --->   Operation 197 'call' 'call_ln19' <Predicate = (icmp_ln32)> <Delay = 0.00> <CoreType = "Generic">   --->   Core 0 '' <Latency = 0> <II = 1> <Delay = 1.00> <Generic> <Opcode : >

State 10 <SV = 9> <Delay = 0.79>
ST_10 : Operation 198 [1/1] (0.00ns)   --->   "%speclooptripcount_ln32 = speclooptripcount void @_ssdm_op_SpecLoopTripCount, i64 16, i64 16, i64 16" [mmult_baseline.cpp:32]   --->   Operation 198 'speclooptripcount' 'speclooptripcount_ln32' <Predicate = true> <Delay = 0.00>
ST_10 : Operation 199 [1/1] (0.00ns)   --->   "%specloopname_ln32 = specloopname void @_ssdm_op_SpecLoopName, void @empty_15" [mmult_baseline.cpp:32]   --->   Operation 199 'specloopname' 'specloopname_ln32' <Predicate = true> <Delay = 0.00>
ST_10 : Operation 200 [1/2] (0.79ns)   --->   "%tA_load = load i4 %tA_addr" [mmult_baseline.cpp:32]   --->   Operation 200 'load' 'tA_load' <Predicate = true> <Delay = 0.79> <CoreInst = "RAM">   --->   Core 82 'RAM' <Latency = 1> <II = 1> <Delay = 0.79> <Storage> <Opcode : 'load' 'store'> <Ports = 2> <Width = 32> <Depth = 16> <RAM>
ST_10 : Operation 201 [1/2] (0.79ns)   --->   "%tA_1_load = load i4 %tA_1_addr" [mmult_baseline.cpp:32]   --->   Operation 201 'load' 'tA_1_load' <Predicate = true> <Delay = 0.79> <CoreInst = "RAM">   --->   Core 82 'RAM' <Latency = 1> <II = 1> <Delay = 0.79> <Storage> <Opcode : 'load' 'store'> <Ports = 2> <Width = 32> <Depth = 16> <RAM>
ST_10 : Operation 202 [1/2] (0.79ns)   --->   "%tA_2_load = load i4 %tA_2_addr" [mmult_baseline.cpp:32]   --->   Operation 202 'load' 'tA_2_load' <Predicate = true> <Delay = 0.79> <CoreInst = "RAM">   --->   Core 82 'RAM' <Latency = 1> <II = 1> <Delay = 0.79> <Storage> <Opcode : 'load' 'store'> <Ports = 2> <Width = 32> <Depth = 16> <RAM>
ST_10 : Operation 203 [1/2] (0.79ns)   --->   "%tA_3_load = load i4 %tA_3_addr" [mmult_baseline.cpp:32]   --->   Operation 203 'load' 'tA_3_load' <Predicate = true> <Delay = 0.79> <CoreInst = "RAM">   --->   Core 82 'RAM' <Latency = 1> <II = 1> <Delay = 0.79> <Storage> <Opcode : 'load' 'store'> <Ports = 2> <Width = 32> <Depth = 16> <RAM>
ST_10 : Operation 204 [1/2] (0.79ns)   --->   "%tA_4_load = load i4 %tA_4_addr" [mmult_baseline.cpp:32]   --->   Operation 204 'load' 'tA_4_load' <Predicate = true> <Delay = 0.79> <CoreInst = "RAM">   --->   Core 82 'RAM' <Latency = 1> <II = 1> <Delay = 0.79> <Storage> <Opcode : 'load' 'store'> <Ports = 2> <Width = 32> <Depth = 16> <RAM>
ST_10 : Operation 205 [1/2] (0.79ns)   --->   "%tA_5_load = load i4 %tA_5_addr" [mmult_baseline.cpp:32]   --->   Operation 205 'load' 'tA_5_load' <Predicate = true> <Delay = 0.79> <CoreInst = "RAM">   --->   Core 82 'RAM' <Latency = 1> <II = 1> <Delay = 0.79> <Storage> <Opcode : 'load' 'store'> <Ports = 2> <Width = 32> <Depth = 16> <RAM>
ST_10 : Operation 206 [1/2] (0.79ns)   --->   "%tA_6_load = load i4 %tA_6_addr" [mmult_baseline.cpp:32]   --->   Operation 206 'load' 'tA_6_load' <Predicate = true> <Delay = 0.79> <CoreInst = "RAM">   --->   Core 82 'RAM' <Latency = 1> <II = 1> <Delay = 0.79> <Storage> <Opcode : 'load' 'store'> <Ports = 2> <Width = 32> <Depth = 16> <RAM>
ST_10 : Operation 207 [1/2] (0.79ns)   --->   "%tA_7_load = load i4 %tA_7_addr" [mmult_baseline.cpp:32]   --->   Operation 207 'load' 'tA_7_load' <Predicate = true> <Delay = 0.79> <CoreInst = "RAM">   --->   Core 82 'RAM' <Latency = 1> <II = 1> <Delay = 0.79> <Storage> <Opcode : 'load' 'store'> <Ports = 2> <Width = 32> <Depth = 16> <RAM>
ST_10 : Operation 208 [1/2] (0.79ns)   --->   "%tA_8_load = load i4 %tA_8_addr" [mmult_baseline.cpp:32]   --->   Operation 208 'load' 'tA_8_load' <Predicate = true> <Delay = 0.79> <CoreInst = "RAM">   --->   Core 82 'RAM' <Latency = 1> <II = 1> <Delay = 0.79> <Storage> <Opcode : 'load' 'store'> <Ports = 2> <Width = 32> <Depth = 16> <RAM>
ST_10 : Operation 209 [1/2] (0.79ns)   --->   "%tA_9_load = load i4 %tA_9_addr" [mmult_baseline.cpp:32]   --->   Operation 209 'load' 'tA_9_load' <Predicate = true> <Delay = 0.79> <CoreInst = "RAM">   --->   Core 82 'RAM' <Latency = 1> <II = 1> <Delay = 0.79> <Storage> <Opcode : 'load' 'store'> <Ports = 2> <Width = 32> <Depth = 16> <RAM>
ST_10 : Operation 210 [1/2] (0.79ns)   --->   "%tA_10_load = load i4 %tA_10_addr" [mmult_baseline.cpp:32]   --->   Operation 210 'load' 'tA_10_load' <Predicate = true> <Delay = 0.79> <CoreInst = "RAM">   --->   Core 82 'RAM' <Latency = 1> <II = 1> <Delay = 0.79> <Storage> <Opcode : 'load' 'store'> <Ports = 2> <Width = 32> <Depth = 16> <RAM>
ST_10 : Operation 211 [1/2] (0.79ns)   --->   "%tA_11_load = load i4 %tA_11_addr" [mmult_baseline.cpp:32]   --->   Operation 211 'load' 'tA_11_load' <Predicate = true> <Delay = 0.79> <CoreInst = "RAM">   --->   Core 82 'RAM' <Latency = 1> <II = 1> <Delay = 0.79> <Storage> <Opcode : 'load' 'store'> <Ports = 2> <Width = 32> <Depth = 16> <RAM>
ST_10 : Operation 212 [1/2] (0.79ns)   --->   "%tA_12_load = load i4 %tA_12_addr" [mmult_baseline.cpp:32]   --->   Operation 212 'load' 'tA_12_load' <Predicate = true> <Delay = 0.79> <CoreInst = "RAM">   --->   Core 82 'RAM' <Latency = 1> <II = 1> <Delay = 0.79> <Storage> <Opcode : 'load' 'store'> <Ports = 2> <Width = 32> <Depth = 16> <RAM>
ST_10 : Operation 213 [1/2] (0.79ns)   --->   "%tA_13_load = load i4 %tA_13_addr" [mmult_baseline.cpp:32]   --->   Operation 213 'load' 'tA_13_load' <Predicate = true> <Delay = 0.79> <CoreInst = "RAM">   --->   Core 82 'RAM' <Latency = 1> <II = 1> <Delay = 0.79> <Storage> <Opcode : 'load' 'store'> <Ports = 2> <Width = 32> <Depth = 16> <RAM>
ST_10 : Operation 214 [1/2] (0.79ns)   --->   "%tA_14_load = load i4 %tA_14_addr" [mmult_baseline.cpp:32]   --->   Operation 214 'load' 'tA_14_load' <Predicate = true> <Delay = 0.79> <CoreInst = "RAM">   --->   Core 82 'RAM' <Latency = 1> <II = 1> <Delay = 0.79> <Storage> <Opcode : 'load' 'store'> <Ports = 2> <Width = 32> <Depth = 16> <RAM>
ST_10 : Operation 215 [1/2] (0.79ns)   --->   "%tA_15_load = load i4 %tA_15_addr" [mmult_baseline.cpp:32]   --->   Operation 215 'load' 'tA_15_load' <Predicate = true> <Delay = 0.79> <CoreInst = "RAM">   --->   Core 82 'RAM' <Latency = 1> <II = 1> <Delay = 0.79> <Storage> <Opcode : 'load' 'store'> <Ports = 2> <Width = 32> <Depth = 16> <RAM>
ST_10 : Operation 216 [1/2] (0.79ns)   --->   "%tC_load = load i4 %tC_addr" [mmult_baseline.cpp:39]   --->   Operation 216 'load' 'tC_load' <Predicate = true> <Delay = 0.79> <CoreInst = "RAM">   --->   Core 82 'RAM' <Latency = 1> <II = 1> <Delay = 0.79> <Storage> <Opcode : 'load' 'store'> <Ports = 2> <Width = 32> <Depth = 16> <RAM>
ST_10 : Operation 217 [1/2] (0.79ns)   --->   "%tC_1_load = load i4 %tC_1_addr" [mmult_baseline.cpp:39]   --->   Operation 217 'load' 'tC_1_load' <Predicate = true> <Delay = 0.79> <CoreInst = "RAM">   --->   Core 82 'RAM' <Latency = 1> <II = 1> <Delay = 0.79> <Storage> <Opcode : 'load' 'store'> <Ports = 2> <Width = 32> <Depth = 16> <RAM>
ST_10 : Operation 218 [1/2] (0.79ns)   --->   "%tC_2_load = load i4 %tC_2_addr" [mmult_baseline.cpp:39]   --->   Operation 218 'load' 'tC_2_load' <Predicate = true> <Delay = 0.79> <CoreInst = "RAM">   --->   Core 82 'RAM' <Latency = 1> <II = 1> <Delay = 0.79> <Storage> <Opcode : 'load' 'store'> <Ports = 2> <Width = 32> <Depth = 16> <RAM>
ST_10 : Operation 219 [1/2] (0.79ns)   --->   "%tC_3_load = load i4 %tC_3_addr" [mmult_baseline.cpp:39]   --->   Operation 219 'load' 'tC_3_load' <Predicate = true> <Delay = 0.79> <CoreInst = "RAM">   --->   Core 82 'RAM' <Latency = 1> <II = 1> <Delay = 0.79> <Storage> <Opcode : 'load' 'store'> <Ports = 2> <Width = 32> <Depth = 16> <RAM>
ST_10 : Operation 220 [1/2] (0.79ns)   --->   "%tC_4_load = load i4 %tC_4_addr" [mmult_baseline.cpp:39]   --->   Operation 220 'load' 'tC_4_load' <Predicate = true> <Delay = 0.79> <CoreInst = "RAM">   --->   Core 82 'RAM' <Latency = 1> <II = 1> <Delay = 0.79> <Storage> <Opcode : 'load' 'store'> <Ports = 2> <Width = 32> <Depth = 16> <RAM>
ST_10 : Operation 221 [1/2] (0.79ns)   --->   "%tC_5_load = load i4 %tC_5_addr" [mmult_baseline.cpp:39]   --->   Operation 221 'load' 'tC_5_load' <Predicate = true> <Delay = 0.79> <CoreInst = "RAM">   --->   Core 82 'RAM' <Latency = 1> <II = 1> <Delay = 0.79> <Storage> <Opcode : 'load' 'store'> <Ports = 2> <Width = 32> <Depth = 16> <RAM>
ST_10 : Operation 222 [1/2] (0.79ns)   --->   "%tC_6_load = load i4 %tC_6_addr" [mmult_baseline.cpp:39]   --->   Operation 222 'load' 'tC_6_load' <Predicate = true> <Delay = 0.79> <CoreInst = "RAM">   --->   Core 82 'RAM' <Latency = 1> <II = 1> <Delay = 0.79> <Storage> <Opcode : 'load' 'store'> <Ports = 2> <Width = 32> <Depth = 16> <RAM>
ST_10 : Operation 223 [1/2] (0.79ns)   --->   "%tC_7_load = load i4 %tC_7_addr" [mmult_baseline.cpp:39]   --->   Operation 223 'load' 'tC_7_load' <Predicate = true> <Delay = 0.79> <CoreInst = "RAM">   --->   Core 82 'RAM' <Latency = 1> <II = 1> <Delay = 0.79> <Storage> <Opcode : 'load' 'store'> <Ports = 2> <Width = 32> <Depth = 16> <RAM>
ST_10 : Operation 224 [1/2] (0.79ns)   --->   "%tC_8_load = load i4 %tC_8_addr" [mmult_baseline.cpp:39]   --->   Operation 224 'load' 'tC_8_load' <Predicate = true> <Delay = 0.79> <CoreInst = "RAM">   --->   Core 82 'RAM' <Latency = 1> <II = 1> <Delay = 0.79> <Storage> <Opcode : 'load' 'store'> <Ports = 2> <Width = 32> <Depth = 16> <RAM>
ST_10 : Operation 225 [1/2] (0.79ns)   --->   "%tC_9_load = load i4 %tC_9_addr" [mmult_baseline.cpp:39]   --->   Operation 225 'load' 'tC_9_load' <Predicate = true> <Delay = 0.79> <CoreInst = "RAM">   --->   Core 82 'RAM' <Latency = 1> <II = 1> <Delay = 0.79> <Storage> <Opcode : 'load' 'store'> <Ports = 2> <Width = 32> <Depth = 16> <RAM>
ST_10 : Operation 226 [1/2] (0.79ns)   --->   "%tC_10_load = load i4 %tC_10_addr" [mmult_baseline.cpp:39]   --->   Operation 226 'load' 'tC_10_load' <Predicate = true> <Delay = 0.79> <CoreInst = "RAM">   --->   Core 82 'RAM' <Latency = 1> <II = 1> <Delay = 0.79> <Storage> <Opcode : 'load' 'store'> <Ports = 2> <Width = 32> <Depth = 16> <RAM>
ST_10 : Operation 227 [1/2] (0.79ns)   --->   "%tC_11_load = load i4 %tC_11_addr" [mmult_baseline.cpp:39]   --->   Operation 227 'load' 'tC_11_load' <Predicate = true> <Delay = 0.79> <CoreInst = "RAM">   --->   Core 82 'RAM' <Latency = 1> <II = 1> <Delay = 0.79> <Storage> <Opcode : 'load' 'store'> <Ports = 2> <Width = 32> <Depth = 16> <RAM>
ST_10 : Operation 228 [1/2] (0.79ns)   --->   "%tC_12_load = load i4 %tC_12_addr" [mmult_baseline.cpp:39]   --->   Operation 228 'load' 'tC_12_load' <Predicate = true> <Delay = 0.79> <CoreInst = "RAM">   --->   Core 82 'RAM' <Latency = 1> <II = 1> <Delay = 0.79> <Storage> <Opcode : 'load' 'store'> <Ports = 2> <Width = 32> <Depth = 16> <RAM>
ST_10 : Operation 229 [1/2] (0.79ns)   --->   "%tC_13_load = load i4 %tC_13_addr" [mmult_baseline.cpp:39]   --->   Operation 229 'load' 'tC_13_load' <Predicate = true> <Delay = 0.79> <CoreInst = "RAM">   --->   Core 82 'RAM' <Latency = 1> <II = 1> <Delay = 0.79> <Storage> <Opcode : 'load' 'store'> <Ports = 2> <Width = 32> <Depth = 16> <RAM>
ST_10 : Operation 230 [1/2] (0.79ns)   --->   "%tC_14_load = load i4 %tC_14_addr" [mmult_baseline.cpp:39]   --->   Operation 230 'load' 'tC_14_load' <Predicate = true> <Delay = 0.79> <CoreInst = "RAM">   --->   Core 82 'RAM' <Latency = 1> <II = 1> <Delay = 0.79> <Storage> <Opcode : 'load' 'store'> <Ports = 2> <Width = 32> <Depth = 16> <RAM>
ST_10 : Operation 231 [1/2] (0.79ns)   --->   "%tC_15_load = load i4 %tC_15_addr" [mmult_baseline.cpp:39]   --->   Operation 231 'load' 'tC_15_load' <Predicate = true> <Delay = 0.79> <CoreInst = "RAM">   --->   Core 82 'RAM' <Latency = 1> <II = 1> <Delay = 0.79> <Storage> <Opcode : 'load' 'store'> <Ports = 2> <Width = 32> <Depth = 16> <RAM>
ST_10 : Operation 232 [1/1] (0.48ns)   --->   "%br_ln33 = br void %comp_k" [mmult_baseline.cpp:33]   --->   Operation 232 'br' 'br_ln33' <Predicate = true> <Delay = 0.48>

State 11 <SV = 10> <Delay = 1.66>
ST_11 : Operation 233 [1/1] (0.00ns)   --->   "%add103_lcssa86 = phi i32 %tC_15_load, void %comp_j.split, i32 %add103_lcssa85, void %arrayidx882.exit" [mmult_baseline.cpp:39]   --->   Operation 233 'phi' 'add103_lcssa86' <Predicate = true> <Delay = 0.00>
ST_11 : Operation 234 [1/1] (0.00ns)   --->   "%add103_lcssa84 = phi i32 %tC_14_load, void %comp_j.split, i32 %add103_lcssa83, void %arrayidx882.exit" [mmult_baseline.cpp:39]   --->   Operation 234 'phi' 'add103_lcssa84' <Predicate = true> <Delay = 0.00>
ST_11 : Operation 235 [1/1] (0.00ns)   --->   "%add103_lcssa82 = phi i32 %tC_13_load, void %comp_j.split, i32 %add103_lcssa81, void %arrayidx882.exit" [mmult_baseline.cpp:39]   --->   Operation 235 'phi' 'add103_lcssa82' <Predicate = true> <Delay = 0.00>
ST_11 : Operation 236 [1/1] (0.00ns)   --->   "%add103_lcssa80 = phi i32 %tC_12_load, void %comp_j.split, i32 %add103_lcssa79, void %arrayidx882.exit" [mmult_baseline.cpp:39]   --->   Operation 236 'phi' 'add103_lcssa80' <Predicate = true> <Delay = 0.00>
ST_11 : Operation 237 [1/1] (0.00ns)   --->   "%add103_lcssa78 = phi i32 %tC_11_load, void %comp_j.split, i32 %add103_lcssa77, void %arrayidx882.exit" [mmult_baseline.cpp:39]   --->   Operation 237 'phi' 'add103_lcssa78' <Predicate = true> <Delay = 0.00>
ST_11 : Operation 238 [1/1] (0.00ns)   --->   "%add103_lcssa76 = phi i32 %tC_10_load, void %comp_j.split, i32 %add103_lcssa75, void %arrayidx882.exit" [mmult_baseline.cpp:39]   --->   Operation 238 'phi' 'add103_lcssa76' <Predicate = true> <Delay = 0.00>
ST_11 : Operation 239 [1/1] (0.00ns)   --->   "%add103_lcssa74 = phi i32 %tC_9_load, void %comp_j.split, i32 %add103_lcssa73, void %arrayidx882.exit" [mmult_baseline.cpp:39]   --->   Operation 239 'phi' 'add103_lcssa74' <Predicate = true> <Delay = 0.00>
ST_11 : Operation 240 [1/1] (0.00ns)   --->   "%add103_lcssa72 = phi i32 %tC_8_load, void %comp_j.split, i32 %add103_lcssa71, void %arrayidx882.exit" [mmult_baseline.cpp:39]   --->   Operation 240 'phi' 'add103_lcssa72' <Predicate = true> <Delay = 0.00>
ST_11 : Operation 241 [1/1] (0.00ns)   --->   "%add103_lcssa70 = phi i32 %tC_7_load, void %comp_j.split, i32 %add103_lcssa69, void %arrayidx882.exit" [mmult_baseline.cpp:39]   --->   Operation 241 'phi' 'add103_lcssa70' <Predicate = true> <Delay = 0.00>
ST_11 : Operation 242 [1/1] (0.00ns)   --->   "%add103_lcssa68 = phi i32 %tC_6_load, void %comp_j.split, i32 %add103_lcssa67, void %arrayidx882.exit" [mmult_baseline.cpp:39]   --->   Operation 242 'phi' 'add103_lcssa68' <Predicate = true> <Delay = 0.00>
ST_11 : Operation 243 [1/1] (0.00ns)   --->   "%add103_lcssa66 = phi i32 %tC_5_load, void %comp_j.split, i32 %add103_lcssa65, void %arrayidx882.exit" [mmult_baseline.cpp:39]   --->   Operation 243 'phi' 'add103_lcssa66' <Predicate = true> <Delay = 0.00>
ST_11 : Operation 244 [1/1] (0.00ns)   --->   "%add103_lcssa64 = phi i32 %tC_4_load, void %comp_j.split, i32 %add103_lcssa63, void %arrayidx882.exit" [mmult_baseline.cpp:39]   --->   Operation 244 'phi' 'add103_lcssa64' <Predicate = true> <Delay = 0.00>
ST_11 : Operation 245 [1/1] (0.00ns)   --->   "%add103_lcssa62 = phi i32 %tC_3_load, void %comp_j.split, i32 %add103_lcssa61, void %arrayidx882.exit" [mmult_baseline.cpp:39]   --->   Operation 245 'phi' 'add103_lcssa62' <Predicate = true> <Delay = 0.00>
ST_11 : Operation 246 [1/1] (0.00ns)   --->   "%add103_lcssa60 = phi i32 %tC_2_load, void %comp_j.split, i32 %add103_lcssa59, void %arrayidx882.exit" [mmult_baseline.cpp:39]   --->   Operation 246 'phi' 'add103_lcssa60' <Predicate = true> <Delay = 0.00>
ST_11 : Operation 247 [1/1] (0.00ns)   --->   "%add103_lcssa58 = phi i32 %tC_1_load, void %comp_j.split, i32 %add103_lcssa57, void %arrayidx882.exit" [mmult_baseline.cpp:39]   --->   Operation 247 'phi' 'add103_lcssa58' <Predicate = true> <Delay = 0.00>
ST_11 : Operation 248 [1/1] (0.00ns)   --->   "%add103_lcssa56 = phi i32 %tC_load, void %comp_j.split, i32 %add103_lcssa55, void %arrayidx882.exit" [mmult_baseline.cpp:39]   --->   Operation 248 'phi' 'add103_lcssa56' <Predicate = true> <Delay = 0.00>
ST_11 : Operation 249 [1/1] (0.00ns)   --->   "%j = phi i5 0, void %comp_j.split, i5 %add_ln33, void %arrayidx882.exit" [mmult_baseline.cpp:33]   --->   Operation 249 'phi' 'j' <Predicate = true> <Delay = 0.00>
ST_11 : Operation 250 [1/1] (0.87ns)   --->   "%icmp_ln33 = icmp_eq  i5 %j, i5 16" [mmult_baseline.cpp:33]   --->   Operation 250 'icmp' 'icmp_ln33' <Predicate = true> <Delay = 0.87> <CoreInst = "Cmp">   --->   Core 9 'Cmp' <Latency = 0> <II = 1> <Delay = 0.87> <FuncUnit> <Opcode : 'seteq' 'setne' 'setle' 'setge' 'setlt' 'setgt'> <InPorts = 2> <OutPorts = 1>
ST_11 : Operation 251 [1/1] (0.87ns)   --->   "%add_ln33 = add i5 %j, i5 1" [mmult_baseline.cpp:33]   --->   Operation 251 'add' 'add_ln33' <Predicate = true> <Delay = 0.87> <CoreInst = "Adder">   --->   Core 1 'Adder' <Latency = 0> <II = 1> <Delay = 0.87> <FuncUnit> <Opcode : 'add' 'sub'> <InPorts = 2> <OutPorts = 1>
ST_11 : Operation 252 [1/1] (0.00ns)   --->   "%br_ln33 = br i1 %icmp_ln33, void %comp_k.split, void %for.inc114" [mmult_baseline.cpp:33]   --->   Operation 252 'br' 'br_ln33' <Predicate = true> <Delay = 0.00>
ST_11 : Operation 253 [1/1] (0.00ns)   --->   "%zext_ln33 = zext i5 %j" [mmult_baseline.cpp:33]   --->   Operation 253 'zext' 'zext_ln33' <Predicate = (!icmp_ln33)> <Delay = 0.00>
ST_11 : Operation 254 [1/1] (0.00ns)   --->   "%trunc_ln33 = trunc i5 %j" [mmult_baseline.cpp:33]   --->   Operation 254 'trunc' 'trunc_ln33' <Predicate = (!icmp_ln33)> <Delay = 0.00>
ST_11 : Operation 255 [1/1] (0.00ns)   --->   "%tB_addr = getelementptr i32 %tB, i64 0, i64 %zext_ln33" [mmult_baseline.cpp:33]   --->   Operation 255 'getelementptr' 'tB_addr' <Predicate = (!icmp_ln33)> <Delay = 0.00>
ST_11 : Operation 256 [1/1] (0.00ns)   --->   "%tB_1_addr = getelementptr i32 %tB_1, i64 0, i64 %zext_ln33" [mmult_baseline.cpp:33]   --->   Operation 256 'getelementptr' 'tB_1_addr' <Predicate = (!icmp_ln33)> <Delay = 0.00>
ST_11 : Operation 257 [1/1] (0.00ns)   --->   "%tB_2_addr = getelementptr i32 %tB_2, i64 0, i64 %zext_ln33" [mmult_baseline.cpp:33]   --->   Operation 257 'getelementptr' 'tB_2_addr' <Predicate = (!icmp_ln33)> <Delay = 0.00>
ST_11 : Operation 258 [1/1] (0.00ns)   --->   "%tB_3_addr = getelementptr i32 %tB_3, i64 0, i64 %zext_ln33" [mmult_baseline.cpp:33]   --->   Operation 258 'getelementptr' 'tB_3_addr' <Predicate = (!icmp_ln33)> <Delay = 0.00>
ST_11 : Operation 259 [1/1] (0.00ns)   --->   "%tB_4_addr = getelementptr i32 %tB_4, i64 0, i64 %zext_ln33" [mmult_baseline.cpp:33]   --->   Operation 259 'getelementptr' 'tB_4_addr' <Predicate = (!icmp_ln33)> <Delay = 0.00>
ST_11 : Operation 260 [1/1] (0.00ns)   --->   "%tB_5_addr = getelementptr i32 %tB_5, i64 0, i64 %zext_ln33" [mmult_baseline.cpp:33]   --->   Operation 260 'getelementptr' 'tB_5_addr' <Predicate = (!icmp_ln33)> <Delay = 0.00>
ST_11 : Operation 261 [1/1] (0.00ns)   --->   "%tB_6_addr = getelementptr i32 %tB_6, i64 0, i64 %zext_ln33" [mmult_baseline.cpp:33]   --->   Operation 261 'getelementptr' 'tB_6_addr' <Predicate = (!icmp_ln33)> <Delay = 0.00>
ST_11 : Operation 262 [1/1] (0.00ns)   --->   "%tB_7_addr = getelementptr i32 %tB_7, i64 0, i64 %zext_ln33" [mmult_baseline.cpp:33]   --->   Operation 262 'getelementptr' 'tB_7_addr' <Predicate = (!icmp_ln33)> <Delay = 0.00>
ST_11 : Operation 263 [1/1] (0.00ns)   --->   "%tB_8_addr = getelementptr i32 %tB_8, i64 0, i64 %zext_ln33" [mmult_baseline.cpp:33]   --->   Operation 263 'getelementptr' 'tB_8_addr' <Predicate = (!icmp_ln33)> <Delay = 0.00>
ST_11 : Operation 264 [1/1] (0.00ns)   --->   "%tB_9_addr = getelementptr i32 %tB_9, i64 0, i64 %zext_ln33" [mmult_baseline.cpp:33]   --->   Operation 264 'getelementptr' 'tB_9_addr' <Predicate = (!icmp_ln33)> <Delay = 0.00>
ST_11 : Operation 265 [1/1] (0.00ns)   --->   "%tB_10_addr = getelementptr i32 %tB_10, i64 0, i64 %zext_ln33" [mmult_baseline.cpp:33]   --->   Operation 265 'getelementptr' 'tB_10_addr' <Predicate = (!icmp_ln33)> <Delay = 0.00>
ST_11 : Operation 266 [1/1] (0.00ns)   --->   "%tB_11_addr = getelementptr i32 %tB_11, i64 0, i64 %zext_ln33" [mmult_baseline.cpp:33]   --->   Operation 266 'getelementptr' 'tB_11_addr' <Predicate = (!icmp_ln33)> <Delay = 0.00>
ST_11 : Operation 267 [1/1] (0.00ns)   --->   "%tB_12_addr = getelementptr i32 %tB_12, i64 0, i64 %zext_ln33" [mmult_baseline.cpp:33]   --->   Operation 267 'getelementptr' 'tB_12_addr' <Predicate = (!icmp_ln33)> <Delay = 0.00>
ST_11 : Operation 268 [1/1] (0.00ns)   --->   "%tB_13_addr = getelementptr i32 %tB_13, i64 0, i64 %zext_ln33" [mmult_baseline.cpp:33]   --->   Operation 268 'getelementptr' 'tB_13_addr' <Predicate = (!icmp_ln33)> <Delay = 0.00>
ST_11 : Operation 269 [1/1] (0.00ns)   --->   "%tB_14_addr = getelementptr i32 %tB_14, i64 0, i64 %zext_ln33" [mmult_baseline.cpp:33]   --->   Operation 269 'getelementptr' 'tB_14_addr' <Predicate = (!icmp_ln33)> <Delay = 0.00>
ST_11 : Operation 270 [1/1] (0.00ns)   --->   "%tB_15_addr = getelementptr i32 %tB_15, i64 0, i64 %zext_ln33" [mmult_baseline.cpp:33]   --->   Operation 270 'getelementptr' 'tB_15_addr' <Predicate = (!icmp_ln33)> <Delay = 0.00>
ST_11 : Operation 271 [2/2] (0.79ns)   --->   "%tB_load = load i4 %tB_addr" [mmult_baseline.cpp:33]   --->   Operation 271 'load' 'tB_load' <Predicate = (!icmp_ln33)> <Delay = 0.79> <CoreInst = "RAM">   --->   Core 82 'RAM' <Latency = 1> <II = 1> <Delay = 0.79> <Storage> <Opcode : 'load' 'store'> <Ports = 2> <Width = 32> <Depth = 16> <RAM>
ST_11 : Operation 272 [2/2] (0.79ns)   --->   "%tB_1_load = load i4 %tB_1_addr" [mmult_baseline.cpp:33]   --->   Operation 272 'load' 'tB_1_load' <Predicate = (!icmp_ln33)> <Delay = 0.79> <CoreInst = "RAM">   --->   Core 82 'RAM' <Latency = 1> <II = 1> <Delay = 0.79> <Storage> <Opcode : 'load' 'store'> <Ports = 2> <Width = 32> <Depth = 16> <RAM>
ST_11 : Operation 273 [2/2] (0.79ns)   --->   "%tB_2_load = load i4 %tB_2_addr" [mmult_baseline.cpp:33]   --->   Operation 273 'load' 'tB_2_load' <Predicate = (!icmp_ln33)> <Delay = 0.79> <CoreInst = "RAM">   --->   Core 82 'RAM' <Latency = 1> <II = 1> <Delay = 0.79> <Storage> <Opcode : 'load' 'store'> <Ports = 2> <Width = 32> <Depth = 16> <RAM>
ST_11 : Operation 274 [2/2] (0.79ns)   --->   "%tB_3_load = load i4 %tB_3_addr" [mmult_baseline.cpp:33]   --->   Operation 274 'load' 'tB_3_load' <Predicate = (!icmp_ln33)> <Delay = 0.79> <CoreInst = "RAM">   --->   Core 82 'RAM' <Latency = 1> <II = 1> <Delay = 0.79> <Storage> <Opcode : 'load' 'store'> <Ports = 2> <Width = 32> <Depth = 16> <RAM>
ST_11 : Operation 275 [2/2] (0.79ns)   --->   "%tB_4_load = load i4 %tB_4_addr" [mmult_baseline.cpp:33]   --->   Operation 275 'load' 'tB_4_load' <Predicate = (!icmp_ln33)> <Delay = 0.79> <CoreInst = "RAM">   --->   Core 82 'RAM' <Latency = 1> <II = 1> <Delay = 0.79> <Storage> <Opcode : 'load' 'store'> <Ports = 2> <Width = 32> <Depth = 16> <RAM>
ST_11 : Operation 276 [2/2] (0.79ns)   --->   "%tB_5_load = load i4 %tB_5_addr" [mmult_baseline.cpp:33]   --->   Operation 276 'load' 'tB_5_load' <Predicate = (!icmp_ln33)> <Delay = 0.79> <CoreInst = "RAM">   --->   Core 82 'RAM' <Latency = 1> <II = 1> <Delay = 0.79> <Storage> <Opcode : 'load' 'store'> <Ports = 2> <Width = 32> <Depth = 16> <RAM>
ST_11 : Operation 277 [2/2] (0.79ns)   --->   "%tB_6_load = load i4 %tB_6_addr" [mmult_baseline.cpp:33]   --->   Operation 277 'load' 'tB_6_load' <Predicate = (!icmp_ln33)> <Delay = 0.79> <CoreInst = "RAM">   --->   Core 82 'RAM' <Latency = 1> <II = 1> <Delay = 0.79> <Storage> <Opcode : 'load' 'store'> <Ports = 2> <Width = 32> <Depth = 16> <RAM>
ST_11 : Operation 278 [2/2] (0.79ns)   --->   "%tB_7_load = load i4 %tB_7_addr" [mmult_baseline.cpp:33]   --->   Operation 278 'load' 'tB_7_load' <Predicate = (!icmp_ln33)> <Delay = 0.79> <CoreInst = "RAM">   --->   Core 82 'RAM' <Latency = 1> <II = 1> <Delay = 0.79> <Storage> <Opcode : 'load' 'store'> <Ports = 2> <Width = 32> <Depth = 16> <RAM>
ST_11 : Operation 279 [2/2] (0.79ns)   --->   "%tB_8_load = load i4 %tB_8_addr" [mmult_baseline.cpp:33]   --->   Operation 279 'load' 'tB_8_load' <Predicate = (!icmp_ln33)> <Delay = 0.79> <CoreInst = "RAM">   --->   Core 82 'RAM' <Latency = 1> <II = 1> <Delay = 0.79> <Storage> <Opcode : 'load' 'store'> <Ports = 2> <Width = 32> <Depth = 16> <RAM>
ST_11 : Operation 280 [2/2] (0.79ns)   --->   "%tB_9_load = load i4 %tB_9_addr" [mmult_baseline.cpp:33]   --->   Operation 280 'load' 'tB_9_load' <Predicate = (!icmp_ln33)> <Delay = 0.79> <CoreInst = "RAM">   --->   Core 82 'RAM' <Latency = 1> <II = 1> <Delay = 0.79> <Storage> <Opcode : 'load' 'store'> <Ports = 2> <Width = 32> <Depth = 16> <RAM>
ST_11 : Operation 281 [2/2] (0.79ns)   --->   "%tB_10_load = load i4 %tB_10_addr" [mmult_baseline.cpp:33]   --->   Operation 281 'load' 'tB_10_load' <Predicate = (!icmp_ln33)> <Delay = 0.79> <CoreInst = "RAM">   --->   Core 82 'RAM' <Latency = 1> <II = 1> <Delay = 0.79> <Storage> <Opcode : 'load' 'store'> <Ports = 2> <Width = 32> <Depth = 16> <RAM>
ST_11 : Operation 282 [2/2] (0.79ns)   --->   "%tB_11_load = load i4 %tB_11_addr" [mmult_baseline.cpp:33]   --->   Operation 282 'load' 'tB_11_load' <Predicate = (!icmp_ln33)> <Delay = 0.79> <CoreInst = "RAM">   --->   Core 82 'RAM' <Latency = 1> <II = 1> <Delay = 0.79> <Storage> <Opcode : 'load' 'store'> <Ports = 2> <Width = 32> <Depth = 16> <RAM>
ST_11 : Operation 283 [2/2] (0.79ns)   --->   "%tB_12_load = load i4 %tB_12_addr" [mmult_baseline.cpp:33]   --->   Operation 283 'load' 'tB_12_load' <Predicate = (!icmp_ln33)> <Delay = 0.79> <CoreInst = "RAM">   --->   Core 82 'RAM' <Latency = 1> <II = 1> <Delay = 0.79> <Storage> <Opcode : 'load' 'store'> <Ports = 2> <Width = 32> <Depth = 16> <RAM>
ST_11 : Operation 284 [2/2] (0.79ns)   --->   "%tB_13_load = load i4 %tB_13_addr" [mmult_baseline.cpp:33]   --->   Operation 284 'load' 'tB_13_load' <Predicate = (!icmp_ln33)> <Delay = 0.79> <CoreInst = "RAM">   --->   Core 82 'RAM' <Latency = 1> <II = 1> <Delay = 0.79> <Storage> <Opcode : 'load' 'store'> <Ports = 2> <Width = 32> <Depth = 16> <RAM>
ST_11 : Operation 285 [2/2] (0.79ns)   --->   "%tB_14_load = load i4 %tB_14_addr" [mmult_baseline.cpp:33]   --->   Operation 285 'load' 'tB_14_load' <Predicate = (!icmp_ln33)> <Delay = 0.79> <CoreInst = "RAM">   --->   Core 82 'RAM' <Latency = 1> <II = 1> <Delay = 0.79> <Storage> <Opcode : 'load' 'store'> <Ports = 2> <Width = 32> <Depth = 16> <RAM>
ST_11 : Operation 286 [2/2] (0.79ns)   --->   "%tB_15_load = load i4 %tB_15_addr" [mmult_baseline.cpp:33]   --->   Operation 286 'load' 'tB_15_load' <Predicate = (!icmp_ln33)> <Delay = 0.79> <CoreInst = "RAM">   --->   Core 82 'RAM' <Latency = 1> <II = 1> <Delay = 0.79> <Storage> <Opcode : 'load' 'store'> <Ports = 2> <Width = 32> <Depth = 16> <RAM>
ST_11 : Operation 287 [1/1] (0.79ns)   --->   "%store_ln39 = store i32 %add103_lcssa56, i4 %tC_addr" [mmult_baseline.cpp:39]   --->   Operation 287 'store' 'store_ln39' <Predicate = (icmp_ln33)> <Delay = 0.79> <CoreInst = "RAM">   --->   Core 82 'RAM' <Latency = 1> <II = 1> <Delay = 0.79> <Storage> <Opcode : 'load' 'store'> <Ports = 2> <Width = 32> <Depth = 16> <RAM>
ST_11 : Operation 288 [1/1] (0.79ns)   --->   "%store_ln39 = store i32 %add103_lcssa58, i4 %tC_1_addr" [mmult_baseline.cpp:39]   --->   Operation 288 'store' 'store_ln39' <Predicate = (icmp_ln33)> <Delay = 0.79> <CoreInst = "RAM">   --->   Core 82 'RAM' <Latency = 1> <II = 1> <Delay = 0.79> <Storage> <Opcode : 'load' 'store'> <Ports = 2> <Width = 32> <Depth = 16> <RAM>
ST_11 : Operation 289 [1/1] (0.79ns)   --->   "%store_ln39 = store i32 %add103_lcssa60, i4 %tC_2_addr" [mmult_baseline.cpp:39]   --->   Operation 289 'store' 'store_ln39' <Predicate = (icmp_ln33)> <Delay = 0.79> <CoreInst = "RAM">   --->   Core 82 'RAM' <Latency = 1> <II = 1> <Delay = 0.79> <Storage> <Opcode : 'load' 'store'> <Ports = 2> <Width = 32> <Depth = 16> <RAM>
ST_11 : Operation 290 [1/1] (0.79ns)   --->   "%store_ln39 = store i32 %add103_lcssa62, i4 %tC_3_addr" [mmult_baseline.cpp:39]   --->   Operation 290 'store' 'store_ln39' <Predicate = (icmp_ln33)> <Delay = 0.79> <CoreInst = "RAM">   --->   Core 82 'RAM' <Latency = 1> <II = 1> <Delay = 0.79> <Storage> <Opcode : 'load' 'store'> <Ports = 2> <Width = 32> <Depth = 16> <RAM>
ST_11 : Operation 291 [1/1] (0.79ns)   --->   "%store_ln39 = store i32 %add103_lcssa64, i4 %tC_4_addr" [mmult_baseline.cpp:39]   --->   Operation 291 'store' 'store_ln39' <Predicate = (icmp_ln33)> <Delay = 0.79> <CoreInst = "RAM">   --->   Core 82 'RAM' <Latency = 1> <II = 1> <Delay = 0.79> <Storage> <Opcode : 'load' 'store'> <Ports = 2> <Width = 32> <Depth = 16> <RAM>
ST_11 : Operation 292 [1/1] (0.79ns)   --->   "%store_ln39 = store i32 %add103_lcssa66, i4 %tC_5_addr" [mmult_baseline.cpp:39]   --->   Operation 292 'store' 'store_ln39' <Predicate = (icmp_ln33)> <Delay = 0.79> <CoreInst = "RAM">   --->   Core 82 'RAM' <Latency = 1> <II = 1> <Delay = 0.79> <Storage> <Opcode : 'load' 'store'> <Ports = 2> <Width = 32> <Depth = 16> <RAM>
ST_11 : Operation 293 [1/1] (0.79ns)   --->   "%store_ln39 = store i32 %add103_lcssa68, i4 %tC_6_addr" [mmult_baseline.cpp:39]   --->   Operation 293 'store' 'store_ln39' <Predicate = (icmp_ln33)> <Delay = 0.79> <CoreInst = "RAM">   --->   Core 82 'RAM' <Latency = 1> <II = 1> <Delay = 0.79> <Storage> <Opcode : 'load' 'store'> <Ports = 2> <Width = 32> <Depth = 16> <RAM>
ST_11 : Operation 294 [1/1] (0.79ns)   --->   "%store_ln39 = store i32 %add103_lcssa70, i4 %tC_7_addr" [mmult_baseline.cpp:39]   --->   Operation 294 'store' 'store_ln39' <Predicate = (icmp_ln33)> <Delay = 0.79> <CoreInst = "RAM">   --->   Core 82 'RAM' <Latency = 1> <II = 1> <Delay = 0.79> <Storage> <Opcode : 'load' 'store'> <Ports = 2> <Width = 32> <Depth = 16> <RAM>
ST_11 : Operation 295 [1/1] (0.79ns)   --->   "%store_ln39 = store i32 %add103_lcssa72, i4 %tC_8_addr" [mmult_baseline.cpp:39]   --->   Operation 295 'store' 'store_ln39' <Predicate = (icmp_ln33)> <Delay = 0.79> <CoreInst = "RAM">   --->   Core 82 'RAM' <Latency = 1> <II = 1> <Delay = 0.79> <Storage> <Opcode : 'load' 'store'> <Ports = 2> <Width = 32> <Depth = 16> <RAM>
ST_11 : Operation 296 [1/1] (0.79ns)   --->   "%store_ln39 = store i32 %add103_lcssa74, i4 %tC_9_addr" [mmult_baseline.cpp:39]   --->   Operation 296 'store' 'store_ln39' <Predicate = (icmp_ln33)> <Delay = 0.79> <CoreInst = "RAM">   --->   Core 82 'RAM' <Latency = 1> <II = 1> <Delay = 0.79> <Storage> <Opcode : 'load' 'store'> <Ports = 2> <Width = 32> <Depth = 16> <RAM>
ST_11 : Operation 297 [1/1] (0.79ns)   --->   "%store_ln39 = store i32 %add103_lcssa76, i4 %tC_10_addr" [mmult_baseline.cpp:39]   --->   Operation 297 'store' 'store_ln39' <Predicate = (icmp_ln33)> <Delay = 0.79> <CoreInst = "RAM">   --->   Core 82 'RAM' <Latency = 1> <II = 1> <Delay = 0.79> <Storage> <Opcode : 'load' 'store'> <Ports = 2> <Width = 32> <Depth = 16> <RAM>
ST_11 : Operation 298 [1/1] (0.79ns)   --->   "%store_ln39 = store i32 %add103_lcssa78, i4 %tC_11_addr" [mmult_baseline.cpp:39]   --->   Operation 298 'store' 'store_ln39' <Predicate = (icmp_ln33)> <Delay = 0.79> <CoreInst = "RAM">   --->   Core 82 'RAM' <Latency = 1> <II = 1> <Delay = 0.79> <Storage> <Opcode : 'load' 'store'> <Ports = 2> <Width = 32> <Depth = 16> <RAM>
ST_11 : Operation 299 [1/1] (0.79ns)   --->   "%store_ln39 = store i32 %add103_lcssa80, i4 %tC_12_addr" [mmult_baseline.cpp:39]   --->   Operation 299 'store' 'store_ln39' <Predicate = (icmp_ln33)> <Delay = 0.79> <CoreInst = "RAM">   --->   Core 82 'RAM' <Latency = 1> <II = 1> <Delay = 0.79> <Storage> <Opcode : 'load' 'store'> <Ports = 2> <Width = 32> <Depth = 16> <RAM>
ST_11 : Operation 300 [1/1] (0.79ns)   --->   "%store_ln39 = store i32 %add103_lcssa82, i4 %tC_13_addr" [mmult_baseline.cpp:39]   --->   Operation 300 'store' 'store_ln39' <Predicate = (icmp_ln33)> <Delay = 0.79> <CoreInst = "RAM">   --->   Core 82 'RAM' <Latency = 1> <II = 1> <Delay = 0.79> <Storage> <Opcode : 'load' 'store'> <Ports = 2> <Width = 32> <Depth = 16> <RAM>
ST_11 : Operation 301 [1/1] (0.79ns)   --->   "%store_ln39 = store i32 %add103_lcssa84, i4 %tC_14_addr" [mmult_baseline.cpp:39]   --->   Operation 301 'store' 'store_ln39' <Predicate = (icmp_ln33)> <Delay = 0.79> <CoreInst = "RAM">   --->   Core 82 'RAM' <Latency = 1> <II = 1> <Delay = 0.79> <Storage> <Opcode : 'load' 'store'> <Ports = 2> <Width = 32> <Depth = 16> <RAM>
ST_11 : Operation 302 [1/1] (0.79ns)   --->   "%store_ln39 = store i32 %add103_lcssa86, i4 %tC_15_addr" [mmult_baseline.cpp:39]   --->   Operation 302 'store' 'store_ln39' <Predicate = (icmp_ln33)> <Delay = 0.79> <CoreInst = "RAM">   --->   Core 82 'RAM' <Latency = 1> <II = 1> <Delay = 0.79> <Storage> <Opcode : 'load' 'store'> <Ports = 2> <Width = 32> <Depth = 16> <RAM>
ST_11 : Operation 303 [1/1] (0.00ns)   --->   "%br_ln32 = br void %comp_j" [mmult_baseline.cpp:32]   --->   Operation 303 'br' 'br_ln32' <Predicate = (icmp_ln33)> <Delay = 0.00>

State 12 <SV = 11> <Delay = 1.27>
ST_12 : Operation 304 [1/1] (0.57ns)   --->   "%acc = sparsemux i32 @_ssdm_op_SparseMux.ap_auto.16i32.i32.i4, i4 0, i32 %add103_lcssa56, i4 1, i32 %add103_lcssa58, i4 2, i32 %add103_lcssa60, i4 3, i32 %add103_lcssa62, i4 4, i32 %add103_lcssa64, i4 5, i32 %add103_lcssa66, i4 6, i32 %add103_lcssa68, i4 7, i32 %add103_lcssa70, i4 8, i32 %add103_lcssa72, i4 9, i32 %add103_lcssa74, i4 10, i32 %add103_lcssa76, i4 11, i32 %add103_lcssa78, i4 12, i32 %add103_lcssa80, i4 13, i32 %add103_lcssa82, i4 14, i32 %add103_lcssa84, i4 15, i32 %add103_lcssa86, i32 0, i4 %trunc_ln33" [mmult_baseline.cpp:34]   --->   Operation 304 'sparsemux' 'acc' <Predicate = true> <Delay = 0.57> <CoreInst = "SparseMux">   --->   Core 144 'SparseMux' <Latency = 0> <II = 1> <Delay = 0.57> <FuncUnit> <Opcode : 'sparsemux'> <InPorts = 2> <OutPorts = 1>
ST_12 : Operation 305 [1/2] (0.79ns)   --->   "%tB_load = load i4 %tB_addr" [mmult_baseline.cpp:33]   --->   Operation 305 'load' 'tB_load' <Predicate = true> <Delay = 0.79> <CoreInst = "RAM">   --->   Core 82 'RAM' <Latency = 1> <II = 1> <Delay = 0.79> <Storage> <Opcode : 'load' 'store'> <Ports = 2> <Width = 32> <Depth = 16> <RAM>
ST_12 : Operation 306 [1/2] (0.79ns)   --->   "%tB_1_load = load i4 %tB_1_addr" [mmult_baseline.cpp:33]   --->   Operation 306 'load' 'tB_1_load' <Predicate = true> <Delay = 0.79> <CoreInst = "RAM">   --->   Core 82 'RAM' <Latency = 1> <II = 1> <Delay = 0.79> <Storage> <Opcode : 'load' 'store'> <Ports = 2> <Width = 32> <Depth = 16> <RAM>
ST_12 : Operation 307 [1/2] (0.79ns)   --->   "%tB_2_load = load i4 %tB_2_addr" [mmult_baseline.cpp:33]   --->   Operation 307 'load' 'tB_2_load' <Predicate = true> <Delay = 0.79> <CoreInst = "RAM">   --->   Core 82 'RAM' <Latency = 1> <II = 1> <Delay = 0.79> <Storage> <Opcode : 'load' 'store'> <Ports = 2> <Width = 32> <Depth = 16> <RAM>
ST_12 : Operation 308 [1/2] (0.79ns)   --->   "%tB_3_load = load i4 %tB_3_addr" [mmult_baseline.cpp:33]   --->   Operation 308 'load' 'tB_3_load' <Predicate = true> <Delay = 0.79> <CoreInst = "RAM">   --->   Core 82 'RAM' <Latency = 1> <II = 1> <Delay = 0.79> <Storage> <Opcode : 'load' 'store'> <Ports = 2> <Width = 32> <Depth = 16> <RAM>
ST_12 : Operation 309 [1/2] (0.79ns)   --->   "%tB_4_load = load i4 %tB_4_addr" [mmult_baseline.cpp:33]   --->   Operation 309 'load' 'tB_4_load' <Predicate = true> <Delay = 0.79> <CoreInst = "RAM">   --->   Core 82 'RAM' <Latency = 1> <II = 1> <Delay = 0.79> <Storage> <Opcode : 'load' 'store'> <Ports = 2> <Width = 32> <Depth = 16> <RAM>
ST_12 : Operation 310 [1/2] (0.79ns)   --->   "%tB_5_load = load i4 %tB_5_addr" [mmult_baseline.cpp:33]   --->   Operation 310 'load' 'tB_5_load' <Predicate = true> <Delay = 0.79> <CoreInst = "RAM">   --->   Core 82 'RAM' <Latency = 1> <II = 1> <Delay = 0.79> <Storage> <Opcode : 'load' 'store'> <Ports = 2> <Width = 32> <Depth = 16> <RAM>
ST_12 : Operation 311 [1/2] (0.79ns)   --->   "%tB_6_load = load i4 %tB_6_addr" [mmult_baseline.cpp:33]   --->   Operation 311 'load' 'tB_6_load' <Predicate = true> <Delay = 0.79> <CoreInst = "RAM">   --->   Core 82 'RAM' <Latency = 1> <II = 1> <Delay = 0.79> <Storage> <Opcode : 'load' 'store'> <Ports = 2> <Width = 32> <Depth = 16> <RAM>
ST_12 : Operation 312 [1/2] (0.79ns)   --->   "%tB_7_load = load i4 %tB_7_addr" [mmult_baseline.cpp:33]   --->   Operation 312 'load' 'tB_7_load' <Predicate = true> <Delay = 0.79> <CoreInst = "RAM">   --->   Core 82 'RAM' <Latency = 1> <II = 1> <Delay = 0.79> <Storage> <Opcode : 'load' 'store'> <Ports = 2> <Width = 32> <Depth = 16> <RAM>
ST_12 : Operation 313 [1/2] (0.79ns)   --->   "%tB_8_load = load i4 %tB_8_addr" [mmult_baseline.cpp:33]   --->   Operation 313 'load' 'tB_8_load' <Predicate = true> <Delay = 0.79> <CoreInst = "RAM">   --->   Core 82 'RAM' <Latency = 1> <II = 1> <Delay = 0.79> <Storage> <Opcode : 'load' 'store'> <Ports = 2> <Width = 32> <Depth = 16> <RAM>
ST_12 : Operation 314 [1/2] (0.79ns)   --->   "%tB_9_load = load i4 %tB_9_addr" [mmult_baseline.cpp:33]   --->   Operation 314 'load' 'tB_9_load' <Predicate = true> <Delay = 0.79> <CoreInst = "RAM">   --->   Core 82 'RAM' <Latency = 1> <II = 1> <Delay = 0.79> <Storage> <Opcode : 'load' 'store'> <Ports = 2> <Width = 32> <Depth = 16> <RAM>
ST_12 : Operation 315 [1/2] (0.79ns)   --->   "%tB_10_load = load i4 %tB_10_addr" [mmult_baseline.cpp:33]   --->   Operation 315 'load' 'tB_10_load' <Predicate = true> <Delay = 0.79> <CoreInst = "RAM">   --->   Core 82 'RAM' <Latency = 1> <II = 1> <Delay = 0.79> <Storage> <Opcode : 'load' 'store'> <Ports = 2> <Width = 32> <Depth = 16> <RAM>
ST_12 : Operation 316 [1/2] (0.79ns)   --->   "%tB_11_load = load i4 %tB_11_addr" [mmult_baseline.cpp:33]   --->   Operation 316 'load' 'tB_11_load' <Predicate = true> <Delay = 0.79> <CoreInst = "RAM">   --->   Core 82 'RAM' <Latency = 1> <II = 1> <Delay = 0.79> <Storage> <Opcode : 'load' 'store'> <Ports = 2> <Width = 32> <Depth = 16> <RAM>
ST_12 : Operation 317 [1/2] (0.79ns)   --->   "%tB_12_load = load i4 %tB_12_addr" [mmult_baseline.cpp:33]   --->   Operation 317 'load' 'tB_12_load' <Predicate = true> <Delay = 0.79> <CoreInst = "RAM">   --->   Core 82 'RAM' <Latency = 1> <II = 1> <Delay = 0.79> <Storage> <Opcode : 'load' 'store'> <Ports = 2> <Width = 32> <Depth = 16> <RAM>
ST_12 : Operation 318 [1/2] (0.79ns)   --->   "%tB_13_load = load i4 %tB_13_addr" [mmult_baseline.cpp:33]   --->   Operation 318 'load' 'tB_13_load' <Predicate = true> <Delay = 0.79> <CoreInst = "RAM">   --->   Core 82 'RAM' <Latency = 1> <II = 1> <Delay = 0.79> <Storage> <Opcode : 'load' 'store'> <Ports = 2> <Width = 32> <Depth = 16> <RAM>
ST_12 : Operation 319 [1/2] (0.79ns)   --->   "%tB_14_load = load i4 %tB_14_addr" [mmult_baseline.cpp:33]   --->   Operation 319 'load' 'tB_14_load' <Predicate = true> <Delay = 0.79> <CoreInst = "RAM">   --->   Core 82 'RAM' <Latency = 1> <II = 1> <Delay = 0.79> <Storage> <Opcode : 'load' 'store'> <Ports = 2> <Width = 32> <Depth = 16> <RAM>
ST_12 : Operation 320 [1/2] (0.79ns)   --->   "%tB_15_load = load i4 %tB_15_addr" [mmult_baseline.cpp:33]   --->   Operation 320 'load' 'tB_15_load' <Predicate = true> <Delay = 0.79> <CoreInst = "RAM">   --->   Core 82 'RAM' <Latency = 1> <II = 1> <Delay = 0.79> <Storage> <Opcode : 'load' 'store'> <Ports = 2> <Width = 32> <Depth = 16> <RAM>
ST_12 : Operation 321 [2/2] (0.48ns)   --->   "%call_ln34 = call void @mmult_hw_Pipeline_comp_k, i32 %acc, i32 %tA_load, i32 %tA_1_load, i32 %tA_2_load, i32 %tA_3_load, i32 %tA_4_load, i32 %tA_5_load, i32 %tA_6_load, i32 %tA_7_load, i32 %tA_8_load, i32 %tA_9_load, i32 %tA_10_load, i32 %tA_11_load, i32 %tA_12_load, i32 %tA_13_load, i32 %tA_14_load, i32 %tA_15_load, i32 %tB_load, i32 %tB_1_load, i32 %tB_2_load, i32 %tB_3_load, i32 %tB_4_load, i32 %tB_5_load, i32 %tB_6_load, i32 %tB_7_load, i32 %tB_8_load, i32 %tB_9_load, i32 %tB_10_load, i32 %tB_11_load, i32 %tB_12_load, i32 %tB_13_load, i32 %tB_14_load, i32 %tB_15_load, i32 %acc_1_loc" [mmult_baseline.cpp:34]   --->   Operation 321 'call' 'call_ln34' <Predicate = true> <Delay = 0.48> <CoreType = "Generic">   --->   Core 0 '' <Latency = 0> <II = 1> <Delay = 1.00> <Generic> <Opcode : >

State 13 <SV = 12> <Delay = 1.36>
ST_13 : Operation 322 [1/2] (1.36ns)   --->   "%call_ln34 = call void @mmult_hw_Pipeline_comp_k, i32 %acc, i32 %tA_load, i32 %tA_1_load, i32 %tA_2_load, i32 %tA_3_load, i32 %tA_4_load, i32 %tA_5_load, i32 %tA_6_load, i32 %tA_7_load, i32 %tA_8_load, i32 %tA_9_load, i32 %tA_10_load, i32 %tA_11_load, i32 %tA_12_load, i32 %tA_13_load, i32 %tA_14_load, i32 %tA_15_load, i32 %tB_load, i32 %tB_1_load, i32 %tB_2_load, i32 %tB_3_load, i32 %tB_4_load, i32 %tB_5_load, i32 %tB_6_load, i32 %tB_7_load, i32 %tB_8_load, i32 %tB_9_load, i32 %tB_10_load, i32 %tB_11_load, i32 %tB_12_load, i32 %tB_13_load, i32 %tB_14_load, i32 %tB_15_load, i32 %acc_1_loc" [mmult_baseline.cpp:34]   --->   Operation 322 'call' 'call_ln34' <Predicate = true> <Delay = 1.36> <CoreType = "Generic">   --->   Core 0 '' <Latency = 0> <II = 1> <Delay = 1.00> <Generic> <Opcode : >

State 14 <SV = 13> <Delay = 1.53>
ST_14 : Operation 323 [1/1] (0.00ns)   --->   "%speclooptripcount_ln33 = speclooptripcount void @_ssdm_op_SpecLoopTripCount, i64 16, i64 16, i64 16" [mmult_baseline.cpp:33]   --->   Operation 323 'speclooptripcount' 'speclooptripcount_ln33' <Predicate = true> <Delay = 0.00>
ST_14 : Operation 324 [1/1] (0.00ns)   --->   "%specloopname_ln33 = specloopname void @_ssdm_op_SpecLoopName, void @empty_14" [mmult_baseline.cpp:33]   --->   Operation 324 'specloopname' 'specloopname_ln33' <Predicate = true> <Delay = 0.00>
ST_14 : Operation 325 [1/1] (0.00ns)   --->   "%acc_1_loc_load = load i32 %acc_1_loc"   --->   Operation 325 'load' 'acc_1_loc_load' <Predicate = true> <Delay = 0.00>
ST_14 : Operation 326 [1/1] (1.04ns)   --->   "%switch_ln39 = switch i4 %trunc_ln33, void %arrayidx882.case.15, i4 0, void %arrayidx882.case.0, i4 1, void %arrayidx882.case.1, i4 2, void %arrayidx882.case.2, i4 3, void %arrayidx882.case.3, i4 4, void %arrayidx882.case.4, i4 5, void %arrayidx882.case.5, i4 6, void %arrayidx882.case.6, i4 7, void %arrayidx882.case.7, i4 8, void %arrayidx882.case.8, i4 9, void %arrayidx882.case.9, i4 10, void %arrayidx882.case.10, i4 11, void %arrayidx882.case.11, i4 12, void %arrayidx882.case.12, i4 13, void %arrayidx882.case.13, i4 14, void %arrayidx882.exit" [mmult_baseline.cpp:39]   --->   Operation 326 'switch' 'switch_ln39' <Predicate = true> <Delay = 1.04>
ST_14 : Operation 327 [1/1] (0.48ns)   --->   "%br_ln39 = br void %arrayidx882.exit" [mmult_baseline.cpp:39]   --->   Operation 327 'br' 'br_ln39' <Predicate = (trunc_ln33 == 13)> <Delay = 0.48>
ST_14 : Operation 328 [1/1] (0.48ns)   --->   "%br_ln39 = br void %arrayidx882.exit" [mmult_baseline.cpp:39]   --->   Operation 328 'br' 'br_ln39' <Predicate = (trunc_ln33 == 12)> <Delay = 0.48>
ST_14 : Operation 329 [1/1] (0.48ns)   --->   "%br_ln39 = br void %arrayidx882.exit" [mmult_baseline.cpp:39]   --->   Operation 329 'br' 'br_ln39' <Predicate = (trunc_ln33 == 11)> <Delay = 0.48>
ST_14 : Operation 330 [1/1] (0.48ns)   --->   "%br_ln39 = br void %arrayidx882.exit" [mmult_baseline.cpp:39]   --->   Operation 330 'br' 'br_ln39' <Predicate = (trunc_ln33 == 10)> <Delay = 0.48>
ST_14 : Operation 331 [1/1] (0.48ns)   --->   "%br_ln39 = br void %arrayidx882.exit" [mmult_baseline.cpp:39]   --->   Operation 331 'br' 'br_ln39' <Predicate = (trunc_ln33 == 9)> <Delay = 0.48>
ST_14 : Operation 332 [1/1] (0.48ns)   --->   "%br_ln39 = br void %arrayidx882.exit" [mmult_baseline.cpp:39]   --->   Operation 332 'br' 'br_ln39' <Predicate = (trunc_ln33 == 8)> <Delay = 0.48>
ST_14 : Operation 333 [1/1] (0.48ns)   --->   "%br_ln39 = br void %arrayidx882.exit" [mmult_baseline.cpp:39]   --->   Operation 333 'br' 'br_ln39' <Predicate = (trunc_ln33 == 7)> <Delay = 0.48>
ST_14 : Operation 334 [1/1] (0.48ns)   --->   "%br_ln39 = br void %arrayidx882.exit" [mmult_baseline.cpp:39]   --->   Operation 334 'br' 'br_ln39' <Predicate = (trunc_ln33 == 6)> <Delay = 0.48>
ST_14 : Operation 335 [1/1] (0.48ns)   --->   "%br_ln39 = br void %arrayidx882.exit" [mmult_baseline.cpp:39]   --->   Operation 335 'br' 'br_ln39' <Predicate = (trunc_ln33 == 5)> <Delay = 0.48>
ST_14 : Operation 336 [1/1] (0.48ns)   --->   "%br_ln39 = br void %arrayidx882.exit" [mmult_baseline.cpp:39]   --->   Operation 336 'br' 'br_ln39' <Predicate = (trunc_ln33 == 4)> <Delay = 0.48>
ST_14 : Operation 337 [1/1] (0.48ns)   --->   "%br_ln39 = br void %arrayidx882.exit" [mmult_baseline.cpp:39]   --->   Operation 337 'br' 'br_ln39' <Predicate = (trunc_ln33 == 3)> <Delay = 0.48>
ST_14 : Operation 338 [1/1] (0.48ns)   --->   "%br_ln39 = br void %arrayidx882.exit" [mmult_baseline.cpp:39]   --->   Operation 338 'br' 'br_ln39' <Predicate = (trunc_ln33 == 2)> <Delay = 0.48>
ST_14 : Operation 339 [1/1] (0.48ns)   --->   "%br_ln39 = br void %arrayidx882.exit" [mmult_baseline.cpp:39]   --->   Operation 339 'br' 'br_ln39' <Predicate = (trunc_ln33 == 1)> <Delay = 0.48>
ST_14 : Operation 340 [1/1] (0.48ns)   --->   "%br_ln39 = br void %arrayidx882.exit" [mmult_baseline.cpp:39]   --->   Operation 340 'br' 'br_ln39' <Predicate = (trunc_ln33 == 0)> <Delay = 0.48>
ST_14 : Operation 341 [1/1] (0.48ns)   --->   "%br_ln39 = br void %arrayidx882.exit" [mmult_baseline.cpp:39]   --->   Operation 341 'br' 'br_ln39' <Predicate = (trunc_ln33 == 15)> <Delay = 0.48>
ST_14 : Operation 342 [1/1] (0.00ns)   --->   "%add103_lcssa85 = phi i32 %acc_1_loc_load, void %arrayidx882.case.15, i32 %add103_lcssa86, void %arrayidx882.case.13, i32 %add103_lcssa86, void %arrayidx882.case.12, i32 %add103_lcssa86, void %arrayidx882.case.11, i32 %add103_lcssa86, void %arrayidx882.case.10, i32 %add103_lcssa86, void %arrayidx882.case.9, i32 %add103_lcssa86, void %arrayidx882.case.8, i32 %add103_lcssa86, void %arrayidx882.case.7, i32 %add103_lcssa86, void %arrayidx882.case.6, i32 %add103_lcssa86, void %arrayidx882.case.5, i32 %add103_lcssa86, void %arrayidx882.case.4, i32 %add103_lcssa86, void %arrayidx882.case.3, i32 %add103_lcssa86, void %arrayidx882.case.2, i32 %add103_lcssa86, void %arrayidx882.case.1, i32 %add103_lcssa86, void %arrayidx882.case.0, i32 %add103_lcssa86, void %comp_k.split" [mmult_baseline.cpp:39]   --->   Operation 342 'phi' 'add103_lcssa85' <Predicate = true> <Delay = 0.00>
ST_14 : Operation 343 [1/1] (0.00ns)   --->   "%add103_lcssa83 = phi i32 %add103_lcssa84, void %arrayidx882.case.15, i32 %add103_lcssa84, void %arrayidx882.case.13, i32 %add103_lcssa84, void %arrayidx882.case.12, i32 %add103_lcssa84, void %arrayidx882.case.11, i32 %add103_lcssa84, void %arrayidx882.case.10, i32 %add103_lcssa84, void %arrayidx882.case.9, i32 %add103_lcssa84, void %arrayidx882.case.8, i32 %add103_lcssa84, void %arrayidx882.case.7, i32 %add103_lcssa84, void %arrayidx882.case.6, i32 %add103_lcssa84, void %arrayidx882.case.5, i32 %add103_lcssa84, void %arrayidx882.case.4, i32 %add103_lcssa84, void %arrayidx882.case.3, i32 %add103_lcssa84, void %arrayidx882.case.2, i32 %add103_lcssa84, void %arrayidx882.case.1, i32 %add103_lcssa84, void %arrayidx882.case.0, i32 %acc_1_loc_load, void %comp_k.split" [mmult_baseline.cpp:39]   --->   Operation 343 'phi' 'add103_lcssa83' <Predicate = true> <Delay = 0.00>
ST_14 : Operation 344 [1/1] (0.00ns)   --->   "%add103_lcssa81 = phi i32 %add103_lcssa82, void %arrayidx882.case.15, i32 %acc_1_loc_load, void %arrayidx882.case.13, i32 %add103_lcssa82, void %arrayidx882.case.12, i32 %add103_lcssa82, void %arrayidx882.case.11, i32 %add103_lcssa82, void %arrayidx882.case.10, i32 %add103_lcssa82, void %arrayidx882.case.9, i32 %add103_lcssa82, void %arrayidx882.case.8, i32 %add103_lcssa82, void %arrayidx882.case.7, i32 %add103_lcssa82, void %arrayidx882.case.6, i32 %add103_lcssa82, void %arrayidx882.case.5, i32 %add103_lcssa82, void %arrayidx882.case.4, i32 %add103_lcssa82, void %arrayidx882.case.3, i32 %add103_lcssa82, void %arrayidx882.case.2, i32 %add103_lcssa82, void %arrayidx882.case.1, i32 %add103_lcssa82, void %arrayidx882.case.0, i32 %add103_lcssa82, void %comp_k.split" [mmult_baseline.cpp:39]   --->   Operation 344 'phi' 'add103_lcssa81' <Predicate = true> <Delay = 0.00>
ST_14 : Operation 345 [1/1] (0.00ns)   --->   "%add103_lcssa79 = phi i32 %add103_lcssa80, void %arrayidx882.case.15, i32 %add103_lcssa80, void %arrayidx882.case.13, i32 %acc_1_loc_load, void %arrayidx882.case.12, i32 %add103_lcssa80, void %arrayidx882.case.11, i32 %add103_lcssa80, void %arrayidx882.case.10, i32 %add103_lcssa80, void %arrayidx882.case.9, i32 %add103_lcssa80, void %arrayidx882.case.8, i32 %add103_lcssa80, void %arrayidx882.case.7, i32 %add103_lcssa80, void %arrayidx882.case.6, i32 %add103_lcssa80, void %arrayidx882.case.5, i32 %add103_lcssa80, void %arrayidx882.case.4, i32 %add103_lcssa80, void %arrayidx882.case.3, i32 %add103_lcssa80, void %arrayidx882.case.2, i32 %add103_lcssa80, void %arrayidx882.case.1, i32 %add103_lcssa80, void %arrayidx882.case.0, i32 %add103_lcssa80, void %comp_k.split" [mmult_baseline.cpp:39]   --->   Operation 345 'phi' 'add103_lcssa79' <Predicate = true> <Delay = 0.00>
ST_14 : Operation 346 [1/1] (0.00ns)   --->   "%add103_lcssa77 = phi i32 %add103_lcssa78, void %arrayidx882.case.15, i32 %add103_lcssa78, void %arrayidx882.case.13, i32 %add103_lcssa78, void %arrayidx882.case.12, i32 %acc_1_loc_load, void %arrayidx882.case.11, i32 %add103_lcssa78, void %arrayidx882.case.10, i32 %add103_lcssa78, void %arrayidx882.case.9, i32 %add103_lcssa78, void %arrayidx882.case.8, i32 %add103_lcssa78, void %arrayidx882.case.7, i32 %add103_lcssa78, void %arrayidx882.case.6, i32 %add103_lcssa78, void %arrayidx882.case.5, i32 %add103_lcssa78, void %arrayidx882.case.4, i32 %add103_lcssa78, void %arrayidx882.case.3, i32 %add103_lcssa78, void %arrayidx882.case.2, i32 %add103_lcssa78, void %arrayidx882.case.1, i32 %add103_lcssa78, void %arrayidx882.case.0, i32 %add103_lcssa78, void %comp_k.split" [mmult_baseline.cpp:39]   --->   Operation 346 'phi' 'add103_lcssa77' <Predicate = true> <Delay = 0.00>
ST_14 : Operation 347 [1/1] (0.00ns)   --->   "%add103_lcssa75 = phi i32 %add103_lcssa76, void %arrayidx882.case.15, i32 %add103_lcssa76, void %arrayidx882.case.13, i32 %add103_lcssa76, void %arrayidx882.case.12, i32 %add103_lcssa76, void %arrayidx882.case.11, i32 %acc_1_loc_load, void %arrayidx882.case.10, i32 %add103_lcssa76, void %arrayidx882.case.9, i32 %add103_lcssa76, void %arrayidx882.case.8, i32 %add103_lcssa76, void %arrayidx882.case.7, i32 %add103_lcssa76, void %arrayidx882.case.6, i32 %add103_lcssa76, void %arrayidx882.case.5, i32 %add103_lcssa76, void %arrayidx882.case.4, i32 %add103_lcssa76, void %arrayidx882.case.3, i32 %add103_lcssa76, void %arrayidx882.case.2, i32 %add103_lcssa76, void %arrayidx882.case.1, i32 %add103_lcssa76, void %arrayidx882.case.0, i32 %add103_lcssa76, void %comp_k.split" [mmult_baseline.cpp:39]   --->   Operation 347 'phi' 'add103_lcssa75' <Predicate = true> <Delay = 0.00>
ST_14 : Operation 348 [1/1] (0.00ns)   --->   "%add103_lcssa73 = phi i32 %add103_lcssa74, void %arrayidx882.case.15, i32 %add103_lcssa74, void %arrayidx882.case.13, i32 %add103_lcssa74, void %arrayidx882.case.12, i32 %add103_lcssa74, void %arrayidx882.case.11, i32 %add103_lcssa74, void %arrayidx882.case.10, i32 %acc_1_loc_load, void %arrayidx882.case.9, i32 %add103_lcssa74, void %arrayidx882.case.8, i32 %add103_lcssa74, void %arrayidx882.case.7, i32 %add103_lcssa74, void %arrayidx882.case.6, i32 %add103_lcssa74, void %arrayidx882.case.5, i32 %add103_lcssa74, void %arrayidx882.case.4, i32 %add103_lcssa74, void %arrayidx882.case.3, i32 %add103_lcssa74, void %arrayidx882.case.2, i32 %add103_lcssa74, void %arrayidx882.case.1, i32 %add103_lcssa74, void %arrayidx882.case.0, i32 %add103_lcssa74, void %comp_k.split" [mmult_baseline.cpp:39]   --->   Operation 348 'phi' 'add103_lcssa73' <Predicate = true> <Delay = 0.00>
ST_14 : Operation 349 [1/1] (0.00ns)   --->   "%add103_lcssa71 = phi i32 %add103_lcssa72, void %arrayidx882.case.15, i32 %add103_lcssa72, void %arrayidx882.case.13, i32 %add103_lcssa72, void %arrayidx882.case.12, i32 %add103_lcssa72, void %arrayidx882.case.11, i32 %add103_lcssa72, void %arrayidx882.case.10, i32 %add103_lcssa72, void %arrayidx882.case.9, i32 %acc_1_loc_load, void %arrayidx882.case.8, i32 %add103_lcssa72, void %arrayidx882.case.7, i32 %add103_lcssa72, void %arrayidx882.case.6, i32 %add103_lcssa72, void %arrayidx882.case.5, i32 %add103_lcssa72, void %arrayidx882.case.4, i32 %add103_lcssa72, void %arrayidx882.case.3, i32 %add103_lcssa72, void %arrayidx882.case.2, i32 %add103_lcssa72, void %arrayidx882.case.1, i32 %add103_lcssa72, void %arrayidx882.case.0, i32 %add103_lcssa72, void %comp_k.split" [mmult_baseline.cpp:39]   --->   Operation 349 'phi' 'add103_lcssa71' <Predicate = true> <Delay = 0.00>
ST_14 : Operation 350 [1/1] (0.00ns)   --->   "%add103_lcssa69 = phi i32 %add103_lcssa70, void %arrayidx882.case.15, i32 %add103_lcssa70, void %arrayidx882.case.13, i32 %add103_lcssa70, void %arrayidx882.case.12, i32 %add103_lcssa70, void %arrayidx882.case.11, i32 %add103_lcssa70, void %arrayidx882.case.10, i32 %add103_lcssa70, void %arrayidx882.case.9, i32 %add103_lcssa70, void %arrayidx882.case.8, i32 %acc_1_loc_load, void %arrayidx882.case.7, i32 %add103_lcssa70, void %arrayidx882.case.6, i32 %add103_lcssa70, void %arrayidx882.case.5, i32 %add103_lcssa70, void %arrayidx882.case.4, i32 %add103_lcssa70, void %arrayidx882.case.3, i32 %add103_lcssa70, void %arrayidx882.case.2, i32 %add103_lcssa70, void %arrayidx882.case.1, i32 %add103_lcssa70, void %arrayidx882.case.0, i32 %add103_lcssa70, void %comp_k.split" [mmult_baseline.cpp:39]   --->   Operation 350 'phi' 'add103_lcssa69' <Predicate = true> <Delay = 0.00>
ST_14 : Operation 351 [1/1] (0.00ns)   --->   "%add103_lcssa67 = phi i32 %add103_lcssa68, void %arrayidx882.case.15, i32 %add103_lcssa68, void %arrayidx882.case.13, i32 %add103_lcssa68, void %arrayidx882.case.12, i32 %add103_lcssa68, void %arrayidx882.case.11, i32 %add103_lcssa68, void %arrayidx882.case.10, i32 %add103_lcssa68, void %arrayidx882.case.9, i32 %add103_lcssa68, void %arrayidx882.case.8, i32 %add103_lcssa68, void %arrayidx882.case.7, i32 %acc_1_loc_load, void %arrayidx882.case.6, i32 %add103_lcssa68, void %arrayidx882.case.5, i32 %add103_lcssa68, void %arrayidx882.case.4, i32 %add103_lcssa68, void %arrayidx882.case.3, i32 %add103_lcssa68, void %arrayidx882.case.2, i32 %add103_lcssa68, void %arrayidx882.case.1, i32 %add103_lcssa68, void %arrayidx882.case.0, i32 %add103_lcssa68, void %comp_k.split" [mmult_baseline.cpp:39]   --->   Operation 351 'phi' 'add103_lcssa67' <Predicate = true> <Delay = 0.00>
ST_14 : Operation 352 [1/1] (0.00ns)   --->   "%add103_lcssa65 = phi i32 %add103_lcssa66, void %arrayidx882.case.15, i32 %add103_lcssa66, void %arrayidx882.case.13, i32 %add103_lcssa66, void %arrayidx882.case.12, i32 %add103_lcssa66, void %arrayidx882.case.11, i32 %add103_lcssa66, void %arrayidx882.case.10, i32 %add103_lcssa66, void %arrayidx882.case.9, i32 %add103_lcssa66, void %arrayidx882.case.8, i32 %add103_lcssa66, void %arrayidx882.case.7, i32 %add103_lcssa66, void %arrayidx882.case.6, i32 %acc_1_loc_load, void %arrayidx882.case.5, i32 %add103_lcssa66, void %arrayidx882.case.4, i32 %add103_lcssa66, void %arrayidx882.case.3, i32 %add103_lcssa66, void %arrayidx882.case.2, i32 %add103_lcssa66, void %arrayidx882.case.1, i32 %add103_lcssa66, void %arrayidx882.case.0, i32 %add103_lcssa66, void %comp_k.split" [mmult_baseline.cpp:39]   --->   Operation 352 'phi' 'add103_lcssa65' <Predicate = true> <Delay = 0.00>
ST_14 : Operation 353 [1/1] (0.00ns)   --->   "%add103_lcssa63 = phi i32 %add103_lcssa64, void %arrayidx882.case.15, i32 %add103_lcssa64, void %arrayidx882.case.13, i32 %add103_lcssa64, void %arrayidx882.case.12, i32 %add103_lcssa64, void %arrayidx882.case.11, i32 %add103_lcssa64, void %arrayidx882.case.10, i32 %add103_lcssa64, void %arrayidx882.case.9, i32 %add103_lcssa64, void %arrayidx882.case.8, i32 %add103_lcssa64, void %arrayidx882.case.7, i32 %add103_lcssa64, void %arrayidx882.case.6, i32 %add103_lcssa64, void %arrayidx882.case.5, i32 %acc_1_loc_load, void %arrayidx882.case.4, i32 %add103_lcssa64, void %arrayidx882.case.3, i32 %add103_lcssa64, void %arrayidx882.case.2, i32 %add103_lcssa64, void %arrayidx882.case.1, i32 %add103_lcssa64, void %arrayidx882.case.0, i32 %add103_lcssa64, void %comp_k.split" [mmult_baseline.cpp:39]   --->   Operation 353 'phi' 'add103_lcssa63' <Predicate = true> <Delay = 0.00>
ST_14 : Operation 354 [1/1] (0.00ns)   --->   "%add103_lcssa61 = phi i32 %add103_lcssa62, void %arrayidx882.case.15, i32 %add103_lcssa62, void %arrayidx882.case.13, i32 %add103_lcssa62, void %arrayidx882.case.12, i32 %add103_lcssa62, void %arrayidx882.case.11, i32 %add103_lcssa62, void %arrayidx882.case.10, i32 %add103_lcssa62, void %arrayidx882.case.9, i32 %add103_lcssa62, void %arrayidx882.case.8, i32 %add103_lcssa62, void %arrayidx882.case.7, i32 %add103_lcssa62, void %arrayidx882.case.6, i32 %add103_lcssa62, void %arrayidx882.case.5, i32 %add103_lcssa62, void %arrayidx882.case.4, i32 %acc_1_loc_load, void %arrayidx882.case.3, i32 %add103_lcssa62, void %arrayidx882.case.2, i32 %add103_lcssa62, void %arrayidx882.case.1, i32 %add103_lcssa62, void %arrayidx882.case.0, i32 %add103_lcssa62, void %comp_k.split" [mmult_baseline.cpp:39]   --->   Operation 354 'phi' 'add103_lcssa61' <Predicate = true> <Delay = 0.00>
ST_14 : Operation 355 [1/1] (0.00ns)   --->   "%add103_lcssa59 = phi i32 %add103_lcssa60, void %arrayidx882.case.15, i32 %add103_lcssa60, void %arrayidx882.case.13, i32 %add103_lcssa60, void %arrayidx882.case.12, i32 %add103_lcssa60, void %arrayidx882.case.11, i32 %add103_lcssa60, void %arrayidx882.case.10, i32 %add103_lcssa60, void %arrayidx882.case.9, i32 %add103_lcssa60, void %arrayidx882.case.8, i32 %add103_lcssa60, void %arrayidx882.case.7, i32 %add103_lcssa60, void %arrayidx882.case.6, i32 %add103_lcssa60, void %arrayidx882.case.5, i32 %add103_lcssa60, void %arrayidx882.case.4, i32 %add103_lcssa60, void %arrayidx882.case.3, i32 %acc_1_loc_load, void %arrayidx882.case.2, i32 %add103_lcssa60, void %arrayidx882.case.1, i32 %add103_lcssa60, void %arrayidx882.case.0, i32 %add103_lcssa60, void %comp_k.split" [mmult_baseline.cpp:39]   --->   Operation 355 'phi' 'add103_lcssa59' <Predicate = true> <Delay = 0.00>
ST_14 : Operation 356 [1/1] (0.00ns)   --->   "%add103_lcssa57 = phi i32 %add103_lcssa58, void %arrayidx882.case.15, i32 %add103_lcssa58, void %arrayidx882.case.13, i32 %add103_lcssa58, void %arrayidx882.case.12, i32 %add103_lcssa58, void %arrayidx882.case.11, i32 %add103_lcssa58, void %arrayidx882.case.10, i32 %add103_lcssa58, void %arrayidx882.case.9, i32 %add103_lcssa58, void %arrayidx882.case.8, i32 %add103_lcssa58, void %arrayidx882.case.7, i32 %add103_lcssa58, void %arrayidx882.case.6, i32 %add103_lcssa58, void %arrayidx882.case.5, i32 %add103_lcssa58, void %arrayidx882.case.4, i32 %add103_lcssa58, void %arrayidx882.case.3, i32 %add103_lcssa58, void %arrayidx882.case.2, i32 %acc_1_loc_load, void %arrayidx882.case.1, i32 %add103_lcssa58, void %arrayidx882.case.0, i32 %add103_lcssa58, void %comp_k.split" [mmult_baseline.cpp:39]   --->   Operation 356 'phi' 'add103_lcssa57' <Predicate = true> <Delay = 0.00>
ST_14 : Operation 357 [1/1] (0.00ns)   --->   "%add103_lcssa55 = phi i32 %add103_lcssa56, void %arrayidx882.case.15, i32 %add103_lcssa56, void %arrayidx882.case.13, i32 %add103_lcssa56, void %arrayidx882.case.12, i32 %add103_lcssa56, void %arrayidx882.case.11, i32 %add103_lcssa56, void %arrayidx882.case.10, i32 %add103_lcssa56, void %arrayidx882.case.9, i32 %add103_lcssa56, void %arrayidx882.case.8, i32 %add103_lcssa56, void %arrayidx882.case.7, i32 %add103_lcssa56, void %arrayidx882.case.6, i32 %add103_lcssa56, void %arrayidx882.case.5, i32 %add103_lcssa56, void %arrayidx882.case.4, i32 %add103_lcssa56, void %arrayidx882.case.3, i32 %add103_lcssa56, void %arrayidx882.case.2, i32 %add103_lcssa56, void %arrayidx882.case.1, i32 %acc_1_loc_load, void %arrayidx882.case.0, i32 %add103_lcssa56, void %comp_k.split" [mmult_baseline.cpp:39]   --->   Operation 357 'phi' 'add103_lcssa55' <Predicate = true> <Delay = 0.00>
ST_14 : Operation 358 [1/1] (0.00ns)   --->   "%br_ln33 = br void %comp_k" [mmult_baseline.cpp:33]   --->   Operation 358 'br' 'br_ln33' <Predicate = true> <Delay = 0.00>

State 15 <SV = 9> <Delay = 0.00>
ST_15 : Operation 359 [1/2] (0.00ns)   --->   "%call_ln19 = call void @mmult_hw_Pipeline_store_i_store_j, i32 %gmem, i32 %dim_read, i39 %tmp_3, i7 %shl_ln, i64 %out_r_read, i32 %tC, i32 %tC_1, i32 %tC_2, i32 %tC_3, i32 %tC_4, i32 %tC_5, i32 %tC_6, i32 %tC_7, i32 %tC_8, i32 %tC_9, i32 %tC_10, i32 %tC_11, i32 %tC_12, i32 %tC_13, i32 %tC_14, i32 %tC_15" [mmult_baseline.cpp:19]   --->   Operation 359 'call' 'call_ln19' <Predicate = true> <Delay = 0.00> <CoreType = "Generic">   --->   Core 0 '' <Latency = 0> <II = 1> <Delay = 1.00> <Generic> <Opcode : >
ST_15 : Operation 360 [1/1] (0.00ns)   --->   "%br_ln25 = br void %load_a" [mmult_baseline.cpp:25]   --->   Operation 360 'br' 'br_ln25' <Predicate = true> <Delay = 0.00>


============================================================
+ Verbose Summary: Binding
============================================================
STG Binding: 
---------------- STG Properties BEGIN ----------------
- Is combinational: 0
- Is one-state seq: 0
- Is datapath-only: 0
- Is pipelined: 0
- Is top level: 1
Port [ Return ] is wired: 1; IO mode=ap_ctrl_hs:ce=0
Port [ gmem]:  wired=1; compound=1; hidden=0; nouse=0; global=0; static=0; extern=0; dir=2; type=4; pingpong=0; private_global=0; IO mode=m_axi:ce=0
Port [ in1]:  wired=1; compound=0; hidden=0; nouse=0; global=0; static=0; extern=0; dir=0; type=0; pingpong=0; private_global=0; IO mode=ap_none:ce=0
Port [ in2]:  wired=1; compound=0; hidden=0; nouse=0; global=0; static=0; extern=0; dir=0; type=0; pingpong=0; private_global=0; IO mode=ap_none:ce=0
Port [ out_r]:  wired=1; compound=0; hidden=0; nouse=0; global=0; static=0; extern=0; dir=0; type=0; pingpong=0; private_global=0; IO mode=ap_none:ce=0
Port [ dim]:  wired=1; compound=0; hidden=0; nouse=0; global=0; static=0; extern=0; dir=0; type=0; pingpong=0; private_global=0; IO mode=ap_none:ce=0
---------------- STG Properties END ------------------

---------------- Datapath Model BEGIN ----------------

<LifeTime>
<method=bitvector/>
ti                     (alloca           ) [ 0111111111111111]
dim_read               (read             ) [ 0011111111111111]
out_r_read             (read             ) [ 0011111111111111]
in2_read               (read             ) [ 0011111111111111]
in1_read               (read             ) [ 0011111111111111]
acc_1_loc              (alloca           ) [ 0011111111111111]
spectopmodule_ln7      (spectopmodule    ) [ 0000000000000000]
specinterface_ln0      (specinterface    ) [ 0000000000000000]
specbitsmap_ln0        (specbitsmap      ) [ 0000000000000000]
specinterface_ln0      (specinterface    ) [ 0000000000000000]
specinterface_ln0      (specinterface    ) [ 0000000000000000]
specinterface_ln0      (specinterface    ) [ 0000000000000000]
specinterface_ln0      (specinterface    ) [ 0000000000000000]
specinterface_ln0      (specinterface    ) [ 0000000000000000]
specinterface_ln0      (specinterface    ) [ 0000000000000000]
specbitsmap_ln0        (specbitsmap      ) [ 0000000000000000]
specinterface_ln0      (specinterface    ) [ 0000000000000000]
specinterface_ln0      (specinterface    ) [ 0000000000000000]
specinterface_ln0      (specinterface    ) [ 0000000000000000]
tA                     (alloca           ) [ 0011111111111111]
tA_1                   (alloca           ) [ 0011111111111111]
tA_2                   (alloca           ) [ 0011111111111111]
tA_3                   (alloca           ) [ 0011111111111111]
tA_4                   (alloca           ) [ 0011111111111111]
tA_5                   (alloca           ) [ 0011111111111111]
tA_6                   (alloca           ) [ 0011111111111111]
tA_7                   (alloca           ) [ 0011111111111111]
tA_8                   (alloca           ) [ 0011111111111111]
tA_9                   (alloca           ) [ 0011111111111111]
tA_10                  (alloca           ) [ 0011111111111111]
tA_11                  (alloca           ) [ 0011111111111111]
tA_12                  (alloca           ) [ 0011111111111111]
tA_13                  (alloca           ) [ 0011111111111111]
tA_14                  (alloca           ) [ 0011111111111111]
tA_15                  (alloca           ) [ 0011111111111111]
tB                     (alloca           ) [ 0011111111111111]
tB_1                   (alloca           ) [ 0011111111111111]
tB_2                   (alloca           ) [ 0011111111111111]
tB_3                   (alloca           ) [ 0011111111111111]
tB_4                   (alloca           ) [ 0011111111111111]
tB_5                   (alloca           ) [ 0011111111111111]
tB_6                   (alloca           ) [ 0011111111111111]
tB_7                   (alloca           ) [ 0011111111111111]
tB_8                   (alloca           ) [ 0011111111111111]
tB_9                   (alloca           ) [ 0011111111111111]
tB_10                  (alloca           ) [ 0011111111111111]
tB_11                  (alloca           ) [ 0011111111111111]
tB_12                  (alloca           ) [ 0011111111111111]
tB_13                  (alloca           ) [ 0011111111111111]
tB_14                  (alloca           ) [ 0011111111111111]
tB_15                  (alloca           ) [ 0011111111111111]
tC                     (alloca           ) [ 0011111111111111]
tC_1                   (alloca           ) [ 0011111111111111]
tC_2                   (alloca           ) [ 0011111111111111]
tC_3                   (alloca           ) [ 0011111111111111]
tC_4                   (alloca           ) [ 0011111111111111]
tC_5                   (alloca           ) [ 0011111111111111]
tC_6                   (alloca           ) [ 0011111111111111]
tC_7                   (alloca           ) [ 0011111111111111]
tC_8                   (alloca           ) [ 0011111111111111]
tC_9                   (alloca           ) [ 0011111111111111]
tC_10                  (alloca           ) [ 0011111111111111]
tC_11                  (alloca           ) [ 0011111111111111]
tC_12                  (alloca           ) [ 0011111111111111]
tC_13                  (alloca           ) [ 0011111111111111]
tC_14                  (alloca           ) [ 0011111111111111]
tC_15                  (alloca           ) [ 0011111111111111]
sext_ln19              (sext             ) [ 0011111111111111]
store_ln19             (store            ) [ 0000000000000000]
br_ln19                (br               ) [ 0000000000000000]
ti_1                   (load             ) [ 0000000000000000]
icmp_ln19              (icmp             ) [ 0011111111111111]
add_ln19               (add              ) [ 0001111111111111]
br_ln19                (br               ) [ 0000000000000000]
speclooptripcount_ln19 (speclooptripcount) [ 0000000000000000]
specloopname_ln19      (specloopname     ) [ 0000000000000000]
empty                  (trunc            ) [ 0000000000000000]
ti_cast_cast           (zext             ) [ 0000000000000000]
empty_32               (mul              ) [ 0000000000000000]
tmp_3                  (bitconcatenate   ) [ 0001111111111111]
br_ln20                (br               ) [ 0011111111111111]
ret_ln48               (ret              ) [ 0000000000000000]
tj                     (phi              ) [ 0001000000000000]
icmp_ln20              (icmp             ) [ 0011111111111111]
add_ln20               (add              ) [ 0011111111111111]
br_ln20                (br               ) [ 0000000000000000]
trunc_ln21             (trunc            ) [ 0000100000000000]
store_ln19             (store            ) [ 0000000000000000]
br_ln19                (br               ) [ 0000000000000000]
speclooptripcount_ln20 (speclooptripcount) [ 0000000000000000]
specloopname_ln20      (specloopname     ) [ 0000000000000000]
call_ln0               (call             ) [ 0000000000000000]
shl_ln                 (bitconcatenate   ) [ 0000011111111111]
br_ln25                (br               ) [ 0011111111111111]
tk                     (phi              ) [ 0000010000000000]
icmp_ln25              (icmp             ) [ 0011111111111111]
add_ln25               (add              ) [ 0011111111111111]
br_ln25                (br               ) [ 0000000000000000]
empty_33               (trunc            ) [ 0000000000000000]
tmp_6                  (bitconcatenate   ) [ 0000001000000000]
tk_cast4_cast          (zext             ) [ 0000000000000000]
empty_34               (mul              ) [ 0000001100000000]
br_ln20                (br               ) [ 0011111111111111]
call_ln19              (call             ) [ 0000000000000000]
tmp_7                  (bitconcatenate   ) [ 0000000010000000]
speclooptripcount_ln25 (speclooptripcount) [ 0000000000000000]
specloopname_ln25      (specloopname     ) [ 0000000000000000]
call_ln21              (call             ) [ 0000000000000000]
br_ln32                (br               ) [ 0011111111111111]
i                      (phi              ) [ 0000000001000000]
icmp_ln32              (icmp             ) [ 0011111111111111]
add_ln32               (add              ) [ 0011111111111111]
br_ln32                (br               ) [ 0000000000000000]
zext_ln32              (zext             ) [ 0000000000000000]
tC_addr                (getelementptr    ) [ 0000000000111110]
tC_1_addr              (getelementptr    ) [ 0000000000111110]
tC_2_addr              (getelementptr    ) [ 0000000000111110]
tC_3_addr              (getelementptr    ) [ 0000000000111110]
tC_4_addr              (getelementptr    ) [ 0000000000111110]
tC_5_addr              (getelementptr    ) [ 0000000000111110]
tC_6_addr              (getelementptr    ) [ 0000000000111110]
tC_7_addr              (getelementptr    ) [ 0000000000111110]
tC_8_addr              (getelementptr    ) [ 0000000000111110]
tC_9_addr              (getelementptr    ) [ 0000000000111110]
tC_10_addr             (getelementptr    ) [ 0000000000111110]
tC_11_addr             (getelementptr    ) [ 0000000000111110]
tC_12_addr             (getelementptr    ) [ 0000000000111110]
tC_13_addr             (getelementptr    ) [ 0000000000111110]
tC_14_addr             (getelementptr    ) [ 0000000000111110]
tC_15_addr             (getelementptr    ) [ 0000000000111110]
tA_addr                (getelementptr    ) [ 0000000000100000]
tA_1_addr              (getelementptr    ) [ 0000000000100000]
tA_2_addr              (getelementptr    ) [ 0000000000100000]
tA_3_addr              (getelementptr    ) [ 0000000000100000]
tA_4_addr              (getelementptr    ) [ 0000000000100000]
tA_5_addr              (getelementptr    ) [ 0000000000100000]
tA_6_addr              (getelementptr    ) [ 0000000000100000]
tA_7_addr              (getelementptr    ) [ 0000000000100000]
tA_8_addr              (getelementptr    ) [ 0000000000100000]
tA_9_addr              (getelementptr    ) [ 0000000000100000]
tA_10_addr             (getelementptr    ) [ 0000000000100000]
tA_11_addr             (getelementptr    ) [ 0000000000100000]
tA_12_addr             (getelementptr    ) [ 0000000000100000]
tA_13_addr             (getelementptr    ) [ 0000000000100000]
tA_14_addr             (getelementptr    ) [ 0000000000100000]
tA_15_addr             (getelementptr    ) [ 0000000000100000]
speclooptripcount_ln32 (speclooptripcount) [ 0000000000000000]
specloopname_ln32      (specloopname     ) [ 0000000000000000]
tA_load                (load             ) [ 0000000000011110]
tA_1_load              (load             ) [ 0000000000011110]
tA_2_load              (load             ) [ 0000000000011110]
tA_3_load              (load             ) [ 0000000000011110]
tA_4_load              (load             ) [ 0000000000011110]
tA_5_load              (load             ) [ 0000000000011110]
tA_6_load              (load             ) [ 0000000000011110]
tA_7_load              (load             ) [ 0000000000011110]
tA_8_load              (load             ) [ 0000000000011110]
tA_9_load              (load             ) [ 0000000000011110]
tA_10_load             (load             ) [ 0000000000011110]
tA_11_load             (load             ) [ 0000000000011110]
tA_12_load             (load             ) [ 0000000000011110]
tA_13_load             (load             ) [ 0000000000011110]
tA_14_load             (load             ) [ 0000000000011110]
tA_15_load             (load             ) [ 0000000000011110]
tC_load                (load             ) [ 0011111111111111]
tC_1_load              (load             ) [ 0011111111111111]
tC_2_load              (load             ) [ 0011111111111111]
tC_3_load              (load             ) [ 0011111111111111]
tC_4_load              (load             ) [ 0011111111111111]
tC_5_load              (load             ) [ 0011111111111111]
tC_6_load              (load             ) [ 0011111111111111]
tC_7_load              (load             ) [ 0011111111111111]
tC_8_load              (load             ) [ 0011111111111111]
tC_9_load              (load             ) [ 0011111111111111]
tC_10_load             (load             ) [ 0011111111111111]
tC_11_load             (load             ) [ 0011111111111111]
tC_12_load             (load             ) [ 0011111111111111]
tC_13_load             (load             ) [ 0011111111111111]
tC_14_load             (load             ) [ 0011111111111111]
tC_15_load             (load             ) [ 0011111111111111]
br_ln33                (br               ) [ 0011111111111111]
add103_lcssa86         (phi              ) [ 0000000000011110]
add103_lcssa84         (phi              ) [ 0000000000011110]
add103_lcssa82         (phi              ) [ 0000000000011110]
add103_lcssa80         (phi              ) [ 0000000000011110]
add103_lcssa78         (phi              ) [ 0000000000011110]
add103_lcssa76         (phi              ) [ 0000000000011110]
add103_lcssa74         (phi              ) [ 0000000000011110]
add103_lcssa72         (phi              ) [ 0000000000011110]
add103_lcssa70         (phi              ) [ 0000000000011110]
add103_lcssa68         (phi              ) [ 0000000000011110]
add103_lcssa66         (phi              ) [ 0000000000011110]
add103_lcssa64         (phi              ) [ 0000000000011110]
add103_lcssa62         (phi              ) [ 0000000000011110]
add103_lcssa60         (phi              ) [ 0000000000011110]
add103_lcssa58         (phi              ) [ 0000000000011110]
add103_lcssa56         (phi              ) [ 0000000000011110]
j                      (phi              ) [ 0000000000010000]
icmp_ln33              (icmp             ) [ 0011111111111111]
add_ln33               (add              ) [ 0011111111111111]
br_ln33                (br               ) [ 0000000000000000]
zext_ln33              (zext             ) [ 0000000000000000]
trunc_ln33             (trunc            ) [ 0000000000001110]
tB_addr                (getelementptr    ) [ 0000000000001000]
tB_1_addr              (getelementptr    ) [ 0000000000001000]
tB_2_addr              (getelementptr    ) [ 0000000000001000]
tB_3_addr              (getelementptr    ) [ 0000000000001000]
tB_4_addr              (getelementptr    ) [ 0000000000001000]
tB_5_addr              (getelementptr    ) [ 0000000000001000]
tB_6_addr              (getelementptr    ) [ 0000000000001000]
tB_7_addr              (getelementptr    ) [ 0000000000001000]
tB_8_addr              (getelementptr    ) [ 0000000000001000]
tB_9_addr              (getelementptr    ) [ 0000000000001000]
tB_10_addr             (getelementptr    ) [ 0000000000001000]
tB_11_addr             (getelementptr    ) [ 0000000000001000]
tB_12_addr             (getelementptr    ) [ 0000000000001000]
tB_13_addr             (getelementptr    ) [ 0000000000001000]
tB_14_addr             (getelementptr    ) [ 0000000000001000]
tB_15_addr             (getelementptr    ) [ 0000000000001000]
store_ln39             (store            ) [ 0000000000000000]
store_ln39             (store            ) [ 0000000000000000]
store_ln39             (store            ) [ 0000000000000000]
store_ln39             (store            ) [ 0000000000000000]
store_ln39             (store            ) [ 0000000000000000]
store_ln39             (store            ) [ 0000000000000000]
store_ln39             (store            ) [ 0000000000000000]
store_ln39             (store            ) [ 0000000000000000]
store_ln39             (store            ) [ 0000000000000000]
store_ln39             (store            ) [ 0000000000000000]
store_ln39             (store            ) [ 0000000000000000]
store_ln39             (store            ) [ 0000000000000000]
store_ln39             (store            ) [ 0000000000000000]
store_ln39             (store            ) [ 0000000000000000]
store_ln39             (store            ) [ 0000000000000000]
store_ln39             (store            ) [ 0000000000000000]
br_ln32                (br               ) [ 0011111111111111]
acc                    (sparsemux        ) [ 0000000000000100]
tB_load                (load             ) [ 0000000000000100]
tB_1_load              (load             ) [ 0000000000000100]
tB_2_load              (load             ) [ 0000000000000100]
tB_3_load              (load             ) [ 0000000000000100]
tB_4_load              (load             ) [ 0000000000000100]
tB_5_load              (load             ) [ 0000000000000100]
tB_6_load              (load             ) [ 0000000000000100]
tB_7_load              (load             ) [ 0000000000000100]
tB_8_load              (load             ) [ 0000000000000100]
tB_9_load              (load             ) [ 0000000000000100]
tB_10_load             (load             ) [ 0000000000000100]
tB_11_load             (load             ) [ 0000000000000100]
tB_12_load             (load             ) [ 0000000000000100]
tB_13_load             (load             ) [ 0000000000000100]
tB_14_load             (load             ) [ 0000000000000100]
tB_15_load             (load             ) [ 0000000000000100]
call_ln34              (call             ) [ 0000000000000000]
speclooptripcount_ln33 (speclooptripcount) [ 0000000000000000]
specloopname_ln33      (specloopname     ) [ 0000000000000000]
acc_1_loc_load         (load             ) [ 0000000000000000]
switch_ln39            (switch           ) [ 0000000000000000]
br_ln39                (br               ) [ 0000000000000000]
br_ln39                (br               ) [ 0000000000000000]
br_ln39                (br               ) [ 0000000000000000]
br_ln39                (br               ) [ 0000000000000000]
br_ln39                (br               ) [ 0000000000000000]
br_ln39                (br               ) [ 0000000000000000]
br_ln39                (br               ) [ 0000000000000000]
br_ln39                (br               ) [ 0000000000000000]
br_ln39                (br               ) [ 0000000000000000]
br_ln39                (br               ) [ 0000000000000000]
br_ln39                (br               ) [ 0000000000000000]
br_ln39                (br               ) [ 0000000000000000]
br_ln39                (br               ) [ 0000000000000000]
br_ln39                (br               ) [ 0000000000000000]
br_ln39                (br               ) [ 0000000000000000]
add103_lcssa85         (phi              ) [ 0011111111111111]
add103_lcssa83         (phi              ) [ 0011111111111111]
add103_lcssa81         (phi              ) [ 0011111111111111]
add103_lcssa79         (phi              ) [ 0011111111111111]
add103_lcssa77         (phi              ) [ 0011111111111111]
add103_lcssa75         (phi              ) [ 0011111111111111]
add103_lcssa73         (phi              ) [ 0011111111111111]
add103_lcssa71         (phi              ) [ 0011111111111111]
add103_lcssa69         (phi              ) [ 0011111111111111]
add103_lcssa67         (phi              ) [ 0011111111111111]
add103_lcssa65         (phi              ) [ 0011111111111111]
add103_lcssa63         (phi              ) [ 0011111111111111]
add103_lcssa61         (phi              ) [ 0011111111111111]
add103_lcssa59         (phi              ) [ 0011111111111111]
add103_lcssa57         (phi              ) [ 0011111111111111]
add103_lcssa55         (phi              ) [ 0011111111111111]
br_ln33                (br               ) [ 0011111111111111]
call_ln19              (call             ) [ 0000000000000000]
br_ln25                (br               ) [ 0011111111111111]
</LifeTime>

<model>

<comp_list>
<comp id="0" class="1000" name="gmem">
<pin_list>
<pin id="1" dir="1" index="0" bw="1" slack="0"/>
</pin_list>
<bind>
<StgValue><ssdm name="gmem"/></StgValue>
</bind>
</comp>

<comp id="2" class="1000" name="in1">
<pin_list>
<pin id="3" dir="1" index="0" bw="1" slack="0"/>
</pin_list>
<bind>
<StgValue><ssdm name="in1"/></StgValue>
</bind>
</comp>

<comp id="4" class="1000" name="in2">
<pin_list>
<pin id="5" dir="1" index="0" bw="1" slack="0"/>
</pin_list>
<bind>
<StgValue><ssdm name="in2"/></StgValue>
</bind>
</comp>

<comp id="6" class="1000" name="out_r">
<pin_list>
<pin id="7" dir="1" index="0" bw="1" slack="0"/>
</pin_list>
<bind>
<StgValue><ssdm name="out_r"/></StgValue>
</bind>
</comp>

<comp id="8" class="1000" name="dim">
<pin_list>
<pin id="9" dir="1" index="0" bw="1" slack="0"/>
</pin_list>
<bind>
<StgValue><ssdm name="dim"/></StgValue>
</bind>
</comp>

<comp id="10" class="1001" name="const_10">
<pin_list>
<pin id="11" dir="1" index="0" bw="1" slack="0"/>
</pin_list>
<bind>
<StgValue><ssdm name=""/></StgValue>
</bind>
</comp>

<comp id="12" class="1001" name="const_12">
<pin_list>
<pin id="13" dir="1" index="0" bw="1" slack="0"/>
</pin_list>
<bind>
<StgValue><ssdm name="_ssdm_op_Read.s_axilite.i32"/></StgValue>
</bind>
</comp>

<comp id="14" class="1001" name="const_14">
<pin_list>
<pin id="15" dir="1" index="0" bw="1" slack="0"/>
</pin_list>
<bind>
<StgValue><ssdm name="_ssdm_op_Read.s_axilite.i64"/></StgValue>
</bind>
</comp>

<comp id="16" class="1001" name="const_16">
<pin_list>
<pin id="17" dir="1" index="0" bw="1" slack="0"/>
</pin_list>
<bind>
<StgValue><ssdm name=""/></StgValue>
</bind>
</comp>

<comp id="18" class="1001" name="const_18">
<pin_list>
<pin id="19" dir="1" index="0" bw="1" slack="2147483647"/>
</pin_list>
<bind>
<StgValue><ssdm name="_ssdm_op_SpecTopModule"/></StgValue>
</bind>
</comp>

<comp id="20" class="1001" name="const_20">
<pin_list>
<pin id="21" dir="1" index="0" bw="1" slack="2147483647"/>
</pin_list>
<bind>
<StgValue><ssdm name="empty_12"/></StgValue>
</bind>
</comp>

<comp id="22" class="1001" name="const_22">
<pin_list>
<pin id="23" dir="1" index="0" bw="1" slack="2147483647"/>
</pin_list>
<bind>
<StgValue><ssdm name="_ssdm_op_SpecInterface"/></StgValue>
</bind>
</comp>

<comp id="24" class="1001" name="const_24">
<pin_list>
<pin id="25" dir="1" index="0" bw="1" slack="2147483647"/>
</pin_list>
<bind>
<StgValue><ssdm name="empty"/></StgValue>
</bind>
</comp>

<comp id="26" class="1001" name="const_26">
<pin_list>
<pin id="27" dir="1" index="0" bw="1" slack="2147483647"/>
</pin_list>
<bind>
<StgValue><ssdm name=""/></StgValue>
</bind>
</comp>

<comp id="28" class="1001" name="const_28">
<pin_list>
<pin id="29" dir="1" index="0" bw="1" slack="2147483647"/>
</pin_list>
<bind>
<StgValue><ssdm name="empty_0"/></StgValue>
</bind>
</comp>

<comp id="30" class="1001" name="const_30">
<pin_list>
<pin id="31" dir="1" index="0" bw="1" slack="2147483647"/>
</pin_list>
<bind>
<StgValue><ssdm name=""/></StgValue>
</bind>
</comp>

<comp id="32" class="1001" name="const_32">
<pin_list>
<pin id="33" dir="1" index="0" bw="1" slack="2147483647"/>
</pin_list>
<bind>
<StgValue><ssdm name="empty_1"/></StgValue>
</bind>
</comp>

<comp id="34" class="1001" name="const_34">
<pin_list>
<pin id="35" dir="1" index="0" bw="1" slack="2147483647"/>
</pin_list>
<bind>
<StgValue><ssdm name="empty_2"/></StgValue>
</bind>
</comp>

<comp id="36" class="1001" name="const_36">
<pin_list>
<pin id="37" dir="1" index="0" bw="1" slack="2147483647"/>
</pin_list>
<bind>
<StgValue><ssdm name=""/></StgValue>
</bind>
</comp>

<comp id="38" class="1001" name="const_38">
<pin_list>
<pin id="39" dir="1" index="0" bw="1" slack="2147483647"/>
</pin_list>
<bind>
<StgValue><ssdm name=""/></StgValue>
</bind>
</comp>

<comp id="40" class="1001" name="const_40">
<pin_list>
<pin id="41" dir="1" index="0" bw="1" slack="2147483647"/>
</pin_list>
<bind>
<StgValue><ssdm name="_ssdm_op_SpecBitsMap"/></StgValue>
</bind>
</comp>

<comp id="42" class="1001" name="const_42">
<pin_list>
<pin id="43" dir="1" index="0" bw="1" slack="2147483647"/>
</pin_list>
<bind>
<StgValue><ssdm name="empty_3"/></StgValue>
</bind>
</comp>

<comp id="44" class="1001" name="const_44">
<pin_list>
<pin id="45" dir="1" index="0" bw="1" slack="2147483647"/>
</pin_list>
<bind>
<StgValue><ssdm name="empty_4"/></StgValue>
</bind>
</comp>

<comp id="46" class="1001" name="const_46">
<pin_list>
<pin id="47" dir="1" index="0" bw="1" slack="2147483647"/>
</pin_list>
<bind>
<StgValue><ssdm name="empty_5"/></StgValue>
</bind>
</comp>

<comp id="48" class="1001" name="const_48">
<pin_list>
<pin id="49" dir="1" index="0" bw="1" slack="2147483647"/>
</pin_list>
<bind>
<StgValue><ssdm name="empty_6"/></StgValue>
</bind>
</comp>

<comp id="50" class="1001" name="const_50">
<pin_list>
<pin id="51" dir="1" index="0" bw="1" slack="2147483647"/>
</pin_list>
<bind>
<StgValue><ssdm name="empty_7"/></StgValue>
</bind>
</comp>

<comp id="52" class="1001" name="const_52">
<pin_list>
<pin id="53" dir="1" index="0" bw="1" slack="2147483647"/>
</pin_list>
<bind>
<StgValue><ssdm name="empty_8"/></StgValue>
</bind>
</comp>

<comp id="54" class="1001" name="const_54">
<pin_list>
<pin id="55" dir="1" index="0" bw="1" slack="2147483647"/>
</pin_list>
<bind>
<StgValue><ssdm name="empty_9"/></StgValue>
</bind>
</comp>

<comp id="56" class="1001" name="const_56">
<pin_list>
<pin id="57" dir="1" index="0" bw="1" slack="2147483647"/>
</pin_list>
<bind>
<StgValue><ssdm name="empty_10"/></StgValue>
</bind>
</comp>

<comp id="58" class="1001" name="const_58">
<pin_list>
<pin id="59" dir="1" index="0" bw="1" slack="2147483647"/>
</pin_list>
<bind>
<StgValue><ssdm name="empty_11"/></StgValue>
</bind>
</comp>

<comp id="60" class="1001" name="const_60">
<pin_list>
<pin id="61" dir="1" index="0" bw="1" slack="0"/>
</pin_list>
<bind>
<StgValue><ssdm name=""/></StgValue>
</bind>
</comp>

<comp id="62" class="1001" name="const_62">
<pin_list>
<pin id="63" dir="1" index="0" bw="1" slack="0"/>
</pin_list>
<bind>
<StgValue><ssdm name=""/></StgValue>
</bind>
</comp>

<comp id="64" class="1001" name="const_64">
<pin_list>
<pin id="65" dir="1" index="0" bw="1" slack="0"/>
</pin_list>
<bind>
<StgValue><ssdm name=""/></StgValue>
</bind>
</comp>

<comp id="66" class="1001" name="const_66">
<pin_list>
<pin id="67" dir="1" index="0" bw="1" slack="2147483647"/>
</pin_list>
<bind>
<StgValue><ssdm name="_ssdm_op_SpecLoopTripCount"/></StgValue>
</bind>
</comp>

<comp id="68" class="1001" name="const_68">
<pin_list>
<pin id="69" dir="1" index="0" bw="1" slack="2147483647"/>
</pin_list>
<bind>
<StgValue><ssdm name=""/></StgValue>
</bind>
</comp>

<comp id="70" class="1001" name="const_70">
<pin_list>
<pin id="71" dir="1" index="0" bw="1" slack="2147483647"/>
</pin_list>
<bind>
<StgValue><ssdm name="_ssdm_op_SpecLoopName"/></StgValue>
</bind>
</comp>

<comp id="72" class="1001" name="const_72">
<pin_list>
<pin id="73" dir="1" index="0" bw="1" slack="2147483647"/>
</pin_list>
<bind>
<StgValue><ssdm name="empty_18"/></StgValue>
</bind>
</comp>

<comp id="74" class="1001" name="const_74">
<pin_list>
<pin id="75" dir="1" index="0" bw="1" slack="0"/>
</pin_list>
<bind>
<StgValue><ssdm name="_ssdm_op_BitConcatenate.i39.i35.i4"/></StgValue>
</bind>
</comp>

<comp id="76" class="1001" name="const_76">
<pin_list>
<pin id="77" dir="1" index="0" bw="1" slack="0"/>
</pin_list>
<bind>
<StgValue><ssdm name="mmult_hw_Pipeline_init_i_init_j"/></StgValue>
</bind>
</comp>

<comp id="78" class="1001" name="const_78">
<pin_list>
<pin id="79" dir="1" index="0" bw="1" slack="2147483647"/>
</pin_list>
<bind>
<StgValue><ssdm name="empty_17"/></StgValue>
</bind>
</comp>

<comp id="80" class="1001" name="const_80">
<pin_list>
<pin id="81" dir="1" index="0" bw="1" slack="0"/>
</pin_list>
<bind>
<StgValue><ssdm name="_ssdm_op_BitConcatenate.i7.i3.i4"/></StgValue>
</bind>
</comp>

<comp id="82" class="1001" name="const_82">
<pin_list>
<pin id="83" dir="1" index="0" bw="1" slack="0"/>
</pin_list>
<bind>
<StgValue><ssdm name="mmult_hw_Pipeline_load_a_VITIS_LOOP_27_1"/></StgValue>
</bind>
</comp>

<comp id="84" class="1001" name="const_84">
<pin_list>
<pin id="85" dir="1" index="0" bw="1" slack="0"/>
</pin_list>
<bind>
<StgValue><ssdm name="mmult_hw_Pipeline_load_b_VITIS_LOOP_30_2"/></StgValue>
</bind>
</comp>

<comp id="86" class="1001" name="const_86">
<pin_list>
<pin id="87" dir="1" index="0" bw="1" slack="2147483647"/>
</pin_list>
<bind>
<StgValue><ssdm name="empty_16"/></StgValue>
</bind>
</comp>

<comp id="88" class="1001" name="const_88">
<pin_list>
<pin id="89" dir="1" index="0" bw="1" slack="1"/>
</pin_list>
<bind>
<StgValue><ssdm name=""/></StgValue>
</bind>
</comp>

<comp id="90" class="1001" name="const_90">
<pin_list>
<pin id="91" dir="1" index="0" bw="1" slack="0"/>
</pin_list>
<bind>
<StgValue><ssdm name=""/></StgValue>
</bind>
</comp>

<comp id="92" class="1001" name="const_92">
<pin_list>
<pin id="93" dir="1" index="0" bw="1" slack="0"/>
</pin_list>
<bind>
<StgValue><ssdm name=""/></StgValue>
</bind>
</comp>

<comp id="94" class="1001" name="const_94">
<pin_list>
<pin id="95" dir="1" index="0" bw="1" slack="0"/>
</pin_list>
<bind>
<StgValue><ssdm name=""/></StgValue>
</bind>
</comp>

<comp id="96" class="1001" name="const_96">
<pin_list>
<pin id="97" dir="1" index="0" bw="1" slack="0"/>
</pin_list>
<bind>
<StgValue><ssdm name="mmult_hw_Pipeline_store_i_store_j"/></StgValue>
</bind>
</comp>

<comp id="98" class="1001" name="const_98">
<pin_list>
<pin id="99" dir="1" index="0" bw="1" slack="2147483647"/>
</pin_list>
<bind>
<StgValue><ssdm name=""/></StgValue>
</bind>
</comp>

<comp id="100" class="1001" name="const_100">
<pin_list>
<pin id="101" dir="1" index="0" bw="1" slack="2147483647"/>
</pin_list>
<bind>
<StgValue><ssdm name="empty_15"/></StgValue>
</bind>
</comp>

<comp id="102" class="1001" name="const_102">
<pin_list>
<pin id="103" dir="1" index="0" bw="1" slack="0"/>
</pin_list>
<bind>
<StgValue><ssdm name="_ssdm_op_SparseMux.ap_auto.16i32.i32.i4"/></StgValue>
</bind>
</comp>

<comp id="104" class="1001" name="const_104">
<pin_list>
<pin id="105" dir="1" index="0" bw="1" slack="0"/>
</pin_list>
<bind>
<StgValue><ssdm name=""/></StgValue>
</bind>
</comp>

<comp id="106" class="1001" name="const_106">
<pin_list>
<pin id="107" dir="1" index="0" bw="1" slack="0"/>
</pin_list>
<bind>
<StgValue><ssdm name=""/></StgValue>
</bind>
</comp>

<comp id="108" class="1001" name="const_108">
<pin_list>
<pin id="109" dir="1" index="0" bw="1" slack="0"/>
</pin_list>
<bind>
<StgValue><ssdm name=""/></StgValue>
</bind>
</comp>

<comp id="110" class="1001" name="const_110">
<pin_list>
<pin id="111" dir="1" index="0" bw="1" slack="0"/>
</pin_list>
<bind>
<StgValue><ssdm name=""/></StgValue>
</bind>
</comp>

<comp id="112" class="1001" name="const_112">
<pin_list>
<pin id="113" dir="1" index="0" bw="1" slack="0"/>
</pin_list>
<bind>
<StgValue><ssdm name=""/></StgValue>
</bind>
</comp>

<comp id="114" class="1001" name="const_114">
<pin_list>
<pin id="115" dir="1" index="0" bw="1" slack="0"/>
</pin_list>
<bind>
<StgValue><ssdm name=""/></StgValue>
</bind>
</comp>

<comp id="116" class="1001" name="const_116">
<pin_list>
<pin id="117" dir="1" index="0" bw="1" slack="0"/>
</pin_list>
<bind>
<StgValue><ssdm name=""/></StgValue>
</bind>
</comp>

<comp id="118" class="1001" name="const_118">
<pin_list>
<pin id="119" dir="1" index="0" bw="1" slack="0"/>
</pin_list>
<bind>
<StgValue><ssdm name=""/></StgValue>
</bind>
</comp>

<comp id="120" class="1001" name="const_120">
<pin_list>
<pin id="121" dir="1" index="0" bw="1" slack="0"/>
</pin_list>
<bind>
<StgValue><ssdm name=""/></StgValue>
</bind>
</comp>

<comp id="122" class="1001" name="const_122">
<pin_list>
<pin id="123" dir="1" index="0" bw="1" slack="0"/>
</pin_list>
<bind>
<StgValue><ssdm name=""/></StgValue>
</bind>
</comp>

<comp id="124" class="1001" name="const_124">
<pin_list>
<pin id="125" dir="1" index="0" bw="1" slack="0"/>
</pin_list>
<bind>
<StgValue><ssdm name=""/></StgValue>
</bind>
</comp>

<comp id="126" class="1001" name="const_126">
<pin_list>
<pin id="127" dir="1" index="0" bw="1" slack="0"/>
</pin_list>
<bind>
<StgValue><ssdm name=""/></StgValue>
</bind>
</comp>

<comp id="128" class="1001" name="const_128">
<pin_list>
<pin id="129" dir="1" index="0" bw="1" slack="0"/>
</pin_list>
<bind>
<StgValue><ssdm name=""/></StgValue>
</bind>
</comp>

<comp id="130" class="1001" name="const_130">
<pin_list>
<pin id="131" dir="1" index="0" bw="1" slack="0"/>
</pin_list>
<bind>
<StgValue><ssdm name=""/></StgValue>
</bind>
</comp>

<comp id="132" class="1001" name="const_132">
<pin_list>
<pin id="133" dir="1" index="0" bw="1" slack="0"/>
</pin_list>
<bind>
<StgValue><ssdm name="mmult_hw_Pipeline_comp_k"/></StgValue>
</bind>
</comp>

<comp id="134" class="1001" name="const_134">
<pin_list>
<pin id="135" dir="1" index="0" bw="1" slack="2147483647"/>
</pin_list>
<bind>
<StgValue><ssdm name="empty_14"/></StgValue>
</bind>
</comp>

<comp id="136" class="1004" name="ti_fu_136">
<pin_list>
<pin id="137" dir="0" index="0" bw="1" slack="0"/>
<pin id="138" dir="1" index="1" bw="4" slack="0"/>
</pin_list>
<bind>
<opcode="alloca(26) " fcode="alloca"/>
<opset="ti/1 "/>
</bind>
</comp>

<comp id="140" class="1004" name="acc_1_loc_fu_140">
<pin_list>
<pin id="141" dir="0" index="0" bw="1" slack="0"/>
<pin id="142" dir="1" index="1" bw="32" slack="11"/>
</pin_list>
<bind>
<opcode="alloca(26) " fcode="alloca"/>
<opset="acc_1_loc/1 "/>
</bind>
</comp>

<comp id="144" class="1004" name="tA_alloca_fu_144">
<pin_list>
<pin id="145" dir="0" index="0" bw="1" slack="0"/>
<pin id="146" dir="1" index="1" bw="32" slack="2147483647"/>
</pin_list>
<bind>
<opcode="alloca(26) " fcode="alloca"/>
<opset="tA/1 "/>
</bind>
</comp>

<comp id="148" class="1004" name="tA_1_alloca_fu_148">
<pin_list>
<pin id="149" dir="0" index="0" bw="1" slack="0"/>
<pin id="150" dir="1" index="1" bw="32" slack="2147483647"/>
</pin_list>
<bind>
<opcode="alloca(26) " fcode="alloca"/>
<opset="tA_1/1 "/>
</bind>
</comp>

<comp id="152" class="1004" name="tA_2_alloca_fu_152">
<pin_list>
<pin id="153" dir="0" index="0" bw="1" slack="0"/>
<pin id="154" dir="1" index="1" bw="32" slack="2147483647"/>
</pin_list>
<bind>
<opcode="alloca(26) " fcode="alloca"/>
<opset="tA_2/1 "/>
</bind>
</comp>

<comp id="156" class="1004" name="tA_3_alloca_fu_156">
<pin_list>
<pin id="157" dir="0" index="0" bw="1" slack="0"/>
<pin id="158" dir="1" index="1" bw="32" slack="2147483647"/>
</pin_list>
<bind>
<opcode="alloca(26) " fcode="alloca"/>
<opset="tA_3/1 "/>
</bind>
</comp>

<comp id="160" class="1004" name="tA_4_alloca_fu_160">
<pin_list>
<pin id="161" dir="0" index="0" bw="1" slack="0"/>
<pin id="162" dir="1" index="1" bw="32" slack="2147483647"/>
</pin_list>
<bind>
<opcode="alloca(26) " fcode="alloca"/>
<opset="tA_4/1 "/>
</bind>
</comp>

<comp id="164" class="1004" name="tA_5_alloca_fu_164">
<pin_list>
<pin id="165" dir="0" index="0" bw="1" slack="0"/>
<pin id="166" dir="1" index="1" bw="32" slack="2147483647"/>
</pin_list>
<bind>
<opcode="alloca(26) " fcode="alloca"/>
<opset="tA_5/1 "/>
</bind>
</comp>

<comp id="168" class="1004" name="tA_6_alloca_fu_168">
<pin_list>
<pin id="169" dir="0" index="0" bw="1" slack="0"/>
<pin id="170" dir="1" index="1" bw="32" slack="2147483647"/>
</pin_list>
<bind>
<opcode="alloca(26) " fcode="alloca"/>
<opset="tA_6/1 "/>
</bind>
</comp>

<comp id="172" class="1004" name="tA_7_alloca_fu_172">
<pin_list>
<pin id="173" dir="0" index="0" bw="1" slack="0"/>
<pin id="174" dir="1" index="1" bw="32" slack="2147483647"/>
</pin_list>
<bind>
<opcode="alloca(26) " fcode="alloca"/>
<opset="tA_7/1 "/>
</bind>
</comp>

<comp id="176" class="1004" name="tA_8_alloca_fu_176">
<pin_list>
<pin id="177" dir="0" index="0" bw="1" slack="0"/>
<pin id="178" dir="1" index="1" bw="32" slack="2147483647"/>
</pin_list>
<bind>
<opcode="alloca(26) " fcode="alloca"/>
<opset="tA_8/1 "/>
</bind>
</comp>

<comp id="180" class="1004" name="tA_9_alloca_fu_180">
<pin_list>
<pin id="181" dir="0" index="0" bw="1" slack="0"/>
<pin id="182" dir="1" index="1" bw="32" slack="2147483647"/>
</pin_list>
<bind>
<opcode="alloca(26) " fcode="alloca"/>
<opset="tA_9/1 "/>
</bind>
</comp>

<comp id="184" class="1004" name="tA_10_alloca_fu_184">
<pin_list>
<pin id="185" dir="0" index="0" bw="1" slack="0"/>
<pin id="186" dir="1" index="1" bw="32" slack="2147483647"/>
</pin_list>
<bind>
<opcode="alloca(26) " fcode="alloca"/>
<opset="tA_10/1 "/>
</bind>
</comp>

<comp id="188" class="1004" name="tA_11_alloca_fu_188">
<pin_list>
<pin id="189" dir="0" index="0" bw="1" slack="0"/>
<pin id="190" dir="1" index="1" bw="32" slack="2147483647"/>
</pin_list>
<bind>
<opcode="alloca(26) " fcode="alloca"/>
<opset="tA_11/1 "/>
</bind>
</comp>

<comp id="192" class="1004" name="tA_12_alloca_fu_192">
<pin_list>
<pin id="193" dir="0" index="0" bw="1" slack="0"/>
<pin id="194" dir="1" index="1" bw="32" slack="2147483647"/>
</pin_list>
<bind>
<opcode="alloca(26) " fcode="alloca"/>
<opset="tA_12/1 "/>
</bind>
</comp>

<comp id="196" class="1004" name="tA_13_alloca_fu_196">
<pin_list>
<pin id="197" dir="0" index="0" bw="1" slack="0"/>
<pin id="198" dir="1" index="1" bw="32" slack="2147483647"/>
</pin_list>
<bind>
<opcode="alloca(26) " fcode="alloca"/>
<opset="tA_13/1 "/>
</bind>
</comp>

<comp id="200" class="1004" name="tA_14_alloca_fu_200">
<pin_list>
<pin id="201" dir="0" index="0" bw="1" slack="0"/>
<pin id="202" dir="1" index="1" bw="32" slack="2147483647"/>
</pin_list>
<bind>
<opcode="alloca(26) " fcode="alloca"/>
<opset="tA_14/1 "/>
</bind>
</comp>

<comp id="204" class="1004" name="tA_15_alloca_fu_204">
<pin_list>
<pin id="205" dir="0" index="0" bw="1" slack="0"/>
<pin id="206" dir="1" index="1" bw="32" slack="2147483647"/>
</pin_list>
<bind>
<opcode="alloca(26) " fcode="alloca"/>
<opset="tA_15/1 "/>
</bind>
</comp>

<comp id="208" class="1004" name="tB_alloca_fu_208">
<pin_list>
<pin id="209" dir="0" index="0" bw="1" slack="0"/>
<pin id="210" dir="1" index="1" bw="32" slack="2147483647"/>
</pin_list>
<bind>
<opcode="alloca(26) " fcode="alloca"/>
<opset="tB/1 "/>
</bind>
</comp>

<comp id="212" class="1004" name="tB_1_alloca_fu_212">
<pin_list>
<pin id="213" dir="0" index="0" bw="1" slack="0"/>
<pin id="214" dir="1" index="1" bw="32" slack="2147483647"/>
</pin_list>
<bind>
<opcode="alloca(26) " fcode="alloca"/>
<opset="tB_1/1 "/>
</bind>
</comp>

<comp id="216" class="1004" name="tB_2_alloca_fu_216">
<pin_list>
<pin id="217" dir="0" index="0" bw="1" slack="0"/>
<pin id="218" dir="1" index="1" bw="32" slack="2147483647"/>
</pin_list>
<bind>
<opcode="alloca(26) " fcode="alloca"/>
<opset="tB_2/1 "/>
</bind>
</comp>

<comp id="220" class="1004" name="tB_3_alloca_fu_220">
<pin_list>
<pin id="221" dir="0" index="0" bw="1" slack="0"/>
<pin id="222" dir="1" index="1" bw="32" slack="2147483647"/>
</pin_list>
<bind>
<opcode="alloca(26) " fcode="alloca"/>
<opset="tB_3/1 "/>
</bind>
</comp>

<comp id="224" class="1004" name="tB_4_alloca_fu_224">
<pin_list>
<pin id="225" dir="0" index="0" bw="1" slack="0"/>
<pin id="226" dir="1" index="1" bw="32" slack="2147483647"/>
</pin_list>
<bind>
<opcode="alloca(26) " fcode="alloca"/>
<opset="tB_4/1 "/>
</bind>
</comp>

<comp id="228" class="1004" name="tB_5_alloca_fu_228">
<pin_list>
<pin id="229" dir="0" index="0" bw="1" slack="0"/>
<pin id="230" dir="1" index="1" bw="32" slack="2147483647"/>
</pin_list>
<bind>
<opcode="alloca(26) " fcode="alloca"/>
<opset="tB_5/1 "/>
</bind>
</comp>

<comp id="232" class="1004" name="tB_6_alloca_fu_232">
<pin_list>
<pin id="233" dir="0" index="0" bw="1" slack="0"/>
<pin id="234" dir="1" index="1" bw="32" slack="2147483647"/>
</pin_list>
<bind>
<opcode="alloca(26) " fcode="alloca"/>
<opset="tB_6/1 "/>
</bind>
</comp>

<comp id="236" class="1004" name="tB_7_alloca_fu_236">
<pin_list>
<pin id="237" dir="0" index="0" bw="1" slack="0"/>
<pin id="238" dir="1" index="1" bw="32" slack="2147483647"/>
</pin_list>
<bind>
<opcode="alloca(26) " fcode="alloca"/>
<opset="tB_7/1 "/>
</bind>
</comp>

<comp id="240" class="1004" name="tB_8_alloca_fu_240">
<pin_list>
<pin id="241" dir="0" index="0" bw="1" slack="0"/>
<pin id="242" dir="1" index="1" bw="32" slack="2147483647"/>
</pin_list>
<bind>
<opcode="alloca(26) " fcode="alloca"/>
<opset="tB_8/1 "/>
</bind>
</comp>

<comp id="244" class="1004" name="tB_9_alloca_fu_244">
<pin_list>
<pin id="245" dir="0" index="0" bw="1" slack="0"/>
<pin id="246" dir="1" index="1" bw="32" slack="2147483647"/>
</pin_list>
<bind>
<opcode="alloca(26) " fcode="alloca"/>
<opset="tB_9/1 "/>
</bind>
</comp>

<comp id="248" class="1004" name="tB_10_alloca_fu_248">
<pin_list>
<pin id="249" dir="0" index="0" bw="1" slack="0"/>
<pin id="250" dir="1" index="1" bw="32" slack="2147483647"/>
</pin_list>
<bind>
<opcode="alloca(26) " fcode="alloca"/>
<opset="tB_10/1 "/>
</bind>
</comp>

<comp id="252" class="1004" name="tB_11_alloca_fu_252">
<pin_list>
<pin id="253" dir="0" index="0" bw="1" slack="0"/>
<pin id="254" dir="1" index="1" bw="32" slack="2147483647"/>
</pin_list>
<bind>
<opcode="alloca(26) " fcode="alloca"/>
<opset="tB_11/1 "/>
</bind>
</comp>

<comp id="256" class="1004" name="tB_12_alloca_fu_256">
<pin_list>
<pin id="257" dir="0" index="0" bw="1" slack="0"/>
<pin id="258" dir="1" index="1" bw="32" slack="2147483647"/>
</pin_list>
<bind>
<opcode="alloca(26) " fcode="alloca"/>
<opset="tB_12/1 "/>
</bind>
</comp>

<comp id="260" class="1004" name="tB_13_alloca_fu_260">
<pin_list>
<pin id="261" dir="0" index="0" bw="1" slack="0"/>
<pin id="262" dir="1" index="1" bw="32" slack="2147483647"/>
</pin_list>
<bind>
<opcode="alloca(26) " fcode="alloca"/>
<opset="tB_13/1 "/>
</bind>
</comp>

<comp id="264" class="1004" name="tB_14_alloca_fu_264">
<pin_list>
<pin id="265" dir="0" index="0" bw="1" slack="0"/>
<pin id="266" dir="1" index="1" bw="32" slack="2147483647"/>
</pin_list>
<bind>
<opcode="alloca(26) " fcode="alloca"/>
<opset="tB_14/1 "/>
</bind>
</comp>

<comp id="268" class="1004" name="tB_15_alloca_fu_268">
<pin_list>
<pin id="269" dir="0" index="0" bw="1" slack="0"/>
<pin id="270" dir="1" index="1" bw="32" slack="2147483647"/>
</pin_list>
<bind>
<opcode="alloca(26) " fcode="alloca"/>
<opset="tB_15/1 "/>
</bind>
</comp>

<comp id="272" class="1004" name="tC_alloca_fu_272">
<pin_list>
<pin id="273" dir="0" index="0" bw="1" slack="0"/>
<pin id="274" dir="1" index="1" bw="32" slack="2147483647"/>
</pin_list>
<bind>
<opcode="alloca(26) " fcode="alloca"/>
<opset="tC/1 "/>
</bind>
</comp>

<comp id="276" class="1004" name="tC_1_alloca_fu_276">
<pin_list>
<pin id="277" dir="0" index="0" bw="1" slack="0"/>
<pin id="278" dir="1" index="1" bw="32" slack="2147483647"/>
</pin_list>
<bind>
<opcode="alloca(26) " fcode="alloca"/>
<opset="tC_1/1 "/>
</bind>
</comp>

<comp id="280" class="1004" name="tC_2_alloca_fu_280">
<pin_list>
<pin id="281" dir="0" index="0" bw="1" slack="0"/>
<pin id="282" dir="1" index="1" bw="32" slack="2147483647"/>
</pin_list>
<bind>
<opcode="alloca(26) " fcode="alloca"/>
<opset="tC_2/1 "/>
</bind>
</comp>

<comp id="284" class="1004" name="tC_3_alloca_fu_284">
<pin_list>
<pin id="285" dir="0" index="0" bw="1" slack="0"/>
<pin id="286" dir="1" index="1" bw="32" slack="2147483647"/>
</pin_list>
<bind>
<opcode="alloca(26) " fcode="alloca"/>
<opset="tC_3/1 "/>
</bind>
</comp>

<comp id="288" class="1004" name="tC_4_alloca_fu_288">
<pin_list>
<pin id="289" dir="0" index="0" bw="1" slack="0"/>
<pin id="290" dir="1" index="1" bw="32" slack="2147483647"/>
</pin_list>
<bind>
<opcode="alloca(26) " fcode="alloca"/>
<opset="tC_4/1 "/>
</bind>
</comp>

<comp id="292" class="1004" name="tC_5_alloca_fu_292">
<pin_list>
<pin id="293" dir="0" index="0" bw="1" slack="0"/>
<pin id="294" dir="1" index="1" bw="32" slack="2147483647"/>
</pin_list>
<bind>
<opcode="alloca(26) " fcode="alloca"/>
<opset="tC_5/1 "/>
</bind>
</comp>

<comp id="296" class="1004" name="tC_6_alloca_fu_296">
<pin_list>
<pin id="297" dir="0" index="0" bw="1" slack="0"/>
<pin id="298" dir="1" index="1" bw="32" slack="2147483647"/>
</pin_list>
<bind>
<opcode="alloca(26) " fcode="alloca"/>
<opset="tC_6/1 "/>
</bind>
</comp>

<comp id="300" class="1004" name="tC_7_alloca_fu_300">
<pin_list>
<pin id="301" dir="0" index="0" bw="1" slack="0"/>
<pin id="302" dir="1" index="1" bw="32" slack="2147483647"/>
</pin_list>
<bind>
<opcode="alloca(26) " fcode="alloca"/>
<opset="tC_7/1 "/>
</bind>
</comp>

<comp id="304" class="1004" name="tC_8_alloca_fu_304">
<pin_list>
<pin id="305" dir="0" index="0" bw="1" slack="0"/>
<pin id="306" dir="1" index="1" bw="32" slack="2147483647"/>
</pin_list>
<bind>
<opcode="alloca(26) " fcode="alloca"/>
<opset="tC_8/1 "/>
</bind>
</comp>

<comp id="308" class="1004" name="tC_9_alloca_fu_308">
<pin_list>
<pin id="309" dir="0" index="0" bw="1" slack="0"/>
<pin id="310" dir="1" index="1" bw="32" slack="2147483647"/>
</pin_list>
<bind>
<opcode="alloca(26) " fcode="alloca"/>
<opset="tC_9/1 "/>
</bind>
</comp>

<comp id="312" class="1004" name="tC_10_alloca_fu_312">
<pin_list>
<pin id="313" dir="0" index="0" bw="1" slack="0"/>
<pin id="314" dir="1" index="1" bw="32" slack="2147483647"/>
</pin_list>
<bind>
<opcode="alloca(26) " fcode="alloca"/>
<opset="tC_10/1 "/>
</bind>
</comp>

<comp id="316" class="1004" name="tC_11_alloca_fu_316">
<pin_list>
<pin id="317" dir="0" index="0" bw="1" slack="0"/>
<pin id="318" dir="1" index="1" bw="32" slack="2147483647"/>
</pin_list>
<bind>
<opcode="alloca(26) " fcode="alloca"/>
<opset="tC_11/1 "/>
</bind>
</comp>

<comp id="320" class="1004" name="tC_12_alloca_fu_320">
<pin_list>
<pin id="321" dir="0" index="0" bw="1" slack="0"/>
<pin id="322" dir="1" index="1" bw="32" slack="2147483647"/>
</pin_list>
<bind>
<opcode="alloca(26) " fcode="alloca"/>
<opset="tC_12/1 "/>
</bind>
</comp>

<comp id="324" class="1004" name="tC_13_alloca_fu_324">
<pin_list>
<pin id="325" dir="0" index="0" bw="1" slack="0"/>
<pin id="326" dir="1" index="1" bw="32" slack="2147483647"/>
</pin_list>
<bind>
<opcode="alloca(26) " fcode="alloca"/>
<opset="tC_13/1 "/>
</bind>
</comp>

<comp id="328" class="1004" name="tC_14_alloca_fu_328">
<pin_list>
<pin id="329" dir="0" index="0" bw="1" slack="0"/>
<pin id="330" dir="1" index="1" bw="32" slack="2147483647"/>
</pin_list>
<bind>
<opcode="alloca(26) " fcode="alloca"/>
<opset="tC_14/1 "/>
</bind>
</comp>

<comp id="332" class="1004" name="tC_15_alloca_fu_332">
<pin_list>
<pin id="333" dir="0" index="0" bw="1" slack="0"/>
<pin id="334" dir="1" index="1" bw="32" slack="2147483647"/>
</pin_list>
<bind>
<opcode="alloca(26) " fcode="alloca"/>
<opset="tC_15/1 "/>
</bind>
</comp>

<comp id="336" class="1004" name="dim_read_read_fu_336">
<pin_list>
<pin id="337" dir="0" index="0" bw="32" slack="0"/>
<pin id="338" dir="0" index="1" bw="32" slack="0"/>
<pin id="339" dir="1" index="2" bw="32" slack="0"/>
</pin_list>
<bind>
<opcode="read(1150) " fcode="read"/>
<opset="dim_read/1 "/>
</bind>
</comp>

<comp id="342" class="1004" name="out_r_read_read_fu_342">
<pin_list>
<pin id="343" dir="0" index="0" bw="64" slack="0"/>
<pin id="344" dir="0" index="1" bw="64" slack="0"/>
<pin id="345" dir="1" index="2" bw="64" slack="8"/>
</pin_list>
<bind>
<opcode="read(1150) " fcode="read"/>
<opset="out_r_read/1 "/>
</bind>
</comp>

<comp id="348" class="1004" name="in2_read_read_fu_348">
<pin_list>
<pin id="349" dir="0" index="0" bw="64" slack="0"/>
<pin id="350" dir="0" index="1" bw="64" slack="0"/>
<pin id="351" dir="1" index="2" bw="64" slack="6"/>
</pin_list>
<bind>
<opcode="read(1150) " fcode="read"/>
<opset="in2_read/1 "/>
</bind>
</comp>

<comp id="354" class="1004" name="in1_read_read_fu_354">
<pin_list>
<pin id="355" dir="0" index="0" bw="64" slack="0"/>
<pin id="356" dir="0" index="1" bw="64" slack="0"/>
<pin id="357" dir="1" index="2" bw="64" slack="4"/>
</pin_list>
<bind>
<opcode="read(1150) " fcode="read"/>
<opset="in1_read/1 "/>
</bind>
</comp>

<comp id="360" class="1004" name="tC_addr_gep_fu_360">
<pin_list>
<pin id="361" dir="0" index="0" bw="32" slack="2147483647"/>
<pin id="362" dir="0" index="1" bw="1" slack="0"/>
<pin id="363" dir="0" index="2" bw="5" slack="0"/>
<pin id="364" dir="1" index="3" bw="4" slack="0"/>
</pin_list>
<bind>
<opcode="getelementptr(29) " fcode="getelementptr"/>
<opset="tC_addr/9 "/>
</bind>
</comp>

<comp id="366" class="1004" name="tC_1_addr_gep_fu_366">
<pin_list>
<pin id="367" dir="0" index="0" bw="32" slack="2147483647"/>
<pin id="368" dir="0" index="1" bw="1" slack="0"/>
<pin id="369" dir="0" index="2" bw="5" slack="0"/>
<pin id="370" dir="1" index="3" bw="4" slack="0"/>
</pin_list>
<bind>
<opcode="getelementptr(29) " fcode="getelementptr"/>
<opset="tC_1_addr/9 "/>
</bind>
</comp>

<comp id="372" class="1004" name="tC_2_addr_gep_fu_372">
<pin_list>
<pin id="373" dir="0" index="0" bw="32" slack="2147483647"/>
<pin id="374" dir="0" index="1" bw="1" slack="0"/>
<pin id="375" dir="0" index="2" bw="5" slack="0"/>
<pin id="376" dir="1" index="3" bw="4" slack="0"/>
</pin_list>
<bind>
<opcode="getelementptr(29) " fcode="getelementptr"/>
<opset="tC_2_addr/9 "/>
</bind>
</comp>

<comp id="378" class="1004" name="tC_3_addr_gep_fu_378">
<pin_list>
<pin id="379" dir="0" index="0" bw="32" slack="2147483647"/>
<pin id="380" dir="0" index="1" bw="1" slack="0"/>
<pin id="381" dir="0" index="2" bw="5" slack="0"/>
<pin id="382" dir="1" index="3" bw="4" slack="0"/>
</pin_list>
<bind>
<opcode="getelementptr(29) " fcode="getelementptr"/>
<opset="tC_3_addr/9 "/>
</bind>
</comp>

<comp id="384" class="1004" name="tC_4_addr_gep_fu_384">
<pin_list>
<pin id="385" dir="0" index="0" bw="32" slack="2147483647"/>
<pin id="386" dir="0" index="1" bw="1" slack="0"/>
<pin id="387" dir="0" index="2" bw="5" slack="0"/>
<pin id="388" dir="1" index="3" bw="4" slack="0"/>
</pin_list>
<bind>
<opcode="getelementptr(29) " fcode="getelementptr"/>
<opset="tC_4_addr/9 "/>
</bind>
</comp>

<comp id="390" class="1004" name="tC_5_addr_gep_fu_390">
<pin_list>
<pin id="391" dir="0" index="0" bw="32" slack="2147483647"/>
<pin id="392" dir="0" index="1" bw="1" slack="0"/>
<pin id="393" dir="0" index="2" bw="5" slack="0"/>
<pin id="394" dir="1" index="3" bw="4" slack="0"/>
</pin_list>
<bind>
<opcode="getelementptr(29) " fcode="getelementptr"/>
<opset="tC_5_addr/9 "/>
</bind>
</comp>

<comp id="396" class="1004" name="tC_6_addr_gep_fu_396">
<pin_list>
<pin id="397" dir="0" index="0" bw="32" slack="2147483647"/>
<pin id="398" dir="0" index="1" bw="1" slack="0"/>
<pin id="399" dir="0" index="2" bw="5" slack="0"/>
<pin id="400" dir="1" index="3" bw="4" slack="0"/>
</pin_list>
<bind>
<opcode="getelementptr(29) " fcode="getelementptr"/>
<opset="tC_6_addr/9 "/>
</bind>
</comp>

<comp id="402" class="1004" name="tC_7_addr_gep_fu_402">
<pin_list>
<pin id="403" dir="0" index="0" bw="32" slack="2147483647"/>
<pin id="404" dir="0" index="1" bw="1" slack="0"/>
<pin id="405" dir="0" index="2" bw="5" slack="0"/>
<pin id="406" dir="1" index="3" bw="4" slack="0"/>
</pin_list>
<bind>
<opcode="getelementptr(29) " fcode="getelementptr"/>
<opset="tC_7_addr/9 "/>
</bind>
</comp>

<comp id="408" class="1004" name="tC_8_addr_gep_fu_408">
<pin_list>
<pin id="409" dir="0" index="0" bw="32" slack="2147483647"/>
<pin id="410" dir="0" index="1" bw="1" slack="0"/>
<pin id="411" dir="0" index="2" bw="5" slack="0"/>
<pin id="412" dir="1" index="3" bw="4" slack="0"/>
</pin_list>
<bind>
<opcode="getelementptr(29) " fcode="getelementptr"/>
<opset="tC_8_addr/9 "/>
</bind>
</comp>

<comp id="414" class="1004" name="tC_9_addr_gep_fu_414">
<pin_list>
<pin id="415" dir="0" index="0" bw="32" slack="2147483647"/>
<pin id="416" dir="0" index="1" bw="1" slack="0"/>
<pin id="417" dir="0" index="2" bw="5" slack="0"/>
<pin id="418" dir="1" index="3" bw="4" slack="0"/>
</pin_list>
<bind>
<opcode="getelementptr(29) " fcode="getelementptr"/>
<opset="tC_9_addr/9 "/>
</bind>
</comp>

<comp id="420" class="1004" name="tC_10_addr_gep_fu_420">
<pin_list>
<pin id="421" dir="0" index="0" bw="32" slack="2147483647"/>
<pin id="422" dir="0" index="1" bw="1" slack="0"/>
<pin id="423" dir="0" index="2" bw="5" slack="0"/>
<pin id="424" dir="1" index="3" bw="4" slack="0"/>
</pin_list>
<bind>
<opcode="getelementptr(29) " fcode="getelementptr"/>
<opset="tC_10_addr/9 "/>
</bind>
</comp>

<comp id="426" class="1004" name="tC_11_addr_gep_fu_426">
<pin_list>
<pin id="427" dir="0" index="0" bw="32" slack="2147483647"/>
<pin id="428" dir="0" index="1" bw="1" slack="0"/>
<pin id="429" dir="0" index="2" bw="5" slack="0"/>
<pin id="430" dir="1" index="3" bw="4" slack="0"/>
</pin_list>
<bind>
<opcode="getelementptr(29) " fcode="getelementptr"/>
<opset="tC_11_addr/9 "/>
</bind>
</comp>

<comp id="432" class="1004" name="tC_12_addr_gep_fu_432">
<pin_list>
<pin id="433" dir="0" index="0" bw="32" slack="2147483647"/>
<pin id="434" dir="0" index="1" bw="1" slack="0"/>
<pin id="435" dir="0" index="2" bw="5" slack="0"/>
<pin id="436" dir="1" index="3" bw="4" slack="0"/>
</pin_list>
<bind>
<opcode="getelementptr(29) " fcode="getelementptr"/>
<opset="tC_12_addr/9 "/>
</bind>
</comp>

<comp id="438" class="1004" name="tC_13_addr_gep_fu_438">
<pin_list>
<pin id="439" dir="0" index="0" bw="32" slack="2147483647"/>
<pin id="440" dir="0" index="1" bw="1" slack="0"/>
<pin id="441" dir="0" index="2" bw="5" slack="0"/>
<pin id="442" dir="1" index="3" bw="4" slack="0"/>
</pin_list>
<bind>
<opcode="getelementptr(29) " fcode="getelementptr"/>
<opset="tC_13_addr/9 "/>
</bind>
</comp>

<comp id="444" class="1004" name="tC_14_addr_gep_fu_444">
<pin_list>
<pin id="445" dir="0" index="0" bw="32" slack="2147483647"/>
<pin id="446" dir="0" index="1" bw="1" slack="0"/>
<pin id="447" dir="0" index="2" bw="5" slack="0"/>
<pin id="448" dir="1" index="3" bw="4" slack="0"/>
</pin_list>
<bind>
<opcode="getelementptr(29) " fcode="getelementptr"/>
<opset="tC_14_addr/9 "/>
</bind>
</comp>

<comp id="450" class="1004" name="tC_15_addr_gep_fu_450">
<pin_list>
<pin id="451" dir="0" index="0" bw="32" slack="2147483647"/>
<pin id="452" dir="0" index="1" bw="1" slack="0"/>
<pin id="453" dir="0" index="2" bw="5" slack="0"/>
<pin id="454" dir="1" index="3" bw="4" slack="0"/>
</pin_list>
<bind>
<opcode="getelementptr(29) " fcode="getelementptr"/>
<opset="tC_15_addr/9 "/>
</bind>
</comp>

<comp id="456" class="1004" name="tA_addr_gep_fu_456">
<pin_list>
<pin id="457" dir="0" index="0" bw="32" slack="2147483647"/>
<pin id="458" dir="0" index="1" bw="1" slack="0"/>
<pin id="459" dir="0" index="2" bw="5" slack="0"/>
<pin id="460" dir="1" index="3" bw="4" slack="0"/>
</pin_list>
<bind>
<opcode="getelementptr(29) " fcode="getelementptr"/>
<opset="tA_addr/9 "/>
</bind>
</comp>

<comp id="462" class="1004" name="tA_1_addr_gep_fu_462">
<pin_list>
<pin id="463" dir="0" index="0" bw="32" slack="2147483647"/>
<pin id="464" dir="0" index="1" bw="1" slack="0"/>
<pin id="465" dir="0" index="2" bw="5" slack="0"/>
<pin id="466" dir="1" index="3" bw="4" slack="0"/>
</pin_list>
<bind>
<opcode="getelementptr(29) " fcode="getelementptr"/>
<opset="tA_1_addr/9 "/>
</bind>
</comp>

<comp id="468" class="1004" name="tA_2_addr_gep_fu_468">
<pin_list>
<pin id="469" dir="0" index="0" bw="32" slack="2147483647"/>
<pin id="470" dir="0" index="1" bw="1" slack="0"/>
<pin id="471" dir="0" index="2" bw="5" slack="0"/>
<pin id="472" dir="1" index="3" bw="4" slack="0"/>
</pin_list>
<bind>
<opcode="getelementptr(29) " fcode="getelementptr"/>
<opset="tA_2_addr/9 "/>
</bind>
</comp>

<comp id="474" class="1004" name="tA_3_addr_gep_fu_474">
<pin_list>
<pin id="475" dir="0" index="0" bw="32" slack="2147483647"/>
<pin id="476" dir="0" index="1" bw="1" slack="0"/>
<pin id="477" dir="0" index="2" bw="5" slack="0"/>
<pin id="478" dir="1" index="3" bw="4" slack="0"/>
</pin_list>
<bind>
<opcode="getelementptr(29) " fcode="getelementptr"/>
<opset="tA_3_addr/9 "/>
</bind>
</comp>

<comp id="480" class="1004" name="tA_4_addr_gep_fu_480">
<pin_list>
<pin id="481" dir="0" index="0" bw="32" slack="2147483647"/>
<pin id="482" dir="0" index="1" bw="1" slack="0"/>
<pin id="483" dir="0" index="2" bw="5" slack="0"/>
<pin id="484" dir="1" index="3" bw="4" slack="0"/>
</pin_list>
<bind>
<opcode="getelementptr(29) " fcode="getelementptr"/>
<opset="tA_4_addr/9 "/>
</bind>
</comp>

<comp id="486" class="1004" name="tA_5_addr_gep_fu_486">
<pin_list>
<pin id="487" dir="0" index="0" bw="32" slack="2147483647"/>
<pin id="488" dir="0" index="1" bw="1" slack="0"/>
<pin id="489" dir="0" index="2" bw="5" slack="0"/>
<pin id="490" dir="1" index="3" bw="4" slack="0"/>
</pin_list>
<bind>
<opcode="getelementptr(29) " fcode="getelementptr"/>
<opset="tA_5_addr/9 "/>
</bind>
</comp>

<comp id="492" class="1004" name="tA_6_addr_gep_fu_492">
<pin_list>
<pin id="493" dir="0" index="0" bw="32" slack="2147483647"/>
<pin id="494" dir="0" index="1" bw="1" slack="0"/>
<pin id="495" dir="0" index="2" bw="5" slack="0"/>
<pin id="496" dir="1" index="3" bw="4" slack="0"/>
</pin_list>
<bind>
<opcode="getelementptr(29) " fcode="getelementptr"/>
<opset="tA_6_addr/9 "/>
</bind>
</comp>

<comp id="498" class="1004" name="tA_7_addr_gep_fu_498">
<pin_list>
<pin id="499" dir="0" index="0" bw="32" slack="2147483647"/>
<pin id="500" dir="0" index="1" bw="1" slack="0"/>
<pin id="501" dir="0" index="2" bw="5" slack="0"/>
<pin id="502" dir="1" index="3" bw="4" slack="0"/>
</pin_list>
<bind>
<opcode="getelementptr(29) " fcode="getelementptr"/>
<opset="tA_7_addr/9 "/>
</bind>
</comp>

<comp id="504" class="1004" name="tA_8_addr_gep_fu_504">
<pin_list>
<pin id="505" dir="0" index="0" bw="32" slack="2147483647"/>
<pin id="506" dir="0" index="1" bw="1" slack="0"/>
<pin id="507" dir="0" index="2" bw="5" slack="0"/>
<pin id="508" dir="1" index="3" bw="4" slack="0"/>
</pin_list>
<bind>
<opcode="getelementptr(29) " fcode="getelementptr"/>
<opset="tA_8_addr/9 "/>
</bind>
</comp>

<comp id="510" class="1004" name="tA_9_addr_gep_fu_510">
<pin_list>
<pin id="511" dir="0" index="0" bw="32" slack="2147483647"/>
<pin id="512" dir="0" index="1" bw="1" slack="0"/>
<pin id="513" dir="0" index="2" bw="5" slack="0"/>
<pin id="514" dir="1" index="3" bw="4" slack="0"/>
</pin_list>
<bind>
<opcode="getelementptr(29) " fcode="getelementptr"/>
<opset="tA_9_addr/9 "/>
</bind>
</comp>

<comp id="516" class="1004" name="tA_10_addr_gep_fu_516">
<pin_list>
<pin id="517" dir="0" index="0" bw="32" slack="2147483647"/>
<pin id="518" dir="0" index="1" bw="1" slack="0"/>
<pin id="519" dir="0" index="2" bw="5" slack="0"/>
<pin id="520" dir="1" index="3" bw="4" slack="0"/>
</pin_list>
<bind>
<opcode="getelementptr(29) " fcode="getelementptr"/>
<opset="tA_10_addr/9 "/>
</bind>
</comp>

<comp id="522" class="1004" name="tA_11_addr_gep_fu_522">
<pin_list>
<pin id="523" dir="0" index="0" bw="32" slack="2147483647"/>
<pin id="524" dir="0" index="1" bw="1" slack="0"/>
<pin id="525" dir="0" index="2" bw="5" slack="0"/>
<pin id="526" dir="1" index="3" bw="4" slack="0"/>
</pin_list>
<bind>
<opcode="getelementptr(29) " fcode="getelementptr"/>
<opset="tA_11_addr/9 "/>
</bind>
</comp>

<comp id="528" class="1004" name="tA_12_addr_gep_fu_528">
<pin_list>
<pin id="529" dir="0" index="0" bw="32" slack="2147483647"/>
<pin id="530" dir="0" index="1" bw="1" slack="0"/>
<pin id="531" dir="0" index="2" bw="5" slack="0"/>
<pin id="532" dir="1" index="3" bw="4" slack="0"/>
</pin_list>
<bind>
<opcode="getelementptr(29) " fcode="getelementptr"/>
<opset="tA_12_addr/9 "/>
</bind>
</comp>

<comp id="534" class="1004" name="tA_13_addr_gep_fu_534">
<pin_list>
<pin id="535" dir="0" index="0" bw="32" slack="2147483647"/>
<pin id="536" dir="0" index="1" bw="1" slack="0"/>
<pin id="537" dir="0" index="2" bw="5" slack="0"/>
<pin id="538" dir="1" index="3" bw="4" slack="0"/>
</pin_list>
<bind>
<opcode="getelementptr(29) " fcode="getelementptr"/>
<opset="tA_13_addr/9 "/>
</bind>
</comp>

<comp id="540" class="1004" name="tA_14_addr_gep_fu_540">
<pin_list>
<pin id="541" dir="0" index="0" bw="32" slack="2147483647"/>
<pin id="542" dir="0" index="1" bw="1" slack="0"/>
<pin id="543" dir="0" index="2" bw="5" slack="0"/>
<pin id="544" dir="1" index="3" bw="4" slack="0"/>
</pin_list>
<bind>
<opcode="getelementptr(29) " fcode="getelementptr"/>
<opset="tA_14_addr/9 "/>
</bind>
</comp>

<comp id="546" class="1004" name="tA_15_addr_gep_fu_546">
<pin_list>
<pin id="547" dir="0" index="0" bw="32" slack="2147483647"/>
<pin id="548" dir="0" index="1" bw="1" slack="0"/>
<pin id="549" dir="0" index="2" bw="5" slack="0"/>
<pin id="550" dir="1" index="3" bw="4" slack="0"/>
</pin_list>
<bind>
<opcode="getelementptr(29) " fcode="getelementptr"/>
<opset="tA_15_addr/9 "/>
</bind>
</comp>

<comp id="552" class="1004" name="grp_access_fu_552">
<pin_list>
<pin id="553" dir="0" index="0" bw="4" slack="0"/>
<pin id="554" dir="0" index="1" bw="32" slack="2147483647"/>
<pin id="555" dir="0" index="2" bw="0" slack="2147483647"/>
<pin id="556" dir="1" index="3" bw="32" slack="2"/>
</pin_list>
<bind>
<opcode="load(27) " fcode="load"/>
<opset="tA_load/9 "/>
</bind>
</comp>

<comp id="558" class="1004" name="grp_access_fu_558">
<pin_list>
<pin id="559" dir="0" index="0" bw="4" slack="0"/>
<pin id="560" dir="0" index="1" bw="32" slack="2147483647"/>
<pin id="561" dir="0" index="2" bw="0" slack="2147483647"/>
<pin id="562" dir="1" index="3" bw="32" slack="2"/>
</pin_list>
<bind>
<opcode="load(27) " fcode="load"/>
<opset="tA_1_load/9 "/>
</bind>
</comp>

<comp id="564" class="1004" name="grp_access_fu_564">
<pin_list>
<pin id="565" dir="0" index="0" bw="4" slack="0"/>
<pin id="566" dir="0" index="1" bw="32" slack="2147483647"/>
<pin id="567" dir="0" index="2" bw="0" slack="2147483647"/>
<pin id="568" dir="1" index="3" bw="32" slack="2"/>
</pin_list>
<bind>
<opcode="load(27) " fcode="load"/>
<opset="tA_2_load/9 "/>
</bind>
</comp>

<comp id="570" class="1004" name="grp_access_fu_570">
<pin_list>
<pin id="571" dir="0" index="0" bw="4" slack="0"/>
<pin id="572" dir="0" index="1" bw="32" slack="2147483647"/>
<pin id="573" dir="0" index="2" bw="0" slack="2147483647"/>
<pin id="574" dir="1" index="3" bw="32" slack="2"/>
</pin_list>
<bind>
<opcode="load(27) " fcode="load"/>
<opset="tA_3_load/9 "/>
</bind>
</comp>

<comp id="576" class="1004" name="grp_access_fu_576">
<pin_list>
<pin id="577" dir="0" index="0" bw="4" slack="0"/>
<pin id="578" dir="0" index="1" bw="32" slack="2147483647"/>
<pin id="579" dir="0" index="2" bw="0" slack="2147483647"/>
<pin id="580" dir="1" index="3" bw="32" slack="2"/>
</pin_list>
<bind>
<opcode="load(27) " fcode="load"/>
<opset="tA_4_load/9 "/>
</bind>
</comp>

<comp id="582" class="1004" name="grp_access_fu_582">
<pin_list>
<pin id="583" dir="0" index="0" bw="4" slack="0"/>
<pin id="584" dir="0" index="1" bw="32" slack="2147483647"/>
<pin id="585" dir="0" index="2" bw="0" slack="2147483647"/>
<pin id="586" dir="1" index="3" bw="32" slack="2"/>
</pin_list>
<bind>
<opcode="load(27) " fcode="load"/>
<opset="tA_5_load/9 "/>
</bind>
</comp>

<comp id="588" class="1004" name="grp_access_fu_588">
<pin_list>
<pin id="589" dir="0" index="0" bw="4" slack="0"/>
<pin id="590" dir="0" index="1" bw="32" slack="2147483647"/>
<pin id="591" dir="0" index="2" bw="0" slack="2147483647"/>
<pin id="592" dir="1" index="3" bw="32" slack="2"/>
</pin_list>
<bind>
<opcode="load(27) " fcode="load"/>
<opset="tA_6_load/9 "/>
</bind>
</comp>

<comp id="594" class="1004" name="grp_access_fu_594">
<pin_list>
<pin id="595" dir="0" index="0" bw="4" slack="0"/>
<pin id="596" dir="0" index="1" bw="32" slack="2147483647"/>
<pin id="597" dir="0" index="2" bw="0" slack="2147483647"/>
<pin id="598" dir="1" index="3" bw="32" slack="2"/>
</pin_list>
<bind>
<opcode="load(27) " fcode="load"/>
<opset="tA_7_load/9 "/>
</bind>
</comp>

<comp id="600" class="1004" name="grp_access_fu_600">
<pin_list>
<pin id="601" dir="0" index="0" bw="4" slack="0"/>
<pin id="602" dir="0" index="1" bw="32" slack="2147483647"/>
<pin id="603" dir="0" index="2" bw="0" slack="2147483647"/>
<pin id="604" dir="1" index="3" bw="32" slack="2"/>
</pin_list>
<bind>
<opcode="load(27) " fcode="load"/>
<opset="tA_8_load/9 "/>
</bind>
</comp>

<comp id="606" class="1004" name="grp_access_fu_606">
<pin_list>
<pin id="607" dir="0" index="0" bw="4" slack="0"/>
<pin id="608" dir="0" index="1" bw="32" slack="2147483647"/>
<pin id="609" dir="0" index="2" bw="0" slack="2147483647"/>
<pin id="610" dir="1" index="3" bw="32" slack="2"/>
</pin_list>
<bind>
<opcode="load(27) " fcode="load"/>
<opset="tA_9_load/9 "/>
</bind>
</comp>

<comp id="612" class="1004" name="grp_access_fu_612">
<pin_list>
<pin id="613" dir="0" index="0" bw="4" slack="0"/>
<pin id="614" dir="0" index="1" bw="32" slack="2147483647"/>
<pin id="615" dir="0" index="2" bw="0" slack="2147483647"/>
<pin id="616" dir="1" index="3" bw="32" slack="2"/>
</pin_list>
<bind>
<opcode="load(27) " fcode="load"/>
<opset="tA_10_load/9 "/>
</bind>
</comp>

<comp id="618" class="1004" name="grp_access_fu_618">
<pin_list>
<pin id="619" dir="0" index="0" bw="4" slack="0"/>
<pin id="620" dir="0" index="1" bw="32" slack="2147483647"/>
<pin id="621" dir="0" index="2" bw="0" slack="2147483647"/>
<pin id="622" dir="1" index="3" bw="32" slack="2"/>
</pin_list>
<bind>
<opcode="load(27) " fcode="load"/>
<opset="tA_11_load/9 "/>
</bind>
</comp>

<comp id="624" class="1004" name="grp_access_fu_624">
<pin_list>
<pin id="625" dir="0" index="0" bw="4" slack="0"/>
<pin id="626" dir="0" index="1" bw="32" slack="2147483647"/>
<pin id="627" dir="0" index="2" bw="0" slack="2147483647"/>
<pin id="628" dir="1" index="3" bw="32" slack="2"/>
</pin_list>
<bind>
<opcode="load(27) " fcode="load"/>
<opset="tA_12_load/9 "/>
</bind>
</comp>

<comp id="630" class="1004" name="grp_access_fu_630">
<pin_list>
<pin id="631" dir="0" index="0" bw="4" slack="0"/>
<pin id="632" dir="0" index="1" bw="32" slack="2147483647"/>
<pin id="633" dir="0" index="2" bw="0" slack="2147483647"/>
<pin id="634" dir="1" index="3" bw="32" slack="2"/>
</pin_list>
<bind>
<opcode="load(27) " fcode="load"/>
<opset="tA_13_load/9 "/>
</bind>
</comp>

<comp id="636" class="1004" name="grp_access_fu_636">
<pin_list>
<pin id="637" dir="0" index="0" bw="4" slack="0"/>
<pin id="638" dir="0" index="1" bw="32" slack="2147483647"/>
<pin id="639" dir="0" index="2" bw="0" slack="2147483647"/>
<pin id="640" dir="1" index="3" bw="32" slack="2"/>
</pin_list>
<bind>
<opcode="load(27) " fcode="load"/>
<opset="tA_14_load/9 "/>
</bind>
</comp>

<comp id="642" class="1004" name="grp_access_fu_642">
<pin_list>
<pin id="643" dir="0" index="0" bw="4" slack="0"/>
<pin id="644" dir="0" index="1" bw="32" slack="2147483647"/>
<pin id="645" dir="0" index="2" bw="0" slack="2147483647"/>
<pin id="646" dir="1" index="3" bw="32" slack="2"/>
</pin_list>
<bind>
<opcode="load(27) " fcode="load"/>
<opset="tA_15_load/9 "/>
</bind>
</comp>

<comp id="648" class="1004" name="grp_access_fu_648">
<pin_list>
<pin id="649" dir="0" index="0" bw="4" slack="0"/>
<pin id="650" dir="0" index="1" bw="32" slack="0"/>
<pin id="651" dir="0" index="2" bw="0" slack="2147483647"/>
<pin id="652" dir="1" index="3" bw="32" slack="1"/>
</pin_list>
<bind>
<opcode="load(27) store(28) " fcode="store"/>
<opset="tC_load/9 store_ln39/11 "/>
</bind>
</comp>

<comp id="654" class="1004" name="grp_access_fu_654">
<pin_list>
<pin id="655" dir="0" index="0" bw="4" slack="0"/>
<pin id="656" dir="0" index="1" bw="32" slack="0"/>
<pin id="657" dir="0" index="2" bw="0" slack="2147483647"/>
<pin id="658" dir="1" index="3" bw="32" slack="1"/>
</pin_list>
<bind>
<opcode="load(27) store(28) " fcode="store"/>
<opset="tC_1_load/9 store_ln39/11 "/>
</bind>
</comp>

<comp id="660" class="1004" name="grp_access_fu_660">
<pin_list>
<pin id="661" dir="0" index="0" bw="4" slack="0"/>
<pin id="662" dir="0" index="1" bw="32" slack="0"/>
<pin id="663" dir="0" index="2" bw="0" slack="2147483647"/>
<pin id="664" dir="1" index="3" bw="32" slack="1"/>
</pin_list>
<bind>
<opcode="load(27) store(28) " fcode="store"/>
<opset="tC_2_load/9 store_ln39/11 "/>
</bind>
</comp>

<comp id="666" class="1004" name="grp_access_fu_666">
<pin_list>
<pin id="667" dir="0" index="0" bw="4" slack="0"/>
<pin id="668" dir="0" index="1" bw="32" slack="0"/>
<pin id="669" dir="0" index="2" bw="0" slack="2147483647"/>
<pin id="670" dir="1" index="3" bw="32" slack="1"/>
</pin_list>
<bind>
<opcode="load(27) store(28) " fcode="store"/>
<opset="tC_3_load/9 store_ln39/11 "/>
</bind>
</comp>

<comp id="672" class="1004" name="grp_access_fu_672">
<pin_list>
<pin id="673" dir="0" index="0" bw="4" slack="0"/>
<pin id="674" dir="0" index="1" bw="32" slack="0"/>
<pin id="675" dir="0" index="2" bw="0" slack="2147483647"/>
<pin id="676" dir="1" index="3" bw="32" slack="1"/>
</pin_list>
<bind>
<opcode="load(27) store(28) " fcode="store"/>
<opset="tC_4_load/9 store_ln39/11 "/>
</bind>
</comp>

<comp id="678" class="1004" name="grp_access_fu_678">
<pin_list>
<pin id="679" dir="0" index="0" bw="4" slack="0"/>
<pin id="680" dir="0" index="1" bw="32" slack="0"/>
<pin id="681" dir="0" index="2" bw="0" slack="2147483647"/>
<pin id="682" dir="1" index="3" bw="32" slack="1"/>
</pin_list>
<bind>
<opcode="load(27) store(28) " fcode="store"/>
<opset="tC_5_load/9 store_ln39/11 "/>
</bind>
</comp>

<comp id="684" class="1004" name="grp_access_fu_684">
<pin_list>
<pin id="685" dir="0" index="0" bw="4" slack="0"/>
<pin id="686" dir="0" index="1" bw="32" slack="0"/>
<pin id="687" dir="0" index="2" bw="0" slack="2147483647"/>
<pin id="688" dir="1" index="3" bw="32" slack="1"/>
</pin_list>
<bind>
<opcode="load(27) store(28) " fcode="store"/>
<opset="tC_6_load/9 store_ln39/11 "/>
</bind>
</comp>

<comp id="690" class="1004" name="grp_access_fu_690">
<pin_list>
<pin id="691" dir="0" index="0" bw="4" slack="0"/>
<pin id="692" dir="0" index="1" bw="32" slack="0"/>
<pin id="693" dir="0" index="2" bw="0" slack="2147483647"/>
<pin id="694" dir="1" index="3" bw="32" slack="1"/>
</pin_list>
<bind>
<opcode="load(27) store(28) " fcode="store"/>
<opset="tC_7_load/9 store_ln39/11 "/>
</bind>
</comp>

<comp id="696" class="1004" name="grp_access_fu_696">
<pin_list>
<pin id="697" dir="0" index="0" bw="4" slack="0"/>
<pin id="698" dir="0" index="1" bw="32" slack="0"/>
<pin id="699" dir="0" index="2" bw="0" slack="2147483647"/>
<pin id="700" dir="1" index="3" bw="32" slack="1"/>
</pin_list>
<bind>
<opcode="load(27) store(28) " fcode="store"/>
<opset="tC_8_load/9 store_ln39/11 "/>
</bind>
</comp>

<comp id="702" class="1004" name="grp_access_fu_702">
<pin_list>
<pin id="703" dir="0" index="0" bw="4" slack="0"/>
<pin id="704" dir="0" index="1" bw="32" slack="0"/>
<pin id="705" dir="0" index="2" bw="0" slack="2147483647"/>
<pin id="706" dir="1" index="3" bw="32" slack="1"/>
</pin_list>
<bind>
<opcode="load(27) store(28) " fcode="store"/>
<opset="tC_9_load/9 store_ln39/11 "/>
</bind>
</comp>

<comp id="708" class="1004" name="grp_access_fu_708">
<pin_list>
<pin id="709" dir="0" index="0" bw="4" slack="0"/>
<pin id="710" dir="0" index="1" bw="32" slack="0"/>
<pin id="711" dir="0" index="2" bw="0" slack="2147483647"/>
<pin id="712" dir="1" index="3" bw="32" slack="1"/>
</pin_list>
<bind>
<opcode="load(27) store(28) " fcode="store"/>
<opset="tC_10_load/9 store_ln39/11 "/>
</bind>
</comp>

<comp id="714" class="1004" name="grp_access_fu_714">
<pin_list>
<pin id="715" dir="0" index="0" bw="4" slack="0"/>
<pin id="716" dir="0" index="1" bw="32" slack="0"/>
<pin id="717" dir="0" index="2" bw="0" slack="2147483647"/>
<pin id="718" dir="1" index="3" bw="32" slack="1"/>
</pin_list>
<bind>
<opcode="load(27) store(28) " fcode="store"/>
<opset="tC_11_load/9 store_ln39/11 "/>
</bind>
</comp>

<comp id="720" class="1004" name="grp_access_fu_720">
<pin_list>
<pin id="721" dir="0" index="0" bw="4" slack="0"/>
<pin id="722" dir="0" index="1" bw="32" slack="0"/>
<pin id="723" dir="0" index="2" bw="0" slack="2147483647"/>
<pin id="724" dir="1" index="3" bw="32" slack="1"/>
</pin_list>
<bind>
<opcode="load(27) store(28) " fcode="store"/>
<opset="tC_12_load/9 store_ln39/11 "/>
</bind>
</comp>

<comp id="726" class="1004" name="grp_access_fu_726">
<pin_list>
<pin id="727" dir="0" index="0" bw="4" slack="0"/>
<pin id="728" dir="0" index="1" bw="32" slack="0"/>
<pin id="729" dir="0" index="2" bw="0" slack="2147483647"/>
<pin id="730" dir="1" index="3" bw="32" slack="1"/>
</pin_list>
<bind>
<opcode="load(27) store(28) " fcode="store"/>
<opset="tC_13_load/9 store_ln39/11 "/>
</bind>
</comp>

<comp id="732" class="1004" name="grp_access_fu_732">
<pin_list>
<pin id="733" dir="0" index="0" bw="4" slack="0"/>
<pin id="734" dir="0" index="1" bw="32" slack="0"/>
<pin id="735" dir="0" index="2" bw="0" slack="2147483647"/>
<pin id="736" dir="1" index="3" bw="32" slack="1"/>
</pin_list>
<bind>
<opcode="load(27) store(28) " fcode="store"/>
<opset="tC_14_load/9 store_ln39/11 "/>
</bind>
</comp>

<comp id="738" class="1004" name="grp_access_fu_738">
<pin_list>
<pin id="739" dir="0" index="0" bw="4" slack="0"/>
<pin id="740" dir="0" index="1" bw="32" slack="0"/>
<pin id="741" dir="0" index="2" bw="0" slack="2147483647"/>
<pin id="742" dir="1" index="3" bw="32" slack="1"/>
</pin_list>
<bind>
<opcode="load(27) store(28) " fcode="store"/>
<opset="tC_15_load/9 store_ln39/11 "/>
</bind>
</comp>

<comp id="744" class="1004" name="tB_addr_gep_fu_744">
<pin_list>
<pin id="745" dir="0" index="0" bw="32" slack="2147483647"/>
<pin id="746" dir="0" index="1" bw="1" slack="0"/>
<pin id="747" dir="0" index="2" bw="5" slack="0"/>
<pin id="748" dir="1" index="3" bw="4" slack="0"/>
</pin_list>
<bind>
<opcode="getelementptr(29) " fcode="getelementptr"/>
<opset="tB_addr/11 "/>
</bind>
</comp>

<comp id="750" class="1004" name="tB_1_addr_gep_fu_750">
<pin_list>
<pin id="751" dir="0" index="0" bw="32" slack="2147483647"/>
<pin id="752" dir="0" index="1" bw="1" slack="0"/>
<pin id="753" dir="0" index="2" bw="5" slack="0"/>
<pin id="754" dir="1" index="3" bw="4" slack="0"/>
</pin_list>
<bind>
<opcode="getelementptr(29) " fcode="getelementptr"/>
<opset="tB_1_addr/11 "/>
</bind>
</comp>

<comp id="756" class="1004" name="tB_2_addr_gep_fu_756">
<pin_list>
<pin id="757" dir="0" index="0" bw="32" slack="2147483647"/>
<pin id="758" dir="0" index="1" bw="1" slack="0"/>
<pin id="759" dir="0" index="2" bw="5" slack="0"/>
<pin id="760" dir="1" index="3" bw="4" slack="0"/>
</pin_list>
<bind>
<opcode="getelementptr(29) " fcode="getelementptr"/>
<opset="tB_2_addr/11 "/>
</bind>
</comp>

<comp id="762" class="1004" name="tB_3_addr_gep_fu_762">
<pin_list>
<pin id="763" dir="0" index="0" bw="32" slack="2147483647"/>
<pin id="764" dir="0" index="1" bw="1" slack="0"/>
<pin id="765" dir="0" index="2" bw="5" slack="0"/>
<pin id="766" dir="1" index="3" bw="4" slack="0"/>
</pin_list>
<bind>
<opcode="getelementptr(29) " fcode="getelementptr"/>
<opset="tB_3_addr/11 "/>
</bind>
</comp>

<comp id="768" class="1004" name="tB_4_addr_gep_fu_768">
<pin_list>
<pin id="769" dir="0" index="0" bw="32" slack="2147483647"/>
<pin id="770" dir="0" index="1" bw="1" slack="0"/>
<pin id="771" dir="0" index="2" bw="5" slack="0"/>
<pin id="772" dir="1" index="3" bw="4" slack="0"/>
</pin_list>
<bind>
<opcode="getelementptr(29) " fcode="getelementptr"/>
<opset="tB_4_addr/11 "/>
</bind>
</comp>

<comp id="774" class="1004" name="tB_5_addr_gep_fu_774">
<pin_list>
<pin id="775" dir="0" index="0" bw="32" slack="2147483647"/>
<pin id="776" dir="0" index="1" bw="1" slack="0"/>
<pin id="777" dir="0" index="2" bw="5" slack="0"/>
<pin id="778" dir="1" index="3" bw="4" slack="0"/>
</pin_list>
<bind>
<opcode="getelementptr(29) " fcode="getelementptr"/>
<opset="tB_5_addr/11 "/>
</bind>
</comp>

<comp id="780" class="1004" name="tB_6_addr_gep_fu_780">
<pin_list>
<pin id="781" dir="0" index="0" bw="32" slack="2147483647"/>
<pin id="782" dir="0" index="1" bw="1" slack="0"/>
<pin id="783" dir="0" index="2" bw="5" slack="0"/>
<pin id="784" dir="1" index="3" bw="4" slack="0"/>
</pin_list>
<bind>
<opcode="getelementptr(29) " fcode="getelementptr"/>
<opset="tB_6_addr/11 "/>
</bind>
</comp>

<comp id="786" class="1004" name="tB_7_addr_gep_fu_786">
<pin_list>
<pin id="787" dir="0" index="0" bw="32" slack="2147483647"/>
<pin id="788" dir="0" index="1" bw="1" slack="0"/>
<pin id="789" dir="0" index="2" bw="5" slack="0"/>
<pin id="790" dir="1" index="3" bw="4" slack="0"/>
</pin_list>
<bind>
<opcode="getelementptr(29) " fcode="getelementptr"/>
<opset="tB_7_addr/11 "/>
</bind>
</comp>

<comp id="792" class="1004" name="tB_8_addr_gep_fu_792">
<pin_list>
<pin id="793" dir="0" index="0" bw="32" slack="2147483647"/>
<pin id="794" dir="0" index="1" bw="1" slack="0"/>
<pin id="795" dir="0" index="2" bw="5" slack="0"/>
<pin id="796" dir="1" index="3" bw="4" slack="0"/>
</pin_list>
<bind>
<opcode="getelementptr(29) " fcode="getelementptr"/>
<opset="tB_8_addr/11 "/>
</bind>
</comp>

<comp id="798" class="1004" name="tB_9_addr_gep_fu_798">
<pin_list>
<pin id="799" dir="0" index="0" bw="32" slack="2147483647"/>
<pin id="800" dir="0" index="1" bw="1" slack="0"/>
<pin id="801" dir="0" index="2" bw="5" slack="0"/>
<pin id="802" dir="1" index="3" bw="4" slack="0"/>
</pin_list>
<bind>
<opcode="getelementptr(29) " fcode="getelementptr"/>
<opset="tB_9_addr/11 "/>
</bind>
</comp>

<comp id="804" class="1004" name="tB_10_addr_gep_fu_804">
<pin_list>
<pin id="805" dir="0" index="0" bw="32" slack="2147483647"/>
<pin id="806" dir="0" index="1" bw="1" slack="0"/>
<pin id="807" dir="0" index="2" bw="5" slack="0"/>
<pin id="808" dir="1" index="3" bw="4" slack="0"/>
</pin_list>
<bind>
<opcode="getelementptr(29) " fcode="getelementptr"/>
<opset="tB_10_addr/11 "/>
</bind>
</comp>

<comp id="810" class="1004" name="tB_11_addr_gep_fu_810">
<pin_list>
<pin id="811" dir="0" index="0" bw="32" slack="2147483647"/>
<pin id="812" dir="0" index="1" bw="1" slack="0"/>
<pin id="813" dir="0" index="2" bw="5" slack="0"/>
<pin id="814" dir="1" index="3" bw="4" slack="0"/>
</pin_list>
<bind>
<opcode="getelementptr(29) " fcode="getelementptr"/>
<opset="tB_11_addr/11 "/>
</bind>
</comp>

<comp id="816" class="1004" name="tB_12_addr_gep_fu_816">
<pin_list>
<pin id="817" dir="0" index="0" bw="32" slack="2147483647"/>
<pin id="818" dir="0" index="1" bw="1" slack="0"/>
<pin id="819" dir="0" index="2" bw="5" slack="0"/>
<pin id="820" dir="1" index="3" bw="4" slack="0"/>
</pin_list>
<bind>
<opcode="getelementptr(29) " fcode="getelementptr"/>
<opset="tB_12_addr/11 "/>
</bind>
</comp>

<comp id="822" class="1004" name="tB_13_addr_gep_fu_822">
<pin_list>
<pin id="823" dir="0" index="0" bw="32" slack="2147483647"/>
<pin id="824" dir="0" index="1" bw="1" slack="0"/>
<pin id="825" dir="0" index="2" bw="5" slack="0"/>
<pin id="826" dir="1" index="3" bw="4" slack="0"/>
</pin_list>
<bind>
<opcode="getelementptr(29) " fcode="getelementptr"/>
<opset="tB_13_addr/11 "/>
</bind>
</comp>

<comp id="828" class="1004" name="tB_14_addr_gep_fu_828">
<pin_list>
<pin id="829" dir="0" index="0" bw="32" slack="2147483647"/>
<pin id="830" dir="0" index="1" bw="1" slack="0"/>
<pin id="831" dir="0" index="2" bw="5" slack="0"/>
<pin id="832" dir="1" index="3" bw="4" slack="0"/>
</pin_list>
<bind>
<opcode="getelementptr(29) " fcode="getelementptr"/>
<opset="tB_14_addr/11 "/>
</bind>
</comp>

<comp id="834" class="1004" name="tB_15_addr_gep_fu_834">
<pin_list>
<pin id="835" dir="0" index="0" bw="32" slack="2147483647"/>
<pin id="836" dir="0" index="1" bw="1" slack="0"/>
<pin id="837" dir="0" index="2" bw="5" slack="0"/>
<pin id="838" dir="1" index="3" bw="4" slack="0"/>
</pin_list>
<bind>
<opcode="getelementptr(29) " fcode="getelementptr"/>
<opset="tB_15_addr/11 "/>
</bind>
</comp>

<comp id="840" class="1004" name="grp_access_fu_840">
<pin_list>
<pin id="841" dir="0" index="0" bw="4" slack="0"/>
<pin id="842" dir="0" index="1" bw="32" slack="2147483647"/>
<pin id="843" dir="0" index="2" bw="0" slack="2147483647"/>
<pin id="844" dir="1" index="3" bw="32" slack="0"/>
</pin_list>
<bind>
<opcode="load(27) " fcode="load"/>
<opset="tB_load/11 "/>
</bind>
</comp>

<comp id="846" class="1004" name="grp_access_fu_846">
<pin_list>
<pin id="847" dir="0" index="0" bw="4" slack="0"/>
<pin id="848" dir="0" index="1" bw="32" slack="2147483647"/>
<pin id="849" dir="0" index="2" bw="0" slack="2147483647"/>
<pin id="850" dir="1" index="3" bw="32" slack="0"/>
</pin_list>
<bind>
<opcode="load(27) " fcode="load"/>
<opset="tB_1_load/11 "/>
</bind>
</comp>

<comp id="852" class="1004" name="grp_access_fu_852">
<pin_list>
<pin id="853" dir="0" index="0" bw="4" slack="0"/>
<pin id="854" dir="0" index="1" bw="32" slack="2147483647"/>
<pin id="855" dir="0" index="2" bw="0" slack="2147483647"/>
<pin id="856" dir="1" index="3" bw="32" slack="0"/>
</pin_list>
<bind>
<opcode="load(27) " fcode="load"/>
<opset="tB_2_load/11 "/>
</bind>
</comp>

<comp id="858" class="1004" name="grp_access_fu_858">
<pin_list>
<pin id="859" dir="0" index="0" bw="4" slack="0"/>
<pin id="860" dir="0" index="1" bw="32" slack="2147483647"/>
<pin id="861" dir="0" index="2" bw="0" slack="2147483647"/>
<pin id="862" dir="1" index="3" bw="32" slack="0"/>
</pin_list>
<bind>
<opcode="load(27) " fcode="load"/>
<opset="tB_3_load/11 "/>
</bind>
</comp>

<comp id="864" class="1004" name="grp_access_fu_864">
<pin_list>
<pin id="865" dir="0" index="0" bw="4" slack="0"/>
<pin id="866" dir="0" index="1" bw="32" slack="2147483647"/>
<pin id="867" dir="0" index="2" bw="0" slack="2147483647"/>
<pin id="868" dir="1" index="3" bw="32" slack="0"/>
</pin_list>
<bind>
<opcode="load(27) " fcode="load"/>
<opset="tB_4_load/11 "/>
</bind>
</comp>

<comp id="870" class="1004" name="grp_access_fu_870">
<pin_list>
<pin id="871" dir="0" index="0" bw="4" slack="0"/>
<pin id="872" dir="0" index="1" bw="32" slack="2147483647"/>
<pin id="873" dir="0" index="2" bw="0" slack="2147483647"/>
<pin id="874" dir="1" index="3" bw="32" slack="0"/>
</pin_list>
<bind>
<opcode="load(27) " fcode="load"/>
<opset="tB_5_load/11 "/>
</bind>
</comp>

<comp id="876" class="1004" name="grp_access_fu_876">
<pin_list>
<pin id="877" dir="0" index="0" bw="4" slack="0"/>
<pin id="878" dir="0" index="1" bw="32" slack="2147483647"/>
<pin id="879" dir="0" index="2" bw="0" slack="2147483647"/>
<pin id="880" dir="1" index="3" bw="32" slack="0"/>
</pin_list>
<bind>
<opcode="load(27) " fcode="load"/>
<opset="tB_6_load/11 "/>
</bind>
</comp>

<comp id="882" class="1004" name="grp_access_fu_882">
<pin_list>
<pin id="883" dir="0" index="0" bw="4" slack="0"/>
<pin id="884" dir="0" index="1" bw="32" slack="2147483647"/>
<pin id="885" dir="0" index="2" bw="0" slack="2147483647"/>
<pin id="886" dir="1" index="3" bw="32" slack="0"/>
</pin_list>
<bind>
<opcode="load(27) " fcode="load"/>
<opset="tB_7_load/11 "/>
</bind>
</comp>

<comp id="888" class="1004" name="grp_access_fu_888">
<pin_list>
<pin id="889" dir="0" index="0" bw="4" slack="0"/>
<pin id="890" dir="0" index="1" bw="32" slack="2147483647"/>
<pin id="891" dir="0" index="2" bw="0" slack="2147483647"/>
<pin id="892" dir="1" index="3" bw="32" slack="0"/>
</pin_list>
<bind>
<opcode="load(27) " fcode="load"/>
<opset="tB_8_load/11 "/>
</bind>
</comp>

<comp id="894" class="1004" name="grp_access_fu_894">
<pin_list>
<pin id="895" dir="0" index="0" bw="4" slack="0"/>
<pin id="896" dir="0" index="1" bw="32" slack="2147483647"/>
<pin id="897" dir="0" index="2" bw="0" slack="2147483647"/>
<pin id="898" dir="1" index="3" bw="32" slack="0"/>
</pin_list>
<bind>
<opcode="load(27) " fcode="load"/>
<opset="tB_9_load/11 "/>
</bind>
</comp>

<comp id="900" class="1004" name="grp_access_fu_900">
<pin_list>
<pin id="901" dir="0" index="0" bw="4" slack="0"/>
<pin id="902" dir="0" index="1" bw="32" slack="2147483647"/>
<pin id="903" dir="0" index="2" bw="0" slack="2147483647"/>
<pin id="904" dir="1" index="3" bw="32" slack="0"/>
</pin_list>
<bind>
<opcode="load(27) " fcode="load"/>
<opset="tB_10_load/11 "/>
</bind>
</comp>

<comp id="906" class="1004" name="grp_access_fu_906">
<pin_list>
<pin id="907" dir="0" index="0" bw="4" slack="0"/>
<pin id="908" dir="0" index="1" bw="32" slack="2147483647"/>
<pin id="909" dir="0" index="2" bw="0" slack="2147483647"/>
<pin id="910" dir="1" index="3" bw="32" slack="0"/>
</pin_list>
<bind>
<opcode="load(27) " fcode="load"/>
<opset="tB_11_load/11 "/>
</bind>
</comp>

<comp id="912" class="1004" name="grp_access_fu_912">
<pin_list>
<pin id="913" dir="0" index="0" bw="4" slack="0"/>
<pin id="914" dir="0" index="1" bw="32" slack="2147483647"/>
<pin id="915" dir="0" index="2" bw="0" slack="2147483647"/>
<pin id="916" dir="1" index="3" bw="32" slack="0"/>
</pin_list>
<bind>
<opcode="load(27) " fcode="load"/>
<opset="tB_12_load/11 "/>
</bind>
</comp>

<comp id="918" class="1004" name="grp_access_fu_918">
<pin_list>
<pin id="919" dir="0" index="0" bw="4" slack="0"/>
<pin id="920" dir="0" index="1" bw="32" slack="2147483647"/>
<pin id="921" dir="0" index="2" bw="0" slack="2147483647"/>
<pin id="922" dir="1" index="3" bw="32" slack="0"/>
</pin_list>
<bind>
<opcode="load(27) " fcode="load"/>
<opset="tB_13_load/11 "/>
</bind>
</comp>

<comp id="924" class="1004" name="grp_access_fu_924">
<pin_list>
<pin id="925" dir="0" index="0" bw="4" slack="0"/>
<pin id="926" dir="0" index="1" bw="32" slack="2147483647"/>
<pin id="927" dir="0" index="2" bw="0" slack="2147483647"/>
<pin id="928" dir="1" index="3" bw="32" slack="0"/>
</pin_list>
<bind>
<opcode="load(27) " fcode="load"/>
<opset="tB_14_load/11 "/>
</bind>
</comp>

<comp id="930" class="1004" name="grp_access_fu_930">
<pin_list>
<pin id="931" dir="0" index="0" bw="4" slack="0"/>
<pin id="932" dir="0" index="1" bw="32" slack="2147483647"/>
<pin id="933" dir="0" index="2" bw="0" slack="2147483647"/>
<pin id="934" dir="1" index="3" bw="32" slack="0"/>
</pin_list>
<bind>
<opcode="load(27) " fcode="load"/>
<opset="tB_15_load/11 "/>
</bind>
</comp>

<comp id="936" class="1005" name="tj_reg_936">
<pin_list>
<pin id="937" dir="0" index="0" bw="4" slack="1"/>
<pin id="938" dir="1" index="1" bw="4" slack="1"/>
</pin_list>
<bind>
<opset="tj (phireg) "/>
</bind>
</comp>

<comp id="940" class="1004" name="tj_phi_fu_940">
<pin_list>
<pin id="941" dir="0" index="0" bw="1" slack="1"/>
<pin id="942" dir="0" index="1" bw="0" slack="2147483647"/>
<pin id="943" dir="0" index="2" bw="4" slack="0"/>
<pin id="944" dir="0" index="3" bw="0" slack="2147483647"/>
<pin id="945" dir="1" index="4" bw="4" slack="0"/>
</pin_list>
<bind>
<opcode="phi(47) " fcode="phi"/>
<opset="tj/3 "/>
</bind>
</comp>

<comp id="947" class="1005" name="tk_reg_947">
<pin_list>
<pin id="948" dir="0" index="0" bw="4" slack="1"/>
<pin id="949" dir="1" index="1" bw="4" slack="1"/>
</pin_list>
<bind>
<opset="tk (phireg) "/>
</bind>
</comp>

<comp id="951" class="1004" name="tk_phi_fu_951">
<pin_list>
<pin id="952" dir="0" index="0" bw="1" slack="1"/>
<pin id="953" dir="0" index="1" bw="0" slack="2147483647"/>
<pin id="954" dir="0" index="2" bw="4" slack="0"/>
<pin id="955" dir="0" index="3" bw="0" slack="2147483647"/>
<pin id="956" dir="1" index="4" bw="4" slack="0"/>
</pin_list>
<bind>
<opcode="phi(47) " fcode="phi"/>
<opset="tk/5 "/>
</bind>
</comp>

<comp id="958" class="1005" name="i_reg_958">
<pin_list>
<pin id="959" dir="0" index="0" bw="5" slack="1"/>
<pin id="960" dir="1" index="1" bw="5" slack="1"/>
</pin_list>
<bind>
<opset="i (phireg) "/>
</bind>
</comp>

<comp id="962" class="1004" name="i_phi_fu_962">
<pin_list>
<pin id="963" dir="0" index="0" bw="5" slack="0"/>
<pin id="964" dir="0" index="1" bw="0" slack="2147483647"/>
<pin id="965" dir="0" index="2" bw="1" slack="1"/>
<pin id="966" dir="0" index="3" bw="0" slack="2147483647"/>
<pin id="967" dir="1" index="4" bw="5" slack="0"/>
</pin_list>
<bind>
<opcode="phi(47) " fcode="phi"/>
<opset="i/9 "/>
</bind>
</comp>

<comp id="969" class="1005" name="add103_lcssa86_reg_969">
<pin_list>
<pin id="970" dir="0" index="0" bw="32" slack="1"/>
<pin id="971" dir="1" index="1" bw="32" slack="1"/>
</pin_list>
<bind>
<opset="add103_lcssa86 (phireg) "/>
</bind>
</comp>

<comp id="972" class="1004" name="add103_lcssa86_phi_fu_972">
<pin_list>
<pin id="973" dir="0" index="0" bw="32" slack="1"/>
<pin id="974" dir="0" index="1" bw="0" slack="2147483647"/>
<pin id="975" dir="0" index="2" bw="32" slack="1"/>
<pin id="976" dir="0" index="3" bw="0" slack="2147483647"/>
<pin id="977" dir="1" index="4" bw="32" slack="0"/>
</pin_list>
<bind>
<opcode="phi(47) " fcode="phi"/>
<opset="add103_lcssa86/11 "/>
</bind>
</comp>

<comp id="980" class="1005" name="add103_lcssa84_reg_980">
<pin_list>
<pin id="981" dir="0" index="0" bw="32" slack="1"/>
<pin id="982" dir="1" index="1" bw="32" slack="1"/>
</pin_list>
<bind>
<opset="add103_lcssa84 (phireg) "/>
</bind>
</comp>

<comp id="983" class="1004" name="add103_lcssa84_phi_fu_983">
<pin_list>
<pin id="984" dir="0" index="0" bw="32" slack="1"/>
<pin id="985" dir="0" index="1" bw="0" slack="2147483647"/>
<pin id="986" dir="0" index="2" bw="32" slack="1"/>
<pin id="987" dir="0" index="3" bw="0" slack="2147483647"/>
<pin id="988" dir="1" index="4" bw="32" slack="0"/>
</pin_list>
<bind>
<opcode="phi(47) " fcode="phi"/>
<opset="add103_lcssa84/11 "/>
</bind>
</comp>

<comp id="991" class="1005" name="add103_lcssa82_reg_991">
<pin_list>
<pin id="992" dir="0" index="0" bw="32" slack="1"/>
<pin id="993" dir="1" index="1" bw="32" slack="1"/>
</pin_list>
<bind>
<opset="add103_lcssa82 (phireg) "/>
</bind>
</comp>

<comp id="994" class="1004" name="add103_lcssa82_phi_fu_994">
<pin_list>
<pin id="995" dir="0" index="0" bw="32" slack="1"/>
<pin id="996" dir="0" index="1" bw="0" slack="2147483647"/>
<pin id="997" dir="0" index="2" bw="32" slack="1"/>
<pin id="998" dir="0" index="3" bw="0" slack="2147483647"/>
<pin id="999" dir="1" index="4" bw="32" slack="0"/>
</pin_list>
<bind>
<opcode="phi(47) " fcode="phi"/>
<opset="add103_lcssa82/11 "/>
</bind>
</comp>

<comp id="1002" class="1005" name="add103_lcssa80_reg_1002">
<pin_list>
<pin id="1003" dir="0" index="0" bw="32" slack="1"/>
<pin id="1004" dir="1" index="1" bw="32" slack="1"/>
</pin_list>
<bind>
<opset="add103_lcssa80 (phireg) "/>
</bind>
</comp>

<comp id="1005" class="1004" name="add103_lcssa80_phi_fu_1005">
<pin_list>
<pin id="1006" dir="0" index="0" bw="32" slack="1"/>
<pin id="1007" dir="0" index="1" bw="0" slack="2147483647"/>
<pin id="1008" dir="0" index="2" bw="32" slack="1"/>
<pin id="1009" dir="0" index="3" bw="0" slack="2147483647"/>
<pin id="1010" dir="1" index="4" bw="32" slack="0"/>
</pin_list>
<bind>
<opcode="phi(47) " fcode="phi"/>
<opset="add103_lcssa80/11 "/>
</bind>
</comp>

<comp id="1013" class="1005" name="add103_lcssa78_reg_1013">
<pin_list>
<pin id="1014" dir="0" index="0" bw="32" slack="1"/>
<pin id="1015" dir="1" index="1" bw="32" slack="1"/>
</pin_list>
<bind>
<opset="add103_lcssa78 (phireg) "/>
</bind>
</comp>

<comp id="1016" class="1004" name="add103_lcssa78_phi_fu_1016">
<pin_list>
<pin id="1017" dir="0" index="0" bw="32" slack="1"/>
<pin id="1018" dir="0" index="1" bw="0" slack="2147483647"/>
<pin id="1019" dir="0" index="2" bw="32" slack="1"/>
<pin id="1020" dir="0" index="3" bw="0" slack="2147483647"/>
<pin id="1021" dir="1" index="4" bw="32" slack="0"/>
</pin_list>
<bind>
<opcode="phi(47) " fcode="phi"/>
<opset="add103_lcssa78/11 "/>
</bind>
</comp>

<comp id="1024" class="1005" name="add103_lcssa76_reg_1024">
<pin_list>
<pin id="1025" dir="0" index="0" bw="32" slack="1"/>
<pin id="1026" dir="1" index="1" bw="32" slack="1"/>
</pin_list>
<bind>
<opset="add103_lcssa76 (phireg) "/>
</bind>
</comp>

<comp id="1027" class="1004" name="add103_lcssa76_phi_fu_1027">
<pin_list>
<pin id="1028" dir="0" index="0" bw="32" slack="1"/>
<pin id="1029" dir="0" index="1" bw="0" slack="2147483647"/>
<pin id="1030" dir="0" index="2" bw="32" slack="1"/>
<pin id="1031" dir="0" index="3" bw="0" slack="2147483647"/>
<pin id="1032" dir="1" index="4" bw="32" slack="0"/>
</pin_list>
<bind>
<opcode="phi(47) " fcode="phi"/>
<opset="add103_lcssa76/11 "/>
</bind>
</comp>

<comp id="1035" class="1005" name="add103_lcssa74_reg_1035">
<pin_list>
<pin id="1036" dir="0" index="0" bw="32" slack="1"/>
<pin id="1037" dir="1" index="1" bw="32" slack="1"/>
</pin_list>
<bind>
<opset="add103_lcssa74 (phireg) "/>
</bind>
</comp>

<comp id="1038" class="1004" name="add103_lcssa74_phi_fu_1038">
<pin_list>
<pin id="1039" dir="0" index="0" bw="32" slack="1"/>
<pin id="1040" dir="0" index="1" bw="0" slack="2147483647"/>
<pin id="1041" dir="0" index="2" bw="32" slack="1"/>
<pin id="1042" dir="0" index="3" bw="0" slack="2147483647"/>
<pin id="1043" dir="1" index="4" bw="32" slack="0"/>
</pin_list>
<bind>
<opcode="phi(47) " fcode="phi"/>
<opset="add103_lcssa74/11 "/>
</bind>
</comp>

<comp id="1046" class="1005" name="add103_lcssa72_reg_1046">
<pin_list>
<pin id="1047" dir="0" index="0" bw="32" slack="1"/>
<pin id="1048" dir="1" index="1" bw="32" slack="1"/>
</pin_list>
<bind>
<opset="add103_lcssa72 (phireg) "/>
</bind>
</comp>

<comp id="1049" class="1004" name="add103_lcssa72_phi_fu_1049">
<pin_list>
<pin id="1050" dir="0" index="0" bw="32" slack="1"/>
<pin id="1051" dir="0" index="1" bw="0" slack="2147483647"/>
<pin id="1052" dir="0" index="2" bw="32" slack="1"/>
<pin id="1053" dir="0" index="3" bw="0" slack="2147483647"/>
<pin id="1054" dir="1" index="4" bw="32" slack="0"/>
</pin_list>
<bind>
<opcode="phi(47) " fcode="phi"/>
<opset="add103_lcssa72/11 "/>
</bind>
</comp>

<comp id="1057" class="1005" name="add103_lcssa70_reg_1057">
<pin_list>
<pin id="1058" dir="0" index="0" bw="32" slack="1"/>
<pin id="1059" dir="1" index="1" bw="32" slack="1"/>
</pin_list>
<bind>
<opset="add103_lcssa70 (phireg) "/>
</bind>
</comp>

<comp id="1060" class="1004" name="add103_lcssa70_phi_fu_1060">
<pin_list>
<pin id="1061" dir="0" index="0" bw="32" slack="1"/>
<pin id="1062" dir="0" index="1" bw="0" slack="2147483647"/>
<pin id="1063" dir="0" index="2" bw="32" slack="1"/>
<pin id="1064" dir="0" index="3" bw="0" slack="2147483647"/>
<pin id="1065" dir="1" index="4" bw="32" slack="0"/>
</pin_list>
<bind>
<opcode="phi(47) " fcode="phi"/>
<opset="add103_lcssa70/11 "/>
</bind>
</comp>

<comp id="1068" class="1005" name="add103_lcssa68_reg_1068">
<pin_list>
<pin id="1069" dir="0" index="0" bw="32" slack="1"/>
<pin id="1070" dir="1" index="1" bw="32" slack="1"/>
</pin_list>
<bind>
<opset="add103_lcssa68 (phireg) "/>
</bind>
</comp>

<comp id="1071" class="1004" name="add103_lcssa68_phi_fu_1071">
<pin_list>
<pin id="1072" dir="0" index="0" bw="32" slack="1"/>
<pin id="1073" dir="0" index="1" bw="0" slack="2147483647"/>
<pin id="1074" dir="0" index="2" bw="32" slack="1"/>
<pin id="1075" dir="0" index="3" bw="0" slack="2147483647"/>
<pin id="1076" dir="1" index="4" bw="32" slack="0"/>
</pin_list>
<bind>
<opcode="phi(47) " fcode="phi"/>
<opset="add103_lcssa68/11 "/>
</bind>
</comp>

<comp id="1079" class="1005" name="add103_lcssa66_reg_1079">
<pin_list>
<pin id="1080" dir="0" index="0" bw="32" slack="1"/>
<pin id="1081" dir="1" index="1" bw="32" slack="1"/>
</pin_list>
<bind>
<opset="add103_lcssa66 (phireg) "/>
</bind>
</comp>

<comp id="1082" class="1004" name="add103_lcssa66_phi_fu_1082">
<pin_list>
<pin id="1083" dir="0" index="0" bw="32" slack="1"/>
<pin id="1084" dir="0" index="1" bw="0" slack="2147483647"/>
<pin id="1085" dir="0" index="2" bw="32" slack="1"/>
<pin id="1086" dir="0" index="3" bw="0" slack="2147483647"/>
<pin id="1087" dir="1" index="4" bw="32" slack="0"/>
</pin_list>
<bind>
<opcode="phi(47) " fcode="phi"/>
<opset="add103_lcssa66/11 "/>
</bind>
</comp>

<comp id="1090" class="1005" name="add103_lcssa64_reg_1090">
<pin_list>
<pin id="1091" dir="0" index="0" bw="32" slack="1"/>
<pin id="1092" dir="1" index="1" bw="32" slack="1"/>
</pin_list>
<bind>
<opset="add103_lcssa64 (phireg) "/>
</bind>
</comp>

<comp id="1093" class="1004" name="add103_lcssa64_phi_fu_1093">
<pin_list>
<pin id="1094" dir="0" index="0" bw="32" slack="1"/>
<pin id="1095" dir="0" index="1" bw="0" slack="2147483647"/>
<pin id="1096" dir="0" index="2" bw="32" slack="1"/>
<pin id="1097" dir="0" index="3" bw="0" slack="2147483647"/>
<pin id="1098" dir="1" index="4" bw="32" slack="0"/>
</pin_list>
<bind>
<opcode="phi(47) " fcode="phi"/>
<opset="add103_lcssa64/11 "/>
</bind>
</comp>

<comp id="1101" class="1005" name="add103_lcssa62_reg_1101">
<pin_list>
<pin id="1102" dir="0" index="0" bw="32" slack="1"/>
<pin id="1103" dir="1" index="1" bw="32" slack="1"/>
</pin_list>
<bind>
<opset="add103_lcssa62 (phireg) "/>
</bind>
</comp>

<comp id="1104" class="1004" name="add103_lcssa62_phi_fu_1104">
<pin_list>
<pin id="1105" dir="0" index="0" bw="32" slack="1"/>
<pin id="1106" dir="0" index="1" bw="0" slack="2147483647"/>
<pin id="1107" dir="0" index="2" bw="32" slack="1"/>
<pin id="1108" dir="0" index="3" bw="0" slack="2147483647"/>
<pin id="1109" dir="1" index="4" bw="32" slack="0"/>
</pin_list>
<bind>
<opcode="phi(47) " fcode="phi"/>
<opset="add103_lcssa62/11 "/>
</bind>
</comp>

<comp id="1112" class="1005" name="add103_lcssa60_reg_1112">
<pin_list>
<pin id="1113" dir="0" index="0" bw="32" slack="1"/>
<pin id="1114" dir="1" index="1" bw="32" slack="1"/>
</pin_list>
<bind>
<opset="add103_lcssa60 (phireg) "/>
</bind>
</comp>

<comp id="1115" class="1004" name="add103_lcssa60_phi_fu_1115">
<pin_list>
<pin id="1116" dir="0" index="0" bw="32" slack="1"/>
<pin id="1117" dir="0" index="1" bw="0" slack="2147483647"/>
<pin id="1118" dir="0" index="2" bw="32" slack="1"/>
<pin id="1119" dir="0" index="3" bw="0" slack="2147483647"/>
<pin id="1120" dir="1" index="4" bw="32" slack="0"/>
</pin_list>
<bind>
<opcode="phi(47) " fcode="phi"/>
<opset="add103_lcssa60/11 "/>
</bind>
</comp>

<comp id="1123" class="1005" name="add103_lcssa58_reg_1123">
<pin_list>
<pin id="1124" dir="0" index="0" bw="32" slack="1"/>
<pin id="1125" dir="1" index="1" bw="32" slack="1"/>
</pin_list>
<bind>
<opset="add103_lcssa58 (phireg) "/>
</bind>
</comp>

<comp id="1126" class="1004" name="add103_lcssa58_phi_fu_1126">
<pin_list>
<pin id="1127" dir="0" index="0" bw="32" slack="1"/>
<pin id="1128" dir="0" index="1" bw="0" slack="2147483647"/>
<pin id="1129" dir="0" index="2" bw="32" slack="1"/>
<pin id="1130" dir="0" index="3" bw="0" slack="2147483647"/>
<pin id="1131" dir="1" index="4" bw="32" slack="0"/>
</pin_list>
<bind>
<opcode="phi(47) " fcode="phi"/>
<opset="add103_lcssa58/11 "/>
</bind>
</comp>

<comp id="1134" class="1005" name="add103_lcssa56_reg_1134">
<pin_list>
<pin id="1135" dir="0" index="0" bw="32" slack="1"/>
<pin id="1136" dir="1" index="1" bw="32" slack="1"/>
</pin_list>
<bind>
<opset="add103_lcssa56 (phireg) "/>
</bind>
</comp>

<comp id="1137" class="1004" name="add103_lcssa56_phi_fu_1137">
<pin_list>
<pin id="1138" dir="0" index="0" bw="32" slack="1"/>
<pin id="1139" dir="0" index="1" bw="0" slack="2147483647"/>
<pin id="1140" dir="0" index="2" bw="32" slack="1"/>
<pin id="1141" dir="0" index="3" bw="0" slack="2147483647"/>
<pin id="1142" dir="1" index="4" bw="32" slack="0"/>
</pin_list>
<bind>
<opcode="phi(47) " fcode="phi"/>
<opset="add103_lcssa56/11 "/>
</bind>
</comp>

<comp id="1145" class="1005" name="j_reg_1145">
<pin_list>
<pin id="1146" dir="0" index="0" bw="5" slack="1"/>
<pin id="1147" dir="1" index="1" bw="5" slack="1"/>
</pin_list>
<bind>
<opset="j (phireg) "/>
</bind>
</comp>

<comp id="1149" class="1004" name="j_phi_fu_1149">
<pin_list>
<pin id="1150" dir="0" index="0" bw="1" slack="1"/>
<pin id="1151" dir="0" index="1" bw="0" slack="2147483647"/>
<pin id="1152" dir="0" index="2" bw="5" slack="0"/>
<pin id="1153" dir="0" index="3" bw="0" slack="2147483647"/>
<pin id="1154" dir="1" index="4" bw="5" slack="0"/>
</pin_list>
<bind>
<opcode="phi(47) " fcode="phi"/>
<opset="j/11 "/>
</bind>
</comp>

<comp id="1156" class="1005" name="add103_lcssa85_reg_1156">
<pin_list>
<pin id="1157" dir="0" index="0" bw="32" slack="1"/>
<pin id="1158" dir="1" index="1" bw="32" slack="1"/>
</pin_list>
<bind>
<opset="add103_lcssa85 (phireg) "/>
</bind>
</comp>

<comp id="1160" class="1004" name="add103_lcssa85_phi_fu_1160">
<pin_list>
<pin id="1161" dir="0" index="0" bw="32" slack="0"/>
<pin id="1162" dir="0" index="1" bw="0" slack="2147483647"/>
<pin id="1163" dir="0" index="2" bw="32" slack="3"/>
<pin id="1164" dir="0" index="3" bw="0" slack="2147483647"/>
<pin id="1165" dir="0" index="4" bw="32" slack="3"/>
<pin id="1166" dir="0" index="5" bw="0" slack="2147483647"/>
<pin id="1167" dir="0" index="6" bw="32" slack="3"/>
<pin id="1168" dir="0" index="7" bw="0" slack="2147483647"/>
<pin id="1169" dir="0" index="8" bw="32" slack="3"/>
<pin id="1170" dir="0" index="9" bw="0" slack="2147483647"/>
<pin id="1171" dir="0" index="10" bw="32" slack="3"/>
<pin id="1172" dir="0" index="11" bw="0" slack="2147483647"/>
<pin id="1173" dir="0" index="12" bw="32" slack="3"/>
<pin id="1174" dir="0" index="13" bw="0" slack="2147483647"/>
<pin id="1175" dir="0" index="14" bw="32" slack="3"/>
<pin id="1176" dir="0" index="15" bw="0" slack="2147483647"/>
<pin id="1177" dir="0" index="16" bw="32" slack="3"/>
<pin id="1178" dir="0" index="17" bw="0" slack="2147483647"/>
<pin id="1179" dir="0" index="18" bw="32" slack="3"/>
<pin id="1180" dir="0" index="19" bw="0" slack="2147483647"/>
<pin id="1181" dir="0" index="20" bw="32" slack="3"/>
<pin id="1182" dir="0" index="21" bw="0" slack="2147483647"/>
<pin id="1183" dir="0" index="22" bw="32" slack="3"/>
<pin id="1184" dir="0" index="23" bw="0" slack="2147483647"/>
<pin id="1185" dir="0" index="24" bw="32" slack="3"/>
<pin id="1186" dir="0" index="25" bw="0" slack="2147483647"/>
<pin id="1187" dir="0" index="26" bw="32" slack="3"/>
<pin id="1188" dir="0" index="27" bw="0" slack="2147483647"/>
<pin id="1189" dir="0" index="28" bw="32" slack="3"/>
<pin id="1190" dir="0" index="29" bw="0" slack="2147483647"/>
<pin id="1191" dir="0" index="30" bw="32" slack="3"/>
<pin id="1192" dir="0" index="31" bw="0" slack="2147483647"/>
<pin id="1193" dir="1" index="32" bw="32" slack="1"/>
</pin_list>
<bind>
<opcode="phi(47) " fcode="phi"/>
<opset="add103_lcssa85/14 "/>
</bind>
</comp>

<comp id="1210" class="1005" name="add103_lcssa83_reg_1210">
<pin_list>
<pin id="1211" dir="0" index="0" bw="32" slack="1"/>
<pin id="1212" dir="1" index="1" bw="32" slack="1"/>
</pin_list>
<bind>
<opset="add103_lcssa83 (phireg) "/>
</bind>
</comp>

<comp id="1214" class="1004" name="add103_lcssa83_phi_fu_1214">
<pin_list>
<pin id="1215" dir="0" index="0" bw="32" slack="3"/>
<pin id="1216" dir="0" index="1" bw="0" slack="2147483647"/>
<pin id="1217" dir="0" index="2" bw="32" slack="3"/>
<pin id="1218" dir="0" index="3" bw="0" slack="2147483647"/>
<pin id="1219" dir="0" index="4" bw="32" slack="3"/>
<pin id="1220" dir="0" index="5" bw="0" slack="2147483647"/>
<pin id="1221" dir="0" index="6" bw="32" slack="3"/>
<pin id="1222" dir="0" index="7" bw="0" slack="2147483647"/>
<pin id="1223" dir="0" index="8" bw="32" slack="3"/>
<pin id="1224" dir="0" index="9" bw="0" slack="2147483647"/>
<pin id="1225" dir="0" index="10" bw="32" slack="3"/>
<pin id="1226" dir="0" index="11" bw="0" slack="2147483647"/>
<pin id="1227" dir="0" index="12" bw="32" slack="3"/>
<pin id="1228" dir="0" index="13" bw="0" slack="2147483647"/>
<pin id="1229" dir="0" index="14" bw="32" slack="3"/>
<pin id="1230" dir="0" index="15" bw="0" slack="2147483647"/>
<pin id="1231" dir="0" index="16" bw="32" slack="3"/>
<pin id="1232" dir="0" index="17" bw="0" slack="2147483647"/>
<pin id="1233" dir="0" index="18" bw="32" slack="3"/>
<pin id="1234" dir="0" index="19" bw="0" slack="2147483647"/>
<pin id="1235" dir="0" index="20" bw="32" slack="3"/>
<pin id="1236" dir="0" index="21" bw="0" slack="2147483647"/>
<pin id="1237" dir="0" index="22" bw="32" slack="3"/>
<pin id="1238" dir="0" index="23" bw="0" slack="2147483647"/>
<pin id="1239" dir="0" index="24" bw="32" slack="3"/>
<pin id="1240" dir="0" index="25" bw="0" slack="2147483647"/>
<pin id="1241" dir="0" index="26" bw="32" slack="3"/>
<pin id="1242" dir="0" index="27" bw="0" slack="2147483647"/>
<pin id="1243" dir="0" index="28" bw="32" slack="3"/>
<pin id="1244" dir="0" index="29" bw="0" slack="2147483647"/>
<pin id="1245" dir="0" index="30" bw="32" slack="0"/>
<pin id="1246" dir="0" index="31" bw="0" slack="2147483647"/>
<pin id="1247" dir="1" index="32" bw="32" slack="1"/>
</pin_list>
<bind>
<opcode="phi(47) " fcode="phi"/>
<opset="add103_lcssa83/14 "/>
</bind>
</comp>

<comp id="1264" class="1005" name="add103_lcssa81_reg_1264">
<pin_list>
<pin id="1265" dir="0" index="0" bw="32" slack="1"/>
<pin id="1266" dir="1" index="1" bw="32" slack="1"/>
</pin_list>
<bind>
<opset="add103_lcssa81 (phireg) "/>
</bind>
</comp>

<comp id="1268" class="1004" name="add103_lcssa81_phi_fu_1268">
<pin_list>
<pin id="1269" dir="0" index="0" bw="32" slack="3"/>
<pin id="1270" dir="0" index="1" bw="0" slack="2147483647"/>
<pin id="1271" dir="0" index="2" bw="32" slack="0"/>
<pin id="1272" dir="0" index="3" bw="0" slack="2147483647"/>
<pin id="1273" dir="0" index="4" bw="32" slack="3"/>
<pin id="1274" dir="0" index="5" bw="0" slack="2147483647"/>
<pin id="1275" dir="0" index="6" bw="32" slack="3"/>
<pin id="1276" dir="0" index="7" bw="0" slack="2147483647"/>
<pin id="1277" dir="0" index="8" bw="32" slack="3"/>
<pin id="1278" dir="0" index="9" bw="0" slack="2147483647"/>
<pin id="1279" dir="0" index="10" bw="32" slack="3"/>
<pin id="1280" dir="0" index="11" bw="0" slack="2147483647"/>
<pin id="1281" dir="0" index="12" bw="32" slack="3"/>
<pin id="1282" dir="0" index="13" bw="0" slack="2147483647"/>
<pin id="1283" dir="0" index="14" bw="32" slack="3"/>
<pin id="1284" dir="0" index="15" bw="0" slack="2147483647"/>
<pin id="1285" dir="0" index="16" bw="32" slack="3"/>
<pin id="1286" dir="0" index="17" bw="0" slack="2147483647"/>
<pin id="1287" dir="0" index="18" bw="32" slack="3"/>
<pin id="1288" dir="0" index="19" bw="0" slack="2147483647"/>
<pin id="1289" dir="0" index="20" bw="32" slack="3"/>
<pin id="1290" dir="0" index="21" bw="0" slack="2147483647"/>
<pin id="1291" dir="0" index="22" bw="32" slack="3"/>
<pin id="1292" dir="0" index="23" bw="0" slack="2147483647"/>
<pin id="1293" dir="0" index="24" bw="32" slack="3"/>
<pin id="1294" dir="0" index="25" bw="0" slack="2147483647"/>
<pin id="1295" dir="0" index="26" bw="32" slack="3"/>
<pin id="1296" dir="0" index="27" bw="0" slack="2147483647"/>
<pin id="1297" dir="0" index="28" bw="32" slack="3"/>
<pin id="1298" dir="0" index="29" bw="0" slack="2147483647"/>
<pin id="1299" dir="0" index="30" bw="32" slack="3"/>
<pin id="1300" dir="0" index="31" bw="0" slack="2147483647"/>
<pin id="1301" dir="1" index="32" bw="32" slack="1"/>
</pin_list>
<bind>
<opcode="phi(47) " fcode="phi"/>
<opset="add103_lcssa81/14 "/>
</bind>
</comp>

<comp id="1318" class="1005" name="add103_lcssa79_reg_1318">
<pin_list>
<pin id="1319" dir="0" index="0" bw="32" slack="1"/>
<pin id="1320" dir="1" index="1" bw="32" slack="1"/>
</pin_list>
<bind>
<opset="add103_lcssa79 (phireg) "/>
</bind>
</comp>

<comp id="1322" class="1004" name="add103_lcssa79_phi_fu_1322">
<pin_list>
<pin id="1323" dir="0" index="0" bw="32" slack="3"/>
<pin id="1324" dir="0" index="1" bw="0" slack="2147483647"/>
<pin id="1325" dir="0" index="2" bw="32" slack="3"/>
<pin id="1326" dir="0" index="3" bw="0" slack="2147483647"/>
<pin id="1327" dir="0" index="4" bw="32" slack="0"/>
<pin id="1328" dir="0" index="5" bw="0" slack="2147483647"/>
<pin id="1329" dir="0" index="6" bw="32" slack="3"/>
<pin id="1330" dir="0" index="7" bw="0" slack="2147483647"/>
<pin id="1331" dir="0" index="8" bw="32" slack="3"/>
<pin id="1332" dir="0" index="9" bw="0" slack="2147483647"/>
<pin id="1333" dir="0" index="10" bw="32" slack="3"/>
<pin id="1334" dir="0" index="11" bw="0" slack="2147483647"/>
<pin id="1335" dir="0" index="12" bw="32" slack="3"/>
<pin id="1336" dir="0" index="13" bw="0" slack="2147483647"/>
<pin id="1337" dir="0" index="14" bw="32" slack="3"/>
<pin id="1338" dir="0" index="15" bw="0" slack="2147483647"/>
<pin id="1339" dir="0" index="16" bw="32" slack="3"/>
<pin id="1340" dir="0" index="17" bw="0" slack="2147483647"/>
<pin id="1341" dir="0" index="18" bw="32" slack="3"/>
<pin id="1342" dir="0" index="19" bw="0" slack="2147483647"/>
<pin id="1343" dir="0" index="20" bw="32" slack="3"/>
<pin id="1344" dir="0" index="21" bw="0" slack="2147483647"/>
<pin id="1345" dir="0" index="22" bw="32" slack="3"/>
<pin id="1346" dir="0" index="23" bw="0" slack="2147483647"/>
<pin id="1347" dir="0" index="24" bw="32" slack="3"/>
<pin id="1348" dir="0" index="25" bw="0" slack="2147483647"/>
<pin id="1349" dir="0" index="26" bw="32" slack="3"/>
<pin id="1350" dir="0" index="27" bw="0" slack="2147483647"/>
<pin id="1351" dir="0" index="28" bw="32" slack="3"/>
<pin id="1352" dir="0" index="29" bw="0" slack="2147483647"/>
<pin id="1353" dir="0" index="30" bw="32" slack="3"/>
<pin id="1354" dir="0" index="31" bw="0" slack="2147483647"/>
<pin id="1355" dir="1" index="32" bw="32" slack="1"/>
</pin_list>
<bind>
<opcode="phi(47) " fcode="phi"/>
<opset="add103_lcssa79/14 "/>
</bind>
</comp>

<comp id="1372" class="1005" name="add103_lcssa77_reg_1372">
<pin_list>
<pin id="1373" dir="0" index="0" bw="32" slack="1"/>
<pin id="1374" dir="1" index="1" bw="32" slack="1"/>
</pin_list>
<bind>
<opset="add103_lcssa77 (phireg) "/>
</bind>
</comp>

<comp id="1376" class="1004" name="add103_lcssa77_phi_fu_1376">
<pin_list>
<pin id="1377" dir="0" index="0" bw="32" slack="3"/>
<pin id="1378" dir="0" index="1" bw="0" slack="2147483647"/>
<pin id="1379" dir="0" index="2" bw="32" slack="3"/>
<pin id="1380" dir="0" index="3" bw="0" slack="2147483647"/>
<pin id="1381" dir="0" index="4" bw="32" slack="3"/>
<pin id="1382" dir="0" index="5" bw="0" slack="2147483647"/>
<pin id="1383" dir="0" index="6" bw="32" slack="0"/>
<pin id="1384" dir="0" index="7" bw="0" slack="2147483647"/>
<pin id="1385" dir="0" index="8" bw="32" slack="3"/>
<pin id="1386" dir="0" index="9" bw="0" slack="2147483647"/>
<pin id="1387" dir="0" index="10" bw="32" slack="3"/>
<pin id="1388" dir="0" index="11" bw="0" slack="2147483647"/>
<pin id="1389" dir="0" index="12" bw="32" slack="3"/>
<pin id="1390" dir="0" index="13" bw="0" slack="2147483647"/>
<pin id="1391" dir="0" index="14" bw="32" slack="3"/>
<pin id="1392" dir="0" index="15" bw="0" slack="2147483647"/>
<pin id="1393" dir="0" index="16" bw="32" slack="3"/>
<pin id="1394" dir="0" index="17" bw="0" slack="2147483647"/>
<pin id="1395" dir="0" index="18" bw="32" slack="3"/>
<pin id="1396" dir="0" index="19" bw="0" slack="2147483647"/>
<pin id="1397" dir="0" index="20" bw="32" slack="3"/>
<pin id="1398" dir="0" index="21" bw="0" slack="2147483647"/>
<pin id="1399" dir="0" index="22" bw="32" slack="3"/>
<pin id="1400" dir="0" index="23" bw="0" slack="2147483647"/>
<pin id="1401" dir="0" index="24" bw="32" slack="3"/>
<pin id="1402" dir="0" index="25" bw="0" slack="2147483647"/>
<pin id="1403" dir="0" index="26" bw="32" slack="3"/>
<pin id="1404" dir="0" index="27" bw="0" slack="2147483647"/>
<pin id="1405" dir="0" index="28" bw="32" slack="3"/>
<pin id="1406" dir="0" index="29" bw="0" slack="2147483647"/>
<pin id="1407" dir="0" index="30" bw="32" slack="3"/>
<pin id="1408" dir="0" index="31" bw="0" slack="2147483647"/>
<pin id="1409" dir="1" index="32" bw="32" slack="1"/>
</pin_list>
<bind>
<opcode="phi(47) " fcode="phi"/>
<opset="add103_lcssa77/14 "/>
</bind>
</comp>

<comp id="1426" class="1005" name="add103_lcssa75_reg_1426">
<pin_list>
<pin id="1427" dir="0" index="0" bw="32" slack="1"/>
<pin id="1428" dir="1" index="1" bw="32" slack="1"/>
</pin_list>
<bind>
<opset="add103_lcssa75 (phireg) "/>
</bind>
</comp>

<comp id="1430" class="1004" name="add103_lcssa75_phi_fu_1430">
<pin_list>
<pin id="1431" dir="0" index="0" bw="32" slack="3"/>
<pin id="1432" dir="0" index="1" bw="0" slack="2147483647"/>
<pin id="1433" dir="0" index="2" bw="32" slack="3"/>
<pin id="1434" dir="0" index="3" bw="0" slack="2147483647"/>
<pin id="1435" dir="0" index="4" bw="32" slack="3"/>
<pin id="1436" dir="0" index="5" bw="0" slack="2147483647"/>
<pin id="1437" dir="0" index="6" bw="32" slack="3"/>
<pin id="1438" dir="0" index="7" bw="0" slack="2147483647"/>
<pin id="1439" dir="0" index="8" bw="32" slack="0"/>
<pin id="1440" dir="0" index="9" bw="0" slack="2147483647"/>
<pin id="1441" dir="0" index="10" bw="32" slack="3"/>
<pin id="1442" dir="0" index="11" bw="0" slack="2147483647"/>
<pin id="1443" dir="0" index="12" bw="32" slack="3"/>
<pin id="1444" dir="0" index="13" bw="0" slack="2147483647"/>
<pin id="1445" dir="0" index="14" bw="32" slack="3"/>
<pin id="1446" dir="0" index="15" bw="0" slack="2147483647"/>
<pin id="1447" dir="0" index="16" bw="32" slack="3"/>
<pin id="1448" dir="0" index="17" bw="0" slack="2147483647"/>
<pin id="1449" dir="0" index="18" bw="32" slack="3"/>
<pin id="1450" dir="0" index="19" bw="0" slack="2147483647"/>
<pin id="1451" dir="0" index="20" bw="32" slack="3"/>
<pin id="1452" dir="0" index="21" bw="0" slack="2147483647"/>
<pin id="1453" dir="0" index="22" bw="32" slack="3"/>
<pin id="1454" dir="0" index="23" bw="0" slack="2147483647"/>
<pin id="1455" dir="0" index="24" bw="32" slack="3"/>
<pin id="1456" dir="0" index="25" bw="0" slack="2147483647"/>
<pin id="1457" dir="0" index="26" bw="32" slack="3"/>
<pin id="1458" dir="0" index="27" bw="0" slack="2147483647"/>
<pin id="1459" dir="0" index="28" bw="32" slack="3"/>
<pin id="1460" dir="0" index="29" bw="0" slack="2147483647"/>
<pin id="1461" dir="0" index="30" bw="32" slack="3"/>
<pin id="1462" dir="0" index="31" bw="0" slack="2147483647"/>
<pin id="1463" dir="1" index="32" bw="32" slack="1"/>
</pin_list>
<bind>
<opcode="phi(47) " fcode="phi"/>
<opset="add103_lcssa75/14 "/>
</bind>
</comp>

<comp id="1480" class="1005" name="add103_lcssa73_reg_1480">
<pin_list>
<pin id="1481" dir="0" index="0" bw="32" slack="1"/>
<pin id="1482" dir="1" index="1" bw="32" slack="1"/>
</pin_list>
<bind>
<opset="add103_lcssa73 (phireg) "/>
</bind>
</comp>

<comp id="1484" class="1004" name="add103_lcssa73_phi_fu_1484">
<pin_list>
<pin id="1485" dir="0" index="0" bw="32" slack="3"/>
<pin id="1486" dir="0" index="1" bw="0" slack="2147483647"/>
<pin id="1487" dir="0" index="2" bw="32" slack="3"/>
<pin id="1488" dir="0" index="3" bw="0" slack="2147483647"/>
<pin id="1489" dir="0" index="4" bw="32" slack="3"/>
<pin id="1490" dir="0" index="5" bw="0" slack="2147483647"/>
<pin id="1491" dir="0" index="6" bw="32" slack="3"/>
<pin id="1492" dir="0" index="7" bw="0" slack="2147483647"/>
<pin id="1493" dir="0" index="8" bw="32" slack="3"/>
<pin id="1494" dir="0" index="9" bw="0" slack="2147483647"/>
<pin id="1495" dir="0" index="10" bw="32" slack="0"/>
<pin id="1496" dir="0" index="11" bw="0" slack="2147483647"/>
<pin id="1497" dir="0" index="12" bw="32" slack="3"/>
<pin id="1498" dir="0" index="13" bw="0" slack="2147483647"/>
<pin id="1499" dir="0" index="14" bw="32" slack="3"/>
<pin id="1500" dir="0" index="15" bw="0" slack="2147483647"/>
<pin id="1501" dir="0" index="16" bw="32" slack="3"/>
<pin id="1502" dir="0" index="17" bw="0" slack="2147483647"/>
<pin id="1503" dir="0" index="18" bw="32" slack="3"/>
<pin id="1504" dir="0" index="19" bw="0" slack="2147483647"/>
<pin id="1505" dir="0" index="20" bw="32" slack="3"/>
<pin id="1506" dir="0" index="21" bw="0" slack="2147483647"/>
<pin id="1507" dir="0" index="22" bw="32" slack="3"/>
<pin id="1508" dir="0" index="23" bw="0" slack="2147483647"/>
<pin id="1509" dir="0" index="24" bw="32" slack="3"/>
<pin id="1510" dir="0" index="25" bw="0" slack="2147483647"/>
<pin id="1511" dir="0" index="26" bw="32" slack="3"/>
<pin id="1512" dir="0" index="27" bw="0" slack="2147483647"/>
<pin id="1513" dir="0" index="28" bw="32" slack="3"/>
<pin id="1514" dir="0" index="29" bw="0" slack="2147483647"/>
<pin id="1515" dir="0" index="30" bw="32" slack="3"/>
<pin id="1516" dir="0" index="31" bw="0" slack="2147483647"/>
<pin id="1517" dir="1" index="32" bw="32" slack="1"/>
</pin_list>
<bind>
<opcode="phi(47) " fcode="phi"/>
<opset="add103_lcssa73/14 "/>
</bind>
</comp>

<comp id="1534" class="1005" name="add103_lcssa71_reg_1534">
<pin_list>
<pin id="1535" dir="0" index="0" bw="32" slack="1"/>
<pin id="1536" dir="1" index="1" bw="32" slack="1"/>
</pin_list>
<bind>
<opset="add103_lcssa71 (phireg) "/>
</bind>
</comp>

<comp id="1538" class="1004" name="add103_lcssa71_phi_fu_1538">
<pin_list>
<pin id="1539" dir="0" index="0" bw="32" slack="3"/>
<pin id="1540" dir="0" index="1" bw="0" slack="2147483647"/>
<pin id="1541" dir="0" index="2" bw="32" slack="3"/>
<pin id="1542" dir="0" index="3" bw="0" slack="2147483647"/>
<pin id="1543" dir="0" index="4" bw="32" slack="3"/>
<pin id="1544" dir="0" index="5" bw="0" slack="2147483647"/>
<pin id="1545" dir="0" index="6" bw="32" slack="3"/>
<pin id="1546" dir="0" index="7" bw="0" slack="2147483647"/>
<pin id="1547" dir="0" index="8" bw="32" slack="3"/>
<pin id="1548" dir="0" index="9" bw="0" slack="2147483647"/>
<pin id="1549" dir="0" index="10" bw="32" slack="3"/>
<pin id="1550" dir="0" index="11" bw="0" slack="2147483647"/>
<pin id="1551" dir="0" index="12" bw="32" slack="0"/>
<pin id="1552" dir="0" index="13" bw="0" slack="2147483647"/>
<pin id="1553" dir="0" index="14" bw="32" slack="3"/>
<pin id="1554" dir="0" index="15" bw="0" slack="2147483647"/>
<pin id="1555" dir="0" index="16" bw="32" slack="3"/>
<pin id="1556" dir="0" index="17" bw="0" slack="2147483647"/>
<pin id="1557" dir="0" index="18" bw="32" slack="3"/>
<pin id="1558" dir="0" index="19" bw="0" slack="2147483647"/>
<pin id="1559" dir="0" index="20" bw="32" slack="3"/>
<pin id="1560" dir="0" index="21" bw="0" slack="2147483647"/>
<pin id="1561" dir="0" index="22" bw="32" slack="3"/>
<pin id="1562" dir="0" index="23" bw="0" slack="2147483647"/>
<pin id="1563" dir="0" index="24" bw="32" slack="3"/>
<pin id="1564" dir="0" index="25" bw="0" slack="2147483647"/>
<pin id="1565" dir="0" index="26" bw="32" slack="3"/>
<pin id="1566" dir="0" index="27" bw="0" slack="2147483647"/>
<pin id="1567" dir="0" index="28" bw="32" slack="3"/>
<pin id="1568" dir="0" index="29" bw="0" slack="2147483647"/>
<pin id="1569" dir="0" index="30" bw="32" slack="3"/>
<pin id="1570" dir="0" index="31" bw="0" slack="2147483647"/>
<pin id="1571" dir="1" index="32" bw="32" slack="1"/>
</pin_list>
<bind>
<opcode="phi(47) " fcode="phi"/>
<opset="add103_lcssa71/14 "/>
</bind>
</comp>

<comp id="1588" class="1005" name="add103_lcssa69_reg_1588">
<pin_list>
<pin id="1589" dir="0" index="0" bw="32" slack="1"/>
<pin id="1590" dir="1" index="1" bw="32" slack="1"/>
</pin_list>
<bind>
<opset="add103_lcssa69 (phireg) "/>
</bind>
</comp>

<comp id="1592" class="1004" name="add103_lcssa69_phi_fu_1592">
<pin_list>
<pin id="1593" dir="0" index="0" bw="32" slack="3"/>
<pin id="1594" dir="0" index="1" bw="0" slack="2147483647"/>
<pin id="1595" dir="0" index="2" bw="32" slack="3"/>
<pin id="1596" dir="0" index="3" bw="0" slack="2147483647"/>
<pin id="1597" dir="0" index="4" bw="32" slack="3"/>
<pin id="1598" dir="0" index="5" bw="0" slack="2147483647"/>
<pin id="1599" dir="0" index="6" bw="32" slack="3"/>
<pin id="1600" dir="0" index="7" bw="0" slack="2147483647"/>
<pin id="1601" dir="0" index="8" bw="32" slack="3"/>
<pin id="1602" dir="0" index="9" bw="0" slack="2147483647"/>
<pin id="1603" dir="0" index="10" bw="32" slack="3"/>
<pin id="1604" dir="0" index="11" bw="0" slack="2147483647"/>
<pin id="1605" dir="0" index="12" bw="32" slack="3"/>
<pin id="1606" dir="0" index="13" bw="0" slack="2147483647"/>
<pin id="1607" dir="0" index="14" bw="32" slack="0"/>
<pin id="1608" dir="0" index="15" bw="0" slack="2147483647"/>
<pin id="1609" dir="0" index="16" bw="32" slack="3"/>
<pin id="1610" dir="0" index="17" bw="0" slack="2147483647"/>
<pin id="1611" dir="0" index="18" bw="32" slack="3"/>
<pin id="1612" dir="0" index="19" bw="0" slack="2147483647"/>
<pin id="1613" dir="0" index="20" bw="32" slack="3"/>
<pin id="1614" dir="0" index="21" bw="0" slack="2147483647"/>
<pin id="1615" dir="0" index="22" bw="32" slack="3"/>
<pin id="1616" dir="0" index="23" bw="0" slack="2147483647"/>
<pin id="1617" dir="0" index="24" bw="32" slack="3"/>
<pin id="1618" dir="0" index="25" bw="0" slack="2147483647"/>
<pin id="1619" dir="0" index="26" bw="32" slack="3"/>
<pin id="1620" dir="0" index="27" bw="0" slack="2147483647"/>
<pin id="1621" dir="0" index="28" bw="32" slack="3"/>
<pin id="1622" dir="0" index="29" bw="0" slack="2147483647"/>
<pin id="1623" dir="0" index="30" bw="32" slack="3"/>
<pin id="1624" dir="0" index="31" bw="0" slack="2147483647"/>
<pin id="1625" dir="1" index="32" bw="32" slack="1"/>
</pin_list>
<bind>
<opcode="phi(47) " fcode="phi"/>
<opset="add103_lcssa69/14 "/>
</bind>
</comp>

<comp id="1642" class="1005" name="add103_lcssa67_reg_1642">
<pin_list>
<pin id="1643" dir="0" index="0" bw="32" slack="1"/>
<pin id="1644" dir="1" index="1" bw="32" slack="1"/>
</pin_list>
<bind>
<opset="add103_lcssa67 (phireg) "/>
</bind>
</comp>

<comp id="1646" class="1004" name="add103_lcssa67_phi_fu_1646">
<pin_list>
<pin id="1647" dir="0" index="0" bw="32" slack="3"/>
<pin id="1648" dir="0" index="1" bw="0" slack="2147483647"/>
<pin id="1649" dir="0" index="2" bw="32" slack="3"/>
<pin id="1650" dir="0" index="3" bw="0" slack="2147483647"/>
<pin id="1651" dir="0" index="4" bw="32" slack="3"/>
<pin id="1652" dir="0" index="5" bw="0" slack="2147483647"/>
<pin id="1653" dir="0" index="6" bw="32" slack="3"/>
<pin id="1654" dir="0" index="7" bw="0" slack="2147483647"/>
<pin id="1655" dir="0" index="8" bw="32" slack="3"/>
<pin id="1656" dir="0" index="9" bw="0" slack="2147483647"/>
<pin id="1657" dir="0" index="10" bw="32" slack="3"/>
<pin id="1658" dir="0" index="11" bw="0" slack="2147483647"/>
<pin id="1659" dir="0" index="12" bw="32" slack="3"/>
<pin id="1660" dir="0" index="13" bw="0" slack="2147483647"/>
<pin id="1661" dir="0" index="14" bw="32" slack="3"/>
<pin id="1662" dir="0" index="15" bw="0" slack="2147483647"/>
<pin id="1663" dir="0" index="16" bw="32" slack="0"/>
<pin id="1664" dir="0" index="17" bw="0" slack="2147483647"/>
<pin id="1665" dir="0" index="18" bw="32" slack="3"/>
<pin id="1666" dir="0" index="19" bw="0" slack="2147483647"/>
<pin id="1667" dir="0" index="20" bw="32" slack="3"/>
<pin id="1668" dir="0" index="21" bw="0" slack="2147483647"/>
<pin id="1669" dir="0" index="22" bw="32" slack="3"/>
<pin id="1670" dir="0" index="23" bw="0" slack="2147483647"/>
<pin id="1671" dir="0" index="24" bw="32" slack="3"/>
<pin id="1672" dir="0" index="25" bw="0" slack="2147483647"/>
<pin id="1673" dir="0" index="26" bw="32" slack="3"/>
<pin id="1674" dir="0" index="27" bw="0" slack="2147483647"/>
<pin id="1675" dir="0" index="28" bw="32" slack="3"/>
<pin id="1676" dir="0" index="29" bw="0" slack="2147483647"/>
<pin id="1677" dir="0" index="30" bw="32" slack="3"/>
<pin id="1678" dir="0" index="31" bw="0" slack="2147483647"/>
<pin id="1679" dir="1" index="32" bw="32" slack="1"/>
</pin_list>
<bind>
<opcode="phi(47) " fcode="phi"/>
<opset="add103_lcssa67/14 "/>
</bind>
</comp>

<comp id="1696" class="1005" name="add103_lcssa65_reg_1696">
<pin_list>
<pin id="1697" dir="0" index="0" bw="32" slack="1"/>
<pin id="1698" dir="1" index="1" bw="32" slack="1"/>
</pin_list>
<bind>
<opset="add103_lcssa65 (phireg) "/>
</bind>
</comp>

<comp id="1700" class="1004" name="add103_lcssa65_phi_fu_1700">
<pin_list>
<pin id="1701" dir="0" index="0" bw="32" slack="3"/>
<pin id="1702" dir="0" index="1" bw="0" slack="2147483647"/>
<pin id="1703" dir="0" index="2" bw="32" slack="3"/>
<pin id="1704" dir="0" index="3" bw="0" slack="2147483647"/>
<pin id="1705" dir="0" index="4" bw="32" slack="3"/>
<pin id="1706" dir="0" index="5" bw="0" slack="2147483647"/>
<pin id="1707" dir="0" index="6" bw="32" slack="3"/>
<pin id="1708" dir="0" index="7" bw="0" slack="2147483647"/>
<pin id="1709" dir="0" index="8" bw="32" slack="3"/>
<pin id="1710" dir="0" index="9" bw="0" slack="2147483647"/>
<pin id="1711" dir="0" index="10" bw="32" slack="3"/>
<pin id="1712" dir="0" index="11" bw="0" slack="2147483647"/>
<pin id="1713" dir="0" index="12" bw="32" slack="3"/>
<pin id="1714" dir="0" index="13" bw="0" slack="2147483647"/>
<pin id="1715" dir="0" index="14" bw="32" slack="3"/>
<pin id="1716" dir="0" index="15" bw="0" slack="2147483647"/>
<pin id="1717" dir="0" index="16" bw="32" slack="3"/>
<pin id="1718" dir="0" index="17" bw="0" slack="2147483647"/>
<pin id="1719" dir="0" index="18" bw="32" slack="0"/>
<pin id="1720" dir="0" index="19" bw="0" slack="2147483647"/>
<pin id="1721" dir="0" index="20" bw="32" slack="3"/>
<pin id="1722" dir="0" index="21" bw="0" slack="2147483647"/>
<pin id="1723" dir="0" index="22" bw="32" slack="3"/>
<pin id="1724" dir="0" index="23" bw="0" slack="2147483647"/>
<pin id="1725" dir="0" index="24" bw="32" slack="3"/>
<pin id="1726" dir="0" index="25" bw="0" slack="2147483647"/>
<pin id="1727" dir="0" index="26" bw="32" slack="3"/>
<pin id="1728" dir="0" index="27" bw="0" slack="2147483647"/>
<pin id="1729" dir="0" index="28" bw="32" slack="3"/>
<pin id="1730" dir="0" index="29" bw="0" slack="2147483647"/>
<pin id="1731" dir="0" index="30" bw="32" slack="3"/>
<pin id="1732" dir="0" index="31" bw="0" slack="2147483647"/>
<pin id="1733" dir="1" index="32" bw="32" slack="1"/>
</pin_list>
<bind>
<opcode="phi(47) " fcode="phi"/>
<opset="add103_lcssa65/14 "/>
</bind>
</comp>

<comp id="1750" class="1005" name="add103_lcssa63_reg_1750">
<pin_list>
<pin id="1751" dir="0" index="0" bw="32" slack="1"/>
<pin id="1752" dir="1" index="1" bw="32" slack="1"/>
</pin_list>
<bind>
<opset="add103_lcssa63 (phireg) "/>
</bind>
</comp>

<comp id="1754" class="1004" name="add103_lcssa63_phi_fu_1754">
<pin_list>
<pin id="1755" dir="0" index="0" bw="32" slack="3"/>
<pin id="1756" dir="0" index="1" bw="0" slack="2147483647"/>
<pin id="1757" dir="0" index="2" bw="32" slack="3"/>
<pin id="1758" dir="0" index="3" bw="0" slack="2147483647"/>
<pin id="1759" dir="0" index="4" bw="32" slack="3"/>
<pin id="1760" dir="0" index="5" bw="0" slack="2147483647"/>
<pin id="1761" dir="0" index="6" bw="32" slack="3"/>
<pin id="1762" dir="0" index="7" bw="0" slack="2147483647"/>
<pin id="1763" dir="0" index="8" bw="32" slack="3"/>
<pin id="1764" dir="0" index="9" bw="0" slack="2147483647"/>
<pin id="1765" dir="0" index="10" bw="32" slack="3"/>
<pin id="1766" dir="0" index="11" bw="0" slack="2147483647"/>
<pin id="1767" dir="0" index="12" bw="32" slack="3"/>
<pin id="1768" dir="0" index="13" bw="0" slack="2147483647"/>
<pin id="1769" dir="0" index="14" bw="32" slack="3"/>
<pin id="1770" dir="0" index="15" bw="0" slack="2147483647"/>
<pin id="1771" dir="0" index="16" bw="32" slack="3"/>
<pin id="1772" dir="0" index="17" bw="0" slack="2147483647"/>
<pin id="1773" dir="0" index="18" bw="32" slack="3"/>
<pin id="1774" dir="0" index="19" bw="0" slack="2147483647"/>
<pin id="1775" dir="0" index="20" bw="32" slack="0"/>
<pin id="1776" dir="0" index="21" bw="0" slack="2147483647"/>
<pin id="1777" dir="0" index="22" bw="32" slack="3"/>
<pin id="1778" dir="0" index="23" bw="0" slack="2147483647"/>
<pin id="1779" dir="0" index="24" bw="32" slack="3"/>
<pin id="1780" dir="0" index="25" bw="0" slack="2147483647"/>
<pin id="1781" dir="0" index="26" bw="32" slack="3"/>
<pin id="1782" dir="0" index="27" bw="0" slack="2147483647"/>
<pin id="1783" dir="0" index="28" bw="32" slack="3"/>
<pin id="1784" dir="0" index="29" bw="0" slack="2147483647"/>
<pin id="1785" dir="0" index="30" bw="32" slack="3"/>
<pin id="1786" dir="0" index="31" bw="0" slack="2147483647"/>
<pin id="1787" dir="1" index="32" bw="32" slack="1"/>
</pin_list>
<bind>
<opcode="phi(47) " fcode="phi"/>
<opset="add103_lcssa63/14 "/>
</bind>
</comp>

<comp id="1804" class="1005" name="add103_lcssa61_reg_1804">
<pin_list>
<pin id="1805" dir="0" index="0" bw="32" slack="1"/>
<pin id="1806" dir="1" index="1" bw="32" slack="1"/>
</pin_list>
<bind>
<opset="add103_lcssa61 (phireg) "/>
</bind>
</comp>

<comp id="1808" class="1004" name="add103_lcssa61_phi_fu_1808">
<pin_list>
<pin id="1809" dir="0" index="0" bw="32" slack="3"/>
<pin id="1810" dir="0" index="1" bw="0" slack="2147483647"/>
<pin id="1811" dir="0" index="2" bw="32" slack="3"/>
<pin id="1812" dir="0" index="3" bw="0" slack="2147483647"/>
<pin id="1813" dir="0" index="4" bw="32" slack="3"/>
<pin id="1814" dir="0" index="5" bw="0" slack="2147483647"/>
<pin id="1815" dir="0" index="6" bw="32" slack="3"/>
<pin id="1816" dir="0" index="7" bw="0" slack="2147483647"/>
<pin id="1817" dir="0" index="8" bw="32" slack="3"/>
<pin id="1818" dir="0" index="9" bw="0" slack="2147483647"/>
<pin id="1819" dir="0" index="10" bw="32" slack="3"/>
<pin id="1820" dir="0" index="11" bw="0" slack="2147483647"/>
<pin id="1821" dir="0" index="12" bw="32" slack="3"/>
<pin id="1822" dir="0" index="13" bw="0" slack="2147483647"/>
<pin id="1823" dir="0" index="14" bw="32" slack="3"/>
<pin id="1824" dir="0" index="15" bw="0" slack="2147483647"/>
<pin id="1825" dir="0" index="16" bw="32" slack="3"/>
<pin id="1826" dir="0" index="17" bw="0" slack="2147483647"/>
<pin id="1827" dir="0" index="18" bw="32" slack="3"/>
<pin id="1828" dir="0" index="19" bw="0" slack="2147483647"/>
<pin id="1829" dir="0" index="20" bw="32" slack="3"/>
<pin id="1830" dir="0" index="21" bw="0" slack="2147483647"/>
<pin id="1831" dir="0" index="22" bw="32" slack="0"/>
<pin id="1832" dir="0" index="23" bw="0" slack="2147483647"/>
<pin id="1833" dir="0" index="24" bw="32" slack="3"/>
<pin id="1834" dir="0" index="25" bw="0" slack="2147483647"/>
<pin id="1835" dir="0" index="26" bw="32" slack="3"/>
<pin id="1836" dir="0" index="27" bw="0" slack="2147483647"/>
<pin id="1837" dir="0" index="28" bw="32" slack="3"/>
<pin id="1838" dir="0" index="29" bw="0" slack="2147483647"/>
<pin id="1839" dir="0" index="30" bw="32" slack="3"/>
<pin id="1840" dir="0" index="31" bw="0" slack="2147483647"/>
<pin id="1841" dir="1" index="32" bw="32" slack="1"/>
</pin_list>
<bind>
<opcode="phi(47) " fcode="phi"/>
<opset="add103_lcssa61/14 "/>
</bind>
</comp>

<comp id="1858" class="1005" name="add103_lcssa59_reg_1858">
<pin_list>
<pin id="1859" dir="0" index="0" bw="32" slack="1"/>
<pin id="1860" dir="1" index="1" bw="32" slack="1"/>
</pin_list>
<bind>
<opset="add103_lcssa59 (phireg) "/>
</bind>
</comp>

<comp id="1862" class="1004" name="add103_lcssa59_phi_fu_1862">
<pin_list>
<pin id="1863" dir="0" index="0" bw="32" slack="3"/>
<pin id="1864" dir="0" index="1" bw="0" slack="2147483647"/>
<pin id="1865" dir="0" index="2" bw="32" slack="3"/>
<pin id="1866" dir="0" index="3" bw="0" slack="2147483647"/>
<pin id="1867" dir="0" index="4" bw="32" slack="3"/>
<pin id="1868" dir="0" index="5" bw="0" slack="2147483647"/>
<pin id="1869" dir="0" index="6" bw="32" slack="3"/>
<pin id="1870" dir="0" index="7" bw="0" slack="2147483647"/>
<pin id="1871" dir="0" index="8" bw="32" slack="3"/>
<pin id="1872" dir="0" index="9" bw="0" slack="2147483647"/>
<pin id="1873" dir="0" index="10" bw="32" slack="3"/>
<pin id="1874" dir="0" index="11" bw="0" slack="2147483647"/>
<pin id="1875" dir="0" index="12" bw="32" slack="3"/>
<pin id="1876" dir="0" index="13" bw="0" slack="2147483647"/>
<pin id="1877" dir="0" index="14" bw="32" slack="3"/>
<pin id="1878" dir="0" index="15" bw="0" slack="2147483647"/>
<pin id="1879" dir="0" index="16" bw="32" slack="3"/>
<pin id="1880" dir="0" index="17" bw="0" slack="2147483647"/>
<pin id="1881" dir="0" index="18" bw="32" slack="3"/>
<pin id="1882" dir="0" index="19" bw="0" slack="2147483647"/>
<pin id="1883" dir="0" index="20" bw="32" slack="3"/>
<pin id="1884" dir="0" index="21" bw="0" slack="2147483647"/>
<pin id="1885" dir="0" index="22" bw="32" slack="3"/>
<pin id="1886" dir="0" index="23" bw="0" slack="2147483647"/>
<pin id="1887" dir="0" index="24" bw="32" slack="0"/>
<pin id="1888" dir="0" index="25" bw="0" slack="2147483647"/>
<pin id="1889" dir="0" index="26" bw="32" slack="3"/>
<pin id="1890" dir="0" index="27" bw="0" slack="2147483647"/>
<pin id="1891" dir="0" index="28" bw="32" slack="3"/>
<pin id="1892" dir="0" index="29" bw="0" slack="2147483647"/>
<pin id="1893" dir="0" index="30" bw="32" slack="3"/>
<pin id="1894" dir="0" index="31" bw="0" slack="2147483647"/>
<pin id="1895" dir="1" index="32" bw="32" slack="1"/>
</pin_list>
<bind>
<opcode="phi(47) " fcode="phi"/>
<opset="add103_lcssa59/14 "/>
</bind>
</comp>

<comp id="1912" class="1005" name="add103_lcssa57_reg_1912">
<pin_list>
<pin id="1913" dir="0" index="0" bw="32" slack="1"/>
<pin id="1914" dir="1" index="1" bw="32" slack="1"/>
</pin_list>
<bind>
<opset="add103_lcssa57 (phireg) "/>
</bind>
</comp>

<comp id="1916" class="1004" name="add103_lcssa57_phi_fu_1916">
<pin_list>
<pin id="1917" dir="0" index="0" bw="32" slack="3"/>
<pin id="1918" dir="0" index="1" bw="0" slack="2147483647"/>
<pin id="1919" dir="0" index="2" bw="32" slack="3"/>
<pin id="1920" dir="0" index="3" bw="0" slack="2147483647"/>
<pin id="1921" dir="0" index="4" bw="32" slack="3"/>
<pin id="1922" dir="0" index="5" bw="0" slack="2147483647"/>
<pin id="1923" dir="0" index="6" bw="32" slack="3"/>
<pin id="1924" dir="0" index="7" bw="0" slack="2147483647"/>
<pin id="1925" dir="0" index="8" bw="32" slack="3"/>
<pin id="1926" dir="0" index="9" bw="0" slack="2147483647"/>
<pin id="1927" dir="0" index="10" bw="32" slack="3"/>
<pin id="1928" dir="0" index="11" bw="0" slack="2147483647"/>
<pin id="1929" dir="0" index="12" bw="32" slack="3"/>
<pin id="1930" dir="0" index="13" bw="0" slack="2147483647"/>
<pin id="1931" dir="0" index="14" bw="32" slack="3"/>
<pin id="1932" dir="0" index="15" bw="0" slack="2147483647"/>
<pin id="1933" dir="0" index="16" bw="32" slack="3"/>
<pin id="1934" dir="0" index="17" bw="0" slack="2147483647"/>
<pin id="1935" dir="0" index="18" bw="32" slack="3"/>
<pin id="1936" dir="0" index="19" bw="0" slack="2147483647"/>
<pin id="1937" dir="0" index="20" bw="32" slack="3"/>
<pin id="1938" dir="0" index="21" bw="0" slack="2147483647"/>
<pin id="1939" dir="0" index="22" bw="32" slack="3"/>
<pin id="1940" dir="0" index="23" bw="0" slack="2147483647"/>
<pin id="1941" dir="0" index="24" bw="32" slack="3"/>
<pin id="1942" dir="0" index="25" bw="0" slack="2147483647"/>
<pin id="1943" dir="0" index="26" bw="32" slack="0"/>
<pin id="1944" dir="0" index="27" bw="0" slack="2147483647"/>
<pin id="1945" dir="0" index="28" bw="32" slack="3"/>
<pin id="1946" dir="0" index="29" bw="0" slack="2147483647"/>
<pin id="1947" dir="0" index="30" bw="32" slack="3"/>
<pin id="1948" dir="0" index="31" bw="0" slack="2147483647"/>
<pin id="1949" dir="1" index="32" bw="32" slack="1"/>
</pin_list>
<bind>
<opcode="phi(47) " fcode="phi"/>
<opset="add103_lcssa57/14 "/>
</bind>
</comp>

<comp id="1966" class="1005" name="add103_lcssa55_reg_1966">
<pin_list>
<pin id="1967" dir="0" index="0" bw="32" slack="1"/>
<pin id="1968" dir="1" index="1" bw="32" slack="1"/>
</pin_list>
<bind>
<opset="add103_lcssa55 (phireg) "/>
</bind>
</comp>

<comp id="1970" class="1004" name="add103_lcssa55_phi_fu_1970">
<pin_list>
<pin id="1971" dir="0" index="0" bw="32" slack="3"/>
<pin id="1972" dir="0" index="1" bw="0" slack="2147483647"/>
<pin id="1973" dir="0" index="2" bw="32" slack="3"/>
<pin id="1974" dir="0" index="3" bw="0" slack="2147483647"/>
<pin id="1975" dir="0" index="4" bw="32" slack="3"/>
<pin id="1976" dir="0" index="5" bw="0" slack="2147483647"/>
<pin id="1977" dir="0" index="6" bw="32" slack="3"/>
<pin id="1978" dir="0" index="7" bw="0" slack="2147483647"/>
<pin id="1979" dir="0" index="8" bw="32" slack="3"/>
<pin id="1980" dir="0" index="9" bw="0" slack="2147483647"/>
<pin id="1981" dir="0" index="10" bw="32" slack="3"/>
<pin id="1982" dir="0" index="11" bw="0" slack="2147483647"/>
<pin id="1983" dir="0" index="12" bw="32" slack="3"/>
<pin id="1984" dir="0" index="13" bw="0" slack="2147483647"/>
<pin id="1985" dir="0" index="14" bw="32" slack="3"/>
<pin id="1986" dir="0" index="15" bw="0" slack="2147483647"/>
<pin id="1987" dir="0" index="16" bw="32" slack="3"/>
<pin id="1988" dir="0" index="17" bw="0" slack="2147483647"/>
<pin id="1989" dir="0" index="18" bw="32" slack="3"/>
<pin id="1990" dir="0" index="19" bw="0" slack="2147483647"/>
<pin id="1991" dir="0" index="20" bw="32" slack="3"/>
<pin id="1992" dir="0" index="21" bw="0" slack="2147483647"/>
<pin id="1993" dir="0" index="22" bw="32" slack="3"/>
<pin id="1994" dir="0" index="23" bw="0" slack="2147483647"/>
<pin id="1995" dir="0" index="24" bw="32" slack="3"/>
<pin id="1996" dir="0" index="25" bw="0" slack="2147483647"/>
<pin id="1997" dir="0" index="26" bw="32" slack="3"/>
<pin id="1998" dir="0" index="27" bw="0" slack="2147483647"/>
<pin id="1999" dir="0" index="28" bw="32" slack="0"/>
<pin id="2000" dir="0" index="29" bw="0" slack="2147483647"/>
<pin id="2001" dir="0" index="30" bw="32" slack="3"/>
<pin id="2002" dir="0" index="31" bw="0" slack="2147483647"/>
<pin id="2003" dir="1" index="32" bw="32" slack="1"/>
</pin_list>
<bind>
<opcode="phi(47) " fcode="phi"/>
<opset="add103_lcssa55/14 "/>
</bind>
</comp>

<comp id="2020" class="1004" name="grp_mmult_hw_Pipeline_init_i_init_j_fu_2020">
<pin_list>
<pin id="2021" dir="0" index="0" bw="0" slack="0"/>
<pin id="2022" dir="0" index="1" bw="32" slack="2147483647"/>
<pin id="2023" dir="0" index="2" bw="32" slack="2147483647"/>
<pin id="2024" dir="0" index="3" bw="32" slack="2147483647"/>
<pin id="2025" dir="0" index="4" bw="32" slack="2147483647"/>
<pin id="2026" dir="0" index="5" bw="32" slack="2147483647"/>
<pin id="2027" dir="0" index="6" bw="32" slack="2147483647"/>
<pin id="2028" dir="0" index="7" bw="32" slack="2147483647"/>
<pin id="2029" dir="0" index="8" bw="32" slack="2147483647"/>
<pin id="2030" dir="0" index="9" bw="32" slack="2147483647"/>
<pin id="2031" dir="0" index="10" bw="32" slack="2147483647"/>
<pin id="2032" dir="0" index="11" bw="32" slack="2147483647"/>
<pin id="2033" dir="0" index="12" bw="32" slack="2147483647"/>
<pin id="2034" dir="0" index="13" bw="32" slack="2147483647"/>
<pin id="2035" dir="0" index="14" bw="32" slack="2147483647"/>
<pin id="2036" dir="0" index="15" bw="32" slack="2147483647"/>
<pin id="2037" dir="0" index="16" bw="32" slack="2147483647"/>
<pin id="2038" dir="1" index="17" bw="0" slack="2147483647"/>
</pin_list>
<bind>
<opcode="call(48) " fcode="call"/>
<opset="call_ln0/3 "/>
</bind>
</comp>

<comp id="2040" class="1004" name="grp_mmult_hw_Pipeline_load_a_VITIS_LOOP_27_1_fu_2040">
<pin_list>
<pin id="2041" dir="0" index="0" bw="0" slack="0"/>
<pin id="2042" dir="0" index="1" bw="32" slack="0"/>
<pin id="2043" dir="0" index="2" bw="32" slack="2147483647"/>
<pin id="2044" dir="0" index="3" bw="32" slack="2147483647"/>
<pin id="2045" dir="0" index="4" bw="32" slack="2147483647"/>
<pin id="2046" dir="0" index="5" bw="32" slack="2147483647"/>
<pin id="2047" dir="0" index="6" bw="32" slack="2147483647"/>
<pin id="2048" dir="0" index="7" bw="32" slack="2147483647"/>
<pin id="2049" dir="0" index="8" bw="32" slack="2147483647"/>
<pin id="2050" dir="0" index="9" bw="32" slack="2147483647"/>
<pin id="2051" dir="0" index="10" bw="32" slack="2147483647"/>
<pin id="2052" dir="0" index="11" bw="32" slack="2147483647"/>
<pin id="2053" dir="0" index="12" bw="32" slack="2147483647"/>
<pin id="2054" dir="0" index="13" bw="32" slack="2147483647"/>
<pin id="2055" dir="0" index="14" bw="32" slack="2147483647"/>
<pin id="2056" dir="0" index="15" bw="32" slack="2147483647"/>
<pin id="2057" dir="0" index="16" bw="32" slack="2147483647"/>
<pin id="2058" dir="0" index="17" bw="32" slack="2147483647"/>
<pin id="2059" dir="0" index="18" bw="32" slack="4"/>
<pin id="2060" dir="0" index="19" bw="39" slack="3"/>
<pin id="2061" dir="0" index="20" bw="7" slack="0"/>
<pin id="2062" dir="0" index="21" bw="64" slack="4"/>
<pin id="2063" dir="1" index="22" bw="0" slack="2147483647"/>
</pin_list>
<bind>
<opcode="call(48) " fcode="call"/>
<opset="call_ln19/5 "/>
</bind>
</comp>

<comp id="2066" class="1004" name="grp_mmult_hw_Pipeline_load_b_VITIS_LOOP_30_2_fu_2066">
<pin_list>
<pin id="2067" dir="0" index="0" bw="0" slack="0"/>
<pin id="2068" dir="0" index="1" bw="32" slack="0"/>
<pin id="2069" dir="0" index="2" bw="32" slack="2147483647"/>
<pin id="2070" dir="0" index="3" bw="32" slack="2147483647"/>
<pin id="2071" dir="0" index="4" bw="32" slack="2147483647"/>
<pin id="2072" dir="0" index="5" bw="32" slack="2147483647"/>
<pin id="2073" dir="0" index="6" bw="32" slack="2147483647"/>
<pin id="2074" dir="0" index="7" bw="32" slack="2147483647"/>
<pin id="2075" dir="0" index="8" bw="32" slack="2147483647"/>
<pin id="2076" dir="0" index="9" bw="32" slack="2147483647"/>
<pin id="2077" dir="0" index="10" bw="32" slack="2147483647"/>
<pin id="2078" dir="0" index="11" bw="32" slack="2147483647"/>
<pin id="2079" dir="0" index="12" bw="32" slack="2147483647"/>
<pin id="2080" dir="0" index="13" bw="32" slack="2147483647"/>
<pin id="2081" dir="0" index="14" bw="32" slack="2147483647"/>
<pin id="2082" dir="0" index="15" bw="32" slack="2147483647"/>
<pin id="2083" dir="0" index="16" bw="32" slack="2147483647"/>
<pin id="2084" dir="0" index="17" bw="32" slack="2147483647"/>
<pin id="2085" dir="0" index="18" bw="32" slack="6"/>
<pin id="2086" dir="0" index="19" bw="7" slack="3"/>
<pin id="2087" dir="0" index="20" bw="39" slack="0"/>
<pin id="2088" dir="0" index="21" bw="64" slack="6"/>
<pin id="2089" dir="1" index="22" bw="0" slack="2147483647"/>
</pin_list>
<bind>
<opcode="call(48) " fcode="call"/>
<opset="call_ln21/7 "/>
</bind>
</comp>

<comp id="2092" class="1004" name="grp_mmult_hw_Pipeline_store_i_store_j_fu_2092">
<pin_list>
<pin id="2093" dir="0" index="0" bw="0" slack="0"/>
<pin id="2094" dir="0" index="1" bw="32" slack="0"/>
<pin id="2095" dir="0" index="2" bw="32" slack="8"/>
<pin id="2096" dir="0" index="3" bw="39" slack="7"/>
<pin id="2097" dir="0" index="4" bw="7" slack="5"/>
<pin id="2098" dir="0" index="5" bw="64" slack="8"/>
<pin id="2099" dir="0" index="6" bw="32" slack="2147483647"/>
<pin id="2100" dir="0" index="7" bw="32" slack="2147483647"/>
<pin id="2101" dir="0" index="8" bw="32" slack="2147483647"/>
<pin id="2102" dir="0" index="9" bw="32" slack="2147483647"/>
<pin id="2103" dir="0" index="10" bw="32" slack="2147483647"/>
<pin id="2104" dir="0" index="11" bw="32" slack="2147483647"/>
<pin id="2105" dir="0" index="12" bw="32" slack="2147483647"/>
<pin id="2106" dir="0" index="13" bw="32" slack="2147483647"/>
<pin id="2107" dir="0" index="14" bw="32" slack="2147483647"/>
<pin id="2108" dir="0" index="15" bw="32" slack="2147483647"/>
<pin id="2109" dir="0" index="16" bw="32" slack="2147483647"/>
<pin id="2110" dir="0" index="17" bw="32" slack="2147483647"/>
<pin id="2111" dir="0" index="18" bw="32" slack="2147483647"/>
<pin id="2112" dir="0" index="19" bw="32" slack="2147483647"/>
<pin id="2113" dir="0" index="20" bw="32" slack="2147483647"/>
<pin id="2114" dir="0" index="21" bw="32" slack="2147483647"/>
<pin id="2115" dir="1" index="22" bw="0" slack="2147483647"/>
</pin_list>
<bind>
<opcode="call(48) " fcode="call"/>
<opset="call_ln19/9 "/>
</bind>
</comp>

<comp id="2118" class="1004" name="grp_mmult_hw_Pipeline_comp_k_fu_2118">
<pin_list>
<pin id="2119" dir="0" index="0" bw="0" slack="0"/>
<pin id="2120" dir="0" index="1" bw="32" slack="0"/>
<pin id="2121" dir="0" index="2" bw="32" slack="2"/>
<pin id="2122" dir="0" index="3" bw="32" slack="2"/>
<pin id="2123" dir="0" index="4" bw="32" slack="2"/>
<pin id="2124" dir="0" index="5" bw="32" slack="2"/>
<pin id="2125" dir="0" index="6" bw="32" slack="2"/>
<pin id="2126" dir="0" index="7" bw="32" slack="2"/>
<pin id="2127" dir="0" index="8" bw="32" slack="2"/>
<pin id="2128" dir="0" index="9" bw="32" slack="2"/>
<pin id="2129" dir="0" index="10" bw="32" slack="2"/>
<pin id="2130" dir="0" index="11" bw="32" slack="2"/>
<pin id="2131" dir="0" index="12" bw="32" slack="2"/>
<pin id="2132" dir="0" index="13" bw="32" slack="2"/>
<pin id="2133" dir="0" index="14" bw="32" slack="2"/>
<pin id="2134" dir="0" index="15" bw="32" slack="2"/>
<pin id="2135" dir="0" index="16" bw="32" slack="2"/>
<pin id="2136" dir="0" index="17" bw="32" slack="2"/>
<pin id="2137" dir="0" index="18" bw="32" slack="0"/>
<pin id="2138" dir="0" index="19" bw="32" slack="0"/>
<pin id="2139" dir="0" index="20" bw="32" slack="0"/>
<pin id="2140" dir="0" index="21" bw="32" slack="0"/>
<pin id="2141" dir="0" index="22" bw="32" slack="0"/>
<pin id="2142" dir="0" index="23" bw="32" slack="0"/>
<pin id="2143" dir="0" index="24" bw="32" slack="0"/>
<pin id="2144" dir="0" index="25" bw="32" slack="0"/>
<pin id="2145" dir="0" index="26" bw="32" slack="0"/>
<pin id="2146" dir="0" index="27" bw="32" slack="0"/>
<pin id="2147" dir="0" index="28" bw="32" slack="0"/>
<pin id="2148" dir="0" index="29" bw="32" slack="0"/>
<pin id="2149" dir="0" index="30" bw="32" slack="0"/>
<pin id="2150" dir="0" index="31" bw="32" slack="0"/>
<pin id="2151" dir="0" index="32" bw="32" slack="0"/>
<pin id="2152" dir="0" index="33" bw="32" slack="0"/>
<pin id="2153" dir="0" index="34" bw="32" slack="11"/>
<pin id="2154" dir="1" index="35" bw="0" slack="2147483647"/>
</pin_list>
<bind>
<opcode="call(48) " fcode="call"/>
<opset="call_ln34/12 "/>
</bind>
</comp>

<comp id="2172" class="1004" name="sext_ln19_fu_2172">
<pin_list>
<pin id="2173" dir="0" index="0" bw="32" slack="0"/>
<pin id="2174" dir="1" index="1" bw="35" slack="1"/>
</pin_list>
<bind>
<opcode="sext(35) " fcode="sext"/>
<opset="sext_ln19/1 "/>
</bind>
</comp>

<comp id="2176" class="1004" name="store_ln19_store_fu_2176">
<pin_list>
<pin id="2177" dir="0" index="0" bw="1" slack="0"/>
<pin id="2178" dir="0" index="1" bw="4" slack="0"/>
<pin id="2179" dir="1" index="2" bw="0" slack="2147483647"/>
</pin_list>
<bind>
<opcode="store(28) " fcode="store"/>
<opset="store_ln19/1 "/>
</bind>
</comp>

<comp id="2181" class="1004" name="ti_1_load_fu_2181">
<pin_list>
<pin id="2182" dir="0" index="0" bw="4" slack="1"/>
<pin id="2183" dir="1" index="1" bw="4" slack="0"/>
</pin_list>
<bind>
<opcode="load(27) " fcode="load"/>
<opset="ti_1/2 "/>
</bind>
</comp>

<comp id="2184" class="1004" name="icmp_ln19_fu_2184">
<pin_list>
<pin id="2185" dir="0" index="0" bw="4" slack="0"/>
<pin id="2186" dir="0" index="1" bw="4" slack="0"/>
<pin id="2187" dir="1" index="2" bw="1" slack="2147483647"/>
</pin_list>
<bind>
<opcode="icmp(45) " fcode="icmp"/>
<opset="icmp_ln19/2 "/>
</bind>
</comp>

<comp id="2190" class="1004" name="add_ln19_fu_2190">
<pin_list>
<pin id="2191" dir="0" index="0" bw="4" slack="0"/>
<pin id="2192" dir="0" index="1" bw="1" slack="0"/>
<pin id="2193" dir="1" index="2" bw="4" slack="1"/>
</pin_list>
<bind>
<opcode="add(8) " fcode="add"/>
<opset="add_ln19/2 "/>
</bind>
</comp>

<comp id="2196" class="1004" name="empty_fu_2196">
<pin_list>
<pin id="2197" dir="0" index="0" bw="4" slack="0"/>
<pin id="2198" dir="1" index="1" bw="3" slack="0"/>
</pin_list>
<bind>
<opcode="trunc(33) " fcode="trunc"/>
<opset="empty/2 "/>
</bind>
</comp>

<comp id="2200" class="1004" name="ti_cast_cast_fu_2200">
<pin_list>
<pin id="2201" dir="0" index="0" bw="3" slack="0"/>
<pin id="2202" dir="1" index="1" bw="35" slack="0"/>
</pin_list>
<bind>
<opcode="zext(34) " fcode="zext"/>
<opset="ti_cast_cast/2 "/>
</bind>
</comp>

<comp id="2204" class="1004" name="empty_32_fu_2204">
<pin_list>
<pin id="2205" dir="0" index="0" bw="3" slack="0"/>
<pin id="2206" dir="0" index="1" bw="32" slack="1"/>
<pin id="2207" dir="1" index="2" bw="35" slack="0"/>
</pin_list>
<bind>
<opcode="mul(12) " fcode="mul"/>
<opset="empty_32/2 "/>
</bind>
</comp>

<comp id="2209" class="1004" name="tmp_3_fu_2209">
<pin_list>
<pin id="2210" dir="0" index="0" bw="39" slack="0"/>
<pin id="2211" dir="0" index="1" bw="35" slack="0"/>
<pin id="2212" dir="0" index="2" bw="1" slack="0"/>
<pin id="2213" dir="1" index="3" bw="39" slack="3"/>
</pin_list>
<bind>
<opcode="bitconcatenate(1004) " fcode="bitconcatenate"/>
<opset="tmp_3/2 "/>
</bind>
</comp>

<comp id="2217" class="1004" name="icmp_ln20_fu_2217">
<pin_list>
<pin id="2218" dir="0" index="0" bw="4" slack="0"/>
<pin id="2219" dir="0" index="1" bw="4" slack="0"/>
<pin id="2220" dir="1" index="2" bw="1" slack="2147483647"/>
</pin_list>
<bind>
<opcode="icmp(45) " fcode="icmp"/>
<opset="icmp_ln20/3 "/>
</bind>
</comp>

<comp id="2223" class="1004" name="add_ln20_fu_2223">
<pin_list>
<pin id="2224" dir="0" index="0" bw="4" slack="0"/>
<pin id="2225" dir="0" index="1" bw="1" slack="0"/>
<pin id="2226" dir="1" index="2" bw="4" slack="0"/>
</pin_list>
<bind>
<opcode="add(8) " fcode="add"/>
<opset="add_ln20/3 "/>
</bind>
</comp>

<comp id="2229" class="1004" name="trunc_ln21_fu_2229">
<pin_list>
<pin id="2230" dir="0" index="0" bw="4" slack="0"/>
<pin id="2231" dir="1" index="1" bw="3" slack="1"/>
</pin_list>
<bind>
<opcode="trunc(33) " fcode="trunc"/>
<opset="trunc_ln21/3 "/>
</bind>
</comp>

<comp id="2233" class="1004" name="store_ln19_store_fu_2233">
<pin_list>
<pin id="2234" dir="0" index="0" bw="4" slack="1"/>
<pin id="2235" dir="0" index="1" bw="4" slack="2"/>
<pin id="2236" dir="1" index="2" bw="0" slack="2147483647"/>
</pin_list>
<bind>
<opcode="store(28) " fcode="store"/>
<opset="store_ln19/3 "/>
</bind>
</comp>

<comp id="2237" class="1004" name="shl_ln_fu_2237">
<pin_list>
<pin id="2238" dir="0" index="0" bw="7" slack="0"/>
<pin id="2239" dir="0" index="1" bw="3" slack="1"/>
<pin id="2240" dir="0" index="2" bw="1" slack="0"/>
<pin id="2241" dir="1" index="3" bw="7" slack="3"/>
</pin_list>
<bind>
<opcode="bitconcatenate(1004) " fcode="bitconcatenate"/>
<opset="shl_ln/4 "/>
</bind>
</comp>

<comp id="2244" class="1004" name="icmp_ln25_fu_2244">
<pin_list>
<pin id="2245" dir="0" index="0" bw="4" slack="0"/>
<pin id="2246" dir="0" index="1" bw="4" slack="0"/>
<pin id="2247" dir="1" index="2" bw="1" slack="2147483647"/>
</pin_list>
<bind>
<opcode="icmp(45) " fcode="icmp"/>
<opset="icmp_ln25/5 "/>
</bind>
</comp>

<comp id="2250" class="1004" name="add_ln25_fu_2250">
<pin_list>
<pin id="2251" dir="0" index="0" bw="4" slack="0"/>
<pin id="2252" dir="0" index="1" bw="1" slack="0"/>
<pin id="2253" dir="1" index="2" bw="4" slack="0"/>
</pin_list>
<bind>
<opcode="add(8) " fcode="add"/>
<opset="add_ln25/5 "/>
</bind>
</comp>

<comp id="2256" class="1004" name="empty_33_fu_2256">
<pin_list>
<pin id="2257" dir="0" index="0" bw="4" slack="0"/>
<pin id="2258" dir="1" index="1" bw="3" slack="0"/>
</pin_list>
<bind>
<opcode="trunc(33) " fcode="trunc"/>
<opset="empty_33/5 "/>
</bind>
</comp>

<comp id="2260" class="1004" name="tmp_6_fu_2260">
<pin_list>
<pin id="2261" dir="0" index="0" bw="7" slack="0"/>
<pin id="2262" dir="0" index="1" bw="3" slack="0"/>
<pin id="2263" dir="0" index="2" bw="1" slack="0"/>
<pin id="2264" dir="1" index="3" bw="7" slack="0"/>
</pin_list>
<bind>
<opcode="bitconcatenate(1004) " fcode="bitconcatenate"/>
<opset="tmp_6/5 "/>
</bind>
</comp>

<comp id="2269" class="1004" name="tk_cast4_cast_fu_2269">
<pin_list>
<pin id="2270" dir="0" index="0" bw="3" slack="0"/>
<pin id="2271" dir="1" index="1" bw="35" slack="0"/>
</pin_list>
<bind>
<opcode="zext(34) " fcode="zext"/>
<opset="tk_cast4_cast/5 "/>
</bind>
</comp>

<comp id="2273" class="1004" name="empty_34_fu_2273">
<pin_list>
<pin id="2274" dir="0" index="0" bw="3" slack="0"/>
<pin id="2275" dir="0" index="1" bw="32" slack="4"/>
<pin id="2276" dir="1" index="2" bw="35" slack="2"/>
</pin_list>
<bind>
<opcode="mul(12) " fcode="mul"/>
<opset="empty_34/5 "/>
</bind>
</comp>

<comp id="2278" class="1004" name="tmp_7_fu_2278">
<pin_list>
<pin id="2279" dir="0" index="0" bw="39" slack="0"/>
<pin id="2280" dir="0" index="1" bw="35" slack="2"/>
<pin id="2281" dir="0" index="2" bw="1" slack="0"/>
<pin id="2282" dir="1" index="3" bw="39" slack="0"/>
</pin_list>
<bind>
<opcode="bitconcatenate(1004) " fcode="bitconcatenate"/>
<opset="tmp_7/7 "/>
</bind>
</comp>

<comp id="2286" class="1004" name="icmp_ln32_fu_2286">
<pin_list>
<pin id="2287" dir="0" index="0" bw="5" slack="0"/>
<pin id="2288" dir="0" index="1" bw="5" slack="0"/>
<pin id="2289" dir="1" index="2" bw="1" slack="2147483647"/>
</pin_list>
<bind>
<opcode="icmp(45) " fcode="icmp"/>
<opset="icmp_ln32/9 "/>
</bind>
</comp>

<comp id="2292" class="1004" name="add_ln32_fu_2292">
<pin_list>
<pin id="2293" dir="0" index="0" bw="5" slack="0"/>
<pin id="2294" dir="0" index="1" bw="1" slack="0"/>
<pin id="2295" dir="1" index="2" bw="5" slack="0"/>
</pin_list>
<bind>
<opcode="add(8) " fcode="add"/>
<opset="add_ln32/9 "/>
</bind>
</comp>

<comp id="2298" class="1004" name="zext_ln32_fu_2298">
<pin_list>
<pin id="2299" dir="0" index="0" bw="5" slack="0"/>
<pin id="2300" dir="1" index="1" bw="64" slack="0"/>
</pin_list>
<bind>
<opcode="zext(34) " fcode="zext"/>
<opset="zext_ln32/9 "/>
</bind>
</comp>

<comp id="2334" class="1004" name="icmp_ln33_fu_2334">
<pin_list>
<pin id="2335" dir="0" index="0" bw="5" slack="0"/>
<pin id="2336" dir="0" index="1" bw="5" slack="0"/>
<pin id="2337" dir="1" index="2" bw="1" slack="2147483647"/>
</pin_list>
<bind>
<opcode="icmp(45) " fcode="icmp"/>
<opset="icmp_ln33/11 "/>
</bind>
</comp>

<comp id="2340" class="1004" name="add_ln33_fu_2340">
<pin_list>
<pin id="2341" dir="0" index="0" bw="5" slack="0"/>
<pin id="2342" dir="0" index="1" bw="1" slack="0"/>
<pin id="2343" dir="1" index="2" bw="5" slack="0"/>
</pin_list>
<bind>
<opcode="add(8) " fcode="add"/>
<opset="add_ln33/11 "/>
</bind>
</comp>

<comp id="2346" class="1004" name="zext_ln33_fu_2346">
<pin_list>
<pin id="2347" dir="0" index="0" bw="5" slack="0"/>
<pin id="2348" dir="1" index="1" bw="64" slack="0"/>
</pin_list>
<bind>
<opcode="zext(34) " fcode="zext"/>
<opset="zext_ln33/11 "/>
</bind>
</comp>

<comp id="2366" class="1004" name="trunc_ln33_fu_2366">
<pin_list>
<pin id="2367" dir="0" index="0" bw="5" slack="0"/>
<pin id="2368" dir="1" index="1" bw="4" slack="1"/>
</pin_list>
<bind>
<opcode="trunc(33) " fcode="trunc"/>
<opset="trunc_ln33/11 "/>
</bind>
</comp>

<comp id="2370" class="1004" name="acc_fu_2370">
<pin_list>
<pin id="2371" dir="0" index="0" bw="32" slack="0"/>
<pin id="2372" dir="0" index="1" bw="4" slack="0"/>
<pin id="2373" dir="0" index="2" bw="32" slack="1"/>
<pin id="2374" dir="0" index="3" bw="4" slack="0"/>
<pin id="2375" dir="0" index="4" bw="32" slack="1"/>
<pin id="2376" dir="0" index="5" bw="4" slack="0"/>
<pin id="2377" dir="0" index="6" bw="32" slack="1"/>
<pin id="2378" dir="0" index="7" bw="4" slack="0"/>
<pin id="2379" dir="0" index="8" bw="32" slack="1"/>
<pin id="2380" dir="0" index="9" bw="4" slack="0"/>
<pin id="2381" dir="0" index="10" bw="32" slack="1"/>
<pin id="2382" dir="0" index="11" bw="4" slack="0"/>
<pin id="2383" dir="0" index="12" bw="32" slack="1"/>
<pin id="2384" dir="0" index="13" bw="4" slack="0"/>
<pin id="2385" dir="0" index="14" bw="32" slack="1"/>
<pin id="2386" dir="0" index="15" bw="4" slack="0"/>
<pin id="2387" dir="0" index="16" bw="32" slack="1"/>
<pin id="2388" dir="0" index="17" bw="4" slack="0"/>
<pin id="2389" dir="0" index="18" bw="32" slack="1"/>
<pin id="2390" dir="0" index="19" bw="4" slack="0"/>
<pin id="2391" dir="0" index="20" bw="32" slack="1"/>
<pin id="2392" dir="0" index="21" bw="4" slack="0"/>
<pin id="2393" dir="0" index="22" bw="32" slack="1"/>
<pin id="2394" dir="0" index="23" bw="4" slack="0"/>
<pin id="2395" dir="0" index="24" bw="32" slack="1"/>
<pin id="2396" dir="0" index="25" bw="4" slack="0"/>
<pin id="2397" dir="0" index="26" bw="32" slack="1"/>
<pin id="2398" dir="0" index="27" bw="4" slack="0"/>
<pin id="2399" dir="0" index="28" bw="32" slack="1"/>
<pin id="2400" dir="0" index="29" bw="4" slack="0"/>
<pin id="2401" dir="0" index="30" bw="32" slack="1"/>
<pin id="2402" dir="0" index="31" bw="4" slack="0"/>
<pin id="2403" dir="0" index="32" bw="32" slack="1"/>
<pin id="2404" dir="0" index="33" bw="32" slack="0"/>
<pin id="2405" dir="0" index="34" bw="4" slack="1"/>
<pin id="2406" dir="1" index="35" bw="32" slack="0"/>
</pin_list>
<bind>
<opcode="sparsemux(1197) " fcode="sparsemux"/>
<opset="acc/12 "/>
</bind>
</comp>

<comp id="2442" class="1004" name="acc_1_loc_load_load_fu_2442">
<pin_list>
<pin id="2443" dir="0" index="0" bw="32" slack="13"/>
<pin id="2444" dir="1" index="1" bw="32" slack="0"/>
</pin_list>
<bind>
<opcode="load(27) " fcode="load"/>
<opset="acc_1_loc_load/14 "/>
</bind>
</comp>

<comp id="2461" class="1005" name="ti_reg_2461">
<pin_list>
<pin id="2462" dir="0" index="0" bw="4" slack="0"/>
<pin id="2463" dir="1" index="1" bw="4" slack="0"/>
</pin_list>
<bind>
<opset="ti "/>
</bind>
</comp>

<comp id="2468" class="1005" name="dim_read_reg_2468">
<pin_list>
<pin id="2469" dir="0" index="0" bw="32" slack="4"/>
<pin id="2470" dir="1" index="1" bw="32" slack="4"/>
</pin_list>
<bind>
<opset="dim_read "/>
</bind>
</comp>

<comp id="2475" class="1005" name="out_r_read_reg_2475">
<pin_list>
<pin id="2476" dir="0" index="0" bw="64" slack="8"/>
<pin id="2477" dir="1" index="1" bw="64" slack="8"/>
</pin_list>
<bind>
<opset="out_r_read "/>
</bind>
</comp>

<comp id="2480" class="1005" name="in2_read_reg_2480">
<pin_list>
<pin id="2481" dir="0" index="0" bw="64" slack="6"/>
<pin id="2482" dir="1" index="1" bw="64" slack="6"/>
</pin_list>
<bind>
<opset="in2_read "/>
</bind>
</comp>

<comp id="2485" class="1005" name="in1_read_reg_2485">
<pin_list>
<pin id="2486" dir="0" index="0" bw="64" slack="4"/>
<pin id="2487" dir="1" index="1" bw="64" slack="4"/>
</pin_list>
<bind>
<opset="in1_read "/>
</bind>
</comp>

<comp id="2490" class="1005" name="acc_1_loc_reg_2490">
<pin_list>
<pin id="2491" dir="0" index="0" bw="32" slack="11"/>
<pin id="2492" dir="1" index="1" bw="32" slack="11"/>
</pin_list>
<bind>
<opset="acc_1_loc "/>
</bind>
</comp>

<comp id="2496" class="1005" name="sext_ln19_reg_2496">
<pin_list>
<pin id="2497" dir="0" index="0" bw="35" slack="1"/>
<pin id="2498" dir="1" index="1" bw="35" slack="1"/>
</pin_list>
<bind>
<opset="sext_ln19 "/>
</bind>
</comp>

<comp id="2505" class="1005" name="add_ln19_reg_2505">
<pin_list>
<pin id="2506" dir="0" index="0" bw="4" slack="1"/>
<pin id="2507" dir="1" index="1" bw="4" slack="1"/>
</pin_list>
<bind>
<opset="add_ln19 "/>
</bind>
</comp>

<comp id="2510" class="1005" name="tmp_3_reg_2510">
<pin_list>
<pin id="2511" dir="0" index="0" bw="39" slack="3"/>
<pin id="2512" dir="1" index="1" bw="39" slack="3"/>
</pin_list>
<bind>
<opset="tmp_3 "/>
</bind>
</comp>

<comp id="2519" class="1005" name="add_ln20_reg_2519">
<pin_list>
<pin id="2520" dir="0" index="0" bw="4" slack="0"/>
<pin id="2521" dir="1" index="1" bw="4" slack="0"/>
</pin_list>
<bind>
<opset="add_ln20 "/>
</bind>
</comp>

<comp id="2524" class="1005" name="trunc_ln21_reg_2524">
<pin_list>
<pin id="2525" dir="0" index="0" bw="3" slack="1"/>
<pin id="2526" dir="1" index="1" bw="3" slack="1"/>
</pin_list>
<bind>
<opset="trunc_ln21 "/>
</bind>
</comp>

<comp id="2529" class="1005" name="shl_ln_reg_2529">
<pin_list>
<pin id="2530" dir="0" index="0" bw="7" slack="3"/>
<pin id="2531" dir="1" index="1" bw="7" slack="3"/>
</pin_list>
<bind>
<opset="shl_ln "/>
</bind>
</comp>

<comp id="2538" class="1005" name="add_ln25_reg_2538">
<pin_list>
<pin id="2539" dir="0" index="0" bw="4" slack="0"/>
<pin id="2540" dir="1" index="1" bw="4" slack="0"/>
</pin_list>
<bind>
<opset="add_ln25 "/>
</bind>
</comp>

<comp id="2543" class="1005" name="tmp_6_reg_2543">
<pin_list>
<pin id="2544" dir="0" index="0" bw="7" slack="1"/>
<pin id="2545" dir="1" index="1" bw="7" slack="1"/>
</pin_list>
<bind>
<opset="tmp_6 "/>
</bind>
</comp>

<comp id="2548" class="1005" name="empty_34_reg_2548">
<pin_list>
<pin id="2549" dir="0" index="0" bw="35" slack="2"/>
<pin id="2550" dir="1" index="1" bw="35" slack="2"/>
</pin_list>
<bind>
<opset="empty_34 "/>
</bind>
</comp>

<comp id="2553" class="1005" name="tmp_7_reg_2553">
<pin_list>
<pin id="2554" dir="0" index="0" bw="39" slack="1"/>
<pin id="2555" dir="1" index="1" bw="39" slack="1"/>
</pin_list>
<bind>
<opset="tmp_7 "/>
</bind>
</comp>

<comp id="2561" class="1005" name="add_ln32_reg_2561">
<pin_list>
<pin id="2562" dir="0" index="0" bw="5" slack="0"/>
<pin id="2563" dir="1" index="1" bw="5" slack="0"/>
</pin_list>
<bind>
<opset="add_ln32 "/>
</bind>
</comp>

<comp id="2566" class="1005" name="tC_addr_reg_2566">
<pin_list>
<pin id="2567" dir="0" index="0" bw="4" slack="1"/>
<pin id="2568" dir="1" index="1" bw="4" slack="1"/>
</pin_list>
<bind>
<opset="tC_addr "/>
</bind>
</comp>

<comp id="2571" class="1005" name="tC_1_addr_reg_2571">
<pin_list>
<pin id="2572" dir="0" index="0" bw="4" slack="1"/>
<pin id="2573" dir="1" index="1" bw="4" slack="1"/>
</pin_list>
<bind>
<opset="tC_1_addr "/>
</bind>
</comp>

<comp id="2576" class="1005" name="tC_2_addr_reg_2576">
<pin_list>
<pin id="2577" dir="0" index="0" bw="4" slack="1"/>
<pin id="2578" dir="1" index="1" bw="4" slack="1"/>
</pin_list>
<bind>
<opset="tC_2_addr "/>
</bind>
</comp>

<comp id="2581" class="1005" name="tC_3_addr_reg_2581">
<pin_list>
<pin id="2582" dir="0" index="0" bw="4" slack="1"/>
<pin id="2583" dir="1" index="1" bw="4" slack="1"/>
</pin_list>
<bind>
<opset="tC_3_addr "/>
</bind>
</comp>

<comp id="2586" class="1005" name="tC_4_addr_reg_2586">
<pin_list>
<pin id="2587" dir="0" index="0" bw="4" slack="1"/>
<pin id="2588" dir="1" index="1" bw="4" slack="1"/>
</pin_list>
<bind>
<opset="tC_4_addr "/>
</bind>
</comp>

<comp id="2591" class="1005" name="tC_5_addr_reg_2591">
<pin_list>
<pin id="2592" dir="0" index="0" bw="4" slack="1"/>
<pin id="2593" dir="1" index="1" bw="4" slack="1"/>
</pin_list>
<bind>
<opset="tC_5_addr "/>
</bind>
</comp>

<comp id="2596" class="1005" name="tC_6_addr_reg_2596">
<pin_list>
<pin id="2597" dir="0" index="0" bw="4" slack="1"/>
<pin id="2598" dir="1" index="1" bw="4" slack="1"/>
</pin_list>
<bind>
<opset="tC_6_addr "/>
</bind>
</comp>

<comp id="2601" class="1005" name="tC_7_addr_reg_2601">
<pin_list>
<pin id="2602" dir="0" index="0" bw="4" slack="1"/>
<pin id="2603" dir="1" index="1" bw="4" slack="1"/>
</pin_list>
<bind>
<opset="tC_7_addr "/>
</bind>
</comp>

<comp id="2606" class="1005" name="tC_8_addr_reg_2606">
<pin_list>
<pin id="2607" dir="0" index="0" bw="4" slack="1"/>
<pin id="2608" dir="1" index="1" bw="4" slack="1"/>
</pin_list>
<bind>
<opset="tC_8_addr "/>
</bind>
</comp>

<comp id="2611" class="1005" name="tC_9_addr_reg_2611">
<pin_list>
<pin id="2612" dir="0" index="0" bw="4" slack="1"/>
<pin id="2613" dir="1" index="1" bw="4" slack="1"/>
</pin_list>
<bind>
<opset="tC_9_addr "/>
</bind>
</comp>

<comp id="2616" class="1005" name="tC_10_addr_reg_2616">
<pin_list>
<pin id="2617" dir="0" index="0" bw="4" slack="1"/>
<pin id="2618" dir="1" index="1" bw="4" slack="1"/>
</pin_list>
<bind>
<opset="tC_10_addr "/>
</bind>
</comp>

<comp id="2621" class="1005" name="tC_11_addr_reg_2621">
<pin_list>
<pin id="2622" dir="0" index="0" bw="4" slack="1"/>
<pin id="2623" dir="1" index="1" bw="4" slack="1"/>
</pin_list>
<bind>
<opset="tC_11_addr "/>
</bind>
</comp>

<comp id="2626" class="1005" name="tC_12_addr_reg_2626">
<pin_list>
<pin id="2627" dir="0" index="0" bw="4" slack="1"/>
<pin id="2628" dir="1" index="1" bw="4" slack="1"/>
</pin_list>
<bind>
<opset="tC_12_addr "/>
</bind>
</comp>

<comp id="2631" class="1005" name="tC_13_addr_reg_2631">
<pin_list>
<pin id="2632" dir="0" index="0" bw="4" slack="1"/>
<pin id="2633" dir="1" index="1" bw="4" slack="1"/>
</pin_list>
<bind>
<opset="tC_13_addr "/>
</bind>
</comp>

<comp id="2636" class="1005" name="tC_14_addr_reg_2636">
<pin_list>
<pin id="2637" dir="0" index="0" bw="4" slack="1"/>
<pin id="2638" dir="1" index="1" bw="4" slack="1"/>
</pin_list>
<bind>
<opset="tC_14_addr "/>
</bind>
</comp>

<comp id="2641" class="1005" name="tC_15_addr_reg_2641">
<pin_list>
<pin id="2642" dir="0" index="0" bw="4" slack="1"/>
<pin id="2643" dir="1" index="1" bw="4" slack="1"/>
</pin_list>
<bind>
<opset="tC_15_addr "/>
</bind>
</comp>

<comp id="2646" class="1005" name="tA_addr_reg_2646">
<pin_list>
<pin id="2647" dir="0" index="0" bw="4" slack="1"/>
<pin id="2648" dir="1" index="1" bw="4" slack="1"/>
</pin_list>
<bind>
<opset="tA_addr "/>
</bind>
</comp>

<comp id="2651" class="1005" name="tA_1_addr_reg_2651">
<pin_list>
<pin id="2652" dir="0" index="0" bw="4" slack="1"/>
<pin id="2653" dir="1" index="1" bw="4" slack="1"/>
</pin_list>
<bind>
<opset="tA_1_addr "/>
</bind>
</comp>

<comp id="2656" class="1005" name="tA_2_addr_reg_2656">
<pin_list>
<pin id="2657" dir="0" index="0" bw="4" slack="1"/>
<pin id="2658" dir="1" index="1" bw="4" slack="1"/>
</pin_list>
<bind>
<opset="tA_2_addr "/>
</bind>
</comp>

<comp id="2661" class="1005" name="tA_3_addr_reg_2661">
<pin_list>
<pin id="2662" dir="0" index="0" bw="4" slack="1"/>
<pin id="2663" dir="1" index="1" bw="4" slack="1"/>
</pin_list>
<bind>
<opset="tA_3_addr "/>
</bind>
</comp>

<comp id="2666" class="1005" name="tA_4_addr_reg_2666">
<pin_list>
<pin id="2667" dir="0" index="0" bw="4" slack="1"/>
<pin id="2668" dir="1" index="1" bw="4" slack="1"/>
</pin_list>
<bind>
<opset="tA_4_addr "/>
</bind>
</comp>

<comp id="2671" class="1005" name="tA_5_addr_reg_2671">
<pin_list>
<pin id="2672" dir="0" index="0" bw="4" slack="1"/>
<pin id="2673" dir="1" index="1" bw="4" slack="1"/>
</pin_list>
<bind>
<opset="tA_5_addr "/>
</bind>
</comp>

<comp id="2676" class="1005" name="tA_6_addr_reg_2676">
<pin_list>
<pin id="2677" dir="0" index="0" bw="4" slack="1"/>
<pin id="2678" dir="1" index="1" bw="4" slack="1"/>
</pin_list>
<bind>
<opset="tA_6_addr "/>
</bind>
</comp>

<comp id="2681" class="1005" name="tA_7_addr_reg_2681">
<pin_list>
<pin id="2682" dir="0" index="0" bw="4" slack="1"/>
<pin id="2683" dir="1" index="1" bw="4" slack="1"/>
</pin_list>
<bind>
<opset="tA_7_addr "/>
</bind>
</comp>

<comp id="2686" class="1005" name="tA_8_addr_reg_2686">
<pin_list>
<pin id="2687" dir="0" index="0" bw="4" slack="1"/>
<pin id="2688" dir="1" index="1" bw="4" slack="1"/>
</pin_list>
<bind>
<opset="tA_8_addr "/>
</bind>
</comp>

<comp id="2691" class="1005" name="tA_9_addr_reg_2691">
<pin_list>
<pin id="2692" dir="0" index="0" bw="4" slack="1"/>
<pin id="2693" dir="1" index="1" bw="4" slack="1"/>
</pin_list>
<bind>
<opset="tA_9_addr "/>
</bind>
</comp>

<comp id="2696" class="1005" name="tA_10_addr_reg_2696">
<pin_list>
<pin id="2697" dir="0" index="0" bw="4" slack="1"/>
<pin id="2698" dir="1" index="1" bw="4" slack="1"/>
</pin_list>
<bind>
<opset="tA_10_addr "/>
</bind>
</comp>

<comp id="2701" class="1005" name="tA_11_addr_reg_2701">
<pin_list>
<pin id="2702" dir="0" index="0" bw="4" slack="1"/>
<pin id="2703" dir="1" index="1" bw="4" slack="1"/>
</pin_list>
<bind>
<opset="tA_11_addr "/>
</bind>
</comp>

<comp id="2706" class="1005" name="tA_12_addr_reg_2706">
<pin_list>
<pin id="2707" dir="0" index="0" bw="4" slack="1"/>
<pin id="2708" dir="1" index="1" bw="4" slack="1"/>
</pin_list>
<bind>
<opset="tA_12_addr "/>
</bind>
</comp>

<comp id="2711" class="1005" name="tA_13_addr_reg_2711">
<pin_list>
<pin id="2712" dir="0" index="0" bw="4" slack="1"/>
<pin id="2713" dir="1" index="1" bw="4" slack="1"/>
</pin_list>
<bind>
<opset="tA_13_addr "/>
</bind>
</comp>

<comp id="2716" class="1005" name="tA_14_addr_reg_2716">
<pin_list>
<pin id="2717" dir="0" index="0" bw="4" slack="1"/>
<pin id="2718" dir="1" index="1" bw="4" slack="1"/>
</pin_list>
<bind>
<opset="tA_14_addr "/>
</bind>
</comp>

<comp id="2721" class="1005" name="tA_15_addr_reg_2721">
<pin_list>
<pin id="2722" dir="0" index="0" bw="4" slack="1"/>
<pin id="2723" dir="1" index="1" bw="4" slack="1"/>
</pin_list>
<bind>
<opset="tA_15_addr "/>
</bind>
</comp>

<comp id="2726" class="1005" name="tA_load_reg_2726">
<pin_list>
<pin id="2727" dir="0" index="0" bw="32" slack="2"/>
<pin id="2728" dir="1" index="1" bw="32" slack="2"/>
</pin_list>
<bind>
<opset="tA_load "/>
</bind>
</comp>

<comp id="2731" class="1005" name="tA_1_load_reg_2731">
<pin_list>
<pin id="2732" dir="0" index="0" bw="32" slack="2"/>
<pin id="2733" dir="1" index="1" bw="32" slack="2"/>
</pin_list>
<bind>
<opset="tA_1_load "/>
</bind>
</comp>

<comp id="2736" class="1005" name="tA_2_load_reg_2736">
<pin_list>
<pin id="2737" dir="0" index="0" bw="32" slack="2"/>
<pin id="2738" dir="1" index="1" bw="32" slack="2"/>
</pin_list>
<bind>
<opset="tA_2_load "/>
</bind>
</comp>

<comp id="2741" class="1005" name="tA_3_load_reg_2741">
<pin_list>
<pin id="2742" dir="0" index="0" bw="32" slack="2"/>
<pin id="2743" dir="1" index="1" bw="32" slack="2"/>
</pin_list>
<bind>
<opset="tA_3_load "/>
</bind>
</comp>

<comp id="2746" class="1005" name="tA_4_load_reg_2746">
<pin_list>
<pin id="2747" dir="0" index="0" bw="32" slack="2"/>
<pin id="2748" dir="1" index="1" bw="32" slack="2"/>
</pin_list>
<bind>
<opset="tA_4_load "/>
</bind>
</comp>

<comp id="2751" class="1005" name="tA_5_load_reg_2751">
<pin_list>
<pin id="2752" dir="0" index="0" bw="32" slack="2"/>
<pin id="2753" dir="1" index="1" bw="32" slack="2"/>
</pin_list>
<bind>
<opset="tA_5_load "/>
</bind>
</comp>

<comp id="2756" class="1005" name="tA_6_load_reg_2756">
<pin_list>
<pin id="2757" dir="0" index="0" bw="32" slack="2"/>
<pin id="2758" dir="1" index="1" bw="32" slack="2"/>
</pin_list>
<bind>
<opset="tA_6_load "/>
</bind>
</comp>

<comp id="2761" class="1005" name="tA_7_load_reg_2761">
<pin_list>
<pin id="2762" dir="0" index="0" bw="32" slack="2"/>
<pin id="2763" dir="1" index="1" bw="32" slack="2"/>
</pin_list>
<bind>
<opset="tA_7_load "/>
</bind>
</comp>

<comp id="2766" class="1005" name="tA_8_load_reg_2766">
<pin_list>
<pin id="2767" dir="0" index="0" bw="32" slack="2"/>
<pin id="2768" dir="1" index="1" bw="32" slack="2"/>
</pin_list>
<bind>
<opset="tA_8_load "/>
</bind>
</comp>

<comp id="2771" class="1005" name="tA_9_load_reg_2771">
<pin_list>
<pin id="2772" dir="0" index="0" bw="32" slack="2"/>
<pin id="2773" dir="1" index="1" bw="32" slack="2"/>
</pin_list>
<bind>
<opset="tA_9_load "/>
</bind>
</comp>

<comp id="2776" class="1005" name="tA_10_load_reg_2776">
<pin_list>
<pin id="2777" dir="0" index="0" bw="32" slack="2"/>
<pin id="2778" dir="1" index="1" bw="32" slack="2"/>
</pin_list>
<bind>
<opset="tA_10_load "/>
</bind>
</comp>

<comp id="2781" class="1005" name="tA_11_load_reg_2781">
<pin_list>
<pin id="2782" dir="0" index="0" bw="32" slack="2"/>
<pin id="2783" dir="1" index="1" bw="32" slack="2"/>
</pin_list>
<bind>
<opset="tA_11_load "/>
</bind>
</comp>

<comp id="2786" class="1005" name="tA_12_load_reg_2786">
<pin_list>
<pin id="2787" dir="0" index="0" bw="32" slack="2"/>
<pin id="2788" dir="1" index="1" bw="32" slack="2"/>
</pin_list>
<bind>
<opset="tA_12_load "/>
</bind>
</comp>

<comp id="2791" class="1005" name="tA_13_load_reg_2791">
<pin_list>
<pin id="2792" dir="0" index="0" bw="32" slack="2"/>
<pin id="2793" dir="1" index="1" bw="32" slack="2"/>
</pin_list>
<bind>
<opset="tA_13_load "/>
</bind>
</comp>

<comp id="2796" class="1005" name="tA_14_load_reg_2796">
<pin_list>
<pin id="2797" dir="0" index="0" bw="32" slack="2"/>
<pin id="2798" dir="1" index="1" bw="32" slack="2"/>
</pin_list>
<bind>
<opset="tA_14_load "/>
</bind>
</comp>

<comp id="2801" class="1005" name="tA_15_load_reg_2801">
<pin_list>
<pin id="2802" dir="0" index="0" bw="32" slack="2"/>
<pin id="2803" dir="1" index="1" bw="32" slack="2"/>
</pin_list>
<bind>
<opset="tA_15_load "/>
</bind>
</comp>

<comp id="2806" class="1005" name="tC_load_reg_2806">
<pin_list>
<pin id="2807" dir="0" index="0" bw="32" slack="1"/>
<pin id="2808" dir="1" index="1" bw="32" slack="1"/>
</pin_list>
<bind>
<opset="tC_load "/>
</bind>
</comp>

<comp id="2811" class="1005" name="tC_1_load_reg_2811">
<pin_list>
<pin id="2812" dir="0" index="0" bw="32" slack="1"/>
<pin id="2813" dir="1" index="1" bw="32" slack="1"/>
</pin_list>
<bind>
<opset="tC_1_load "/>
</bind>
</comp>

<comp id="2816" class="1005" name="tC_2_load_reg_2816">
<pin_list>
<pin id="2817" dir="0" index="0" bw="32" slack="1"/>
<pin id="2818" dir="1" index="1" bw="32" slack="1"/>
</pin_list>
<bind>
<opset="tC_2_load "/>
</bind>
</comp>

<comp id="2821" class="1005" name="tC_3_load_reg_2821">
<pin_list>
<pin id="2822" dir="0" index="0" bw="32" slack="1"/>
<pin id="2823" dir="1" index="1" bw="32" slack="1"/>
</pin_list>
<bind>
<opset="tC_3_load "/>
</bind>
</comp>

<comp id="2826" class="1005" name="tC_4_load_reg_2826">
<pin_list>
<pin id="2827" dir="0" index="0" bw="32" slack="1"/>
<pin id="2828" dir="1" index="1" bw="32" slack="1"/>
</pin_list>
<bind>
<opset="tC_4_load "/>
</bind>
</comp>

<comp id="2831" class="1005" name="tC_5_load_reg_2831">
<pin_list>
<pin id="2832" dir="0" index="0" bw="32" slack="1"/>
<pin id="2833" dir="1" index="1" bw="32" slack="1"/>
</pin_list>
<bind>
<opset="tC_5_load "/>
</bind>
</comp>

<comp id="2836" class="1005" name="tC_6_load_reg_2836">
<pin_list>
<pin id="2837" dir="0" index="0" bw="32" slack="1"/>
<pin id="2838" dir="1" index="1" bw="32" slack="1"/>
</pin_list>
<bind>
<opset="tC_6_load "/>
</bind>
</comp>

<comp id="2841" class="1005" name="tC_7_load_reg_2841">
<pin_list>
<pin id="2842" dir="0" index="0" bw="32" slack="1"/>
<pin id="2843" dir="1" index="1" bw="32" slack="1"/>
</pin_list>
<bind>
<opset="tC_7_load "/>
</bind>
</comp>

<comp id="2846" class="1005" name="tC_8_load_reg_2846">
<pin_list>
<pin id="2847" dir="0" index="0" bw="32" slack="1"/>
<pin id="2848" dir="1" index="1" bw="32" slack="1"/>
</pin_list>
<bind>
<opset="tC_8_load "/>
</bind>
</comp>

<comp id="2851" class="1005" name="tC_9_load_reg_2851">
<pin_list>
<pin id="2852" dir="0" index="0" bw="32" slack="1"/>
<pin id="2853" dir="1" index="1" bw="32" slack="1"/>
</pin_list>
<bind>
<opset="tC_9_load "/>
</bind>
</comp>

<comp id="2856" class="1005" name="tC_10_load_reg_2856">
<pin_list>
<pin id="2857" dir="0" index="0" bw="32" slack="1"/>
<pin id="2858" dir="1" index="1" bw="32" slack="1"/>
</pin_list>
<bind>
<opset="tC_10_load "/>
</bind>
</comp>

<comp id="2861" class="1005" name="tC_11_load_reg_2861">
<pin_list>
<pin id="2862" dir="0" index="0" bw="32" slack="1"/>
<pin id="2863" dir="1" index="1" bw="32" slack="1"/>
</pin_list>
<bind>
<opset="tC_11_load "/>
</bind>
</comp>

<comp id="2866" class="1005" name="tC_12_load_reg_2866">
<pin_list>
<pin id="2867" dir="0" index="0" bw="32" slack="1"/>
<pin id="2868" dir="1" index="1" bw="32" slack="1"/>
</pin_list>
<bind>
<opset="tC_12_load "/>
</bind>
</comp>

<comp id="2871" class="1005" name="tC_13_load_reg_2871">
<pin_list>
<pin id="2872" dir="0" index="0" bw="32" slack="1"/>
<pin id="2873" dir="1" index="1" bw="32" slack="1"/>
</pin_list>
<bind>
<opset="tC_13_load "/>
</bind>
</comp>

<comp id="2876" class="1005" name="tC_14_load_reg_2876">
<pin_list>
<pin id="2877" dir="0" index="0" bw="32" slack="1"/>
<pin id="2878" dir="1" index="1" bw="32" slack="1"/>
</pin_list>
<bind>
<opset="tC_14_load "/>
</bind>
</comp>

<comp id="2881" class="1005" name="tC_15_load_reg_2881">
<pin_list>
<pin id="2882" dir="0" index="0" bw="32" slack="1"/>
<pin id="2883" dir="1" index="1" bw="32" slack="1"/>
</pin_list>
<bind>
<opset="tC_15_load "/>
</bind>
</comp>

<comp id="2889" class="1005" name="add_ln33_reg_2889">
<pin_list>
<pin id="2890" dir="0" index="0" bw="5" slack="0"/>
<pin id="2891" dir="1" index="1" bw="5" slack="0"/>
</pin_list>
<bind>
<opset="add_ln33 "/>
</bind>
</comp>

<comp id="2894" class="1005" name="trunc_ln33_reg_2894">
<pin_list>
<pin id="2895" dir="0" index="0" bw="4" slack="1"/>
<pin id="2896" dir="1" index="1" bw="4" slack="1"/>
</pin_list>
<bind>
<opset="trunc_ln33 "/>
</bind>
</comp>

<comp id="2899" class="1005" name="tB_addr_reg_2899">
<pin_list>
<pin id="2900" dir="0" index="0" bw="4" slack="1"/>
<pin id="2901" dir="1" index="1" bw="4" slack="1"/>
</pin_list>
<bind>
<opset="tB_addr "/>
</bind>
</comp>

<comp id="2904" class="1005" name="tB_1_addr_reg_2904">
<pin_list>
<pin id="2905" dir="0" index="0" bw="4" slack="1"/>
<pin id="2906" dir="1" index="1" bw="4" slack="1"/>
</pin_list>
<bind>
<opset="tB_1_addr "/>
</bind>
</comp>

<comp id="2909" class="1005" name="tB_2_addr_reg_2909">
<pin_list>
<pin id="2910" dir="0" index="0" bw="4" slack="1"/>
<pin id="2911" dir="1" index="1" bw="4" slack="1"/>
</pin_list>
<bind>
<opset="tB_2_addr "/>
</bind>
</comp>

<comp id="2914" class="1005" name="tB_3_addr_reg_2914">
<pin_list>
<pin id="2915" dir="0" index="0" bw="4" slack="1"/>
<pin id="2916" dir="1" index="1" bw="4" slack="1"/>
</pin_list>
<bind>
<opset="tB_3_addr "/>
</bind>
</comp>

<comp id="2919" class="1005" name="tB_4_addr_reg_2919">
<pin_list>
<pin id="2920" dir="0" index="0" bw="4" slack="1"/>
<pin id="2921" dir="1" index="1" bw="4" slack="1"/>
</pin_list>
<bind>
<opset="tB_4_addr "/>
</bind>
</comp>

<comp id="2924" class="1005" name="tB_5_addr_reg_2924">
<pin_list>
<pin id="2925" dir="0" index="0" bw="4" slack="1"/>
<pin id="2926" dir="1" index="1" bw="4" slack="1"/>
</pin_list>
<bind>
<opset="tB_5_addr "/>
</bind>
</comp>

<comp id="2929" class="1005" name="tB_6_addr_reg_2929">
<pin_list>
<pin id="2930" dir="0" index="0" bw="4" slack="1"/>
<pin id="2931" dir="1" index="1" bw="4" slack="1"/>
</pin_list>
<bind>
<opset="tB_6_addr "/>
</bind>
</comp>

<comp id="2934" class="1005" name="tB_7_addr_reg_2934">
<pin_list>
<pin id="2935" dir="0" index="0" bw="4" slack="1"/>
<pin id="2936" dir="1" index="1" bw="4" slack="1"/>
</pin_list>
<bind>
<opset="tB_7_addr "/>
</bind>
</comp>

<comp id="2939" class="1005" name="tB_8_addr_reg_2939">
<pin_list>
<pin id="2940" dir="0" index="0" bw="4" slack="1"/>
<pin id="2941" dir="1" index="1" bw="4" slack="1"/>
</pin_list>
<bind>
<opset="tB_8_addr "/>
</bind>
</comp>

<comp id="2944" class="1005" name="tB_9_addr_reg_2944">
<pin_list>
<pin id="2945" dir="0" index="0" bw="4" slack="1"/>
<pin id="2946" dir="1" index="1" bw="4" slack="1"/>
</pin_list>
<bind>
<opset="tB_9_addr "/>
</bind>
</comp>

<comp id="2949" class="1005" name="tB_10_addr_reg_2949">
<pin_list>
<pin id="2950" dir="0" index="0" bw="4" slack="1"/>
<pin id="2951" dir="1" index="1" bw="4" slack="1"/>
</pin_list>
<bind>
<opset="tB_10_addr "/>
</bind>
</comp>

<comp id="2954" class="1005" name="tB_11_addr_reg_2954">
<pin_list>
<pin id="2955" dir="0" index="0" bw="4" slack="1"/>
<pin id="2956" dir="1" index="1" bw="4" slack="1"/>
</pin_list>
<bind>
<opset="tB_11_addr "/>
</bind>
</comp>

<comp id="2959" class="1005" name="tB_12_addr_reg_2959">
<pin_list>
<pin id="2960" dir="0" index="0" bw="4" slack="1"/>
<pin id="2961" dir="1" index="1" bw="4" slack="1"/>
</pin_list>
<bind>
<opset="tB_12_addr "/>
</bind>
</comp>

<comp id="2964" class="1005" name="tB_13_addr_reg_2964">
<pin_list>
<pin id="2965" dir="0" index="0" bw="4" slack="1"/>
<pin id="2966" dir="1" index="1" bw="4" slack="1"/>
</pin_list>
<bind>
<opset="tB_13_addr "/>
</bind>
</comp>

<comp id="2969" class="1005" name="tB_14_addr_reg_2969">
<pin_list>
<pin id="2970" dir="0" index="0" bw="4" slack="1"/>
<pin id="2971" dir="1" index="1" bw="4" slack="1"/>
</pin_list>
<bind>
<opset="tB_14_addr "/>
</bind>
</comp>

<comp id="2974" class="1005" name="tB_15_addr_reg_2974">
<pin_list>
<pin id="2975" dir="0" index="0" bw="4" slack="1"/>
<pin id="2976" dir="1" index="1" bw="4" slack="1"/>
</pin_list>
<bind>
<opset="tB_15_addr "/>
</bind>
</comp>

<comp id="2979" class="1005" name="acc_reg_2979">
<pin_list>
<pin id="2980" dir="0" index="0" bw="32" slack="1"/>
<pin id="2981" dir="1" index="1" bw="32" slack="1"/>
</pin_list>
<bind>
<opset="acc "/>
</bind>
</comp>

<comp id="2984" class="1005" name="tB_load_reg_2984">
<pin_list>
<pin id="2985" dir="0" index="0" bw="32" slack="1"/>
<pin id="2986" dir="1" index="1" bw="32" slack="1"/>
</pin_list>
<bind>
<opset="tB_load "/>
</bind>
</comp>

<comp id="2989" class="1005" name="tB_1_load_reg_2989">
<pin_list>
<pin id="2990" dir="0" index="0" bw="32" slack="1"/>
<pin id="2991" dir="1" index="1" bw="32" slack="1"/>
</pin_list>
<bind>
<opset="tB_1_load "/>
</bind>
</comp>

<comp id="2994" class="1005" name="tB_2_load_reg_2994">
<pin_list>
<pin id="2995" dir="0" index="0" bw="32" slack="1"/>
<pin id="2996" dir="1" index="1" bw="32" slack="1"/>
</pin_list>
<bind>
<opset="tB_2_load "/>
</bind>
</comp>

<comp id="2999" class="1005" name="tB_3_load_reg_2999">
<pin_list>
<pin id="3000" dir="0" index="0" bw="32" slack="1"/>
<pin id="3001" dir="1" index="1" bw="32" slack="1"/>
</pin_list>
<bind>
<opset="tB_3_load "/>
</bind>
</comp>

<comp id="3004" class="1005" name="tB_4_load_reg_3004">
<pin_list>
<pin id="3005" dir="0" index="0" bw="32" slack="1"/>
<pin id="3006" dir="1" index="1" bw="32" slack="1"/>
</pin_list>
<bind>
<opset="tB_4_load "/>
</bind>
</comp>

<comp id="3009" class="1005" name="tB_5_load_reg_3009">
<pin_list>
<pin id="3010" dir="0" index="0" bw="32" slack="1"/>
<pin id="3011" dir="1" index="1" bw="32" slack="1"/>
</pin_list>
<bind>
<opset="tB_5_load "/>
</bind>
</comp>

<comp id="3014" class="1005" name="tB_6_load_reg_3014">
<pin_list>
<pin id="3015" dir="0" index="0" bw="32" slack="1"/>
<pin id="3016" dir="1" index="1" bw="32" slack="1"/>
</pin_list>
<bind>
<opset="tB_6_load "/>
</bind>
</comp>

<comp id="3019" class="1005" name="tB_7_load_reg_3019">
<pin_list>
<pin id="3020" dir="0" index="0" bw="32" slack="1"/>
<pin id="3021" dir="1" index="1" bw="32" slack="1"/>
</pin_list>
<bind>
<opset="tB_7_load "/>
</bind>
</comp>

<comp id="3024" class="1005" name="tB_8_load_reg_3024">
<pin_list>
<pin id="3025" dir="0" index="0" bw="32" slack="1"/>
<pin id="3026" dir="1" index="1" bw="32" slack="1"/>
</pin_list>
<bind>
<opset="tB_8_load "/>
</bind>
</comp>

<comp id="3029" class="1005" name="tB_9_load_reg_3029">
<pin_list>
<pin id="3030" dir="0" index="0" bw="32" slack="1"/>
<pin id="3031" dir="1" index="1" bw="32" slack="1"/>
</pin_list>
<bind>
<opset="tB_9_load "/>
</bind>
</comp>

<comp id="3034" class="1005" name="tB_10_load_reg_3034">
<pin_list>
<pin id="3035" dir="0" index="0" bw="32" slack="1"/>
<pin id="3036" dir="1" index="1" bw="32" slack="1"/>
</pin_list>
<bind>
<opset="tB_10_load "/>
</bind>
</comp>

<comp id="3039" class="1005" name="tB_11_load_reg_3039">
<pin_list>
<pin id="3040" dir="0" index="0" bw="32" slack="1"/>
<pin id="3041" dir="1" index="1" bw="32" slack="1"/>
</pin_list>
<bind>
<opset="tB_11_load "/>
</bind>
</comp>

<comp id="3044" class="1005" name="tB_12_load_reg_3044">
<pin_list>
<pin id="3045" dir="0" index="0" bw="32" slack="1"/>
<pin id="3046" dir="1" index="1" bw="32" slack="1"/>
</pin_list>
<bind>
<opset="tB_12_load "/>
</bind>
</comp>

<comp id="3049" class="1005" name="tB_13_load_reg_3049">
<pin_list>
<pin id="3050" dir="0" index="0" bw="32" slack="1"/>
<pin id="3051" dir="1" index="1" bw="32" slack="1"/>
</pin_list>
<bind>
<opset="tB_13_load "/>
</bind>
</comp>

<comp id="3054" class="1005" name="tB_14_load_reg_3054">
<pin_list>
<pin id="3055" dir="0" index="0" bw="32" slack="1"/>
<pin id="3056" dir="1" index="1" bw="32" slack="1"/>
</pin_list>
<bind>
<opset="tB_14_load "/>
</bind>
</comp>

<comp id="3059" class="1005" name="tB_15_load_reg_3059">
<pin_list>
<pin id="3060" dir="0" index="0" bw="32" slack="1"/>
<pin id="3061" dir="1" index="1" bw="32" slack="1"/>
</pin_list>
<bind>
<opset="tB_15_load "/>
</bind>
</comp>

</comp_list>

<net_list>
<net id="139"><net_src comp="10" pin="0"/><net_sink comp="136" pin=0"/></net>

<net id="143"><net_src comp="16" pin="0"/><net_sink comp="140" pin=0"/></net>

<net id="147"><net_src comp="16" pin="0"/><net_sink comp="144" pin=0"/></net>

<net id="151"><net_src comp="16" pin="0"/><net_sink comp="148" pin=0"/></net>

<net id="155"><net_src comp="16" pin="0"/><net_sink comp="152" pin=0"/></net>

<net id="159"><net_src comp="16" pin="0"/><net_sink comp="156" pin=0"/></net>

<net id="163"><net_src comp="16" pin="0"/><net_sink comp="160" pin=0"/></net>

<net id="167"><net_src comp="16" pin="0"/><net_sink comp="164" pin=0"/></net>

<net id="171"><net_src comp="16" pin="0"/><net_sink comp="168" pin=0"/></net>

<net id="175"><net_src comp="16" pin="0"/><net_sink comp="172" pin=0"/></net>

<net id="179"><net_src comp="16" pin="0"/><net_sink comp="176" pin=0"/></net>

<net id="183"><net_src comp="16" pin="0"/><net_sink comp="180" pin=0"/></net>

<net id="187"><net_src comp="16" pin="0"/><net_sink comp="184" pin=0"/></net>

<net id="191"><net_src comp="16" pin="0"/><net_sink comp="188" pin=0"/></net>

<net id="195"><net_src comp="16" pin="0"/><net_sink comp="192" pin=0"/></net>

<net id="199"><net_src comp="16" pin="0"/><net_sink comp="196" pin=0"/></net>

<net id="203"><net_src comp="16" pin="0"/><net_sink comp="200" pin=0"/></net>

<net id="207"><net_src comp="16" pin="0"/><net_sink comp="204" pin=0"/></net>

<net id="211"><net_src comp="16" pin="0"/><net_sink comp="208" pin=0"/></net>

<net id="215"><net_src comp="16" pin="0"/><net_sink comp="212" pin=0"/></net>

<net id="219"><net_src comp="16" pin="0"/><net_sink comp="216" pin=0"/></net>

<net id="223"><net_src comp="16" pin="0"/><net_sink comp="220" pin=0"/></net>

<net id="227"><net_src comp="16" pin="0"/><net_sink comp="224" pin=0"/></net>

<net id="231"><net_src comp="16" pin="0"/><net_sink comp="228" pin=0"/></net>

<net id="235"><net_src comp="16" pin="0"/><net_sink comp="232" pin=0"/></net>

<net id="239"><net_src comp="16" pin="0"/><net_sink comp="236" pin=0"/></net>

<net id="243"><net_src comp="16" pin="0"/><net_sink comp="240" pin=0"/></net>

<net id="247"><net_src comp="16" pin="0"/><net_sink comp="244" pin=0"/></net>

<net id="251"><net_src comp="16" pin="0"/><net_sink comp="248" pin=0"/></net>

<net id="255"><net_src comp="16" pin="0"/><net_sink comp="252" pin=0"/></net>

<net id="259"><net_src comp="16" pin="0"/><net_sink comp="256" pin=0"/></net>

<net id="263"><net_src comp="16" pin="0"/><net_sink comp="260" pin=0"/></net>

<net id="267"><net_src comp="16" pin="0"/><net_sink comp="264" pin=0"/></net>

<net id="271"><net_src comp="16" pin="0"/><net_sink comp="268" pin=0"/></net>

<net id="275"><net_src comp="16" pin="0"/><net_sink comp="272" pin=0"/></net>

<net id="279"><net_src comp="16" pin="0"/><net_sink comp="276" pin=0"/></net>

<net id="283"><net_src comp="16" pin="0"/><net_sink comp="280" pin=0"/></net>

<net id="287"><net_src comp="16" pin="0"/><net_sink comp="284" pin=0"/></net>

<net id="291"><net_src comp="16" pin="0"/><net_sink comp="288" pin=0"/></net>

<net id="295"><net_src comp="16" pin="0"/><net_sink comp="292" pin=0"/></net>

<net id="299"><net_src comp="16" pin="0"/><net_sink comp="296" pin=0"/></net>

<net id="303"><net_src comp="16" pin="0"/><net_sink comp="300" pin=0"/></net>

<net id="307"><net_src comp="16" pin="0"/><net_sink comp="304" pin=0"/></net>

<net id="311"><net_src comp="16" pin="0"/><net_sink comp="308" pin=0"/></net>

<net id="315"><net_src comp="16" pin="0"/><net_sink comp="312" pin=0"/></net>

<net id="319"><net_src comp="16" pin="0"/><net_sink comp="316" pin=0"/></net>

<net id="323"><net_src comp="16" pin="0"/><net_sink comp="320" pin=0"/></net>

<net id="327"><net_src comp="16" pin="0"/><net_sink comp="324" pin=0"/></net>

<net id="331"><net_src comp="16" pin="0"/><net_sink comp="328" pin=0"/></net>

<net id="335"><net_src comp="16" pin="0"/><net_sink comp="332" pin=0"/></net>

<net id="340"><net_src comp="12" pin="0"/><net_sink comp="336" pin=0"/></net>

<net id="341"><net_src comp="8" pin="0"/><net_sink comp="336" pin=1"/></net>

<net id="346"><net_src comp="14" pin="0"/><net_sink comp="342" pin=0"/></net>

<net id="347"><net_src comp="6" pin="0"/><net_sink comp="342" pin=1"/></net>

<net id="352"><net_src comp="14" pin="0"/><net_sink comp="348" pin=0"/></net>

<net id="353"><net_src comp="4" pin="0"/><net_sink comp="348" pin=1"/></net>

<net id="358"><net_src comp="14" pin="0"/><net_sink comp="354" pin=0"/></net>

<net id="359"><net_src comp="2" pin="0"/><net_sink comp="354" pin=1"/></net>

<net id="365"><net_src comp="94" pin="0"/><net_sink comp="360" pin=1"/></net>

<net id="371"><net_src comp="94" pin="0"/><net_sink comp="366" pin=1"/></net>

<net id="377"><net_src comp="94" pin="0"/><net_sink comp="372" pin=1"/></net>

<net id="383"><net_src comp="94" pin="0"/><net_sink comp="378" pin=1"/></net>

<net id="389"><net_src comp="94" pin="0"/><net_sink comp="384" pin=1"/></net>

<net id="395"><net_src comp="94" pin="0"/><net_sink comp="390" pin=1"/></net>

<net id="401"><net_src comp="94" pin="0"/><net_sink comp="396" pin=1"/></net>

<net id="407"><net_src comp="94" pin="0"/><net_sink comp="402" pin=1"/></net>

<net id="413"><net_src comp="94" pin="0"/><net_sink comp="408" pin=1"/></net>

<net id="419"><net_src comp="94" pin="0"/><net_sink comp="414" pin=1"/></net>

<net id="425"><net_src comp="94" pin="0"/><net_sink comp="420" pin=1"/></net>

<net id="431"><net_src comp="94" pin="0"/><net_sink comp="426" pin=1"/></net>

<net id="437"><net_src comp="94" pin="0"/><net_sink comp="432" pin=1"/></net>

<net id="443"><net_src comp="94" pin="0"/><net_sink comp="438" pin=1"/></net>

<net id="449"><net_src comp="94" pin="0"/><net_sink comp="444" pin=1"/></net>

<net id="455"><net_src comp="94" pin="0"/><net_sink comp="450" pin=1"/></net>

<net id="461"><net_src comp="94" pin="0"/><net_sink comp="456" pin=1"/></net>

<net id="467"><net_src comp="94" pin="0"/><net_sink comp="462" pin=1"/></net>

<net id="473"><net_src comp="94" pin="0"/><net_sink comp="468" pin=1"/></net>

<net id="479"><net_src comp="94" pin="0"/><net_sink comp="474" pin=1"/></net>

<net id="485"><net_src comp="94" pin="0"/><net_sink comp="480" pin=1"/></net>

<net id="491"><net_src comp="94" pin="0"/><net_sink comp="486" pin=1"/></net>

<net id="497"><net_src comp="94" pin="0"/><net_sink comp="492" pin=1"/></net>

<net id="503"><net_src comp="94" pin="0"/><net_sink comp="498" pin=1"/></net>

<net id="509"><net_src comp="94" pin="0"/><net_sink comp="504" pin=1"/></net>

<net id="515"><net_src comp="94" pin="0"/><net_sink comp="510" pin=1"/></net>

<net id="521"><net_src comp="94" pin="0"/><net_sink comp="516" pin=1"/></net>

<net id="527"><net_src comp="94" pin="0"/><net_sink comp="522" pin=1"/></net>

<net id="533"><net_src comp="94" pin="0"/><net_sink comp="528" pin=1"/></net>

<net id="539"><net_src comp="94" pin="0"/><net_sink comp="534" pin=1"/></net>

<net id="545"><net_src comp="94" pin="0"/><net_sink comp="540" pin=1"/></net>

<net id="551"><net_src comp="94" pin="0"/><net_sink comp="546" pin=1"/></net>

<net id="557"><net_src comp="456" pin="3"/><net_sink comp="552" pin=0"/></net>

<net id="563"><net_src comp="462" pin="3"/><net_sink comp="558" pin=0"/></net>

<net id="569"><net_src comp="468" pin="3"/><net_sink comp="564" pin=0"/></net>

<net id="575"><net_src comp="474" pin="3"/><net_sink comp="570" pin=0"/></net>

<net id="581"><net_src comp="480" pin="3"/><net_sink comp="576" pin=0"/></net>

<net id="587"><net_src comp="486" pin="3"/><net_sink comp="582" pin=0"/></net>

<net id="593"><net_src comp="492" pin="3"/><net_sink comp="588" pin=0"/></net>

<net id="599"><net_src comp="498" pin="3"/><net_sink comp="594" pin=0"/></net>

<net id="605"><net_src comp="504" pin="3"/><net_sink comp="600" pin=0"/></net>

<net id="611"><net_src comp="510" pin="3"/><net_sink comp="606" pin=0"/></net>

<net id="617"><net_src comp="516" pin="3"/><net_sink comp="612" pin=0"/></net>

<net id="623"><net_src comp="522" pin="3"/><net_sink comp="618" pin=0"/></net>

<net id="629"><net_src comp="528" pin="3"/><net_sink comp="624" pin=0"/></net>

<net id="635"><net_src comp="534" pin="3"/><net_sink comp="630" pin=0"/></net>

<net id="641"><net_src comp="540" pin="3"/><net_sink comp="636" pin=0"/></net>

<net id="647"><net_src comp="546" pin="3"/><net_sink comp="642" pin=0"/></net>

<net id="653"><net_src comp="360" pin="3"/><net_sink comp="648" pin=0"/></net>

<net id="659"><net_src comp="366" pin="3"/><net_sink comp="654" pin=0"/></net>

<net id="665"><net_src comp="372" pin="3"/><net_sink comp="660" pin=0"/></net>

<net id="671"><net_src comp="378" pin="3"/><net_sink comp="666" pin=0"/></net>

<net id="677"><net_src comp="384" pin="3"/><net_sink comp="672" pin=0"/></net>

<net id="683"><net_src comp="390" pin="3"/><net_sink comp="678" pin=0"/></net>

<net id="689"><net_src comp="396" pin="3"/><net_sink comp="684" pin=0"/></net>

<net id="695"><net_src comp="402" pin="3"/><net_sink comp="690" pin=0"/></net>

<net id="701"><net_src comp="408" pin="3"/><net_sink comp="696" pin=0"/></net>

<net id="707"><net_src comp="414" pin="3"/><net_sink comp="702" pin=0"/></net>

<net id="713"><net_src comp="420" pin="3"/><net_sink comp="708" pin=0"/></net>

<net id="719"><net_src comp="426" pin="3"/><net_sink comp="714" pin=0"/></net>

<net id="725"><net_src comp="432" pin="3"/><net_sink comp="720" pin=0"/></net>

<net id="731"><net_src comp="438" pin="3"/><net_sink comp="726" pin=0"/></net>

<net id="737"><net_src comp="444" pin="3"/><net_sink comp="732" pin=0"/></net>

<net id="743"><net_src comp="450" pin="3"/><net_sink comp="738" pin=0"/></net>

<net id="749"><net_src comp="94" pin="0"/><net_sink comp="744" pin=1"/></net>

<net id="755"><net_src comp="94" pin="0"/><net_sink comp="750" pin=1"/></net>

<net id="761"><net_src comp="94" pin="0"/><net_sink comp="756" pin=1"/></net>

<net id="767"><net_src comp="94" pin="0"/><net_sink comp="762" pin=1"/></net>

<net id="773"><net_src comp="94" pin="0"/><net_sink comp="768" pin=1"/></net>

<net id="779"><net_src comp="94" pin="0"/><net_sink comp="774" pin=1"/></net>

<net id="785"><net_src comp="94" pin="0"/><net_sink comp="780" pin=1"/></net>

<net id="791"><net_src comp="94" pin="0"/><net_sink comp="786" pin=1"/></net>

<net id="797"><net_src comp="94" pin="0"/><net_sink comp="792" pin=1"/></net>

<net id="803"><net_src comp="94" pin="0"/><net_sink comp="798" pin=1"/></net>

<net id="809"><net_src comp="94" pin="0"/><net_sink comp="804" pin=1"/></net>

<net id="815"><net_src comp="94" pin="0"/><net_sink comp="810" pin=1"/></net>

<net id="821"><net_src comp="94" pin="0"/><net_sink comp="816" pin=1"/></net>

<net id="827"><net_src comp="94" pin="0"/><net_sink comp="822" pin=1"/></net>

<net id="833"><net_src comp="94" pin="0"/><net_sink comp="828" pin=1"/></net>

<net id="839"><net_src comp="94" pin="0"/><net_sink comp="834" pin=1"/></net>

<net id="845"><net_src comp="744" pin="3"/><net_sink comp="840" pin=0"/></net>

<net id="851"><net_src comp="750" pin="3"/><net_sink comp="846" pin=0"/></net>

<net id="857"><net_src comp="756" pin="3"/><net_sink comp="852" pin=0"/></net>

<net id="863"><net_src comp="762" pin="3"/><net_sink comp="858" pin=0"/></net>

<net id="869"><net_src comp="768" pin="3"/><net_sink comp="864" pin=0"/></net>

<net id="875"><net_src comp="774" pin="3"/><net_sink comp="870" pin=0"/></net>

<net id="881"><net_src comp="780" pin="3"/><net_sink comp="876" pin=0"/></net>

<net id="887"><net_src comp="786" pin="3"/><net_sink comp="882" pin=0"/></net>

<net id="893"><net_src comp="792" pin="3"/><net_sink comp="888" pin=0"/></net>

<net id="899"><net_src comp="798" pin="3"/><net_sink comp="894" pin=0"/></net>

<net id="905"><net_src comp="804" pin="3"/><net_sink comp="900" pin=0"/></net>

<net id="911"><net_src comp="810" pin="3"/><net_sink comp="906" pin=0"/></net>

<net id="917"><net_src comp="816" pin="3"/><net_sink comp="912" pin=0"/></net>

<net id="923"><net_src comp="822" pin="3"/><net_sink comp="918" pin=0"/></net>

<net id="929"><net_src comp="828" pin="3"/><net_sink comp="924" pin=0"/></net>

<net id="935"><net_src comp="834" pin="3"/><net_sink comp="930" pin=0"/></net>

<net id="939"><net_src comp="60" pin="0"/><net_sink comp="936" pin=0"/></net>

<net id="946"><net_src comp="936" pin="1"/><net_sink comp="940" pin=0"/></net>

<net id="950"><net_src comp="60" pin="0"/><net_sink comp="947" pin=0"/></net>

<net id="957"><net_src comp="947" pin="1"/><net_sink comp="951" pin=0"/></net>

<net id="961"><net_src comp="88" pin="0"/><net_sink comp="958" pin=0"/></net>

<net id="968"><net_src comp="958" pin="1"/><net_sink comp="962" pin=2"/></net>

<net id="978"><net_src comp="972" pin="4"/><net_sink comp="738" pin=1"/></net>

<net id="979"><net_src comp="972" pin="4"/><net_sink comp="969" pin=0"/></net>

<net id="989"><net_src comp="983" pin="4"/><net_sink comp="732" pin=1"/></net>

<net id="990"><net_src comp="983" pin="4"/><net_sink comp="980" pin=0"/></net>

<net id="1000"><net_src comp="994" pin="4"/><net_sink comp="726" pin=1"/></net>

<net id="1001"><net_src comp="994" pin="4"/><net_sink comp="991" pin=0"/></net>

<net id="1011"><net_src comp="1005" pin="4"/><net_sink comp="720" pin=1"/></net>

<net id="1012"><net_src comp="1005" pin="4"/><net_sink comp="1002" pin=0"/></net>

<net id="1022"><net_src comp="1016" pin="4"/><net_sink comp="714" pin=1"/></net>

<net id="1023"><net_src comp="1016" pin="4"/><net_sink comp="1013" pin=0"/></net>

<net id="1033"><net_src comp="1027" pin="4"/><net_sink comp="708" pin=1"/></net>

<net id="1034"><net_src comp="1027" pin="4"/><net_sink comp="1024" pin=0"/></net>

<net id="1044"><net_src comp="1038" pin="4"/><net_sink comp="702" pin=1"/></net>

<net id="1045"><net_src comp="1038" pin="4"/><net_sink comp="1035" pin=0"/></net>

<net id="1055"><net_src comp="1049" pin="4"/><net_sink comp="696" pin=1"/></net>

<net id="1056"><net_src comp="1049" pin="4"/><net_sink comp="1046" pin=0"/></net>

<net id="1066"><net_src comp="1060" pin="4"/><net_sink comp="690" pin=1"/></net>

<net id="1067"><net_src comp="1060" pin="4"/><net_sink comp="1057" pin=0"/></net>

<net id="1077"><net_src comp="1071" pin="4"/><net_sink comp="684" pin=1"/></net>

<net id="1078"><net_src comp="1071" pin="4"/><net_sink comp="1068" pin=0"/></net>

<net id="1088"><net_src comp="1082" pin="4"/><net_sink comp="678" pin=1"/></net>

<net id="1089"><net_src comp="1082" pin="4"/><net_sink comp="1079" pin=0"/></net>

<net id="1099"><net_src comp="1093" pin="4"/><net_sink comp="672" pin=1"/></net>

<net id="1100"><net_src comp="1093" pin="4"/><net_sink comp="1090" pin=0"/></net>

<net id="1110"><net_src comp="1104" pin="4"/><net_sink comp="666" pin=1"/></net>

<net id="1111"><net_src comp="1104" pin="4"/><net_sink comp="1101" pin=0"/></net>

<net id="1121"><net_src comp="1115" pin="4"/><net_sink comp="660" pin=1"/></net>

<net id="1122"><net_src comp="1115" pin="4"/><net_sink comp="1112" pin=0"/></net>

<net id="1132"><net_src comp="1126" pin="4"/><net_sink comp="654" pin=1"/></net>

<net id="1133"><net_src comp="1126" pin="4"/><net_sink comp="1123" pin=0"/></net>

<net id="1143"><net_src comp="1137" pin="4"/><net_sink comp="648" pin=1"/></net>

<net id="1144"><net_src comp="1137" pin="4"/><net_sink comp="1134" pin=0"/></net>

<net id="1148"><net_src comp="88" pin="0"/><net_sink comp="1145" pin=0"/></net>

<net id="1155"><net_src comp="1145" pin="1"/><net_sink comp="1149" pin=0"/></net>

<net id="1159"><net_src comp="1156" pin="1"/><net_sink comp="972" pin=2"/></net>

<net id="1194"><net_src comp="969" pin="1"/><net_sink comp="1160" pin=2"/></net>

<net id="1195"><net_src comp="969" pin="1"/><net_sink comp="1160" pin=4"/></net>

<net id="1196"><net_src comp="969" pin="1"/><net_sink comp="1160" pin=6"/></net>

<net id="1197"><net_src comp="969" pin="1"/><net_sink comp="1160" pin=8"/></net>

<net id="1198"><net_src comp="969" pin="1"/><net_sink comp="1160" pin=10"/></net>

<net id="1199"><net_src comp="969" pin="1"/><net_sink comp="1160" pin=12"/></net>

<net id="1200"><net_src comp="969" pin="1"/><net_sink comp="1160" pin=14"/></net>

<net id="1201"><net_src comp="969" pin="1"/><net_sink comp="1160" pin=16"/></net>

<net id="1202"><net_src comp="969" pin="1"/><net_sink comp="1160" pin=18"/></net>

<net id="1203"><net_src comp="969" pin="1"/><net_sink comp="1160" pin=20"/></net>

<net id="1204"><net_src comp="969" pin="1"/><net_sink comp="1160" pin=22"/></net>

<net id="1205"><net_src comp="969" pin="1"/><net_sink comp="1160" pin=24"/></net>

<net id="1206"><net_src comp="969" pin="1"/><net_sink comp="1160" pin=26"/></net>

<net id="1207"><net_src comp="969" pin="1"/><net_sink comp="1160" pin=28"/></net>

<net id="1208"><net_src comp="969" pin="1"/><net_sink comp="1160" pin=30"/></net>

<net id="1209"><net_src comp="1160" pin="32"/><net_sink comp="1156" pin=0"/></net>

<net id="1213"><net_src comp="1210" pin="1"/><net_sink comp="983" pin=2"/></net>

<net id="1248"><net_src comp="980" pin="1"/><net_sink comp="1214" pin=0"/></net>

<net id="1249"><net_src comp="980" pin="1"/><net_sink comp="1214" pin=2"/></net>

<net id="1250"><net_src comp="980" pin="1"/><net_sink comp="1214" pin=4"/></net>

<net id="1251"><net_src comp="980" pin="1"/><net_sink comp="1214" pin=6"/></net>

<net id="1252"><net_src comp="980" pin="1"/><net_sink comp="1214" pin=8"/></net>

<net id="1253"><net_src comp="980" pin="1"/><net_sink comp="1214" pin=10"/></net>

<net id="1254"><net_src comp="980" pin="1"/><net_sink comp="1214" pin=12"/></net>

<net id="1255"><net_src comp="980" pin="1"/><net_sink comp="1214" pin=14"/></net>

<net id="1256"><net_src comp="980" pin="1"/><net_sink comp="1214" pin=16"/></net>

<net id="1257"><net_src comp="980" pin="1"/><net_sink comp="1214" pin=18"/></net>

<net id="1258"><net_src comp="980" pin="1"/><net_sink comp="1214" pin=20"/></net>

<net id="1259"><net_src comp="980" pin="1"/><net_sink comp="1214" pin=22"/></net>

<net id="1260"><net_src comp="980" pin="1"/><net_sink comp="1214" pin=24"/></net>

<net id="1261"><net_src comp="980" pin="1"/><net_sink comp="1214" pin=26"/></net>

<net id="1262"><net_src comp="980" pin="1"/><net_sink comp="1214" pin=28"/></net>

<net id="1263"><net_src comp="1214" pin="32"/><net_sink comp="1210" pin=0"/></net>

<net id="1267"><net_src comp="1264" pin="1"/><net_sink comp="994" pin=2"/></net>

<net id="1302"><net_src comp="991" pin="1"/><net_sink comp="1268" pin=0"/></net>

<net id="1303"><net_src comp="991" pin="1"/><net_sink comp="1268" pin=4"/></net>

<net id="1304"><net_src comp="991" pin="1"/><net_sink comp="1268" pin=6"/></net>

<net id="1305"><net_src comp="991" pin="1"/><net_sink comp="1268" pin=8"/></net>

<net id="1306"><net_src comp="991" pin="1"/><net_sink comp="1268" pin=10"/></net>

<net id="1307"><net_src comp="991" pin="1"/><net_sink comp="1268" pin=12"/></net>

<net id="1308"><net_src comp="991" pin="1"/><net_sink comp="1268" pin=14"/></net>

<net id="1309"><net_src comp="991" pin="1"/><net_sink comp="1268" pin=16"/></net>

<net id="1310"><net_src comp="991" pin="1"/><net_sink comp="1268" pin=18"/></net>

<net id="1311"><net_src comp="991" pin="1"/><net_sink comp="1268" pin=20"/></net>

<net id="1312"><net_src comp="991" pin="1"/><net_sink comp="1268" pin=22"/></net>

<net id="1313"><net_src comp="991" pin="1"/><net_sink comp="1268" pin=24"/></net>

<net id="1314"><net_src comp="991" pin="1"/><net_sink comp="1268" pin=26"/></net>

<net id="1315"><net_src comp="991" pin="1"/><net_sink comp="1268" pin=28"/></net>

<net id="1316"><net_src comp="991" pin="1"/><net_sink comp="1268" pin=30"/></net>

<net id="1317"><net_src comp="1268" pin="32"/><net_sink comp="1264" pin=0"/></net>

<net id="1321"><net_src comp="1318" pin="1"/><net_sink comp="1005" pin=2"/></net>

<net id="1356"><net_src comp="1002" pin="1"/><net_sink comp="1322" pin=0"/></net>

<net id="1357"><net_src comp="1002" pin="1"/><net_sink comp="1322" pin=2"/></net>

<net id="1358"><net_src comp="1002" pin="1"/><net_sink comp="1322" pin=6"/></net>

<net id="1359"><net_src comp="1002" pin="1"/><net_sink comp="1322" pin=8"/></net>

<net id="1360"><net_src comp="1002" pin="1"/><net_sink comp="1322" pin=10"/></net>

<net id="1361"><net_src comp="1002" pin="1"/><net_sink comp="1322" pin=12"/></net>

<net id="1362"><net_src comp="1002" pin="1"/><net_sink comp="1322" pin=14"/></net>

<net id="1363"><net_src comp="1002" pin="1"/><net_sink comp="1322" pin=16"/></net>

<net id="1364"><net_src comp="1002" pin="1"/><net_sink comp="1322" pin=18"/></net>

<net id="1365"><net_src comp="1002" pin="1"/><net_sink comp="1322" pin=20"/></net>

<net id="1366"><net_src comp="1002" pin="1"/><net_sink comp="1322" pin=22"/></net>

<net id="1367"><net_src comp="1002" pin="1"/><net_sink comp="1322" pin=24"/></net>

<net id="1368"><net_src comp="1002" pin="1"/><net_sink comp="1322" pin=26"/></net>

<net id="1369"><net_src comp="1002" pin="1"/><net_sink comp="1322" pin=28"/></net>

<net id="1370"><net_src comp="1002" pin="1"/><net_sink comp="1322" pin=30"/></net>

<net id="1371"><net_src comp="1322" pin="32"/><net_sink comp="1318" pin=0"/></net>

<net id="1375"><net_src comp="1372" pin="1"/><net_sink comp="1016" pin=2"/></net>

<net id="1410"><net_src comp="1013" pin="1"/><net_sink comp="1376" pin=0"/></net>

<net id="1411"><net_src comp="1013" pin="1"/><net_sink comp="1376" pin=2"/></net>

<net id="1412"><net_src comp="1013" pin="1"/><net_sink comp="1376" pin=4"/></net>

<net id="1413"><net_src comp="1013" pin="1"/><net_sink comp="1376" pin=8"/></net>

<net id="1414"><net_src comp="1013" pin="1"/><net_sink comp="1376" pin=10"/></net>

<net id="1415"><net_src comp="1013" pin="1"/><net_sink comp="1376" pin=12"/></net>

<net id="1416"><net_src comp="1013" pin="1"/><net_sink comp="1376" pin=14"/></net>

<net id="1417"><net_src comp="1013" pin="1"/><net_sink comp="1376" pin=16"/></net>

<net id="1418"><net_src comp="1013" pin="1"/><net_sink comp="1376" pin=18"/></net>

<net id="1419"><net_src comp="1013" pin="1"/><net_sink comp="1376" pin=20"/></net>

<net id="1420"><net_src comp="1013" pin="1"/><net_sink comp="1376" pin=22"/></net>

<net id="1421"><net_src comp="1013" pin="1"/><net_sink comp="1376" pin=24"/></net>

<net id="1422"><net_src comp="1013" pin="1"/><net_sink comp="1376" pin=26"/></net>

<net id="1423"><net_src comp="1013" pin="1"/><net_sink comp="1376" pin=28"/></net>

<net id="1424"><net_src comp="1013" pin="1"/><net_sink comp="1376" pin=30"/></net>

<net id="1425"><net_src comp="1376" pin="32"/><net_sink comp="1372" pin=0"/></net>

<net id="1429"><net_src comp="1426" pin="1"/><net_sink comp="1027" pin=2"/></net>

<net id="1464"><net_src comp="1024" pin="1"/><net_sink comp="1430" pin=0"/></net>

<net id="1465"><net_src comp="1024" pin="1"/><net_sink comp="1430" pin=2"/></net>

<net id="1466"><net_src comp="1024" pin="1"/><net_sink comp="1430" pin=4"/></net>

<net id="1467"><net_src comp="1024" pin="1"/><net_sink comp="1430" pin=6"/></net>

<net id="1468"><net_src comp="1024" pin="1"/><net_sink comp="1430" pin=10"/></net>

<net id="1469"><net_src comp="1024" pin="1"/><net_sink comp="1430" pin=12"/></net>

<net id="1470"><net_src comp="1024" pin="1"/><net_sink comp="1430" pin=14"/></net>

<net id="1471"><net_src comp="1024" pin="1"/><net_sink comp="1430" pin=16"/></net>

<net id="1472"><net_src comp="1024" pin="1"/><net_sink comp="1430" pin=18"/></net>

<net id="1473"><net_src comp="1024" pin="1"/><net_sink comp="1430" pin=20"/></net>

<net id="1474"><net_src comp="1024" pin="1"/><net_sink comp="1430" pin=22"/></net>

<net id="1475"><net_src comp="1024" pin="1"/><net_sink comp="1430" pin=24"/></net>

<net id="1476"><net_src comp="1024" pin="1"/><net_sink comp="1430" pin=26"/></net>

<net id="1477"><net_src comp="1024" pin="1"/><net_sink comp="1430" pin=28"/></net>

<net id="1478"><net_src comp="1024" pin="1"/><net_sink comp="1430" pin=30"/></net>

<net id="1479"><net_src comp="1430" pin="32"/><net_sink comp="1426" pin=0"/></net>

<net id="1483"><net_src comp="1480" pin="1"/><net_sink comp="1038" pin=2"/></net>

<net id="1518"><net_src comp="1035" pin="1"/><net_sink comp="1484" pin=0"/></net>

<net id="1519"><net_src comp="1035" pin="1"/><net_sink comp="1484" pin=2"/></net>

<net id="1520"><net_src comp="1035" pin="1"/><net_sink comp="1484" pin=4"/></net>

<net id="1521"><net_src comp="1035" pin="1"/><net_sink comp="1484" pin=6"/></net>

<net id="1522"><net_src comp="1035" pin="1"/><net_sink comp="1484" pin=8"/></net>

<net id="1523"><net_src comp="1035" pin="1"/><net_sink comp="1484" pin=12"/></net>

<net id="1524"><net_src comp="1035" pin="1"/><net_sink comp="1484" pin=14"/></net>

<net id="1525"><net_src comp="1035" pin="1"/><net_sink comp="1484" pin=16"/></net>

<net id="1526"><net_src comp="1035" pin="1"/><net_sink comp="1484" pin=18"/></net>

<net id="1527"><net_src comp="1035" pin="1"/><net_sink comp="1484" pin=20"/></net>

<net id="1528"><net_src comp="1035" pin="1"/><net_sink comp="1484" pin=22"/></net>

<net id="1529"><net_src comp="1035" pin="1"/><net_sink comp="1484" pin=24"/></net>

<net id="1530"><net_src comp="1035" pin="1"/><net_sink comp="1484" pin=26"/></net>

<net id="1531"><net_src comp="1035" pin="1"/><net_sink comp="1484" pin=28"/></net>

<net id="1532"><net_src comp="1035" pin="1"/><net_sink comp="1484" pin=30"/></net>

<net id="1533"><net_src comp="1484" pin="32"/><net_sink comp="1480" pin=0"/></net>

<net id="1537"><net_src comp="1534" pin="1"/><net_sink comp="1049" pin=2"/></net>

<net id="1572"><net_src comp="1046" pin="1"/><net_sink comp="1538" pin=0"/></net>

<net id="1573"><net_src comp="1046" pin="1"/><net_sink comp="1538" pin=2"/></net>

<net id="1574"><net_src comp="1046" pin="1"/><net_sink comp="1538" pin=4"/></net>

<net id="1575"><net_src comp="1046" pin="1"/><net_sink comp="1538" pin=6"/></net>

<net id="1576"><net_src comp="1046" pin="1"/><net_sink comp="1538" pin=8"/></net>

<net id="1577"><net_src comp="1046" pin="1"/><net_sink comp="1538" pin=10"/></net>

<net id="1578"><net_src comp="1046" pin="1"/><net_sink comp="1538" pin=14"/></net>

<net id="1579"><net_src comp="1046" pin="1"/><net_sink comp="1538" pin=16"/></net>

<net id="1580"><net_src comp="1046" pin="1"/><net_sink comp="1538" pin=18"/></net>

<net id="1581"><net_src comp="1046" pin="1"/><net_sink comp="1538" pin=20"/></net>

<net id="1582"><net_src comp="1046" pin="1"/><net_sink comp="1538" pin=22"/></net>

<net id="1583"><net_src comp="1046" pin="1"/><net_sink comp="1538" pin=24"/></net>

<net id="1584"><net_src comp="1046" pin="1"/><net_sink comp="1538" pin=26"/></net>

<net id="1585"><net_src comp="1046" pin="1"/><net_sink comp="1538" pin=28"/></net>

<net id="1586"><net_src comp="1046" pin="1"/><net_sink comp="1538" pin=30"/></net>

<net id="1587"><net_src comp="1538" pin="32"/><net_sink comp="1534" pin=0"/></net>

<net id="1591"><net_src comp="1588" pin="1"/><net_sink comp="1060" pin=2"/></net>

<net id="1626"><net_src comp="1057" pin="1"/><net_sink comp="1592" pin=0"/></net>

<net id="1627"><net_src comp="1057" pin="1"/><net_sink comp="1592" pin=2"/></net>

<net id="1628"><net_src comp="1057" pin="1"/><net_sink comp="1592" pin=4"/></net>

<net id="1629"><net_src comp="1057" pin="1"/><net_sink comp="1592" pin=6"/></net>

<net id="1630"><net_src comp="1057" pin="1"/><net_sink comp="1592" pin=8"/></net>

<net id="1631"><net_src comp="1057" pin="1"/><net_sink comp="1592" pin=10"/></net>

<net id="1632"><net_src comp="1057" pin="1"/><net_sink comp="1592" pin=12"/></net>

<net id="1633"><net_src comp="1057" pin="1"/><net_sink comp="1592" pin=16"/></net>

<net id="1634"><net_src comp="1057" pin="1"/><net_sink comp="1592" pin=18"/></net>

<net id="1635"><net_src comp="1057" pin="1"/><net_sink comp="1592" pin=20"/></net>

<net id="1636"><net_src comp="1057" pin="1"/><net_sink comp="1592" pin=22"/></net>

<net id="1637"><net_src comp="1057" pin="1"/><net_sink comp="1592" pin=24"/></net>

<net id="1638"><net_src comp="1057" pin="1"/><net_sink comp="1592" pin=26"/></net>

<net id="1639"><net_src comp="1057" pin="1"/><net_sink comp="1592" pin=28"/></net>

<net id="1640"><net_src comp="1057" pin="1"/><net_sink comp="1592" pin=30"/></net>

<net id="1641"><net_src comp="1592" pin="32"/><net_sink comp="1588" pin=0"/></net>

<net id="1645"><net_src comp="1642" pin="1"/><net_sink comp="1071" pin=2"/></net>

<net id="1680"><net_src comp="1068" pin="1"/><net_sink comp="1646" pin=0"/></net>

<net id="1681"><net_src comp="1068" pin="1"/><net_sink comp="1646" pin=2"/></net>

<net id="1682"><net_src comp="1068" pin="1"/><net_sink comp="1646" pin=4"/></net>

<net id="1683"><net_src comp="1068" pin="1"/><net_sink comp="1646" pin=6"/></net>

<net id="1684"><net_src comp="1068" pin="1"/><net_sink comp="1646" pin=8"/></net>

<net id="1685"><net_src comp="1068" pin="1"/><net_sink comp="1646" pin=10"/></net>

<net id="1686"><net_src comp="1068" pin="1"/><net_sink comp="1646" pin=12"/></net>

<net id="1687"><net_src comp="1068" pin="1"/><net_sink comp="1646" pin=14"/></net>

<net id="1688"><net_src comp="1068" pin="1"/><net_sink comp="1646" pin=18"/></net>

<net id="1689"><net_src comp="1068" pin="1"/><net_sink comp="1646" pin=20"/></net>

<net id="1690"><net_src comp="1068" pin="1"/><net_sink comp="1646" pin=22"/></net>

<net id="1691"><net_src comp="1068" pin="1"/><net_sink comp="1646" pin=24"/></net>

<net id="1692"><net_src comp="1068" pin="1"/><net_sink comp="1646" pin=26"/></net>

<net id="1693"><net_src comp="1068" pin="1"/><net_sink comp="1646" pin=28"/></net>

<net id="1694"><net_src comp="1068" pin="1"/><net_sink comp="1646" pin=30"/></net>

<net id="1695"><net_src comp="1646" pin="32"/><net_sink comp="1642" pin=0"/></net>

<net id="1699"><net_src comp="1696" pin="1"/><net_sink comp="1082" pin=2"/></net>

<net id="1734"><net_src comp="1079" pin="1"/><net_sink comp="1700" pin=0"/></net>

<net id="1735"><net_src comp="1079" pin="1"/><net_sink comp="1700" pin=2"/></net>

<net id="1736"><net_src comp="1079" pin="1"/><net_sink comp="1700" pin=4"/></net>

<net id="1737"><net_src comp="1079" pin="1"/><net_sink comp="1700" pin=6"/></net>

<net id="1738"><net_src comp="1079" pin="1"/><net_sink comp="1700" pin=8"/></net>

<net id="1739"><net_src comp="1079" pin="1"/><net_sink comp="1700" pin=10"/></net>

<net id="1740"><net_src comp="1079" pin="1"/><net_sink comp="1700" pin=12"/></net>

<net id="1741"><net_src comp="1079" pin="1"/><net_sink comp="1700" pin=14"/></net>

<net id="1742"><net_src comp="1079" pin="1"/><net_sink comp="1700" pin=16"/></net>

<net id="1743"><net_src comp="1079" pin="1"/><net_sink comp="1700" pin=20"/></net>

<net id="1744"><net_src comp="1079" pin="1"/><net_sink comp="1700" pin=22"/></net>

<net id="1745"><net_src comp="1079" pin="1"/><net_sink comp="1700" pin=24"/></net>

<net id="1746"><net_src comp="1079" pin="1"/><net_sink comp="1700" pin=26"/></net>

<net id="1747"><net_src comp="1079" pin="1"/><net_sink comp="1700" pin=28"/></net>

<net id="1748"><net_src comp="1079" pin="1"/><net_sink comp="1700" pin=30"/></net>

<net id="1749"><net_src comp="1700" pin="32"/><net_sink comp="1696" pin=0"/></net>

<net id="1753"><net_src comp="1750" pin="1"/><net_sink comp="1093" pin=2"/></net>

<net id="1788"><net_src comp="1090" pin="1"/><net_sink comp="1754" pin=0"/></net>

<net id="1789"><net_src comp="1090" pin="1"/><net_sink comp="1754" pin=2"/></net>

<net id="1790"><net_src comp="1090" pin="1"/><net_sink comp="1754" pin=4"/></net>

<net id="1791"><net_src comp="1090" pin="1"/><net_sink comp="1754" pin=6"/></net>

<net id="1792"><net_src comp="1090" pin="1"/><net_sink comp="1754" pin=8"/></net>

<net id="1793"><net_src comp="1090" pin="1"/><net_sink comp="1754" pin=10"/></net>

<net id="1794"><net_src comp="1090" pin="1"/><net_sink comp="1754" pin=12"/></net>

<net id="1795"><net_src comp="1090" pin="1"/><net_sink comp="1754" pin=14"/></net>

<net id="1796"><net_src comp="1090" pin="1"/><net_sink comp="1754" pin=16"/></net>

<net id="1797"><net_src comp="1090" pin="1"/><net_sink comp="1754" pin=18"/></net>

<net id="1798"><net_src comp="1090" pin="1"/><net_sink comp="1754" pin=22"/></net>

<net id="1799"><net_src comp="1090" pin="1"/><net_sink comp="1754" pin=24"/></net>

<net id="1800"><net_src comp="1090" pin="1"/><net_sink comp="1754" pin=26"/></net>

<net id="1801"><net_src comp="1090" pin="1"/><net_sink comp="1754" pin=28"/></net>

<net id="1802"><net_src comp="1090" pin="1"/><net_sink comp="1754" pin=30"/></net>

<net id="1803"><net_src comp="1754" pin="32"/><net_sink comp="1750" pin=0"/></net>

<net id="1807"><net_src comp="1804" pin="1"/><net_sink comp="1104" pin=2"/></net>

<net id="1842"><net_src comp="1101" pin="1"/><net_sink comp="1808" pin=0"/></net>

<net id="1843"><net_src comp="1101" pin="1"/><net_sink comp="1808" pin=2"/></net>

<net id="1844"><net_src comp="1101" pin="1"/><net_sink comp="1808" pin=4"/></net>

<net id="1845"><net_src comp="1101" pin="1"/><net_sink comp="1808" pin=6"/></net>

<net id="1846"><net_src comp="1101" pin="1"/><net_sink comp="1808" pin=8"/></net>

<net id="1847"><net_src comp="1101" pin="1"/><net_sink comp="1808" pin=10"/></net>

<net id="1848"><net_src comp="1101" pin="1"/><net_sink comp="1808" pin=12"/></net>

<net id="1849"><net_src comp="1101" pin="1"/><net_sink comp="1808" pin=14"/></net>

<net id="1850"><net_src comp="1101" pin="1"/><net_sink comp="1808" pin=16"/></net>

<net id="1851"><net_src comp="1101" pin="1"/><net_sink comp="1808" pin=18"/></net>

<net id="1852"><net_src comp="1101" pin="1"/><net_sink comp="1808" pin=20"/></net>

<net id="1853"><net_src comp="1101" pin="1"/><net_sink comp="1808" pin=24"/></net>

<net id="1854"><net_src comp="1101" pin="1"/><net_sink comp="1808" pin=26"/></net>

<net id="1855"><net_src comp="1101" pin="1"/><net_sink comp="1808" pin=28"/></net>

<net id="1856"><net_src comp="1101" pin="1"/><net_sink comp="1808" pin=30"/></net>

<net id="1857"><net_src comp="1808" pin="32"/><net_sink comp="1804" pin=0"/></net>

<net id="1861"><net_src comp="1858" pin="1"/><net_sink comp="1115" pin=2"/></net>

<net id="1896"><net_src comp="1112" pin="1"/><net_sink comp="1862" pin=0"/></net>

<net id="1897"><net_src comp="1112" pin="1"/><net_sink comp="1862" pin=2"/></net>

<net id="1898"><net_src comp="1112" pin="1"/><net_sink comp="1862" pin=4"/></net>

<net id="1899"><net_src comp="1112" pin="1"/><net_sink comp="1862" pin=6"/></net>

<net id="1900"><net_src comp="1112" pin="1"/><net_sink comp="1862" pin=8"/></net>

<net id="1901"><net_src comp="1112" pin="1"/><net_sink comp="1862" pin=10"/></net>

<net id="1902"><net_src comp="1112" pin="1"/><net_sink comp="1862" pin=12"/></net>

<net id="1903"><net_src comp="1112" pin="1"/><net_sink comp="1862" pin=14"/></net>

<net id="1904"><net_src comp="1112" pin="1"/><net_sink comp="1862" pin=16"/></net>

<net id="1905"><net_src comp="1112" pin="1"/><net_sink comp="1862" pin=18"/></net>

<net id="1906"><net_src comp="1112" pin="1"/><net_sink comp="1862" pin=20"/></net>

<net id="1907"><net_src comp="1112" pin="1"/><net_sink comp="1862" pin=22"/></net>

<net id="1908"><net_src comp="1112" pin="1"/><net_sink comp="1862" pin=26"/></net>

<net id="1909"><net_src comp="1112" pin="1"/><net_sink comp="1862" pin=28"/></net>

<net id="1910"><net_src comp="1112" pin="1"/><net_sink comp="1862" pin=30"/></net>

<net id="1911"><net_src comp="1862" pin="32"/><net_sink comp="1858" pin=0"/></net>

<net id="1915"><net_src comp="1912" pin="1"/><net_sink comp="1126" pin=2"/></net>

<net id="1950"><net_src comp="1123" pin="1"/><net_sink comp="1916" pin=0"/></net>

<net id="1951"><net_src comp="1123" pin="1"/><net_sink comp="1916" pin=2"/></net>

<net id="1952"><net_src comp="1123" pin="1"/><net_sink comp="1916" pin=4"/></net>

<net id="1953"><net_src comp="1123" pin="1"/><net_sink comp="1916" pin=6"/></net>

<net id="1954"><net_src comp="1123" pin="1"/><net_sink comp="1916" pin=8"/></net>

<net id="1955"><net_src comp="1123" pin="1"/><net_sink comp="1916" pin=10"/></net>

<net id="1956"><net_src comp="1123" pin="1"/><net_sink comp="1916" pin=12"/></net>

<net id="1957"><net_src comp="1123" pin="1"/><net_sink comp="1916" pin=14"/></net>

<net id="1958"><net_src comp="1123" pin="1"/><net_sink comp="1916" pin=16"/></net>

<net id="1959"><net_src comp="1123" pin="1"/><net_sink comp="1916" pin=18"/></net>

<net id="1960"><net_src comp="1123" pin="1"/><net_sink comp="1916" pin=20"/></net>

<net id="1961"><net_src comp="1123" pin="1"/><net_sink comp="1916" pin=22"/></net>

<net id="1962"><net_src comp="1123" pin="1"/><net_sink comp="1916" pin=24"/></net>

<net id="1963"><net_src comp="1123" pin="1"/><net_sink comp="1916" pin=28"/></net>

<net id="1964"><net_src comp="1123" pin="1"/><net_sink comp="1916" pin=30"/></net>

<net id="1965"><net_src comp="1916" pin="32"/><net_sink comp="1912" pin=0"/></net>

<net id="1969"><net_src comp="1966" pin="1"/><net_sink comp="1137" pin=2"/></net>

<net id="2004"><net_src comp="1134" pin="1"/><net_sink comp="1970" pin=0"/></net>

<net id="2005"><net_src comp="1134" pin="1"/><net_sink comp="1970" pin=2"/></net>

<net id="2006"><net_src comp="1134" pin="1"/><net_sink comp="1970" pin=4"/></net>

<net id="2007"><net_src comp="1134" pin="1"/><net_sink comp="1970" pin=6"/></net>

<net id="2008"><net_src comp="1134" pin="1"/><net_sink comp="1970" pin=8"/></net>

<net id="2009"><net_src comp="1134" pin="1"/><net_sink comp="1970" pin=10"/></net>

<net id="2010"><net_src comp="1134" pin="1"/><net_sink comp="1970" pin=12"/></net>

<net id="2011"><net_src comp="1134" pin="1"/><net_sink comp="1970" pin=14"/></net>

<net id="2012"><net_src comp="1134" pin="1"/><net_sink comp="1970" pin=16"/></net>

<net id="2013"><net_src comp="1134" pin="1"/><net_sink comp="1970" pin=18"/></net>

<net id="2014"><net_src comp="1134" pin="1"/><net_sink comp="1970" pin=20"/></net>

<net id="2015"><net_src comp="1134" pin="1"/><net_sink comp="1970" pin=22"/></net>

<net id="2016"><net_src comp="1134" pin="1"/><net_sink comp="1970" pin=24"/></net>

<net id="2017"><net_src comp="1134" pin="1"/><net_sink comp="1970" pin=26"/></net>

<net id="2018"><net_src comp="1134" pin="1"/><net_sink comp="1970" pin=30"/></net>

<net id="2019"><net_src comp="1970" pin="32"/><net_sink comp="1966" pin=0"/></net>

<net id="2039"><net_src comp="76" pin="0"/><net_sink comp="2020" pin=0"/></net>

<net id="2064"><net_src comp="82" pin="0"/><net_sink comp="2040" pin=0"/></net>

<net id="2065"><net_src comp="0" pin="0"/><net_sink comp="2040" pin=1"/></net>

<net id="2090"><net_src comp="84" pin="0"/><net_sink comp="2066" pin=0"/></net>

<net id="2091"><net_src comp="0" pin="0"/><net_sink comp="2066" pin=1"/></net>

<net id="2116"><net_src comp="96" pin="0"/><net_sink comp="2092" pin=0"/></net>

<net id="2117"><net_src comp="0" pin="0"/><net_sink comp="2092" pin=1"/></net>

<net id="2155"><net_src comp="132" pin="0"/><net_sink comp="2118" pin=0"/></net>

<net id="2156"><net_src comp="840" pin="3"/><net_sink comp="2118" pin=18"/></net>

<net id="2157"><net_src comp="846" pin="3"/><net_sink comp="2118" pin=19"/></net>

<net id="2158"><net_src comp="852" pin="3"/><net_sink comp="2118" pin=20"/></net>

<net id="2159"><net_src comp="858" pin="3"/><net_sink comp="2118" pin=21"/></net>

<net id="2160"><net_src comp="864" pin="3"/><net_sink comp="2118" pin=22"/></net>

<net id="2161"><net_src comp="870" pin="3"/><net_sink comp="2118" pin=23"/></net>

<net id="2162"><net_src comp="876" pin="3"/><net_sink comp="2118" pin=24"/></net>

<net id="2163"><net_src comp="882" pin="3"/><net_sink comp="2118" pin=25"/></net>

<net id="2164"><net_src comp="888" pin="3"/><net_sink comp="2118" pin=26"/></net>

<net id="2165"><net_src comp="894" pin="3"/><net_sink comp="2118" pin=27"/></net>

<net id="2166"><net_src comp="900" pin="3"/><net_sink comp="2118" pin=28"/></net>

<net id="2167"><net_src comp="906" pin="3"/><net_sink comp="2118" pin=29"/></net>

<net id="2168"><net_src comp="912" pin="3"/><net_sink comp="2118" pin=30"/></net>

<net id="2169"><net_src comp="918" pin="3"/><net_sink comp="2118" pin=31"/></net>

<net id="2170"><net_src comp="924" pin="3"/><net_sink comp="2118" pin=32"/></net>

<net id="2171"><net_src comp="930" pin="3"/><net_sink comp="2118" pin=33"/></net>

<net id="2175"><net_src comp="336" pin="2"/><net_sink comp="2172" pin=0"/></net>

<net id="2180"><net_src comp="60" pin="0"/><net_sink comp="2176" pin=0"/></net>

<net id="2188"><net_src comp="2181" pin="1"/><net_sink comp="2184" pin=0"/></net>

<net id="2189"><net_src comp="62" pin="0"/><net_sink comp="2184" pin=1"/></net>

<net id="2194"><net_src comp="2181" pin="1"/><net_sink comp="2190" pin=0"/></net>

<net id="2195"><net_src comp="64" pin="0"/><net_sink comp="2190" pin=1"/></net>

<net id="2199"><net_src comp="2181" pin="1"/><net_sink comp="2196" pin=0"/></net>

<net id="2203"><net_src comp="2196" pin="1"/><net_sink comp="2200" pin=0"/></net>

<net id="2208"><net_src comp="2200" pin="1"/><net_sink comp="2204" pin=0"/></net>

<net id="2214"><net_src comp="74" pin="0"/><net_sink comp="2209" pin=0"/></net>

<net id="2215"><net_src comp="2204" pin="2"/><net_sink comp="2209" pin=1"/></net>

<net id="2216"><net_src comp="60" pin="0"/><net_sink comp="2209" pin=2"/></net>

<net id="2221"><net_src comp="940" pin="4"/><net_sink comp="2217" pin=0"/></net>

<net id="2222"><net_src comp="62" pin="0"/><net_sink comp="2217" pin=1"/></net>

<net id="2227"><net_src comp="940" pin="4"/><net_sink comp="2223" pin=0"/></net>

<net id="2228"><net_src comp="64" pin="0"/><net_sink comp="2223" pin=1"/></net>

<net id="2232"><net_src comp="940" pin="4"/><net_sink comp="2229" pin=0"/></net>

<net id="2242"><net_src comp="80" pin="0"/><net_sink comp="2237" pin=0"/></net>

<net id="2243"><net_src comp="60" pin="0"/><net_sink comp="2237" pin=2"/></net>

<net id="2248"><net_src comp="951" pin="4"/><net_sink comp="2244" pin=0"/></net>

<net id="2249"><net_src comp="62" pin="0"/><net_sink comp="2244" pin=1"/></net>

<net id="2254"><net_src comp="951" pin="4"/><net_sink comp="2250" pin=0"/></net>

<net id="2255"><net_src comp="64" pin="0"/><net_sink comp="2250" pin=1"/></net>

<net id="2259"><net_src comp="951" pin="4"/><net_sink comp="2256" pin=0"/></net>

<net id="2265"><net_src comp="80" pin="0"/><net_sink comp="2260" pin=0"/></net>

<net id="2266"><net_src comp="2256" pin="1"/><net_sink comp="2260" pin=1"/></net>

<net id="2267"><net_src comp="60" pin="0"/><net_sink comp="2260" pin=2"/></net>

<net id="2268"><net_src comp="2260" pin="3"/><net_sink comp="2040" pin=20"/></net>

<net id="2272"><net_src comp="2256" pin="1"/><net_sink comp="2269" pin=0"/></net>

<net id="2277"><net_src comp="2269" pin="1"/><net_sink comp="2273" pin=0"/></net>

<net id="2283"><net_src comp="74" pin="0"/><net_sink comp="2278" pin=0"/></net>

<net id="2284"><net_src comp="60" pin="0"/><net_sink comp="2278" pin=2"/></net>

<net id="2285"><net_src comp="2278" pin="3"/><net_sink comp="2066" pin=20"/></net>

<net id="2290"><net_src comp="962" pin="4"/><net_sink comp="2286" pin=0"/></net>

<net id="2291"><net_src comp="90" pin="0"/><net_sink comp="2286" pin=1"/></net>

<net id="2296"><net_src comp="962" pin="4"/><net_sink comp="2292" pin=0"/></net>

<net id="2297"><net_src comp="92" pin="0"/><net_sink comp="2292" pin=1"/></net>

<net id="2301"><net_src comp="962" pin="4"/><net_sink comp="2298" pin=0"/></net>

<net id="2302"><net_src comp="2298" pin="1"/><net_sink comp="360" pin=2"/></net>

<net id="2303"><net_src comp="2298" pin="1"/><net_sink comp="366" pin=2"/></net>

<net id="2304"><net_src comp="2298" pin="1"/><net_sink comp="372" pin=2"/></net>

<net id="2305"><net_src comp="2298" pin="1"/><net_sink comp="378" pin=2"/></net>

<net id="2306"><net_src comp="2298" pin="1"/><net_sink comp="384" pin=2"/></net>

<net id="2307"><net_src comp="2298" pin="1"/><net_sink comp="390" pin=2"/></net>

<net id="2308"><net_src comp="2298" pin="1"/><net_sink comp="396" pin=2"/></net>

<net id="2309"><net_src comp="2298" pin="1"/><net_sink comp="402" pin=2"/></net>

<net id="2310"><net_src comp="2298" pin="1"/><net_sink comp="408" pin=2"/></net>

<net id="2311"><net_src comp="2298" pin="1"/><net_sink comp="414" pin=2"/></net>

<net id="2312"><net_src comp="2298" pin="1"/><net_sink comp="420" pin=2"/></net>

<net id="2313"><net_src comp="2298" pin="1"/><net_sink comp="426" pin=2"/></net>

<net id="2314"><net_src comp="2298" pin="1"/><net_sink comp="432" pin=2"/></net>

<net id="2315"><net_src comp="2298" pin="1"/><net_sink comp="438" pin=2"/></net>

<net id="2316"><net_src comp="2298" pin="1"/><net_sink comp="444" pin=2"/></net>

<net id="2317"><net_src comp="2298" pin="1"/><net_sink comp="450" pin=2"/></net>

<net id="2318"><net_src comp="2298" pin="1"/><net_sink comp="456" pin=2"/></net>

<net id="2319"><net_src comp="2298" pin="1"/><net_sink comp="462" pin=2"/></net>

<net id="2320"><net_src comp="2298" pin="1"/><net_sink comp="468" pin=2"/></net>

<net id="2321"><net_src comp="2298" pin="1"/><net_sink comp="474" pin=2"/></net>

<net id="2322"><net_src comp="2298" pin="1"/><net_sink comp="480" pin=2"/></net>

<net id="2323"><net_src comp="2298" pin="1"/><net_sink comp="486" pin=2"/></net>

<net id="2324"><net_src comp="2298" pin="1"/><net_sink comp="492" pin=2"/></net>

<net id="2325"><net_src comp="2298" pin="1"/><net_sink comp="498" pin=2"/></net>

<net id="2326"><net_src comp="2298" pin="1"/><net_sink comp="504" pin=2"/></net>

<net id="2327"><net_src comp="2298" pin="1"/><net_sink comp="510" pin=2"/></net>

<net id="2328"><net_src comp="2298" pin="1"/><net_sink comp="516" pin=2"/></net>

<net id="2329"><net_src comp="2298" pin="1"/><net_sink comp="522" pin=2"/></net>

<net id="2330"><net_src comp="2298" pin="1"/><net_sink comp="528" pin=2"/></net>

<net id="2331"><net_src comp="2298" pin="1"/><net_sink comp="534" pin=2"/></net>

<net id="2332"><net_src comp="2298" pin="1"/><net_sink comp="540" pin=2"/></net>

<net id="2333"><net_src comp="2298" pin="1"/><net_sink comp="546" pin=2"/></net>

<net id="2338"><net_src comp="1149" pin="4"/><net_sink comp="2334" pin=0"/></net>

<net id="2339"><net_src comp="90" pin="0"/><net_sink comp="2334" pin=1"/></net>

<net id="2344"><net_src comp="1149" pin="4"/><net_sink comp="2340" pin=0"/></net>

<net id="2345"><net_src comp="92" pin="0"/><net_sink comp="2340" pin=1"/></net>

<net id="2349"><net_src comp="1149" pin="4"/><net_sink comp="2346" pin=0"/></net>

<net id="2350"><net_src comp="2346" pin="1"/><net_sink comp="744" pin=2"/></net>

<net id="2351"><net_src comp="2346" pin="1"/><net_sink comp="750" pin=2"/></net>

<net id="2352"><net_src comp="2346" pin="1"/><net_sink comp="756" pin=2"/></net>

<net id="2353"><net_src comp="2346" pin="1"/><net_sink comp="762" pin=2"/></net>

<net id="2354"><net_src comp="2346" pin="1"/><net_sink comp="768" pin=2"/></net>

<net id="2355"><net_src comp="2346" pin="1"/><net_sink comp="774" pin=2"/></net>

<net id="2356"><net_src comp="2346" pin="1"/><net_sink comp="780" pin=2"/></net>

<net id="2357"><net_src comp="2346" pin="1"/><net_sink comp="786" pin=2"/></net>

<net id="2358"><net_src comp="2346" pin="1"/><net_sink comp="792" pin=2"/></net>

<net id="2359"><net_src comp="2346" pin="1"/><net_sink comp="798" pin=2"/></net>

<net id="2360"><net_src comp="2346" pin="1"/><net_sink comp="804" pin=2"/></net>

<net id="2361"><net_src comp="2346" pin="1"/><net_sink comp="810" pin=2"/></net>

<net id="2362"><net_src comp="2346" pin="1"/><net_sink comp="816" pin=2"/></net>

<net id="2363"><net_src comp="2346" pin="1"/><net_sink comp="822" pin=2"/></net>

<net id="2364"><net_src comp="2346" pin="1"/><net_sink comp="828" pin=2"/></net>

<net id="2365"><net_src comp="2346" pin="1"/><net_sink comp="834" pin=2"/></net>

<net id="2369"><net_src comp="1149" pin="4"/><net_sink comp="2366" pin=0"/></net>

<net id="2407"><net_src comp="102" pin="0"/><net_sink comp="2370" pin=0"/></net>

<net id="2408"><net_src comp="60" pin="0"/><net_sink comp="2370" pin=1"/></net>

<net id="2409"><net_src comp="1134" pin="1"/><net_sink comp="2370" pin=2"/></net>

<net id="2410"><net_src comp="64" pin="0"/><net_sink comp="2370" pin=3"/></net>

<net id="2411"><net_src comp="1123" pin="1"/><net_sink comp="2370" pin=4"/></net>

<net id="2412"><net_src comp="104" pin="0"/><net_sink comp="2370" pin=5"/></net>

<net id="2413"><net_src comp="1112" pin="1"/><net_sink comp="2370" pin=6"/></net>

<net id="2414"><net_src comp="106" pin="0"/><net_sink comp="2370" pin=7"/></net>

<net id="2415"><net_src comp="1101" pin="1"/><net_sink comp="2370" pin=8"/></net>

<net id="2416"><net_src comp="108" pin="0"/><net_sink comp="2370" pin=9"/></net>

<net id="2417"><net_src comp="1090" pin="1"/><net_sink comp="2370" pin=10"/></net>

<net id="2418"><net_src comp="110" pin="0"/><net_sink comp="2370" pin=11"/></net>

<net id="2419"><net_src comp="1079" pin="1"/><net_sink comp="2370" pin=12"/></net>

<net id="2420"><net_src comp="112" pin="0"/><net_sink comp="2370" pin=13"/></net>

<net id="2421"><net_src comp="1068" pin="1"/><net_sink comp="2370" pin=14"/></net>

<net id="2422"><net_src comp="114" pin="0"/><net_sink comp="2370" pin=15"/></net>

<net id="2423"><net_src comp="1057" pin="1"/><net_sink comp="2370" pin=16"/></net>

<net id="2424"><net_src comp="62" pin="0"/><net_sink comp="2370" pin=17"/></net>

<net id="2425"><net_src comp="1046" pin="1"/><net_sink comp="2370" pin=18"/></net>

<net id="2426"><net_src comp="116" pin="0"/><net_sink comp="2370" pin=19"/></net>

<net id="2427"><net_src comp="1035" pin="1"/><net_sink comp="2370" pin=20"/></net>

<net id="2428"><net_src comp="118" pin="0"/><net_sink comp="2370" pin=21"/></net>

<net id="2429"><net_src comp="1024" pin="1"/><net_sink comp="2370" pin=22"/></net>

<net id="2430"><net_src comp="120" pin="0"/><net_sink comp="2370" pin=23"/></net>

<net id="2431"><net_src comp="1013" pin="1"/><net_sink comp="2370" pin=24"/></net>

<net id="2432"><net_src comp="122" pin="0"/><net_sink comp="2370" pin=25"/></net>

<net id="2433"><net_src comp="1002" pin="1"/><net_sink comp="2370" pin=26"/></net>

<net id="2434"><net_src comp="124" pin="0"/><net_sink comp="2370" pin=27"/></net>

<net id="2435"><net_src comp="991" pin="1"/><net_sink comp="2370" pin=28"/></net>

<net id="2436"><net_src comp="126" pin="0"/><net_sink comp="2370" pin=29"/></net>

<net id="2437"><net_src comp="980" pin="1"/><net_sink comp="2370" pin=30"/></net>

<net id="2438"><net_src comp="128" pin="0"/><net_sink comp="2370" pin=31"/></net>

<net id="2439"><net_src comp="969" pin="1"/><net_sink comp="2370" pin=32"/></net>

<net id="2440"><net_src comp="130" pin="0"/><net_sink comp="2370" pin=33"/></net>

<net id="2441"><net_src comp="2370" pin="35"/><net_sink comp="2118" pin=1"/></net>

<net id="2445"><net_src comp="2442" pin="1"/><net_sink comp="1160" pin=0"/></net>

<net id="2446"><net_src comp="2442" pin="1"/><net_sink comp="1214" pin=30"/></net>

<net id="2447"><net_src comp="2442" pin="1"/><net_sink comp="1268" pin=2"/></net>

<net id="2448"><net_src comp="2442" pin="1"/><net_sink comp="1322" pin=4"/></net>

<net id="2449"><net_src comp="2442" pin="1"/><net_sink comp="1376" pin=6"/></net>

<net id="2450"><net_src comp="2442" pin="1"/><net_sink comp="1430" pin=8"/></net>

<net id="2451"><net_src comp="2442" pin="1"/><net_sink comp="1484" pin=10"/></net>

<net id="2452"><net_src comp="2442" pin="1"/><net_sink comp="1538" pin=12"/></net>

<net id="2453"><net_src comp="2442" pin="1"/><net_sink comp="1592" pin=14"/></net>

<net id="2454"><net_src comp="2442" pin="1"/><net_sink comp="1646" pin=16"/></net>

<net id="2455"><net_src comp="2442" pin="1"/><net_sink comp="1700" pin=18"/></net>

<net id="2456"><net_src comp="2442" pin="1"/><net_sink comp="1754" pin=20"/></net>

<net id="2457"><net_src comp="2442" pin="1"/><net_sink comp="1808" pin=22"/></net>

<net id="2458"><net_src comp="2442" pin="1"/><net_sink comp="1862" pin=24"/></net>

<net id="2459"><net_src comp="2442" pin="1"/><net_sink comp="1916" pin=26"/></net>

<net id="2460"><net_src comp="2442" pin="1"/><net_sink comp="1970" pin=28"/></net>

<net id="2464"><net_src comp="136" pin="1"/><net_sink comp="2461" pin=0"/></net>

<net id="2465"><net_src comp="2461" pin="1"/><net_sink comp="2176" pin=1"/></net>

<net id="2466"><net_src comp="2461" pin="1"/><net_sink comp="2181" pin=0"/></net>

<net id="2467"><net_src comp="2461" pin="1"/><net_sink comp="2233" pin=1"/></net>

<net id="2471"><net_src comp="336" pin="2"/><net_sink comp="2468" pin=0"/></net>

<net id="2472"><net_src comp="2468" pin="1"/><net_sink comp="2040" pin=18"/></net>

<net id="2473"><net_src comp="2468" pin="1"/><net_sink comp="2066" pin=18"/></net>

<net id="2474"><net_src comp="2468" pin="1"/><net_sink comp="2092" pin=2"/></net>

<net id="2478"><net_src comp="342" pin="2"/><net_sink comp="2475" pin=0"/></net>

<net id="2479"><net_src comp="2475" pin="1"/><net_sink comp="2092" pin=5"/></net>

<net id="2483"><net_src comp="348" pin="2"/><net_sink comp="2480" pin=0"/></net>

<net id="2484"><net_src comp="2480" pin="1"/><net_sink comp="2066" pin=21"/></net>

<net id="2488"><net_src comp="354" pin="2"/><net_sink comp="2485" pin=0"/></net>

<net id="2489"><net_src comp="2485" pin="1"/><net_sink comp="2040" pin=21"/></net>

<net id="2493"><net_src comp="140" pin="1"/><net_sink comp="2490" pin=0"/></net>

<net id="2494"><net_src comp="2490" pin="1"/><net_sink comp="2118" pin=34"/></net>

<net id="2495"><net_src comp="2490" pin="1"/><net_sink comp="2442" pin=0"/></net>

<net id="2499"><net_src comp="2172" pin="1"/><net_sink comp="2496" pin=0"/></net>

<net id="2500"><net_src comp="2496" pin="1"/><net_sink comp="2204" pin=1"/></net>

<net id="2501"><net_src comp="2496" pin="1"/><net_sink comp="2273" pin=1"/></net>

<net id="2508"><net_src comp="2190" pin="2"/><net_sink comp="2505" pin=0"/></net>

<net id="2509"><net_src comp="2505" pin="1"/><net_sink comp="2233" pin=0"/></net>

<net id="2513"><net_src comp="2209" pin="3"/><net_sink comp="2510" pin=0"/></net>

<net id="2514"><net_src comp="2510" pin="1"/><net_sink comp="2040" pin=19"/></net>

<net id="2515"><net_src comp="2510" pin="1"/><net_sink comp="2092" pin=3"/></net>

<net id="2522"><net_src comp="2223" pin="2"/><net_sink comp="2519" pin=0"/></net>

<net id="2523"><net_src comp="2519" pin="1"/><net_sink comp="940" pin=2"/></net>

<net id="2527"><net_src comp="2229" pin="1"/><net_sink comp="2524" pin=0"/></net>

<net id="2528"><net_src comp="2524" pin="1"/><net_sink comp="2237" pin=1"/></net>

<net id="2532"><net_src comp="2237" pin="3"/><net_sink comp="2529" pin=0"/></net>

<net id="2533"><net_src comp="2529" pin="1"/><net_sink comp="2066" pin=19"/></net>

<net id="2534"><net_src comp="2529" pin="1"/><net_sink comp="2092" pin=4"/></net>

<net id="2541"><net_src comp="2250" pin="2"/><net_sink comp="2538" pin=0"/></net>

<net id="2542"><net_src comp="2538" pin="1"/><net_sink comp="951" pin=2"/></net>

<net id="2546"><net_src comp="2260" pin="3"/><net_sink comp="2543" pin=0"/></net>

<net id="2547"><net_src comp="2543" pin="1"/><net_sink comp="2040" pin=20"/></net>

<net id="2551"><net_src comp="2273" pin="2"/><net_sink comp="2548" pin=0"/></net>

<net id="2552"><net_src comp="2548" pin="1"/><net_sink comp="2278" pin=1"/></net>

<net id="2556"><net_src comp="2278" pin="3"/><net_sink comp="2553" pin=0"/></net>

<net id="2557"><net_src comp="2553" pin="1"/><net_sink comp="2066" pin=20"/></net>

<net id="2564"><net_src comp="2292" pin="2"/><net_sink comp="2561" pin=0"/></net>

<net id="2565"><net_src comp="2561" pin="1"/><net_sink comp="962" pin=0"/></net>

<net id="2569"><net_src comp="360" pin="3"/><net_sink comp="2566" pin=0"/></net>

<net id="2570"><net_src comp="2566" pin="1"/><net_sink comp="648" pin=0"/></net>

<net id="2574"><net_src comp="366" pin="3"/><net_sink comp="2571" pin=0"/></net>

<net id="2575"><net_src comp="2571" pin="1"/><net_sink comp="654" pin=0"/></net>

<net id="2579"><net_src comp="372" pin="3"/><net_sink comp="2576" pin=0"/></net>

<net id="2580"><net_src comp="2576" pin="1"/><net_sink comp="660" pin=0"/></net>

<net id="2584"><net_src comp="378" pin="3"/><net_sink comp="2581" pin=0"/></net>

<net id="2585"><net_src comp="2581" pin="1"/><net_sink comp="666" pin=0"/></net>

<net id="2589"><net_src comp="384" pin="3"/><net_sink comp="2586" pin=0"/></net>

<net id="2590"><net_src comp="2586" pin="1"/><net_sink comp="672" pin=0"/></net>

<net id="2594"><net_src comp="390" pin="3"/><net_sink comp="2591" pin=0"/></net>

<net id="2595"><net_src comp="2591" pin="1"/><net_sink comp="678" pin=0"/></net>

<net id="2599"><net_src comp="396" pin="3"/><net_sink comp="2596" pin=0"/></net>

<net id="2600"><net_src comp="2596" pin="1"/><net_sink comp="684" pin=0"/></net>

<net id="2604"><net_src comp="402" pin="3"/><net_sink comp="2601" pin=0"/></net>

<net id="2605"><net_src comp="2601" pin="1"/><net_sink comp="690" pin=0"/></net>

<net id="2609"><net_src comp="408" pin="3"/><net_sink comp="2606" pin=0"/></net>

<net id="2610"><net_src comp="2606" pin="1"/><net_sink comp="696" pin=0"/></net>

<net id="2614"><net_src comp="414" pin="3"/><net_sink comp="2611" pin=0"/></net>

<net id="2615"><net_src comp="2611" pin="1"/><net_sink comp="702" pin=0"/></net>

<net id="2619"><net_src comp="420" pin="3"/><net_sink comp="2616" pin=0"/></net>

<net id="2620"><net_src comp="2616" pin="1"/><net_sink comp="708" pin=0"/></net>

<net id="2624"><net_src comp="426" pin="3"/><net_sink comp="2621" pin=0"/></net>

<net id="2625"><net_src comp="2621" pin="1"/><net_sink comp="714" pin=0"/></net>

<net id="2629"><net_src comp="432" pin="3"/><net_sink comp="2626" pin=0"/></net>

<net id="2630"><net_src comp="2626" pin="1"/><net_sink comp="720" pin=0"/></net>

<net id="2634"><net_src comp="438" pin="3"/><net_sink comp="2631" pin=0"/></net>

<net id="2635"><net_src comp="2631" pin="1"/><net_sink comp="726" pin=0"/></net>

<net id="2639"><net_src comp="444" pin="3"/><net_sink comp="2636" pin=0"/></net>

<net id="2640"><net_src comp="2636" pin="1"/><net_sink comp="732" pin=0"/></net>

<net id="2644"><net_src comp="450" pin="3"/><net_sink comp="2641" pin=0"/></net>

<net id="2645"><net_src comp="2641" pin="1"/><net_sink comp="738" pin=0"/></net>

<net id="2649"><net_src comp="456" pin="3"/><net_sink comp="2646" pin=0"/></net>

<net id="2650"><net_src comp="2646" pin="1"/><net_sink comp="552" pin=0"/></net>

<net id="2654"><net_src comp="462" pin="3"/><net_sink comp="2651" pin=0"/></net>

<net id="2655"><net_src comp="2651" pin="1"/><net_sink comp="558" pin=0"/></net>

<net id="2659"><net_src comp="468" pin="3"/><net_sink comp="2656" pin=0"/></net>

<net id="2660"><net_src comp="2656" pin="1"/><net_sink comp="564" pin=0"/></net>

<net id="2664"><net_src comp="474" pin="3"/><net_sink comp="2661" pin=0"/></net>

<net id="2665"><net_src comp="2661" pin="1"/><net_sink comp="570" pin=0"/></net>

<net id="2669"><net_src comp="480" pin="3"/><net_sink comp="2666" pin=0"/></net>

<net id="2670"><net_src comp="2666" pin="1"/><net_sink comp="576" pin=0"/></net>

<net id="2674"><net_src comp="486" pin="3"/><net_sink comp="2671" pin=0"/></net>

<net id="2675"><net_src comp="2671" pin="1"/><net_sink comp="582" pin=0"/></net>

<net id="2679"><net_src comp="492" pin="3"/><net_sink comp="2676" pin=0"/></net>

<net id="2680"><net_src comp="2676" pin="1"/><net_sink comp="588" pin=0"/></net>

<net id="2684"><net_src comp="498" pin="3"/><net_sink comp="2681" pin=0"/></net>

<net id="2685"><net_src comp="2681" pin="1"/><net_sink comp="594" pin=0"/></net>

<net id="2689"><net_src comp="504" pin="3"/><net_sink comp="2686" pin=0"/></net>

<net id="2690"><net_src comp="2686" pin="1"/><net_sink comp="600" pin=0"/></net>

<net id="2694"><net_src comp="510" pin="3"/><net_sink comp="2691" pin=0"/></net>

<net id="2695"><net_src comp="2691" pin="1"/><net_sink comp="606" pin=0"/></net>

<net id="2699"><net_src comp="516" pin="3"/><net_sink comp="2696" pin=0"/></net>

<net id="2700"><net_src comp="2696" pin="1"/><net_sink comp="612" pin=0"/></net>

<net id="2704"><net_src comp="522" pin="3"/><net_sink comp="2701" pin=0"/></net>

<net id="2705"><net_src comp="2701" pin="1"/><net_sink comp="618" pin=0"/></net>

<net id="2709"><net_src comp="528" pin="3"/><net_sink comp="2706" pin=0"/></net>

<net id="2710"><net_src comp="2706" pin="1"/><net_sink comp="624" pin=0"/></net>

<net id="2714"><net_src comp="534" pin="3"/><net_sink comp="2711" pin=0"/></net>

<net id="2715"><net_src comp="2711" pin="1"/><net_sink comp="630" pin=0"/></net>

<net id="2719"><net_src comp="540" pin="3"/><net_sink comp="2716" pin=0"/></net>

<net id="2720"><net_src comp="2716" pin="1"/><net_sink comp="636" pin=0"/></net>

<net id="2724"><net_src comp="546" pin="3"/><net_sink comp="2721" pin=0"/></net>

<net id="2725"><net_src comp="2721" pin="1"/><net_sink comp="642" pin=0"/></net>

<net id="2729"><net_src comp="552" pin="3"/><net_sink comp="2726" pin=0"/></net>

<net id="2730"><net_src comp="2726" pin="1"/><net_sink comp="2118" pin=2"/></net>

<net id="2734"><net_src comp="558" pin="3"/><net_sink comp="2731" pin=0"/></net>

<net id="2735"><net_src comp="2731" pin="1"/><net_sink comp="2118" pin=3"/></net>

<net id="2739"><net_src comp="564" pin="3"/><net_sink comp="2736" pin=0"/></net>

<net id="2740"><net_src comp="2736" pin="1"/><net_sink comp="2118" pin=4"/></net>

<net id="2744"><net_src comp="570" pin="3"/><net_sink comp="2741" pin=0"/></net>

<net id="2745"><net_src comp="2741" pin="1"/><net_sink comp="2118" pin=5"/></net>

<net id="2749"><net_src comp="576" pin="3"/><net_sink comp="2746" pin=0"/></net>

<net id="2750"><net_src comp="2746" pin="1"/><net_sink comp="2118" pin=6"/></net>

<net id="2754"><net_src comp="582" pin="3"/><net_sink comp="2751" pin=0"/></net>

<net id="2755"><net_src comp="2751" pin="1"/><net_sink comp="2118" pin=7"/></net>

<net id="2759"><net_src comp="588" pin="3"/><net_sink comp="2756" pin=0"/></net>

<net id="2760"><net_src comp="2756" pin="1"/><net_sink comp="2118" pin=8"/></net>

<net id="2764"><net_src comp="594" pin="3"/><net_sink comp="2761" pin=0"/></net>

<net id="2765"><net_src comp="2761" pin="1"/><net_sink comp="2118" pin=9"/></net>

<net id="2769"><net_src comp="600" pin="3"/><net_sink comp="2766" pin=0"/></net>

<net id="2770"><net_src comp="2766" pin="1"/><net_sink comp="2118" pin=10"/></net>

<net id="2774"><net_src comp="606" pin="3"/><net_sink comp="2771" pin=0"/></net>

<net id="2775"><net_src comp="2771" pin="1"/><net_sink comp="2118" pin=11"/></net>

<net id="2779"><net_src comp="612" pin="3"/><net_sink comp="2776" pin=0"/></net>

<net id="2780"><net_src comp="2776" pin="1"/><net_sink comp="2118" pin=12"/></net>

<net id="2784"><net_src comp="618" pin="3"/><net_sink comp="2781" pin=0"/></net>

<net id="2785"><net_src comp="2781" pin="1"/><net_sink comp="2118" pin=13"/></net>

<net id="2789"><net_src comp="624" pin="3"/><net_sink comp="2786" pin=0"/></net>

<net id="2790"><net_src comp="2786" pin="1"/><net_sink comp="2118" pin=14"/></net>

<net id="2794"><net_src comp="630" pin="3"/><net_sink comp="2791" pin=0"/></net>

<net id="2795"><net_src comp="2791" pin="1"/><net_sink comp="2118" pin=15"/></net>

<net id="2799"><net_src comp="636" pin="3"/><net_sink comp="2796" pin=0"/></net>

<net id="2800"><net_src comp="2796" pin="1"/><net_sink comp="2118" pin=16"/></net>

<net id="2804"><net_src comp="642" pin="3"/><net_sink comp="2801" pin=0"/></net>

<net id="2805"><net_src comp="2801" pin="1"/><net_sink comp="2118" pin=17"/></net>

<net id="2809"><net_src comp="648" pin="3"/><net_sink comp="2806" pin=0"/></net>

<net id="2810"><net_src comp="2806" pin="1"/><net_sink comp="1137" pin=0"/></net>

<net id="2814"><net_src comp="654" pin="3"/><net_sink comp="2811" pin=0"/></net>

<net id="2815"><net_src comp="2811" pin="1"/><net_sink comp="1126" pin=0"/></net>

<net id="2819"><net_src comp="660" pin="3"/><net_sink comp="2816" pin=0"/></net>

<net id="2820"><net_src comp="2816" pin="1"/><net_sink comp="1115" pin=0"/></net>

<net id="2824"><net_src comp="666" pin="3"/><net_sink comp="2821" pin=0"/></net>

<net id="2825"><net_src comp="2821" pin="1"/><net_sink comp="1104" pin=0"/></net>

<net id="2829"><net_src comp="672" pin="3"/><net_sink comp="2826" pin=0"/></net>

<net id="2830"><net_src comp="2826" pin="1"/><net_sink comp="1093" pin=0"/></net>

<net id="2834"><net_src comp="678" pin="3"/><net_sink comp="2831" pin=0"/></net>

<net id="2835"><net_src comp="2831" pin="1"/><net_sink comp="1082" pin=0"/></net>

<net id="2839"><net_src comp="684" pin="3"/><net_sink comp="2836" pin=0"/></net>

<net id="2840"><net_src comp="2836" pin="1"/><net_sink comp="1071" pin=0"/></net>

<net id="2844"><net_src comp="690" pin="3"/><net_sink comp="2841" pin=0"/></net>

<net id="2845"><net_src comp="2841" pin="1"/><net_sink comp="1060" pin=0"/></net>

<net id="2849"><net_src comp="696" pin="3"/><net_sink comp="2846" pin=0"/></net>

<net id="2850"><net_src comp="2846" pin="1"/><net_sink comp="1049" pin=0"/></net>

<net id="2854"><net_src comp="702" pin="3"/><net_sink comp="2851" pin=0"/></net>

<net id="2855"><net_src comp="2851" pin="1"/><net_sink comp="1038" pin=0"/></net>

<net id="2859"><net_src comp="708" pin="3"/><net_sink comp="2856" pin=0"/></net>

<net id="2860"><net_src comp="2856" pin="1"/><net_sink comp="1027" pin=0"/></net>

<net id="2864"><net_src comp="714" pin="3"/><net_sink comp="2861" pin=0"/></net>

<net id="2865"><net_src comp="2861" pin="1"/><net_sink comp="1016" pin=0"/></net>

<net id="2869"><net_src comp="720" pin="3"/><net_sink comp="2866" pin=0"/></net>

<net id="2870"><net_src comp="2866" pin="1"/><net_sink comp="1005" pin=0"/></net>

<net id="2874"><net_src comp="726" pin="3"/><net_sink comp="2871" pin=0"/></net>

<net id="2875"><net_src comp="2871" pin="1"/><net_sink comp="994" pin=0"/></net>

<net id="2879"><net_src comp="732" pin="3"/><net_sink comp="2876" pin=0"/></net>

<net id="2880"><net_src comp="2876" pin="1"/><net_sink comp="983" pin=0"/></net>

<net id="2884"><net_src comp="738" pin="3"/><net_sink comp="2881" pin=0"/></net>

<net id="2885"><net_src comp="2881" pin="1"/><net_sink comp="972" pin=0"/></net>

<net id="2892"><net_src comp="2340" pin="2"/><net_sink comp="2889" pin=0"/></net>

<net id="2893"><net_src comp="2889" pin="1"/><net_sink comp="1149" pin=2"/></net>

<net id="2897"><net_src comp="2366" pin="1"/><net_sink comp="2894" pin=0"/></net>

<net id="2898"><net_src comp="2894" pin="1"/><net_sink comp="2370" pin=34"/></net>

<net id="2902"><net_src comp="744" pin="3"/><net_sink comp="2899" pin=0"/></net>

<net id="2903"><net_src comp="2899" pin="1"/><net_sink comp="840" pin=0"/></net>

<net id="2907"><net_src comp="750" pin="3"/><net_sink comp="2904" pin=0"/></net>

<net id="2908"><net_src comp="2904" pin="1"/><net_sink comp="846" pin=0"/></net>

<net id="2912"><net_src comp="756" pin="3"/><net_sink comp="2909" pin=0"/></net>

<net id="2913"><net_src comp="2909" pin="1"/><net_sink comp="852" pin=0"/></net>

<net id="2917"><net_src comp="762" pin="3"/><net_sink comp="2914" pin=0"/></net>

<net id="2918"><net_src comp="2914" pin="1"/><net_sink comp="858" pin=0"/></net>

<net id="2922"><net_src comp="768" pin="3"/><net_sink comp="2919" pin=0"/></net>

<net id="2923"><net_src comp="2919" pin="1"/><net_sink comp="864" pin=0"/></net>

<net id="2927"><net_src comp="774" pin="3"/><net_sink comp="2924" pin=0"/></net>

<net id="2928"><net_src comp="2924" pin="1"/><net_sink comp="870" pin=0"/></net>

<net id="2932"><net_src comp="780" pin="3"/><net_sink comp="2929" pin=0"/></net>

<net id="2933"><net_src comp="2929" pin="1"/><net_sink comp="876" pin=0"/></net>

<net id="2937"><net_src comp="786" pin="3"/><net_sink comp="2934" pin=0"/></net>

<net id="2938"><net_src comp="2934" pin="1"/><net_sink comp="882" pin=0"/></net>

<net id="2942"><net_src comp="792" pin="3"/><net_sink comp="2939" pin=0"/></net>

<net id="2943"><net_src comp="2939" pin="1"/><net_sink comp="888" pin=0"/></net>

<net id="2947"><net_src comp="798" pin="3"/><net_sink comp="2944" pin=0"/></net>

<net id="2948"><net_src comp="2944" pin="1"/><net_sink comp="894" pin=0"/></net>

<net id="2952"><net_src comp="804" pin="3"/><net_sink comp="2949" pin=0"/></net>

<net id="2953"><net_src comp="2949" pin="1"/><net_sink comp="900" pin=0"/></net>

<net id="2957"><net_src comp="810" pin="3"/><net_sink comp="2954" pin=0"/></net>

<net id="2958"><net_src comp="2954" pin="1"/><net_sink comp="906" pin=0"/></net>

<net id="2962"><net_src comp="816" pin="3"/><net_sink comp="2959" pin=0"/></net>

<net id="2963"><net_src comp="2959" pin="1"/><net_sink comp="912" pin=0"/></net>

<net id="2967"><net_src comp="822" pin="3"/><net_sink comp="2964" pin=0"/></net>

<net id="2968"><net_src comp="2964" pin="1"/><net_sink comp="918" pin=0"/></net>

<net id="2972"><net_src comp="828" pin="3"/><net_sink comp="2969" pin=0"/></net>

<net id="2973"><net_src comp="2969" pin="1"/><net_sink comp="924" pin=0"/></net>

<net id="2977"><net_src comp="834" pin="3"/><net_sink comp="2974" pin=0"/></net>

<net id="2978"><net_src comp="2974" pin="1"/><net_sink comp="930" pin=0"/></net>

<net id="2982"><net_src comp="2370" pin="35"/><net_sink comp="2979" pin=0"/></net>

<net id="2983"><net_src comp="2979" pin="1"/><net_sink comp="2118" pin=1"/></net>

<net id="2987"><net_src comp="840" pin="3"/><net_sink comp="2984" pin=0"/></net>

<net id="2988"><net_src comp="2984" pin="1"/><net_sink comp="2118" pin=18"/></net>

<net id="2992"><net_src comp="846" pin="3"/><net_sink comp="2989" pin=0"/></net>

<net id="2993"><net_src comp="2989" pin="1"/><net_sink comp="2118" pin=19"/></net>

<net id="2997"><net_src comp="852" pin="3"/><net_sink comp="2994" pin=0"/></net>

<net id="2998"><net_src comp="2994" pin="1"/><net_sink comp="2118" pin=20"/></net>

<net id="3002"><net_src comp="858" pin="3"/><net_sink comp="2999" pin=0"/></net>

<net id="3003"><net_src comp="2999" pin="1"/><net_sink comp="2118" pin=21"/></net>

<net id="3007"><net_src comp="864" pin="3"/><net_sink comp="3004" pin=0"/></net>

<net id="3008"><net_src comp="3004" pin="1"/><net_sink comp="2118" pin=22"/></net>

<net id="3012"><net_src comp="870" pin="3"/><net_sink comp="3009" pin=0"/></net>

<net id="3013"><net_src comp="3009" pin="1"/><net_sink comp="2118" pin=23"/></net>

<net id="3017"><net_src comp="876" pin="3"/><net_sink comp="3014" pin=0"/></net>

<net id="3018"><net_src comp="3014" pin="1"/><net_sink comp="2118" pin=24"/></net>

<net id="3022"><net_src comp="882" pin="3"/><net_sink comp="3019" pin=0"/></net>

<net id="3023"><net_src comp="3019" pin="1"/><net_sink comp="2118" pin=25"/></net>

<net id="3027"><net_src comp="888" pin="3"/><net_sink comp="3024" pin=0"/></net>

<net id="3028"><net_src comp="3024" pin="1"/><net_sink comp="2118" pin=26"/></net>

<net id="3032"><net_src comp="894" pin="3"/><net_sink comp="3029" pin=0"/></net>

<net id="3033"><net_src comp="3029" pin="1"/><net_sink comp="2118" pin=27"/></net>

<net id="3037"><net_src comp="900" pin="3"/><net_sink comp="3034" pin=0"/></net>

<net id="3038"><net_src comp="3034" pin="1"/><net_sink comp="2118" pin=28"/></net>

<net id="3042"><net_src comp="906" pin="3"/><net_sink comp="3039" pin=0"/></net>

<net id="3043"><net_src comp="3039" pin="1"/><net_sink comp="2118" pin=29"/></net>

<net id="3047"><net_src comp="912" pin="3"/><net_sink comp="3044" pin=0"/></net>

<net id="3048"><net_src comp="3044" pin="1"/><net_sink comp="2118" pin=30"/></net>

<net id="3052"><net_src comp="918" pin="3"/><net_sink comp="3049" pin=0"/></net>

<net id="3053"><net_src comp="3049" pin="1"/><net_sink comp="2118" pin=31"/></net>

<net id="3057"><net_src comp="924" pin="3"/><net_sink comp="3054" pin=0"/></net>

<net id="3058"><net_src comp="3054" pin="1"/><net_sink comp="2118" pin=32"/></net>

<net id="3062"><net_src comp="930" pin="3"/><net_sink comp="3059" pin=0"/></net>

<net id="3063"><net_src comp="3059" pin="1"/><net_sink comp="2118" pin=33"/></net>

</net_list>

</model> 
---------------- Datapath Model END ------------------

* FSMD analyzer results:
  - Output states:
	Port: gmem | {9 15 }
 - Input state : 
	Port: mmult_hw : gmem | {5 6 7 8 }
	Port: mmult_hw : in1 | {1 }
	Port: mmult_hw : in2 | {1 }
	Port: mmult_hw : out_r | {1 }
	Port: mmult_hw : dim | {1 }
  - Chain level:
	State 1
		store_ln19 : 1
	State 2
		icmp_ln19 : 1
		add_ln19 : 1
		br_ln19 : 2
		empty : 1
		ti_cast_cast : 2
		empty_32 : 3
		tmp_3 : 4
	State 3
		icmp_ln20 : 1
		add_ln20 : 1
		br_ln20 : 2
		trunc_ln21 : 1
	State 4
	State 5
		icmp_ln25 : 1
		add_ln25 : 1
		br_ln25 : 2
		empty_33 : 1
		tmp_6 : 2
		call_ln19 : 3
		tk_cast4_cast : 2
		empty_34 : 3
	State 6
	State 7
		call_ln21 : 1
	State 8
	State 9
		icmp_ln32 : 1
		add_ln32 : 1
		br_ln32 : 2
		zext_ln32 : 1
		tC_addr : 2
		tC_1_addr : 2
		tC_2_addr : 2
		tC_3_addr : 2
		tC_4_addr : 2
		tC_5_addr : 2
		tC_6_addr : 2
		tC_7_addr : 2
		tC_8_addr : 2
		tC_9_addr : 2
		tC_10_addr : 2
		tC_11_addr : 2
		tC_12_addr : 2
		tC_13_addr : 2
		tC_14_addr : 2
		tC_15_addr : 2
		tA_addr : 2
		tA_1_addr : 2
		tA_2_addr : 2
		tA_3_addr : 2
		tA_4_addr : 2
		tA_5_addr : 2
		tA_6_addr : 2
		tA_7_addr : 2
		tA_8_addr : 2
		tA_9_addr : 2
		tA_10_addr : 2
		tA_11_addr : 2
		tA_12_addr : 2
		tA_13_addr : 2
		tA_14_addr : 2
		tA_15_addr : 2
		tA_load : 3
		tA_1_load : 3
		tA_2_load : 3
		tA_3_load : 3
		tA_4_load : 3
		tA_5_load : 3
		tA_6_load : 3
		tA_7_load : 3
		tA_8_load : 3
		tA_9_load : 3
		tA_10_load : 3
		tA_11_load : 3
		tA_12_load : 3
		tA_13_load : 3
		tA_14_load : 3
		tA_15_load : 3
		tC_load : 3
		tC_1_load : 3
		tC_2_load : 3
		tC_3_load : 3
		tC_4_load : 3
		tC_5_load : 3
		tC_6_load : 3
		tC_7_load : 3
		tC_8_load : 3
		tC_9_load : 3
		tC_10_load : 3
		tC_11_load : 3
		tC_12_load : 3
		tC_13_load : 3
		tC_14_load : 3
		tC_15_load : 3
	State 10
	State 11
		icmp_ln33 : 1
		add_ln33 : 1
		br_ln33 : 2
		zext_ln33 : 1
		trunc_ln33 : 1
		tB_addr : 2
		tB_1_addr : 2
		tB_2_addr : 2
		tB_3_addr : 2
		tB_4_addr : 2
		tB_5_addr : 2
		tB_6_addr : 2
		tB_7_addr : 2
		tB_8_addr : 2
		tB_9_addr : 2
		tB_10_addr : 2
		tB_11_addr : 2
		tB_12_addr : 2
		tB_13_addr : 2
		tB_14_addr : 2
		tB_15_addr : 2
		tB_load : 3
		tB_1_load : 3
		tB_2_load : 3
		tB_3_load : 3
		tB_4_load : 3
		tB_5_load : 3
		tB_6_load : 3
		tB_7_load : 3
		tB_8_load : 3
		tB_9_load : 3
		tB_10_load : 3
		tB_11_load : 3
		tB_12_load : 3
		tB_13_load : 3
		tB_14_load : 3
		tB_15_load : 3
		store_ln39 : 1
		store_ln39 : 1
		store_ln39 : 1
		store_ln39 : 1
		store_ln39 : 1
		store_ln39 : 1
		store_ln39 : 1
		store_ln39 : 1
		store_ln39 : 1
		store_ln39 : 1
		store_ln39 : 1
		store_ln39 : 1
		store_ln39 : 1
		store_ln39 : 1
		store_ln39 : 1
		store_ln39 : 1
	State 12
		call_ln34 : 1
	State 13
	State 14
		add103_lcssa85 : 1
		add103_lcssa83 : 1
		add103_lcssa81 : 1
		add103_lcssa79 : 1
		add103_lcssa77 : 1
		add103_lcssa75 : 1
		add103_lcssa73 : 1
		add103_lcssa71 : 1
		add103_lcssa69 : 1
		add103_lcssa67 : 1
		add103_lcssa65 : 1
		add103_lcssa63 : 1
		add103_lcssa61 : 1
		add103_lcssa59 : 1
		add103_lcssa57 : 1
		add103_lcssa55 : 1
	State 15


============================================================
+ Verbose Summary: Datapath Resource usage 
============================================================

* Functional unit list:
|----------|------------------------------------------------------|---------|---------|---------|---------|
| Operation|                    Functional Unit                   |   DSP   |  Delay  |    FF   |   LUT   |
|----------|------------------------------------------------------|---------|---------|---------|---------|
|          |      grp_mmult_hw_Pipeline_init_i_init_j_fu_2020     |    0    |    0    |    19   |    78   |
|          | grp_mmult_hw_Pipeline_load_a_VITIS_LOOP_27_1_fu_2040 |    2    |    0    |   275   |   260   |
|   call   | grp_mmult_hw_Pipeline_load_b_VITIS_LOOP_30_2_fu_2066 |    2    |    0    |   234   |   270   |
|          |     grp_mmult_hw_Pipeline_store_i_store_j_fu_2092    |    2    |  8.313  |   852   |   481   |
|          |         grp_mmult_hw_Pipeline_comp_k_fu_2118         |    3    |    0    |   1061  |   213   |
|----------|------------------------------------------------------|---------|---------|---------|---------|
| sparsemux|                      acc_fu_2370                     |    0    |    0    |    0    |    65   |
|----------|------------------------------------------------------|---------|---------|---------|---------|
|          |                   icmp_ln19_fu_2184                  |    0    |    0    |    0    |    12   |
|          |                   icmp_ln20_fu_2217                  |    0    |    0    |    0    |    12   |
|   icmp   |                   icmp_ln25_fu_2244                  |    0    |    0    |    0    |    12   |
|          |                   icmp_ln32_fu_2286                  |    0    |    0    |    0    |    12   |
|          |                   icmp_ln33_fu_2334                  |    0    |    0    |    0    |    12   |
|----------|------------------------------------------------------|---------|---------|---------|---------|
|          |                   add_ln19_fu_2190                   |    0    |    0    |    0    |    12   |
|          |                   add_ln20_fu_2223                   |    0    |    0    |    0    |    12   |
|    add   |                   add_ln25_fu_2250                   |    0    |    0    |    0    |    12   |
|          |                   add_ln32_fu_2292                   |    0    |    0    |    0    |    12   |
|          |                   add_ln33_fu_2340                   |    0    |    0    |    0    |    12   |
|----------|------------------------------------------------------|---------|---------|---------|---------|
|    mul   |                   empty_32_fu_2204                   |    0    |    0    |    0    |    20   |
|          |                   empty_34_fu_2273                   |    0    |    0    |    0    |    20   |
|----------|------------------------------------------------------|---------|---------|---------|---------|
|          |                 dim_read_read_fu_336                 |    0    |    0    |    0    |    0    |
|   read   |                out_r_read_read_fu_342                |    0    |    0    |    0    |    0    |
|          |                 in2_read_read_fu_348                 |    0    |    0    |    0    |    0    |
|          |                 in1_read_read_fu_354                 |    0    |    0    |    0    |    0    |
|----------|------------------------------------------------------|---------|---------|---------|---------|
|   sext   |                   sext_ln19_fu_2172                  |    0    |    0    |    0    |    0    |
|----------|------------------------------------------------------|---------|---------|---------|---------|
|          |                     empty_fu_2196                    |    0    |    0    |    0    |    0    |
|   trunc  |                  trunc_ln21_fu_2229                  |    0    |    0    |    0    |    0    |
|          |                   empty_33_fu_2256                   |    0    |    0    |    0    |    0    |
|          |                  trunc_ln33_fu_2366                  |    0    |    0    |    0    |    0    |
|----------|------------------------------------------------------|---------|---------|---------|---------|
|          |                 ti_cast_cast_fu_2200                 |    0    |    0    |    0    |    0    |
|   zext   |                 tk_cast4_cast_fu_2269                |    0    |    0    |    0    |    0    |
|          |                   zext_ln32_fu_2298                  |    0    |    0    |    0    |    0    |
|          |                   zext_ln33_fu_2346                  |    0    |    0    |    0    |    0    |
|----------|------------------------------------------------------|---------|---------|---------|---------|
|          |                     tmp_3_fu_2209                    |    0    |    0    |    0    |    0    |
|bitconcatenate|                    shl_ln_fu_2237                    |    0    |    0    |    0    |    0    |
|          |                     tmp_6_fu_2260                    |    0    |    0    |    0    |    0    |
|          |                     tmp_7_fu_2278                    |    0    |    0    |    0    |    0    |
|----------|------------------------------------------------------|---------|---------|---------|---------|
|   Total  |                                                      |    9    |  8.313  |   2441  |   1527  |
|----------|------------------------------------------------------|---------|---------|---------|---------|

Memories:
+-----+--------+--------+--------+--------+
|     |  BRAM  |   FF   |   LUT  |  URAM  |
+-----+--------+--------+--------+--------+
|  tA |    0   |   32   |    8   |    0   |
| tA_1|    0   |   32   |    8   |    0   |
|tA_10|    0   |   32   |    8   |    0   |
|tA_11|    0   |   32   |    8   |    0   |
|tA_12|    0   |   32   |    8   |    0   |
|tA_13|    0   |   32   |    8   |    0   |
|tA_14|    0   |   32   |    8   |    0   |
|tA_15|    0   |   32   |    8   |    0   |
| tA_2|    0   |   32   |    8   |    0   |
| tA_3|    0   |   32   |    8   |    0   |
| tA_4|    0   |   32   |    8   |    0   |
| tA_5|    0   |   32   |    8   |    0   |
| tA_6|    0   |   32   |    8   |    0   |
| tA_7|    0   |   32   |    8   |    0   |
| tA_8|    0   |   32   |    8   |    0   |
| tA_9|    0   |   32   |    8   |    0   |
|  tB |    0   |   32   |    8   |    0   |
| tB_1|    0   |   32   |    8   |    0   |
|tB_10|    0   |   32   |    8   |    0   |
|tB_11|    0   |   32   |    8   |    0   |
|tB_12|    0   |   32   |    8   |    0   |
|tB_13|    0   |   32   |    8   |    0   |
|tB_14|    0   |   32   |    8   |    0   |
|tB_15|    0   |   32   |    8   |    0   |
| tB_2|    0   |   32   |    8   |    0   |
| tB_3|    0   |   32   |    8   |    0   |
| tB_4|    0   |   32   |    8   |    0   |
| tB_5|    0   |   32   |    8   |    0   |
| tB_6|    0   |   32   |    8   |    0   |
| tB_7|    0   |   32   |    8   |    0   |
| tB_8|    0   |   32   |    8   |    0   |
| tB_9|    0   |   32   |    8   |    0   |
|  tC |    0   |   32   |    8   |    0   |
| tC_1|    0   |   32   |    8   |    0   |
|tC_10|    0   |   32   |    8   |    0   |
|tC_11|    0   |   32   |    8   |    0   |
|tC_12|    0   |   32   |    8   |    0   |
|tC_13|    0   |   32   |    8   |    0   |
|tC_14|    0   |   32   |    8   |    0   |
|tC_15|    0   |   32   |    8   |    0   |
| tC_2|    0   |   32   |    8   |    0   |
| tC_3|    0   |   32   |    8   |    0   |
| tC_4|    0   |   32   |    8   |    0   |
| tC_5|    0   |   32   |    8   |    0   |
| tC_6|    0   |   32   |    8   |    0   |
| tC_7|    0   |   32   |    8   |    0   |
| tC_8|    0   |   32   |    8   |    0   |
| tC_9|    0   |   32   |    8   |    0   |
+-----+--------+--------+--------+--------+
|Total|    0   |  1536  |   384  |    0   |
+-----+--------+--------+--------+--------+

* Register list:
+-----------------------+--------+
|                       |   FF   |
+-----------------------+--------+
|   acc_1_loc_reg_2490  |   32   |
|      acc_reg_2979     |   32   |
|add103_lcssa55_reg_1966|   32   |
|add103_lcssa56_reg_1134|   32   |
|add103_lcssa57_reg_1912|   32   |
|add103_lcssa58_reg_1123|   32   |
|add103_lcssa59_reg_1858|   32   |
|add103_lcssa60_reg_1112|   32   |
|add103_lcssa61_reg_1804|   32   |
|add103_lcssa62_reg_1101|   32   |
|add103_lcssa63_reg_1750|   32   |
|add103_lcssa64_reg_1090|   32   |
|add103_lcssa65_reg_1696|   32   |
|add103_lcssa66_reg_1079|   32   |
|add103_lcssa67_reg_1642|   32   |
|add103_lcssa68_reg_1068|   32   |
|add103_lcssa69_reg_1588|   32   |
|add103_lcssa70_reg_1057|   32   |
|add103_lcssa71_reg_1534|   32   |
|add103_lcssa72_reg_1046|   32   |
|add103_lcssa73_reg_1480|   32   |
|add103_lcssa74_reg_1035|   32   |
|add103_lcssa75_reg_1426|   32   |
|add103_lcssa76_reg_1024|   32   |
|add103_lcssa77_reg_1372|   32   |
|add103_lcssa78_reg_1013|   32   |
|add103_lcssa79_reg_1318|   32   |
|add103_lcssa80_reg_1002|   32   |
|add103_lcssa81_reg_1264|   32   |
| add103_lcssa82_reg_991|   32   |
|add103_lcssa83_reg_1210|   32   |
| add103_lcssa84_reg_980|   32   |
|add103_lcssa85_reg_1156|   32   |
| add103_lcssa86_reg_969|   32   |
|   add_ln19_reg_2505   |    4   |
|   add_ln20_reg_2519   |    4   |
|   add_ln25_reg_2538   |    4   |
|   add_ln32_reg_2561   |    5   |
|   add_ln33_reg_2889   |    5   |
|   dim_read_reg_2468   |   32   |
|   empty_34_reg_2548   |   35   |
|       i_reg_958       |    5   |
|   in1_read_reg_2485   |   64   |
|   in2_read_reg_2480   |   64   |
|       j_reg_1145      |    5   |
|  out_r_read_reg_2475  |   64   |
|   sext_ln19_reg_2496  |   35   |
|    shl_ln_reg_2529    |    7   |
|  tA_10_addr_reg_2696  |    4   |
|  tA_10_load_reg_2776  |   32   |
|  tA_11_addr_reg_2701  |    4   |
|  tA_11_load_reg_2781  |   32   |
|  tA_12_addr_reg_2706  |    4   |
|  tA_12_load_reg_2786  |   32   |
|  tA_13_addr_reg_2711  |    4   |
|  tA_13_load_reg_2791  |   32   |
|  tA_14_addr_reg_2716  |    4   |
|  tA_14_load_reg_2796  |   32   |
|  tA_15_addr_reg_2721  |    4   |
|  tA_15_load_reg_2801  |   32   |
|   tA_1_addr_reg_2651  |    4   |
|   tA_1_load_reg_2731  |   32   |
|   tA_2_addr_reg_2656  |    4   |
|   tA_2_load_reg_2736  |   32   |
|   tA_3_addr_reg_2661  |    4   |
|   tA_3_load_reg_2741  |   32   |
|   tA_4_addr_reg_2666  |    4   |
|   tA_4_load_reg_2746  |   32   |
|   tA_5_addr_reg_2671  |    4   |
|   tA_5_load_reg_2751  |   32   |
|   tA_6_addr_reg_2676  |    4   |
|   tA_6_load_reg_2756  |   32   |
|   tA_7_addr_reg_2681  |    4   |
|   tA_7_load_reg_2761  |   32   |
|   tA_8_addr_reg_2686  |    4   |
|   tA_8_load_reg_2766  |   32   |
|   tA_9_addr_reg_2691  |    4   |
|   tA_9_load_reg_2771  |   32   |
|    tA_addr_reg_2646   |    4   |
|    tA_load_reg_2726   |   32   |
|  tB_10_addr_reg_2949  |    4   |
|  tB_10_load_reg_3034  |   32   |
|  tB_11_addr_reg_2954  |    4   |
|  tB_11_load_reg_3039  |   32   |
|  tB_12_addr_reg_2959  |    4   |
|  tB_12_load_reg_3044  |   32   |
|  tB_13_addr_reg_2964  |    4   |
|  tB_13_load_reg_3049  |   32   |
|  tB_14_addr_reg_2969  |    4   |
|  tB_14_load_reg_3054  |   32   |
|  tB_15_addr_reg_2974  |    4   |
|  tB_15_load_reg_3059  |   32   |
|   tB_1_addr_reg_2904  |    4   |
|   tB_1_load_reg_2989  |   32   |
|   tB_2_addr_reg_2909  |    4   |
|   tB_2_load_reg_2994  |   32   |
|   tB_3_addr_reg_2914  |    4   |
|   tB_3_load_reg_2999  |   32   |
|   tB_4_addr_reg_2919  |    4   |
|   tB_4_load_reg_3004  |   32   |
|   tB_5_addr_reg_2924  |    4   |
|   tB_5_load_reg_3009  |   32   |
|   tB_6_addr_reg_2929  |    4   |
|   tB_6_load_reg_3014  |   32   |
|   tB_7_addr_reg_2934  |    4   |
|   tB_7_load_reg_3019  |   32   |
|   tB_8_addr_reg_2939  |    4   |
|   tB_8_load_reg_3024  |   32   |
|   tB_9_addr_reg_2944  |    4   |
|   tB_9_load_reg_3029  |   32   |
|    tB_addr_reg_2899   |    4   |
|    tB_load_reg_2984   |   32   |
|  tC_10_addr_reg_2616  |    4   |
|  tC_10_load_reg_2856  |   32   |
|  tC_11_addr_reg_2621  |    4   |
|  tC_11_load_reg_2861  |   32   |
|  tC_12_addr_reg_2626  |    4   |
|  tC_12_load_reg_2866  |   32   |
|  tC_13_addr_reg_2631  |    4   |
|  tC_13_load_reg_2871  |   32   |
|  tC_14_addr_reg_2636  |    4   |
|  tC_14_load_reg_2876  |   32   |
|  tC_15_addr_reg_2641  |    4   |
|  tC_15_load_reg_2881  |   32   |
|   tC_1_addr_reg_2571  |    4   |
|   tC_1_load_reg_2811  |   32   |
|   tC_2_addr_reg_2576  |    4   |
|   tC_2_load_reg_2816  |   32   |
|   tC_3_addr_reg_2581  |    4   |
|   tC_3_load_reg_2821  |   32   |
|   tC_4_addr_reg_2586  |    4   |
|   tC_4_load_reg_2826  |   32   |
|   tC_5_addr_reg_2591  |    4   |
|   tC_5_load_reg_2831  |   32   |
|   tC_6_addr_reg_2596  |    4   |
|   tC_6_load_reg_2836  |   32   |
|   tC_7_addr_reg_2601  |    4   |
|   tC_7_load_reg_2841  |   32   |
|   tC_8_addr_reg_2606  |    4   |
|   tC_8_load_reg_2846  |   32   |
|   tC_9_addr_reg_2611  |    4   |
|   tC_9_load_reg_2851  |   32   |
|    tC_addr_reg_2566   |    4   |
|    tC_load_reg_2806   |   32   |
|      ti_reg_2461      |    4   |
|       tj_reg_936      |    4   |
|       tk_reg_947      |    4   |
|     tmp_3_reg_2510    |   39   |
|     tmp_6_reg_2543    |    7   |
|     tmp_7_reg_2553    |   39   |
|  trunc_ln21_reg_2524  |    3   |
|  trunc_ln33_reg_2894  |    4   |
+-----------------------+--------+
|         Total         |  3253  |
+-----------------------+--------+

* Multiplexer (MUX) list: 
|------------------------------------------------------|------|------|------|--------||---------||---------||---------|
|                         Comp                         |  Pin | Size |  BW  | S x BW ||  Delay  ||    FF   ||   LUT   |
|------------------------------------------------------|------|------|------|--------||---------||---------||---------|
|                   grp_access_fu_552                  |  p0  |   2  |   4  |    8   ||    0    ||    9    |
|                   grp_access_fu_558                  |  p0  |   2  |   4  |    8   ||    0    ||    9    |
|                   grp_access_fu_564                  |  p0  |   2  |   4  |    8   ||    0    ||    9    |
|                   grp_access_fu_570                  |  p0  |   2  |   4  |    8   ||    0    ||    9    |
|                   grp_access_fu_576                  |  p0  |   2  |   4  |    8   ||    0    ||    9    |
|                   grp_access_fu_582                  |  p0  |   2  |   4  |    8   ||    0    ||    9    |
|                   grp_access_fu_588                  |  p0  |   2  |   4  |    8   ||    0    ||    9    |
|                   grp_access_fu_594                  |  p0  |   2  |   4  |    8   ||    0    ||    9    |
|                   grp_access_fu_600                  |  p0  |   2  |   4  |    8   ||    0    ||    9    |
|                   grp_access_fu_606                  |  p0  |   2  |   4  |    8   ||    0    ||    9    |
|                   grp_access_fu_612                  |  p0  |   2  |   4  |    8   ||    0    ||    9    |
|                   grp_access_fu_618                  |  p0  |   2  |   4  |    8   ||    0    ||    9    |
|                   grp_access_fu_624                  |  p0  |   2  |   4  |    8   ||    0    ||    9    |
|                   grp_access_fu_630                  |  p0  |   2  |   4  |    8   ||    0    ||    9    |
|                   grp_access_fu_636                  |  p0  |   2  |   4  |    8   ||    0    ||    9    |
|                   grp_access_fu_642                  |  p0  |   2  |   4  |    8   ||    0    ||    9    |
|                   grp_access_fu_648                  |  p0  |   2  |   4  |    8   ||    0    ||    9    |
|                   grp_access_fu_654                  |  p0  |   2  |   4  |    8   ||    0    ||    9    |
|                   grp_access_fu_660                  |  p0  |   2  |   4  |    8   ||    0    ||    9    |
|                   grp_access_fu_666                  |  p0  |   2  |   4  |    8   ||    0    ||    9    |
|                   grp_access_fu_672                  |  p0  |   2  |   4  |    8   ||    0    ||    9    |
|                   grp_access_fu_678                  |  p0  |   2  |   4  |    8   ||    0    ||    9    |
|                   grp_access_fu_684                  |  p0  |   2  |   4  |    8   ||    0    ||    9    |
|                   grp_access_fu_690                  |  p0  |   2  |   4  |    8   ||    0    ||    9    |
|                   grp_access_fu_696                  |  p0  |   2  |   4  |    8   ||    0    ||    9    |
|                   grp_access_fu_702                  |  p0  |   2  |   4  |    8   ||    0    ||    9    |
|                   grp_access_fu_708                  |  p0  |   2  |   4  |    8   ||    0    ||    9    |
|                   grp_access_fu_714                  |  p0  |   2  |   4  |    8   ||    0    ||    9    |
|                   grp_access_fu_720                  |  p0  |   2  |   4  |    8   ||    0    ||    9    |
|                   grp_access_fu_726                  |  p0  |   2  |   4  |    8   ||    0    ||    9    |
|                   grp_access_fu_732                  |  p0  |   2  |   4  |    8   ||    0    ||    9    |
|                   grp_access_fu_738                  |  p0  |   2  |   4  |    8   ||    0    ||    9    |
|                   grp_access_fu_840                  |  p0  |   2  |   4  |    8   ||    0    ||    9    |
|                   grp_access_fu_846                  |  p0  |   2  |   4  |    8   ||    0    ||    9    |
|                   grp_access_fu_852                  |  p0  |   2  |   4  |    8   ||    0    ||    9    |
|                   grp_access_fu_858                  |  p0  |   2  |   4  |    8   ||    0    ||    9    |
|                   grp_access_fu_864                  |  p0  |   2  |   4  |    8   ||    0    ||    9    |
|                   grp_access_fu_870                  |  p0  |   2  |   4  |    8   ||    0    ||    9    |
|                   grp_access_fu_876                  |  p0  |   2  |   4  |    8   ||    0    ||    9    |
|                   grp_access_fu_882                  |  p0  |   2  |   4  |    8   ||    0    ||    9    |
|                   grp_access_fu_888                  |  p0  |   2  |   4  |    8   ||    0    ||    9    |
|                   grp_access_fu_894                  |  p0  |   2  |   4  |    8   ||    0    ||    9    |
|                   grp_access_fu_900                  |  p0  |   2  |   4  |    8   ||    0    ||    9    |
|                   grp_access_fu_906                  |  p0  |   2  |   4  |    8   ||    0    ||    9    |
|                   grp_access_fu_912                  |  p0  |   2  |   4  |    8   ||    0    ||    9    |
|                   grp_access_fu_918                  |  p0  |   2  |   4  |    8   ||    0    ||    9    |
|                   grp_access_fu_924                  |  p0  |   2  |   4  |    8   ||    0    ||    9    |
|                   grp_access_fu_930                  |  p0  |   2  |   4  |    8   ||    0    ||    9    |
| grp_mmult_hw_Pipeline_load_a_VITIS_LOOP_27_1_fu_2040 |  p20 |   2  |   7  |   14   ||    0    ||    9    |
| grp_mmult_hw_Pipeline_load_b_VITIS_LOOP_30_2_fu_2066 |  p20 |   2  |  39  |   78   ||    0    ||    9    |
|         grp_mmult_hw_Pipeline_comp_k_fu_2118         |  p1  |   2  |  32  |   64   ||    0    ||    9    |
|         grp_mmult_hw_Pipeline_comp_k_fu_2118         |  p18 |   2  |  32  |   64   ||    0    ||    9    |
|         grp_mmult_hw_Pipeline_comp_k_fu_2118         |  p19 |   2  |  32  |   64   ||    0    ||    9    |
|         grp_mmult_hw_Pipeline_comp_k_fu_2118         |  p20 |   2  |  32  |   64   ||    0    ||    9    |
|         grp_mmult_hw_Pipeline_comp_k_fu_2118         |  p21 |   2  |  32  |   64   ||    0    ||    9    |
|         grp_mmult_hw_Pipeline_comp_k_fu_2118         |  p22 |   2  |  32  |   64   ||    0    ||    9    |
|         grp_mmult_hw_Pipeline_comp_k_fu_2118         |  p23 |   2  |  32  |   64   ||    0    ||    9    |
|         grp_mmult_hw_Pipeline_comp_k_fu_2118         |  p24 |   2  |  32  |   64   ||    0    ||    9    |
|         grp_mmult_hw_Pipeline_comp_k_fu_2118         |  p25 |   2  |  32  |   64   ||    0    ||    9    |
|         grp_mmult_hw_Pipeline_comp_k_fu_2118         |  p26 |   2  |  32  |   64   ||    0    ||    9    |
|         grp_mmult_hw_Pipeline_comp_k_fu_2118         |  p27 |   2  |  32  |   64   ||    0    ||    9    |
|         grp_mmult_hw_Pipeline_comp_k_fu_2118         |  p28 |   2  |  32  |   64   ||    0    ||    9    |
|         grp_mmult_hw_Pipeline_comp_k_fu_2118         |  p29 |   2  |  32  |   64   ||    0    ||    9    |
|         grp_mmult_hw_Pipeline_comp_k_fu_2118         |  p30 |   2  |  32  |   64   ||    0    ||    9    |
|         grp_mmult_hw_Pipeline_comp_k_fu_2118         |  p31 |   2  |  32  |   64   ||    0    ||    9    |
|         grp_mmult_hw_Pipeline_comp_k_fu_2118         |  p32 |   2  |  32  |   64   ||    0    ||    9    |
|         grp_mmult_hw_Pipeline_comp_k_fu_2118         |  p33 |   2  |  32  |   64   ||    0    ||    9    |
|------------------------------------------------------|------|------|------|--------||---------||---------||---------|
|                         Total                        |      |      |      |  1564  ||  32.763 ||    0    ||   603   |
|------------------------------------------------------|------|------|------|--------||---------||---------||---------|



* Summary:
+-----------+--------+--------+--------+--------+--------+--------+
|           |  BRAM  |   DSP  |  Delay |   FF   |   LUT  |  URAM  |
+-----------+--------+--------+--------+--------+--------+--------+
|  Function |    -   |    9   |    8   |  2441  |  1527  |    -   |
|   Memory  |    0   |    -   |    -   |  1536  |   384  |    0   |
|Multiplexer|    -   |    -   |   32   |    0   |   603  |    -   |
|  Register |    -   |    -   |    -   |  3253  |    -   |    -   |
+-----------+--------+--------+--------+--------+--------+--------+
|   Total   |    0   |    9   |   41   |  7230  |  2514  |    0   |
+-----------+--------+--------+--------+--------+--------+--------+
