

================================================================
== Synthesis Summary Report of 'mmult_hw'
================================================================
+ General Information: 
    * Date:           Mon Feb 23 03:07:00 2026
    * Version:        2024.1 (Build 5069499 on May 21 2024)
    * Project:        matmul_D15
    * Solution:       hls (Vivado IP Flow Target)
    * Product family: zynquplus
    * Target device:  xczu3eg-sbva484-1-e
    

+ Performance & Resource Estimates: 
    
    PS: '+' for module; 'o' for loop; '*' for dataflow
    +------------------------------------------------+------+------+---------+-----------+----------+---------+------+----------+---------+--------------+-------------+---------------+-----+
    |                     Modules                    | Issue|      | Latency |  Latency  | Iteration|         | Trip |          |         |              |             |               |     |
    |                     & Loops                    | Type | Slack| (cycles)|    (ns)   |  Latency | Interval| Count| Pipelined|  BRAM   |      DSP     |      FF     |      LUT      | URAM|
    +------------------------------------------------+------+------+---------+-----------+----------+---------+------+----------+---------+--------------+-------------+---------------+-----+
    |+ mmult_hw                                      |     -|  0.00|   461137|  4.611e+06|         -|   461138|     -|        no|  28 (6%)|  4314 (1198%)|  48406 (34%)|  184469 (261%)|    -|
    | o tile_i                                       |     -|  7.30|   461136|  4.611e+06|     57642|        -|     8|        no|        -|             -|            -|              -|    -|
    |  o tile_j                                      |     -|  7.30|    57640|  5.764e+05|      7205|        -|     8|        no|        -|             -|            -|              -|    -|
    |   + mmult_hw_Pipeline_init_i_init_j            |     -|  3.06|      258|  2.580e+03|         -|      258|     -|        no|        -|             -|     21 (~0%)|      143 (~0%)|    -|
    |    o init_i_init_j                             |     -|  7.30|      256|  2.560e+03|         1|        1|   256|       yes|        -|             -|            -|              -|    -|
    |   o tile_k                                     |     -|  7.30|     6944|  6.944e+04|       868|        -|     8|        no|        -|             -|            -|              -|    -|
    |    + mmult_hw_Pipeline_load_a_VITIS_LOOP_27_1  |     -|  0.00|      268|  2.680e+03|         -|      268|     -|        no|        -|       2 (~0%)|    492 (~0%)|      487 (~0%)|    -|
    |     o load_a_VITIS_LOOP_27_1                   |     -|  7.30|      266|  2.660e+03|        12|        1|   256|       yes|        -|             -|            -|              -|    -|
    |    + mmult_hw_Pipeline_load_b_VITIS_LOOP_30_2  |     -|  0.00|      268|  2.680e+03|         -|      268|     -|        no|        -|       2 (~0%)|    415 (~0%)|      478 (~0%)|    -|
    |     o load_b_VITIS_LOOP_30_2                   |     -|  7.30|      266|  2.660e+03|        12|        1|   256|       yes|        -|             -|            -|              -|    -|
    |    + mmult_hw_Pipeline_store_i_store_j         |     -|  0.00|      265|  2.650e+03|         -|      265|     -|        no|        -|       2 (~0%)|    298 (~0%)|      437 (~0%)|    -|
    |     o store_i_store_j                          |     -|  7.30|      263|  2.630e+03|         9|        1|   256|       yes|        -|             -|            -|              -|    -|
    +------------------------------------------------+------+------+---------+-----------+----------+---------+------+----------+---------+--------------+-------------+---------------+-----+


================================================================
== HW Interfaces
================================================================
* M_AXI
+------------+------------+------------+---------------+---------+--------+----------+-----------+--------------+--------------+-------------+-------------+-------------------+
| Interface  | Read/Write | Data Width | Address Width | Latency | Offset | Register | Max Widen | Max Read     | Max Write    | Num Read    | Num Write   | Resource Estimate |
|            |            | (SW->HW)   |               |         |        |          | Bitwidth  | Burst Length | Burst Length | Outstanding | Outstanding |                   |
+------------+------------+------------+---------------+---------+--------+----------+-----------+--------------+--------------+-------------+-------------+-------------------+
| m_axi_gmem | READ_WRITE | 32 -> 32   | 64            | 0       | slave  | 0        | 0         | 16           | 16           | 16          | 16          | BRAM=4            |
+------------+------------+------------+---------------+---------+--------+----------+-----------+--------------+--------------+-------------+-------------+-------------------+

* S_AXILITE Interfaces
+------------+------------+---------------+--------+----------+
| Interface  | Data Width | Address Width | Offset | Register |
+------------+------------+---------------+--------+----------+
| s_axi_CTRL | 32         | 6             | 16     | 0        |
+------------+------------+---------------+--------+----------+

* S_AXILITE Registers
+------------+----------+--------+-------+--------+----------------------------------+----------------------------------------------------------------------+
| Interface  | Register | Offset | Width | Access | Description                      | Bit Fields                                                           |
+------------+----------+--------+-------+--------+----------------------------------+----------------------------------------------------------------------+
| s_axi_CTRL | CTRL     | 0x00   | 32    | RW     | Control signals                  | 0=AP_START 1=AP_DONE 2=AP_IDLE 3=AP_READY 7=AUTO_RESTART 9=INTERRUPT |
| s_axi_CTRL | GIER     | 0x04   | 32    | RW     | Global Interrupt Enable Register | 0=Enable                                                             |
| s_axi_CTRL | IP_IER   | 0x08   | 32    | RW     | IP Interrupt Enable Register     | 0=CHAN0_INT_EN 1=CHAN1_INT_EN                                        |
| s_axi_CTRL | IP_ISR   | 0x0c   | 32    | RW     | IP Interrupt Status Register     | 0=CHAN0_INT_ST 1=CHAN1_INT_ST                                        |
| s_axi_CTRL | in1_1    | 0x10   | 32    | W      | Data signal of in1               |                                                                      |
| s_axi_CTRL | in1_2    | 0x14   | 32    | W      | Data signal of in1               |                                                                      |
| s_axi_CTRL | in2_1    | 0x1c   | 32    | W      | Data signal of in2               |                                                                      |
| s_axi_CTRL | in2_2    | 0x20   | 32    | W      | Data signal of in2               |                                                                      |
| s_axi_CTRL | out_r_1  | 0x28   | 32    | W      | Data signal of out_r             |                                                                      |
| s_axi_CTRL | out_r_2  | 0x2c   | 32    | W      | Data signal of out_r             |                                                                      |
| s_axi_CTRL | dim      | 0x34   | 32    | W      | Data signal of dim               |                                                                      |
+------------+----------+--------+-------+--------+----------------------------------+----------------------------------------------------------------------+

* TOP LEVEL CONTROL
+-----------+------------+-----------+
| Interface | Type       | Ports     |
+-----------+------------+-----------+
| ap_clk    | clock      | ap_clk    |
| ap_rst_n  | reset      | ap_rst_n  |
| interrupt | interrupt  | interrupt |
| ap_ctrl   | ap_ctrl_hs |           |
+-----------+------------+-----------+


================================================================
== SW I/O Information
================================================================
* Top Function Arguments
+----------+-----------+----------+
| Argument | Direction | Datatype |
+----------+-----------+----------+
| in1      | inout     | int*     |
| in2      | inout     | int*     |
| out      | inout     | int*     |
| dim      | in        | int      |
+----------+-----------+----------+

* SW-to-HW Mapping
+----------+--------------+-----------+----------+-----------------------------------+
| Argument | HW Interface | HW Type   | HW Usage | HW Info                           |
+----------+--------------+-----------+----------+-----------------------------------+
| in1      | m_axi_gmem   | interface |          | channel=0                         |
| in1      | s_axi_CTRL   | register  | offset   | name=in1_1 offset=0x10 range=32   |
| in1      | s_axi_CTRL   | register  | offset   | name=in1_2 offset=0x14 range=32   |
| in2      | m_axi_gmem   | interface |          | channel=0                         |
| in2      | s_axi_CTRL   | register  | offset   | name=in2_1 offset=0x1c range=32   |
| in2      | s_axi_CTRL   | register  | offset   | name=in2_2 offset=0x20 range=32   |
| out      | m_axi_gmem   | interface |          | channel=0                         |
| out      | s_axi_CTRL   | register  | offset   | name=out_r_1 offset=0x28 range=32 |
| out      | s_axi_CTRL   | register  | offset   | name=out_r_2 offset=0x2c range=32 |
| dim      | s_axi_CTRL   | register  |          | name=dim offset=0x34 range=32     |
+----------+--------------+-----------+----------+-----------------------------------+


================================================================
== M_AXI Burst Information
================================================================
 Note: All burst requests might be further partitioned into multiple requests during RTL generation based on max_read_burst_length or max_write_burst_length settings.

* Inferred Burst Summary
+--------------+-----------+--------+-------+-----------------+--------------------------+
| HW Interface | Direction | Length | Width | Loop            | Loop Location            |
+--------------+-----------+--------+-------+-----------------+--------------------------+
| m_axi_gmem   | read      | 16     | 32    | VITIS_LOOP_27_1 | mmult_baseline.cpp:27:34 |
| m_axi_gmem   | read      | 16     | 32    | VITIS_LOOP_30_2 | mmult_baseline.cpp:30:34 |
| m_axi_gmem   | write     | 16     | 32    | store_j         | mmult_baseline.cpp:45:22 |
+--------------+-----------+--------+-------+-----------------+--------------------------+

* All M_AXI Variable Accesses
+--------------+----------+--------------------------+-----------+--------------+--------+-----------------+--------------------------+------------+-------------------------------------------------------------------------------------------------------+
| HW Interface | Variable | Access Location          | Direction | Burst Status | Length | Loop            | Loop Location            | Resolution | Problem                                                                                               |
+--------------+----------+--------------------------+-----------+--------------+--------+-----------------+--------------------------+------------+-------------------------------------------------------------------------------------------------------+
| m_axi_gmem   | in1      | mmult_baseline.cpp:28:32 | read      | Widen Fail   |        | VITIS_LOOP_27_1 | mmult_baseline.cpp:27:34 | 214-353    | Could not widen since type i32 size is greater than or equal to the max_widen_bitwidth threshold of 0 |
| m_axi_gmem   | in1      | mmult_baseline.cpp:28:32 | read      | Fail         |        | load_a          | mmult_baseline.cpp:26:21 | 214-230    | Stride is incompatible                                                                                |
| m_axi_gmem   | in1      | mmult_baseline.cpp:28:32 | read      | Inferred     | 16     | VITIS_LOOP_27_1 | mmult_baseline.cpp:27:34 |            |                                                                                                       |
| m_axi_gmem   | in2      | mmult_baseline.cpp:31:32 | read      | Widen Fail   |        | VITIS_LOOP_30_2 | mmult_baseline.cpp:30:34 | 214-353    | Could not widen since type i32 size is greater than or equal to the max_widen_bitwidth threshold of 0 |
| m_axi_gmem   | in2      | mmult_baseline.cpp:31:32 | read      | Fail         |        | load_b          | mmult_baseline.cpp:29:21 | 214-230    | Stride is incompatible                                                                                |
| m_axi_gmem   | in2      | mmult_baseline.cpp:31:32 | read      | Inferred     | 16     | VITIS_LOOP_30_2 | mmult_baseline.cpp:30:34 |            |                                                                                                       |
| m_axi_gmem   | out      | mmult_baseline.cpp:47:35 | write     | Widen Fail   |        | store_j         | mmult_baseline.cpp:45:22 | 214-353    | Could not widen since type i32 size is greater than or equal to the max_widen_bitwidth threshold of 0 |
| m_axi_gmem   | out      | mmult_baseline.cpp:47:35 | write     | Fail         |        | store_i         | mmult_baseline.cpp:44:19 | 214-230    | Stride is incompatible                                                                                |
| m_axi_gmem   | out      | mmult_baseline.cpp:47:35 | write     | Inferred     | 16     | store_j         | mmult_baseline.cpp:45:22 |            |                                                                                                       |
+--------------+----------+--------------------------+-----------+--------------+--------+-----------------+--------------------------+------------+-------------------------------------------------------------------------------------------------------+

    * Resolution URL: docs.xilinx.com/access/sources/dita/topic?Doc_Version=2024.1%20English&url=ug1448-hls-guidance&resourceid=XXX-YYY.html (replace XXX-YYY with column value)

================================================================
== Bind Op Report
================================================================
+---------------------------------------------+------+--------+---------------+-----------+----------+---------+
| Name                                        | DSP  | Pragma | Variable      | Op        | Impl     | Latency |
+---------------------------------------------+------+--------+---------------+-----------+----------+---------+
| + mmult_hw                                  | 4314 |        |               |           |          |         |
|   icmp_ln19_fu_16005_p2                     |      |        | icmp_ln19     | seteq     | auto     | 0       |
|   add_ln19_fu_16011_p2                      |      |        | add_ln19      | add       | fabric   | 0       |
|   mul_3ns_32s_35_1_1_U1475                  |      |        | empty_33      | mul       | auto     | 0       |
|   icmp_ln20_fu_16038_p2                     |      |        | icmp_ln20     | seteq     | auto     | 0       |
|   add_ln20_fu_16044_p2                      |      |        | add_ln20      | add       | fabric   | 0       |
|   icmp_ln25_fu_16065_p2                     |      |        | icmp_ln25     | seteq     | auto     | 0       |
|   add_ln25_fu_16071_p2                      |      |        | add_ln25      | add       | fabric   | 0       |
|   mul_3ns_32s_35_1_1_U1476                  |      |        | empty_35      | mul       | auto     | 0       |
|   mul_32s_32s_32_1_1_U39                    | 3    |        | mul_ln39      | mul       | auto     | 0       |
|   mul_32s_32s_32_1_1_U40                    | 3    |        | mul_ln39_1    | mul       | auto     | 0       |
|   mul_32s_32s_32_1_1_U41                    | 3    |        | mul_ln39_2    | mul       | auto     | 0       |
|   mul_32s_32s_32_1_1_U39                    | 3    |        | mul_ln39_3    | mul       | auto     | 0       |
|   mul_32s_32s_32_1_1_U40                    | 3    |        | mul_ln39_4    | mul       | auto     | 0       |
|   mul_32s_32s_32_1_1_U41                    | 3    |        | mul_ln39_5    | mul       | auto     | 0       |
|   mul_32s_32s_32_1_1_U42                    | 3    |        | mul_ln39_6    | mul       | auto     | 0       |
|   mul_32s_32s_32_1_1_U43                    | 3    |        | mul_ln39_7    | mul       | auto     | 0       |
|   mul_32s_32s_32_1_1_U44                    | 3    |        | mul_ln39_8    | mul       | auto     | 0       |
|   mul_32s_32s_32_1_1_U45                    | 3    |        | mul_ln39_9    | mul       | auto     | 0       |
|   mul_32s_32s_32_1_1_U46                    | 3    |        | mul_ln39_10   | mul       | auto     | 0       |
|   mul_32s_32s_32_1_1_U47                    | 3    |        | mul_ln39_11   | mul       | auto     | 0       |
|   mul_32s_32s_32_1_1_U48                    | 3    |        | mul_ln39_12   | mul       | auto     | 0       |
|   mul_32s_32s_32_1_1_U39                    | 3    |        | mul_ln39_13   | mul       | auto     | 0       |
|   mul_32s_32s_32_1_1_U40                    | 3    |        | mul_ln39_14   | mul       | auto     | 0       |
|   mul_32s_32s_32_1_1_U41                    | 3    |        | mul_ln39_15   | mul       | auto     | 0       |
|   grp_fu_13102_p2                           |      |        | add_ln39_1    | add       | fabric   | 0       |
|   grp_fu_13258_p2                           |      |        | add_ln39_4    | add       | fabric   | 0       |
|   grp_fu_13174_p2                           |      |        | add_ln39_7    | add       | fabric   | 0       |
|   grp_fu_13270_p2                           |      |        | add_ln39_8    | add       | fabric   | 0       |
|   mul_32s_32s_32_1_1_U39                    | 3    |        | mul_ln39_16   | mul       | auto     | 0       |
|   mul_32s_32s_32_1_1_U40                    | 3    |        | mul_ln39_17   | mul       | auto     | 0       |
|   mul_32s_32s_32_1_1_U41                    | 3    |        | mul_ln39_18   | mul       | auto     | 0       |
|   mul_32s_32s_32_1_1_U42                    | 3    |        | mul_ln39_19   | mul       | auto     | 0       |
|   mul_32s_32s_32_1_1_U43                    | 3    |        | mul_ln39_20   | mul       | auto     | 0       |
|   mul_32s_32s_32_1_1_U44                    | 3    |        | mul_ln39_21   | mul       | auto     | 0       |
|   mul_32s_32s_32_1_1_U45                    | 3    |        | mul_ln39_22   | mul       | auto     | 0       |
|   mul_32s_32s_32_1_1_U46                    | 3    |        | mul_ln39_23   | mul       | auto     | 0       |
|   mul_32s_32s_32_1_1_U47                    | 3    |        | mul_ln39_24   | mul       | auto     | 0       |
|   mul_32s_32s_32_1_1_U48                    | 3    |        | mul_ln39_25   | mul       | auto     | 0       |
|   mul_32s_32s_32_1_1_U49                    | 3    |        | mul_ln39_26   | mul       | auto     | 0       |
|   mul_32s_32s_32_1_1_U50                    | 3    |        | mul_ln39_27   | mul       | auto     | 0       |
|   mul_32s_32s_32_1_1_U51                    | 3    |        | mul_ln39_28   | mul       | auto     | 0       |
|   mul_32s_32s_32_1_1_U39                    | 3    |        | mul_ln39_29   | mul       | auto     | 0       |
|   mul_32s_32s_32_1_1_U40                    | 3    |        | mul_ln39_30   | mul       | auto     | 0       |
|   mul_32s_32s_32_1_1_U41                    | 3    |        | mul_ln39_31   | mul       | auto     | 0       |
|   grp_fu_13102_p2                           |      |        | add_ln39_17   | add       | fabric   | 0       |
|   grp_fu_13126_p2                           |      |        | add_ln39_20   | add       | fabric   | 0       |
|   grp_fu_13138_p2                           |      |        | add_ln39_23   | add       | fabric   | 0       |
|   grp_fu_13144_p2                           |      |        | add_ln39_24   | add       | fabric   | 0       |
|   mul_32s_32s_32_1_1_U39                    | 3    |        | mul_ln39_32   | mul       | auto     | 0       |
|   mul_32s_32s_32_1_1_U40                    | 3    |        | mul_ln39_33   | mul       | auto     | 0       |
|   mul_32s_32s_32_1_1_U41                    | 3    |        | mul_ln39_34   | mul       | auto     | 0       |
|   mul_32s_32s_32_1_1_U42                    | 3    |        | mul_ln39_35   | mul       | auto     | 0       |
|   mul_32s_32s_32_1_1_U43                    | 3    |        | mul_ln39_36   | mul       | auto     | 0       |
|   mul_32s_32s_32_1_1_U44                    | 3    |        | mul_ln39_37   | mul       | auto     | 0       |
|   mul_32s_32s_32_1_1_U45                    | 3    |        | mul_ln39_38   | mul       | auto     | 0       |
|   mul_32s_32s_32_1_1_U46                    | 3    |        | mul_ln39_39   | mul       | auto     | 0       |
|   mul_32s_32s_32_1_1_U47                    | 3    |        | mul_ln39_40   | mul       | auto     | 0       |
|   mul_32s_32s_32_1_1_U48                    | 3    |        | mul_ln39_41   | mul       | auto     | 0       |
|   mul_32s_32s_32_1_1_U49                    | 3    |        | mul_ln39_42   | mul       | auto     | 0       |
|   mul_32s_32s_32_1_1_U50                    | 3    |        | mul_ln39_43   | mul       | auto     | 0       |
|   mul_32s_32s_32_1_1_U51                    | 3    |        | mul_ln39_44   | mul       | auto     | 0       |
|   mul_32s_32s_32_1_1_U49                    | 3    |        | mul_ln39_45   | mul       | auto     | 0       |
|   mul_32s_32s_32_1_1_U50                    | 3    |        | mul_ln39_46   | mul       | auto     | 0       |
|   mul_32s_32s_32_1_1_U51                    | 3    |        | mul_ln39_47   | mul       | auto     | 0       |
|   grp_fu_13102_p2                           |      |        | add_ln39_33   | add       | fabric   | 0       |
|   grp_fu_13126_p2                           |      |        | add_ln39_36   | add       | fabric   | 0       |
|   grp_fu_13138_p2                           |      |        | add_ln39_39   | add       | fabric   | 0       |
|   grp_fu_13144_p2                           |      |        | add_ln39_40   | add       | fabric   | 0       |
|   mul_32s_32s_32_1_1_U39                    | 3    |        | mul_ln39_48   | mul       | auto     | 0       |
|   mul_32s_32s_32_1_1_U40                    | 3    |        | mul_ln39_49   | mul       | auto     | 0       |
|   mul_32s_32s_32_1_1_U41                    | 3    |        | mul_ln39_50   | mul       | auto     | 0       |
|   mul_32s_32s_32_1_1_U52                    | 3    |        | mul_ln39_51   | mul       | auto     | 0       |
|   mul_32s_32s_32_1_1_U53                    | 3    |        | mul_ln39_52   | mul       | auto     | 0       |
|   mul_32s_32s_32_1_1_U54                    | 3    |        | mul_ln39_53   | mul       | auto     | 0       |
|   mul_32s_32s_32_1_1_U55                    | 3    |        | mul_ln39_54   | mul       | auto     | 0       |
|   mul_32s_32s_32_1_1_U56                    | 3    |        | mul_ln39_55   | mul       | auto     | 0       |
|   mul_32s_32s_32_1_1_U57                    | 3    |        | mul_ln39_56   | mul       | auto     | 0       |
|   mul_32s_32s_32_1_1_U58                    | 3    |        | mul_ln39_57   | mul       | auto     | 0       |
|   mul_32s_32s_32_1_1_U59                    | 3    |        | mul_ln39_58   | mul       | auto     | 0       |
|   mul_32s_32s_32_1_1_U60                    | 3    |        | mul_ln39_59   | mul       | auto     | 0       |
|   mul_32s_32s_32_1_1_U61                    | 3    |        | mul_ln39_60   | mul       | auto     | 0       |
|   mul_32s_32s_32_1_1_U52                    | 3    |        | mul_ln39_61   | mul       | auto     | 0       |
|   mul_32s_32s_32_1_1_U53                    | 3    |        | mul_ln39_62   | mul       | auto     | 0       |
|   mul_32s_32s_32_1_1_U54                    | 3    |        | mul_ln39_63   | mul       | auto     | 0       |
|   grp_fu_13102_p2                           |      |        | add_ln39_49   | add       | fabric   | 0       |
|   grp_fu_13198_p2                           |      |        | add_ln39_52   | add       | fabric   | 0       |
|   grp_fu_13210_p2                           |      |        | add_ln39_55   | add       | fabric   | 0       |
|   grp_fu_13216_p2                           |      |        | add_ln39_56   | add       | fabric   | 0       |
|   mul_32s_32s_32_1_1_U55                    | 3    |        | mul_ln39_64   | mul       | auto     | 0       |
|   mul_32s_32s_32_1_1_U56                    | 3    |        | mul_ln39_65   | mul       | auto     | 0       |
|   mul_32s_32s_32_1_1_U57                    | 3    |        | mul_ln39_66   | mul       | auto     | 0       |
|   mul_32s_32s_32_1_1_U58                    | 3    |        | mul_ln39_67   | mul       | auto     | 0       |
|   mul_32s_32s_32_1_1_U59                    | 3    |        | mul_ln39_68   | mul       | auto     | 0       |
|   mul_32s_32s_32_1_1_U60                    | 3    |        | mul_ln39_69   | mul       | auto     | 0       |
|   mul_32s_32s_32_1_1_U61                    | 3    |        | mul_ln39_70   | mul       | auto     | 0       |
|   mul_32s_32s_32_1_1_U62                    | 3    |        | mul_ln39_71   | mul       | auto     | 0       |
|   mul_32s_32s_32_1_1_U63                    | 3    |        | mul_ln39_72   | mul       | auto     | 0       |
|   mul_32s_32s_32_1_1_U64                    | 3    |        | mul_ln39_73   | mul       | auto     | 0       |
|   mul_32s_32s_32_1_1_U65                    | 3    |        | mul_ln39_74   | mul       | auto     | 0       |
|   mul_32s_32s_32_1_1_U66                    | 3    |        | mul_ln39_75   | mul       | auto     | 0       |
|   mul_32s_32s_32_1_1_U67                    | 3    |        | mul_ln39_76   | mul       | auto     | 0       |
|   mul_32s_32s_32_1_1_U42                    | 3    |        | mul_ln39_77   | mul       | auto     | 0       |
|   mul_32s_32s_32_1_1_U43                    | 3    |        | mul_ln39_78   | mul       | auto     | 0       |
|   mul_32s_32s_32_1_1_U44                    | 3    |        | mul_ln39_79   | mul       | auto     | 0       |
|   grp_fu_13210_p2                           |      |        | add_ln39_65   | add       | fabric   | 0       |
|   grp_fu_14122_p2                           |      |        | add_ln39_68   | add       | fabric   | 0       |
|   grp_fu_13636_p2                           |      |        | add_ln39_71   | add       | fabric   | 0       |
|   grp_fu_13642_p2                           |      |        | add_ln39_72   | add       | fabric   | 0       |
|   mul_32s_32s_32_1_1_U68                    | 3    |        | mul_ln39_80   | mul       | auto     | 0       |
|   mul_32s_32s_32_1_1_U69                    | 3    |        | mul_ln39_81   | mul       | auto     | 0       |
|   mul_32s_32s_32_1_1_U70                    | 3    |        | mul_ln39_82   | mul       | auto     | 0       |
|   mul_32s_32s_32_1_1_U71                    | 3    |        | mul_ln39_83   | mul       | auto     | 0       |
|   mul_32s_32s_32_1_1_U72                    | 3    |        | mul_ln39_84   | mul       | auto     | 0       |
|   mul_32s_32s_32_1_1_U73                    | 3    |        | mul_ln39_85   | mul       | auto     | 0       |
|   mul_32s_32s_32_1_1_U74                    | 3    |        | mul_ln39_86   | mul       | auto     | 0       |
|   mul_32s_32s_32_1_1_U75                    | 3    |        | mul_ln39_87   | mul       | auto     | 0       |
|   mul_32s_32s_32_1_1_U76                    | 3    |        | mul_ln39_88   | mul       | auto     | 0       |
|   mul_32s_32s_32_1_1_U77                    | 3    |        | mul_ln39_89   | mul       | auto     | 0       |
|   mul_32s_32s_32_1_1_U78                    | 3    |        | mul_ln39_90   | mul       | auto     | 0       |
|   mul_32s_32s_32_1_1_U79                    | 3    |        | mul_ln39_91   | mul       | auto     | 0       |
|   mul_32s_32s_32_1_1_U80                    | 3    |        | mul_ln39_92   | mul       | auto     | 0       |
|   mul_32s_32s_32_1_1_U45                    | 3    |        | mul_ln39_93   | mul       | auto     | 0       |
|   mul_32s_32s_32_1_1_U46                    | 3    |        | mul_ln39_94   | mul       | auto     | 0       |
|   mul_32s_32s_32_1_1_U47                    | 3    |        | mul_ln39_95   | mul       | auto     | 0       |
|   grp_fu_13318_p2                           |      |        | add_ln39_81   | add       | fabric   | 0       |
|   add_ln39_84_fu_19023_p2                   |      |        | add_ln39_84   | add       | fabric   | 0       |
|   add_ln39_87_fu_19041_p2                   |      |        | add_ln39_87   | add       | fabric   | 0       |
|   grp_fu_14302_p2                           |      |        | add_ln39_88   | add       | fabric   | 0       |
|   mul_32s_32s_32_1_1_U81                    | 3    |        | mul_ln39_96   | mul       | auto     | 0       |
|   mul_32s_32s_32_1_1_U82                    | 3    |        | mul_ln39_97   | mul       | auto     | 0       |
|   mul_32s_32s_32_1_1_U83                    | 3    |        | mul_ln39_98   | mul       | auto     | 0       |
|   mul_32s_32s_32_1_1_U84                    | 3    |        | mul_ln39_99   | mul       | auto     | 0       |
|   mul_32s_32s_32_1_1_U85                    | 3    |        | mul_ln39_100  | mul       | auto     | 0       |
|   mul_32s_32s_32_1_1_U86                    | 3    |        | mul_ln39_101  | mul       | auto     | 0       |
|   mul_32s_32s_32_1_1_U87                    | 3    |        | mul_ln39_102  | mul       | auto     | 0       |
|   mul_32s_32s_32_1_1_U88                    | 3    |        | mul_ln39_103  | mul       | auto     | 0       |
|   mul_32s_32s_32_1_1_U89                    | 3    |        | mul_ln39_104  | mul       | auto     | 0       |
|   mul_32s_32s_32_1_1_U90                    | 3    |        | mul_ln39_105  | mul       | auto     | 0       |
|   mul_32s_32s_32_1_1_U91                    | 3    |        | mul_ln39_106  | mul       | auto     | 0       |
|   mul_32s_32s_32_1_1_U92                    | 3    |        | mul_ln39_107  | mul       | auto     | 0       |
|   mul_32s_32s_32_1_1_U93                    | 3    |        | mul_ln39_108  | mul       | auto     | 0       |
|   mul_32s_32s_32_1_1_U48                    | 3    |        | mul_ln39_109  | mul       | auto     | 0       |
|   mul_32s_32s_32_1_1_U49                    | 3    |        | mul_ln39_110  | mul       | auto     | 0       |
|   mul_32s_32s_32_1_1_U50                    | 3    |        | mul_ln39_111  | mul       | auto     | 0       |
|   grp_fu_13414_p2                           |      |        | add_ln39_97   | add       | fabric   | 0       |
|   grp_fu_14134_p2                           |      |        | add_ln39_100  | add       | fabric   | 0       |
|   grp_fu_14140_p2                           |      |        | add_ln39_103  | add       | fabric   | 0       |
|   add_ln39_104_fu_19101_p2                  |      |        | add_ln39_104  | add       | fabric   | 0       |
|   mul_32s_32s_32_1_1_U39                    | 3    |        | mul_ln39_112  | mul       | auto     | 0       |
|   mul_32s_32s_32_1_1_U40                    | 3    |        | mul_ln39_113  | mul       | auto     | 0       |
|   mul_32s_32s_32_1_1_U41                    | 3    |        | mul_ln39_114  | mul       | auto     | 0       |
|   mul_32s_32s_32_1_1_U42                    | 3    |        | mul_ln39_115  | mul       | auto     | 0       |
|   mul_32s_32s_32_1_1_U43                    | 3    |        | mul_ln39_116  | mul       | auto     | 0       |
|   mul_32s_32s_32_1_1_U44                    | 3    |        | mul_ln39_117  | mul       | auto     | 0       |
|   mul_32s_32s_32_1_1_U45                    | 3    |        | mul_ln39_118  | mul       | auto     | 0       |
|   mul_32s_32s_32_1_1_U46                    | 3    |        | mul_ln39_119  | mul       | auto     | 0       |
|   mul_32s_32s_32_1_1_U47                    | 3    |        | mul_ln39_120  | mul       | auto     | 0       |
|   mul_32s_32s_32_1_1_U48                    | 3    |        | mul_ln39_121  | mul       | auto     | 0       |
|   mul_32s_32s_32_1_1_U49                    | 3    |        | mul_ln39_122  | mul       | auto     | 0       |
|   mul_32s_32s_32_1_1_U50                    | 3    |        | mul_ln39_123  | mul       | auto     | 0       |
|   mul_32s_32s_32_1_1_U51                    | 3    |        | mul_ln39_124  | mul       | auto     | 0       |
|   mul_32s_32s_32_1_1_U39                    | 3    |        | mul_ln39_125  | mul       | auto     | 0       |
|   mul_32s_32s_32_1_1_U40                    | 3    |        | mul_ln39_126  | mul       | auto     | 0       |
|   mul_32s_32s_32_1_1_U41                    | 3    |        | mul_ln39_127  | mul       | auto     | 0       |
|   grp_fu_13102_p2                           |      |        | add_ln39_113  | add       | fabric   | 0       |
|   grp_fu_13126_p2                           |      |        | add_ln39_116  | add       | fabric   | 0       |
|   grp_fu_13138_p2                           |      |        | add_ln39_119  | add       | fabric   | 0       |
|   grp_fu_13144_p2                           |      |        | add_ln39_120  | add       | fabric   | 0       |
|   mul_32s_32s_32_1_1_U62                    | 3    |        | mul_ln39_128  | mul       | auto     | 0       |
|   mul_32s_32s_32_1_1_U63                    | 3    |        | mul_ln39_129  | mul       | auto     | 0       |
|   mul_32s_32s_32_1_1_U64                    | 3    |        | mul_ln39_130  | mul       | auto     | 0       |
|   mul_32s_32s_32_1_1_U65                    | 3    |        | mul_ln39_131  | mul       | auto     | 0       |
|   mul_32s_32s_32_1_1_U66                    | 3    |        | mul_ln39_132  | mul       | auto     | 0       |
|   mul_32s_32s_32_1_1_U67                    | 3    |        | mul_ln39_133  | mul       | auto     | 0       |
|   mul_32s_32s_32_1_1_U68                    | 3    |        | mul_ln39_134  | mul       | auto     | 0       |
|   mul_32s_32s_32_1_1_U69                    | 3    |        | mul_ln39_135  | mul       | auto     | 0       |
|   mul_32s_32s_32_1_1_U70                    | 3    |        | mul_ln39_136  | mul       | auto     | 0       |
|   mul_32s_32s_32_1_1_U71                    | 3    |        | mul_ln39_137  | mul       | auto     | 0       |
|   mul_32s_32s_32_1_1_U72                    | 3    |        | mul_ln39_138  | mul       | auto     | 0       |
|   mul_32s_32s_32_1_1_U94                    | 3    |        | mul_ln39_139  | mul       | auto     | 0       |
|   mul_32s_32s_32_1_1_U95                    | 3    |        | mul_ln39_140  | mul       | auto     | 0       |
|   mul_32s_32s_32_1_1_U96                    | 3    |        | mul_ln39_141  | mul       | auto     | 0       |
|   mul_32s_32s_32_1_1_U97                    | 3    |        | mul_ln39_142  | mul       | auto     | 0       |
|   mul_32s_32s_32_1_1_U98                    | 3    |        | mul_ln39_143  | mul       | auto     | 0       |
|   grp_fu_13384_p2                           |      |        | add_ln39_129  | add       | fabric   | 0       |
|   grp_fu_13306_p2                           |      |        | add_ln39_132  | add       | fabric   | 0       |
|   grp_fu_13318_p2                           |      |        | add_ln39_135  | add       | fabric   | 0       |
|   grp_fu_13324_p2                           |      |        | add_ln39_136  | add       | fabric   | 0       |
|   mul_32s_32s_32_1_1_U73                    | 3    |        | mul_ln39_144  | mul       | auto     | 0       |
|   mul_32s_32s_32_1_1_U74                    | 3    |        | mul_ln39_145  | mul       | auto     | 0       |
|   mul_32s_32s_32_1_1_U75                    | 3    |        | mul_ln39_146  | mul       | auto     | 0       |
|   mul_32s_32s_32_1_1_U76                    | 3    |        | mul_ln39_147  | mul       | auto     | 0       |
|   mul_32s_32s_32_1_1_U77                    | 3    |        | mul_ln39_148  | mul       | auto     | 0       |
|   mul_32s_32s_32_1_1_U78                    | 3    |        | mul_ln39_149  | mul       | auto     | 0       |
|   mul_32s_32s_32_1_1_U79                    | 3    |        | mul_ln39_150  | mul       | auto     | 0       |
|   mul_32s_32s_32_1_1_U80                    | 3    |        | mul_ln39_151  | mul       | auto     | 0       |
|   mul_32s_32s_32_1_1_U81                    | 3    |        | mul_ln39_152  | mul       | auto     | 0       |
|   mul_32s_32s_32_1_1_U82                    | 3    |        | mul_ln39_153  | mul       | auto     | 0       |
|   mul_32s_32s_32_1_1_U83                    | 3    |        | mul_ln39_154  | mul       | auto     | 0       |
|   mul_32s_32s_32_1_1_U84                    | 3    |        | mul_ln39_155  | mul       | auto     | 0       |
|   mul_32s_32s_32_1_1_U85                    | 3    |        | mul_ln39_156  | mul       | auto     | 0       |
|   mul_32s_32s_32_1_1_U99                    | 3    |        | mul_ln39_157  | mul       | auto     | 0       |
|   mul_32s_32s_32_1_1_U100                   | 3    |        | mul_ln39_158  | mul       | auto     | 0       |
|   mul_32s_32s_32_1_1_U101                   | 3    |        | mul_ln39_159  | mul       | auto     | 0       |
|   grp_fu_13564_p2                           |      |        | add_ln39_145  | add       | fabric   | 0       |
|   grp_fu_13696_p2                           |      |        | add_ln39_148  | add       | fabric   | 0       |
|   grp_fu_13402_p2                           |      |        | add_ln39_151  | add       | fabric   | 0       |
|   grp_fu_13414_p2                           |      |        | add_ln39_152  | add       | fabric   | 0       |
|   mul_32s_32s_32_1_1_U39                    | 3    |        | mul_ln39_160  | mul       | auto     | 0       |
|   mul_32s_32s_32_1_1_U40                    | 3    |        | mul_ln39_161  | mul       | auto     | 0       |
|   mul_32s_32s_32_1_1_U41                    | 3    |        | mul_ln39_162  | mul       | auto     | 0       |
|   mul_32s_32s_32_1_1_U39                    | 3    |        | mul_ln39_163  | mul       | auto     | 0       |
|   mul_32s_32s_32_1_1_U40                    | 3    |        | mul_ln39_164  | mul       | auto     | 0       |
|   mul_32s_32s_32_1_1_U41                    | 3    |        | mul_ln39_165  | mul       | auto     | 0       |
|   mul_32s_32s_32_1_1_U42                    | 3    |        | mul_ln39_166  | mul       | auto     | 0       |
|   mul_32s_32s_32_1_1_U43                    | 3    |        | mul_ln39_167  | mul       | auto     | 0       |
|   mul_32s_32s_32_1_1_U44                    | 3    |        | mul_ln39_168  | mul       | auto     | 0       |
|   mul_32s_32s_32_1_1_U45                    | 3    |        | mul_ln39_169  | mul       | auto     | 0       |
|   mul_32s_32s_32_1_1_U46                    | 3    |        | mul_ln39_170  | mul       | auto     | 0       |
|   mul_32s_32s_32_1_1_U47                    | 3    |        | mul_ln39_171  | mul       | auto     | 0       |
|   mul_32s_32s_32_1_1_U48                    | 3    |        | mul_ln39_172  | mul       | auto     | 0       |
|   mul_32s_32s_32_1_1_U42                    | 3    |        | mul_ln39_173  | mul       | auto     | 0       |
|   mul_32s_32s_32_1_1_U43                    | 3    |        | mul_ln39_174  | mul       | auto     | 0       |
|   mul_32s_32s_32_1_1_U44                    | 3    |        | mul_ln39_175  | mul       | auto     | 0       |
|   grp_fu_13102_p2                           |      |        | add_ln39_161  | add       | fabric   | 0       |
|   grp_fu_13258_p2                           |      |        | add_ln39_164  | add       | fabric   | 0       |
|   grp_fu_13174_p2                           |      |        | add_ln39_167  | add       | fabric   | 0       |
|   grp_fu_13270_p2                           |      |        | add_ln39_168  | add       | fabric   | 0       |
|   mul_32s_32s_32_1_1_U39                    | 3    |        | mul_ln39_176  | mul       | auto     | 0       |
|   mul_32s_32s_32_1_1_U40                    | 3    |        | mul_ln39_177  | mul       | auto     | 0       |
|   mul_32s_32s_32_1_1_U41                    | 3    |        | mul_ln39_178  | mul       | auto     | 0       |
|   mul_32s_32s_32_1_1_U42                    | 3    |        | mul_ln39_179  | mul       | auto     | 0       |
|   mul_32s_32s_32_1_1_U43                    | 3    |        | mul_ln39_180  | mul       | auto     | 0       |
|   mul_32s_32s_32_1_1_U44                    | 3    |        | mul_ln39_181  | mul       | auto     | 0       |
|   mul_32s_32s_32_1_1_U45                    | 3    |        | mul_ln39_182  | mul       | auto     | 0       |
|   mul_32s_32s_32_1_1_U46                    | 3    |        | mul_ln39_183  | mul       | auto     | 0       |
|   mul_32s_32s_32_1_1_U47                    | 3    |        | mul_ln39_184  | mul       | auto     | 0       |
|   mul_32s_32s_32_1_1_U48                    | 3    |        | mul_ln39_185  | mul       | auto     | 0       |
|   mul_32s_32s_32_1_1_U49                    | 3    |        | mul_ln39_186  | mul       | auto     | 0       |
|   mul_32s_32s_32_1_1_U86                    | 3    |        | mul_ln39_187  | mul       | auto     | 0       |
|   mul_32s_32s_32_1_1_U87                    | 3    |        | mul_ln39_188  | mul       | auto     | 0       |
|   mul_32s_32s_32_1_1_U88                    | 3    |        | mul_ln39_189  | mul       | auto     | 0       |
|   mul_32s_32s_32_1_1_U89                    | 3    |        | mul_ln39_190  | mul       | auto     | 0       |
|   mul_32s_32s_32_1_1_U90                    | 3    |        | mul_ln39_191  | mul       | auto     | 0       |
|   grp_fu_13102_p2                           |      |        | add_ln39_177  | add       | fabric   | 0       |
|   grp_fu_13126_p2                           |      |        | add_ln39_180  | add       | fabric   | 0       |
|   grp_fu_13138_p2                           |      |        | add_ln39_183  | add       | fabric   | 0       |
|   grp_fu_13144_p2                           |      |        | add_ln39_184  | add       | fabric   | 0       |
|   mul_32s_32s_32_1_1_U91                    | 3    |        | mul_ln39_192  | mul       | auto     | 0       |
|   mul_32s_32s_32_1_1_U92                    | 3    |        | mul_ln39_193  | mul       | auto     | 0       |
|   mul_32s_32s_32_1_1_U93                    | 3    |        | mul_ln39_194  | mul       | auto     | 0       |
|   mul_32s_32s_32_1_1_U94                    | 3    |        | mul_ln39_195  | mul       | auto     | 0       |
|   mul_32s_32s_32_1_1_U95                    | 3    |        | mul_ln39_196  | mul       | auto     | 0       |
|   mul_32s_32s_32_1_1_U96                    | 3    |        | mul_ln39_197  | mul       | auto     | 0       |
|   mul_32s_32s_32_1_1_U97                    | 3    |        | mul_ln39_198  | mul       | auto     | 0       |
|   mul_32s_32s_32_1_1_U98                    | 3    |        | mul_ln39_199  | mul       | auto     | 0       |
|   mul_32s_32s_32_1_1_U99                    | 3    |        | mul_ln39_200  | mul       | auto     | 0       |
|   mul_32s_32s_32_1_1_U100                   | 3    |        | mul_ln39_201  | mul       | auto     | 0       |
|   mul_32s_32s_32_1_1_U101                   | 3    |        | mul_ln39_202  | mul       | auto     | 0       |
|   mul_32s_32s_32_1_1_U102                   | 3    |        | mul_ln39_203  | mul       | auto     | 0       |
|   mul_32s_32s_32_1_1_U103                   | 3    |        | mul_ln39_204  | mul       | auto     | 0       |
|   mul_32s_32s_32_1_1_U102                   | 3    |        | mul_ln39_205  | mul       | auto     | 0       |
|   mul_32s_32s_32_1_1_U103                   | 3    |        | mul_ln39_206  | mul       | auto     | 0       |
|   mul_32s_32s_32_1_1_U104                   | 3    |        | mul_ln39_207  | mul       | auto     | 0       |
|   grp_fu_13774_p2                           |      |        | add_ln39_193  | add       | fabric   | 0       |
|   grp_fu_13792_p2                           |      |        | add_ln39_196  | add       | fabric   | 0       |
|   grp_fu_14584_p2                           |      |        | add_ln39_199  | add       | fabric   | 0       |
|   grp_fu_13924_p2                           |      |        | add_ln39_200  | add       | fabric   | 0       |
|   mul_32s_32s_32_1_1_U104                   | 3    |        | mul_ln39_208  | mul       | auto     | 0       |
|   mul_32s_32s_32_1_1_U105                   | 3    |        | mul_ln39_209  | mul       | auto     | 0       |
|   mul_32s_32s_32_1_1_U106                   | 3    |        | mul_ln39_210  | mul       | auto     | 0       |
|   mul_32s_32s_32_1_1_U50                    | 3    |        | mul_ln39_211  | mul       | auto     | 0       |
|   mul_32s_32s_32_1_1_U51                    | 3    |        | mul_ln39_212  | mul       | auto     | 0       |
|   mul_32s_32s_32_1_1_U107                   | 3    |        | mul_ln39_213  | mul       | auto     | 0       |
|   mul_32s_32s_32_1_1_U108                   | 3    |        | mul_ln39_214  | mul       | auto     | 0       |
|   mul_32s_32s_32_1_1_U109                   | 3    |        | mul_ln39_215  | mul       | auto     | 0       |
|   mul_32s_32s_32_1_1_U110                   | 3    |        | mul_ln39_216  | mul       | auto     | 0       |
|   mul_32s_32s_32_1_1_U111                   | 3    |        | mul_ln39_217  | mul       | auto     | 0       |
|   mul_32s_32s_32_1_1_U112                   | 3    |        | mul_ln39_218  | mul       | auto     | 0       |
|   mul_32s_32s_32_1_1_U113                   | 3    |        | mul_ln39_219  | mul       | auto     | 0       |
|   mul_32s_32s_32_1_1_U114                   | 3    |        | mul_ln39_220  | mul       | auto     | 0       |
|   mul_32s_32s_32_1_1_U115                   | 3    |        | mul_ln39_221  | mul       | auto     | 0       |
|   mul_32s_32s_32_1_1_U116                   | 3    |        | mul_ln39_222  | mul       | auto     | 0       |
|   mul_32s_32s_32_1_1_U117                   | 3    |        | mul_ln39_223  | mul       | auto     | 0       |
|   grp_fu_14086_p2                           |      |        | add_ln39_209  | add       | fabric   | 0       |
|   grp_fu_14092_p2                           |      |        | add_ln39_212  | add       | fabric   | 0       |
|   grp_fu_14098_p2                           |      |        | add_ln39_215  | add       | fabric   | 0       |
|   grp_fu_14176_p2                           |      |        | add_ln39_216  | add       | fabric   | 0       |
|   mul_32s_32s_32_1_1_U39                    | 3    |        | mul_ln39_224  | mul       | auto     | 0       |
|   mul_32s_32s_32_1_1_U40                    | 3    |        | mul_ln39_225  | mul       | auto     | 0       |
|   mul_32s_32s_32_1_1_U41                    | 3    |        | mul_ln39_226  | mul       | auto     | 0       |
|   mul_32s_32s_32_1_1_U39                    | 3    |        | mul_ln39_227  | mul       | auto     | 0       |
|   mul_32s_32s_32_1_1_U40                    | 3    |        | mul_ln39_228  | mul       | auto     | 0       |
|   mul_32s_32s_32_1_1_U42                    | 3    |        | mul_ln39_229  | mul       | auto     | 0       |
|   mul_32s_32s_32_1_1_U43                    | 3    |        | mul_ln39_230  | mul       | auto     | 0       |
|   mul_32s_32s_32_1_1_U44                    | 3    |        | mul_ln39_231  | mul       | auto     | 0       |
|   mul_32s_32s_32_1_1_U45                    | 3    |        | mul_ln39_232  | mul       | auto     | 0       |
|   mul_32s_32s_32_1_1_U46                    | 3    |        | mul_ln39_233  | mul       | auto     | 0       |
|   mul_32s_32s_32_1_1_U47                    | 3    |        | mul_ln39_234  | mul       | auto     | 0       |
|   mul_32s_32s_32_1_1_U48                    | 3    |        | mul_ln39_235  | mul       | auto     | 0       |
|   mul_32s_32s_32_1_1_U49                    | 3    |        | mul_ln39_236  | mul       | auto     | 0       |
|   mul_32s_32s_32_1_1_U50                    | 3    |        | mul_ln39_237  | mul       | auto     | 0       |
|   mul_32s_32s_32_1_1_U51                    | 3    |        | mul_ln39_238  | mul       | auto     | 0       |
|   mul_32s_32s_32_1_1_U52                    | 3    |        | mul_ln39_239  | mul       | auto     | 0       |
|   grp_fu_13102_p2                           |      |        | add_ln39_225  | add       | fabric   | 0       |
|   grp_fu_15094_p2                           |      |        | add_ln39_228  | add       | fabric   | 0       |
|   grp_fu_13126_p2                           |      |        | add_ln39_231  | add       | fabric   | 0       |
|   grp_fu_13138_p2                           |      |        | add_ln39_232  | add       | fabric   | 0       |
|   mul_32s_32s_32_1_1_U41                    | 3    |        | mul_ln39_240  | mul       | auto     | 0       |
|   mul_32s_32s_32_1_1_U42                    | 3    |        | mul_ln39_241  | mul       | auto     | 0       |
|   mul_32s_32s_32_1_1_U43                    | 3    |        | mul_ln39_242  | mul       | auto     | 0       |
|   mul_32s_32s_32_1_1_U44                    | 3    |        | mul_ln39_243  | mul       | auto     | 0       |
|   mul_32s_32s_32_1_1_U45                    | 3    |        | mul_ln39_244  | mul       | auto     | 0       |
|   mul_32s_32s_32_1_1_U46                    | 3    |        | mul_ln39_245  | mul       | auto     | 0       |
|   mul_32s_32s_32_1_1_U47                    | 3    |        | mul_ln39_246  | mul       | auto     | 0       |
|   mul_32s_32s_32_1_1_U48                    | 3    |        | mul_ln39_247  | mul       | auto     | 0       |
|   mul_32s_32s_32_1_1_U39                    | 3    |        | mul_ln39_248  | mul       | auto     | 0       |
|   mul_32s_32s_32_1_1_U40                    | 3    |        | mul_ln39_249  | mul       | auto     | 0       |
|   mul_32s_32s_32_1_1_U41                    | 3    |        | mul_ln39_250  | mul       | auto     | 0       |
|   mul_32s_32s_32_1_1_U42                    | 3    |        | mul_ln39_251  | mul       | auto     | 0       |
|   mul_32s_32s_32_1_1_U43                    | 3    |        | mul_ln39_252  | mul       | auto     | 0       |
|   mul_32s_32s_32_1_1_U44                    | 3    |        | mul_ln39_253  | mul       | auto     | 0       |
|   mul_32s_32s_32_1_1_U45                    | 3    |        | mul_ln39_254  | mul       | auto     | 0       |
|   mul_32s_32s_32_1_1_U46                    | 3    |        | mul_ln39_255  | mul       | auto     | 0       |
|   grp_fu_15094_p2                           |      |        | add_ln39_241  | add       | fabric   | 0       |
|   grp_fu_13138_p2                           |      |        | add_ln39_244  | add       | fabric   | 0       |
|   add_ln39_247_fu_32172_p2                  |      |        | add_ln39_247  | add       | fabric   | 0       |
|   grp_fu_13102_p2                           |      |        | add_ln39_248  | add       | fabric   | 0       |
|   mul_32s_32s_32_1_1_U39                    | 3    |        | mul_ln39_256  | mul       | auto     | 0       |
|   mul_32s_32s_32_1_1_U40                    | 3    |        | mul_ln39_257  | mul       | auto     | 0       |
|   mul_32s_32s_32_1_1_U41                    | 3    |        | mul_ln39_258  | mul       | auto     | 0       |
|   mul_32s_32s_32_1_1_U42                    | 3    |        | mul_ln39_259  | mul       | auto     | 0       |
|   mul_32s_32s_32_1_1_U43                    | 3    |        | mul_ln39_260  | mul       | auto     | 0       |
|   mul_32s_32s_32_1_1_U44                    | 3    |        | mul_ln39_261  | mul       | auto     | 0       |
|   mul_32s_32s_32_1_1_U45                    | 3    |        | mul_ln39_262  | mul       | auto     | 0       |
|   mul_32s_32s_32_1_1_U46                    | 3    |        | mul_ln39_263  | mul       | auto     | 0       |
|   mul_32s_32s_32_1_1_U47                    | 3    |        | mul_ln39_264  | mul       | auto     | 0       |
|   mul_32s_32s_32_1_1_U48                    | 3    |        | mul_ln39_265  | mul       | auto     | 0       |
|   mul_32s_32s_32_1_1_U49                    | 3    |        | mul_ln39_266  | mul       | auto     | 0       |
|   mul_32s_32s_32_1_1_U50                    | 3    |        | mul_ln39_267  | mul       | auto     | 0       |
|   mul_32s_32s_32_1_1_U51                    | 3    |        | mul_ln39_268  | mul       | auto     | 0       |
|   mul_32s_32s_32_1_1_U42                    | 3    |        | mul_ln39_269  | mul       | auto     | 0       |
|   mul_32s_32s_32_1_1_U43                    | 3    |        | mul_ln39_270  | mul       | auto     | 0       |
|   mul_32s_32s_32_1_1_U44                    | 3    |        | mul_ln39_271  | mul       | auto     | 0       |
|   grp_fu_13102_p2                           |      |        | add_ln39_257  | add       | fabric   | 0       |
|   grp_fu_13126_p2                           |      |        | add_ln39_260  | add       | fabric   | 0       |
|   grp_fu_13138_p2                           |      |        | add_ln39_263  | add       | fabric   | 0       |
|   grp_fu_13144_p2                           |      |        | add_ln39_264  | add       | fabric   | 0       |
|   mul_32s_32s_32_1_1_U52                    | 3    |        | mul_ln39_272  | mul       | auto     | 0       |
|   mul_32s_32s_32_1_1_U53                    | 3    |        | mul_ln39_273  | mul       | auto     | 0       |
|   mul_32s_32s_32_1_1_U54                    | 3    |        | mul_ln39_274  | mul       | auto     | 0       |
|   mul_32s_32s_32_1_1_U55                    | 3    |        | mul_ln39_275  | mul       | auto     | 0       |
|   mul_32s_32s_32_1_1_U56                    | 3    |        | mul_ln39_276  | mul       | auto     | 0       |
|   mul_32s_32s_32_1_1_U57                    | 3    |        | mul_ln39_277  | mul       | auto     | 0       |
|   mul_32s_32s_32_1_1_U58                    | 3    |        | mul_ln39_278  | mul       | auto     | 0       |
|   mul_32s_32s_32_1_1_U59                    | 3    |        | mul_ln39_279  | mul       | auto     | 0       |
|   mul_32s_32s_32_1_1_U60                    | 3    |        | mul_ln39_280  | mul       | auto     | 0       |
|   mul_32s_32s_32_1_1_U61                    | 3    |        | mul_ln39_281  | mul       | auto     | 0       |
|   mul_32s_32s_32_1_1_U62                    | 3    |        | mul_ln39_282  | mul       | auto     | 0       |
|   mul_32s_32s_32_1_1_U63                    | 3    |        | mul_ln39_283  | mul       | auto     | 0       |
|   mul_32s_32s_32_1_1_U64                    | 3    |        | mul_ln39_284  | mul       | auto     | 0       |
|   mul_32s_32s_32_1_1_U118                   | 3    |        | mul_ln39_285  | mul       | auto     | 0       |
|   mul_32s_32s_32_1_1_U119                   | 3    |        | mul_ln39_286  | mul       | auto     | 0       |
|   mul_32s_32s_32_1_1_U120                   | 3    |        | mul_ln39_287  | mul       | auto     | 0       |
|   grp_fu_13492_p2                           |      |        | add_ln39_273  | add       | fabric   | 0       |
|   grp_fu_13498_p2                           |      |        | add_ln39_276  | add       | fabric   | 0       |
|   grp_fu_13510_p2                           |      |        | add_ln39_279  | add       | fabric   | 0       |
|   grp_fu_13516_p2                           |      |        | add_ln39_280  | add       | fabric   | 0       |
|   mul_32s_32s_32_1_1_U121                   | 3    |        | mul_ln39_288  | mul       | auto     | 0       |
|   mul_32s_32s_32_1_1_U122                   | 3    |        | mul_ln39_289  | mul       | auto     | 0       |
|   mul_32s_32s_32_1_1_U123                   | 3    |        | mul_ln39_290  | mul       | auto     | 0       |
|   mul_32s_32s_32_1_1_U124                   | 3    |        | mul_ln39_291  | mul       | auto     | 0       |
|   mul_32s_32s_32_1_1_U125                   | 3    |        | mul_ln39_292  | mul       | auto     | 0       |
|   mul_32s_32s_32_1_1_U126                   | 3    |        | mul_ln39_293  | mul       | auto     | 0       |
|   mul_32s_32s_32_1_1_U127                   | 3    |        | mul_ln39_294  | mul       | auto     | 0       |
|   mul_32s_32s_32_1_1_U128                   | 3    |        | mul_ln39_295  | mul       | auto     | 0       |
|   mul_32s_32s_32_1_1_U129                   | 3    |        | mul_ln39_296  | mul       | auto     | 0       |
|   mul_32s_32s_32_1_1_U130                   | 3    |        | mul_ln39_297  | mul       | auto     | 0       |
|   mul_32s_32s_32_1_1_U131                   | 3    |        | mul_ln39_298  | mul       | auto     | 0       |
|   mul_32s_32s_32_1_1_U132                   | 3    |        | mul_ln39_299  | mul       | auto     | 0       |
|   mul_32s_32s_32_1_1_U133                   | 3    |        | mul_ln39_300  | mul       | auto     | 0       |
|   mul_32s_32s_32_1_1_U105                   | 3    |        | mul_ln39_301  | mul       | auto     | 0       |
|   mul_32s_32s_32_1_1_U106                   | 3    |        | mul_ln39_302  | mul       | auto     | 0       |
|   mul_32s_32s_32_1_1_U107                   | 3    |        | mul_ln39_303  | mul       | auto     | 0       |
|   grp_fu_14338_p2                           |      |        | add_ln39_289  | add       | fabric   | 0       |
|   grp_fu_13978_p2                           |      |        | add_ln39_292  | add       | fabric   | 0       |
|   grp_fu_13984_p2                           |      |        | add_ln39_295  | add       | fabric   | 0       |
|   grp_fu_14350_p2                           |      |        | add_ln39_296  | add       | fabric   | 0       |
|   mul_32s_32s_32_1_1_U42                    | 3    |        | mul_ln39_304  | mul       | auto     | 0       |
|   mul_32s_32s_32_1_1_U43                    | 3    |        | mul_ln39_305  | mul       | auto     | 0       |
|   mul_32s_32s_32_1_1_U44                    | 3    |        | mul_ln39_306  | mul       | auto     | 0       |
|   mul_32s_32s_32_1_1_U39                    | 3    |        | mul_ln39_307  | mul       | auto     | 0       |
|   mul_32s_32s_32_1_1_U40                    | 3    |        | mul_ln39_308  | mul       | auto     | 0       |
|   mul_32s_32s_32_1_1_U41                    | 3    |        | mul_ln39_309  | mul       | auto     | 0       |
|   mul_32s_32s_32_1_1_U42                    | 3    |        | mul_ln39_310  | mul       | auto     | 0       |
|   mul_32s_32s_32_1_1_U43                    | 3    |        | mul_ln39_311  | mul       | auto     | 0       |
|   mul_32s_32s_32_1_1_U44                    | 3    |        | mul_ln39_312  | mul       | auto     | 0       |
|   mul_32s_32s_32_1_1_U45                    | 3    |        | mul_ln39_313  | mul       | auto     | 0       |
|   mul_32s_32s_32_1_1_U46                    | 3    |        | mul_ln39_314  | mul       | auto     | 0       |
|   mul_32s_32s_32_1_1_U47                    | 3    |        | mul_ln39_315  | mul       | auto     | 0       |
|   mul_32s_32s_32_1_1_U48                    | 3    |        | mul_ln39_316  | mul       | auto     | 0       |
|   mul_32s_32s_32_1_1_U45                    | 3    |        | mul_ln39_317  | mul       | auto     | 0       |
|   mul_32s_32s_32_1_1_U46                    | 3    |        | mul_ln39_318  | mul       | auto     | 0       |
|   mul_32s_32s_32_1_1_U47                    | 3    |        | mul_ln39_319  | mul       | auto     | 0       |
|   grp_fu_13342_p2                           |      |        | add_ln39_305  | add       | fabric   | 0       |
|   grp_fu_13258_p2                           |      |        | add_ln39_308  | add       | fabric   | 0       |
|   grp_fu_13174_p2                           |      |        | add_ln39_311  | add       | fabric   | 0       |
|   grp_fu_13270_p2                           |      |        | add_ln39_312  | add       | fabric   | 0       |
|   mul_32s_32s_32_1_1_U39                    | 3    |        | mul_ln39_320  | mul       | auto     | 0       |
|   mul_32s_32s_32_1_1_U40                    | 3    |        | mul_ln39_321  | mul       | auto     | 0       |
|   mul_32s_32s_32_1_1_U41                    | 3    |        | mul_ln39_322  | mul       | auto     | 0       |
|   mul_32s_32s_32_1_1_U42                    | 3    |        | mul_ln39_323  | mul       | auto     | 0       |
|   mul_32s_32s_32_1_1_U43                    | 3    |        | mul_ln39_324  | mul       | auto     | 0       |
|   mul_32s_32s_32_1_1_U44                    | 3    |        | mul_ln39_325  | mul       | auto     | 0       |
|   mul_32s_32s_32_1_1_U45                    | 3    |        | mul_ln39_326  | mul       | auto     | 0       |
|   mul_32s_32s_32_1_1_U46                    | 3    |        | mul_ln39_327  | mul       | auto     | 0       |
|   mul_32s_32s_32_1_1_U47                    | 3    |        | mul_ln39_328  | mul       | auto     | 0       |
|   mul_32s_32s_32_1_1_U48                    | 3    |        | mul_ln39_329  | mul       | auto     | 0       |
|   mul_32s_32s_32_1_1_U49                    | 3    |        | mul_ln39_330  | mul       | auto     | 0       |
|   mul_32s_32s_32_1_1_U50                    | 3    |        | mul_ln39_331  | mul       | auto     | 0       |
|   mul_32s_32s_32_1_1_U51                    | 3    |        | mul_ln39_332  | mul       | auto     | 0       |
|   mul_32s_32s_32_1_1_U39                    | 3    |        | mul_ln39_333  | mul       | auto     | 0       |
|   mul_32s_32s_32_1_1_U40                    | 3    |        | mul_ln39_334  | mul       | auto     | 0       |
|   mul_32s_32s_32_1_1_U41                    | 3    |        | mul_ln39_335  | mul       | auto     | 0       |
|   grp_fu_13234_p2                           |      |        | add_ln39_321  | add       | fabric   | 0       |
|   grp_fu_13126_p2                           |      |        | add_ln39_324  | add       | fabric   | 0       |
|   grp_fu_13138_p2                           |      |        | add_ln39_327  | add       | fabric   | 0       |
|   grp_fu_13144_p2                           |      |        | add_ln39_328  | add       | fabric   | 0       |
|   mul_32s_32s_32_1_1_U65                    | 3    |        | mul_ln39_336  | mul       | auto     | 0       |
|   mul_32s_32s_32_1_1_U66                    | 3    |        | mul_ln39_337  | mul       | auto     | 0       |
|   mul_32s_32s_32_1_1_U67                    | 3    |        | mul_ln39_338  | mul       | auto     | 0       |
|   mul_32s_32s_32_1_1_U68                    | 3    |        | mul_ln39_339  | mul       | auto     | 0       |
|   mul_32s_32s_32_1_1_U69                    | 3    |        | mul_ln39_340  | mul       | auto     | 0       |
|   mul_32s_32s_32_1_1_U70                    | 3    |        | mul_ln39_341  | mul       | auto     | 0       |
|   mul_32s_32s_32_1_1_U71                    | 3    |        | mul_ln39_342  | mul       | auto     | 0       |
|   mul_32s_32s_32_1_1_U72                    | 3    |        | mul_ln39_343  | mul       | auto     | 0       |
|   mul_32s_32s_32_1_1_U73                    | 3    |        | mul_ln39_344  | mul       | auto     | 0       |
|   mul_32s_32s_32_1_1_U74                    | 3    |        | mul_ln39_345  | mul       | auto     | 0       |
|   mul_32s_32s_32_1_1_U75                    | 3    |        | mul_ln39_346  | mul       | auto     | 0       |
|   mul_32s_32s_32_1_1_U76                    | 3    |        | mul_ln39_347  | mul       | auto     | 0       |
|   mul_32s_32s_32_1_1_U77                    | 3    |        | mul_ln39_348  | mul       | auto     | 0       |
|   mul_32s_32s_32_1_1_U134                   | 3    |        | mul_ln39_349  | mul       | auto     | 0       |
|   mul_32s_32s_32_1_1_U135                   | 3    |        | mul_ln39_350  | mul       | auto     | 0       |
|   mul_32s_32s_32_1_1_U136                   | 3    |        | mul_ln39_351  | mul       | auto     | 0       |
|   grp_fu_13534_p2                           |      |        | add_ln39_337  | add       | fabric   | 0       |
|   grp_fu_13546_p2                           |      |        | add_ln39_340  | add       | fabric   | 0       |
|   grp_fu_13558_p2                           |      |        | add_ln39_343  | add       | fabric   | 0       |
|   grp_fu_13564_p2                           |      |        | add_ln39_344  | add       | fabric   | 0       |
|   mul_32s_32s_32_1_1_U39                    | 3    |        | mul_ln39_352  | mul       | auto     | 0       |
|   mul_32s_32s_32_1_1_U40                    | 3    |        | mul_ln39_353  | mul       | auto     | 0       |
|   mul_32s_32s_32_1_1_U41                    | 3    |        | mul_ln39_354  | mul       | auto     | 0       |
|   mul_32s_32s_32_1_1_U42                    | 3    |        | mul_ln39_355  | mul       | auto     | 0       |
|   mul_32s_32s_32_1_1_U43                    | 3    |        | mul_ln39_356  | mul       | auto     | 0       |
|   mul_32s_32s_32_1_1_U44                    | 3    |        | mul_ln39_357  | mul       | auto     | 0       |
|   mul_32s_32s_32_1_1_U45                    | 3    |        | mul_ln39_358  | mul       | auto     | 0       |
|   mul_32s_32s_32_1_1_U46                    | 3    |        | mul_ln39_359  | mul       | auto     | 0       |
|   mul_32s_32s_32_1_1_U47                    | 3    |        | mul_ln39_360  | mul       | auto     | 0       |
|   mul_32s_32s_32_1_1_U48                    | 3    |        | mul_ln39_361  | mul       | auto     | 0       |
|   mul_32s_32s_32_1_1_U49                    | 3    |        | mul_ln39_362  | mul       | auto     | 0       |
|   mul_32s_32s_32_1_1_U50                    | 3    |        | mul_ln39_363  | mul       | auto     | 0       |
|   mul_32s_32s_32_1_1_U51                    | 3    |        | mul_ln39_364  | mul       | auto     | 0       |
|   mul_32s_32s_32_1_1_U39                    | 3    |        | mul_ln39_365  | mul       | auto     | 0       |
|   mul_32s_32s_32_1_1_U40                    | 3    |        | mul_ln39_366  | mul       | auto     | 0       |
|   mul_32s_32s_32_1_1_U41                    | 3    |        | mul_ln39_367  | mul       | auto     | 0       |
|   grp_fu_13234_p2                           |      |        | add_ln39_353  | add       | fabric   | 0       |
|   grp_fu_13126_p2                           |      |        | add_ln39_356  | add       | fabric   | 0       |
|   grp_fu_13138_p2                           |      |        | add_ln39_359  | add       | fabric   | 0       |
|   grp_fu_13144_p2                           |      |        | add_ln39_360  | add       | fabric   | 0       |
|   mul_32s_32s_32_1_1_U52                    | 3    |        | mul_ln39_368  | mul       | auto     | 0       |
|   mul_32s_32s_32_1_1_U53                    | 3    |        | mul_ln39_369  | mul       | auto     | 0       |
|   mul_32s_32s_32_1_1_U54                    | 3    |        | mul_ln39_370  | mul       | auto     | 0       |
|   mul_32s_32s_32_1_1_U55                    | 3    |        | mul_ln39_371  | mul       | auto     | 0       |
|   mul_32s_32s_32_1_1_U56                    | 3    |        | mul_ln39_372  | mul       | auto     | 0       |
|   mul_32s_32s_32_1_1_U57                    | 3    |        | mul_ln39_373  | mul       | auto     | 0       |
|   mul_32s_32s_32_1_1_U58                    | 3    |        | mul_ln39_374  | mul       | auto     | 0       |
|   mul_32s_32s_32_1_1_U59                    | 3    |        | mul_ln39_375  | mul       | auto     | 0       |
|   mul_32s_32s_32_1_1_U60                    | 3    |        | mul_ln39_376  | mul       | auto     | 0       |
|   mul_32s_32s_32_1_1_U61                    | 3    |        | mul_ln39_377  | mul       | auto     | 0       |
|   mul_32s_32s_32_1_1_U62                    | 3    |        | mul_ln39_378  | mul       | auto     | 0       |
|   mul_32s_32s_32_1_1_U63                    | 3    |        | mul_ln39_379  | mul       | auto     | 0       |
|   mul_32s_32s_32_1_1_U64                    | 3    |        | mul_ln39_380  | mul       | auto     | 0       |
|   mul_32s_32s_32_1_1_U42                    | 3    |        | mul_ln39_381  | mul       | auto     | 0       |
|   mul_32s_32s_32_1_1_U43                    | 3    |        | mul_ln39_382  | mul       | auto     | 0       |
|   mul_32s_32s_32_1_1_U44                    | 3    |        | mul_ln39_383  | mul       | auto     | 0       |
|   grp_fu_13492_p2                           |      |        | add_ln39_369  | add       | fabric   | 0       |
|   grp_fu_13498_p2                           |      |        | add_ln39_372  | add       | fabric   | 0       |
|   grp_fu_13510_p2                           |      |        | add_ln39_375  | add       | fabric   | 0       |
|   grp_fu_13516_p2                           |      |        | add_ln39_376  | add       | fabric   | 0       |
|   mul_32s_32s_32_1_1_U39                    | 3    |        | mul_ln39_384  | mul       | auto     | 0       |
|   mul_32s_32s_32_1_1_U40                    | 3    |        | mul_ln39_385  | mul       | auto     | 0       |
|   mul_32s_32s_32_1_1_U41                    | 3    |        | mul_ln39_386  | mul       | auto     | 0       |
|   mul_32s_32s_32_1_1_U42                    | 3    |        | mul_ln39_387  | mul       | auto     | 0       |
|   mul_32s_32s_32_1_1_U43                    | 3    |        | mul_ln39_388  | mul       | auto     | 0       |
|   mul_32s_32s_32_1_1_U44                    | 3    |        | mul_ln39_389  | mul       | auto     | 0       |
|   mul_32s_32s_32_1_1_U45                    | 3    |        | mul_ln39_390  | mul       | auto     | 0       |
|   mul_32s_32s_32_1_1_U46                    | 3    |        | mul_ln39_391  | mul       | auto     | 0       |
|   mul_32s_32s_32_1_1_U47                    | 3    |        | mul_ln39_392  | mul       | auto     | 0       |
|   mul_32s_32s_32_1_1_U48                    | 3    |        | mul_ln39_393  | mul       | auto     | 0       |
|   mul_32s_32s_32_1_1_U49                    | 3    |        | mul_ln39_394  | mul       | auto     | 0       |
|   mul_32s_32s_32_1_1_U50                    | 3    |        | mul_ln39_395  | mul       | auto     | 0       |
|   mul_32s_32s_32_1_1_U51                    | 3    |        | mul_ln39_396  | mul       | auto     | 0       |
|   mul_32s_32s_32_1_1_U39                    | 3    |        | mul_ln39_397  | mul       | auto     | 0       |
|   mul_32s_32s_32_1_1_U40                    | 3    |        | mul_ln39_398  | mul       | auto     | 0       |
|   mul_32s_32s_32_1_1_U41                    | 3    |        | mul_ln39_399  | mul       | auto     | 0       |
|   grp_fu_13234_p2                           |      |        | add_ln39_385  | add       | fabric   | 0       |
|   grp_fu_13126_p2                           |      |        | add_ln39_388  | add       | fabric   | 0       |
|   grp_fu_13138_p2                           |      |        | add_ln39_391  | add       | fabric   | 0       |
|   grp_fu_13144_p2                           |      |        | add_ln39_392  | add       | fabric   | 0       |
|   mul_32s_32s_32_1_1_U78                    | 3    |        | mul_ln39_400  | mul       | auto     | 0       |
|   mul_32s_32s_32_1_1_U79                    | 3    |        | mul_ln39_401  | mul       | auto     | 0       |
|   mul_32s_32s_32_1_1_U80                    | 3    |        | mul_ln39_402  | mul       | auto     | 0       |
|   mul_32s_32s_32_1_1_U81                    | 3    |        | mul_ln39_403  | mul       | auto     | 0       |
|   mul_32s_32s_32_1_1_U82                    | 3    |        | mul_ln39_404  | mul       | auto     | 0       |
|   mul_32s_32s_32_1_1_U83                    | 3    |        | mul_ln39_405  | mul       | auto     | 0       |
|   mul_32s_32s_32_1_1_U84                    | 3    |        | mul_ln39_406  | mul       | auto     | 0       |
|   mul_32s_32s_32_1_1_U85                    | 3    |        | mul_ln39_407  | mul       | auto     | 0       |
|   mul_32s_32s_32_1_1_U86                    | 3    |        | mul_ln39_408  | mul       | auto     | 0       |
|   mul_32s_32s_32_1_1_U87                    | 3    |        | mul_ln39_409  | mul       | auto     | 0       |
|   mul_32s_32s_32_1_1_U88                    | 3    |        | mul_ln39_410  | mul       | auto     | 0       |
|   mul_32s_32s_32_1_1_U89                    | 3    |        | mul_ln39_411  | mul       | auto     | 0       |
|   mul_32s_32s_32_1_1_U90                    | 3    |        | mul_ln39_412  | mul       | auto     | 0       |
|   mul_32s_32s_32_1_1_U137                   | 3    |        | mul_ln39_413  | mul       | auto     | 0       |
|   mul_32s_32s_32_1_1_U138                   | 3    |        | mul_ln39_414  | mul       | auto     | 0       |
|   mul_32s_32s_32_1_1_U139                   | 3    |        | mul_ln39_415  | mul       | auto     | 0       |
|   grp_fu_13582_p2                           |      |        | add_ln39_401  | add       | fabric   | 0       |
|   grp_fu_13594_p2                           |      |        | add_ln39_404  | add       | fabric   | 0       |
|   grp_fu_13606_p2                           |      |        | add_ln39_407  | add       | fabric   | 0       |
|   grp_fu_13612_p2                           |      |        | add_ln39_408  | add       | fabric   | 0       |
|   mul_32s_32s_32_1_1_U49                    | 3    |        | mul_ln39_416  | mul       | auto     | 0       |
|   mul_32s_32s_32_1_1_U50                    | 3    |        | mul_ln39_417  | mul       | auto     | 0       |
|   mul_32s_32s_32_1_1_U51                    | 3    |        | mul_ln39_418  | mul       | auto     | 0       |
|   mul_32s_32s_32_1_1_U52                    | 3    |        | mul_ln39_419  | mul       | auto     | 0       |
|   mul_32s_32s_32_1_1_U53                    | 3    |        | mul_ln39_420  | mul       | auto     | 0       |
|   mul_32s_32s_32_1_1_U54                    | 3    |        | mul_ln39_421  | mul       | auto     | 0       |
|   mul_32s_32s_32_1_1_U55                    | 3    |        | mul_ln39_422  | mul       | auto     | 0       |
|   mul_32s_32s_32_1_1_U56                    | 3    |        | mul_ln39_423  | mul       | auto     | 0       |
|   mul_32s_32s_32_1_1_U57                    | 3    |        | mul_ln39_424  | mul       | auto     | 0       |
|   mul_32s_32s_32_1_1_U58                    | 3    |        | mul_ln39_425  | mul       | auto     | 0       |
|   mul_32s_32s_32_1_1_U59                    | 3    |        | mul_ln39_426  | mul       | auto     | 0       |
|   mul_32s_32s_32_1_1_U60                    | 3    |        | mul_ln39_427  | mul       | auto     | 0       |
|   mul_32s_32s_32_1_1_U61                    | 3    |        | mul_ln39_428  | mul       | auto     | 0       |
|   mul_32s_32s_32_1_1_U45                    | 3    |        | mul_ln39_429  | mul       | auto     | 0       |
|   mul_32s_32s_32_1_1_U46                    | 3    |        | mul_ln39_430  | mul       | auto     | 0       |
|   mul_32s_32s_32_1_1_U47                    | 3    |        | mul_ln39_431  | mul       | auto     | 0       |
|   grp_fu_13378_p2                           |      |        | add_ln39_417  | add       | fabric   | 0       |
|   grp_fu_13198_p2                           |      |        | add_ln39_420  | add       | fabric   | 0       |
|   grp_fu_13210_p2                           |      |        | add_ln39_423  | add       | fabric   | 0       |
|   grp_fu_13216_p2                           |      |        | add_ln39_424  | add       | fabric   | 0       |
|   mul_32s_32s_32_1_1_U91                    | 3    |        | mul_ln39_432  | mul       | auto     | 0       |
|   mul_32s_32s_32_1_1_U92                    | 3    |        | mul_ln39_433  | mul       | auto     | 0       |
|   mul_32s_32s_32_1_1_U93                    | 3    |        | mul_ln39_434  | mul       | auto     | 0       |
|   mul_32s_32s_32_1_1_U94                    | 3    |        | mul_ln39_435  | mul       | auto     | 0       |
|   mul_32s_32s_32_1_1_U95                    | 3    |        | mul_ln39_436  | mul       | auto     | 0       |
|   mul_32s_32s_32_1_1_U96                    | 3    |        | mul_ln39_437  | mul       | auto     | 0       |
|   mul_32s_32s_32_1_1_U97                    | 3    |        | mul_ln39_438  | mul       | auto     | 0       |
|   mul_32s_32s_32_1_1_U98                    | 3    |        | mul_ln39_439  | mul       | auto     | 0       |
|   mul_32s_32s_32_1_1_U99                    | 3    |        | mul_ln39_440  | mul       | auto     | 0       |
|   mul_32s_32s_32_1_1_U100                   | 3    |        | mul_ln39_441  | mul       | auto     | 0       |
|   mul_32s_32s_32_1_1_U101                   | 3    |        | mul_ln39_442  | mul       | auto     | 0       |
|   mul_32s_32s_32_1_1_U140                   | 3    |        | mul_ln39_443  | mul       | auto     | 0       |
|   mul_32s_32s_32_1_1_U141                   | 3    |        | mul_ln39_444  | mul       | auto     | 0       |
|   mul_32s_32s_32_1_1_U142                   | 3    |        | mul_ln39_445  | mul       | auto     | 0       |
|   mul_32s_32s_32_1_1_U143                   | 3    |        | mul_ln39_446  | mul       | auto     | 0       |
|   mul_32s_32s_32_1_1_U144                   | 3    |        | mul_ln39_447  | mul       | auto     | 0       |
|   grp_fu_14968_p2                           |      |        | add_ln39_433  | add       | fabric   | 0       |
|   grp_fu_13792_p2                           |      |        | add_ln39_436  | add       | fabric   | 0       |
|   grp_fu_14584_p2                           |      |        | add_ln39_439  | add       | fabric   | 0       |
|   grp_fu_13924_p2                           |      |        | add_ln39_440  | add       | fabric   | 0       |
|   mul_32s_32s_32_1_1_U108                   | 3    |        | mul_ln39_448  | mul       | auto     | 0       |
|   mul_32s_32s_32_1_1_U109                   | 3    |        | mul_ln39_449  | mul       | auto     | 0       |
|   mul_32s_32s_32_1_1_U110                   | 3    |        | mul_ln39_450  | mul       | auto     | 0       |
|   mul_32s_32s_32_1_1_U111                   | 3    |        | mul_ln39_451  | mul       | auto     | 0       |
|   mul_32s_32s_32_1_1_U112                   | 3    |        | mul_ln39_452  | mul       | auto     | 0       |
|   mul_32s_32s_32_1_1_U113                   | 3    |        | mul_ln39_453  | mul       | auto     | 0       |
|   mul_32s_32s_32_1_1_U114                   | 3    |        | mul_ln39_454  | mul       | auto     | 0       |
|   mul_32s_32s_32_1_1_U115                   | 3    |        | mul_ln39_455  | mul       | auto     | 0       |
|   mul_32s_32s_32_1_1_U116                   | 3    |        | mul_ln39_456  | mul       | auto     | 0       |
|   mul_32s_32s_32_1_1_U117                   | 3    |        | mul_ln39_457  | mul       | auto     | 0       |
|   mul_32s_32s_32_1_1_U118                   | 3    |        | mul_ln39_458  | mul       | auto     | 0       |
|   mul_32s_32s_32_1_1_U119                   | 3    |        | mul_ln39_459  | mul       | auto     | 0       |
|   mul_32s_32s_32_1_1_U120                   | 3    |        | mul_ln39_460  | mul       | auto     | 0       |
|   mul_32s_32s_32_1_1_U51                    | 3    |        | mul_ln39_461  | mul       | auto     | 0       |
|   mul_32s_32s_32_1_1_U52                    | 3    |        | mul_ln39_462  | mul       | auto     | 0       |
|   mul_32s_32s_32_1_1_U53                    | 3    |        | mul_ln39_463  | mul       | auto     | 0       |
|   add_ln39_449_fu_19161_p2                  |      |        | add_ln39_449  | add       | fabric   | 0       |
|   grp_fu_14110_p2                           |      |        | add_ln39_452  | add       | fabric   | 0       |
|   grp_fu_13834_p2                           |      |        | add_ln39_455  | add       | fabric   | 0       |
|   grp_fu_13840_p2                           |      |        | add_ln39_456  | add       | fabric   | 0       |
|   mul_32s_32s_32_1_1_U102                   | 3    |        | mul_ln39_464  | mul       | auto     | 0       |
|   mul_32s_32s_32_1_1_U103                   | 3    |        | mul_ln39_465  | mul       | auto     | 0       |
|   mul_32s_32s_32_1_1_U104                   | 3    |        | mul_ln39_466  | mul       | auto     | 0       |
|   mul_32s_32s_32_1_1_U105                   | 3    |        | mul_ln39_467  | mul       | auto     | 0       |
|   mul_32s_32s_32_1_1_U106                   | 3    |        | mul_ln39_468  | mul       | auto     | 0       |
|   mul_32s_32s_32_1_1_U107                   | 3    |        | mul_ln39_469  | mul       | auto     | 0       |
|   mul_32s_32s_32_1_1_U108                   | 3    |        | mul_ln39_470  | mul       | auto     | 0       |
|   mul_32s_32s_32_1_1_U109                   | 3    |        | mul_ln39_471  | mul       | auto     | 0       |
|   mul_32s_32s_32_1_1_U110                   | 3    |        | mul_ln39_472  | mul       | auto     | 0       |
|   mul_32s_32s_32_1_1_U111                   | 3    |        | mul_ln39_473  | mul       | auto     | 0       |
|   mul_32s_32s_32_1_1_U112                   | 3    |        | mul_ln39_474  | mul       | auto     | 0       |
|   mul_32s_32s_32_1_1_U113                   | 3    |        | mul_ln39_475  | mul       | auto     | 0       |
|   mul_32s_32s_32_1_1_U114                   | 3    |        | mul_ln39_476  | mul       | auto     | 0       |
|   mul_32s_32s_32_1_1_U145                   | 3    |        | mul_ln39_477  | mul       | auto     | 0       |
|   mul_32s_32s_32_1_1_U146                   | 3    |        | mul_ln39_478  | mul       | auto     | 0       |
|   mul_32s_32s_32_1_1_U147                   | 3    |        | mul_ln39_479  | mul       | auto     | 0       |
|   add_ln39_465_fu_22319_p2                  |      |        | add_ln39_465  | add       | fabric   | 0       |
|   grp_fu_14092_p2                           |      |        | add_ln39_468  | add       | fabric   | 0       |
|   grp_fu_14098_p2                           |      |        | add_ln39_471  | add       | fabric   | 0       |
|   grp_fu_14176_p2                           |      |        | add_ln39_472  | add       | fabric   | 0       |
|   mul_32s_32s_32_1_1_U53                    | 3    |        | mul_ln39_480  | mul       | auto     | 0       |
|   mul_32s_32s_32_1_1_U54                    | 3    |        | mul_ln39_481  | mul       | auto     | 0       |
|   mul_32s_32s_32_1_1_U55                    | 3    |        | mul_ln39_482  | mul       | auto     | 0       |
|   mul_32s_32s_32_1_1_U49                    | 3    |        | mul_ln39_483  | mul       | auto     | 0       |
|   mul_32s_32s_32_1_1_U50                    | 3    |        | mul_ln39_484  | mul       | auto     | 0       |
|   mul_32s_32s_32_1_1_U56                    | 3    |        | mul_ln39_485  | mul       | auto     | 0       |
|   mul_32s_32s_32_1_1_U57                    | 3    |        | mul_ln39_486  | mul       | auto     | 0       |
|   mul_32s_32s_32_1_1_U58                    | 3    |        | mul_ln39_487  | mul       | auto     | 0       |
|   mul_32s_32s_32_1_1_U59                    | 3    |        | mul_ln39_488  | mul       | auto     | 0       |
|   mul_32s_32s_32_1_1_U60                    | 3    |        | mul_ln39_489  | mul       | auto     | 0       |
|   mul_32s_32s_32_1_1_U61                    | 3    |        | mul_ln39_490  | mul       | auto     | 0       |
|   mul_32s_32s_32_1_1_U62                    | 3    |        | mul_ln39_491  | mul       | auto     | 0       |
|   mul_32s_32s_32_1_1_U63                    | 3    |        | mul_ln39_492  | mul       | auto     | 0       |
|   mul_32s_32s_32_1_1_U64                    | 3    |        | mul_ln39_493  | mul       | auto     | 0       |
|   mul_32s_32s_32_1_1_U65                    | 3    |        | mul_ln39_494  | mul       | auto     | 0       |
|   mul_32s_32s_32_1_1_U66                    | 3    |        | mul_ln39_495  | mul       | auto     | 0       |
|   add_ln39_481_fu_30397_p2                  |      |        | add_ln39_481  | add       | fabric   | 0       |
|   grp_fu_13210_p2                           |      |        | add_ln39_484  | add       | fabric   | 0       |
|   grp_fu_13216_p2                           |      |        | add_ln39_487  | add       | fabric   | 0       |
|   grp_fu_14122_p2                           |      |        | add_ln39_488  | add       | fabric   | 0       |
|   mul_32s_32s_32_1_1_U51                    | 3    |        | mul_ln39_496  | mul       | auto     | 0       |
|   mul_32s_32s_32_1_1_U52                    | 3    |        | mul_ln39_497  | mul       | auto     | 0       |
|   mul_32s_32s_32_1_1_U53                    | 3    |        | mul_ln39_498  | mul       | auto     | 0       |
|   mul_32s_32s_32_1_1_U54                    | 3    |        | mul_ln39_499  | mul       | auto     | 0       |
|   mul_32s_32s_32_1_1_U55                    | 3    |        | mul_ln39_500  | mul       | auto     | 0       |
|   mul_32s_32s_32_1_1_U56                    | 3    |        | mul_ln39_501  | mul       | auto     | 0       |
|   mul_32s_32s_32_1_1_U57                    | 3    |        | mul_ln39_502  | mul       | auto     | 0       |
|   mul_32s_32s_32_1_1_U58                    | 3    |        | mul_ln39_503  | mul       | auto     | 0       |
|   mul_32s_32s_32_1_1_U47                    | 3    |        | mul_ln39_504  | mul       | auto     | 0       |
|   mul_32s_32s_32_1_1_U48                    | 3    |        | mul_ln39_505  | mul       | auto     | 0       |
|   mul_32s_32s_32_1_1_U49                    | 3    |        | mul_ln39_506  | mul       | auto     | 0       |
|   mul_32s_32s_32_1_1_U50                    | 3    |        | mul_ln39_507  | mul       | auto     | 0       |
|   mul_32s_32s_32_1_1_U51                    | 3    |        | mul_ln39_508  | mul       | auto     | 0       |
|   mul_32s_32s_32_1_1_U52                    | 3    |        | mul_ln39_509  | mul       | auto     | 0       |
|   mul_32s_32s_32_1_1_U53                    | 3    |        | mul_ln39_510  | mul       | auto     | 0       |
|   mul_32s_32s_32_1_1_U54                    | 3    |        | mul_ln39_511  | mul       | auto     | 0       |
|   grp_fu_13486_p2                           |      |        | add_ln39_497  | add       | fabric   | 0       |
|   grp_fu_13210_p2                           |      |        | add_ln39_500  | add       | fabric   | 0       |
|   add_ln39_503_fu_32214_p2                  |      |        | add_ln39_503  | add       | fabric   | 0       |
|   grp_fu_13144_p2                           |      |        | add_ln39_504  | add       | fabric   | 0       |
|   mul_32s_32s_32_1_1_U42                    | 3    |        | mul_ln39_512  | mul       | auto     | 0       |
|   mul_32s_32s_32_1_1_U43                    | 3    |        | mul_ln39_513  | mul       | auto     | 0       |
|   mul_32s_32s_32_1_1_U44                    | 3    |        | mul_ln39_514  | mul       | auto     | 0       |
|   mul_32s_32s_32_1_1_U52                    | 3    |        | mul_ln39_515  | mul       | auto     | 0       |
|   mul_32s_32s_32_1_1_U53                    | 3    |        | mul_ln39_516  | mul       | auto     | 0       |
|   mul_32s_32s_32_1_1_U54                    | 3    |        | mul_ln39_517  | mul       | auto     | 0       |
|   mul_32s_32s_32_1_1_U55                    | 3    |        | mul_ln39_518  | mul       | auto     | 0       |
|   mul_32s_32s_32_1_1_U56                    | 3    |        | mul_ln39_519  | mul       | auto     | 0       |
|   mul_32s_32s_32_1_1_U57                    | 3    |        | mul_ln39_520  | mul       | auto     | 0       |
|   mul_32s_32s_32_1_1_U58                    | 3    |        | mul_ln39_521  | mul       | auto     | 0       |
|   mul_32s_32s_32_1_1_U59                    | 3    |        | mul_ln39_522  | mul       | auto     | 0       |
|   mul_32s_32s_32_1_1_U60                    | 3    |        | mul_ln39_523  | mul       | auto     | 0       |
|   mul_32s_32s_32_1_1_U61                    | 3    |        | mul_ln39_524  | mul       | auto     | 0       |
|   mul_32s_32s_32_1_1_U45                    | 3    |        | mul_ln39_525  | mul       | auto     | 0       |
|   mul_32s_32s_32_1_1_U46                    | 3    |        | mul_ln39_526  | mul       | auto     | 0       |
|   mul_32s_32s_32_1_1_U47                    | 3    |        | mul_ln39_527  | mul       | auto     | 0       |
|   grp_fu_13174_p2                           |      |        | add_ln39_513  | add       | fabric   | 0       |
|   grp_fu_13198_p2                           |      |        | add_ln39_516  | add       | fabric   | 0       |
|   grp_fu_13210_p2                           |      |        | add_ln39_519  | add       | fabric   | 0       |
|   grp_fu_13216_p2                           |      |        | add_ln39_520  | add       | fabric   | 0       |
|   mul_32s_32s_32_1_1_U115                   | 3    |        | mul_ln39_528  | mul       | auto     | 0       |
|   mul_32s_32s_32_1_1_U116                   | 3    |        | mul_ln39_529  | mul       | auto     | 0       |
|   mul_32s_32s_32_1_1_U117                   | 3    |        | mul_ln39_530  | mul       | auto     | 0       |
|   mul_32s_32s_32_1_1_U118                   | 3    |        | mul_ln39_531  | mul       | auto     | 0       |
|   mul_32s_32s_32_1_1_U119                   | 3    |        | mul_ln39_532  | mul       | auto     | 0       |
|   mul_32s_32s_32_1_1_U120                   | 3    |        | mul_ln39_533  | mul       | auto     | 0       |
|   mul_32s_32s_32_1_1_U121                   | 3    |        | mul_ln39_534  | mul       | auto     | 0       |
|   mul_32s_32s_32_1_1_U122                   | 3    |        | mul_ln39_535  | mul       | auto     | 0       |
|   mul_32s_32s_32_1_1_U123                   | 3    |        | mul_ln39_536  | mul       | auto     | 0       |
|   mul_32s_32s_32_1_1_U124                   | 3    |        | mul_ln39_537  | mul       | auto     | 0       |
|   mul_32s_32s_32_1_1_U125                   | 3    |        | mul_ln39_538  | mul       | auto     | 0       |
|   mul_32s_32s_32_1_1_U126                   | 3    |        | mul_ln39_539  | mul       | auto     | 0       |
|   mul_32s_32s_32_1_1_U127                   | 3    |        | mul_ln39_540  | mul       | auto     | 0       |
|   mul_32s_32s_32_1_1_U148                   | 3    |        | mul_ln39_541  | mul       | auto     | 0       |
|   mul_32s_32s_32_1_1_U149                   | 3    |        | mul_ln39_542  | mul       | auto     | 0       |
|   mul_32s_32s_32_1_1_U150                   | 3    |        | mul_ln39_543  | mul       | auto     | 0       |
|   grp_fu_14980_p2                           |      |        | add_ln39_529  | add       | fabric   | 0       |
|   grp_fu_13960_p2                           |      |        | add_ln39_532  | add       | fabric   | 0       |
|   grp_fu_13966_p2                           |      |        | add_ln39_535  | add       | fabric   | 0       |
|   add_ln39_536_fu_22389_p2                  |      |        | add_ln39_536  | add       | fabric   | 0       |
|   mul_32s_32s_32_1_1_U39                    | 3    |        | mul_ln39_544  | mul       | auto     | 0       |
|   mul_32s_32s_32_1_1_U40                    | 3    |        | mul_ln39_545  | mul       | auto     | 0       |
|   mul_32s_32s_32_1_1_U41                    | 3    |        | mul_ln39_546  | mul       | auto     | 0       |
|   mul_32s_32s_32_1_1_U39                    | 3    |        | mul_ln39_547  | mul       | auto     | 0       |
|   mul_32s_32s_32_1_1_U40                    | 3    |        | mul_ln39_548  | mul       | auto     | 0       |
|   mul_32s_32s_32_1_1_U41                    | 3    |        | mul_ln39_549  | mul       | auto     | 0       |
|   mul_32s_32s_32_1_1_U42                    | 3    |        | mul_ln39_550  | mul       | auto     | 0       |
|   mul_32s_32s_32_1_1_U43                    | 3    |        | mul_ln39_551  | mul       | auto     | 0       |
|   mul_32s_32s_32_1_1_U44                    | 3    |        | mul_ln39_552  | mul       | auto     | 0       |
|   mul_32s_32s_32_1_1_U45                    | 3    |        | mul_ln39_553  | mul       | auto     | 0       |
|   mul_32s_32s_32_1_1_U46                    | 3    |        | mul_ln39_554  | mul       | auto     | 0       |
|   mul_32s_32s_32_1_1_U47                    | 3    |        | mul_ln39_555  | mul       | auto     | 0       |
|   mul_32s_32s_32_1_1_U48                    | 3    |        | mul_ln39_556  | mul       | auto     | 0       |
|   mul_32s_32s_32_1_1_U42                    | 3    |        | mul_ln39_557  | mul       | auto     | 0       |
|   mul_32s_32s_32_1_1_U43                    | 3    |        | mul_ln39_558  | mul       | auto     | 0       |
|   mul_32s_32s_32_1_1_U44                    | 3    |        | mul_ln39_559  | mul       | auto     | 0       |
|   grp_fu_13234_p2                           |      |        | add_ln39_545  | add       | fabric   | 0       |
|   grp_fu_13258_p2                           |      |        | add_ln39_548  | add       | fabric   | 0       |
|   grp_fu_13174_p2                           |      |        | add_ln39_551  | add       | fabric   | 0       |
|   grp_fu_13270_p2                           |      |        | add_ln39_552  | add       | fabric   | 0       |
|   mul_32s_32s_32_1_1_U128                   | 3    |        | mul_ln39_560  | mul       | auto     | 0       |
|   mul_32s_32s_32_1_1_U129                   | 3    |        | mul_ln39_561  | mul       | auto     | 0       |
|   mul_32s_32s_32_1_1_U130                   | 3    |        | mul_ln39_562  | mul       | auto     | 0       |
|   mul_32s_32s_32_1_1_U131                   | 3    |        | mul_ln39_563  | mul       | auto     | 0       |
|   mul_32s_32s_32_1_1_U132                   | 3    |        | mul_ln39_564  | mul       | auto     | 0       |
|   mul_32s_32s_32_1_1_U133                   | 3    |        | mul_ln39_565  | mul       | auto     | 0       |
|   mul_32s_32s_32_1_1_U134                   | 3    |        | mul_ln39_566  | mul       | auto     | 0       |
|   mul_32s_32s_32_1_1_U135                   | 3    |        | mul_ln39_567  | mul       | auto     | 0       |
|   mul_32s_32s_32_1_1_U136                   | 3    |        | mul_ln39_568  | mul       | auto     | 0       |
|   mul_32s_32s_32_1_1_U137                   | 3    |        | mul_ln39_569  | mul       | auto     | 0       |
|   mul_32s_32s_32_1_1_U138                   | 3    |        | mul_ln39_570  | mul       | auto     | 0       |
|   mul_32s_32s_32_1_1_U139                   | 3    |        | mul_ln39_571  | mul       | auto     | 0       |
|   mul_32s_32s_32_1_1_U140                   | 3    |        | mul_ln39_572  | mul       | auto     | 0       |
|   mul_32s_32s_32_1_1_U151                   | 3    |        | mul_ln39_573  | mul       | auto     | 0       |
|   mul_32s_32s_32_1_1_U152                   | 3    |        | mul_ln39_574  | mul       | auto     | 0       |
|   mul_32s_32s_32_1_1_U153                   | 3    |        | mul_ln39_575  | mul       | auto     | 0       |
|   add_ln39_561_fu_22423_p2                  |      |        | add_ln39_561  | add       | fabric   | 0       |
|   grp_fu_14254_p2                           |      |        | add_ln39_564  | add       | fabric   | 0       |
|   add_ln39_567_fu_22453_p2                  |      |        | add_ln39_567  | add       | fabric   | 0       |
|   add_ln39_568_fu_22459_p2                  |      |        | add_ln39_568  | add       | fabric   | 0       |
|   mul_32s_32s_32_1_1_U52                    | 3    |        | mul_ln39_576  | mul       | auto     | 0       |
|   mul_32s_32s_32_1_1_U53                    | 3    |        | mul_ln39_577  | mul       | auto     | 0       |
|   mul_32s_32s_32_1_1_U54                    | 3    |        | mul_ln39_578  | mul       | auto     | 0       |
|   mul_32s_32s_32_1_1_U55                    | 3    |        | mul_ln39_579  | mul       | auto     | 0       |
|   mul_32s_32s_32_1_1_U56                    | 3    |        | mul_ln39_580  | mul       | auto     | 0       |
|   mul_32s_32s_32_1_1_U57                    | 3    |        | mul_ln39_581  | mul       | auto     | 0       |
|   mul_32s_32s_32_1_1_U58                    | 3    |        | mul_ln39_582  | mul       | auto     | 0       |
|   mul_32s_32s_32_1_1_U59                    | 3    |        | mul_ln39_583  | mul       | auto     | 0       |
|   mul_32s_32s_32_1_1_U60                    | 3    |        | mul_ln39_584  | mul       | auto     | 0       |
|   mul_32s_32s_32_1_1_U61                    | 3    |        | mul_ln39_585  | mul       | auto     | 0       |
|   mul_32s_32s_32_1_1_U62                    | 3    |        | mul_ln39_586  | mul       | auto     | 0       |
|   mul_32s_32s_32_1_1_U63                    | 3    |        | mul_ln39_587  | mul       | auto     | 0       |
|   mul_32s_32s_32_1_1_U64                    | 3    |        | mul_ln39_588  | mul       | auto     | 0       |
|   mul_32s_32s_32_1_1_U42                    | 3    |        | mul_ln39_589  | mul       | auto     | 0       |
|   mul_32s_32s_32_1_1_U43                    | 3    |        | mul_ln39_590  | mul       | auto     | 0       |
|   mul_32s_32s_32_1_1_U44                    | 3    |        | mul_ln39_591  | mul       | auto     | 0       |
|   grp_fu_13492_p2                           |      |        | add_ln39_577  | add       | fabric   | 0       |
|   grp_fu_13498_p2                           |      |        | add_ln39_580  | add       | fabric   | 0       |
|   grp_fu_13510_p2                           |      |        | add_ln39_583  | add       | fabric   | 0       |
|   grp_fu_13516_p2                           |      |        | add_ln39_584  | add       | fabric   | 0       |
|   mul_32s_32s_32_1_1_U141                   | 3    |        | mul_ln39_592  | mul       | auto     | 0       |
|   mul_32s_32s_32_1_1_U142                   | 3    |        | mul_ln39_593  | mul       | auto     | 0       |
|   mul_32s_32s_32_1_1_U143                   | 3    |        | mul_ln39_594  | mul       | auto     | 0       |
|   mul_32s_32s_32_1_1_U144                   | 3    |        | mul_ln39_595  | mul       | auto     | 0       |
|   mul_32s_32s_32_1_1_U145                   | 3    |        | mul_ln39_596  | mul       | auto     | 0       |
|   mul_32s_32s_32_1_1_U146                   | 3    |        | mul_ln39_597  | mul       | auto     | 0       |
|   mul_32s_32s_32_1_1_U147                   | 3    |        | mul_ln39_598  | mul       | auto     | 0       |
|   mul_32s_32s_32_1_1_U148                   | 3    |        | mul_ln39_599  | mul       | auto     | 0       |
|   mul_32s_32s_32_1_1_U149                   | 3    |        | mul_ln39_600  | mul       | auto     | 0       |
|   mul_32s_32s_32_1_1_U150                   | 3    |        | mul_ln39_601  | mul       | auto     | 0       |
|   mul_32s_32s_32_1_1_U151                   | 3    |        | mul_ln39_602  | mul       | auto     | 0       |
|   mul_32s_32s_32_1_1_U152                   | 3    |        | mul_ln39_603  | mul       | auto     | 0       |
|   mul_32s_32s_32_1_1_U153                   | 3    |        | mul_ln39_604  | mul       | auto     | 0       |
|   mul_32s_32s_32_1_1_U154                   | 3    |        | mul_ln39_605  | mul       | auto     | 0       |
|   mul_32s_32s_32_1_1_U155                   | 3    |        | mul_ln39_606  | mul       | auto     | 0       |
|   mul_32s_32s_32_1_1_U156                   | 3    |        | mul_ln39_607  | mul       | auto     | 0       |
|   add_ln39_593_fu_22493_p2                  |      |        | add_ln39_593  | add       | fabric   | 0       |
|   grp_fu_14272_p2                           |      |        | add_ln39_596  | add       | fabric   | 0       |
|   add_ln39_599_fu_22523_p2                  |      |        | add_ln39_599  | add       | fabric   | 0       |
|   add_ln39_600_fu_22529_p2                  |      |        | add_ln39_600  | add       | fabric   | 0       |
|   mul_32s_32s_32_1_1_U52                    | 3    |        | mul_ln39_608  | mul       | auto     | 0       |
|   mul_32s_32s_32_1_1_U53                    | 3    |        | mul_ln39_609  | mul       | auto     | 0       |
|   mul_32s_32s_32_1_1_U54                    | 3    |        | mul_ln39_610  | mul       | auto     | 0       |
|   mul_32s_32s_32_1_1_U55                    | 3    |        | mul_ln39_611  | mul       | auto     | 0       |
|   mul_32s_32s_32_1_1_U56                    | 3    |        | mul_ln39_612  | mul       | auto     | 0       |
|   mul_32s_32s_32_1_1_U57                    | 3    |        | mul_ln39_613  | mul       | auto     | 0       |
|   mul_32s_32s_32_1_1_U58                    | 3    |        | mul_ln39_614  | mul       | auto     | 0       |
|   mul_32s_32s_32_1_1_U59                    | 3    |        | mul_ln39_615  | mul       | auto     | 0       |
|   mul_32s_32s_32_1_1_U60                    | 3    |        | mul_ln39_616  | mul       | auto     | 0       |
|   mul_32s_32s_32_1_1_U61                    | 3    |        | mul_ln39_617  | mul       | auto     | 0       |
|   mul_32s_32s_32_1_1_U62                    | 3    |        | mul_ln39_618  | mul       | auto     | 0       |
|   mul_32s_32s_32_1_1_U63                    | 3    |        | mul_ln39_619  | mul       | auto     | 0       |
|   mul_32s_32s_32_1_1_U64                    | 3    |        | mul_ln39_620  | mul       | auto     | 0       |
|   mul_32s_32s_32_1_1_U42                    | 3    |        | mul_ln39_621  | mul       | auto     | 0       |
|   mul_32s_32s_32_1_1_U43                    | 3    |        | mul_ln39_622  | mul       | auto     | 0       |
|   mul_32s_32s_32_1_1_U44                    | 3    |        | mul_ln39_623  | mul       | auto     | 0       |
|   grp_fu_13492_p2                           |      |        | add_ln39_609  | add       | fabric   | 0       |
|   grp_fu_13498_p2                           |      |        | add_ln39_612  | add       | fabric   | 0       |
|   grp_fu_13510_p2                           |      |        | add_ln39_615  | add       | fabric   | 0       |
|   grp_fu_13516_p2                           |      |        | add_ln39_616  | add       | fabric   | 0       |
|   mul_32s_32s_32_1_1_U154                   | 3    |        | mul_ln39_624  | mul       | auto     | 0       |
|   mul_32s_32s_32_1_1_U155                   | 3    |        | mul_ln39_625  | mul       | auto     | 0       |
|   mul_32s_32s_32_1_1_U156                   | 3    |        | mul_ln39_626  | mul       | auto     | 0       |
|   mul_32s_32s_32_1_1_U157                   | 3    |        | mul_ln39_627  | mul       | auto     | 0       |
|   mul_32s_32s_32_1_1_U158                   | 3    |        | mul_ln39_628  | mul       | auto     | 0       |
|   mul_32s_32s_32_1_1_U159                   | 3    |        | mul_ln39_629  | mul       | auto     | 0       |
|   mul_32s_32s_32_1_1_U160                   | 3    |        | mul_ln39_630  | mul       | auto     | 0       |
|   mul_32s_32s_32_1_1_U161                   | 3    |        | mul_ln39_631  | mul       | auto     | 0       |
|   mul_32s_32s_32_1_1_U162                   | 3    |        | mul_ln39_632  | mul       | auto     | 0       |
|   mul_32s_32s_32_1_1_U163                   | 3    |        | mul_ln39_633  | mul       | auto     | 0       |
|   mul_32s_32s_32_1_1_U164                   | 3    |        | mul_ln39_634  | mul       | auto     | 0       |
|   mul_32s_32s_32_1_1_U165                   | 3    |        | mul_ln39_635  | mul       | auto     | 0       |
|   mul_32s_32s_32_1_1_U166                   | 3    |        | mul_ln39_636  | mul       | auto     | 0       |
|   mul_32s_32s_32_1_1_U157                   | 3    |        | mul_ln39_637  | mul       | auto     | 0       |
|   mul_32s_32s_32_1_1_U158                   | 3    |        | mul_ln39_638  | mul       | auto     | 0       |
|   mul_32s_32s_32_1_1_U159                   | 3    |        | mul_ln39_639  | mul       | auto     | 0       |
|   add_ln39_625_fu_22563_p2                  |      |        | add_ln39_625  | add       | fabric   | 0       |
|   grp_fu_15010_p2                           |      |        | add_ln39_628  | add       | fabric   | 0       |
|   grp_fu_15016_p2                           |      |        | add_ln39_631  | add       | fabric   | 0       |
|   add_ln39_632_fu_22587_p2                  |      |        | add_ln39_632  | add       | fabric   | 0       |
|   mul_32s_32s_32_1_1_U167                   | 3    |        | mul_ln39_640  | mul       | auto     | 0       |
|   mul_32s_32s_32_1_1_U168                   | 3    |        | mul_ln39_641  | mul       | auto     | 0       |
|   mul_32s_32s_32_1_1_U169                   | 3    |        | mul_ln39_642  | mul       | auto     | 0       |
|   mul_32s_32s_32_1_1_U170                   | 3    |        | mul_ln39_643  | mul       | auto     | 0       |
|   mul_32s_32s_32_1_1_U171                   | 3    |        | mul_ln39_644  | mul       | auto     | 0       |
|   mul_32s_32s_32_1_1_U172                   | 3    |        | mul_ln39_645  | mul       | auto     | 0       |
|   mul_32s_32s_32_1_1_U173                   | 3    |        | mul_ln39_646  | mul       | auto     | 0       |
|   mul_32s_32s_32_1_1_U174                   | 3    |        | mul_ln39_647  | mul       | auto     | 0       |
|   mul_32s_32s_32_1_1_U175                   | 3    |        | mul_ln39_648  | mul       | auto     | 0       |
|   mul_32s_32s_32_1_1_U176                   | 3    |        | mul_ln39_649  | mul       | auto     | 0       |
|   mul_32s_32s_32_1_1_U177                   | 3    |        | mul_ln39_650  | mul       | auto     | 0       |
|   mul_32s_32s_32_1_1_U178                   | 3    |        | mul_ln39_651  | mul       | auto     | 0       |
|   mul_32s_32s_32_1_1_U179                   | 3    |        | mul_ln39_652  | mul       | auto     | 0       |
|   mul_32s_32s_32_1_1_U160                   | 3    |        | mul_ln39_653  | mul       | auto     | 0       |
|   mul_32s_32s_32_1_1_U161                   | 3    |        | mul_ln39_654  | mul       | auto     | 0       |
|   mul_32s_32s_32_1_1_U162                   | 3    |        | mul_ln39_655  | mul       | auto     | 0       |
|   add_ln39_641_fu_22622_p2                  |      |        | add_ln39_641  | add       | fabric   | 0       |
|   grp_fu_15028_p2                           |      |        | add_ln39_644  | add       | fabric   | 0       |
|   grp_fu_15034_p2                           |      |        | add_ln39_647  | add       | fabric   | 0       |
|   add_ln39_648_fu_22646_p2                  |      |        | add_ln39_648  | add       | fabric   | 0       |
|   mul_32s_32s_32_1_1_U180                   | 3    |        | mul_ln39_656  | mul       | auto     | 0       |
|   mul_32s_32s_32_1_1_U181                   | 3    |        | mul_ln39_657  | mul       | auto     | 0       |
|   mul_32s_32s_32_1_1_U182                   | 3    |        | mul_ln39_658  | mul       | auto     | 0       |
|   mul_32s_32s_32_1_1_U183                   | 3    |        | mul_ln39_659  | mul       | auto     | 0       |
|   mul_32s_32s_32_1_1_U184                   | 3    |        | mul_ln39_660  | mul       | auto     | 0       |
|   mul_32s_32s_32_1_1_U185                   | 3    |        | mul_ln39_661  | mul       | auto     | 0       |
|   mul_32s_32s_32_1_1_U186                   | 3    |        | mul_ln39_662  | mul       | auto     | 0       |
|   mul_32s_32s_32_1_1_U187                   | 3    |        | mul_ln39_663  | mul       | auto     | 0       |
|   mul_32s_32s_32_1_1_U188                   | 3    |        | mul_ln39_664  | mul       | auto     | 0       |
|   mul_32s_32s_32_1_1_U189                   | 3    |        | mul_ln39_665  | mul       | auto     | 0       |
|   mul_32s_32s_32_1_1_U190                   | 3    |        | mul_ln39_666  | mul       | auto     | 0       |
|   mul_32s_32s_32_1_1_U191                   | 3    |        | mul_ln39_667  | mul       | auto     | 0       |
|   mul_32s_32s_32_1_1_U192                   | 3    |        | mul_ln39_668  | mul       | auto     | 0       |
|   mul_32s_32s_32_1_1_U163                   | 3    |        | mul_ln39_669  | mul       | auto     | 0       |
|   mul_32s_32s_32_1_1_U164                   | 3    |        | mul_ln39_670  | mul       | auto     | 0       |
|   mul_32s_32s_32_1_1_U165                   | 3    |        | mul_ln39_671  | mul       | auto     | 0       |
|   add_ln39_657_fu_22686_p2                  |      |        | add_ln39_657  | add       | fabric   | 0       |
|   grp_fu_14446_p2                           |      |        | add_ln39_660  | add       | fabric   | 0       |
|   add_ln39_663_fu_22716_p2                  |      |        | add_ln39_663  | add       | fabric   | 0       |
|   grp_fu_15040_p2                           |      |        | add_ln39_664  | add       | fabric   | 0       |
|   mul_32s_32s_32_1_1_U62                    | 3    |        | mul_ln39_672  | mul       | auto     | 0       |
|   mul_32s_32s_32_1_1_U63                    | 3    |        | mul_ln39_673  | mul       | auto     | 0       |
|   mul_32s_32s_32_1_1_U64                    | 3    |        | mul_ln39_674  | mul       | auto     | 0       |
|   mul_32s_32s_32_1_1_U65                    | 3    |        | mul_ln39_675  | mul       | auto     | 0       |
|   mul_32s_32s_32_1_1_U66                    | 3    |        | mul_ln39_676  | mul       | auto     | 0       |
|   mul_32s_32s_32_1_1_U67                    | 3    |        | mul_ln39_677  | mul       | auto     | 0       |
|   mul_32s_32s_32_1_1_U68                    | 3    |        | mul_ln39_678  | mul       | auto     | 0       |
|   mul_32s_32s_32_1_1_U69                    | 3    |        | mul_ln39_679  | mul       | auto     | 0       |
|   mul_32s_32s_32_1_1_U70                    | 3    |        | mul_ln39_680  | mul       | auto     | 0       |
|   mul_32s_32s_32_1_1_U71                    | 3    |        | mul_ln39_681  | mul       | auto     | 0       |
|   mul_32s_32s_32_1_1_U72                    | 3    |        | mul_ln39_682  | mul       | auto     | 0       |
|   mul_32s_32s_32_1_1_U73                    | 3    |        | mul_ln39_683  | mul       | auto     | 0       |
|   mul_32s_32s_32_1_1_U74                    | 3    |        | mul_ln39_684  | mul       | auto     | 0       |
|   mul_32s_32s_32_1_1_U48                    | 3    |        | mul_ln39_685  | mul       | auto     | 0       |
|   mul_32s_32s_32_1_1_U49                    | 3    |        | mul_ln39_686  | mul       | auto     | 0       |
|   mul_32s_32s_32_1_1_U50                    | 3    |        | mul_ln39_687  | mul       | auto     | 0       |
|   grp_fu_13294_p2                           |      |        | add_ln39_673  | add       | fabric   | 0       |
|   grp_fu_13306_p2                           |      |        | add_ln39_676  | add       | fabric   | 0       |
|   grp_fu_13318_p2                           |      |        | add_ln39_679  | add       | fabric   | 0       |
|   grp_fu_13324_p2                           |      |        | add_ln39_680  | add       | fabric   | 0       |
|   mul_32s_32s_32_1_1_U193                   | 3    |        | mul_ln39_688  | mul       | auto     | 0       |
|   mul_32s_32s_32_1_1_U194                   | 3    |        | mul_ln39_689  | mul       | auto     | 0       |
|   mul_32s_32s_32_1_1_U195                   | 3    |        | mul_ln39_690  | mul       | auto     | 0       |
|   mul_32s_32s_32_1_1_U196                   | 3    |        | mul_ln39_691  | mul       | auto     | 0       |
|   mul_32s_32s_32_1_1_U197                   | 3    |        | mul_ln39_692  | mul       | auto     | 0       |
|   mul_32s_32s_32_1_1_U198                   | 3    |        | mul_ln39_693  | mul       | auto     | 0       |
|   mul_32s_32s_32_1_1_U199                   | 3    |        | mul_ln39_694  | mul       | auto     | 0       |
|   mul_32s_32s_32_1_1_U200                   | 3    |        | mul_ln39_695  | mul       | auto     | 0       |
|   mul_32s_32s_32_1_1_U201                   | 3    |        | mul_ln39_696  | mul       | auto     | 0       |
|   mul_32s_32s_32_1_1_U202                   | 3    |        | mul_ln39_697  | mul       | auto     | 0       |
|   mul_32s_32s_32_1_1_U203                   | 3    |        | mul_ln39_698  | mul       | auto     | 0       |
|   mul_32s_32s_32_1_1_U204                   | 3    |        | mul_ln39_699  | mul       | auto     | 0       |
|   mul_32s_32s_32_1_1_U205                   | 3    |        | mul_ln39_700  | mul       | auto     | 0       |
|   mul_32s_32s_32_1_1_U166                   | 3    |        | mul_ln39_701  | mul       | auto     | 0       |
|   mul_32s_32s_32_1_1_U167                   | 3    |        | mul_ln39_702  | mul       | auto     | 0       |
|   mul_32s_32s_32_1_1_U168                   | 3    |        | mul_ln39_703  | mul       | auto     | 0       |
|   add_ln39_689_fu_22750_p2                  |      |        | add_ln39_689  | add       | fabric   | 0       |
|   grp_fu_14662_p2                           |      |        | add_ln39_692  | add       | fabric   | 0       |
|   grp_fu_15052_p2                           |      |        | add_ln39_695  | add       | fabric   | 0       |
|   add_ln39_696_fu_22774_p2                  |      |        | add_ln39_696  | add       | fabric   | 0       |
|   mul_32s_32s_32_1_1_U121                   | 3    |        | mul_ln39_704  | mul       | auto     | 0       |
|   mul_32s_32s_32_1_1_U122                   | 3    |        | mul_ln39_705  | mul       | auto     | 0       |
|   mul_32s_32s_32_1_1_U123                   | 3    |        | mul_ln39_706  | mul       | auto     | 0       |
|   mul_32s_32s_32_1_1_U124                   | 3    |        | mul_ln39_707  | mul       | auto     | 0       |
|   mul_32s_32s_32_1_1_U125                   | 3    |        | mul_ln39_708  | mul       | auto     | 0       |
|   mul_32s_32s_32_1_1_U126                   | 3    |        | mul_ln39_709  | mul       | auto     | 0       |
|   mul_32s_32s_32_1_1_U127                   | 3    |        | mul_ln39_710  | mul       | auto     | 0       |
|   mul_32s_32s_32_1_1_U128                   | 3    |        | mul_ln39_711  | mul       | auto     | 0       |
|   mul_32s_32s_32_1_1_U129                   | 3    |        | mul_ln39_712  | mul       | auto     | 0       |
|   mul_32s_32s_32_1_1_U130                   | 3    |        | mul_ln39_713  | mul       | auto     | 0       |
|   mul_32s_32s_32_1_1_U131                   | 3    |        | mul_ln39_714  | mul       | auto     | 0       |
|   mul_32s_32s_32_1_1_U132                   | 3    |        | mul_ln39_715  | mul       | auto     | 0       |
|   mul_32s_32s_32_1_1_U133                   | 3    |        | mul_ln39_716  | mul       | auto     | 0       |
|   mul_32s_32s_32_1_1_U54                    | 3    |        | mul_ln39_717  | mul       | auto     | 0       |
|   mul_32s_32s_32_1_1_U55                    | 3    |        | mul_ln39_718  | mul       | auto     | 0       |
|   mul_32s_32s_32_1_1_U56                    | 3    |        | mul_ln39_719  | mul       | auto     | 0       |
|   grp_fu_14338_p2                           |      |        | add_ln39_705  | add       | fabric   | 0       |
|   grp_fu_13978_p2                           |      |        | add_ln39_708  | add       | fabric   | 0       |
|   grp_fu_13984_p2                           |      |        | add_ln39_711  | add       | fabric   | 0       |
|   grp_fu_14350_p2                           |      |        | add_ln39_712  | add       | fabric   | 0       |
|   mul_32s_32s_32_1_1_U206                   | 3    |        | mul_ln39_720  | mul       | auto     | 0       |
|   mul_32s_32s_32_1_1_U207                   | 3    |        | mul_ln39_721  | mul       | auto     | 0       |
|   mul_32s_32s_32_1_1_U208                   | 3    |        | mul_ln39_722  | mul       | auto     | 0       |
|   mul_32s_32s_32_1_1_U209                   | 3    |        | mul_ln39_723  | mul       | auto     | 0       |
|   mul_32s_32s_32_1_1_U210                   | 3    |        | mul_ln39_724  | mul       | auto     | 0       |
|   mul_32s_32s_32_1_1_U211                   | 3    |        | mul_ln39_725  | mul       | auto     | 0       |
|   mul_32s_32s_32_1_1_U212                   | 3    |        | mul_ln39_726  | mul       | auto     | 0       |
|   mul_32s_32s_32_1_1_U213                   | 3    |        | mul_ln39_727  | mul       | auto     | 0       |
|   mul_32s_32s_32_1_1_U214                   | 3    |        | mul_ln39_728  | mul       | auto     | 0       |
|   mul_32s_32s_32_1_1_U215                   | 3    |        | mul_ln39_729  | mul       | auto     | 0       |
|   mul_32s_32s_32_1_1_U216                   | 3    |        | mul_ln39_730  | mul       | auto     | 0       |
|   mul_32s_32s_32_1_1_U217                   | 3    |        | mul_ln39_731  | mul       | auto     | 0       |
|   mul_32s_32s_32_1_1_U218                   | 3    |        | mul_ln39_732  | mul       | auto     | 0       |
|   mul_32s_32s_32_1_1_U169                   | 3    |        | mul_ln39_733  | mul       | auto     | 0       |
|   mul_32s_32s_32_1_1_U170                   | 3    |        | mul_ln39_734  | mul       | auto     | 0       |
|   mul_32s_32s_32_1_1_U171                   | 3    |        | mul_ln39_735  | mul       | auto     | 0       |
|   add_ln39_721_fu_22814_p2                  |      |        | add_ln39_721  | add       | fabric   | 0       |
|   add_ln39_724_fu_22826_p2                  |      |        | add_ln39_724  | add       | fabric   | 0       |
|   grp_fu_15058_p2                           |      |        | add_ln39_727  | add       | fabric   | 0       |
|   grp_fu_15064_p2                           |      |        | add_ln39_728  | add       | fabric   | 0       |
|   mul_32s_32s_32_1_1_U67                    | 3    |        | mul_ln39_736  | mul       | auto     | 0       |
|   mul_32s_32s_32_1_1_U68                    | 3    |        | mul_ln39_737  | mul       | auto     | 0       |
|   mul_32s_32s_32_1_1_U69                    | 3    |        | mul_ln39_738  | mul       | auto     | 0       |
|   mul_32s_32s_32_1_1_U59                    | 3    |        | mul_ln39_739  | mul       | auto     | 0       |
|   mul_32s_32s_32_1_1_U60                    | 3    |        | mul_ln39_740  | mul       | auto     | 0       |
|   mul_32s_32s_32_1_1_U61                    | 3    |        | mul_ln39_741  | mul       | auto     | 0       |
|   mul_32s_32s_32_1_1_U62                    | 3    |        | mul_ln39_742  | mul       | auto     | 0       |
|   mul_32s_32s_32_1_1_U63                    | 3    |        | mul_ln39_743  | mul       | auto     | 0       |
|   mul_32s_32s_32_1_1_U64                    | 3    |        | mul_ln39_744  | mul       | auto     | 0       |
|   mul_32s_32s_32_1_1_U65                    | 3    |        | mul_ln39_745  | mul       | auto     | 0       |
|   mul_32s_32s_32_1_1_U66                    | 3    |        | mul_ln39_746  | mul       | auto     | 0       |
|   mul_32s_32s_32_1_1_U70                    | 3    |        | mul_ln39_747  | mul       | auto     | 0       |
|   mul_32s_32s_32_1_1_U71                    | 3    |        | mul_ln39_748  | mul       | auto     | 0       |
|   mul_32s_32s_32_1_1_U72                    | 3    |        | mul_ln39_749  | mul       | auto     | 0       |
|   mul_32s_32s_32_1_1_U73                    | 3    |        | mul_ln39_750  | mul       | auto     | 0       |
|   mul_32s_32s_32_1_1_U74                    | 3    |        | mul_ln39_751  | mul       | auto     | 0       |
|   grp_fu_15100_p2                           |      |        | add_ln39_737  | add       | fabric   | 0       |
|   grp_fu_13516_p2                           |      |        | add_ln39_740  | add       | fabric   | 0       |
|   grp_fu_13384_p2                           |      |        | add_ln39_743  | add       | fabric   | 0       |
|   add_ln39_744_fu_31392_p2                  |      |        | add_ln39_744  | add       | fabric   | 0       |
|   mul_32s_32s_32_1_1_U67                    | 3    |        | mul_ln39_752  | mul       | auto     | 0       |
|   mul_32s_32s_32_1_1_U68                    | 3    |        | mul_ln39_753  | mul       | auto     | 0       |
|   mul_32s_32s_32_1_1_U69                    | 3    |        | mul_ln39_754  | mul       | auto     | 0       |
|   mul_32s_32s_32_1_1_U70                    | 3    |        | mul_ln39_755  | mul       | auto     | 0       |
|   mul_32s_32s_32_1_1_U71                    | 3    |        | mul_ln39_756  | mul       | auto     | 0       |
|   mul_32s_32s_32_1_1_U72                    | 3    |        | mul_ln39_757  | mul       | auto     | 0       |
|   mul_32s_32s_32_1_1_U73                    | 3    |        | mul_ln39_758  | mul       | auto     | 0       |
|   mul_32s_32s_32_1_1_U74                    | 3    |        | mul_ln39_759  | mul       | auto     | 0       |
|   mul_32s_32s_32_1_1_U55                    | 3    |        | mul_ln39_760  | mul       | auto     | 0       |
|   mul_32s_32s_32_1_1_U56                    | 3    |        | mul_ln39_761  | mul       | auto     | 0       |
|   mul_32s_32s_32_1_1_U57                    | 3    |        | mul_ln39_762  | mul       | auto     | 0       |
|   mul_32s_32s_32_1_1_U58                    | 3    |        | mul_ln39_763  | mul       | auto     | 0       |
|   mul_32s_32s_32_1_1_U59                    | 3    |        | mul_ln39_764  | mul       | auto     | 0       |
|   mul_32s_32s_32_1_1_U60                    | 3    |        | mul_ln39_765  | mul       | auto     | 0       |
|   mul_32s_32s_32_1_1_U61                    | 3    |        | mul_ln39_766  | mul       | auto     | 0       |
|   mul_32s_32s_32_1_1_U62                    | 3    |        | mul_ln39_767  | mul       | auto     | 0       |
|   grp_fu_15100_p2                           |      |        | add_ln39_753  | add       | fabric   | 0       |
|   grp_fu_13558_p2                           |      |        | add_ln39_756  | add       | fabric   | 0       |
|   add_ln39_759_fu_32244_p2                  |      |        | add_ln39_759  | add       | fabric   | 0       |
|   grp_fu_13210_p2                           |      |        | add_ln39_760  | add       | fabric   | 0       |
|   mul_32s_32s_32_1_1_U49                    | 3    |        | mul_ln39_768  | mul       | auto     | 0       |
|   mul_32s_32s_32_1_1_U50                    | 3    |        | mul_ln39_769  | mul       | auto     | 0       |
|   mul_32s_32s_32_1_1_U51                    | 3    |        | mul_ln39_770  | mul       | auto     | 0       |
|   mul_32s_32s_32_1_1_U52                    | 3    |        | mul_ln39_771  | mul       | auto     | 0       |
|   mul_32s_32s_32_1_1_U53                    | 3    |        | mul_ln39_772  | mul       | auto     | 0       |
|   mul_32s_32s_32_1_1_U54                    | 3    |        | mul_ln39_773  | mul       | auto     | 0       |
|   mul_32s_32s_32_1_1_U55                    | 3    |        | mul_ln39_774  | mul       | auto     | 0       |
|   mul_32s_32s_32_1_1_U56                    | 3    |        | mul_ln39_775  | mul       | auto     | 0       |
|   mul_32s_32s_32_1_1_U57                    | 3    |        | mul_ln39_776  | mul       | auto     | 0       |
|   mul_32s_32s_32_1_1_U58                    | 3    |        | mul_ln39_777  | mul       | auto     | 0       |
|   mul_32s_32s_32_1_1_U59                    | 3    |        | mul_ln39_778  | mul       | auto     | 0       |
|   mul_32s_32s_32_1_1_U60                    | 3    |        | mul_ln39_779  | mul       | auto     | 0       |
|   mul_32s_32s_32_1_1_U61                    | 3    |        | mul_ln39_780  | mul       | auto     | 0       |
|   mul_32s_32s_32_1_1_U45                    | 3    |        | mul_ln39_781  | mul       | auto     | 0       |
|   mul_32s_32s_32_1_1_U46                    | 3    |        | mul_ln39_782  | mul       | auto     | 0       |
|   mul_32s_32s_32_1_1_U47                    | 3    |        | mul_ln39_783  | mul       | auto     | 0       |
|   grp_fu_13288_p2                           |      |        | add_ln39_769  | add       | fabric   | 0       |
|   grp_fu_13198_p2                           |      |        | add_ln39_772  | add       | fabric   | 0       |
|   grp_fu_13210_p2                           |      |        | add_ln39_775  | add       | fabric   | 0       |
|   grp_fu_13216_p2                           |      |        | add_ln39_776  | add       | fabric   | 0       |
|   mul_32s_32s_32_1_1_U62                    | 3    |        | mul_ln39_784  | mul       | auto     | 0       |
|   mul_32s_32s_32_1_1_U63                    | 3    |        | mul_ln39_785  | mul       | auto     | 0       |
|   mul_32s_32s_32_1_1_U64                    | 3    |        | mul_ln39_786  | mul       | auto     | 0       |
|   mul_32s_32s_32_1_1_U65                    | 3    |        | mul_ln39_787  | mul       | auto     | 0       |
|   mul_32s_32s_32_1_1_U66                    | 3    |        | mul_ln39_788  | mul       | auto     | 0       |
|   mul_32s_32s_32_1_1_U67                    | 3    |        | mul_ln39_789  | mul       | auto     | 0       |
|   mul_32s_32s_32_1_1_U68                    | 3    |        | mul_ln39_790  | mul       | auto     | 0       |
|   mul_32s_32s_32_1_1_U69                    | 3    |        | mul_ln39_791  | mul       | auto     | 0       |
|   mul_32s_32s_32_1_1_U70                    | 3    |        | mul_ln39_792  | mul       | auto     | 0       |
|   mul_32s_32s_32_1_1_U71                    | 3    |        | mul_ln39_793  | mul       | auto     | 0       |
|   mul_32s_32s_32_1_1_U72                    | 3    |        | mul_ln39_794  | mul       | auto     | 0       |
|   mul_32s_32s_32_1_1_U73                    | 3    |        | mul_ln39_795  | mul       | auto     | 0       |
|   mul_32s_32s_32_1_1_U74                    | 3    |        | mul_ln39_796  | mul       | auto     | 0       |
|   mul_32s_32s_32_1_1_U48                    | 3    |        | mul_ln39_797  | mul       | auto     | 0       |
|   mul_32s_32s_32_1_1_U49                    | 3    |        | mul_ln39_798  | mul       | auto     | 0       |
|   mul_32s_32s_32_1_1_U50                    | 3    |        | mul_ln39_799  | mul       | auto     | 0       |
|   grp_fu_13294_p2                           |      |        | add_ln39_785  | add       | fabric   | 0       |
|   grp_fu_13306_p2                           |      |        | add_ln39_788  | add       | fabric   | 0       |
|   grp_fu_13318_p2                           |      |        | add_ln39_791  | add       | fabric   | 0       |
|   grp_fu_13324_p2                           |      |        | add_ln39_792  | add       | fabric   | 0       |
|   mul_32s_32s_32_1_1_U219                   | 3    |        | mul_ln39_800  | mul       | auto     | 0       |
|   mul_32s_32s_32_1_1_U220                   | 3    |        | mul_ln39_801  | mul       | auto     | 0       |
|   mul_32s_32s_32_1_1_U221                   | 3    |        | mul_ln39_802  | mul       | auto     | 0       |
|   mul_32s_32s_32_1_1_U222                   | 3    |        | mul_ln39_803  | mul       | auto     | 0       |
|   mul_32s_32s_32_1_1_U223                   | 3    |        | mul_ln39_804  | mul       | auto     | 0       |
|   mul_32s_32s_32_1_1_U224                   | 3    |        | mul_ln39_805  | mul       | auto     | 0       |
|   mul_32s_32s_32_1_1_U225                   | 3    |        | mul_ln39_806  | mul       | auto     | 0       |
|   mul_32s_32s_32_1_1_U226                   | 3    |        | mul_ln39_807  | mul       | auto     | 0       |
|   mul_32s_32s_32_1_1_U227                   | 3    |        | mul_ln39_808  | mul       | auto     | 0       |
|   mul_32s_32s_32_1_1_U228                   | 3    |        | mul_ln39_809  | mul       | auto     | 0       |
|   mul_32s_32s_32_1_1_U229                   | 3    |        | mul_ln39_810  | mul       | auto     | 0       |
|   mul_32s_32s_32_1_1_U230                   | 3    |        | mul_ln39_811  | mul       | auto     | 0       |
|   mul_32s_32s_32_1_1_U231                   | 3    |        | mul_ln39_812  | mul       | auto     | 0       |
|   mul_32s_32s_32_1_1_U172                   | 3    |        | mul_ln39_813  | mul       | auto     | 0       |
|   mul_32s_32s_32_1_1_U173                   | 3    |        | mul_ln39_814  | mul       | auto     | 0       |
|   mul_32s_32s_32_1_1_U174                   | 3    |        | mul_ln39_815  | mul       | auto     | 0       |
|   add_ln39_801_fu_22872_p2                  |      |        | add_ln39_801  | add       | fabric   | 0       |
|   grp_fu_14710_p2                           |      |        | add_ln39_804  | add       | fabric   | 0       |
|   grp_fu_14506_p2                           |      |        | add_ln39_807  | add       | fabric   | 0       |
|   grp_fu_14512_p2                           |      |        | add_ln39_808  | add       | fabric   | 0       |
|   mul_32s_32s_32_1_1_U49                    | 3    |        | mul_ln39_816  | mul       | auto     | 0       |
|   mul_32s_32s_32_1_1_U50                    | 3    |        | mul_ln39_817  | mul       | auto     | 0       |
|   mul_32s_32s_32_1_1_U51                    | 3    |        | mul_ln39_818  | mul       | auto     | 0       |
|   mul_32s_32s_32_1_1_U52                    | 3    |        | mul_ln39_819  | mul       | auto     | 0       |
|   mul_32s_32s_32_1_1_U53                    | 3    |        | mul_ln39_820  | mul       | auto     | 0       |
|   mul_32s_32s_32_1_1_U54                    | 3    |        | mul_ln39_821  | mul       | auto     | 0       |
|   mul_32s_32s_32_1_1_U55                    | 3    |        | mul_ln39_822  | mul       | auto     | 0       |
|   mul_32s_32s_32_1_1_U56                    | 3    |        | mul_ln39_823  | mul       | auto     | 0       |
|   mul_32s_32s_32_1_1_U57                    | 3    |        | mul_ln39_824  | mul       | auto     | 0       |
|   mul_32s_32s_32_1_1_U58                    | 3    |        | mul_ln39_825  | mul       | auto     | 0       |
|   mul_32s_32s_32_1_1_U59                    | 3    |        | mul_ln39_826  | mul       | auto     | 0       |
|   mul_32s_32s_32_1_1_U60                    | 3    |        | mul_ln39_827  | mul       | auto     | 0       |
|   mul_32s_32s_32_1_1_U61                    | 3    |        | mul_ln39_828  | mul       | auto     | 0       |
|   mul_32s_32s_32_1_1_U48                    | 3    |        | mul_ln39_829  | mul       | auto     | 0       |
|   mul_32s_32s_32_1_1_U49                    | 3    |        | mul_ln39_830  | mul       | auto     | 0       |
|   mul_32s_32s_32_1_1_U50                    | 3    |        | mul_ln39_831  | mul       | auto     | 0       |
|   grp_fu_13378_p2                           |      |        | add_ln39_817  | add       | fabric   | 0       |
|   grp_fu_13198_p2                           |      |        | add_ln39_820  | add       | fabric   | 0       |
|   grp_fu_13210_p2                           |      |        | add_ln39_823  | add       | fabric   | 0       |
|   grp_fu_13216_p2                           |      |        | add_ln39_824  | add       | fabric   | 0       |
|   mul_32s_32s_32_1_1_U232                   | 3    |        | mul_ln39_832  | mul       | auto     | 0       |
|   mul_32s_32s_32_1_1_U233                   | 3    |        | mul_ln39_833  | mul       | auto     | 0       |
|   mul_32s_32s_32_1_1_U234                   | 3    |        | mul_ln39_834  | mul       | auto     | 0       |
|   mul_32s_32s_32_1_1_U235                   | 3    |        | mul_ln39_835  | mul       | auto     | 0       |
|   mul_32s_32s_32_1_1_U236                   | 3    |        | mul_ln39_836  | mul       | auto     | 0       |
|   mul_32s_32s_32_1_1_U237                   | 3    |        | mul_ln39_837  | mul       | auto     | 0       |
|   mul_32s_32s_32_1_1_U238                   | 3    |        | mul_ln39_838  | mul       | auto     | 0       |
|   mul_32s_32s_32_1_1_U239                   | 3    |        | mul_ln39_839  | mul       | auto     | 0       |
|   mul_32s_32s_32_1_1_U240                   | 3    |        | mul_ln39_840  | mul       | auto     | 0       |
|   mul_32s_32s_32_1_1_U241                   | 3    |        | mul_ln39_841  | mul       | auto     | 0       |
|   mul_32s_32s_32_1_1_U242                   | 3    |        | mul_ln39_842  | mul       | auto     | 0       |
|   mul_32s_32s_32_1_1_U243                   | 3    |        | mul_ln39_843  | mul       | auto     | 0       |
|   mul_32s_32s_32_1_1_U244                   | 3    |        | mul_ln39_844  | mul       | auto     | 0       |
|   mul_32s_32s_32_1_1_U175                   | 3    |        | mul_ln39_845  | mul       | auto     | 0       |
|   mul_32s_32s_32_1_1_U176                   | 3    |        | mul_ln39_846  | mul       | auto     | 0       |
|   mul_32s_32s_32_1_1_U177                   | 3    |        | mul_ln39_847  | mul       | auto     | 0       |
|   add_ln39_833_fu_22924_p2                  |      |        | add_ln39_833  | add       | fabric   | 0       |
|   grp_fu_14536_p2                           |      |        | add_ln39_836  | add       | fabric   | 0       |
|   grp_fu_14548_p2                           |      |        | add_ln39_839  | add       | fabric   | 0       |
|   grp_fu_14554_p2                           |      |        | add_ln39_840  | add       | fabric   | 0       |
|   mul_32s_32s_32_1_1_U245                   | 3    |        | mul_ln39_848  | mul       | auto     | 0       |
|   mul_32s_32s_32_1_1_U246                   | 3    |        | mul_ln39_849  | mul       | auto     | 0       |
|   mul_32s_32s_32_1_1_U247                   | 3    |        | mul_ln39_850  | mul       | auto     | 0       |
|   mul_32s_32s_32_1_1_U248                   | 3    |        | mul_ln39_851  | mul       | auto     | 0       |
|   mul_32s_32s_32_1_1_U249                   | 3    |        | mul_ln39_852  | mul       | auto     | 0       |
|   mul_32s_32s_32_1_1_U250                   | 3    |        | mul_ln39_853  | mul       | auto     | 0       |
|   mul_32s_32s_32_1_1_U251                   | 3    |        | mul_ln39_854  | mul       | auto     | 0       |
|   mul_32s_32s_32_1_1_U252                   | 3    |        | mul_ln39_855  | mul       | auto     | 0       |
|   mul_32s_32s_32_1_1_U253                   | 3    |        | mul_ln39_856  | mul       | auto     | 0       |
|   mul_32s_32s_32_1_1_U254                   | 3    |        | mul_ln39_857  | mul       | auto     | 0       |
|   mul_32s_32s_32_1_1_U255                   | 3    |        | mul_ln39_858  | mul       | auto     | 0       |
|   mul_32s_32s_32_1_1_U256                   | 3    |        | mul_ln39_859  | mul       | auto     | 0       |
|   mul_32s_32s_32_1_1_U257                   | 3    |        | mul_ln39_860  | mul       | auto     | 0       |
|   mul_32s_32s_32_1_1_U178                   | 3    |        | mul_ln39_861  | mul       | auto     | 0       |
|   mul_32s_32s_32_1_1_U179                   | 3    |        | mul_ln39_862  | mul       | auto     | 0       |
|   mul_32s_32s_32_1_1_U180                   | 3    |        | mul_ln39_863  | mul       | auto     | 0       |
|   add_ln39_849_fu_22970_p2                  |      |        | add_ln39_849  | add       | fabric   | 0       |
|   add_ln39_852_fu_22982_p2                  |      |        | add_ln39_852  | add       | fabric   | 0       |
|   add_ln39_855_fu_23000_p2                  |      |        | add_ln39_855  | add       | fabric   | 0       |
|   add_ln39_856_fu_23006_p2                  |      |        | add_ln39_856  | add       | fabric   | 0       |
|   mul_32s_32s_32_1_1_U65                    | 3    |        | mul_ln39_864  | mul       | auto     | 0       |
|   mul_32s_32s_32_1_1_U66                    | 3    |        | mul_ln39_865  | mul       | auto     | 0       |
|   mul_32s_32s_32_1_1_U67                    | 3    |        | mul_ln39_866  | mul       | auto     | 0       |
|   mul_32s_32s_32_1_1_U68                    | 3    |        | mul_ln39_867  | mul       | auto     | 0       |
|   mul_32s_32s_32_1_1_U69                    | 3    |        | mul_ln39_868  | mul       | auto     | 0       |
|   mul_32s_32s_32_1_1_U70                    | 3    |        | mul_ln39_869  | mul       | auto     | 0       |
|   mul_32s_32s_32_1_1_U71                    | 3    |        | mul_ln39_870  | mul       | auto     | 0       |
|   mul_32s_32s_32_1_1_U72                    | 3    |        | mul_ln39_871  | mul       | auto     | 0       |
|   mul_32s_32s_32_1_1_U73                    | 3    |        | mul_ln39_872  | mul       | auto     | 0       |
|   mul_32s_32s_32_1_1_U74                    | 3    |        | mul_ln39_873  | mul       | auto     | 0       |
|   mul_32s_32s_32_1_1_U75                    | 3    |        | mul_ln39_874  | mul       | auto     | 0       |
|   mul_32s_32s_32_1_1_U76                    | 3    |        | mul_ln39_875  | mul       | auto     | 0       |
|   mul_32s_32s_32_1_1_U77                    | 3    |        | mul_ln39_876  | mul       | auto     | 0       |
|   mul_32s_32s_32_1_1_U45                    | 3    |        | mul_ln39_877  | mul       | auto     | 0       |
|   mul_32s_32s_32_1_1_U46                    | 3    |        | mul_ln39_878  | mul       | auto     | 0       |
|   mul_32s_32s_32_1_1_U47                    | 3    |        | mul_ln39_879  | mul       | auto     | 0       |
|   grp_fu_13534_p2                           |      |        | add_ln39_865  | add       | fabric   | 0       |
|   grp_fu_13546_p2                           |      |        | add_ln39_868  | add       | fabric   | 0       |
|   grp_fu_13558_p2                           |      |        | add_ln39_871  | add       | fabric   | 0       |
|   grp_fu_13564_p2                           |      |        | add_ln39_872  | add       | fabric   | 0       |
|   mul_32s_32s_32_1_1_U65                    | 3    |        | mul_ln39_880  | mul       | auto     | 0       |
|   mul_32s_32s_32_1_1_U66                    | 3    |        | mul_ln39_881  | mul       | auto     | 0       |
|   mul_32s_32s_32_1_1_U67                    | 3    |        | mul_ln39_882  | mul       | auto     | 0       |
|   mul_32s_32s_32_1_1_U68                    | 3    |        | mul_ln39_883  | mul       | auto     | 0       |
|   mul_32s_32s_32_1_1_U69                    | 3    |        | mul_ln39_884  | mul       | auto     | 0       |
|   mul_32s_32s_32_1_1_U70                    | 3    |        | mul_ln39_885  | mul       | auto     | 0       |
|   mul_32s_32s_32_1_1_U71                    | 3    |        | mul_ln39_886  | mul       | auto     | 0       |
|   mul_32s_32s_32_1_1_U72                    | 3    |        | mul_ln39_887  | mul       | auto     | 0       |
|   mul_32s_32s_32_1_1_U73                    | 3    |        | mul_ln39_888  | mul       | auto     | 0       |
|   mul_32s_32s_32_1_1_U74                    | 3    |        | mul_ln39_889  | mul       | auto     | 0       |
|   mul_32s_32s_32_1_1_U75                    | 3    |        | mul_ln39_890  | mul       | auto     | 0       |
|   mul_32s_32s_32_1_1_U76                    | 3    |        | mul_ln39_891  | mul       | auto     | 0       |
|   mul_32s_32s_32_1_1_U77                    | 3    |        | mul_ln39_892  | mul       | auto     | 0       |
|   mul_32s_32s_32_1_1_U45                    | 3    |        | mul_ln39_893  | mul       | auto     | 0       |
|   mul_32s_32s_32_1_1_U46                    | 3    |        | mul_ln39_894  | mul       | auto     | 0       |
|   mul_32s_32s_32_1_1_U47                    | 3    |        | mul_ln39_895  | mul       | auto     | 0       |
|   grp_fu_13534_p2                           |      |        | add_ln39_881  | add       | fabric   | 0       |
|   grp_fu_13546_p2                           |      |        | add_ln39_884  | add       | fabric   | 0       |
|   grp_fu_13558_p2                           |      |        | add_ln39_887  | add       | fabric   | 0       |
|   grp_fu_13564_p2                           |      |        | add_ln39_888  | add       | fabric   | 0       |
|   mul_32s_32s_32_1_1_U42                    | 3    |        | mul_ln39_896  | mul       | auto     | 0       |
|   mul_32s_32s_32_1_1_U43                    | 3    |        | mul_ln39_897  | mul       | auto     | 0       |
|   mul_32s_32s_32_1_1_U44                    | 3    |        | mul_ln39_898  | mul       | auto     | 0       |
|   mul_32s_32s_32_1_1_U52                    | 3    |        | mul_ln39_899  | mul       | auto     | 0       |
|   mul_32s_32s_32_1_1_U53                    | 3    |        | mul_ln39_900  | mul       | auto     | 0       |
|   mul_32s_32s_32_1_1_U54                    | 3    |        | mul_ln39_901  | mul       | auto     | 0       |
|   mul_32s_32s_32_1_1_U55                    | 3    |        | mul_ln39_902  | mul       | auto     | 0       |
|   mul_32s_32s_32_1_1_U56                    | 3    |        | mul_ln39_903  | mul       | auto     | 0       |
|   mul_32s_32s_32_1_1_U57                    | 3    |        | mul_ln39_904  | mul       | auto     | 0       |
|   mul_32s_32s_32_1_1_U58                    | 3    |        | mul_ln39_905  | mul       | auto     | 0       |
|   mul_32s_32s_32_1_1_U59                    | 3    |        | mul_ln39_906  | mul       | auto     | 0       |
|   mul_32s_32s_32_1_1_U60                    | 3    |        | mul_ln39_907  | mul       | auto     | 0       |
|   mul_32s_32s_32_1_1_U61                    | 3    |        | mul_ln39_908  | mul       | auto     | 0       |
|   mul_32s_32s_32_1_1_U45                    | 3    |        | mul_ln39_909  | mul       | auto     | 0       |
|   mul_32s_32s_32_1_1_U46                    | 3    |        | mul_ln39_910  | mul       | auto     | 0       |
|   mul_32s_32s_32_1_1_U47                    | 3    |        | mul_ln39_911  | mul       | auto     | 0       |
|   grp_fu_13342_p2                           |      |        | add_ln39_897  | add       | fabric   | 0       |
|   grp_fu_13198_p2                           |      |        | add_ln39_900  | add       | fabric   | 0       |
|   grp_fu_13210_p2                           |      |        | add_ln39_903  | add       | fabric   | 0       |
|   grp_fu_13216_p2                           |      |        | add_ln39_904  | add       | fabric   | 0       |
|   mul_32s_32s_32_1_1_U39                    | 3    |        | mul_ln39_912  | mul       | auto     | 0       |
|   mul_32s_32s_32_1_1_U40                    | 3    |        | mul_ln39_913  | mul       | auto     | 0       |
|   mul_32s_32s_32_1_1_U41                    | 3    |        | mul_ln39_914  | mul       | auto     | 0       |
|   mul_32s_32s_32_1_1_U258                   | 3    |        | mul_ln39_915  | mul       | auto     | 0       |
|   mul_32s_32s_32_1_1_U259                   | 3    |        | mul_ln39_916  | mul       | auto     | 0       |
|   mul_32s_32s_32_1_1_U260                   | 3    |        | mul_ln39_917  | mul       | auto     | 0       |
|   mul_32s_32s_32_1_1_U261                   | 3    |        | mul_ln39_918  | mul       | auto     | 0       |
|   mul_32s_32s_32_1_1_U262                   | 3    |        | mul_ln39_919  | mul       | auto     | 0       |
|   mul_32s_32s_32_1_1_U263                   | 3    |        | mul_ln39_920  | mul       | auto     | 0       |
|   mul_32s_32s_32_1_1_U264                   | 3    |        | mul_ln39_921  | mul       | auto     | 0       |
|   mul_32s_32s_32_1_1_U265                   | 3    |        | mul_ln39_922  | mul       | auto     | 0       |
|   mul_32s_32s_32_1_1_U266                   | 3    |        | mul_ln39_923  | mul       | auto     | 0       |
|   mul_32s_32s_32_1_1_U267                   | 3    |        | mul_ln39_924  | mul       | auto     | 0       |
|   mul_32s_32s_32_1_1_U181                   | 3    |        | mul_ln39_925  | mul       | auto     | 0       |
|   mul_32s_32s_32_1_1_U182                   | 3    |        | mul_ln39_926  | mul       | auto     | 0       |
|   mul_32s_32s_32_1_1_U183                   | 3    |        | mul_ln39_927  | mul       | auto     | 0       |
|   grp_fu_13234_p2                           |      |        | add_ln39_913  | add       | fabric   | 0       |
|   grp_fu_14746_p2                           |      |        | add_ln39_916  | add       | fabric   | 0       |
|   add_ln39_919_fu_23052_p2                  |      |        | add_ln39_919  | add       | fabric   | 0       |
|   grp_fu_15076_p2                           |      |        | add_ln39_920  | add       | fabric   | 0       |
|   mul_32s_32s_32_1_1_U268                   | 3    |        | mul_ln39_928  | mul       | auto     | 0       |
|   mul_32s_32s_32_1_1_U269                   | 3    |        | mul_ln39_929  | mul       | auto     | 0       |
|   mul_32s_32s_32_1_1_U270                   | 3    |        | mul_ln39_930  | mul       | auto     | 0       |
|   mul_32s_32s_32_1_1_U271                   | 3    |        | mul_ln39_931  | mul       | auto     | 0       |
|   mul_32s_32s_32_1_1_U272                   | 3    |        | mul_ln39_932  | mul       | auto     | 0       |
|   mul_32s_32s_32_1_1_U273                   | 3    |        | mul_ln39_933  | mul       | auto     | 0       |
|   mul_32s_32s_32_1_1_U274                   | 3    |        | mul_ln39_934  | mul       | auto     | 0       |
|   mul_32s_32s_32_1_1_U275                   | 3    |        | mul_ln39_935  | mul       | auto     | 0       |
|   mul_32s_32s_32_1_1_U276                   | 3    |        | mul_ln39_936  | mul       | auto     | 0       |
|   mul_32s_32s_32_1_1_U277                   | 3    |        | mul_ln39_937  | mul       | auto     | 0       |
|   mul_32s_32s_32_1_1_U278                   | 3    |        | mul_ln39_938  | mul       | auto     | 0       |
|   mul_32s_32s_32_1_1_U279                   | 3    |        | mul_ln39_939  | mul       | auto     | 0       |
|   mul_32s_32s_32_1_1_U280                   | 3    |        | mul_ln39_940  | mul       | auto     | 0       |
|   mul_32s_32s_32_1_1_U184                   | 3    |        | mul_ln39_941  | mul       | auto     | 0       |
|   mul_32s_32s_32_1_1_U185                   | 3    |        | mul_ln39_942  | mul       | auto     | 0       |
|   mul_32s_32s_32_1_1_U186                   | 3    |        | mul_ln39_943  | mul       | auto     | 0       |
|   add_ln39_929_fu_23092_p2                  |      |        | add_ln39_929  | add       | fabric   | 0       |
|   grp_fu_15082_p2                           |      |        | add_ln39_932  | add       | fabric   | 0       |
|   add_ln39_935_fu_23122_p2                  |      |        | add_ln39_935  | add       | fabric   | 0       |
|   add_ln39_936_fu_23128_p2                  |      |        | add_ln39_936  | add       | fabric   | 0       |
|   mul_32s_32s_32_1_1_U281                   | 3    |        | mul_ln39_944  | mul       | auto     | 0       |
|   mul_32s_32s_32_1_1_U282                   | 3    |        | mul_ln39_945  | mul       | auto     | 0       |
|   mul_32s_32s_32_1_1_U283                   | 3    |        | mul_ln39_946  | mul       | auto     | 0       |
|   mul_32s_32s_32_1_1_U284                   | 3    |        | mul_ln39_947  | mul       | auto     | 0       |
|   mul_32s_32s_32_1_1_U285                   | 3    |        | mul_ln39_948  | mul       | auto     | 0       |
|   mul_32s_32s_32_1_1_U286                   | 3    |        | mul_ln39_949  | mul       | auto     | 0       |
|   mul_32s_32s_32_1_1_U287                   | 3    |        | mul_ln39_950  | mul       | auto     | 0       |
|   mul_32s_32s_32_1_1_U288                   | 3    |        | mul_ln39_951  | mul       | auto     | 0       |
|   mul_32s_32s_32_1_1_U289                   | 3    |        | mul_ln39_952  | mul       | auto     | 0       |
|   mul_32s_32s_32_1_1_U290                   | 3    |        | mul_ln39_953  | mul       | auto     | 0       |
|   mul_32s_32s_32_1_1_U291                   | 3    |        | mul_ln39_954  | mul       | auto     | 0       |
|   mul_32s_32s_32_1_1_U292                   | 3    |        | mul_ln39_955  | mul       | auto     | 0       |
|   mul_32s_32s_32_1_1_U293                   | 3    |        | mul_ln39_956  | mul       | auto     | 0       |
|   mul_32s_32s_32_1_1_U187                   | 3    |        | mul_ln39_957  | mul       | auto     | 0       |
|   mul_32s_32s_32_1_1_U188                   | 3    |        | mul_ln39_958  | mul       | auto     | 0       |
|   mul_32s_32s_32_1_1_U189                   | 3    |        | mul_ln39_959  | mul       | auto     | 0       |
|   grp_fu_14794_p2                           |      |        | add_ln39_945  | add       | fabric   | 0       |
|   add_ln39_948_fu_23174_p2                  |      |        | add_ln39_948  | add       | fabric   | 0       |
|   add_ln39_951_fu_23192_p2                  |      |        | add_ln39_951  | add       | fabric   | 0       |
|   grp_fu_15088_p2                           |      |        | add_ln39_952  | add       | fabric   | 0       |
|   mul_32s_32s_32_1_1_U294                   | 3    |        | mul_ln39_960  | mul       | auto     | 0       |
|   mul_32s_32s_32_1_1_U295                   | 3    |        | mul_ln39_961  | mul       | auto     | 0       |
|   mul_32s_32s_32_1_1_U296                   | 3    |        | mul_ln39_962  | mul       | auto     | 0       |
|   mul_32s_32s_32_1_1_U297                   | 3    |        | mul_ln39_963  | mul       | auto     | 0       |
|   mul_32s_32s_32_1_1_U298                   | 3    |        | mul_ln39_964  | mul       | auto     | 0       |
|   mul_32s_32s_32_1_1_U299                   | 3    |        | mul_ln39_965  | mul       | auto     | 0       |
|   mul_32s_32s_32_1_1_U300                   | 3    |        | mul_ln39_966  | mul       | auto     | 0       |
|   mul_32s_32s_32_1_1_U301                   | 3    |        | mul_ln39_967  | mul       | auto     | 0       |
|   mul_32s_32s_32_1_1_U302                   | 3    |        | mul_ln39_968  | mul       | auto     | 0       |
|   mul_32s_32s_32_1_1_U303                   | 3    |        | mul_ln39_969  | mul       | auto     | 0       |
|   mul_32s_32s_32_1_1_U304                   | 3    |        | mul_ln39_970  | mul       | auto     | 0       |
|   mul_32s_32s_32_1_1_U305                   | 3    |        | mul_ln39_971  | mul       | auto     | 0       |
|   mul_32s_32s_32_1_1_U306                   | 3    |        | mul_ln39_972  | mul       | auto     | 0       |
|   mul_32s_32s_32_1_1_U190                   | 3    |        | mul_ln39_973  | mul       | auto     | 0       |
|   mul_32s_32s_32_1_1_U191                   | 3    |        | mul_ln39_974  | mul       | auto     | 0       |
|   mul_32s_32s_32_1_1_U192                   | 3    |        | mul_ln39_975  | mul       | auto     | 0       |
|   add_ln39_961_fu_23232_p2                  |      |        | add_ln39_961  | add       | fabric   | 0       |
|   add_ln39_964_fu_23244_p2                  |      |        | add_ln39_964  | add       | fabric   | 0       |
|   add_ln39_967_fu_23262_p2                  |      |        | add_ln39_967  | add       | fabric   | 0       |
|   add_ln39_968_fu_23268_p2                  |      |        | add_ln39_968  | add       | fabric   | 0       |
|   mul_32s_32s_32_1_1_U307                   | 3    |        | mul_ln39_976  | mul       | auto     | 0       |
|   mul_32s_32s_32_1_1_U308                   | 3    |        | mul_ln39_977  | mul       | auto     | 0       |
|   mul_32s_32s_32_1_1_U309                   | 3    |        | mul_ln39_978  | mul       | auto     | 0       |
|   mul_32s_32s_32_1_1_U310                   | 3    |        | mul_ln39_979  | mul       | auto     | 0       |
|   mul_32s_32s_32_1_1_U311                   | 3    |        | mul_ln39_980  | mul       | auto     | 0       |
|   mul_32s_32s_32_1_1_U312                   | 3    |        | mul_ln39_981  | mul       | auto     | 0       |
|   mul_32s_32s_32_1_1_U313                   | 3    |        | mul_ln39_982  | mul       | auto     | 0       |
|   mul_32s_32s_32_1_1_U314                   | 3    |        | mul_ln39_983  | mul       | auto     | 0       |
|   mul_32s_32s_32_1_1_U315                   | 3    |        | mul_ln39_984  | mul       | auto     | 0       |
|   mul_32s_32s_32_1_1_U316                   | 3    |        | mul_ln39_985  | mul       | auto     | 0       |
|   mul_32s_32s_32_1_1_U317                   | 3    |        | mul_ln39_986  | mul       | auto     | 0       |
|   mul_32s_32s_32_1_1_U318                   | 3    |        | mul_ln39_987  | mul       | auto     | 0       |
|   mul_32s_32s_32_1_1_U319                   | 3    |        | mul_ln39_988  | mul       | auto     | 0       |
|   mul_32s_32s_32_1_1_U193                   | 3    |        | mul_ln39_989  | mul       | auto     | 0       |
|   mul_32s_32s_32_1_1_U194                   | 3    |        | mul_ln39_990  | mul       | auto     | 0       |
|   mul_32s_32s_32_1_1_U195                   | 3    |        | mul_ln39_991  | mul       | auto     | 0       |
|   add_ln39_977_fu_23302_p2                  |      |        | add_ln39_977  | add       | fabric   | 0       |
|   grp_fu_14836_p2                           |      |        | add_ln39_980  | add       | fabric   | 0       |
|   add_ln39_983_fu_23332_p2                  |      |        | add_ln39_983  | add       | fabric   | 0       |
|   add_ln39_984_fu_23338_p2                  |      |        | add_ln39_984  | add       | fabric   | 0       |
|   mul_32s_32s_32_1_1_U75                    | 3    |        | mul_ln39_992  | mul       | auto     | 0       |
|   mul_32s_32s_32_1_1_U76                    | 3    |        | mul_ln39_993  | mul       | auto     | 0       |
|   mul_32s_32s_32_1_1_U77                    | 3    |        | mul_ln39_994  | mul       | auto     | 0       |
|   mul_32s_32s_32_1_1_U75                    | 3    |        | mul_ln39_995  | mul       | auto     | 0       |
|   mul_32s_32s_32_1_1_U76                    | 3    |        | mul_ln39_996  | mul       | auto     | 0       |
|   mul_32s_32s_32_1_1_U77                    | 3    |        | mul_ln39_997  | mul       | auto     | 0       |
|   mul_32s_32s_32_1_1_U78                    | 3    |        | mul_ln39_998  | mul       | auto     | 0       |
|   mul_32s_32s_32_1_1_U79                    | 3    |        | mul_ln39_999  | mul       | auto     | 0       |
|   mul_32s_32s_32_1_1_U80                    | 3    |        | mul_ln39_1000 | mul       | auto     | 0       |
|   mul_32s_32s_32_1_1_U81                    | 3    |        | mul_ln39_1001 | mul       | auto     | 0       |
|   mul_32s_32s_32_1_1_U82                    | 3    |        | mul_ln39_1002 | mul       | auto     | 0       |
|   mul_32s_32s_32_1_1_U78                    | 3    |        | mul_ln39_1003 | mul       | auto     | 0       |
|   mul_32s_32s_32_1_1_U79                    | 3    |        | mul_ln39_1004 | mul       | auto     | 0       |
|   mul_32s_32s_32_1_1_U80                    | 3    |        | mul_ln39_1005 | mul       | auto     | 0       |
|   mul_32s_32s_32_1_1_U81                    | 3    |        | mul_ln39_1006 | mul       | auto     | 0       |
|   mul_32s_32s_32_1_1_U82                    | 3    |        | mul_ln39_1007 | mul       | auto     | 0       |
|   grp_fu_13390_p2                           |      |        | add_ln39_993  | add       | fabric   | 0       |
|   grp_fu_14302_p2                           |      |        | add_ln39_996  | add       | fabric   | 0       |
|   grp_fu_13870_p2                           |      |        | add_ln39_999  | add       | fabric   | 0       |
|   grp_fu_14074_p2                           |      |        | add_ln39_1000 | add       | fabric   | 0       |
|   mul_32s_32s_32_1_1_U83                    | 3    |        | mul_ln39_1008 | mul       | auto     | 0       |
|   mul_32s_32s_32_1_1_U84                    | 3    |        | mul_ln39_1009 | mul       | auto     | 0       |
|   mul_32s_32s_32_1_1_U85                    | 3    |        | mul_ln39_1010 | mul       | auto     | 0       |
|   mul_32s_32s_32_1_1_U86                    | 3    |        | mul_ln39_1011 | mul       | auto     | 0       |
|   mul_32s_32s_32_1_1_U87                    | 3    |        | mul_ln39_1012 | mul       | auto     | 0       |
|   mul_32s_32s_32_1_1_U88                    | 3    |        | mul_ln39_1013 | mul       | auto     | 0       |
|   mul_32s_32s_32_1_1_U89                    | 3    |        | mul_ln39_1014 | mul       | auto     | 0       |
|   mul_32s_32s_32_1_1_U90                    | 3    |        | mul_ln39_1015 | mul       | auto     | 0       |
|   mul_32s_32s_32_1_1_U63                    | 3    |        | mul_ln39_1016 | mul       | auto     | 0       |
|   mul_32s_32s_32_1_1_U64                    | 3    |        | mul_ln39_1017 | mul       | auto     | 0       |
|   mul_32s_32s_32_1_1_U65                    | 3    |        | mul_ln39_1018 | mul       | auto     | 0       |
|   mul_32s_32s_32_1_1_U66                    | 3    |        | mul_ln39_1019 | mul       | auto     | 0       |
|   mul_32s_32s_32_1_1_U67                    | 3    |        | mul_ln39_1020 | mul       | auto     | 0       |
|   mul_32s_32s_32_1_1_U68                    | 3    |        | mul_ln39_1021 | mul       | auto     | 0       |
|   mul_32s_32s_32_1_1_U69                    | 3    |        | mul_ln39_1022 | mul       | auto     | 0       |
|   mul_32s_32s_32_1_1_U70                    | 3    |        | mul_ln39_1023 | mul       | auto     | 0       |
|   grp_fu_15106_p2                           |      |        | add_ln39_1009 | add       | fabric   | 0       |
|   grp_fu_14140_p2                           |      |        | add_ln39_1012 | add       | fabric   | 0       |
|   add_ln39_1015_fu_32274_p2                 |      |        | add_ln39_1015 | add       | fabric   | 0       |
|   grp_fu_13642_p2                           |      |        | add_ln39_1016 | add       | fabric   | 0       |
|   mul_32s_32s_32_1_1_U62                    | 3    |        | mul_ln39_1024 | mul       | auto     | 0       |
|   mul_32s_32s_32_1_1_U63                    | 3    |        | mul_ln39_1025 | mul       | auto     | 0       |
|   mul_32s_32s_32_1_1_U64                    | 3    |        | mul_ln39_1026 | mul       | auto     | 0       |
|   mul_32s_32s_32_1_1_U65                    | 3    |        | mul_ln39_1027 | mul       | auto     | 0       |
|   mul_32s_32s_32_1_1_U66                    | 3    |        | mul_ln39_1028 | mul       | auto     | 0       |
|   mul_32s_32s_32_1_1_U67                    | 3    |        | mul_ln39_1029 | mul       | auto     | 0       |
|   mul_32s_32s_32_1_1_U68                    | 3    |        | mul_ln39_1030 | mul       | auto     | 0       |
|   mul_32s_32s_32_1_1_U69                    | 3    |        | mul_ln39_1031 | mul       | auto     | 0       |
|   mul_32s_32s_32_1_1_U70                    | 3    |        | mul_ln39_1032 | mul       | auto     | 0       |
|   mul_32s_32s_32_1_1_U71                    | 3    |        | mul_ln39_1033 | mul       | auto     | 0       |
|   mul_32s_32s_32_1_1_U72                    | 3    |        | mul_ln39_1034 | mul       | auto     | 0       |
|   mul_32s_32s_32_1_1_U73                    | 3    |        | mul_ln39_1035 | mul       | auto     | 0       |
|   mul_32s_32s_32_1_1_U74                    | 3    |        | mul_ln39_1036 | mul       | auto     | 0       |
|   mul_32s_32s_32_1_1_U51                    | 3    |        | mul_ln39_1037 | mul       | auto     | 0       |
|   mul_32s_32s_32_1_1_U52                    | 3    |        | mul_ln39_1038 | mul       | auto     | 0       |
|   mul_32s_32s_32_1_1_U53                    | 3    |        | mul_ln39_1039 | mul       | auto     | 0       |
|   grp_fu_13384_p2                           |      |        | add_ln39_1025 | add       | fabric   | 0       |
|   grp_fu_13306_p2                           |      |        | add_ln39_1028 | add       | fabric   | 0       |
|   grp_fu_13318_p2                           |      |        | add_ln39_1031 | add       | fabric   | 0       |
|   grp_fu_13324_p2                           |      |        | add_ln39_1032 | add       | fabric   | 0       |
|   mul_32s_32s_32_1_1_U75                    | 3    |        | mul_ln39_1040 | mul       | auto     | 0       |
|   mul_32s_32s_32_1_1_U76                    | 3    |        | mul_ln39_1041 | mul       | auto     | 0       |
|   mul_32s_32s_32_1_1_U77                    | 3    |        | mul_ln39_1042 | mul       | auto     | 0       |
|   mul_32s_32s_32_1_1_U78                    | 3    |        | mul_ln39_1043 | mul       | auto     | 0       |
|   mul_32s_32s_32_1_1_U79                    | 3    |        | mul_ln39_1044 | mul       | auto     | 0       |
|   mul_32s_32s_32_1_1_U80                    | 3    |        | mul_ln39_1045 | mul       | auto     | 0       |
|   mul_32s_32s_32_1_1_U81                    | 3    |        | mul_ln39_1046 | mul       | auto     | 0       |
|   mul_32s_32s_32_1_1_U82                    | 3    |        | mul_ln39_1047 | mul       | auto     | 0       |
|   mul_32s_32s_32_1_1_U83                    | 3    |        | mul_ln39_1048 | mul       | auto     | 0       |
|   mul_32s_32s_32_1_1_U84                    | 3    |        | mul_ln39_1049 | mul       | auto     | 0       |
|   mul_32s_32s_32_1_1_U85                    | 3    |        | mul_ln39_1050 | mul       | auto     | 0       |
|   mul_32s_32s_32_1_1_U86                    | 3    |        | mul_ln39_1051 | mul       | auto     | 0       |
|   mul_32s_32s_32_1_1_U87                    | 3    |        | mul_ln39_1052 | mul       | auto     | 0       |
|   mul_32s_32s_32_1_1_U54                    | 3    |        | mul_ln39_1053 | mul       | auto     | 0       |
|   mul_32s_32s_32_1_1_U55                    | 3    |        | mul_ln39_1054 | mul       | auto     | 0       |
|   mul_32s_32s_32_1_1_U56                    | 3    |        | mul_ln39_1055 | mul       | auto     | 0       |
|   grp_fu_13390_p2                           |      |        | add_ln39_1041 | add       | fabric   | 0       |
|   grp_fu_13402_p2                           |      |        | add_ln39_1044 | add       | fabric   | 0       |
|   grp_fu_13414_p2                           |      |        | add_ln39_1047 | add       | fabric   | 0       |
|   grp_fu_13420_p2                           |      |        | add_ln39_1048 | add       | fabric   | 0       |
|   mul_32s_32s_32_1_1_U320                   | 3    |        | mul_ln39_1056 | mul       | auto     | 0       |
|   mul_32s_32s_32_1_1_U321                   | 3    |        | mul_ln39_1057 | mul       | auto     | 0       |
|   mul_32s_32s_32_1_1_U322                   | 3    |        | mul_ln39_1058 | mul       | auto     | 0       |
|   mul_32s_32s_32_1_1_U323                   | 3    |        | mul_ln39_1059 | mul       | auto     | 0       |
|   mul_32s_32s_32_1_1_U324                   | 3    |        | mul_ln39_1060 | mul       | auto     | 0       |
|   mul_32s_32s_32_1_1_U325                   | 3    |        | mul_ln39_1061 | mul       | auto     | 0       |
|   mul_32s_32s_32_1_1_U326                   | 3    |        | mul_ln39_1062 | mul       | auto     | 0       |
|   mul_32s_32s_32_1_1_U196                   | 3    |        | mul_ln39_1063 | mul       | auto     | 0       |
|   mul_32s_32s_32_1_1_U197                   | 3    |        | mul_ln39_1064 | mul       | auto     | 0       |
|   mul_32s_32s_32_1_1_U198                   | 3    |        | mul_ln39_1065 | mul       | auto     | 0       |
|   mul_32s_32s_32_1_1_U199                   | 3    |        | mul_ln39_1066 | mul       | auto     | 0       |
|   mul_32s_32s_32_1_1_U200                   | 3    |        | mul_ln39_1067 | mul       | auto     | 0       |
|   mul_32s_32s_32_1_1_U201                   | 3    |        | mul_ln39_1068 | mul       | auto     | 0       |
|   mul_32s_32s_32_1_1_U202                   | 3    |        | mul_ln39_1069 | mul       | auto     | 0       |
|   mul_32s_32s_32_1_1_U203                   | 3    |        | mul_ln39_1070 | mul       | auto     | 0       |
|   mul_32s_32s_32_1_1_U204                   | 3    |        | mul_ln39_1071 | mul       | auto     | 0       |
|   add_ln39_1057_fu_23379_p2                 |      |        | add_ln39_1057 | add       | fabric   | 0       |
|   add_ln39_1060_fu_23391_p2                 |      |        | add_ln39_1060 | add       | fabric   | 0       |
|   add_ln39_1063_fu_20107_p2                 |      |        | add_ln39_1063 | add       | fabric   | 0       |
|   grp_fu_14662_p2                           |      |        | add_ln39_1064 | add       | fabric   | 0       |
|   mul_32s_32s_32_1_1_U88                    | 3    |        | mul_ln39_1072 | mul       | auto     | 0       |
|   mul_32s_32s_32_1_1_U89                    | 3    |        | mul_ln39_1073 | mul       | auto     | 0       |
|   mul_32s_32s_32_1_1_U90                    | 3    |        | mul_ln39_1074 | mul       | auto     | 0       |
|   mul_32s_32s_32_1_1_U91                    | 3    |        | mul_ln39_1075 | mul       | auto     | 0       |
|   mul_32s_32s_32_1_1_U92                    | 3    |        | mul_ln39_1076 | mul       | auto     | 0       |
|   mul_32s_32s_32_1_1_U93                    | 3    |        | mul_ln39_1077 | mul       | auto     | 0       |
|   mul_32s_32s_32_1_1_U94                    | 3    |        | mul_ln39_1078 | mul       | auto     | 0       |
|   mul_32s_32s_32_1_1_U95                    | 3    |        | mul_ln39_1079 | mul       | auto     | 0       |
|   mul_32s_32s_32_1_1_U96                    | 3    |        | mul_ln39_1080 | mul       | auto     | 0       |
|   mul_32s_32s_32_1_1_U97                    | 3    |        | mul_ln39_1081 | mul       | auto     | 0       |
|   mul_32s_32s_32_1_1_U98                    | 3    |        | mul_ln39_1082 | mul       | auto     | 0       |
|   mul_32s_32s_32_1_1_U99                    | 3    |        | mul_ln39_1083 | mul       | auto     | 0       |
|   mul_32s_32s_32_1_1_U100                   | 3    |        | mul_ln39_1084 | mul       | auto     | 0       |
|   mul_32s_32s_32_1_1_U57                    | 3    |        | mul_ln39_1085 | mul       | auto     | 0       |
|   mul_32s_32s_32_1_1_U58                    | 3    |        | mul_ln39_1086 | mul       | auto     | 0       |
|   mul_32s_32s_32_1_1_U59                    | 3    |        | mul_ln39_1087 | mul       | auto     | 0       |
|   grp_fu_13438_p2                           |      |        | add_ln39_1073 | add       | fabric   | 0       |
|   grp_fu_13450_p2                           |      |        | add_ln39_1076 | add       | fabric   | 0       |
|   grp_fu_13462_p2                           |      |        | add_ln39_1079 | add       | fabric   | 0       |
|   grp_fu_13468_p2                           |      |        | add_ln39_1080 | add       | fabric   | 0       |
|   mul_32s_32s_32_1_1_U65                    | 3    |        | mul_ln39_1088 | mul       | auto     | 0       |
|   mul_32s_32s_32_1_1_U66                    | 3    |        | mul_ln39_1089 | mul       | auto     | 0       |
|   mul_32s_32s_32_1_1_U67                    | 3    |        | mul_ln39_1090 | mul       | auto     | 0       |
|   mul_32s_32s_32_1_1_U68                    | 3    |        | mul_ln39_1091 | mul       | auto     | 0       |
|   mul_32s_32s_32_1_1_U69                    | 3    |        | mul_ln39_1092 | mul       | auto     | 0       |
|   mul_32s_32s_32_1_1_U70                    | 3    |        | mul_ln39_1093 | mul       | auto     | 0       |
|   mul_32s_32s_32_1_1_U71                    | 3    |        | mul_ln39_1094 | mul       | auto     | 0       |
|   mul_32s_32s_32_1_1_U72                    | 3    |        | mul_ln39_1095 | mul       | auto     | 0       |
|   mul_32s_32s_32_1_1_U73                    | 3    |        | mul_ln39_1096 | mul       | auto     | 0       |
|   mul_32s_32s_32_1_1_U74                    | 3    |        | mul_ln39_1097 | mul       | auto     | 0       |
|   mul_32s_32s_32_1_1_U75                    | 3    |        | mul_ln39_1098 | mul       | auto     | 0       |
|   mul_32s_32s_32_1_1_U76                    | 3    |        | mul_ln39_1099 | mul       | auto     | 0       |
|   mul_32s_32s_32_1_1_U77                    | 3    |        | mul_ln39_1100 | mul       | auto     | 0       |
|   mul_32s_32s_32_1_1_U45                    | 3    |        | mul_ln39_1101 | mul       | auto     | 0       |
|   mul_32s_32s_32_1_1_U46                    | 3    |        | mul_ln39_1102 | mul       | auto     | 0       |
|   mul_32s_32s_32_1_1_U47                    | 3    |        | mul_ln39_1103 | mul       | auto     | 0       |
|   grp_fu_13534_p2                           |      |        | add_ln39_1089 | add       | fabric   | 0       |
|   grp_fu_13546_p2                           |      |        | add_ln39_1092 | add       | fabric   | 0       |
|   grp_fu_13558_p2                           |      |        | add_ln39_1095 | add       | fabric   | 0       |
|   grp_fu_13564_p2                           |      |        | add_ln39_1096 | add       | fabric   | 0       |
|   mul_32s_32s_32_1_1_U39                    | 3    |        | mul_ln39_1104 | mul       | auto     | 0       |
|   mul_32s_32s_32_1_1_U40                    | 3    |        | mul_ln39_1105 | mul       | auto     | 0       |
|   mul_32s_32s_32_1_1_U41                    | 3    |        | mul_ln39_1106 | mul       | auto     | 0       |
|   mul_32s_32s_32_1_1_U42                    | 3    |        | mul_ln39_1107 | mul       | auto     | 0       |
|   mul_32s_32s_32_1_1_U43                    | 3    |        | mul_ln39_1108 | mul       | auto     | 0       |
|   mul_32s_32s_32_1_1_U44                    | 3    |        | mul_ln39_1109 | mul       | auto     | 0       |
|   mul_32s_32s_32_1_1_U45                    | 3    |        | mul_ln39_1110 | mul       | auto     | 0       |
|   mul_32s_32s_32_1_1_U46                    | 3    |        | mul_ln39_1111 | mul       | auto     | 0       |
|   mul_32s_32s_32_1_1_U47                    | 3    |        | mul_ln39_1112 | mul       | auto     | 0       |
|   mul_32s_32s_32_1_1_U48                    | 3    |        | mul_ln39_1113 | mul       | auto     | 0       |
|   mul_32s_32s_32_1_1_U49                    | 3    |        | mul_ln39_1114 | mul       | auto     | 0       |
|   mul_32s_32s_32_1_1_U50                    | 3    |        | mul_ln39_1115 | mul       | auto     | 0       |
|   mul_32s_32s_32_1_1_U51                    | 3    |        | mul_ln39_1116 | mul       | auto     | 0       |
|   mul_32s_32s_32_1_1_U39                    | 3    |        | mul_ln39_1117 | mul       | auto     | 0       |
|   mul_32s_32s_32_1_1_U40                    | 3    |        | mul_ln39_1118 | mul       | auto     | 0       |
|   mul_32s_32s_32_1_1_U41                    | 3    |        | mul_ln39_1119 | mul       | auto     | 0       |
|   grp_fu_13234_p2                           |      |        | add_ln39_1105 | add       | fabric   | 0       |
|   grp_fu_13126_p2                           |      |        | add_ln39_1108 | add       | fabric   | 0       |
|   grp_fu_13138_p2                           |      |        | add_ln39_1111 | add       | fabric   | 0       |
|   grp_fu_13144_p2                           |      |        | add_ln39_1112 | add       | fabric   | 0       |
|   mul_32s_32s_32_1_1_U48                    | 3    |        | mul_ln39_1120 | mul       | auto     | 0       |
|   mul_32s_32s_32_1_1_U49                    | 3    |        | mul_ln39_1121 | mul       | auto     | 0       |
|   mul_32s_32s_32_1_1_U50                    | 3    |        | mul_ln39_1122 | mul       | auto     | 0       |
|   mul_32s_32s_32_1_1_U327                   | 3    |        | mul_ln39_1123 | mul       | auto     | 0       |
|   mul_32s_32s_32_1_1_U328                   | 3    |        | mul_ln39_1124 | mul       | auto     | 0       |
|   mul_32s_32s_32_1_1_U329                   | 3    |        | mul_ln39_1125 | mul       | auto     | 0       |
|   mul_32s_32s_32_1_1_U330                   | 3    |        | mul_ln39_1126 | mul       | auto     | 0       |
|   mul_32s_32s_32_1_1_U331                   | 3    |        | mul_ln39_1127 | mul       | auto     | 0       |
|   mul_32s_32s_32_1_1_U332                   | 3    |        | mul_ln39_1128 | mul       | auto     | 0       |
|   mul_32s_32s_32_1_1_U333                   | 3    |        | mul_ln39_1129 | mul       | auto     | 0       |
|   mul_32s_32s_32_1_1_U334                   | 3    |        | mul_ln39_1130 | mul       | auto     | 0       |
|   mul_32s_32s_32_1_1_U335                   | 3    |        | mul_ln39_1131 | mul       | auto     | 0       |
|   mul_32s_32s_32_1_1_U336                   | 3    |        | mul_ln39_1132 | mul       | auto     | 0       |
|   mul_32s_32s_32_1_1_U205                   | 3    |        | mul_ln39_1133 | mul       | auto     | 0       |
|   mul_32s_32s_32_1_1_U206                   | 3    |        | mul_ln39_1134 | mul       | auto     | 0       |
|   mul_32s_32s_32_1_1_U207                   | 3    |        | mul_ln39_1135 | mul       | auto     | 0       |
|   grp_fu_13630_p2                           |      |        | add_ln39_1121 | add       | fabric   | 0       |
|   add_ln39_1124_fu_23420_p2                 |      |        | add_ln39_1124 | add       | fabric   | 0       |
|   add_ln39_1127_fu_23437_p2                 |      |        | add_ln39_1127 | add       | fabric   | 0       |
|   add_ln39_1128_fu_23443_p2                 |      |        | add_ln39_1128 | add       | fabric   | 0       |
|   mul_32s_32s_32_1_1_U48                    | 3    |        | mul_ln39_1136 | mul       | auto     | 0       |
|   mul_32s_32s_32_1_1_U49                    | 3    |        | mul_ln39_1137 | mul       | auto     | 0       |
|   mul_32s_32s_32_1_1_U50                    | 3    |        | mul_ln39_1138 | mul       | auto     | 0       |
|   mul_32s_32s_32_1_1_U51                    | 3    |        | mul_ln39_1139 | mul       | auto     | 0       |
|   mul_32s_32s_32_1_1_U52                    | 3    |        | mul_ln39_1140 | mul       | auto     | 0       |
|   mul_32s_32s_32_1_1_U53                    | 3    |        | mul_ln39_1141 | mul       | auto     | 0       |
|   mul_32s_32s_32_1_1_U54                    | 3    |        | mul_ln39_1142 | mul       | auto     | 0       |
|   mul_32s_32s_32_1_1_U78                    | 3    |        | mul_ln39_1143 | mul       | auto     | 0       |
|   mul_32s_32s_32_1_1_U79                    | 3    |        | mul_ln39_1144 | mul       | auto     | 0       |
|   mul_32s_32s_32_1_1_U80                    | 3    |        | mul_ln39_1145 | mul       | auto     | 0       |
|   mul_32s_32s_32_1_1_U81                    | 3    |        | mul_ln39_1146 | mul       | auto     | 0       |
|   mul_32s_32s_32_1_1_U82                    | 3    |        | mul_ln39_1147 | mul       | auto     | 0       |
|   mul_32s_32s_32_1_1_U83                    | 3    |        | mul_ln39_1148 | mul       | auto     | 0       |
|   mul_32s_32s_32_1_1_U84                    | 3    |        | mul_ln39_1149 | mul       | auto     | 0       |
|   mul_32s_32s_32_1_1_U85                    | 3    |        | mul_ln39_1150 | mul       | auto     | 0       |
|   mul_32s_32s_32_1_1_U86                    | 3    |        | mul_ln39_1151 | mul       | auto     | 0       |
|   grp_fu_13630_p2                           |      |        | add_ln39_1137 | add       | fabric   | 0       |
|   grp_fu_13720_p2                           |      |        | add_ln39_1140 | add       | fabric   | 0       |
|   grp_fu_13696_p2                           |      |        | add_ln39_1143 | add       | fabric   | 0       |
|   grp_fu_13402_p2                           |      |        | add_ln39_1144 | add       | fabric   | 0       |
|   mul_32s_32s_32_1_1_U55                    | 3    |        | mul_ln39_1152 | mul       | auto     | 0       |
|   mul_32s_32s_32_1_1_U56                    | 3    |        | mul_ln39_1153 | mul       | auto     | 0       |
|   mul_32s_32s_32_1_1_U57                    | 3    |        | mul_ln39_1154 | mul       | auto     | 0       |
|   mul_32s_32s_32_1_1_U337                   | 3    |        | mul_ln39_1155 | mul       | auto     | 0       |
|   mul_32s_32s_32_1_1_U338                   | 3    |        | mul_ln39_1156 | mul       | auto     | 0       |
|   mul_32s_32s_32_1_1_U339                   | 3    |        | mul_ln39_1157 | mul       | auto     | 0       |
|   mul_32s_32s_32_1_1_U340                   | 3    |        | mul_ln39_1158 | mul       | auto     | 0       |
|   mul_32s_32s_32_1_1_U341                   | 3    |        | mul_ln39_1159 | mul       | auto     | 0       |
|   mul_32s_32s_32_1_1_U342                   | 3    |        | mul_ln39_1160 | mul       | auto     | 0       |
|   mul_32s_32s_32_1_1_U343                   | 3    |        | mul_ln39_1161 | mul       | auto     | 0       |
|   mul_32s_32s_32_1_1_U344                   | 3    |        | mul_ln39_1162 | mul       | auto     | 0       |
|   mul_32s_32s_32_1_1_U345                   | 3    |        | mul_ln39_1163 | mul       | auto     | 0       |
|   mul_32s_32s_32_1_1_U346                   | 3    |        | mul_ln39_1164 | mul       | auto     | 0       |
|   mul_32s_32s_32_1_1_U208                   | 3    |        | mul_ln39_1165 | mul       | auto     | 0       |
|   mul_32s_32s_32_1_1_U209                   | 3    |        | mul_ln39_1166 | mul       | auto     | 0       |
|   mul_32s_32s_32_1_1_U210                   | 3    |        | mul_ln39_1167 | mul       | auto     | 0       |
|   add_ln39_1153_fu_17171_p2                 |      |        | add_ln39_1153 | add       | fabric   | 0       |
|   grp_fu_14872_p2                           |      |        | add_ln39_1156 | add       | fabric   | 0       |
|   add_ln39_1159_fu_23489_p2                 |      |        | add_ln39_1159 | add       | fabric   | 0       |
|   add_ln39_1160_fu_23495_p2                 |      |        | add_ln39_1160 | add       | fabric   | 0       |
|   mul_32s_32s_32_1_1_U39                    | 3    |        | mul_ln39_1168 | mul       | auto     | 0       |
|   mul_32s_32s_32_1_1_U40                    | 3    |        | mul_ln39_1169 | mul       | auto     | 0       |
|   mul_32s_32s_32_1_1_U41                    | 3    |        | mul_ln39_1170 | mul       | auto     | 0       |
|   mul_32s_32s_32_1_1_U42                    | 3    |        | mul_ln39_1171 | mul       | auto     | 0       |
|   mul_32s_32s_32_1_1_U43                    | 3    |        | mul_ln39_1172 | mul       | auto     | 0       |
|   mul_32s_32s_32_1_1_U44                    | 3    |        | mul_ln39_1173 | mul       | auto     | 0       |
|   mul_32s_32s_32_1_1_U45                    | 3    |        | mul_ln39_1174 | mul       | auto     | 0       |
|   mul_32s_32s_32_1_1_U46                    | 3    |        | mul_ln39_1175 | mul       | auto     | 0       |
|   mul_32s_32s_32_1_1_U47                    | 3    |        | mul_ln39_1176 | mul       | auto     | 0       |
|   mul_32s_32s_32_1_1_U48                    | 3    |        | mul_ln39_1177 | mul       | auto     | 0       |
|   mul_32s_32s_32_1_1_U49                    | 3    |        | mul_ln39_1178 | mul       | auto     | 0       |
|   mul_32s_32s_32_1_1_U50                    | 3    |        | mul_ln39_1179 | mul       | auto     | 0       |
|   mul_32s_32s_32_1_1_U51                    | 3    |        | mul_ln39_1180 | mul       | auto     | 0       |
|   mul_32s_32s_32_1_1_U42                    | 3    |        | mul_ln39_1181 | mul       | auto     | 0       |
|   mul_32s_32s_32_1_1_U43                    | 3    |        | mul_ln39_1182 | mul       | auto     | 0       |
|   mul_32s_32s_32_1_1_U44                    | 3    |        | mul_ln39_1183 | mul       | auto     | 0       |
|   grp_fu_13234_p2                           |      |        | add_ln39_1169 | add       | fabric   | 0       |
|   grp_fu_13126_p2                           |      |        | add_ln39_1172 | add       | fabric   | 0       |
|   grp_fu_13138_p2                           |      |        | add_ln39_1175 | add       | fabric   | 0       |
|   grp_fu_13144_p2                           |      |        | add_ln39_1176 | add       | fabric   | 0       |
|   mul_32s_32s_32_1_1_U347                   | 3    |        | mul_ln39_1184 | mul       | auto     | 0       |
|   mul_32s_32s_32_1_1_U348                   | 3    |        | mul_ln39_1185 | mul       | auto     | 0       |
|   mul_32s_32s_32_1_1_U349                   | 3    |        | mul_ln39_1186 | mul       | auto     | 0       |
|   mul_32s_32s_32_1_1_U350                   | 3    |        | mul_ln39_1187 | mul       | auto     | 0       |
|   mul_32s_32s_32_1_1_U351                   | 3    |        | mul_ln39_1188 | mul       | auto     | 0       |
|   mul_32s_32s_32_1_1_U352                   | 3    |        | mul_ln39_1189 | mul       | auto     | 0       |
|   mul_32s_32s_32_1_1_U353                   | 3    |        | mul_ln39_1190 | mul       | auto     | 0       |
|   mul_32s_32s_32_1_1_U354                   | 3    |        | mul_ln39_1191 | mul       | auto     | 0       |
|   mul_32s_32s_32_1_1_U355                   | 3    |        | mul_ln39_1192 | mul       | auto     | 0       |
|   mul_32s_32s_32_1_1_U356                   | 3    |        | mul_ln39_1193 | mul       | auto     | 0       |
|   mul_32s_32s_32_1_1_U357                   | 3    |        | mul_ln39_1194 | mul       | auto     | 0       |
|   mul_32s_32s_32_1_1_U358                   | 3    |        | mul_ln39_1195 | mul       | auto     | 0       |
|   mul_32s_32s_32_1_1_U359                   | 3    |        | mul_ln39_1196 | mul       | auto     | 0       |
|   mul_32s_32s_32_1_1_U211                   | 3    |        | mul_ln39_1197 | mul       | auto     | 0       |
|   mul_32s_32s_32_1_1_U212                   | 3    |        | mul_ln39_1198 | mul       | auto     | 0       |
|   mul_32s_32s_32_1_1_U213                   | 3    |        | mul_ln39_1199 | mul       | auto     | 0       |
|   add_ln39_1185_fu_23535_p2                 |      |        | add_ln39_1185 | add       | fabric   | 0       |
|   add_ln39_1188_fu_23553_p2                 |      |        | add_ln39_1188 | add       | fabric   | 0       |
|   add_ln39_1191_fu_23571_p2                 |      |        | add_ln39_1191 | add       | fabric   | 0       |
|   add_ln39_1192_fu_23577_p2                 |      |        | add_ln39_1192 | add       | fabric   | 0       |
|   mul_32s_32s_32_1_1_U39                    | 3    |        | mul_ln39_1200 | mul       | auto     | 0       |
|   mul_32s_32s_32_1_1_U40                    | 3    |        | mul_ln39_1201 | mul       | auto     | 0       |
|   mul_32s_32s_32_1_1_U41                    | 3    |        | mul_ln39_1202 | mul       | auto     | 0       |
|   mul_32s_32s_32_1_1_U42                    | 3    |        | mul_ln39_1203 | mul       | auto     | 0       |
|   mul_32s_32s_32_1_1_U43                    | 3    |        | mul_ln39_1204 | mul       | auto     | 0       |
|   mul_32s_32s_32_1_1_U44                    | 3    |        | mul_ln39_1205 | mul       | auto     | 0       |
|   mul_32s_32s_32_1_1_U45                    | 3    |        | mul_ln39_1206 | mul       | auto     | 0       |
|   mul_32s_32s_32_1_1_U46                    | 3    |        | mul_ln39_1207 | mul       | auto     | 0       |
|   mul_32s_32s_32_1_1_U47                    | 3    |        | mul_ln39_1208 | mul       | auto     | 0       |
|   mul_32s_32s_32_1_1_U48                    | 3    |        | mul_ln39_1209 | mul       | auto     | 0       |
|   mul_32s_32s_32_1_1_U49                    | 3    |        | mul_ln39_1210 | mul       | auto     | 0       |
|   mul_32s_32s_32_1_1_U50                    | 3    |        | mul_ln39_1211 | mul       | auto     | 0       |
|   mul_32s_32s_32_1_1_U51                    | 3    |        | mul_ln39_1212 | mul       | auto     | 0       |
|   mul_32s_32s_32_1_1_U39                    | 3    |        | mul_ln39_1213 | mul       | auto     | 0       |
|   mul_32s_32s_32_1_1_U40                    | 3    |        | mul_ln39_1214 | mul       | auto     | 0       |
|   mul_32s_32s_32_1_1_U41                    | 3    |        | mul_ln39_1215 | mul       | auto     | 0       |
|   grp_fu_13234_p2                           |      |        | add_ln39_1201 | add       | fabric   | 0       |
|   grp_fu_13126_p2                           |      |        | add_ln39_1204 | add       | fabric   | 0       |
|   grp_fu_13138_p2                           |      |        | add_ln39_1207 | add       | fabric   | 0       |
|   grp_fu_13144_p2                           |      |        | add_ln39_1208 | add       | fabric   | 0       |
|   mul_32s_32s_32_1_1_U360                   | 3    |        | mul_ln39_1216 | mul       | auto     | 0       |
|   mul_32s_32s_32_1_1_U361                   | 3    |        | mul_ln39_1217 | mul       | auto     | 0       |
|   mul_32s_32s_32_1_1_U362                   | 3    |        | mul_ln39_1218 | mul       | auto     | 0       |
|   mul_32s_32s_32_1_1_U363                   | 3    |        | mul_ln39_1219 | mul       | auto     | 0       |
|   mul_32s_32s_32_1_1_U364                   | 3    |        | mul_ln39_1220 | mul       | auto     | 0       |
|   mul_32s_32s_32_1_1_U365                   | 3    |        | mul_ln39_1221 | mul       | auto     | 0       |
|   mul_32s_32s_32_1_1_U366                   | 3    |        | mul_ln39_1222 | mul       | auto     | 0       |
|   mul_32s_32s_32_1_1_U367                   | 3    |        | mul_ln39_1223 | mul       | auto     | 0       |
|   mul_32s_32s_32_1_1_U368                   | 3    |        | mul_ln39_1224 | mul       | auto     | 0       |
|   mul_32s_32s_32_1_1_U369                   | 3    |        | mul_ln39_1225 | mul       | auto     | 0       |
|   mul_32s_32s_32_1_1_U370                   | 3    |        | mul_ln39_1226 | mul       | auto     | 0       |
|   mul_32s_32s_32_1_1_U371                   | 3    |        | mul_ln39_1227 | mul       | auto     | 0       |
|   mul_32s_32s_32_1_1_U372                   | 3    |        | mul_ln39_1228 | mul       | auto     | 0       |
|   mul_32s_32s_32_1_1_U214                   | 3    |        | mul_ln39_1229 | mul       | auto     | 0       |
|   mul_32s_32s_32_1_1_U215                   | 3    |        | mul_ln39_1230 | mul       | auto     | 0       |
|   mul_32s_32s_32_1_1_U216                   | 3    |        | mul_ln39_1231 | mul       | auto     | 0       |
|   add_ln39_1217_fu_23617_p2                 |      |        | add_ln39_1217 | add       | fabric   | 0       |
|   add_ln39_1220_fu_23635_p2                 |      |        | add_ln39_1220 | add       | fabric   | 0       |
|   add_ln39_1223_fu_23653_p2                 |      |        | add_ln39_1223 | add       | fabric   | 0       |
|   add_ln39_1224_fu_23659_p2                 |      |        | add_ln39_1224 | add       | fabric   | 0       |
|   mul_32s_32s_32_1_1_U373                   | 3    |        | mul_ln39_1232 | mul       | auto     | 0       |
|   mul_32s_32s_32_1_1_U374                   | 3    |        | mul_ln39_1233 | mul       | auto     | 0       |
|   mul_32s_32s_32_1_1_U375                   | 3    |        | mul_ln39_1234 | mul       | auto     | 0       |
|   mul_32s_32s_32_1_1_U376                   | 3    |        | mul_ln39_1235 | mul       | auto     | 0       |
|   mul_32s_32s_32_1_1_U377                   | 3    |        | mul_ln39_1236 | mul       | auto     | 0       |
|   mul_32s_32s_32_1_1_U378                   | 3    |        | mul_ln39_1237 | mul       | auto     | 0       |
|   mul_32s_32s_32_1_1_U379                   | 3    |        | mul_ln39_1238 | mul       | auto     | 0       |
|   mul_32s_32s_32_1_1_U380                   | 3    |        | mul_ln39_1239 | mul       | auto     | 0       |
|   mul_32s_32s_32_1_1_U381                   | 3    |        | mul_ln39_1240 | mul       | auto     | 0       |
|   mul_32s_32s_32_1_1_U382                   | 3    |        | mul_ln39_1241 | mul       | auto     | 0       |
|   mul_32s_32s_32_1_1_U383                   | 3    |        | mul_ln39_1242 | mul       | auto     | 0       |
|   mul_32s_32s_32_1_1_U217                   | 3    |        | mul_ln39_1243 | mul       | auto     | 0       |
|   mul_32s_32s_32_1_1_U218                   | 3    |        | mul_ln39_1244 | mul       | auto     | 0       |
|   mul_32s_32s_32_1_1_U219                   | 3    |        | mul_ln39_1245 | mul       | auto     | 0       |
|   mul_32s_32s_32_1_1_U220                   | 3    |        | mul_ln39_1246 | mul       | auto     | 0       |
|   mul_32s_32s_32_1_1_U221                   | 3    |        | mul_ln39_1247 | mul       | auto     | 0       |
|   add_ln39_1233_fu_23699_p2                 |      |        | add_ln39_1233 | add       | fabric   | 0       |
|   add_ln39_1236_fu_23717_p2                 |      |        | add_ln39_1236 | add       | fabric   | 0       |
|   add_ln39_1239_fu_23735_p2                 |      |        | add_ln39_1239 | add       | fabric   | 0       |
|   add_ln39_1240_fu_23741_p2                 |      |        | add_ln39_1240 | add       | fabric   | 0       |
|   mul_32s_32s_32_1_1_U83                    | 3    |        | mul_ln39_1248 | mul       | auto     | 0       |
|   mul_32s_32s_32_1_1_U84                    | 3    |        | mul_ln39_1249 | mul       | auto     | 0       |
|   mul_32s_32s_32_1_1_U85                    | 3    |        | mul_ln39_1250 | mul       | auto     | 0       |
|   mul_32s_32s_32_1_1_U91                    | 3    |        | mul_ln39_1251 | mul       | auto     | 0       |
|   mul_32s_32s_32_1_1_U92                    | 3    |        | mul_ln39_1252 | mul       | auto     | 0       |
|   mul_32s_32s_32_1_1_U93                    | 3    |        | mul_ln39_1253 | mul       | auto     | 0       |
|   mul_32s_32s_32_1_1_U94                    | 3    |        | mul_ln39_1254 | mul       | auto     | 0       |
|   mul_32s_32s_32_1_1_U95                    | 3    |        | mul_ln39_1255 | mul       | auto     | 0       |
|   mul_32s_32s_32_1_1_U96                    | 3    |        | mul_ln39_1256 | mul       | auto     | 0       |
|   mul_32s_32s_32_1_1_U97                    | 3    |        | mul_ln39_1257 | mul       | auto     | 0       |
|   mul_32s_32s_32_1_1_U98                    | 3    |        | mul_ln39_1258 | mul       | auto     | 0       |
|   mul_32s_32s_32_1_1_U86                    | 3    |        | mul_ln39_1259 | mul       | auto     | 0       |
|   mul_32s_32s_32_1_1_U87                    | 3    |        | mul_ln39_1260 | mul       | auto     | 0       |
|   mul_32s_32s_32_1_1_U88                    | 3    |        | mul_ln39_1261 | mul       | auto     | 0       |
|   mul_32s_32s_32_1_1_U89                    | 3    |        | mul_ln39_1262 | mul       | auto     | 0       |
|   mul_32s_32s_32_1_1_U90                    | 3    |        | mul_ln39_1263 | mul       | auto     | 0       |
|   grp_fu_15106_p2                           |      |        | add_ln39_1249 | add       | fabric   | 0       |
|   grp_fu_13450_p2                           |      |        | add_ln39_1252 | add       | fabric   | 0       |
|   grp_fu_13462_p2                           |      |        | add_ln39_1255 | add       | fabric   | 0       |
|   grp_fu_13468_p2                           |      |        | add_ln39_1256 | add       | fabric   | 0       |
|   mul_32s_32s_32_1_1_U99                    | 3    |        | mul_ln39_1264 | mul       | auto     | 0       |
|   mul_32s_32s_32_1_1_U100                   | 3    |        | mul_ln39_1265 | mul       | auto     | 0       |
|   mul_32s_32s_32_1_1_U101                   | 3    |        | mul_ln39_1266 | mul       | auto     | 0       |
|   mul_32s_32s_32_1_1_U102                   | 3    |        | mul_ln39_1267 | mul       | auto     | 0       |
|   mul_32s_32s_32_1_1_U103                   | 3    |        | mul_ln39_1268 | mul       | auto     | 0       |
|   mul_32s_32s_32_1_1_U104                   | 3    |        | mul_ln39_1269 | mul       | auto     | 0       |
|   mul_32s_32s_32_1_1_U105                   | 3    |        | mul_ln39_1270 | mul       | auto     | 0       |
|   mul_32s_32s_32_1_1_U106                   | 3    |        | mul_ln39_1271 | mul       | auto     | 0       |
|   mul_32s_32s_32_1_1_U71                    | 3    |        | mul_ln39_1272 | mul       | auto     | 0       |
|   mul_32s_32s_32_1_1_U72                    | 3    |        | mul_ln39_1273 | mul       | auto     | 0       |
|   mul_32s_32s_32_1_1_U73                    | 3    |        | mul_ln39_1274 | mul       | auto     | 0       |
|   mul_32s_32s_32_1_1_U74                    | 3    |        | mul_ln39_1275 | mul       | auto     | 0       |
|   mul_32s_32s_32_1_1_U75                    | 3    |        | mul_ln39_1276 | mul       | auto     | 0       |
|   mul_32s_32s_32_1_1_U76                    | 3    |        | mul_ln39_1277 | mul       | auto     | 0       |
|   mul_32s_32s_32_1_1_U77                    | 3    |        | mul_ln39_1278 | mul       | auto     | 0       |
|   mul_32s_32s_32_1_1_U78                    | 3    |        | mul_ln39_1279 | mul       | auto     | 0       |
|   grp_fu_15112_p2                           |      |        | add_ln39_1265 | add       | fabric   | 0       |
|   grp_fu_13822_p2                           |      |        | add_ln39_1268 | add       | fabric   | 0       |
|   add_ln39_1271_fu_32298_p2                 |      |        | add_ln39_1271 | add       | fabric   | 0       |
|   grp_fu_13558_p2                           |      |        | add_ln39_1272 | add       | fabric   | 0       |
|   mul_32s_32s_32_1_1_U384                   | 3    |        | mul_ln39_1280 | mul       | auto     | 0       |
|   mul_32s_32s_32_1_1_U385                   | 3    |        | mul_ln39_1281 | mul       | auto     | 0       |
|   mul_32s_32s_32_1_1_U386                   | 3    |        | mul_ln39_1282 | mul       | auto     | 0       |
|   mul_32s_32s_32_1_1_U387                   | 3    |        | mul_ln39_1283 | mul       | auto     | 0       |
|   mul_32s_32s_32_1_1_U388                   | 3    |        | mul_ln39_1284 | mul       | auto     | 0       |
|   mul_32s_32s_32_1_1_U389                   | 3    |        | mul_ln39_1285 | mul       | auto     | 0       |
|   mul_32s_32s_32_1_1_U390                   | 3    |        | mul_ln39_1286 | mul       | auto     | 0       |
|   mul_32s_32s_32_1_1_U222                   | 3    |        | mul_ln39_1287 | mul       | auto     | 0       |
|   mul_32s_32s_32_1_1_U223                   | 3    |        | mul_ln39_1288 | mul       | auto     | 0       |
|   mul_32s_32s_32_1_1_U224                   | 3    |        | mul_ln39_1289 | mul       | auto     | 0       |
|   mul_32s_32s_32_1_1_U225                   | 3    |        | mul_ln39_1290 | mul       | auto     | 0       |
|   mul_32s_32s_32_1_1_U226                   | 3    |        | mul_ln39_1291 | mul       | auto     | 0       |
|   mul_32s_32s_32_1_1_U227                   | 3    |        | mul_ln39_1292 | mul       | auto     | 0       |
|   mul_32s_32s_32_1_1_U228                   | 3    |        | mul_ln39_1293 | mul       | auto     | 0       |
|   mul_32s_32s_32_1_1_U229                   | 3    |        | mul_ln39_1294 | mul       | auto     | 0       |
|   mul_32s_32s_32_1_1_U230                   | 3    |        | mul_ln39_1295 | mul       | auto     | 0       |
|   add_ln39_1281_fu_23771_p2                 |      |        | add_ln39_1281 | add       | fabric   | 0       |
|   add_ln39_1284_fu_23783_p2                 |      |        | add_ln39_1284 | add       | fabric   | 0       |
|   grp_fu_14500_p2                           |      |        | add_ln39_1287 | add       | fabric   | 0       |
|   grp_fu_14710_p2                           |      |        | add_ln39_1288 | add       | fabric   | 0       |
|   mul_32s_32s_32_1_1_U391                   | 3    |        | mul_ln39_1296 | mul       | auto     | 0       |
|   mul_32s_32s_32_1_1_U392                   | 3    |        | mul_ln39_1297 | mul       | auto     | 0       |
|   mul_32s_32s_32_1_1_U393                   | 3    |        | mul_ln39_1298 | mul       | auto     | 0       |
|   mul_32s_32s_32_1_1_U394                   | 3    |        | mul_ln39_1299 | mul       | auto     | 0       |
|   mul_32s_32s_32_1_1_U395                   | 3    |        | mul_ln39_1300 | mul       | auto     | 0       |
|   mul_32s_32s_32_1_1_U396                   | 3    |        | mul_ln39_1301 | mul       | auto     | 0       |
|   mul_32s_32s_32_1_1_U397                   | 3    |        | mul_ln39_1302 | mul       | auto     | 0       |
|   mul_32s_32s_32_1_1_U398                   | 3    |        | mul_ln39_1303 | mul       | auto     | 0       |
|   mul_32s_32s_32_1_1_U399                   | 3    |        | mul_ln39_1304 | mul       | auto     | 0       |
|   mul_32s_32s_32_1_1_U400                   | 3    |        | mul_ln39_1305 | mul       | auto     | 0       |
|   mul_32s_32s_32_1_1_U401                   | 3    |        | mul_ln39_1306 | mul       | auto     | 0       |
|   mul_32s_32s_32_1_1_U402                   | 3    |        | mul_ln39_1307 | mul       | auto     | 0       |
|   mul_32s_32s_32_1_1_U403                   | 3    |        | mul_ln39_1308 | mul       | auto     | 0       |
|   mul_32s_32s_32_1_1_U231                   | 3    |        | mul_ln39_1309 | mul       | auto     | 0       |
|   mul_32s_32s_32_1_1_U232                   | 3    |        | mul_ln39_1310 | mul       | auto     | 0       |
|   mul_32s_32s_32_1_1_U233                   | 3    |        | mul_ln39_1311 | mul       | auto     | 0       |
|   add_ln39_1297_fu_23812_p2                 |      |        | add_ln39_1297 | add       | fabric   | 0       |
|   add_ln39_1300_fu_23830_p2                 |      |        | add_ln39_1300 | add       | fabric   | 0       |
|   add_ln39_1303_fu_23848_p2                 |      |        | add_ln39_1303 | add       | fabric   | 0       |
|   add_ln39_1304_fu_23854_p2                 |      |        | add_ln39_1304 | add       | fabric   | 0       |
|   mul_32s_32s_32_1_1_U78                    | 3    |        | mul_ln39_1312 | mul       | auto     | 0       |
|   mul_32s_32s_32_1_1_U79                    | 3    |        | mul_ln39_1313 | mul       | auto     | 0       |
|   mul_32s_32s_32_1_1_U80                    | 3    |        | mul_ln39_1314 | mul       | auto     | 0       |
|   mul_32s_32s_32_1_1_U81                    | 3    |        | mul_ln39_1315 | mul       | auto     | 0       |
|   mul_32s_32s_32_1_1_U82                    | 3    |        | mul_ln39_1316 | mul       | auto     | 0       |
|   mul_32s_32s_32_1_1_U83                    | 3    |        | mul_ln39_1317 | mul       | auto     | 0       |
|   mul_32s_32s_32_1_1_U84                    | 3    |        | mul_ln39_1318 | mul       | auto     | 0       |
|   mul_32s_32s_32_1_1_U85                    | 3    |        | mul_ln39_1319 | mul       | auto     | 0       |
|   mul_32s_32s_32_1_1_U86                    | 3    |        | mul_ln39_1320 | mul       | auto     | 0       |
|   mul_32s_32s_32_1_1_U87                    | 3    |        | mul_ln39_1321 | mul       | auto     | 0       |
|   mul_32s_32s_32_1_1_U88                    | 3    |        | mul_ln39_1322 | mul       | auto     | 0       |
|   mul_32s_32s_32_1_1_U89                    | 3    |        | mul_ln39_1323 | mul       | auto     | 0       |
|   mul_32s_32s_32_1_1_U90                    | 3    |        | mul_ln39_1324 | mul       | auto     | 0       |
|   mul_32s_32s_32_1_1_U48                    | 3    |        | mul_ln39_1325 | mul       | auto     | 0       |
|   mul_32s_32s_32_1_1_U49                    | 3    |        | mul_ln39_1326 | mul       | auto     | 0       |
|   mul_32s_32s_32_1_1_U50                    | 3    |        | mul_ln39_1327 | mul       | auto     | 0       |
|   grp_fu_13582_p2                           |      |        | add_ln39_1313 | add       | fabric   | 0       |
|   grp_fu_13594_p2                           |      |        | add_ln39_1316 | add       | fabric   | 0       |
|   grp_fu_13606_p2                           |      |        | add_ln39_1319 | add       | fabric   | 0       |
|   grp_fu_13612_p2                           |      |        | add_ln39_1320 | add       | fabric   | 0       |
|   mul_32s_32s_32_1_1_U51                    | 3    |        | mul_ln39_1328 | mul       | auto     | 0       |
|   mul_32s_32s_32_1_1_U52                    | 3    |        | mul_ln39_1329 | mul       | auto     | 0       |
|   mul_32s_32s_32_1_1_U53                    | 3    |        | mul_ln39_1330 | mul       | auto     | 0       |
|   mul_32s_32s_32_1_1_U91                    | 3    |        | mul_ln39_1331 | mul       | auto     | 0       |
|   mul_32s_32s_32_1_1_U92                    | 3    |        | mul_ln39_1332 | mul       | auto     | 0       |
|   mul_32s_32s_32_1_1_U93                    | 3    |        | mul_ln39_1333 | mul       | auto     | 0       |
|   mul_32s_32s_32_1_1_U94                    | 3    |        | mul_ln39_1334 | mul       | auto     | 0       |
|   mul_32s_32s_32_1_1_U95                    | 3    |        | mul_ln39_1335 | mul       | auto     | 0       |
|   mul_32s_32s_32_1_1_U96                    | 3    |        | mul_ln39_1336 | mul       | auto     | 0       |
|   mul_32s_32s_32_1_1_U97                    | 3    |        | mul_ln39_1337 | mul       | auto     | 0       |
|   mul_32s_32s_32_1_1_U98                    | 3    |        | mul_ln39_1338 | mul       | auto     | 0       |
|   mul_32s_32s_32_1_1_U99                    | 3    |        | mul_ln39_1339 | mul       | auto     | 0       |
|   mul_32s_32s_32_1_1_U100                   | 3    |        | mul_ln39_1340 | mul       | auto     | 0       |
|   mul_32s_32s_32_1_1_U54                    | 3    |        | mul_ln39_1341 | mul       | auto     | 0       |
|   mul_32s_32s_32_1_1_U55                    | 3    |        | mul_ln39_1342 | mul       | auto     | 0       |
|   mul_32s_32s_32_1_1_U56                    | 3    |        | mul_ln39_1343 | mul       | auto     | 0       |
|   grp_fu_13486_p2                           |      |        | add_ln39_1329 | add       | fabric   | 0       |
|   grp_fu_13450_p2                           |      |        | add_ln39_1332 | add       | fabric   | 0       |
|   grp_fu_13462_p2                           |      |        | add_ln39_1335 | add       | fabric   | 0       |
|   grp_fu_13468_p2                           |      |        | add_ln39_1336 | add       | fabric   | 0       |
|   mul_32s_32s_32_1_1_U404                   | 3    |        | mul_ln39_1344 | mul       | auto     | 0       |
|   mul_32s_32s_32_1_1_U405                   | 3    |        | mul_ln39_1345 | mul       | auto     | 0       |
|   mul_32s_32s_32_1_1_U406                   | 3    |        | mul_ln39_1346 | mul       | auto     | 0       |
|   mul_32s_32s_32_1_1_U407                   | 3    |        | mul_ln39_1347 | mul       | auto     | 0       |
|   mul_32s_32s_32_1_1_U408                   | 3    |        | mul_ln39_1348 | mul       | auto     | 0       |
|   mul_32s_32s_32_1_1_U409                   | 3    |        | mul_ln39_1349 | mul       | auto     | 0       |
|   mul_32s_32s_32_1_1_U410                   | 3    |        | mul_ln39_1350 | mul       | auto     | 0       |
|   mul_32s_32s_32_1_1_U411                   | 3    |        | mul_ln39_1351 | mul       | auto     | 0       |
|   mul_32s_32s_32_1_1_U412                   | 3    |        | mul_ln39_1352 | mul       | auto     | 0       |
|   mul_32s_32s_32_1_1_U413                   | 3    |        | mul_ln39_1353 | mul       | auto     | 0       |
|   mul_32s_32s_32_1_1_U414                   | 3    |        | mul_ln39_1354 | mul       | auto     | 0       |
|   mul_32s_32s_32_1_1_U415                   | 3    |        | mul_ln39_1355 | mul       | auto     | 0       |
|   mul_32s_32s_32_1_1_U416                   | 3    |        | mul_ln39_1356 | mul       | auto     | 0       |
|   mul_32s_32s_32_1_1_U234                   | 3    |        | mul_ln39_1357 | mul       | auto     | 0       |
|   mul_32s_32s_32_1_1_U235                   | 3    |        | mul_ln39_1358 | mul       | auto     | 0       |
|   mul_32s_32s_32_1_1_U236                   | 3    |        | mul_ln39_1359 | mul       | auto     | 0       |
|   add_ln39_1345_fu_23894_p2                 |      |        | add_ln39_1345 | add       | fabric   | 0       |
|   add_ln39_1348_fu_23912_p2                 |      |        | add_ln39_1348 | add       | fabric   | 0       |
|   add_ln39_1351_fu_23930_p2                 |      |        | add_ln39_1351 | add       | fabric   | 0       |
|   add_ln39_1352_fu_23936_p2                 |      |        | add_ln39_1352 | add       | fabric   | 0       |
|   mul_32s_32s_32_1_1_U42                    | 3    |        | mul_ln39_1360 | mul       | auto     | 0       |
|   mul_32s_32s_32_1_1_U43                    | 3    |        | mul_ln39_1361 | mul       | auto     | 0       |
|   mul_32s_32s_32_1_1_U44                    | 3    |        | mul_ln39_1362 | mul       | auto     | 0       |
|   mul_32s_32s_32_1_1_U52                    | 3    |        | mul_ln39_1363 | mul       | auto     | 0       |
|   mul_32s_32s_32_1_1_U53                    | 3    |        | mul_ln39_1364 | mul       | auto     | 0       |
|   mul_32s_32s_32_1_1_U54                    | 3    |        | mul_ln39_1365 | mul       | auto     | 0       |
|   mul_32s_32s_32_1_1_U55                    | 3    |        | mul_ln39_1366 | mul       | auto     | 0       |
|   mul_32s_32s_32_1_1_U56                    | 3    |        | mul_ln39_1367 | mul       | auto     | 0       |
|   mul_32s_32s_32_1_1_U57                    | 3    |        | mul_ln39_1368 | mul       | auto     | 0       |
|   mul_32s_32s_32_1_1_U58                    | 3    |        | mul_ln39_1369 | mul       | auto     | 0       |
|   mul_32s_32s_32_1_1_U59                    | 3    |        | mul_ln39_1370 | mul       | auto     | 0       |
|   mul_32s_32s_32_1_1_U60                    | 3    |        | mul_ln39_1371 | mul       | auto     | 0       |
|   mul_32s_32s_32_1_1_U61                    | 3    |        | mul_ln39_1372 | mul       | auto     | 0       |
|   mul_32s_32s_32_1_1_U45                    | 3    |        | mul_ln39_1373 | mul       | auto     | 0       |
|   mul_32s_32s_32_1_1_U46                    | 3    |        | mul_ln39_1374 | mul       | auto     | 0       |
|   mul_32s_32s_32_1_1_U47                    | 3    |        | mul_ln39_1375 | mul       | auto     | 0       |
|   grp_fu_13342_p2                           |      |        | add_ln39_1361 | add       | fabric   | 0       |
|   grp_fu_13198_p2                           |      |        | add_ln39_1364 | add       | fabric   | 0       |
|   grp_fu_13210_p2                           |      |        | add_ln39_1367 | add       | fabric   | 0       |
|   grp_fu_13216_p2                           |      |        | add_ln39_1368 | add       | fabric   | 0       |
|   mul_32s_32s_32_1_1_U417                   | 3    |        | mul_ln39_1376 | mul       | auto     | 0       |
|   mul_32s_32s_32_1_1_U418                   | 3    |        | mul_ln39_1377 | mul       | auto     | 0       |
|   mul_32s_32s_32_1_1_U419                   | 3    |        | mul_ln39_1378 | mul       | auto     | 0       |
|   mul_32s_32s_32_1_1_U420                   | 3    |        | mul_ln39_1379 | mul       | auto     | 0       |
|   mul_32s_32s_32_1_1_U421                   | 3    |        | mul_ln39_1380 | mul       | auto     | 0       |
|   mul_32s_32s_32_1_1_U422                   | 3    |        | mul_ln39_1381 | mul       | auto     | 0       |
|   mul_32s_32s_32_1_1_U423                   | 3    |        | mul_ln39_1382 | mul       | auto     | 0       |
|   mul_32s_32s_32_1_1_U424                   | 3    |        | mul_ln39_1383 | mul       | auto     | 0       |
|   mul_32s_32s_32_1_1_U425                   | 3    |        | mul_ln39_1384 | mul       | auto     | 0       |
|   mul_32s_32s_32_1_1_U426                   | 3    |        | mul_ln39_1385 | mul       | auto     | 0       |
|   mul_32s_32s_32_1_1_U427                   | 3    |        | mul_ln39_1386 | mul       | auto     | 0       |
|   mul_32s_32s_32_1_1_U428                   | 3    |        | mul_ln39_1387 | mul       | auto     | 0       |
|   mul_32s_32s_32_1_1_U429                   | 3    |        | mul_ln39_1388 | mul       | auto     | 0       |
|   mul_32s_32s_32_1_1_U237                   | 3    |        | mul_ln39_1389 | mul       | auto     | 0       |
|   mul_32s_32s_32_1_1_U238                   | 3    |        | mul_ln39_1390 | mul       | auto     | 0       |
|   mul_32s_32s_32_1_1_U239                   | 3    |        | mul_ln39_1391 | mul       | auto     | 0       |
|   add_ln39_1377_fu_23976_p2                 |      |        | add_ln39_1377 | add       | fabric   | 0       |
|   add_ln39_1380_fu_23994_p2                 |      |        | add_ln39_1380 | add       | fabric   | 0       |
|   add_ln39_1383_fu_24012_p2                 |      |        | add_ln39_1383 | add       | fabric   | 0       |
|   add_ln39_1384_fu_24018_p2                 |      |        | add_ln39_1384 | add       | fabric   | 0       |
|   mul_32s_32s_32_1_1_U87                    | 3    |        | mul_ln39_1392 | mul       | auto     | 0       |
|   mul_32s_32s_32_1_1_U88                    | 3    |        | mul_ln39_1393 | mul       | auto     | 0       |
|   mul_32s_32s_32_1_1_U89                    | 3    |        | mul_ln39_1394 | mul       | auto     | 0       |
|   mul_32s_32s_32_1_1_U90                    | 3    |        | mul_ln39_1395 | mul       | auto     | 0       |
|   mul_32s_32s_32_1_1_U91                    | 3    |        | mul_ln39_1396 | mul       | auto     | 0       |
|   mul_32s_32s_32_1_1_U92                    | 3    |        | mul_ln39_1397 | mul       | auto     | 0       |
|   mul_32s_32s_32_1_1_U93                    | 3    |        | mul_ln39_1398 | mul       | auto     | 0       |
|   mul_32s_32s_32_1_1_U94                    | 3    |        | mul_ln39_1399 | mul       | auto     | 0       |
|   mul_32s_32s_32_1_1_U95                    | 3    |        | mul_ln39_1400 | mul       | auto     | 0       |
|   mul_32s_32s_32_1_1_U96                    | 3    |        | mul_ln39_1401 | mul       | auto     | 0       |
|   mul_32s_32s_32_1_1_U97                    | 3    |        | mul_ln39_1402 | mul       | auto     | 0       |
|   mul_32s_32s_32_1_1_U98                    | 3    |        | mul_ln39_1403 | mul       | auto     | 0       |
|   mul_32s_32s_32_1_1_U99                    | 3    |        | mul_ln39_1404 | mul       | auto     | 0       |
|   mul_32s_32s_32_1_1_U48                    | 3    |        | mul_ln39_1405 | mul       | auto     | 0       |
|   mul_32s_32s_32_1_1_U49                    | 3    |        | mul_ln39_1406 | mul       | auto     | 0       |
|   mul_32s_32s_32_1_1_U50                    | 3    |        | mul_ln39_1407 | mul       | auto     | 0       |
|   grp_fu_13762_p2                           |      |        | add_ln39_1393 | add       | fabric   | 0       |
|   grp_fu_13774_p2                           |      |        | add_ln39_1396 | add       | fabric   | 0       |
|   grp_fu_13786_p2                           |      |        | add_ln39_1399 | add       | fabric   | 0       |
|   grp_fu_13792_p2                           |      |        | add_ln39_1400 | add       | fabric   | 0       |
|   mul_32s_32s_32_1_1_U58                    | 3    |        | mul_ln39_1408 | mul       | auto     | 0       |
|   mul_32s_32s_32_1_1_U59                    | 3    |        | mul_ln39_1409 | mul       | auto     | 0       |
|   mul_32s_32s_32_1_1_U60                    | 3    |        | mul_ln39_1410 | mul       | auto     | 0       |
|   mul_32s_32s_32_1_1_U62                    | 3    |        | mul_ln39_1411 | mul       | auto     | 0       |
|   mul_32s_32s_32_1_1_U63                    | 3    |        | mul_ln39_1412 | mul       | auto     | 0       |
|   mul_32s_32s_32_1_1_U64                    | 3    |        | mul_ln39_1413 | mul       | auto     | 0       |
|   mul_32s_32s_32_1_1_U65                    | 3    |        | mul_ln39_1414 | mul       | auto     | 0       |
|   mul_32s_32s_32_1_1_U66                    | 3    |        | mul_ln39_1415 | mul       | auto     | 0       |
|   mul_32s_32s_32_1_1_U67                    | 3    |        | mul_ln39_1416 | mul       | auto     | 0       |
|   mul_32s_32s_32_1_1_U68                    | 3    |        | mul_ln39_1417 | mul       | auto     | 0       |
|   mul_32s_32s_32_1_1_U69                    | 3    |        | mul_ln39_1418 | mul       | auto     | 0       |
|   mul_32s_32s_32_1_1_U70                    | 3    |        | mul_ln39_1419 | mul       | auto     | 0       |
|   mul_32s_32s_32_1_1_U71                    | 3    |        | mul_ln39_1420 | mul       | auto     | 0       |
|   mul_32s_32s_32_1_1_U61                    | 3    |        | mul_ln39_1421 | mul       | auto     | 0       |
|   mul_32s_32s_32_1_1_U62                    | 3    |        | mul_ln39_1422 | mul       | auto     | 0       |
|   mul_32s_32s_32_1_1_U63                    | 3    |        | mul_ln39_1423 | mul       | auto     | 0       |
|   grp_fu_13846_p2                           |      |        | add_ln39_1409 | add       | fabric   | 0       |
|   grp_fu_13642_p2                           |      |        | add_ln39_1412 | add       | fabric   | 0       |
|   grp_fu_13882_p2                           |      |        | add_ln39_1415 | add       | fabric   | 0       |
|   grp_fu_13888_p2                           |      |        | add_ln39_1416 | add       | fabric   | 0       |
|   mul_32s_32s_32_1_1_U430                   | 3    |        | mul_ln39_1424 | mul       | auto     | 0       |
|   mul_32s_32s_32_1_1_U431                   | 3    |        | mul_ln39_1425 | mul       | auto     | 0       |
|   mul_32s_32s_32_1_1_U432                   | 3    |        | mul_ln39_1426 | mul       | auto     | 0       |
|   mul_32s_32s_32_1_1_U433                   | 3    |        | mul_ln39_1427 | mul       | auto     | 0       |
|   mul_32s_32s_32_1_1_U434                   | 3    |        | mul_ln39_1428 | mul       | auto     | 0       |
|   mul_32s_32s_32_1_1_U435                   | 3    |        | mul_ln39_1429 | mul       | auto     | 0       |
|   mul_32s_32s_32_1_1_U436                   | 3    |        | mul_ln39_1430 | mul       | auto     | 0       |
|   mul_32s_32s_32_1_1_U437                   | 3    |        | mul_ln39_1431 | mul       | auto     | 0       |
|   mul_32s_32s_32_1_1_U438                   | 3    |        | mul_ln39_1432 | mul       | auto     | 0       |
|   mul_32s_32s_32_1_1_U439                   | 3    |        | mul_ln39_1433 | mul       | auto     | 0       |
|   mul_32s_32s_32_1_1_U440                   | 3    |        | mul_ln39_1434 | mul       | auto     | 0       |
|   mul_32s_32s_32_1_1_U441                   | 3    |        | mul_ln39_1435 | mul       | auto     | 0       |
|   mul_32s_32s_32_1_1_U442                   | 3    |        | mul_ln39_1436 | mul       | auto     | 0       |
|   mul_32s_32s_32_1_1_U240                   | 3    |        | mul_ln39_1437 | mul       | auto     | 0       |
|   mul_32s_32s_32_1_1_U241                   | 3    |        | mul_ln39_1438 | mul       | auto     | 0       |
|   mul_32s_32s_32_1_1_U242                   | 3    |        | mul_ln39_1439 | mul       | auto     | 0       |
|   add_ln39_1425_fu_24058_p2                 |      |        | add_ln39_1425 | add       | fabric   | 0       |
|   add_ln39_1428_fu_24076_p2                 |      |        | add_ln39_1428 | add       | fabric   | 0       |
|   add_ln39_1431_fu_24094_p2                 |      |        | add_ln39_1431 | add       | fabric   | 0       |
|   add_ln39_1432_fu_24100_p2                 |      |        | add_ln39_1432 | add       | fabric   | 0       |
|   mul_32s_32s_32_1_1_U75                    | 3    |        | mul_ln39_1440 | mul       | auto     | 0       |
|   mul_32s_32s_32_1_1_U76                    | 3    |        | mul_ln39_1441 | mul       | auto     | 0       |
|   mul_32s_32s_32_1_1_U77                    | 3    |        | mul_ln39_1442 | mul       | auto     | 0       |
|   mul_32s_32s_32_1_1_U78                    | 3    |        | mul_ln39_1443 | mul       | auto     | 0       |
|   mul_32s_32s_32_1_1_U79                    | 3    |        | mul_ln39_1444 | mul       | auto     | 0       |
|   mul_32s_32s_32_1_1_U80                    | 3    |        | mul_ln39_1445 | mul       | auto     | 0       |
|   mul_32s_32s_32_1_1_U81                    | 3    |        | mul_ln39_1446 | mul       | auto     | 0       |
|   mul_32s_32s_32_1_1_U82                    | 3    |        | mul_ln39_1447 | mul       | auto     | 0       |
|   mul_32s_32s_32_1_1_U83                    | 3    |        | mul_ln39_1448 | mul       | auto     | 0       |
|   mul_32s_32s_32_1_1_U84                    | 3    |        | mul_ln39_1449 | mul       | auto     | 0       |
|   mul_32s_32s_32_1_1_U85                    | 3    |        | mul_ln39_1450 | mul       | auto     | 0       |
|   mul_32s_32s_32_1_1_U51                    | 3    |        | mul_ln39_1451 | mul       | auto     | 0       |
|   mul_32s_32s_32_1_1_U52                    | 3    |        | mul_ln39_1452 | mul       | auto     | 0       |
|   mul_32s_32s_32_1_1_U53                    | 3    |        | mul_ln39_1453 | mul       | auto     | 0       |
|   mul_32s_32s_32_1_1_U54                    | 3    |        | mul_ln39_1454 | mul       | auto     | 0       |
|   mul_32s_32s_32_1_1_U55                    | 3    |        | mul_ln39_1455 | mul       | auto     | 0       |
|   grp_fu_13390_p2                           |      |        | add_ln39_1441 | add       | fabric   | 0       |
|   grp_fu_13402_p2                           |      |        | add_ln39_1444 | add       | fabric   | 0       |
|   grp_fu_13414_p2                           |      |        | add_ln39_1447 | add       | fabric   | 0       |
|   grp_fu_13420_p2                           |      |        | add_ln39_1448 | add       | fabric   | 0       |
|   mul_32s_32s_32_1_1_U443                   | 3    |        | mul_ln39_1456 | mul       | auto     | 0       |
|   mul_32s_32s_32_1_1_U444                   | 3    |        | mul_ln39_1457 | mul       | auto     | 0       |
|   mul_32s_32s_32_1_1_U445                   | 3    |        | mul_ln39_1458 | mul       | auto     | 0       |
|   mul_32s_32s_32_1_1_U446                   | 3    |        | mul_ln39_1459 | mul       | auto     | 0       |
|   mul_32s_32s_32_1_1_U447                   | 3    |        | mul_ln39_1460 | mul       | auto     | 0       |
|   mul_32s_32s_32_1_1_U448                   | 3    |        | mul_ln39_1461 | mul       | auto     | 0       |
|   mul_32s_32s_32_1_1_U449                   | 3    |        | mul_ln39_1462 | mul       | auto     | 0       |
|   mul_32s_32s_32_1_1_U450                   | 3    |        | mul_ln39_1463 | mul       | auto     | 0       |
|   mul_32s_32s_32_1_1_U451                   | 3    |        | mul_ln39_1464 | mul       | auto     | 0       |
|   mul_32s_32s_32_1_1_U452                   | 3    |        | mul_ln39_1465 | mul       | auto     | 0       |
|   mul_32s_32s_32_1_1_U453                   | 3    |        | mul_ln39_1466 | mul       | auto     | 0       |
|   mul_32s_32s_32_1_1_U454                   | 3    |        | mul_ln39_1467 | mul       | auto     | 0       |
|   mul_32s_32s_32_1_1_U455                   | 3    |        | mul_ln39_1468 | mul       | auto     | 0       |
|   mul_32s_32s_32_1_1_U243                   | 3    |        | mul_ln39_1469 | mul       | auto     | 0       |
|   mul_32s_32s_32_1_1_U244                   | 3    |        | mul_ln39_1470 | mul       | auto     | 0       |
|   mul_32s_32s_32_1_1_U245                   | 3    |        | mul_ln39_1471 | mul       | auto     | 0       |
|   add_ln39_1457_fu_24135_p2                 |      |        | add_ln39_1457 | add       | fabric   | 0       |
|   add_ln39_1460_fu_24153_p2                 |      |        | add_ln39_1460 | add       | fabric   | 0       |
|   add_ln39_1463_fu_24171_p2                 |      |        | add_ln39_1463 | add       | fabric   | 0       |
|   add_ln39_1464_fu_24177_p2                 |      |        | add_ln39_1464 | add       | fabric   | 0       |
|   mul_32s_32s_32_1_1_U57                    | 3    |        | mul_ln39_1472 | mul       | auto     | 0       |
|   mul_32s_32s_32_1_1_U58                    | 3    |        | mul_ln39_1473 | mul       | auto     | 0       |
|   mul_32s_32s_32_1_1_U59                    | 3    |        | mul_ln39_1474 | mul       | auto     | 0       |
|   mul_32s_32s_32_1_1_U456                   | 3    |        | mul_ln39_1475 | mul       | auto     | 0       |
|   mul_32s_32s_32_1_1_U457                   | 3    |        | mul_ln39_1476 | mul       | auto     | 0       |
|   mul_32s_32s_32_1_1_U458                   | 3    |        | mul_ln39_1477 | mul       | auto     | 0       |
|   mul_32s_32s_32_1_1_U459                   | 3    |        | mul_ln39_1478 | mul       | auto     | 0       |
|   mul_32s_32s_32_1_1_U460                   | 3    |        | mul_ln39_1479 | mul       | auto     | 0       |
|   mul_32s_32s_32_1_1_U461                   | 3    |        | mul_ln39_1480 | mul       | auto     | 0       |
|   mul_32s_32s_32_1_1_U462                   | 3    |        | mul_ln39_1481 | mul       | auto     | 0       |
|   mul_32s_32s_32_1_1_U463                   | 3    |        | mul_ln39_1482 | mul       | auto     | 0       |
|   mul_32s_32s_32_1_1_U464                   | 3    |        | mul_ln39_1483 | mul       | auto     | 0       |
|   mul_32s_32s_32_1_1_U465                   | 3    |        | mul_ln39_1484 | mul       | auto     | 0       |
|   mul_32s_32s_32_1_1_U246                   | 3    |        | mul_ln39_1485 | mul       | auto     | 0       |
|   mul_32s_32s_32_1_1_U247                   | 3    |        | mul_ln39_1486 | mul       | auto     | 0       |
|   mul_32s_32s_32_1_1_U248                   | 3    |        | mul_ln39_1487 | mul       | auto     | 0       |
|   add_ln39_1473_fu_18815_p2                 |      |        | add_ln39_1473 | add       | fabric   | 0       |
|   add_ln39_1476_fu_24218_p2                 |      |        | add_ln39_1476 | add       | fabric   | 0       |
|   add_ln39_1479_fu_24235_p2                 |      |        | add_ln39_1479 | add       | fabric   | 0       |
|   add_ln39_1480_fu_24241_p2                 |      |        | add_ln39_1480 | add       | fabric   | 0       |
|   mul_32s_32s_32_1_1_U466                   | 3    |        | mul_ln39_1488 | mul       | auto     | 0       |
|   mul_32s_32s_32_1_1_U467                   | 3    |        | mul_ln39_1489 | mul       | auto     | 0       |
|   mul_32s_32s_32_1_1_U468                   | 3    |        | mul_ln39_1490 | mul       | auto     | 0       |
|   mul_32s_32s_32_1_1_U469                   | 3    |        | mul_ln39_1491 | mul       | auto     | 0       |
|   mul_32s_32s_32_1_1_U470                   | 3    |        | mul_ln39_1492 | mul       | auto     | 0       |
|   mul_32s_32s_32_1_1_U471                   | 3    |        | mul_ln39_1493 | mul       | auto     | 0       |
|   mul_32s_32s_32_1_1_U472                   | 3    |        | mul_ln39_1494 | mul       | auto     | 0       |
|   mul_32s_32s_32_1_1_U473                   | 3    |        | mul_ln39_1495 | mul       | auto     | 0       |
|   mul_32s_32s_32_1_1_U474                   | 3    |        | mul_ln39_1496 | mul       | auto     | 0       |
|   mul_32s_32s_32_1_1_U475                   | 3    |        | mul_ln39_1497 | mul       | auto     | 0       |
|   mul_32s_32s_32_1_1_U476                   | 3    |        | mul_ln39_1498 | mul       | auto     | 0       |
|   mul_32s_32s_32_1_1_U477                   | 3    |        | mul_ln39_1499 | mul       | auto     | 0       |
|   mul_32s_32s_32_1_1_U478                   | 3    |        | mul_ln39_1500 | mul       | auto     | 0       |
|   mul_32s_32s_32_1_1_U249                   | 3    |        | mul_ln39_1501 | mul       | auto     | 0       |
|   mul_32s_32s_32_1_1_U250                   | 3    |        | mul_ln39_1502 | mul       | auto     | 0       |
|   mul_32s_32s_32_1_1_U251                   | 3    |        | mul_ln39_1503 | mul       | auto     | 0       |
|   add_ln39_1489_fu_24281_p2                 |      |        | add_ln39_1489 | add       | fabric   | 0       |
|   add_ln39_1492_fu_24299_p2                 |      |        | add_ln39_1492 | add       | fabric   | 0       |
|   add_ln39_1495_fu_24317_p2                 |      |        | add_ln39_1495 | add       | fabric   | 0       |
|   add_ln39_1496_fu_24323_p2                 |      |        | add_ln39_1496 | add       | fabric   | 0       |
|   mul_32s_32s_32_1_1_U91                    | 3    |        | mul_ln39_1504 | mul       | auto     | 0       |
|   mul_32s_32s_32_1_1_U92                    | 3    |        | mul_ln39_1505 | mul       | auto     | 0       |
|   mul_32s_32s_32_1_1_U93                    | 3    |        | mul_ln39_1506 | mul       | auto     | 0       |
|   mul_32s_32s_32_1_1_U107                   | 3    |        | mul_ln39_1507 | mul       | auto     | 0       |
|   mul_32s_32s_32_1_1_U108                   | 3    |        | mul_ln39_1508 | mul       | auto     | 0       |
|   mul_32s_32s_32_1_1_U109                   | 3    |        | mul_ln39_1509 | mul       | auto     | 0       |
|   mul_32s_32s_32_1_1_U110                   | 3    |        | mul_ln39_1510 | mul       | auto     | 0       |
|   mul_32s_32s_32_1_1_U111                   | 3    |        | mul_ln39_1511 | mul       | auto     | 0       |
|   mul_32s_32s_32_1_1_U112                   | 3    |        | mul_ln39_1512 | mul       | auto     | 0       |
|   mul_32s_32s_32_1_1_U113                   | 3    |        | mul_ln39_1513 | mul       | auto     | 0       |
|   mul_32s_32s_32_1_1_U114                   | 3    |        | mul_ln39_1514 | mul       | auto     | 0       |
|   mul_32s_32s_32_1_1_U94                    | 3    |        | mul_ln39_1515 | mul       | auto     | 0       |
|   mul_32s_32s_32_1_1_U95                    | 3    |        | mul_ln39_1516 | mul       | auto     | 0       |
|   mul_32s_32s_32_1_1_U96                    | 3    |        | mul_ln39_1517 | mul       | auto     | 0       |
|   mul_32s_32s_32_1_1_U97                    | 3    |        | mul_ln39_1518 | mul       | auto     | 0       |
|   mul_32s_32s_32_1_1_U98                    | 3    |        | mul_ln39_1519 | mul       | auto     | 0       |
|   grp_fu_14968_p2                           |      |        | add_ln39_1505 | add       | fabric   | 0       |
|   grp_fu_14098_p2                           |      |        | add_ln39_1508 | add       | fabric   | 0       |
|   grp_fu_14176_p2                           |      |        | add_ln39_1511 | add       | fabric   | 0       |
|   grp_fu_14110_p2                           |      |        | add_ln39_1512 | add       | fabric   | 0       |
|   mul_32s_32s_32_1_1_U115                   | 3    |        | mul_ln39_1520 | mul       | auto     | 0       |
|   mul_32s_32s_32_1_1_U116                   | 3    |        | mul_ln39_1521 | mul       | auto     | 0       |
|   mul_32s_32s_32_1_1_U117                   | 3    |        | mul_ln39_1522 | mul       | auto     | 0       |
|   mul_32s_32s_32_1_1_U118                   | 3    |        | mul_ln39_1523 | mul       | auto     | 0       |
|   mul_32s_32s_32_1_1_U119                   | 3    |        | mul_ln39_1524 | mul       | auto     | 0       |
|   mul_32s_32s_32_1_1_U120                   | 3    |        | mul_ln39_1525 | mul       | auto     | 0       |
|   mul_32s_32s_32_1_1_U121                   | 3    |        | mul_ln39_1526 | mul       | auto     | 0       |
|   mul_32s_32s_32_1_1_U122                   | 3    |        | mul_ln39_1527 | mul       | auto     | 0       |
|   mul_32s_32s_32_1_1_U79                    | 3    |        | mul_ln39_1528 | mul       | auto     | 0       |
|   mul_32s_32s_32_1_1_U80                    | 3    |        | mul_ln39_1529 | mul       | auto     | 0       |
|   mul_32s_32s_32_1_1_U81                    | 3    |        | mul_ln39_1530 | mul       | auto     | 0       |
|   mul_32s_32s_32_1_1_U82                    | 3    |        | mul_ln39_1531 | mul       | auto     | 0       |
|   mul_32s_32s_32_1_1_U83                    | 3    |        | mul_ln39_1532 | mul       | auto     | 0       |
|   mul_32s_32s_32_1_1_U84                    | 3    |        | mul_ln39_1533 | mul       | auto     | 0       |
|   mul_32s_32s_32_1_1_U85                    | 3    |        | mul_ln39_1534 | mul       | auto     | 0       |
|   mul_32s_32s_32_1_1_U86                    | 3    |        | mul_ln39_1535 | mul       | auto     | 0       |
|   grp_fu_14980_p2                           |      |        | add_ln39_1521 | add       | fabric   | 0       |
|   grp_fu_13960_p2                           |      |        | add_ln39_1524 | add       | fabric   | 0       |
|   add_ln39_1527_fu_32329_p2                 |      |        | add_ln39_1527 | add       | fabric   | 0       |
|   grp_fu_13402_p2                           |      |        | add_ln39_1528 | add       | fabric   | 0       |
|   mul_32s_32s_32_1_1_U479                   | 3    |        | mul_ln39_1536 | mul       | auto     | 0       |
|   mul_32s_32s_32_1_1_U480                   | 3    |        | mul_ln39_1537 | mul       | auto     | 0       |
|   mul_32s_32s_32_1_1_U481                   | 3    |        | mul_ln39_1538 | mul       | auto     | 0       |
|   mul_32s_32s_32_1_1_U482                   | 3    |        | mul_ln39_1539 | mul       | auto     | 0       |
|   mul_32s_32s_32_1_1_U483                   | 3    |        | mul_ln39_1540 | mul       | auto     | 0       |
|   mul_32s_32s_32_1_1_U484                   | 3    |        | mul_ln39_1541 | mul       | auto     | 0       |
|   mul_32s_32s_32_1_1_U485                   | 3    |        | mul_ln39_1542 | mul       | auto     | 0       |
|   mul_32s_32s_32_1_1_U486                   | 3    |        | mul_ln39_1543 | mul       | auto     | 0       |
|   mul_32s_32s_32_1_1_U487                   | 3    |        | mul_ln39_1544 | mul       | auto     | 0       |
|   mul_32s_32s_32_1_1_U488                   | 3    |        | mul_ln39_1545 | mul       | auto     | 0       |
|   mul_32s_32s_32_1_1_U489                   | 3    |        | mul_ln39_1546 | mul       | auto     | 0       |
|   mul_32s_32s_32_1_1_U490                   | 3    |        | mul_ln39_1547 | mul       | auto     | 0       |
|   mul_32s_32s_32_1_1_U491                   | 3    |        | mul_ln39_1548 | mul       | auto     | 0       |
|   mul_32s_32s_32_1_1_U252                   | 3    |        | mul_ln39_1549 | mul       | auto     | 0       |
|   mul_32s_32s_32_1_1_U253                   | 3    |        | mul_ln39_1550 | mul       | auto     | 0       |
|   mul_32s_32s_32_1_1_U254                   | 3    |        | mul_ln39_1551 | mul       | auto     | 0       |
|   grp_fu_14890_p2                           |      |        | add_ln39_1537 | add       | fabric   | 0       |
|   add_ln39_1540_fu_24370_p2                 |      |        | add_ln39_1540 | add       | fabric   | 0       |
|   add_ln39_1543_fu_24388_p2                 |      |        | add_ln39_1543 | add       | fabric   | 0       |
|   add_ln39_1544_fu_24394_p2                 |      |        | add_ln39_1544 | add       | fabric   | 0       |
|   mul_32s_32s_32_1_1_U48                    | 3    |        | mul_ln39_1552 | mul       | auto     | 0       |
|   mul_32s_32s_32_1_1_U49                    | 3    |        | mul_ln39_1553 | mul       | auto     | 0       |
|   mul_32s_32s_32_1_1_U50                    | 3    |        | mul_ln39_1554 | mul       | auto     | 0       |
|   mul_32s_32s_32_1_1_U51                    | 3    |        | mul_ln39_1555 | mul       | auto     | 0       |
|   mul_32s_32s_32_1_1_U52                    | 3    |        | mul_ln39_1556 | mul       | auto     | 0       |
|   mul_32s_32s_32_1_1_U53                    | 3    |        | mul_ln39_1557 | mul       | auto     | 0       |
|   mul_32s_32s_32_1_1_U54                    | 3    |        | mul_ln39_1558 | mul       | auto     | 0       |
|   mul_32s_32s_32_1_1_U62                    | 3    |        | mul_ln39_1559 | mul       | auto     | 0       |
|   mul_32s_32s_32_1_1_U63                    | 3    |        | mul_ln39_1560 | mul       | auto     | 0       |
|   mul_32s_32s_32_1_1_U64                    | 3    |        | mul_ln39_1561 | mul       | auto     | 0       |
|   mul_32s_32s_32_1_1_U65                    | 3    |        | mul_ln39_1562 | mul       | auto     | 0       |
|   mul_32s_32s_32_1_1_U66                    | 3    |        | mul_ln39_1563 | mul       | auto     | 0       |
|   mul_32s_32s_32_1_1_U67                    | 3    |        | mul_ln39_1564 | mul       | auto     | 0       |
|   mul_32s_32s_32_1_1_U68                    | 3    |        | mul_ln39_1565 | mul       | auto     | 0       |
|   mul_32s_32s_32_1_1_U69                    | 3    |        | mul_ln39_1566 | mul       | auto     | 0       |
|   mul_32s_32s_32_1_1_U70                    | 3    |        | mul_ln39_1567 | mul       | auto     | 0       |
|   grp_fu_13630_p2                           |      |        | add_ln39_1553 | add       | fabric   | 0       |
|   grp_fu_13720_p2                           |      |        | add_ln39_1556 | add       | fabric   | 0       |
|   grp_fu_13636_p2                           |      |        | add_ln39_1559 | add       | fabric   | 0       |
|   grp_fu_13642_p2                           |      |        | add_ln39_1560 | add       | fabric   | 0       |
|   mul_32s_32s_32_1_1_U51                    | 3    |        | mul_ln39_1568 | mul       | auto     | 0       |
|   mul_32s_32s_32_1_1_U52                    | 3    |        | mul_ln39_1569 | mul       | auto     | 0       |
|   mul_32s_32s_32_1_1_U53                    | 3    |        | mul_ln39_1570 | mul       | auto     | 0       |
|   mul_32s_32s_32_1_1_U492                   | 3    |        | mul_ln39_1571 | mul       | auto     | 0       |
|   mul_32s_32s_32_1_1_U493                   | 3    |        | mul_ln39_1572 | mul       | auto     | 0       |
|   mul_32s_32s_32_1_1_U494                   | 3    |        | mul_ln39_1573 | mul       | auto     | 0       |
|   mul_32s_32s_32_1_1_U495                   | 3    |        | mul_ln39_1574 | mul       | auto     | 0       |
|   mul_32s_32s_32_1_1_U496                   | 3    |        | mul_ln39_1575 | mul       | auto     | 0       |
|   mul_32s_32s_32_1_1_U497                   | 3    |        | mul_ln39_1576 | mul       | auto     | 0       |
|   mul_32s_32s_32_1_1_U498                   | 3    |        | mul_ln39_1577 | mul       | auto     | 0       |
|   mul_32s_32s_32_1_1_U499                   | 3    |        | mul_ln39_1578 | mul       | auto     | 0       |
|   mul_32s_32s_32_1_1_U500                   | 3    |        | mul_ln39_1579 | mul       | auto     | 0       |
|   mul_32s_32s_32_1_1_U501                   | 3    |        | mul_ln39_1580 | mul       | auto     | 0       |
|   mul_32s_32s_32_1_1_U255                   | 3    |        | mul_ln39_1581 | mul       | auto     | 0       |
|   mul_32s_32s_32_1_1_U256                   | 3    |        | mul_ln39_1582 | mul       | auto     | 0       |
|   mul_32s_32s_32_1_1_U257                   | 3    |        | mul_ln39_1583 | mul       | auto     | 0       |
|   grp_fu_13486_p2                           |      |        | add_ln39_1569 | add       | fabric   | 0       |
|   add_ln39_1572_fu_24435_p2                 |      |        | add_ln39_1572 | add       | fabric   | 0       |
|   add_ln39_1575_fu_24452_p2                 |      |        | add_ln39_1575 | add       | fabric   | 0       |
|   add_ln39_1576_fu_24458_p2                 |      |        | add_ln39_1576 | add       | fabric   | 0       |
|   mul_32s_32s_32_1_1_U54                    | 3    |        | mul_ln39_1584 | mul       | auto     | 0       |
|   mul_32s_32s_32_1_1_U55                    | 3    |        | mul_ln39_1585 | mul       | auto     | 0       |
|   mul_32s_32s_32_1_1_U56                    | 3    |        | mul_ln39_1586 | mul       | auto     | 0       |
|   mul_32s_32s_32_1_1_U502                   | 3    |        | mul_ln39_1587 | mul       | auto     | 0       |
|   mul_32s_32s_32_1_1_U503                   | 3    |        | mul_ln39_1588 | mul       | auto     | 0       |
|   mul_32s_32s_32_1_1_U504                   | 3    |        | mul_ln39_1589 | mul       | auto     | 0       |
|   mul_32s_32s_32_1_1_U505                   | 3    |        | mul_ln39_1590 | mul       | auto     | 0       |
|   mul_32s_32s_32_1_1_U258                   | 3    |        | mul_ln39_1591 | mul       | auto     | 0       |
|   mul_32s_32s_32_1_1_U259                   | 3    |        | mul_ln39_1592 | mul       | auto     | 0       |
|   mul_32s_32s_32_1_1_U260                   | 3    |        | mul_ln39_1593 | mul       | auto     | 0       |
|   mul_32s_32s_32_1_1_U261                   | 3    |        | mul_ln39_1594 | mul       | auto     | 0       |
|   mul_32s_32s_32_1_1_U262                   | 3    |        | mul_ln39_1595 | mul       | auto     | 0       |
|   mul_32s_32s_32_1_1_U263                   | 3    |        | mul_ln39_1596 | mul       | auto     | 0       |
|   mul_32s_32s_32_1_1_U264                   | 3    |        | mul_ln39_1597 | mul       | auto     | 0       |
|   mul_32s_32s_32_1_1_U265                   | 3    |        | mul_ln39_1598 | mul       | auto     | 0       |
|   mul_32s_32s_32_1_1_U266                   | 3    |        | mul_ln39_1599 | mul       | auto     | 0       |
|   add_ln39_1585_fu_16637_p2                 |      |        | add_ln39_1585 | add       | fabric   | 0       |
|   add_ln39_1588_fu_24499_p2                 |      |        | add_ln39_1588 | add       | fabric   | 0       |
|   add_ln39_1591_fu_20281_p2                 |      |        | add_ln39_1591 | add       | fabric   | 0       |
|   grp_fu_14746_p2                           |      |        | add_ln39_1592 | add       | fabric   | 0       |
|   mul_32s_32s_32_1_1_U506                   | 3    |        | mul_ln39_1600 | mul       | auto     | 0       |
|   mul_32s_32s_32_1_1_U507                   | 3    |        | mul_ln39_1601 | mul       | auto     | 0       |
|   mul_32s_32s_32_1_1_U508                   | 3    |        | mul_ln39_1602 | mul       | auto     | 0       |
|   mul_32s_32s_32_1_1_U509                   | 3    |        | mul_ln39_1603 | mul       | auto     | 0       |
|   mul_32s_32s_32_1_1_U510                   | 3    |        | mul_ln39_1604 | mul       | auto     | 0       |
|   mul_32s_32s_32_1_1_U511                   | 3    |        | mul_ln39_1605 | mul       | auto     | 0       |
|   mul_32s_32s_32_1_1_U512                   | 3    |        | mul_ln39_1606 | mul       | auto     | 0       |
|   mul_32s_32s_32_1_1_U513                   | 3    |        | mul_ln39_1607 | mul       | auto     | 0       |
|   mul_32s_32s_32_1_1_U514                   | 3    |        | mul_ln39_1608 | mul       | auto     | 0       |
|   mul_32s_32s_32_1_1_U515                   | 3    |        | mul_ln39_1609 | mul       | auto     | 0       |
|   mul_32s_32s_32_1_1_U516                   | 3    |        | mul_ln39_1610 | mul       | auto     | 0       |
|   mul_32s_32s_32_1_1_U267                   | 3    |        | mul_ln39_1611 | mul       | auto     | 0       |
|   mul_32s_32s_32_1_1_U268                   | 3    |        | mul_ln39_1612 | mul       | auto     | 0       |
|   mul_32s_32s_32_1_1_U269                   | 3    |        | mul_ln39_1613 | mul       | auto     | 0       |
|   mul_32s_32s_32_1_1_U270                   | 3    |        | mul_ln39_1614 | mul       | auto     | 0       |
|   mul_32s_32s_32_1_1_U271                   | 3    |        | mul_ln39_1615 | mul       | auto     | 0       |
|   add_ln39_1601_fu_24526_p2                 |      |        | add_ln39_1601 | add       | fabric   | 0       |
|   add_ln39_1604_fu_24538_p2                 |      |        | add_ln39_1604 | add       | fabric   | 0       |
|   add_ln39_1607_fu_24556_p2                 |      |        | add_ln39_1607 | add       | fabric   | 0       |
|   add_ln39_1608_fu_24562_p2                 |      |        | add_ln39_1608 | add       | fabric   | 0       |
|   mul_32s_32s_32_1_1_U71                    | 3    |        | mul_ln39_1616 | mul       | auto     | 0       |
|   mul_32s_32s_32_1_1_U72                    | 3    |        | mul_ln39_1617 | mul       | auto     | 0       |
|   mul_32s_32s_32_1_1_U73                    | 3    |        | mul_ln39_1618 | mul       | auto     | 0       |
|   mul_32s_32s_32_1_1_U74                    | 3    |        | mul_ln39_1619 | mul       | auto     | 0       |
|   mul_32s_32s_32_1_1_U75                    | 3    |        | mul_ln39_1620 | mul       | auto     | 0       |
|   mul_32s_32s_32_1_1_U76                    | 3    |        | mul_ln39_1621 | mul       | auto     | 0       |
|   mul_32s_32s_32_1_1_U77                    | 3    |        | mul_ln39_1622 | mul       | auto     | 0       |
|   mul_32s_32s_32_1_1_U78                    | 3    |        | mul_ln39_1623 | mul       | auto     | 0       |
|   mul_32s_32s_32_1_1_U79                    | 3    |        | mul_ln39_1624 | mul       | auto     | 0       |
|   mul_32s_32s_32_1_1_U80                    | 3    |        | mul_ln39_1625 | mul       | auto     | 0       |
|   mul_32s_32s_32_1_1_U81                    | 3    |        | mul_ln39_1626 | mul       | auto     | 0       |
|   mul_32s_32s_32_1_1_U82                    | 3    |        | mul_ln39_1627 | mul       | auto     | 0       |
|   mul_32s_32s_32_1_1_U83                    | 3    |        | mul_ln39_1628 | mul       | auto     | 0       |
|   mul_32s_32s_32_1_1_U57                    | 3    |        | mul_ln39_1629 | mul       | auto     | 0       |
|   mul_32s_32s_32_1_1_U58                    | 3    |        | mul_ln39_1630 | mul       | auto     | 0       |
|   mul_32s_32s_32_1_1_U59                    | 3    |        | mul_ln39_1631 | mul       | auto     | 0       |
|   grp_fu_13678_p2                           |      |        | add_ln39_1617 | add       | fabric   | 0       |
|   grp_fu_13690_p2                           |      |        | add_ln39_1620 | add       | fabric   | 0       |
|   grp_fu_13696_p2                           |      |        | add_ln39_1623 | add       | fabric   | 0       |
|   grp_fu_13402_p2                           |      |        | add_ln39_1624 | add       | fabric   | 0       |
|   mul_32s_32s_32_1_1_U78                    | 3    |        | mul_ln39_1632 | mul       | auto     | 0       |
|   mul_32s_32s_32_1_1_U79                    | 3    |        | mul_ln39_1633 | mul       | auto     | 0       |
|   mul_32s_32s_32_1_1_U80                    | 3    |        | mul_ln39_1634 | mul       | auto     | 0       |
|   mul_32s_32s_32_1_1_U81                    | 3    |        | mul_ln39_1635 | mul       | auto     | 0       |
|   mul_32s_32s_32_1_1_U82                    | 3    |        | mul_ln39_1636 | mul       | auto     | 0       |
|   mul_32s_32s_32_1_1_U83                    | 3    |        | mul_ln39_1637 | mul       | auto     | 0       |
|   mul_32s_32s_32_1_1_U84                    | 3    |        | mul_ln39_1638 | mul       | auto     | 0       |
|   mul_32s_32s_32_1_1_U85                    | 3    |        | mul_ln39_1639 | mul       | auto     | 0       |
|   mul_32s_32s_32_1_1_U86                    | 3    |        | mul_ln39_1640 | mul       | auto     | 0       |
|   mul_32s_32s_32_1_1_U87                    | 3    |        | mul_ln39_1641 | mul       | auto     | 0       |
|   mul_32s_32s_32_1_1_U88                    | 3    |        | mul_ln39_1642 | mul       | auto     | 0       |
|   mul_32s_32s_32_1_1_U89                    | 3    |        | mul_ln39_1643 | mul       | auto     | 0       |
|   mul_32s_32s_32_1_1_U90                    | 3    |        | mul_ln39_1644 | mul       | auto     | 0       |
|   mul_32s_32s_32_1_1_U55                    | 3    |        | mul_ln39_1645 | mul       | auto     | 0       |
|   mul_32s_32s_32_1_1_U56                    | 3    |        | mul_ln39_1646 | mul       | auto     | 0       |
|   mul_32s_32s_32_1_1_U57                    | 3    |        | mul_ln39_1647 | mul       | auto     | 0       |
|   grp_fu_13582_p2                           |      |        | add_ln39_1633 | add       | fabric   | 0       |
|   grp_fu_13594_p2                           |      |        | add_ln39_1636 | add       | fabric   | 0       |
|   grp_fu_13606_p2                           |      |        | add_ln39_1639 | add       | fabric   | 0       |
|   grp_fu_13612_p2                           |      |        | add_ln39_1640 | add       | fabric   | 0       |
|   mul_32s_32s_32_1_1_U517                   | 3    |        | mul_ln39_1648 | mul       | auto     | 0       |
|   mul_32s_32s_32_1_1_U518                   | 3    |        | mul_ln39_1649 | mul       | auto     | 0       |
|   mul_32s_32s_32_1_1_U519                   | 3    |        | mul_ln39_1650 | mul       | auto     | 0       |
|   mul_32s_32s_32_1_1_U520                   | 3    |        | mul_ln39_1651 | mul       | auto     | 0       |
|   mul_32s_32s_32_1_1_U521                   | 3    |        | mul_ln39_1652 | mul       | auto     | 0       |
|   mul_32s_32s_32_1_1_U522                   | 3    |        | mul_ln39_1653 | mul       | auto     | 0       |
|   mul_32s_32s_32_1_1_U523                   | 3    |        | mul_ln39_1654 | mul       | auto     | 0       |
|   mul_32s_32s_32_1_1_U524                   | 3    |        | mul_ln39_1655 | mul       | auto     | 0       |
|   mul_32s_32s_32_1_1_U525                   | 3    |        | mul_ln39_1656 | mul       | auto     | 0       |
|   mul_32s_32s_32_1_1_U526                   | 3    |        | mul_ln39_1657 | mul       | auto     | 0       |
|   mul_32s_32s_32_1_1_U527                   | 3    |        | mul_ln39_1658 | mul       | auto     | 0       |
|   mul_32s_32s_32_1_1_U528                   | 3    |        | mul_ln39_1659 | mul       | auto     | 0       |
|   mul_32s_32s_32_1_1_U529                   | 3    |        | mul_ln39_1660 | mul       | auto     | 0       |
|   mul_32s_32s_32_1_1_U272                   | 3    |        | mul_ln39_1661 | mul       | auto     | 0       |
|   mul_32s_32s_32_1_1_U273                   | 3    |        | mul_ln39_1662 | mul       | auto     | 0       |
|   mul_32s_32s_32_1_1_U274                   | 3    |        | mul_ln39_1663 | mul       | auto     | 0       |
|   add_ln39_1649_fu_24590_p2                 |      |        | add_ln39_1649 | add       | fabric   | 0       |
|   add_ln39_1652_fu_24608_p2                 |      |        | add_ln39_1652 | add       | fabric   | 0       |
|   add_ln39_1655_fu_24626_p2                 |      |        | add_ln39_1655 | add       | fabric   | 0       |
|   grp_fu_14908_p2                           |      |        | add_ln39_1656 | add       | fabric   | 0       |
|   mul_32s_32s_32_1_1_U64                    | 3    |        | mul_ln39_1664 | mul       | auto     | 0       |
|   mul_32s_32s_32_1_1_U65                    | 3    |        | mul_ln39_1665 | mul       | auto     | 0       |
|   mul_32s_32s_32_1_1_U66                    | 3    |        | mul_ln39_1666 | mul       | auto     | 0       |
|   mul_32s_32s_32_1_1_U72                    | 3    |        | mul_ln39_1667 | mul       | auto     | 0       |
|   mul_32s_32s_32_1_1_U73                    | 3    |        | mul_ln39_1668 | mul       | auto     | 0       |
|   mul_32s_32s_32_1_1_U74                    | 3    |        | mul_ln39_1669 | mul       | auto     | 0       |
|   mul_32s_32s_32_1_1_U75                    | 3    |        | mul_ln39_1670 | mul       | auto     | 0       |
|   mul_32s_32s_32_1_1_U76                    | 3    |        | mul_ln39_1671 | mul       | auto     | 0       |
|   mul_32s_32s_32_1_1_U77                    | 3    |        | mul_ln39_1672 | mul       | auto     | 0       |
|   mul_32s_32s_32_1_1_U78                    | 3    |        | mul_ln39_1673 | mul       | auto     | 0       |
|   mul_32s_32s_32_1_1_U79                    | 3    |        | mul_ln39_1674 | mul       | auto     | 0       |
|   mul_32s_32s_32_1_1_U80                    | 3    |        | mul_ln39_1675 | mul       | auto     | 0       |
|   mul_32s_32s_32_1_1_U81                    | 3    |        | mul_ln39_1676 | mul       | auto     | 0       |
|   mul_32s_32s_32_1_1_U67                    | 3    |        | mul_ln39_1677 | mul       | auto     | 0       |
|   mul_32s_32s_32_1_1_U68                    | 3    |        | mul_ln39_1678 | mul       | auto     | 0       |
|   mul_32s_32s_32_1_1_U69                    | 3    |        | mul_ln39_1679 | mul       | auto     | 0       |
|   add_ln39_1665_fu_17201_p2                 |      |        | add_ln39_1665 | add       | fabric   | 0       |
|   grp_fu_13564_p2                           |      |        | add_ln39_1668 | add       | fabric   | 0       |
|   grp_fu_13690_p2                           |      |        | add_ln39_1671 | add       | fabric   | 0       |
|   grp_fu_13696_p2                           |      |        | add_ln39_1672 | add       | fabric   | 0       |
|   mul_32s_32s_32_1_1_U45                    | 3    |        | mul_ln39_1680 | mul       | auto     | 0       |
|   mul_32s_32s_32_1_1_U46                    | 3    |        | mul_ln39_1681 | mul       | auto     | 0       |
|   mul_32s_32s_32_1_1_U47                    | 3    |        | mul_ln39_1682 | mul       | auto     | 0       |
|   mul_32s_32s_32_1_1_U530                   | 3    |        | mul_ln39_1683 | mul       | auto     | 0       |
|   mul_32s_32s_32_1_1_U531                   | 3    |        | mul_ln39_1684 | mul       | auto     | 0       |
|   mul_32s_32s_32_1_1_U532                   | 3    |        | mul_ln39_1685 | mul       | auto     | 0       |
|   mul_32s_32s_32_1_1_U533                   | 3    |        | mul_ln39_1686 | mul       | auto     | 0       |
|   mul_32s_32s_32_1_1_U534                   | 3    |        | mul_ln39_1687 | mul       | auto     | 0       |
|   mul_32s_32s_32_1_1_U535                   | 3    |        | mul_ln39_1688 | mul       | auto     | 0       |
|   mul_32s_32s_32_1_1_U536                   | 3    |        | mul_ln39_1689 | mul       | auto     | 0       |
|   mul_32s_32s_32_1_1_U537                   | 3    |        | mul_ln39_1690 | mul       | auto     | 0       |
|   mul_32s_32s_32_1_1_U538                   | 3    |        | mul_ln39_1691 | mul       | auto     | 0       |
|   mul_32s_32s_32_1_1_U539                   | 3    |        | mul_ln39_1692 | mul       | auto     | 0       |
|   mul_32s_32s_32_1_1_U275                   | 3    |        | mul_ln39_1693 | mul       | auto     | 0       |
|   mul_32s_32s_32_1_1_U276                   | 3    |        | mul_ln39_1694 | mul       | auto     | 0       |
|   mul_32s_32s_32_1_1_U277                   | 3    |        | mul_ln39_1695 | mul       | auto     | 0       |
|   grp_fu_14038_p2                           |      |        | add_ln39_1681 | add       | fabric   | 0       |
|   add_ln39_1684_fu_24661_p2                 |      |        | add_ln39_1684 | add       | fabric   | 0       |
|   add_ln39_1687_fu_24678_p2                 |      |        | add_ln39_1687 | add       | fabric   | 0       |
|   add_ln39_1688_fu_24684_p2                 |      |        | add_ln39_1688 | add       | fabric   | 0       |
|   mul_32s_32s_32_1_1_U540                   | 3    |        | mul_ln39_1696 | mul       | auto     | 0       |
|   mul_32s_32s_32_1_1_U541                   | 3    |        | mul_ln39_1697 | mul       | auto     | 0       |
|   mul_32s_32s_32_1_1_U542                   | 3    |        | mul_ln39_1698 | mul       | auto     | 0       |
|   mul_32s_32s_32_1_1_U543                   | 3    |        | mul_ln39_1699 | mul       | auto     | 0       |
|   mul_32s_32s_32_1_1_U544                   | 3    |        | mul_ln39_1700 | mul       | auto     | 0       |
|   mul_32s_32s_32_1_1_U545                   | 3    |        | mul_ln39_1701 | mul       | auto     | 0       |
|   mul_32s_32s_32_1_1_U546                   | 3    |        | mul_ln39_1702 | mul       | auto     | 0       |
|   mul_32s_32s_32_1_1_U547                   | 3    |        | mul_ln39_1703 | mul       | auto     | 0       |
|   mul_32s_32s_32_1_1_U548                   | 3    |        | mul_ln39_1704 | mul       | auto     | 0       |
|   mul_32s_32s_32_1_1_U549                   | 3    |        | mul_ln39_1705 | mul       | auto     | 0       |
|   mul_32s_32s_32_1_1_U550                   | 3    |        | mul_ln39_1706 | mul       | auto     | 0       |
|   mul_32s_32s_32_1_1_U551                   | 3    |        | mul_ln39_1707 | mul       | auto     | 0       |
|   mul_32s_32s_32_1_1_U552                   | 3    |        | mul_ln39_1708 | mul       | auto     | 0       |
|   mul_32s_32s_32_1_1_U278                   | 3    |        | mul_ln39_1709 | mul       | auto     | 0       |
|   mul_32s_32s_32_1_1_U279                   | 3    |        | mul_ln39_1710 | mul       | auto     | 0       |
|   mul_32s_32s_32_1_1_U280                   | 3    |        | mul_ln39_1711 | mul       | auto     | 0       |
|   add_ln39_1697_fu_24725_p2                 |      |        | add_ln39_1697 | add       | fabric   | 0       |
|   add_ln39_1700_fu_24743_p2                 |      |        | add_ln39_1700 | add       | fabric   | 0       |
|   add_ln39_1703_fu_24761_p2                 |      |        | add_ln39_1703 | add       | fabric   | 0       |
|   add_ln39_1704_fu_24767_p2                 |      |        | add_ln39_1704 | add       | fabric   | 0       |
|   mul_32s_32s_32_1_1_U52                    | 3    |        | mul_ln39_1712 | mul       | auto     | 0       |
|   mul_32s_32s_32_1_1_U53                    | 3    |        | mul_ln39_1713 | mul       | auto     | 0       |
|   mul_32s_32s_32_1_1_U54                    | 3    |        | mul_ln39_1714 | mul       | auto     | 0       |
|   mul_32s_32s_32_1_1_U55                    | 3    |        | mul_ln39_1715 | mul       | auto     | 0       |
|   mul_32s_32s_32_1_1_U56                    | 3    |        | mul_ln39_1716 | mul       | auto     | 0       |
|   mul_32s_32s_32_1_1_U57                    | 3    |        | mul_ln39_1717 | mul       | auto     | 0       |
|   mul_32s_32s_32_1_1_U58                    | 3    |        | mul_ln39_1718 | mul       | auto     | 0       |
|   mul_32s_32s_32_1_1_U59                    | 3    |        | mul_ln39_1719 | mul       | auto     | 0       |
|   mul_32s_32s_32_1_1_U60                    | 3    |        | mul_ln39_1720 | mul       | auto     | 0       |
|   mul_32s_32s_32_1_1_U61                    | 3    |        | mul_ln39_1721 | mul       | auto     | 0       |
|   mul_32s_32s_32_1_1_U62                    | 3    |        | mul_ln39_1722 | mul       | auto     | 0       |
|   mul_32s_32s_32_1_1_U63                    | 3    |        | mul_ln39_1723 | mul       | auto     | 0       |
|   mul_32s_32s_32_1_1_U64                    | 3    |        | mul_ln39_1724 | mul       | auto     | 0       |
|   mul_32s_32s_32_1_1_U42                    | 3    |        | mul_ln39_1725 | mul       | auto     | 0       |
|   mul_32s_32s_32_1_1_U43                    | 3    |        | mul_ln39_1726 | mul       | auto     | 0       |
|   mul_32s_32s_32_1_1_U44                    | 3    |        | mul_ln39_1727 | mul       | auto     | 0       |
|   grp_fu_13492_p2                           |      |        | add_ln39_1713 | add       | fabric   | 0       |
|   grp_fu_13498_p2                           |      |        | add_ln39_1716 | add       | fabric   | 0       |
|   grp_fu_13510_p2                           |      |        | add_ln39_1719 | add       | fabric   | 0       |
|   grp_fu_13516_p2                           |      |        | add_ln39_1720 | add       | fabric   | 0       |
|   mul_32s_32s_32_1_1_U134                   | 3    |        | mul_ln39_1728 | mul       | auto     | 0       |
|   mul_32s_32s_32_1_1_U135                   | 3    |        | mul_ln39_1729 | mul       | auto     | 0       |
|   mul_32s_32s_32_1_1_U136                   | 3    |        | mul_ln39_1730 | mul       | auto     | 0       |
|   mul_32s_32s_32_1_1_U137                   | 3    |        | mul_ln39_1731 | mul       | auto     | 0       |
|   mul_32s_32s_32_1_1_U138                   | 3    |        | mul_ln39_1732 | mul       | auto     | 0       |
|   mul_32s_32s_32_1_1_U139                   | 3    |        | mul_ln39_1733 | mul       | auto     | 0       |
|   mul_32s_32s_32_1_1_U140                   | 3    |        | mul_ln39_1734 | mul       | auto     | 0       |
|   mul_32s_32s_32_1_1_U141                   | 3    |        | mul_ln39_1735 | mul       | auto     | 0       |
|   mul_32s_32s_32_1_1_U142                   | 3    |        | mul_ln39_1736 | mul       | auto     | 0       |
|   mul_32s_32s_32_1_1_U143                   | 3    |        | mul_ln39_1737 | mul       | auto     | 0       |
|   mul_32s_32s_32_1_1_U144                   | 3    |        | mul_ln39_1738 | mul       | auto     | 0       |
|   mul_32s_32s_32_1_1_U145                   | 3    |        | mul_ln39_1739 | mul       | auto     | 0       |
|   mul_32s_32s_32_1_1_U146                   | 3    |        | mul_ln39_1740 | mul       | auto     | 0       |
|   mul_32s_32s_32_1_1_U60                    | 3    |        | mul_ln39_1741 | mul       | auto     | 0       |
|   mul_32s_32s_32_1_1_U61                    | 3    |        | mul_ln39_1742 | mul       | auto     | 0       |
|   mul_32s_32s_32_1_1_U62                    | 3    |        | mul_ln39_1743 | mul       | auto     | 0       |
|   add_ln39_1729_fu_19249_p2                 |      |        | add_ln39_1729 | add       | fabric   | 0       |
|   add_ln39_1732_fu_19261_p2                 |      |        | add_ln39_1732 | add       | fabric   | 0       |
|   grp_fu_14374_p2                           |      |        | add_ln39_1735 | add       | fabric   | 0       |
|   grp_fu_14380_p2                           |      |        | add_ln39_1736 | add       | fabric   | 0       |
|   mul_32s_32s_32_1_1_U281                   | 3    |        | mul_ln39_1744 | mul       | auto     | 0       |
|   mul_32s_32s_32_1_1_U282                   | 3    |        | mul_ln39_1745 | mul       | auto     | 0       |
|   mul_32s_32s_32_1_1_U283                   | 3    |        | mul_ln39_1746 | mul       | auto     | 0       |
|   mul_32s_32s_32_1_1_U553                   | 3    |        | mul_ln39_1747 | mul       | auto     | 0       |
|   mul_32s_32s_32_1_1_U554                   | 3    |        | mul_ln39_1748 | mul       | auto     | 0       |
|   mul_32s_32s_32_1_1_U555                   | 3    |        | mul_ln39_1749 | mul       | auto     | 0       |
|   mul_32s_32s_32_1_1_U556                   | 3    |        | mul_ln39_1750 | mul       | auto     | 0       |
|   mul_32s_32s_32_1_1_U557                   | 3    |        | mul_ln39_1751 | mul       | auto     | 0       |
|   mul_32s_32s_32_1_1_U558                   | 3    |        | mul_ln39_1752 | mul       | auto     | 0       |
|   mul_32s_32s_32_1_1_U559                   | 3    |        | mul_ln39_1753 | mul       | auto     | 0       |
|   mul_32s_32s_32_1_1_U560                   | 3    |        | mul_ln39_1754 | mul       | auto     | 0       |
|   mul_32s_32s_32_1_1_U561                   | 3    |        | mul_ln39_1755 | mul       | auto     | 0       |
|   mul_32s_32s_32_1_1_U562                   | 3    |        | mul_ln39_1756 | mul       | auto     | 0       |
|   mul_32s_32s_32_1_1_U284                   | 3    |        | mul_ln39_1757 | mul       | auto     | 0       |
|   mul_32s_32s_32_1_1_U285                   | 3    |        | mul_ln39_1758 | mul       | auto     | 0       |
|   mul_32s_32s_32_1_1_U286                   | 3    |        | mul_ln39_1759 | mul       | auto     | 0       |
|   grp_fu_14794_p2                           |      |        | add_ln39_1745 | add       | fabric   | 0       |
|   grp_fu_14926_p2                           |      |        | add_ln39_1748 | add       | fabric   | 0       |
|   add_ln39_1751_fu_24813_p2                 |      |        | add_ln39_1751 | add       | fabric   | 0       |
|   add_ln39_1752_fu_24819_p2                 |      |        | add_ln39_1752 | add       | fabric   | 0       |
|   mul_32s_32s_32_1_1_U99                    | 3    |        | mul_ln39_1760 | mul       | auto     | 0       |
|   mul_32s_32s_32_1_1_U100                   | 3    |        | mul_ln39_1761 | mul       | auto     | 0       |
|   mul_32s_32s_32_1_1_U101                   | 3    |        | mul_ln39_1762 | mul       | auto     | 0       |
|   mul_32s_32s_32_1_1_U123                   | 3    |        | mul_ln39_1763 | mul       | auto     | 0       |
|   mul_32s_32s_32_1_1_U124                   | 3    |        | mul_ln39_1764 | mul       | auto     | 0       |
|   mul_32s_32s_32_1_1_U125                   | 3    |        | mul_ln39_1765 | mul       | auto     | 0       |
|   mul_32s_32s_32_1_1_U126                   | 3    |        | mul_ln39_1766 | mul       | auto     | 0       |
|   mul_32s_32s_32_1_1_U127                   | 3    |        | mul_ln39_1767 | mul       | auto     | 0       |
|   mul_32s_32s_32_1_1_U128                   | 3    |        | mul_ln39_1768 | mul       | auto     | 0       |
|   mul_32s_32s_32_1_1_U129                   | 3    |        | mul_ln39_1769 | mul       | auto     | 0       |
|   mul_32s_32s_32_1_1_U130                   | 3    |        | mul_ln39_1770 | mul       | auto     | 0       |
|   mul_32s_32s_32_1_1_U102                   | 3    |        | mul_ln39_1771 | mul       | auto     | 0       |
|   mul_32s_32s_32_1_1_U103                   | 3    |        | mul_ln39_1772 | mul       | auto     | 0       |
|   mul_32s_32s_32_1_1_U104                   | 3    |        | mul_ln39_1773 | mul       | auto     | 0       |
|   mul_32s_32s_32_1_1_U105                   | 3    |        | mul_ln39_1774 | mul       | auto     | 0       |
|   mul_32s_32s_32_1_1_U106                   | 3    |        | mul_ln39_1775 | mul       | auto     | 0       |
|   grp_fu_15112_p2                           |      |        | add_ln39_1761 | add       | fabric   | 0       |
|   add_ln39_1764_fu_31483_p2                 |      |        | add_ln39_1764 | add       | fabric   | 0       |
|   add_ln39_1767_fu_31500_p2                 |      |        | add_ln39_1767 | add       | fabric   | 0       |
|   grp_fu_14248_p2                           |      |        | add_ln39_1768 | add       | fabric   | 0       |
|   mul_32s_32s_32_1_1_U131                   | 3    |        | mul_ln39_1776 | mul       | auto     | 0       |
|   mul_32s_32s_32_1_1_U132                   | 3    |        | mul_ln39_1777 | mul       | auto     | 0       |
|   mul_32s_32s_32_1_1_U133                   | 3    |        | mul_ln39_1778 | mul       | auto     | 0       |
|   mul_32s_32s_32_1_1_U134                   | 3    |        | mul_ln39_1779 | mul       | auto     | 0       |
|   mul_32s_32s_32_1_1_U135                   | 3    |        | mul_ln39_1780 | mul       | auto     | 0       |
|   mul_32s_32s_32_1_1_U136                   | 3    |        | mul_ln39_1781 | mul       | auto     | 0       |
|   mul_32s_32s_32_1_1_U137                   | 3    |        | mul_ln39_1782 | mul       | auto     | 0       |
|   mul_32s_32s_32_1_1_U138                   | 3    |        | mul_ln39_1783 | mul       | auto     | 0       |
|   mul_32s_32s_32_1_1_U87                    | 3    |        | mul_ln39_1784 | mul       | auto     | 0       |
|   mul_32s_32s_32_1_1_U88                    | 3    |        | mul_ln39_1785 | mul       | auto     | 0       |
|   mul_32s_32s_32_1_1_U89                    | 3    |        | mul_ln39_1786 | mul       | auto     | 0       |
|   mul_32s_32s_32_1_1_U90                    | 3    |        | mul_ln39_1787 | mul       | auto     | 0       |
|   mul_32s_32s_32_1_1_U91                    | 3    |        | mul_ln39_1788 | mul       | auto     | 0       |
|   mul_32s_32s_32_1_1_U92                    | 3    |        | mul_ln39_1789 | mul       | auto     | 0       |
|   mul_32s_32s_32_1_1_U93                    | 3    |        | mul_ln39_1790 | mul       | auto     | 0       |
|   mul_32s_32s_32_1_1_U94                    | 3    |        | mul_ln39_1791 | mul       | auto     | 0       |
|   grp_fu_15118_p2                           |      |        | add_ln39_1777 | add       | fabric   | 0       |
|   grp_fu_15166_p2                           |      |        | add_ln39_1780 | add       | fabric   | 0       |
|   add_ln39_1783_fu_32353_p2                 |      |        | add_ln39_1783 | add       | fabric   | 0       |
|   grp_fu_14140_p2                           |      |        | add_ln39_1784 | add       | fabric   | 0       |
|   mul_32s_32s_32_1_1_U563                   | 3    |        | mul_ln39_1792 | mul       | auto     | 0       |
|   mul_32s_32s_32_1_1_U564                   | 3    |        | mul_ln39_1793 | mul       | auto     | 0       |
|   mul_32s_32s_32_1_1_U565                   | 3    |        | mul_ln39_1794 | mul       | auto     | 0       |
|   mul_32s_32s_32_1_1_U566                   | 3    |        | mul_ln39_1795 | mul       | auto     | 0       |
|   mul_32s_32s_32_1_1_U567                   | 3    |        | mul_ln39_1796 | mul       | auto     | 0       |
|   mul_32s_32s_32_1_1_U568                   | 3    |        | mul_ln39_1797 | mul       | auto     | 0       |
|   mul_32s_32s_32_1_1_U569                   | 3    |        | mul_ln39_1798 | mul       | auto     | 0       |
|   mul_32s_32s_32_1_1_U570                   | 3    |        | mul_ln39_1799 | mul       | auto     | 0       |
|   mul_32s_32s_32_1_1_U571                   | 3    |        | mul_ln39_1800 | mul       | auto     | 0       |
|   mul_32s_32s_32_1_1_U572                   | 3    |        | mul_ln39_1801 | mul       | auto     | 0       |
|   mul_32s_32s_32_1_1_U573                   | 3    |        | mul_ln39_1802 | mul       | auto     | 0       |
|   mul_32s_32s_32_1_1_U574                   | 3    |        | mul_ln39_1803 | mul       | auto     | 0       |
|   mul_32s_32s_32_1_1_U575                   | 3    |        | mul_ln39_1804 | mul       | auto     | 0       |
|   mul_32s_32s_32_1_1_U287                   | 3    |        | mul_ln39_1805 | mul       | auto     | 0       |
|   mul_32s_32s_32_1_1_U288                   | 3    |        | mul_ln39_1806 | mul       | auto     | 0       |
|   mul_32s_32s_32_1_1_U289                   | 3    |        | mul_ln39_1807 | mul       | auto     | 0       |
|   add_ln39_1793_fu_24860_p2                 |      |        | add_ln39_1793 | add       | fabric   | 0       |
|   add_ln39_1796_fu_24872_p2                 |      |        | add_ln39_1796 | add       | fabric   | 0       |
|   add_ln39_1799_fu_24890_p2                 |      |        | add_ln39_1799 | add       | fabric   | 0       |
|   add_ln39_1800_fu_24896_p2                 |      |        | add_ln39_1800 | add       | fabric   | 0       |
|   mul_32s_32s_32_1_1_U576                   | 3    |        | mul_ln39_1808 | mul       | auto     | 0       |
|   mul_32s_32s_32_1_1_U577                   | 3    |        | mul_ln39_1809 | mul       | auto     | 0       |
|   mul_32s_32s_32_1_1_U578                   | 3    |        | mul_ln39_1810 | mul       | auto     | 0       |
|   mul_32s_32s_32_1_1_U579                   | 3    |        | mul_ln39_1811 | mul       | auto     | 0       |
|   mul_32s_32s_32_1_1_U580                   | 3    |        | mul_ln39_1812 | mul       | auto     | 0       |
|   mul_32s_32s_32_1_1_U581                   | 3    |        | mul_ln39_1813 | mul       | auto     | 0       |
|   mul_32s_32s_32_1_1_U582                   | 3    |        | mul_ln39_1814 | mul       | auto     | 0       |
|   mul_32s_32s_32_1_1_U583                   | 3    |        | mul_ln39_1815 | mul       | auto     | 0       |
|   mul_32s_32s_32_1_1_U584                   | 3    |        | mul_ln39_1816 | mul       | auto     | 0       |
|   mul_32s_32s_32_1_1_U585                   | 3    |        | mul_ln39_1817 | mul       | auto     | 0       |
|   mul_32s_32s_32_1_1_U586                   | 3    |        | mul_ln39_1818 | mul       | auto     | 0       |
|   mul_32s_32s_32_1_1_U587                   | 3    |        | mul_ln39_1819 | mul       | auto     | 0       |
|   mul_32s_32s_32_1_1_U588                   | 3    |        | mul_ln39_1820 | mul       | auto     | 0       |
|   mul_32s_32s_32_1_1_U290                   | 3    |        | mul_ln39_1821 | mul       | auto     | 0       |
|   mul_32s_32s_32_1_1_U291                   | 3    |        | mul_ln39_1822 | mul       | auto     | 0       |
|   mul_32s_32s_32_1_1_U292                   | 3    |        | mul_ln39_1823 | mul       | auto     | 0       |
|   add_ln39_1809_fu_24936_p2                 |      |        | add_ln39_1809 | add       | fabric   | 0       |
|   add_ln39_1812_fu_24954_p2                 |      |        | add_ln39_1812 | add       | fabric   | 0       |
|   add_ln39_1815_fu_24972_p2                 |      |        | add_ln39_1815 | add       | fabric   | 0       |
|   add_ln39_1816_fu_24978_p2                 |      |        | add_ln39_1816 | add       | fabric   | 0       |
|   mul_32s_32s_32_1_1_U589                   | 3    |        | mul_ln39_1824 | mul       | auto     | 0       |
|   mul_32s_32s_32_1_1_U590                   | 3    |        | mul_ln39_1825 | mul       | auto     | 0       |
|   mul_32s_32s_32_1_1_U591                   | 3    |        | mul_ln39_1826 | mul       | auto     | 0       |
|   mul_32s_32s_32_1_1_U592                   | 3    |        | mul_ln39_1827 | mul       | auto     | 0       |
|   mul_32s_32s_32_1_1_U593                   | 3    |        | mul_ln39_1828 | mul       | auto     | 0       |
|   mul_32s_32s_32_1_1_U594                   | 3    |        | mul_ln39_1829 | mul       | auto     | 0       |
|   mul_32s_32s_32_1_1_U595                   | 3    |        | mul_ln39_1830 | mul       | auto     | 0       |
|   mul_32s_32s_32_1_1_U293                   | 3    |        | mul_ln39_1831 | mul       | auto     | 0       |
|   mul_32s_32s_32_1_1_U294                   | 3    |        | mul_ln39_1832 | mul       | auto     | 0       |
|   mul_32s_32s_32_1_1_U295                   | 3    |        | mul_ln39_1833 | mul       | auto     | 0       |
|   mul_32s_32s_32_1_1_U296                   | 3    |        | mul_ln39_1834 | mul       | auto     | 0       |
|   mul_32s_32s_32_1_1_U297                   | 3    |        | mul_ln39_1835 | mul       | auto     | 0       |
|   mul_32s_32s_32_1_1_U298                   | 3    |        | mul_ln39_1836 | mul       | auto     | 0       |
|   mul_32s_32s_32_1_1_U299                   | 3    |        | mul_ln39_1837 | mul       | auto     | 0       |
|   mul_32s_32s_32_1_1_U300                   | 3    |        | mul_ln39_1838 | mul       | auto     | 0       |
|   mul_32s_32s_32_1_1_U301                   | 3    |        | mul_ln39_1839 | mul       | auto     | 0       |
|   add_ln39_1825_fu_25019_p2                 |      |        | add_ln39_1825 | add       | fabric   | 0       |
|   add_ln39_1828_fu_25037_p2                 |      |        | add_ln39_1828 | add       | fabric   | 0       |
|   add_ln39_1831_fu_20370_p2                 |      |        | add_ln39_1831 | add       | fabric   | 0       |
|   add_ln39_1832_fu_20376_p2                 |      |        | add_ln39_1832 | add       | fabric   | 0       |
|   mul_32s_32s_32_1_1_U596                   | 3    |        | mul_ln39_1840 | mul       | auto     | 0       |
|   mul_32s_32s_32_1_1_U597                   | 3    |        | mul_ln39_1841 | mul       | auto     | 0       |
|   mul_32s_32s_32_1_1_U598                   | 3    |        | mul_ln39_1842 | mul       | auto     | 0       |
|   mul_32s_32s_32_1_1_U599                   | 3    |        | mul_ln39_1843 | mul       | auto     | 0       |
|   mul_32s_32s_32_1_1_U600                   | 3    |        | mul_ln39_1844 | mul       | auto     | 0       |
|   mul_32s_32s_32_1_1_U601                   | 3    |        | mul_ln39_1845 | mul       | auto     | 0       |
|   mul_32s_32s_32_1_1_U602                   | 3    |        | mul_ln39_1846 | mul       | auto     | 0       |
|   mul_32s_32s_32_1_1_U603                   | 3    |        | mul_ln39_1847 | mul       | auto     | 0       |
|   mul_32s_32s_32_1_1_U604                   | 3    |        | mul_ln39_1848 | mul       | auto     | 0       |
|   mul_32s_32s_32_1_1_U605                   | 3    |        | mul_ln39_1849 | mul       | auto     | 0       |
|   mul_32s_32s_32_1_1_U606                   | 3    |        | mul_ln39_1850 | mul       | auto     | 0       |
|   mul_32s_32s_32_1_1_U607                   | 3    |        | mul_ln39_1851 | mul       | auto     | 0       |
|   mul_32s_32s_32_1_1_U608                   | 3    |        | mul_ln39_1852 | mul       | auto     | 0       |
|   mul_32s_32s_32_1_1_U302                   | 3    |        | mul_ln39_1853 | mul       | auto     | 0       |
|   mul_32s_32s_32_1_1_U303                   | 3    |        | mul_ln39_1854 | mul       | auto     | 0       |
|   mul_32s_32s_32_1_1_U304                   | 3    |        | mul_ln39_1855 | mul       | auto     | 0       |
|   add_ln39_1841_fu_25066_p2                 |      |        | add_ln39_1841 | add       | fabric   | 0       |
|   add_ln39_1844_fu_25084_p2                 |      |        | add_ln39_1844 | add       | fabric   | 0       |
|   add_ln39_1847_fu_25102_p2                 |      |        | add_ln39_1847 | add       | fabric   | 0       |
|   add_ln39_1848_fu_25108_p2                 |      |        | add_ln39_1848 | add       | fabric   | 0       |
|   mul_32s_32s_32_1_1_U609                   | 3    |        | mul_ln39_1856 | mul       | auto     | 0       |
|   mul_32s_32s_32_1_1_U610                   | 3    |        | mul_ln39_1857 | mul       | auto     | 0       |
|   mul_32s_32s_32_1_1_U611                   | 3    |        | mul_ln39_1858 | mul       | auto     | 0       |
|   mul_32s_32s_32_1_1_U612                   | 3    |        | mul_ln39_1859 | mul       | auto     | 0       |
|   mul_32s_32s_32_1_1_U613                   | 3    |        | mul_ln39_1860 | mul       | auto     | 0       |
|   mul_32s_32s_32_1_1_U614                   | 3    |        | mul_ln39_1861 | mul       | auto     | 0       |
|   mul_32s_32s_32_1_1_U615                   | 3    |        | mul_ln39_1862 | mul       | auto     | 0       |
|   mul_32s_32s_32_1_1_U616                   | 3    |        | mul_ln39_1863 | mul       | auto     | 0       |
|   mul_32s_32s_32_1_1_U617                   | 3    |        | mul_ln39_1864 | mul       | auto     | 0       |
|   mul_32s_32s_32_1_1_U618                   | 3    |        | mul_ln39_1865 | mul       | auto     | 0       |
|   mul_32s_32s_32_1_1_U619                   | 3    |        | mul_ln39_1866 | mul       | auto     | 0       |
|   mul_32s_32s_32_1_1_U305                   | 3    |        | mul_ln39_1867 | mul       | auto     | 0       |
|   mul_32s_32s_32_1_1_U306                   | 3    |        | mul_ln39_1868 | mul       | auto     | 0       |
|   mul_32s_32s_32_1_1_U307                   | 3    |        | mul_ln39_1869 | mul       | auto     | 0       |
|   mul_32s_32s_32_1_1_U308                   | 3    |        | mul_ln39_1870 | mul       | auto     | 0       |
|   mul_32s_32s_32_1_1_U309                   | 3    |        | mul_ln39_1871 | mul       | auto     | 0       |
|   add_ln39_1857_fu_25143_p2                 |      |        | add_ln39_1857 | add       | fabric   | 0       |
|   add_ln39_1860_fu_25161_p2                 |      |        | add_ln39_1860 | add       | fabric   | 0       |
|   add_ln39_1863_fu_25179_p2                 |      |        | add_ln39_1863 | add       | fabric   | 0       |
|   add_ln39_1864_fu_25185_p2                 |      |        | add_ln39_1864 | add       | fabric   | 0       |
|   mul_32s_32s_32_1_1_U620                   | 3    |        | mul_ln39_1872 | mul       | auto     | 0       |
|   mul_32s_32s_32_1_1_U621                   | 3    |        | mul_ln39_1873 | mul       | auto     | 0       |
|   mul_32s_32s_32_1_1_U622                   | 3    |        | mul_ln39_1874 | mul       | auto     | 0       |
|   mul_32s_32s_32_1_1_U623                   | 3    |        | mul_ln39_1875 | mul       | auto     | 0       |
|   mul_32s_32s_32_1_1_U624                   | 3    |        | mul_ln39_1876 | mul       | auto     | 0       |
|   mul_32s_32s_32_1_1_U625                   | 3    |        | mul_ln39_1877 | mul       | auto     | 0       |
|   mul_32s_32s_32_1_1_U626                   | 3    |        | mul_ln39_1878 | mul       | auto     | 0       |
|   mul_32s_32s_32_1_1_U310                   | 3    |        | mul_ln39_1879 | mul       | auto     | 0       |
|   mul_32s_32s_32_1_1_U311                   | 3    |        | mul_ln39_1880 | mul       | auto     | 0       |
|   mul_32s_32s_32_1_1_U312                   | 3    |        | mul_ln39_1881 | mul       | auto     | 0       |
|   mul_32s_32s_32_1_1_U313                   | 3    |        | mul_ln39_1882 | mul       | auto     | 0       |
|   mul_32s_32s_32_1_1_U314                   | 3    |        | mul_ln39_1883 | mul       | auto     | 0       |
|   mul_32s_32s_32_1_1_U315                   | 3    |        | mul_ln39_1884 | mul       | auto     | 0       |
|   mul_32s_32s_32_1_1_U316                   | 3    |        | mul_ln39_1885 | mul       | auto     | 0       |
|   mul_32s_32s_32_1_1_U317                   | 3    |        | mul_ln39_1886 | mul       | auto     | 0       |
|   mul_32s_32s_32_1_1_U318                   | 3    |        | mul_ln39_1887 | mul       | auto     | 0       |
|   add_ln39_1873_fu_25213_p2                 |      |        | add_ln39_1873 | add       | fabric   | 0       |
|   add_ln39_1876_fu_25231_p2                 |      |        | add_ln39_1876 | add       | fabric   | 0       |
|   add_ln39_1879_fu_20436_p2                 |      |        | add_ln39_1879 | add       | fabric   | 0       |
|   grp_fu_14836_p2                           |      |        | add_ln39_1880 | add       | fabric   | 0       |
|   mul_32s_32s_32_1_1_U627                   | 3    |        | mul_ln39_1888 | mul       | auto     | 0       |
|   mul_32s_32s_32_1_1_U628                   | 3    |        | mul_ln39_1889 | mul       | auto     | 0       |
|   mul_32s_32s_32_1_1_U629                   | 3    |        | mul_ln39_1890 | mul       | auto     | 0       |
|   mul_32s_32s_32_1_1_U630                   | 3    |        | mul_ln39_1891 | mul       | auto     | 0       |
|   mul_32s_32s_32_1_1_U631                   | 3    |        | mul_ln39_1892 | mul       | auto     | 0       |
|   mul_32s_32s_32_1_1_U632                   | 3    |        | mul_ln39_1893 | mul       | auto     | 0       |
|   mul_32s_32s_32_1_1_U633                   | 3    |        | mul_ln39_1894 | mul       | auto     | 0       |
|   mul_32s_32s_32_1_1_U634                   | 3    |        | mul_ln39_1895 | mul       | auto     | 0       |
|   mul_32s_32s_32_1_1_U635                   | 3    |        | mul_ln39_1896 | mul       | auto     | 0       |
|   mul_32s_32s_32_1_1_U636                   | 3    |        | mul_ln39_1897 | mul       | auto     | 0       |
|   mul_32s_32s_32_1_1_U637                   | 3    |        | mul_ln39_1898 | mul       | auto     | 0       |
|   mul_32s_32s_32_1_1_U638                   | 3    |        | mul_ln39_1899 | mul       | auto     | 0       |
|   mul_32s_32s_32_1_1_U639                   | 3    |        | mul_ln39_1900 | mul       | auto     | 0       |
|   mul_32s_32s_32_1_1_U319                   | 3    |        | mul_ln39_1901 | mul       | auto     | 0       |
|   mul_32s_32s_32_1_1_U320                   | 3    |        | mul_ln39_1902 | mul       | auto     | 0       |
|   mul_32s_32s_32_1_1_U321                   | 3    |        | mul_ln39_1903 | mul       | auto     | 0       |
|   grp_fu_14944_p2                           |      |        | add_ln39_1889 | add       | fabric   | 0       |
|   add_ln39_1892_fu_25265_p2                 |      |        | add_ln39_1892 | add       | fabric   | 0       |
|   add_ln39_1895_fu_25283_p2                 |      |        | add_ln39_1895 | add       | fabric   | 0       |
|   add_ln39_1896_fu_25289_p2                 |      |        | add_ln39_1896 | add       | fabric   | 0       |
|   mul_32s_32s_32_1_1_U51                    | 3    |        | mul_ln39_1904 | mul       | auto     | 0       |
|   mul_32s_32s_32_1_1_U52                    | 3    |        | mul_ln39_1905 | mul       | auto     | 0       |
|   mul_32s_32s_32_1_1_U53                    | 3    |        | mul_ln39_1906 | mul       | auto     | 0       |
|   mul_32s_32s_32_1_1_U640                   | 3    |        | mul_ln39_1907 | mul       | auto     | 0       |
|   mul_32s_32s_32_1_1_U641                   | 3    |        | mul_ln39_1908 | mul       | auto     | 0       |
|   mul_32s_32s_32_1_1_U642                   | 3    |        | mul_ln39_1909 | mul       | auto     | 0       |
|   mul_32s_32s_32_1_1_U643                   | 3    |        | mul_ln39_1910 | mul       | auto     | 0       |
|   mul_32s_32s_32_1_1_U644                   | 3    |        | mul_ln39_1911 | mul       | auto     | 0       |
|   mul_32s_32s_32_1_1_U645                   | 3    |        | mul_ln39_1912 | mul       | auto     | 0       |
|   mul_32s_32s_32_1_1_U646                   | 3    |        | mul_ln39_1913 | mul       | auto     | 0       |
|   mul_32s_32s_32_1_1_U647                   | 3    |        | mul_ln39_1914 | mul       | auto     | 0       |
|   mul_32s_32s_32_1_1_U648                   | 3    |        | mul_ln39_1915 | mul       | auto     | 0       |
|   mul_32s_32s_32_1_1_U649                   | 3    |        | mul_ln39_1916 | mul       | auto     | 0       |
|   mul_32s_32s_32_1_1_U322                   | 3    |        | mul_ln39_1917 | mul       | auto     | 0       |
|   mul_32s_32s_32_1_1_U323                   | 3    |        | mul_ln39_1918 | mul       | auto     | 0       |
|   mul_32s_32s_32_1_1_U324                   | 3    |        | mul_ln39_1919 | mul       | auto     | 0       |
|   grp_fu_13486_p2                           |      |        | add_ln39_1905 | add       | fabric   | 0       |
|   add_ln39_1908_fu_25324_p2                 |      |        | add_ln39_1908 | add       | fabric   | 0       |
|   add_ln39_1911_fu_25341_p2                 |      |        | add_ln39_1911 | add       | fabric   | 0       |
|   add_ln39_1912_fu_25347_p2                 |      |        | add_ln39_1912 | add       | fabric   | 0       |
|   mul_32s_32s_32_1_1_U82                    | 3    |        | mul_ln39_1920 | mul       | auto     | 0       |
|   mul_32s_32s_32_1_1_U83                    | 3    |        | mul_ln39_1921 | mul       | auto     | 0       |
|   mul_32s_32s_32_1_1_U84                    | 3    |        | mul_ln39_1922 | mul       | auto     | 0       |
|   mul_32s_32s_32_1_1_U85                    | 3    |        | mul_ln39_1923 | mul       | auto     | 0       |
|   mul_32s_32s_32_1_1_U86                    | 3    |        | mul_ln39_1924 | mul       | auto     | 0       |
|   mul_32s_32s_32_1_1_U87                    | 3    |        | mul_ln39_1925 | mul       | auto     | 0       |
|   mul_32s_32s_32_1_1_U88                    | 3    |        | mul_ln39_1926 | mul       | auto     | 0       |
|   mul_32s_32s_32_1_1_U89                    | 3    |        | mul_ln39_1927 | mul       | auto     | 0       |
|   mul_32s_32s_32_1_1_U90                    | 3    |        | mul_ln39_1928 | mul       | auto     | 0       |
|   mul_32s_32s_32_1_1_U91                    | 3    |        | mul_ln39_1929 | mul       | auto     | 0       |
|   mul_32s_32s_32_1_1_U92                    | 3    |        | mul_ln39_1930 | mul       | auto     | 0       |
|   mul_32s_32s_32_1_1_U93                    | 3    |        | mul_ln39_1931 | mul       | auto     | 0       |
|   mul_32s_32s_32_1_1_U94                    | 3    |        | mul_ln39_1932 | mul       | auto     | 0       |
|   mul_32s_32s_32_1_1_U70                    | 3    |        | mul_ln39_1933 | mul       | auto     | 0       |
|   mul_32s_32s_32_1_1_U71                    | 3    |        | mul_ln39_1934 | mul       | auto     | 0       |
|   mul_32s_32s_32_1_1_U72                    | 3    |        | mul_ln39_1935 | mul       | auto     | 0       |
|   grp_fu_13906_p2                           |      |        | add_ln39_1921 | add       | fabric   | 0       |
|   grp_fu_13612_p2                           |      |        | add_ln39_1924 | add       | fabric   | 0       |
|   add_ln39_1927_fu_17455_p2                 |      |        | add_ln39_1927 | add       | fabric   | 0       |
|   add_ln39_1928_fu_17461_p2                 |      |        | add_ln39_1928 | add       | fabric   | 0       |
|   mul_32s_32s_32_1_1_U650                   | 3    |        | mul_ln39_1936 | mul       | auto     | 0       |
|   mul_32s_32s_32_1_1_U651                   | 3    |        | mul_ln39_1937 | mul       | auto     | 0       |
|   mul_32s_32s_32_1_1_U652                   | 3    |        | mul_ln39_1938 | mul       | auto     | 0       |
|   mul_32s_32s_32_1_1_U653                   | 3    |        | mul_ln39_1939 | mul       | auto     | 0       |
|   mul_32s_32s_32_1_1_U654                   | 3    |        | mul_ln39_1940 | mul       | auto     | 0       |
|   mul_32s_32s_32_1_1_U655                   | 3    |        | mul_ln39_1941 | mul       | auto     | 0       |
|   mul_32s_32s_32_1_1_U656                   | 3    |        | mul_ln39_1942 | mul       | auto     | 0       |
|   mul_32s_32s_32_1_1_U657                   | 3    |        | mul_ln39_1943 | mul       | auto     | 0       |
|   mul_32s_32s_32_1_1_U658                   | 3    |        | mul_ln39_1944 | mul       | auto     | 0       |
|   mul_32s_32s_32_1_1_U659                   | 3    |        | mul_ln39_1945 | mul       | auto     | 0       |
|   mul_32s_32s_32_1_1_U660                   | 3    |        | mul_ln39_1946 | mul       | auto     | 0       |
|   mul_32s_32s_32_1_1_U661                   | 3    |        | mul_ln39_1947 | mul       | auto     | 0       |
|   mul_32s_32s_32_1_1_U662                   | 3    |        | mul_ln39_1948 | mul       | auto     | 0       |
|   mul_32s_32s_32_1_1_U325                   | 3    |        | mul_ln39_1949 | mul       | auto     | 0       |
|   mul_32s_32s_32_1_1_U326                   | 3    |        | mul_ln39_1950 | mul       | auto     | 0       |
|   mul_32s_32s_32_1_1_U327                   | 3    |        | mul_ln39_1951 | mul       | auto     | 0       |
|   add_ln39_1937_fu_25388_p2                 |      |        | add_ln39_1937 | add       | fabric   | 0       |
|   add_ln39_1940_fu_25406_p2                 |      |        | add_ln39_1940 | add       | fabric   | 0       |
|   add_ln39_1943_fu_25424_p2                 |      |        | add_ln39_1943 | add       | fabric   | 0       |
|   add_ln39_1944_fu_25430_p2                 |      |        | add_ln39_1944 | add       | fabric   | 0       |
|   mul_32s_32s_32_1_1_U45                    | 3    |        | mul_ln39_1952 | mul       | auto     | 0       |
|   mul_32s_32s_32_1_1_U46                    | 3    |        | mul_ln39_1953 | mul       | auto     | 0       |
|   mul_32s_32s_32_1_1_U47                    | 3    |        | mul_ln39_1954 | mul       | auto     | 0       |
|   mul_32s_32s_32_1_1_U48                    | 3    |        | mul_ln39_1955 | mul       | auto     | 0       |
|   mul_32s_32s_32_1_1_U49                    | 3    |        | mul_ln39_1956 | mul       | auto     | 0       |
|   mul_32s_32s_32_1_1_U50                    | 3    |        | mul_ln39_1957 | mul       | auto     | 0       |
|   mul_32s_32s_32_1_1_U51                    | 3    |        | mul_ln39_1958 | mul       | auto     | 0       |
|   mul_32s_32s_32_1_1_U86                    | 3    |        | mul_ln39_1959 | mul       | auto     | 0       |
|   mul_32s_32s_32_1_1_U87                    | 3    |        | mul_ln39_1960 | mul       | auto     | 0       |
|   mul_32s_32s_32_1_1_U88                    | 3    |        | mul_ln39_1961 | mul       | auto     | 0       |
|   mul_32s_32s_32_1_1_U89                    | 3    |        | mul_ln39_1962 | mul       | auto     | 0       |
|   mul_32s_32s_32_1_1_U90                    | 3    |        | mul_ln39_1963 | mul       | auto     | 0       |
|   mul_32s_32s_32_1_1_U91                    | 3    |        | mul_ln39_1964 | mul       | auto     | 0       |
|   mul_32s_32s_32_1_1_U92                    | 3    |        | mul_ln39_1965 | mul       | auto     | 0       |
|   mul_32s_32s_32_1_1_U93                    | 3    |        | mul_ln39_1966 | mul       | auto     | 0       |
|   mul_32s_32s_32_1_1_U94                    | 3    |        | mul_ln39_1967 | mul       | auto     | 0       |
|   grp_fu_14038_p2                           |      |        | add_ln39_1953 | add       | fabric   | 0       |
|   grp_fu_13288_p2                           |      |        | add_ln39_1956 | add       | fabric   | 0       |
|   grp_fu_14134_p2                           |      |        | add_ln39_1959 | add       | fabric   | 0       |
|   grp_fu_14140_p2                           |      |        | add_ln39_1960 | add       | fabric   | 0       |
|   mul_32s_32s_32_1_1_U52                    | 3    |        | mul_ln39_1968 | mul       | auto     | 0       |
|   mul_32s_32s_32_1_1_U53                    | 3    |        | mul_ln39_1969 | mul       | auto     | 0       |
|   mul_32s_32s_32_1_1_U54                    | 3    |        | mul_ln39_1970 | mul       | auto     | 0       |
|   mul_32s_32s_32_1_1_U65                    | 3    |        | mul_ln39_1971 | mul       | auto     | 0       |
|   mul_32s_32s_32_1_1_U66                    | 3    |        | mul_ln39_1972 | mul       | auto     | 0       |
|   mul_32s_32s_32_1_1_U67                    | 3    |        | mul_ln39_1973 | mul       | auto     | 0       |
|   mul_32s_32s_32_1_1_U68                    | 3    |        | mul_ln39_1974 | mul       | auto     | 0       |
|   mul_32s_32s_32_1_1_U69                    | 3    |        | mul_ln39_1975 | mul       | auto     | 0       |
|   mul_32s_32s_32_1_1_U70                    | 3    |        | mul_ln39_1976 | mul       | auto     | 0       |
|   mul_32s_32s_32_1_1_U71                    | 3    |        | mul_ln39_1977 | mul       | auto     | 0       |
|   mul_32s_32s_32_1_1_U72                    | 3    |        | mul_ln39_1978 | mul       | auto     | 0       |
|   mul_32s_32s_32_1_1_U73                    | 3    |        | mul_ln39_1979 | mul       | auto     | 0       |
|   mul_32s_32s_32_1_1_U74                    | 3    |        | mul_ln39_1980 | mul       | auto     | 0       |
|   mul_32s_32s_32_1_1_U55                    | 3    |        | mul_ln39_1981 | mul       | auto     | 0       |
|   mul_32s_32s_32_1_1_U56                    | 3    |        | mul_ln39_1982 | mul       | auto     | 0       |
|   mul_32s_32s_32_1_1_U57                    | 3    |        | mul_ln39_1983 | mul       | auto     | 0       |
|   grp_fu_13492_p2                           |      |        | add_ln39_1969 | add       | fabric   | 0       |
|   grp_fu_13306_p2                           |      |        | add_ln39_1972 | add       | fabric   | 0       |
|   grp_fu_13318_p2                           |      |        | add_ln39_1975 | add       | fabric   | 0       |
|   grp_fu_13324_p2                           |      |        | add_ln39_1976 | add       | fabric   | 0       |
|   mul_32s_32s_32_1_1_U147                   | 3    |        | mul_ln39_1984 | mul       | auto     | 0       |
|   mul_32s_32s_32_1_1_U148                   | 3    |        | mul_ln39_1985 | mul       | auto     | 0       |
|   mul_32s_32s_32_1_1_U149                   | 3    |        | mul_ln39_1986 | mul       | auto     | 0       |
|   mul_32s_32s_32_1_1_U150                   | 3    |        | mul_ln39_1987 | mul       | auto     | 0       |
|   mul_32s_32s_32_1_1_U151                   | 3    |        | mul_ln39_1988 | mul       | auto     | 0       |
|   mul_32s_32s_32_1_1_U152                   | 3    |        | mul_ln39_1989 | mul       | auto     | 0       |
|   mul_32s_32s_32_1_1_U153                   | 3    |        | mul_ln39_1990 | mul       | auto     | 0       |
|   mul_32s_32s_32_1_1_U154                   | 3    |        | mul_ln39_1991 | mul       | auto     | 0       |
|   mul_32s_32s_32_1_1_U155                   | 3    |        | mul_ln39_1992 | mul       | auto     | 0       |
|   mul_32s_32s_32_1_1_U156                   | 3    |        | mul_ln39_1993 | mul       | auto     | 0       |
|   mul_32s_32s_32_1_1_U157                   | 3    |        | mul_ln39_1994 | mul       | auto     | 0       |
|   mul_32s_32s_32_1_1_U158                   | 3    |        | mul_ln39_1995 | mul       | auto     | 0       |
|   mul_32s_32s_32_1_1_U159                   | 3    |        | mul_ln39_1996 | mul       | auto     | 0       |
|   mul_32s_32s_32_1_1_U63                    | 3    |        | mul_ln39_1997 | mul       | auto     | 0       |
|   mul_32s_32s_32_1_1_U64                    | 3    |        | mul_ln39_1998 | mul       | auto     | 0       |
|   mul_32s_32s_32_1_1_U65                    | 3    |        | mul_ln39_1999 | mul       | auto     | 0       |
|   grp_fu_14392_p2                           |      |        | add_ln39_1985 | add       | fabric   | 0       |
|   grp_fu_14404_p2                           |      |        | add_ln39_1988 | add       | fabric   | 0       |
|   add_ln39_1991_fu_19325_p2                 |      |        | add_ln39_1991 | add       | fabric   | 0       |
|   add_ln39_1992_fu_19331_p2                 |      |        | add_ln39_1992 | add       | fabric   | 0       |
|   mul_32s_32s_32_1_1_U328                   | 3    |        | mul_ln39_2000 | mul       | auto     | 0       |
|   mul_32s_32s_32_1_1_U329                   | 3    |        | mul_ln39_2001 | mul       | auto     | 0       |
|   mul_32s_32s_32_1_1_U330                   | 3    |        | mul_ln39_2002 | mul       | auto     | 0       |
|   mul_32s_32s_32_1_1_U663                   | 3    |        | mul_ln39_2003 | mul       | auto     | 0       |
|   mul_32s_32s_32_1_1_U664                   | 3    |        | mul_ln39_2004 | mul       | auto     | 0       |
|   mul_32s_32s_32_1_1_U665                   | 3    |        | mul_ln39_2005 | mul       | auto     | 0       |
|   mul_32s_32s_32_1_1_U666                   | 3    |        | mul_ln39_2006 | mul       | auto     | 0       |
|   mul_32s_32s_32_1_1_U667                   | 3    |        | mul_ln39_2007 | mul       | auto     | 0       |
|   mul_32s_32s_32_1_1_U668                   | 3    |        | mul_ln39_2008 | mul       | auto     | 0       |
|   mul_32s_32s_32_1_1_U669                   | 3    |        | mul_ln39_2009 | mul       | auto     | 0       |
|   mul_32s_32s_32_1_1_U670                   | 3    |        | mul_ln39_2010 | mul       | auto     | 0       |
|   mul_32s_32s_32_1_1_U671                   | 3    |        | mul_ln39_2011 | mul       | auto     | 0       |
|   mul_32s_32s_32_1_1_U672                   | 3    |        | mul_ln39_2012 | mul       | auto     | 0       |
|   mul_32s_32s_32_1_1_U331                   | 3    |        | mul_ln39_2013 | mul       | auto     | 0       |
|   mul_32s_32s_32_1_1_U332                   | 3    |        | mul_ln39_2014 | mul       | auto     | 0       |
|   mul_32s_32s_32_1_1_U333                   | 3    |        | mul_ln39_2015 | mul       | auto     | 0       |
|   add_ln39_2001_fu_20496_p2                 |      |        | add_ln39_2001 | add       | fabric   | 0       |
|   add_ln39_2004_fu_25465_p2                 |      |        | add_ln39_2004 | add       | fabric   | 0       |
|   add_ln39_2007_fu_25482_p2                 |      |        | add_ln39_2007 | add       | fabric   | 0       |
|   add_ln39_2008_fu_25488_p2                 |      |        | add_ln39_2008 | add       | fabric   | 0       |
|   mul_32s_32s_32_1_1_U107                   | 3    |        | mul_ln39_2016 | mul       | auto     | 0       |
|   mul_32s_32s_32_1_1_U108                   | 3    |        | mul_ln39_2017 | mul       | auto     | 0       |
|   mul_32s_32s_32_1_1_U109                   | 3    |        | mul_ln39_2018 | mul       | auto     | 0       |
|   mul_32s_32s_32_1_1_U139                   | 3    |        | mul_ln39_2019 | mul       | auto     | 0       |
|   mul_32s_32s_32_1_1_U140                   | 3    |        | mul_ln39_2020 | mul       | auto     | 0       |
|   mul_32s_32s_32_1_1_U141                   | 3    |        | mul_ln39_2021 | mul       | auto     | 0       |
|   mul_32s_32s_32_1_1_U142                   | 3    |        | mul_ln39_2022 | mul       | auto     | 0       |
|   mul_32s_32s_32_1_1_U143                   | 3    |        | mul_ln39_2023 | mul       | auto     | 0       |
|   mul_32s_32s_32_1_1_U144                   | 3    |        | mul_ln39_2024 | mul       | auto     | 0       |
|   mul_32s_32s_32_1_1_U145                   | 3    |        | mul_ln39_2025 | mul       | auto     | 0       |
|   mul_32s_32s_32_1_1_U146                   | 3    |        | mul_ln39_2026 | mul       | auto     | 0       |
|   mul_32s_32s_32_1_1_U110                   | 3    |        | mul_ln39_2027 | mul       | auto     | 0       |
|   mul_32s_32s_32_1_1_U111                   | 3    |        | mul_ln39_2028 | mul       | auto     | 0       |
|   mul_32s_32s_32_1_1_U112                   | 3    |        | mul_ln39_2029 | mul       | auto     | 0       |
|   mul_32s_32s_32_1_1_U113                   | 3    |        | mul_ln39_2030 | mul       | auto     | 0       |
|   mul_32s_32s_32_1_1_U114                   | 3    |        | mul_ln39_2031 | mul       | auto     | 0       |
|   add_ln39_2017_fu_30499_p2                 |      |        | add_ln39_2017 | add       | fabric   | 0       |
|   grp_fu_14374_p2                           |      |        | add_ln39_2020 | add       | fabric   | 0       |
|   grp_fu_14380_p2                           |      |        | add_ln39_2023 | add       | fabric   | 0       |
|   add_ln39_2024_fu_31534_p2                 |      |        | add_ln39_2024 | add       | fabric   | 0       |
|   mul_32s_32s_32_1_1_U147                   | 3    |        | mul_ln39_2032 | mul       | auto     | 0       |
|   mul_32s_32s_32_1_1_U148                   | 3    |        | mul_ln39_2033 | mul       | auto     | 0       |
|   mul_32s_32s_32_1_1_U149                   | 3    |        | mul_ln39_2034 | mul       | auto     | 0       |
|   mul_32s_32s_32_1_1_U150                   | 3    |        | mul_ln39_2035 | mul       | auto     | 0       |
|   mul_32s_32s_32_1_1_U151                   | 3    |        | mul_ln39_2036 | mul       | auto     | 0       |
|   mul_32s_32s_32_1_1_U152                   | 3    |        | mul_ln39_2037 | mul       | auto     | 0       |
|   mul_32s_32s_32_1_1_U153                   | 3    |        | mul_ln39_2038 | mul       | auto     | 0       |
|   mul_32s_32s_32_1_1_U154                   | 3    |        | mul_ln39_2039 | mul       | auto     | 0       |
|   mul_32s_32s_32_1_1_U95                    | 3    |        | mul_ln39_2040 | mul       | auto     | 0       |
|   mul_32s_32s_32_1_1_U96                    | 3    |        | mul_ln39_2041 | mul       | auto     | 0       |
|   mul_32s_32s_32_1_1_U97                    | 3    |        | mul_ln39_2042 | mul       | auto     | 0       |
|   mul_32s_32s_32_1_1_U98                    | 3    |        | mul_ln39_2043 | mul       | auto     | 0       |
|   mul_32s_32s_32_1_1_U99                    | 3    |        | mul_ln39_2044 | mul       | auto     | 0       |
|   mul_32s_32s_32_1_1_U100                   | 3    |        | mul_ln39_2045 | mul       | auto     | 0       |
|   mul_32s_32s_32_1_1_U101                   | 3    |        | mul_ln39_2046 | mul       | auto     | 0       |
|   mul_32s_32s_32_1_1_U102                   | 3    |        | mul_ln39_2047 | mul       | auto     | 0       |
|   grp_fu_14392_p2                           |      |        | add_ln39_2033 | add       | fabric   | 0       |
|   grp_fu_14404_p2                           |      |        | add_ln39_2036 | add       | fabric   | 0       |
|   add_ln39_2039_fu_32377_p2                 |      |        | add_ln39_2039 | add       | fabric   | 0       |
|   grp_fu_13792_p2                           |      |        | add_ln39_2040 | add       | fabric   | 0       |
|   mul_32s_32s_32_1_1_U54                    | 3    |        | mul_ln39_2048 | mul       | auto     | 0       |
|   mul_32s_32s_32_1_1_U55                    | 3    |        | mul_ln39_2049 | mul       | auto     | 0       |
|   mul_32s_32s_32_1_1_U56                    | 3    |        | mul_ln39_2050 | mul       | auto     | 0       |
|   mul_32s_32s_32_1_1_U100                   | 3    |        | mul_ln39_2051 | mul       | auto     | 0       |
|   mul_32s_32s_32_1_1_U101                   | 3    |        | mul_ln39_2052 | mul       | auto     | 0       |
|   mul_32s_32s_32_1_1_U102                   | 3    |        | mul_ln39_2053 | mul       | auto     | 0       |
|   mul_32s_32s_32_1_1_U103                   | 3    |        | mul_ln39_2054 | mul       | auto     | 0       |
|   mul_32s_32s_32_1_1_U104                   | 3    |        | mul_ln39_2055 | mul       | auto     | 0       |
|   mul_32s_32s_32_1_1_U105                   | 3    |        | mul_ln39_2056 | mul       | auto     | 0       |
|   mul_32s_32s_32_1_1_U106                   | 3    |        | mul_ln39_2057 | mul       | auto     | 0       |
|   mul_32s_32s_32_1_1_U107                   | 3    |        | mul_ln39_2058 | mul       | auto     | 0       |
|   mul_32s_32s_32_1_1_U108                   | 3    |        | mul_ln39_2059 | mul       | auto     | 0       |
|   mul_32s_32s_32_1_1_U109                   | 3    |        | mul_ln39_2060 | mul       | auto     | 0       |
|   mul_32s_32s_32_1_1_U57                    | 3    |        | mul_ln39_2061 | mul       | auto     | 0       |
|   mul_32s_32s_32_1_1_U58                    | 3    |        | mul_ln39_2062 | mul       | auto     | 0       |
|   mul_32s_32s_32_1_1_U59                    | 3    |        | mul_ln39_2063 | mul       | auto     | 0       |
|   add_ln39_2049_fu_16880_p2                 |      |        | add_ln39_2049 | add       | fabric   | 0       |
|   grp_fu_13816_p2                           |      |        | add_ln39_2052 | add       | fabric   | 0       |
|   grp_fu_13822_p2                           |      |        | add_ln39_2055 | add       | fabric   | 0       |
|   add_ln39_2056_fu_17041_p2                 |      |        | add_ln39_2056 | add       | fabric   | 0       |
|   mul_32s_32s_32_1_1_U673                   | 3    |        | mul_ln39_2064 | mul       | auto     | 0       |
|   mul_32s_32s_32_1_1_U674                   | 3    |        | mul_ln39_2065 | mul       | auto     | 0       |
|   mul_32s_32s_32_1_1_U675                   | 3    |        | mul_ln39_2066 | mul       | auto     | 0       |
|   mul_32s_32s_32_1_1_U676                   | 3    |        | mul_ln39_2067 | mul       | auto     | 0       |
|   mul_32s_32s_32_1_1_U677                   | 3    |        | mul_ln39_2068 | mul       | auto     | 0       |
|   mul_32s_32s_32_1_1_U678                   | 3    |        | mul_ln39_2069 | mul       | auto     | 0       |
|   mul_32s_32s_32_1_1_U679                   | 3    |        | mul_ln39_2070 | mul       | auto     | 0       |
|   mul_32s_32s_32_1_1_U680                   | 3    |        | mul_ln39_2071 | mul       | auto     | 0       |
|   mul_32s_32s_32_1_1_U681                   | 3    |        | mul_ln39_2072 | mul       | auto     | 0       |
|   mul_32s_32s_32_1_1_U682                   | 3    |        | mul_ln39_2073 | mul       | auto     | 0       |
|   mul_32s_32s_32_1_1_U683                   | 3    |        | mul_ln39_2074 | mul       | auto     | 0       |
|   mul_32s_32s_32_1_1_U684                   | 3    |        | mul_ln39_2075 | mul       | auto     | 0       |
|   mul_32s_32s_32_1_1_U685                   | 3    |        | mul_ln39_2076 | mul       | auto     | 0       |
|   mul_32s_32s_32_1_1_U334                   | 3    |        | mul_ln39_2077 | mul       | auto     | 0       |
|   mul_32s_32s_32_1_1_U335                   | 3    |        | mul_ln39_2078 | mul       | auto     | 0       |
|   mul_32s_32s_32_1_1_U336                   | 3    |        | mul_ln39_2079 | mul       | auto     | 0       |
|   add_ln39_2065_fu_25529_p2                 |      |        | add_ln39_2065 | add       | fabric   | 0       |
|   add_ln39_2068_fu_25547_p2                 |      |        | add_ln39_2068 | add       | fabric   | 0       |
|   add_ln39_2071_fu_25565_p2                 |      |        | add_ln39_2071 | add       | fabric   | 0       |
|   add_ln39_2072_fu_25571_p2                 |      |        | add_ln39_2072 | add       | fabric   | 0       |
|   mul_32s_32s_32_1_1_U110                   | 3    |        | mul_ln39_2080 | mul       | auto     | 0       |
|   mul_32s_32s_32_1_1_U111                   | 3    |        | mul_ln39_2081 | mul       | auto     | 0       |
|   mul_32s_32s_32_1_1_U112                   | 3    |        | mul_ln39_2082 | mul       | auto     | 0       |
|   mul_32s_32s_32_1_1_U113                   | 3    |        | mul_ln39_2083 | mul       | auto     | 0       |
|   mul_32s_32s_32_1_1_U114                   | 3    |        | mul_ln39_2084 | mul       | auto     | 0       |
|   mul_32s_32s_32_1_1_U115                   | 3    |        | mul_ln39_2085 | mul       | auto     | 0       |
|   mul_32s_32s_32_1_1_U116                   | 3    |        | mul_ln39_2086 | mul       | auto     | 0       |
|   mul_32s_32s_32_1_1_U117                   | 3    |        | mul_ln39_2087 | mul       | auto     | 0       |
|   mul_32s_32s_32_1_1_U118                   | 3    |        | mul_ln39_2088 | mul       | auto     | 0       |
|   mul_32s_32s_32_1_1_U119                   | 3    |        | mul_ln39_2089 | mul       | auto     | 0       |
|   mul_32s_32s_32_1_1_U120                   | 3    |        | mul_ln39_2090 | mul       | auto     | 0       |
|   mul_32s_32s_32_1_1_U60                    | 3    |        | mul_ln39_2091 | mul       | auto     | 0       |
|   mul_32s_32s_32_1_1_U61                    | 3    |        | mul_ln39_2092 | mul       | auto     | 0       |
|   mul_32s_32s_32_1_1_U62                    | 3    |        | mul_ln39_2093 | mul       | auto     | 0       |
|   mul_32s_32s_32_1_1_U63                    | 3    |        | mul_ln39_2094 | mul       | auto     | 0       |
|   mul_32s_32s_32_1_1_U64                    | 3    |        | mul_ln39_2095 | mul       | auto     | 0       |
|   add_ln39_2081_fu_17083_p2                 |      |        | add_ln39_2081 | add       | fabric   | 0       |
|   grp_fu_13834_p2                           |      |        | add_ln39_2084 | add       | fabric   | 0       |
|   grp_fu_13840_p2                           |      |        | add_ln39_2087 | add       | fabric   | 0       |
|   add_ln39_2088_fu_17107_p2                 |      |        | add_ln39_2088 | add       | fabric   | 0       |
|   mul_32s_32s_32_1_1_U65                    | 3    |        | mul_ln39_2096 | mul       | auto     | 0       |
|   mul_32s_32s_32_1_1_U66                    | 3    |        | mul_ln39_2097 | mul       | auto     | 0       |
|   mul_32s_32s_32_1_1_U67                    | 3    |        | mul_ln39_2098 | mul       | auto     | 0       |
|   mul_32s_32s_32_1_1_U686                   | 3    |        | mul_ln39_2099 | mul       | auto     | 0       |
|   mul_32s_32s_32_1_1_U687                   | 3    |        | mul_ln39_2100 | mul       | auto     | 0       |
|   mul_32s_32s_32_1_1_U688                   | 3    |        | mul_ln39_2101 | mul       | auto     | 0       |
|   mul_32s_32s_32_1_1_U689                   | 3    |        | mul_ln39_2102 | mul       | auto     | 0       |
|   mul_32s_32s_32_1_1_U337                   | 3    |        | mul_ln39_2103 | mul       | auto     | 0       |
|   mul_32s_32s_32_1_1_U338                   | 3    |        | mul_ln39_2104 | mul       | auto     | 0       |
|   mul_32s_32s_32_1_1_U339                   | 3    |        | mul_ln39_2105 | mul       | auto     | 0       |
|   mul_32s_32s_32_1_1_U340                   | 3    |        | mul_ln39_2106 | mul       | auto     | 0       |
|   mul_32s_32s_32_1_1_U341                   | 3    |        | mul_ln39_2107 | mul       | auto     | 0       |
|   mul_32s_32s_32_1_1_U342                   | 3    |        | mul_ln39_2108 | mul       | auto     | 0       |
|   mul_32s_32s_32_1_1_U343                   | 3    |        | mul_ln39_2109 | mul       | auto     | 0       |
|   mul_32s_32s_32_1_1_U344                   | 3    |        | mul_ln39_2110 | mul       | auto     | 0       |
|   mul_32s_32s_32_1_1_U345                   | 3    |        | mul_ln39_2111 | mul       | auto     | 0       |
|   grp_fu_13534_p2                           |      |        | add_ln39_2097 | add       | fabric   | 0       |
|   add_ln39_2100_fu_25612_p2                 |      |        | add_ln39_2100 | add       | fabric   | 0       |
|   add_ln39_2103_fu_20526_p2                 |      |        | add_ln39_2103 | add       | fabric   | 0       |
|   grp_fu_14872_p2                           |      |        | add_ln39_2104 | add       | fabric   | 0       |
|   mul_32s_32s_32_1_1_U690                   | 3    |        | mul_ln39_2112 | mul       | auto     | 0       |
|   mul_32s_32s_32_1_1_U691                   | 3    |        | mul_ln39_2113 | mul       | auto     | 0       |
|   mul_32s_32s_32_1_1_U692                   | 3    |        | mul_ln39_2114 | mul       | auto     | 0       |
|   mul_32s_32s_32_1_1_U693                   | 3    |        | mul_ln39_2115 | mul       | auto     | 0       |
|   mul_32s_32s_32_1_1_U694                   | 3    |        | mul_ln39_2116 | mul       | auto     | 0       |
|   mul_32s_32s_32_1_1_U695                   | 3    |        | mul_ln39_2117 | mul       | auto     | 0       |
|   mul_32s_32s_32_1_1_U696                   | 3    |        | mul_ln39_2118 | mul       | auto     | 0       |
|   mul_32s_32s_32_1_1_U697                   | 3    |        | mul_ln39_2119 | mul       | auto     | 0       |
|   mul_32s_32s_32_1_1_U698                   | 3    |        | mul_ln39_2120 | mul       | auto     | 0       |
|   mul_32s_32s_32_1_1_U699                   | 3    |        | mul_ln39_2121 | mul       | auto     | 0       |
|   mul_32s_32s_32_1_1_U700                   | 3    |        | mul_ln39_2122 | mul       | auto     | 0       |
|   mul_32s_32s_32_1_1_U701                   | 3    |        | mul_ln39_2123 | mul       | auto     | 0       |
|   mul_32s_32s_32_1_1_U702                   | 3    |        | mul_ln39_2124 | mul       | auto     | 0       |
|   mul_32s_32s_32_1_1_U346                   | 3    |        | mul_ln39_2125 | mul       | auto     | 0       |
|   mul_32s_32s_32_1_1_U347                   | 3    |        | mul_ln39_2126 | mul       | auto     | 0       |
|   mul_32s_32s_32_1_1_U348                   | 3    |        | mul_ln39_2127 | mul       | auto     | 0       |
|   add_ln39_2113_fu_25639_p2                 |      |        | add_ln39_2113 | add       | fabric   | 0       |
|   add_ln39_2116_fu_25657_p2                 |      |        | add_ln39_2116 | add       | fabric   | 0       |
|   add_ln39_2119_fu_25675_p2                 |      |        | add_ln39_2119 | add       | fabric   | 0       |
|   add_ln39_2120_fu_25681_p2                 |      |        | add_ln39_2120 | add       | fabric   | 0       |
|   mul_32s_32s_32_1_1_U703                   | 3    |        | mul_ln39_2128 | mul       | auto     | 0       |
|   mul_32s_32s_32_1_1_U704                   | 3    |        | mul_ln39_2129 | mul       | auto     | 0       |
|   mul_32s_32s_32_1_1_U705                   | 3    |        | mul_ln39_2130 | mul       | auto     | 0       |
|   mul_32s_32s_32_1_1_U706                   | 3    |        | mul_ln39_2131 | mul       | auto     | 0       |
|   mul_32s_32s_32_1_1_U707                   | 3    |        | mul_ln39_2132 | mul       | auto     | 0       |
|   mul_32s_32s_32_1_1_U708                   | 3    |        | mul_ln39_2133 | mul       | auto     | 0       |
|   mul_32s_32s_32_1_1_U709                   | 3    |        | mul_ln39_2134 | mul       | auto     | 0       |
|   mul_32s_32s_32_1_1_U349                   | 3    |        | mul_ln39_2135 | mul       | auto     | 0       |
|   mul_32s_32s_32_1_1_U350                   | 3    |        | mul_ln39_2136 | mul       | auto     | 0       |
|   mul_32s_32s_32_1_1_U351                   | 3    |        | mul_ln39_2137 | mul       | auto     | 0       |
|   mul_32s_32s_32_1_1_U352                   | 3    |        | mul_ln39_2138 | mul       | auto     | 0       |
|   mul_32s_32s_32_1_1_U353                   | 3    |        | mul_ln39_2139 | mul       | auto     | 0       |
|   mul_32s_32s_32_1_1_U354                   | 3    |        | mul_ln39_2140 | mul       | auto     | 0       |
|   mul_32s_32s_32_1_1_U355                   | 3    |        | mul_ln39_2141 | mul       | auto     | 0       |
|   mul_32s_32s_32_1_1_U356                   | 3    |        | mul_ln39_2142 | mul       | auto     | 0       |
|   mul_32s_32s_32_1_1_U357                   | 3    |        | mul_ln39_2143 | mul       | auto     | 0       |
|   add_ln39_2129_fu_25722_p2                 |      |        | add_ln39_2129 | add       | fabric   | 0       |
|   add_ln39_2132_fu_25740_p2                 |      |        | add_ln39_2132 | add       | fabric   | 0       |
|   add_ln39_2135_fu_20580_p2                 |      |        | add_ln39_2135 | add       | fabric   | 0       |
|   add_ln39_2136_fu_20586_p2                 |      |        | add_ln39_2136 | add       | fabric   | 0       |
|   mul_32s_32s_32_1_1_U710                   | 3    |        | mul_ln39_2144 | mul       | auto     | 0       |
|   mul_32s_32s_32_1_1_U711                   | 3    |        | mul_ln39_2145 | mul       | auto     | 0       |
|   mul_32s_32s_32_1_1_U712                   | 3    |        | mul_ln39_2146 | mul       | auto     | 0       |
|   mul_32s_32s_32_1_1_U713                   | 3    |        | mul_ln39_2147 | mul       | auto     | 0       |
|   mul_32s_32s_32_1_1_U714                   | 3    |        | mul_ln39_2148 | mul       | auto     | 0       |
|   mul_32s_32s_32_1_1_U715                   | 3    |        | mul_ln39_2149 | mul       | auto     | 0       |
|   mul_32s_32s_32_1_1_U716                   | 3    |        | mul_ln39_2150 | mul       | auto     | 0       |
|   mul_32s_32s_32_1_1_U717                   | 3    |        | mul_ln39_2151 | mul       | auto     | 0       |
|   mul_32s_32s_32_1_1_U718                   | 3    |        | mul_ln39_2152 | mul       | auto     | 0       |
|   mul_32s_32s_32_1_1_U719                   | 3    |        | mul_ln39_2153 | mul       | auto     | 0       |
|   mul_32s_32s_32_1_1_U720                   | 3    |        | mul_ln39_2154 | mul       | auto     | 0       |
|   mul_32s_32s_32_1_1_U721                   | 3    |        | mul_ln39_2155 | mul       | auto     | 0       |
|   mul_32s_32s_32_1_1_U722                   | 3    |        | mul_ln39_2156 | mul       | auto     | 0       |
|   mul_32s_32s_32_1_1_U358                   | 3    |        | mul_ln39_2157 | mul       | auto     | 0       |
|   mul_32s_32s_32_1_1_U359                   | 3    |        | mul_ln39_2158 | mul       | auto     | 0       |
|   mul_32s_32s_32_1_1_U360                   | 3    |        | mul_ln39_2159 | mul       | auto     | 0       |
|   add_ln39_2145_fu_25768_p2                 |      |        | add_ln39_2145 | add       | fabric   | 0       |
|   add_ln39_2148_fu_25786_p2                 |      |        | add_ln39_2148 | add       | fabric   | 0       |
|   add_ln39_2151_fu_25804_p2                 |      |        | add_ln39_2151 | add       | fabric   | 0       |
|   add_ln39_2152_fu_25810_p2                 |      |        | add_ln39_2152 | add       | fabric   | 0       |
|   mul_32s_32s_32_1_1_U723                   | 3    |        | mul_ln39_2160 | mul       | auto     | 0       |
|   mul_32s_32s_32_1_1_U724                   | 3    |        | mul_ln39_2161 | mul       | auto     | 0       |
|   mul_32s_32s_32_1_1_U725                   | 3    |        | mul_ln39_2162 | mul       | auto     | 0       |
|   mul_32s_32s_32_1_1_U726                   | 3    |        | mul_ln39_2163 | mul       | auto     | 0       |
|   mul_32s_32s_32_1_1_U727                   | 3    |        | mul_ln39_2164 | mul       | auto     | 0       |
|   mul_32s_32s_32_1_1_U728                   | 3    |        | mul_ln39_2165 | mul       | auto     | 0       |
|   mul_32s_32s_32_1_1_U729                   | 3    |        | mul_ln39_2166 | mul       | auto     | 0       |
|   mul_32s_32s_32_1_1_U730                   | 3    |        | mul_ln39_2167 | mul       | auto     | 0       |
|   mul_32s_32s_32_1_1_U731                   | 3    |        | mul_ln39_2168 | mul       | auto     | 0       |
|   mul_32s_32s_32_1_1_U732                   | 3    |        | mul_ln39_2169 | mul       | auto     | 0       |
|   mul_32s_32s_32_1_1_U733                   | 3    |        | mul_ln39_2170 | mul       | auto     | 0       |
|   mul_32s_32s_32_1_1_U734                   | 3    |        | mul_ln39_2171 | mul       | auto     | 0       |
|   mul_32s_32s_32_1_1_U735                   | 3    |        | mul_ln39_2172 | mul       | auto     | 0       |
|   mul_32s_32s_32_1_1_U361                   | 3    |        | mul_ln39_2173 | mul       | auto     | 0       |
|   mul_32s_32s_32_1_1_U362                   | 3    |        | mul_ln39_2174 | mul       | auto     | 0       |
|   mul_32s_32s_32_1_1_U363                   | 3    |        | mul_ln39_2175 | mul       | auto     | 0       |
|   add_ln39_2161_fu_25850_p2                 |      |        | add_ln39_2161 | add       | fabric   | 0       |
|   add_ln39_2164_fu_25868_p2                 |      |        | add_ln39_2164 | add       | fabric   | 0       |
|   add_ln39_2167_fu_25886_p2                 |      |        | add_ln39_2167 | add       | fabric   | 0       |
|   add_ln39_2168_fu_25892_p2                 |      |        | add_ln39_2168 | add       | fabric   | 0       |
|   mul_32s_32s_32_1_1_U95                    | 3    |        | mul_ln39_2176 | mul       | auto     | 0       |
|   mul_32s_32s_32_1_1_U96                    | 3    |        | mul_ln39_2177 | mul       | auto     | 0       |
|   mul_32s_32s_32_1_1_U97                    | 3    |        | mul_ln39_2178 | mul       | auto     | 0       |
|   mul_32s_32s_32_1_1_U98                    | 3    |        | mul_ln39_2179 | mul       | auto     | 0       |
|   mul_32s_32s_32_1_1_U99                    | 3    |        | mul_ln39_2180 | mul       | auto     | 0       |
|   mul_32s_32s_32_1_1_U100                   | 3    |        | mul_ln39_2181 | mul       | auto     | 0       |
|   mul_32s_32s_32_1_1_U101                   | 3    |        | mul_ln39_2182 | mul       | auto     | 0       |
|   mul_32s_32s_32_1_1_U102                   | 3    |        | mul_ln39_2183 | mul       | auto     | 0       |
|   mul_32s_32s_32_1_1_U103                   | 3    |        | mul_ln39_2184 | mul       | auto     | 0       |
|   mul_32s_32s_32_1_1_U104                   | 3    |        | mul_ln39_2185 | mul       | auto     | 0       |
|   mul_32s_32s_32_1_1_U105                   | 3    |        | mul_ln39_2186 | mul       | auto     | 0       |
|   mul_32s_32s_32_1_1_U73                    | 3    |        | mul_ln39_2187 | mul       | auto     | 0       |
|   mul_32s_32s_32_1_1_U74                    | 3    |        | mul_ln39_2188 | mul       | auto     | 0       |
|   mul_32s_32s_32_1_1_U75                    | 3    |        | mul_ln39_2189 | mul       | auto     | 0       |
|   mul_32s_32s_32_1_1_U76                    | 3    |        | mul_ln39_2190 | mul       | auto     | 0       |
|   mul_32s_32s_32_1_1_U77                    | 3    |        | mul_ln39_2191 | mul       | auto     | 0       |
|   grp_fu_13918_p2                           |      |        | add_ln39_2177 | add       | fabric   | 0       |
|   grp_fu_13924_p2                           |      |        | add_ln39_2180 | add       | fabric   | 0       |
|   grp_fu_13816_p2                           |      |        | add_ln39_2183 | add       | fabric   | 0       |
|   grp_fu_13822_p2                           |      |        | add_ln39_2184 | add       | fabric   | 0       |
|   mul_32s_32s_32_1_1_U736                   | 3    |        | mul_ln39_2192 | mul       | auto     | 0       |
|   mul_32s_32s_32_1_1_U737                   | 3    |        | mul_ln39_2193 | mul       | auto     | 0       |
|   mul_32s_32s_32_1_1_U738                   | 3    |        | mul_ln39_2194 | mul       | auto     | 0       |
|   mul_32s_32s_32_1_1_U739                   | 3    |        | mul_ln39_2195 | mul       | auto     | 0       |
|   mul_32s_32s_32_1_1_U740                   | 3    |        | mul_ln39_2196 | mul       | auto     | 0       |
|   mul_32s_32s_32_1_1_U741                   | 3    |        | mul_ln39_2197 | mul       | auto     | 0       |
|   mul_32s_32s_32_1_1_U742                   | 3    |        | mul_ln39_2198 | mul       | auto     | 0       |
|   mul_32s_32s_32_1_1_U743                   | 3    |        | mul_ln39_2199 | mul       | auto     | 0       |
|   mul_32s_32s_32_1_1_U744                   | 3    |        | mul_ln39_2200 | mul       | auto     | 0       |
|   mul_32s_32s_32_1_1_U745                   | 3    |        | mul_ln39_2201 | mul       | auto     | 0       |
|   mul_32s_32s_32_1_1_U746                   | 3    |        | mul_ln39_2202 | mul       | auto     | 0       |
|   mul_32s_32s_32_1_1_U364                   | 3    |        | mul_ln39_2203 | mul       | auto     | 0       |
|   mul_32s_32s_32_1_1_U365                   | 3    |        | mul_ln39_2204 | mul       | auto     | 0       |
|   mul_32s_32s_32_1_1_U366                   | 3    |        | mul_ln39_2205 | mul       | auto     | 0       |
|   mul_32s_32s_32_1_1_U367                   | 3    |        | mul_ln39_2206 | mul       | auto     | 0       |
|   mul_32s_32s_32_1_1_U368                   | 3    |        | mul_ln39_2207 | mul       | auto     | 0       |
|   add_ln39_2193_fu_25932_p2                 |      |        | add_ln39_2193 | add       | fabric   | 0       |
|   add_ln39_2196_fu_25950_p2                 |      |        | add_ln39_2196 | add       | fabric   | 0       |
|   add_ln39_2199_fu_25968_p2                 |      |        | add_ln39_2199 | add       | fabric   | 0       |
|   add_ln39_2200_fu_25974_p2                 |      |        | add_ln39_2200 | add       | fabric   | 0       |
|   mul_32s_32s_32_1_1_U56                    | 3    |        | mul_ln39_2208 | mul       | auto     | 0       |
|   mul_32s_32s_32_1_1_U57                    | 3    |        | mul_ln39_2209 | mul       | auto     | 0       |
|   mul_32s_32s_32_1_1_U58                    | 3    |        | mul_ln39_2210 | mul       | auto     | 0       |
|   mul_32s_32s_32_1_1_U747                   | 3    |        | mul_ln39_2211 | mul       | auto     | 0       |
|   mul_32s_32s_32_1_1_U748                   | 3    |        | mul_ln39_2212 | mul       | auto     | 0       |
|   mul_32s_32s_32_1_1_U749                   | 3    |        | mul_ln39_2213 | mul       | auto     | 0       |
|   mul_32s_32s_32_1_1_U750                   | 3    |        | mul_ln39_2214 | mul       | auto     | 0       |
|   mul_32s_32s_32_1_1_U751                   | 3    |        | mul_ln39_2215 | mul       | auto     | 0       |
|   mul_32s_32s_32_1_1_U752                   | 3    |        | mul_ln39_2216 | mul       | auto     | 0       |
|   mul_32s_32s_32_1_1_U753                   | 3    |        | mul_ln39_2217 | mul       | auto     | 0       |
|   mul_32s_32s_32_1_1_U754                   | 3    |        | mul_ln39_2218 | mul       | auto     | 0       |
|   mul_32s_32s_32_1_1_U369                   | 3    |        | mul_ln39_2219 | mul       | auto     | 0       |
|   mul_32s_32s_32_1_1_U370                   | 3    |        | mul_ln39_2220 | mul       | auto     | 0       |
|   mul_32s_32s_32_1_1_U371                   | 3    |        | mul_ln39_2221 | mul       | auto     | 0       |
|   mul_32s_32s_32_1_1_U372                   | 3    |        | mul_ln39_2222 | mul       | auto     | 0       |
|   mul_32s_32s_32_1_1_U373                   | 3    |        | mul_ln39_2223 | mul       | auto     | 0       |
|   add_ln39_2209_fu_18027_p2                 |      |        | add_ln39_2209 | add       | fabric   | 0       |
|   add_ln39_2212_fu_26003_p2                 |      |        | add_ln39_2212 | add       | fabric   | 0       |
|   add_ln39_2215_fu_26020_p2                 |      |        | add_ln39_2215 | add       | fabric   | 0       |
|   add_ln39_2216_fu_26026_p2                 |      |        | add_ln39_2216 | add       | fabric   | 0       |
|   mul_32s_32s_32_1_1_U58                    | 3    |        | mul_ln39_2224 | mul       | auto     | 0       |
|   mul_32s_32s_32_1_1_U59                    | 3    |        | mul_ln39_2225 | mul       | auto     | 0       |
|   mul_32s_32s_32_1_1_U60                    | 3    |        | mul_ln39_2226 | mul       | auto     | 0       |
|   mul_32s_32s_32_1_1_U755                   | 3    |        | mul_ln39_2227 | mul       | auto     | 0       |
|   mul_32s_32s_32_1_1_U756                   | 3    |        | mul_ln39_2228 | mul       | auto     | 0       |
|   mul_32s_32s_32_1_1_U757                   | 3    |        | mul_ln39_2229 | mul       | auto     | 0       |
|   mul_32s_32s_32_1_1_U758                   | 3    |        | mul_ln39_2230 | mul       | auto     | 0       |
|   mul_32s_32s_32_1_1_U759                   | 3    |        | mul_ln39_2231 | mul       | auto     | 0       |
|   mul_32s_32s_32_1_1_U760                   | 3    |        | mul_ln39_2232 | mul       | auto     | 0       |
|   mul_32s_32s_32_1_1_U761                   | 3    |        | mul_ln39_2233 | mul       | auto     | 0       |
|   mul_32s_32s_32_1_1_U762                   | 3    |        | mul_ln39_2234 | mul       | auto     | 0       |
|   mul_32s_32s_32_1_1_U763                   | 3    |        | mul_ln39_2235 | mul       | auto     | 0       |
|   mul_32s_32s_32_1_1_U764                   | 3    |        | mul_ln39_2236 | mul       | auto     | 0       |
|   mul_32s_32s_32_1_1_U374                   | 3    |        | mul_ln39_2237 | mul       | auto     | 0       |
|   mul_32s_32s_32_1_1_U375                   | 3    |        | mul_ln39_2238 | mul       | auto     | 0       |
|   mul_32s_32s_32_1_1_U376                   | 3    |        | mul_ln39_2239 | mul       | auto     | 0       |
|   grp_fu_13846_p2                           |      |        | add_ln39_2225 | add       | fabric   | 0       |
|   add_ln39_2228_fu_26055_p2                 |      |        | add_ln39_2228 | add       | fabric   | 0       |
|   add_ln39_2231_fu_26072_p2                 |      |        | add_ln39_2231 | add       | fabric   | 0       |
|   add_ln39_2232_fu_26078_p2                 |      |        | add_ln39_2232 | add       | fabric   | 0       |
|   mul_32s_32s_32_1_1_U765                   | 3    |        | mul_ln39_2240 | mul       | auto     | 0       |
|   mul_32s_32s_32_1_1_U766                   | 3    |        | mul_ln39_2241 | mul       | auto     | 0       |
|   mul_32s_32s_32_1_1_U767                   | 3    |        | mul_ln39_2242 | mul       | auto     | 0       |
|   mul_32s_32s_32_1_1_U768                   | 3    |        | mul_ln39_2243 | mul       | auto     | 0       |
|   mul_32s_32s_32_1_1_U769                   | 3    |        | mul_ln39_2244 | mul       | auto     | 0       |
|   mul_32s_32s_32_1_1_U770                   | 3    |        | mul_ln39_2245 | mul       | auto     | 0       |
|   mul_32s_32s_32_1_1_U771                   | 3    |        | mul_ln39_2246 | mul       | auto     | 0       |
|   mul_32s_32s_32_1_1_U377                   | 3    |        | mul_ln39_2247 | mul       | auto     | 0       |
|   mul_32s_32s_32_1_1_U378                   | 3    |        | mul_ln39_2248 | mul       | auto     | 0       |
|   mul_32s_32s_32_1_1_U379                   | 3    |        | mul_ln39_2249 | mul       | auto     | 0       |
|   mul_32s_32s_32_1_1_U380                   | 3    |        | mul_ln39_2250 | mul       | auto     | 0       |
|   mul_32s_32s_32_1_1_U381                   | 3    |        | mul_ln39_2251 | mul       | auto     | 0       |
|   mul_32s_32s_32_1_1_U382                   | 3    |        | mul_ln39_2252 | mul       | auto     | 0       |
|   mul_32s_32s_32_1_1_U383                   | 3    |        | mul_ln39_2253 | mul       | auto     | 0       |
|   mul_32s_32s_32_1_1_U384                   | 3    |        | mul_ln39_2254 | mul       | auto     | 0       |
|   mul_32s_32s_32_1_1_U385                   | 3    |        | mul_ln39_2255 | mul       | auto     | 0       |
|   add_ln39_2241_fu_26118_p2                 |      |        | add_ln39_2241 | add       | fabric   | 0       |
|   add_ln39_2244_fu_26136_p2                 |      |        | add_ln39_2244 | add       | fabric   | 0       |
|   add_ln39_2247_fu_20712_p2                 |      |        | add_ln39_2247 | add       | fabric   | 0       |
|   add_ln39_2248_fu_20718_p2                 |      |        | add_ln39_2248 | add       | fabric   | 0       |
|   mul_32s_32s_32_1_1_U772                   | 3    |        | mul_ln39_2256 | mul       | auto     | 0       |
|   mul_32s_32s_32_1_1_U773                   | 3    |        | mul_ln39_2257 | mul       | auto     | 0       |
|   mul_32s_32s_32_1_1_U774                   | 3    |        | mul_ln39_2258 | mul       | auto     | 0       |
|   mul_32s_32s_32_1_1_U775                   | 3    |        | mul_ln39_2259 | mul       | auto     | 0       |
|   mul_32s_32s_32_1_1_U776                   | 3    |        | mul_ln39_2260 | mul       | auto     | 0       |
|   mul_32s_32s_32_1_1_U777                   | 3    |        | mul_ln39_2261 | mul       | auto     | 0       |
|   mul_32s_32s_32_1_1_U778                   | 3    |        | mul_ln39_2262 | mul       | auto     | 0       |
|   mul_32s_32s_32_1_1_U779                   | 3    |        | mul_ln39_2263 | mul       | auto     | 0       |
|   mul_32s_32s_32_1_1_U780                   | 3    |        | mul_ln39_2264 | mul       | auto     | 0       |
|   mul_32s_32s_32_1_1_U781                   | 3    |        | mul_ln39_2265 | mul       | auto     | 0       |
|   mul_32s_32s_32_1_1_U782                   | 3    |        | mul_ln39_2266 | mul       | auto     | 0       |
|   mul_32s_32s_32_1_1_U783                   | 3    |        | mul_ln39_2267 | mul       | auto     | 0       |
|   mul_32s_32s_32_1_1_U784                   | 3    |        | mul_ln39_2268 | mul       | auto     | 0       |
|   mul_32s_32s_32_1_1_U386                   | 3    |        | mul_ln39_2269 | mul       | auto     | 0       |
|   mul_32s_32s_32_1_1_U387                   | 3    |        | mul_ln39_2270 | mul       | auto     | 0       |
|   mul_32s_32s_32_1_1_U388                   | 3    |        | mul_ln39_2271 | mul       | auto     | 0       |
|   add_ln39_2257_fu_26164_p2                 |      |        | add_ln39_2257 | add       | fabric   | 0       |
|   add_ln39_2260_fu_26182_p2                 |      |        | add_ln39_2260 | add       | fabric   | 0       |
|   add_ln39_2263_fu_26200_p2                 |      |        | add_ln39_2263 | add       | fabric   | 0       |
|   add_ln39_2264_fu_26206_p2                 |      |        | add_ln39_2264 | add       | fabric   | 0       |
|   mul_32s_32s_32_1_1_U115                   | 3    |        | mul_ln39_2272 | mul       | auto     | 0       |
|   mul_32s_32s_32_1_1_U116                   | 3    |        | mul_ln39_2273 | mul       | auto     | 0       |
|   mul_32s_32s_32_1_1_U117                   | 3    |        | mul_ln39_2274 | mul       | auto     | 0       |
|   mul_32s_32s_32_1_1_U155                   | 3    |        | mul_ln39_2275 | mul       | auto     | 0       |
|   mul_32s_32s_32_1_1_U156                   | 3    |        | mul_ln39_2276 | mul       | auto     | 0       |
|   mul_32s_32s_32_1_1_U157                   | 3    |        | mul_ln39_2277 | mul       | auto     | 0       |
|   mul_32s_32s_32_1_1_U158                   | 3    |        | mul_ln39_2278 | mul       | auto     | 0       |
|   mul_32s_32s_32_1_1_U159                   | 3    |        | mul_ln39_2279 | mul       | auto     | 0       |
|   mul_32s_32s_32_1_1_U160                   | 3    |        | mul_ln39_2280 | mul       | auto     | 0       |
|   mul_32s_32s_32_1_1_U161                   | 3    |        | mul_ln39_2281 | mul       | auto     | 0       |
|   mul_32s_32s_32_1_1_U162                   | 3    |        | mul_ln39_2282 | mul       | auto     | 0       |
|   mul_32s_32s_32_1_1_U118                   | 3    |        | mul_ln39_2283 | mul       | auto     | 0       |
|   mul_32s_32s_32_1_1_U119                   | 3    |        | mul_ln39_2284 | mul       | auto     | 0       |
|   mul_32s_32s_32_1_1_U120                   | 3    |        | mul_ln39_2285 | mul       | auto     | 0       |
|   mul_32s_32s_32_1_1_U121                   | 3    |        | mul_ln39_2286 | mul       | auto     | 0       |
|   mul_32s_32s_32_1_1_U122                   | 3    |        | mul_ln39_2287 | mul       | auto     | 0       |
|   grp_fu_14980_p2                           |      |        | add_ln39_2273 | add       | fabric   | 0       |
|   add_ln39_2276_fu_31557_p2                 |      |        | add_ln39_2276 | add       | fabric   | 0       |
|   grp_fu_15010_p2                           |      |        | add_ln39_2279 | add       | fabric   | 0       |
|   grp_fu_15016_p2                           |      |        | add_ln39_2280 | add       | fabric   | 0       |
|   mul_32s_32s_32_1_1_U163                   | 3    |        | mul_ln39_2288 | mul       | auto     | 0       |
|   mul_32s_32s_32_1_1_U164                   | 3    |        | mul_ln39_2289 | mul       | auto     | 0       |
|   mul_32s_32s_32_1_1_U165                   | 3    |        | mul_ln39_2290 | mul       | auto     | 0       |
|   mul_32s_32s_32_1_1_U166                   | 3    |        | mul_ln39_2291 | mul       | auto     | 0       |
|   mul_32s_32s_32_1_1_U167                   | 3    |        | mul_ln39_2292 | mul       | auto     | 0       |
|   mul_32s_32s_32_1_1_U168                   | 3    |        | mul_ln39_2293 | mul       | auto     | 0       |
|   mul_32s_32s_32_1_1_U169                   | 3    |        | mul_ln39_2294 | mul       | auto     | 0       |
|   mul_32s_32s_32_1_1_U170                   | 3    |        | mul_ln39_2295 | mul       | auto     | 0       |
|   mul_32s_32s_32_1_1_U103                   | 3    |        | mul_ln39_2296 | mul       | auto     | 0       |
|   mul_32s_32s_32_1_1_U104                   | 3    |        | mul_ln39_2297 | mul       | auto     | 0       |
|   mul_32s_32s_32_1_1_U105                   | 3    |        | mul_ln39_2298 | mul       | auto     | 0       |
|   mul_32s_32s_32_1_1_U106                   | 3    |        | mul_ln39_2299 | mul       | auto     | 0       |
|   mul_32s_32s_32_1_1_U107                   | 3    |        | mul_ln39_2300 | mul       | auto     | 0       |
|   mul_32s_32s_32_1_1_U108                   | 3    |        | mul_ln39_2301 | mul       | auto     | 0       |
|   mul_32s_32s_32_1_1_U109                   | 3    |        | mul_ln39_2302 | mul       | auto     | 0       |
|   mul_32s_32s_32_1_1_U110                   | 3    |        | mul_ln39_2303 | mul       | auto     | 0       |
|   grp_fu_15124_p2                           |      |        | add_ln39_2289 | add       | fabric   | 0       |
|   add_ln39_2292_fu_31591_p2                 |      |        | add_ln39_2292 | add       | fabric   | 0       |
|   add_ln39_2295_fu_32412_p2                 |      |        | add_ln39_2295 | add       | fabric   | 0       |
|   grp_fu_13822_p2                           |      |        | add_ln39_2296 | add       | fabric   | 0       |
|   mul_32s_32s_32_1_1_U78                    | 3    |        | mul_ln39_2304 | mul       | auto     | 0       |
|   mul_32s_32s_32_1_1_U79                    | 3    |        | mul_ln39_2305 | mul       | auto     | 0       |
|   mul_32s_32s_32_1_1_U80                    | 3    |        | mul_ln39_2306 | mul       | auto     | 0       |
|   mul_32s_32s_32_1_1_U106                   | 3    |        | mul_ln39_2307 | mul       | auto     | 0       |
|   mul_32s_32s_32_1_1_U107                   | 3    |        | mul_ln39_2308 | mul       | auto     | 0       |
|   mul_32s_32s_32_1_1_U108                   | 3    |        | mul_ln39_2309 | mul       | auto     | 0       |
|   mul_32s_32s_32_1_1_U109                   | 3    |        | mul_ln39_2310 | mul       | auto     | 0       |
|   mul_32s_32s_32_1_1_U110                   | 3    |        | mul_ln39_2311 | mul       | auto     | 0       |
|   mul_32s_32s_32_1_1_U111                   | 3    |        | mul_ln39_2312 | mul       | auto     | 0       |
|   mul_32s_32s_32_1_1_U112                   | 3    |        | mul_ln39_2313 | mul       | auto     | 0       |
|   mul_32s_32s_32_1_1_U113                   | 3    |        | mul_ln39_2314 | mul       | auto     | 0       |
|   mul_32s_32s_32_1_1_U114                   | 3    |        | mul_ln39_2315 | mul       | auto     | 0       |
|   mul_32s_32s_32_1_1_U115                   | 3    |        | mul_ln39_2316 | mul       | auto     | 0       |
|   mul_32s_32s_32_1_1_U81                    | 3    |        | mul_ln39_2317 | mul       | auto     | 0       |
|   mul_32s_32s_32_1_1_U82                    | 3    |        | mul_ln39_2318 | mul       | auto     | 0       |
|   mul_32s_32s_32_1_1_U83                    | 3    |        | mul_ln39_2319 | mul       | auto     | 0       |
|   grp_fu_13870_p2                           |      |        | add_ln39_2305 | add       | fabric   | 0       |
|   add_ln39_2308_fu_17519_p2                 |      |        | add_ln39_2308 | add       | fabric   | 0       |
|   add_ln39_2311_fu_17536_p2                 |      |        | add_ln39_2311 | add       | fabric   | 0       |
|   grp_fu_13936_p2                           |      |        | add_ln39_2312 | add       | fabric   | 0       |
|   mul_32s_32s_32_1_1_U84                    | 3    |        | mul_ln39_2320 | mul       | auto     | 0       |
|   mul_32s_32s_32_1_1_U85                    | 3    |        | mul_ln39_2321 | mul       | auto     | 0       |
|   mul_32s_32s_32_1_1_U86                    | 3    |        | mul_ln39_2322 | mul       | auto     | 0       |
|   mul_32s_32s_32_1_1_U116                   | 3    |        | mul_ln39_2323 | mul       | auto     | 0       |
|   mul_32s_32s_32_1_1_U117                   | 3    |        | mul_ln39_2324 | mul       | auto     | 0       |
|   mul_32s_32s_32_1_1_U118                   | 3    |        | mul_ln39_2325 | mul       | auto     | 0       |
|   mul_32s_32s_32_1_1_U119                   | 3    |        | mul_ln39_2326 | mul       | auto     | 0       |
|   mul_32s_32s_32_1_1_U120                   | 3    |        | mul_ln39_2327 | mul       | auto     | 0       |
|   mul_32s_32s_32_1_1_U121                   | 3    |        | mul_ln39_2328 | mul       | auto     | 0       |
|   mul_32s_32s_32_1_1_U122                   | 3    |        | mul_ln39_2329 | mul       | auto     | 0       |
|   mul_32s_32s_32_1_1_U123                   | 3    |        | mul_ln39_2330 | mul       | auto     | 0       |
|   mul_32s_32s_32_1_1_U124                   | 3    |        | mul_ln39_2331 | mul       | auto     | 0       |
|   mul_32s_32s_32_1_1_U125                   | 3    |        | mul_ln39_2332 | mul       | auto     | 0       |
|   mul_32s_32s_32_1_1_U87                    | 3    |        | mul_ln39_2333 | mul       | auto     | 0       |
|   mul_32s_32s_32_1_1_U88                    | 3    |        | mul_ln39_2334 | mul       | auto     | 0       |
|   mul_32s_32s_32_1_1_U89                    | 3    |        | mul_ln39_2335 | mul       | auto     | 0       |
|   add_ln39_2321_fu_17261_p2                 |      |        | add_ln39_2321 | add       | fabric   | 0       |
|   grp_fu_13954_p2                           |      |        | add_ln39_2324 | add       | fabric   | 0       |
|   grp_fu_13960_p2                           |      |        | add_ln39_2327 | add       | fabric   | 0       |
|   grp_fu_13966_p2                           |      |        | add_ln39_2328 | add       | fabric   | 0       |
|   mul_32s_32s_32_1_1_U48                    | 3    |        | mul_ln39_2336 | mul       | auto     | 0       |
|   mul_32s_32s_32_1_1_U49                    | 3    |        | mul_ln39_2337 | mul       | auto     | 0       |
|   mul_32s_32s_32_1_1_U50                    | 3    |        | mul_ln39_2338 | mul       | auto     | 0       |
|   mul_32s_32s_32_1_1_U51                    | 3    |        | mul_ln39_2339 | mul       | auto     | 0       |
|   mul_32s_32s_32_1_1_U52                    | 3    |        | mul_ln39_2340 | mul       | auto     | 0       |
|   mul_32s_32s_32_1_1_U53                    | 3    |        | mul_ln39_2341 | mul       | auto     | 0       |
|   mul_32s_32s_32_1_1_U54                    | 3    |        | mul_ln39_2342 | mul       | auto     | 0       |
|   mul_32s_32s_32_1_1_U126                   | 3    |        | mul_ln39_2343 | mul       | auto     | 0       |
|   mul_32s_32s_32_1_1_U127                   | 3    |        | mul_ln39_2344 | mul       | auto     | 0       |
|   mul_32s_32s_32_1_1_U128                   | 3    |        | mul_ln39_2345 | mul       | auto     | 0       |
|   mul_32s_32s_32_1_1_U129                   | 3    |        | mul_ln39_2346 | mul       | auto     | 0       |
|   mul_32s_32s_32_1_1_U130                   | 3    |        | mul_ln39_2347 | mul       | auto     | 0       |
|   mul_32s_32s_32_1_1_U131                   | 3    |        | mul_ln39_2348 | mul       | auto     | 0       |
|   mul_32s_32s_32_1_1_U132                   | 3    |        | mul_ln39_2349 | mul       | auto     | 0       |
|   mul_32s_32s_32_1_1_U133                   | 3    |        | mul_ln39_2350 | mul       | auto     | 0       |
|   mul_32s_32s_32_1_1_U134                   | 3    |        | mul_ln39_2351 | mul       | auto     | 0       |
|   grp_fu_13630_p2                           |      |        | add_ln39_2337 | add       | fabric   | 0       |
|   grp_fu_13720_p2                           |      |        | add_ln39_2340 | add       | fabric   | 0       |
|   grp_fu_13978_p2                           |      |        | add_ln39_2343 | add       | fabric   | 0       |
|   grp_fu_13984_p2                           |      |        | add_ln39_2344 | add       | fabric   | 0       |
|   mul_32s_32s_32_1_1_U785                   | 3    |        | mul_ln39_2352 | mul       | auto     | 0       |
|   mul_32s_32s_32_1_1_U786                   | 3    |        | mul_ln39_2353 | mul       | auto     | 0       |
|   mul_32s_32s_32_1_1_U787                   | 3    |        | mul_ln39_2354 | mul       | auto     | 0       |
|   mul_32s_32s_32_1_1_U788                   | 3    |        | mul_ln39_2355 | mul       | auto     | 0       |
|   mul_32s_32s_32_1_1_U789                   | 3    |        | mul_ln39_2356 | mul       | auto     | 0       |
|   mul_32s_32s_32_1_1_U790                   | 3    |        | mul_ln39_2357 | mul       | auto     | 0       |
|   mul_32s_32s_32_1_1_U791                   | 3    |        | mul_ln39_2358 | mul       | auto     | 0       |
|   mul_32s_32s_32_1_1_U792                   | 3    |        | mul_ln39_2359 | mul       | auto     | 0       |
|   mul_32s_32s_32_1_1_U793                   | 3    |        | mul_ln39_2360 | mul       | auto     | 0       |
|   mul_32s_32s_32_1_1_U794                   | 3    |        | mul_ln39_2361 | mul       | auto     | 0       |
|   mul_32s_32s_32_1_1_U795                   | 3    |        | mul_ln39_2362 | mul       | auto     | 0       |
|   mul_32s_32s_32_1_1_U389                   | 3    |        | mul_ln39_2363 | mul       | auto     | 0       |
|   mul_32s_32s_32_1_1_U390                   | 3    |        | mul_ln39_2364 | mul       | auto     | 0       |
|   mul_32s_32s_32_1_1_U391                   | 3    |        | mul_ln39_2365 | mul       | auto     | 0       |
|   mul_32s_32s_32_1_1_U392                   | 3    |        | mul_ln39_2366 | mul       | auto     | 0       |
|   mul_32s_32s_32_1_1_U393                   | 3    |        | mul_ln39_2367 | mul       | auto     | 0       |
|   add_ln39_2353_fu_26247_p2                 |      |        | add_ln39_2353 | add       | fabric   | 0       |
|   add_ln39_2356_fu_26265_p2                 |      |        | add_ln39_2356 | add       | fabric   | 0       |
|   add_ln39_2359_fu_26283_p2                 |      |        | add_ln39_2359 | add       | fabric   | 0       |
|   add_ln39_2360_fu_26289_p2                 |      |        | add_ln39_2360 | add       | fabric   | 0       |
|   mul_32s_32s_32_1_1_U796                   | 3    |        | mul_ln39_2368 | mul       | auto     | 0       |
|   mul_32s_32s_32_1_1_U797                   | 3    |        | mul_ln39_2369 | mul       | auto     | 0       |
|   mul_32s_32s_32_1_1_U798                   | 3    |        | mul_ln39_2370 | mul       | auto     | 0       |
|   mul_32s_32s_32_1_1_U799                   | 3    |        | mul_ln39_2371 | mul       | auto     | 0       |
|   mul_32s_32s_32_1_1_U800                   | 3    |        | mul_ln39_2372 | mul       | auto     | 0       |
|   mul_32s_32s_32_1_1_U801                   | 3    |        | mul_ln39_2373 | mul       | auto     | 0       |
|   mul_32s_32s_32_1_1_U802                   | 3    |        | mul_ln39_2374 | mul       | auto     | 0       |
|   mul_32s_32s_32_1_1_U803                   | 3    |        | mul_ln39_2375 | mul       | auto     | 0       |
|   mul_32s_32s_32_1_1_U804                   | 3    |        | mul_ln39_2376 | mul       | auto     | 0       |
|   mul_32s_32s_32_1_1_U805                   | 3    |        | mul_ln39_2377 | mul       | auto     | 0       |
|   mul_32s_32s_32_1_1_U806                   | 3    |        | mul_ln39_2378 | mul       | auto     | 0       |
|   mul_32s_32s_32_1_1_U807                   | 3    |        | mul_ln39_2379 | mul       | auto     | 0       |
|   mul_32s_32s_32_1_1_U808                   | 3    |        | mul_ln39_2380 | mul       | auto     | 0       |
|   mul_32s_32s_32_1_1_U394                   | 3    |        | mul_ln39_2381 | mul       | auto     | 0       |
|   mul_32s_32s_32_1_1_U395                   | 3    |        | mul_ln39_2382 | mul       | auto     | 0       |
|   mul_32s_32s_32_1_1_U396                   | 3    |        | mul_ln39_2383 | mul       | auto     | 0       |
|   add_ln39_2369_fu_26317_p2                 |      |        | add_ln39_2369 | add       | fabric   | 0       |
|   add_ln39_2372_fu_26335_p2                 |      |        | add_ln39_2372 | add       | fabric   | 0       |
|   add_ln39_2375_fu_26353_p2                 |      |        | add_ln39_2375 | add       | fabric   | 0       |
|   add_ln39_2376_fu_26359_p2                 |      |        | add_ln39_2376 | add       | fabric   | 0       |
|   mul_32s_32s_32_1_1_U135                   | 3    |        | mul_ln39_2384 | mul       | auto     | 0       |
|   mul_32s_32s_32_1_1_U136                   | 3    |        | mul_ln39_2385 | mul       | auto     | 0       |
|   mul_32s_32s_32_1_1_U137                   | 3    |        | mul_ln39_2386 | mul       | auto     | 0       |
|   mul_32s_32s_32_1_1_U138                   | 3    |        | mul_ln39_2387 | mul       | auto     | 0       |
|   mul_32s_32s_32_1_1_U139                   | 3    |        | mul_ln39_2388 | mul       | auto     | 0       |
|   mul_32s_32s_32_1_1_U140                   | 3    |        | mul_ln39_2389 | mul       | auto     | 0       |
|   mul_32s_32s_32_1_1_U141                   | 3    |        | mul_ln39_2390 | mul       | auto     | 0       |
|   mul_32s_32s_32_1_1_U142                   | 3    |        | mul_ln39_2391 | mul       | auto     | 0       |
|   mul_32s_32s_32_1_1_U143                   | 3    |        | mul_ln39_2392 | mul       | auto     | 0       |
|   mul_32s_32s_32_1_1_U144                   | 3    |        | mul_ln39_2393 | mul       | auto     | 0       |
|   mul_32s_32s_32_1_1_U145                   | 3    |        | mul_ln39_2394 | mul       | auto     | 0       |
|   mul_32s_32s_32_1_1_U146                   | 3    |        | mul_ln39_2395 | mul       | auto     | 0       |
|   mul_32s_32s_32_1_1_U147                   | 3    |        | mul_ln39_2396 | mul       | auto     | 0       |
|   mul_32s_32s_32_1_1_U90                    | 3    |        | mul_ln39_2397 | mul       | auto     | 0       |
|   mul_32s_32s_32_1_1_U91                    | 3    |        | mul_ln39_2398 | mul       | auto     | 0       |
|   mul_32s_32s_32_1_1_U92                    | 3    |        | mul_ln39_2399 | mul       | auto     | 0       |
|   add_ln39_2385_fu_17617_p2                 |      |        | add_ln39_2385 | add       | fabric   | 0       |
|   add_ln39_2388_fu_17629_p2                 |      |        | add_ln39_2388 | add       | fabric   | 0       |
|   grp_fu_14020_p2                           |      |        | add_ln39_2391 | add       | fabric   | 0       |
|   grp_fu_14026_p2                           |      |        | add_ln39_2392 | add       | fabric   | 0       |
|   mul_32s_32s_32_1_1_U809                   | 3    |        | mul_ln39_2400 | mul       | auto     | 0       |
|   mul_32s_32s_32_1_1_U810                   | 3    |        | mul_ln39_2401 | mul       | auto     | 0       |
|   mul_32s_32s_32_1_1_U811                   | 3    |        | mul_ln39_2402 | mul       | auto     | 0       |
|   mul_32s_32s_32_1_1_U812                   | 3    |        | mul_ln39_2403 | mul       | auto     | 0       |
|   mul_32s_32s_32_1_1_U813                   | 3    |        | mul_ln39_2404 | mul       | auto     | 0       |
|   mul_32s_32s_32_1_1_U814                   | 3    |        | mul_ln39_2405 | mul       | auto     | 0       |
|   mul_32s_32s_32_1_1_U815                   | 3    |        | mul_ln39_2406 | mul       | auto     | 0       |
|   mul_32s_32s_32_1_1_U816                   | 3    |        | mul_ln39_2407 | mul       | auto     | 0       |
|   mul_32s_32s_32_1_1_U817                   | 3    |        | mul_ln39_2408 | mul       | auto     | 0       |
|   mul_32s_32s_32_1_1_U818                   | 3    |        | mul_ln39_2409 | mul       | auto     | 0       |
|   mul_32s_32s_32_1_1_U819                   | 3    |        | mul_ln39_2410 | mul       | auto     | 0       |
|   mul_32s_32s_32_1_1_U397                   | 3    |        | mul_ln39_2411 | mul       | auto     | 0       |
|   mul_32s_32s_32_1_1_U398                   | 3    |        | mul_ln39_2412 | mul       | auto     | 0       |
|   mul_32s_32s_32_1_1_U399                   | 3    |        | mul_ln39_2413 | mul       | auto     | 0       |
|   mul_32s_32s_32_1_1_U400                   | 3    |        | mul_ln39_2414 | mul       | auto     | 0       |
|   mul_32s_32s_32_1_1_U401                   | 3    |        | mul_ln39_2415 | mul       | auto     | 0       |
|   add_ln39_2401_fu_26400_p2                 |      |        | add_ln39_2401 | add       | fabric   | 0       |
|   add_ln39_2404_fu_26418_p2                 |      |        | add_ln39_2404 | add       | fabric   | 0       |
|   add_ln39_2407_fu_26436_p2                 |      |        | add_ln39_2407 | add       | fabric   | 0       |
|   add_ln39_2408_fu_26442_p2                 |      |        | add_ln39_2408 | add       | fabric   | 0       |
|   mul_32s_32s_32_1_1_U93                    | 3    |        | mul_ln39_2416 | mul       | auto     | 0       |
|   mul_32s_32s_32_1_1_U94                    | 3    |        | mul_ln39_2417 | mul       | auto     | 0       |
|   mul_32s_32s_32_1_1_U95                    | 3    |        | mul_ln39_2418 | mul       | auto     | 0       |
|   mul_32s_32s_32_1_1_U820                   | 3    |        | mul_ln39_2419 | mul       | auto     | 0       |
|   mul_32s_32s_32_1_1_U821                   | 3    |        | mul_ln39_2420 | mul       | auto     | 0       |
|   mul_32s_32s_32_1_1_U822                   | 3    |        | mul_ln39_2421 | mul       | auto     | 0       |
|   mul_32s_32s_32_1_1_U823                   | 3    |        | mul_ln39_2422 | mul       | auto     | 0       |
|   mul_32s_32s_32_1_1_U824                   | 3    |        | mul_ln39_2423 | mul       | auto     | 0       |
|   mul_32s_32s_32_1_1_U825                   | 3    |        | mul_ln39_2424 | mul       | auto     | 0       |
|   mul_32s_32s_32_1_1_U826                   | 3    |        | mul_ln39_2425 | mul       | auto     | 0       |
|   mul_32s_32s_32_1_1_U827                   | 3    |        | mul_ln39_2426 | mul       | auto     | 0       |
|   mul_32s_32s_32_1_1_U828                   | 3    |        | mul_ln39_2427 | mul       | auto     | 0       |
|   mul_32s_32s_32_1_1_U829                   | 3    |        | mul_ln39_2428 | mul       | auto     | 0       |
|   mul_32s_32s_32_1_1_U402                   | 3    |        | mul_ln39_2429 | mul       | auto     | 0       |
|   mul_32s_32s_32_1_1_U403                   | 3    |        | mul_ln39_2430 | mul       | auto     | 0       |
|   mul_32s_32s_32_1_1_U404                   | 3    |        | mul_ln39_2431 | mul       | auto     | 0       |
|   add_ln39_2417_fu_17297_p2                 |      |        | add_ln39_2417 | add       | fabric   | 0       |
|   add_ln39_2420_fu_26471_p2                 |      |        | add_ln39_2420 | add       | fabric   | 0       |
|   add_ln39_2423_fu_26488_p2                 |      |        | add_ln39_2423 | add       | fabric   | 0       |
|   add_ln39_2424_fu_26494_p2                 |      |        | add_ln39_2424 | add       | fabric   | 0       |
|   mul_32s_32s_32_1_1_U96                    | 3    |        | mul_ln39_2432 | mul       | auto     | 0       |
|   mul_32s_32s_32_1_1_U97                    | 3    |        | mul_ln39_2433 | mul       | auto     | 0       |
|   mul_32s_32s_32_1_1_U98                    | 3    |        | mul_ln39_2434 | mul       | auto     | 0       |
|   mul_32s_32s_32_1_1_U830                   | 3    |        | mul_ln39_2435 | mul       | auto     | 0       |
|   mul_32s_32s_32_1_1_U831                   | 3    |        | mul_ln39_2436 | mul       | auto     | 0       |
|   mul_32s_32s_32_1_1_U832                   | 3    |        | mul_ln39_2437 | mul       | auto     | 0       |
|   mul_32s_32s_32_1_1_U833                   | 3    |        | mul_ln39_2438 | mul       | auto     | 0       |
|   mul_32s_32s_32_1_1_U405                   | 3    |        | mul_ln39_2439 | mul       | auto     | 0       |
|   mul_32s_32s_32_1_1_U406                   | 3    |        | mul_ln39_2440 | mul       | auto     | 0       |
|   mul_32s_32s_32_1_1_U407                   | 3    |        | mul_ln39_2441 | mul       | auto     | 0       |
|   mul_32s_32s_32_1_1_U408                   | 3    |        | mul_ln39_2442 | mul       | auto     | 0       |
|   mul_32s_32s_32_1_1_U409                   | 3    |        | mul_ln39_2443 | mul       | auto     | 0       |
|   mul_32s_32s_32_1_1_U410                   | 3    |        | mul_ln39_2444 | mul       | auto     | 0       |
|   mul_32s_32s_32_1_1_U411                   | 3    |        | mul_ln39_2445 | mul       | auto     | 0       |
|   mul_32s_32s_32_1_1_U412                   | 3    |        | mul_ln39_2446 | mul       | auto     | 0       |
|   mul_32s_32s_32_1_1_U413                   | 3    |        | mul_ln39_2447 | mul       | auto     | 0       |
|   add_ln39_2433_fu_17315_p2                 |      |        | add_ln39_2433 | add       | fabric   | 0       |
|   add_ln39_2436_fu_26535_p2                 |      |        | add_ln39_2436 | add       | fabric   | 0       |
|   add_ln39_2439_fu_20838_p2                 |      |        | add_ln39_2439 | add       | fabric   | 0       |
|   add_ln39_2440_fu_20844_p2                 |      |        | add_ln39_2440 | add       | fabric   | 0       |
|   mul_32s_32s_32_1_1_U834                   | 3    |        | mul_ln39_2448 | mul       | auto     | 0       |
|   mul_32s_32s_32_1_1_U835                   | 3    |        | mul_ln39_2449 | mul       | auto     | 0       |
|   mul_32s_32s_32_1_1_U836                   | 3    |        | mul_ln39_2450 | mul       | auto     | 0       |
|   mul_32s_32s_32_1_1_U837                   | 3    |        | mul_ln39_2451 | mul       | auto     | 0       |
|   mul_32s_32s_32_1_1_U838                   | 3    |        | mul_ln39_2452 | mul       | auto     | 0       |
|   mul_32s_32s_32_1_1_U839                   | 3    |        | mul_ln39_2453 | mul       | auto     | 0       |
|   mul_32s_32s_32_1_1_U840                   | 3    |        | mul_ln39_2454 | mul       | auto     | 0       |
|   mul_32s_32s_32_1_1_U414                   | 3    |        | mul_ln39_2455 | mul       | auto     | 0       |
|   mul_32s_32s_32_1_1_U415                   | 3    |        | mul_ln39_2456 | mul       | auto     | 0       |
|   mul_32s_32s_32_1_1_U416                   | 3    |        | mul_ln39_2457 | mul       | auto     | 0       |
|   mul_32s_32s_32_1_1_U417                   | 3    |        | mul_ln39_2458 | mul       | auto     | 0       |
|   mul_32s_32s_32_1_1_U418                   | 3    |        | mul_ln39_2459 | mul       | auto     | 0       |
|   mul_32s_32s_32_1_1_U419                   | 3    |        | mul_ln39_2460 | mul       | auto     | 0       |
|   mul_32s_32s_32_1_1_U420                   | 3    |        | mul_ln39_2461 | mul       | auto     | 0       |
|   mul_32s_32s_32_1_1_U421                   | 3    |        | mul_ln39_2462 | mul       | auto     | 0       |
|   mul_32s_32s_32_1_1_U422                   | 3    |        | mul_ln39_2463 | mul       | auto     | 0       |
|   add_ln39_2449_fu_26562_p2                 |      |        | add_ln39_2449 | add       | fabric   | 0       |
|   add_ln39_2452_fu_26580_p2                 |      |        | add_ln39_2452 | add       | fabric   | 0       |
|   add_ln39_2455_fu_20886_p2                 |      |        | add_ln39_2455 | add       | fabric   | 0       |
|   add_ln39_2456_fu_20892_p2                 |      |        | add_ln39_2456 | add       | fabric   | 0       |
|   mul_32s_32s_32_1_1_U841                   | 3    |        | mul_ln39_2464 | mul       | auto     | 0       |
|   mul_32s_32s_32_1_1_U842                   | 3    |        | mul_ln39_2465 | mul       | auto     | 0       |
|   mul_32s_32s_32_1_1_U843                   | 3    |        | mul_ln39_2466 | mul       | auto     | 0       |
|   mul_32s_32s_32_1_1_U844                   | 3    |        | mul_ln39_2467 | mul       | auto     | 0       |
|   mul_32s_32s_32_1_1_U845                   | 3    |        | mul_ln39_2468 | mul       | auto     | 0       |
|   mul_32s_32s_32_1_1_U846                   | 3    |        | mul_ln39_2469 | mul       | auto     | 0       |
|   mul_32s_32s_32_1_1_U847                   | 3    |        | mul_ln39_2470 | mul       | auto     | 0       |
|   mul_32s_32s_32_1_1_U848                   | 3    |        | mul_ln39_2471 | mul       | auto     | 0       |
|   mul_32s_32s_32_1_1_U849                   | 3    |        | mul_ln39_2472 | mul       | auto     | 0       |
|   mul_32s_32s_32_1_1_U850                   | 3    |        | mul_ln39_2473 | mul       | auto     | 0       |
|   mul_32s_32s_32_1_1_U851                   | 3    |        | mul_ln39_2474 | mul       | auto     | 0       |
|   mul_32s_32s_32_1_1_U852                   | 3    |        | mul_ln39_2475 | mul       | auto     | 0       |
|   mul_32s_32s_32_1_1_U853                   | 3    |        | mul_ln39_2476 | mul       | auto     | 0       |
|   mul_32s_32s_32_1_1_U423                   | 3    |        | mul_ln39_2477 | mul       | auto     | 0       |
|   mul_32s_32s_32_1_1_U424                   | 3    |        | mul_ln39_2478 | mul       | auto     | 0       |
|   mul_32s_32s_32_1_1_U425                   | 3    |        | mul_ln39_2479 | mul       | auto     | 0       |
|   add_ln39_2465_fu_26609_p2                 |      |        | add_ln39_2465 | add       | fabric   | 0       |
|   add_ln39_2468_fu_26627_p2                 |      |        | add_ln39_2468 | add       | fabric   | 0       |
|   add_ln39_2471_fu_26645_p2                 |      |        | add_ln39_2471 | add       | fabric   | 0       |
|   add_ln39_2472_fu_26651_p2                 |      |        | add_ln39_2472 | add       | fabric   | 0       |
|   mul_32s_32s_32_1_1_U854                   | 3    |        | mul_ln39_2480 | mul       | auto     | 0       |
|   mul_32s_32s_32_1_1_U855                   | 3    |        | mul_ln39_2481 | mul       | auto     | 0       |
|   mul_32s_32s_32_1_1_U856                   | 3    |        | mul_ln39_2482 | mul       | auto     | 0       |
|   mul_32s_32s_32_1_1_U857                   | 3    |        | mul_ln39_2483 | mul       | auto     | 0       |
|   mul_32s_32s_32_1_1_U858                   | 3    |        | mul_ln39_2484 | mul       | auto     | 0       |
|   mul_32s_32s_32_1_1_U859                   | 3    |        | mul_ln39_2485 | mul       | auto     | 0       |
|   mul_32s_32s_32_1_1_U860                   | 3    |        | mul_ln39_2486 | mul       | auto     | 0       |
|   mul_32s_32s_32_1_1_U861                   | 3    |        | mul_ln39_2487 | mul       | auto     | 0       |
|   mul_32s_32s_32_1_1_U862                   | 3    |        | mul_ln39_2488 | mul       | auto     | 0       |
|   mul_32s_32s_32_1_1_U863                   | 3    |        | mul_ln39_2489 | mul       | auto     | 0       |
|   mul_32s_32s_32_1_1_U864                   | 3    |        | mul_ln39_2490 | mul       | auto     | 0       |
|   mul_32s_32s_32_1_1_U426                   | 3    |        | mul_ln39_2491 | mul       | auto     | 0       |
|   mul_32s_32s_32_1_1_U427                   | 3    |        | mul_ln39_2492 | mul       | auto     | 0       |
|   mul_32s_32s_32_1_1_U428                   | 3    |        | mul_ln39_2493 | mul       | auto     | 0       |
|   mul_32s_32s_32_1_1_U429                   | 3    |        | mul_ln39_2494 | mul       | auto     | 0       |
|   mul_32s_32s_32_1_1_U430                   | 3    |        | mul_ln39_2495 | mul       | auto     | 0       |
|   add_ln39_2481_fu_26692_p2                 |      |        | add_ln39_2481 | add       | fabric   | 0       |
|   add_ln39_2484_fu_26710_p2                 |      |        | add_ln39_2484 | add       | fabric   | 0       |
|   add_ln39_2487_fu_26728_p2                 |      |        | add_ln39_2487 | add       | fabric   | 0       |
|   add_ln39_2488_fu_26734_p2                 |      |        | add_ln39_2488 | add       | fabric   | 0       |
|   mul_32s_32s_32_1_1_U865                   | 3    |        | mul_ln39_2496 | mul       | auto     | 0       |
|   mul_32s_32s_32_1_1_U866                   | 3    |        | mul_ln39_2497 | mul       | auto     | 0       |
|   mul_32s_32s_32_1_1_U867                   | 3    |        | mul_ln39_2498 | mul       | auto     | 0       |
|   mul_32s_32s_32_1_1_U868                   | 3    |        | mul_ln39_2499 | mul       | auto     | 0       |
|   mul_32s_32s_32_1_1_U869                   | 3    |        | mul_ln39_2500 | mul       | auto     | 0       |
|   mul_32s_32s_32_1_1_U870                   | 3    |        | mul_ln39_2501 | mul       | auto     | 0       |
|   mul_32s_32s_32_1_1_U871                   | 3    |        | mul_ln39_2502 | mul       | auto     | 0       |
|   mul_32s_32s_32_1_1_U872                   | 3    |        | mul_ln39_2503 | mul       | auto     | 0       |
|   mul_32s_32s_32_1_1_U873                   | 3    |        | mul_ln39_2504 | mul       | auto     | 0       |
|   mul_32s_32s_32_1_1_U874                   | 3    |        | mul_ln39_2505 | mul       | auto     | 0       |
|   mul_32s_32s_32_1_1_U875                   | 3    |        | mul_ln39_2506 | mul       | auto     | 0       |
|   mul_32s_32s_32_1_1_U876                   | 3    |        | mul_ln39_2507 | mul       | auto     | 0       |
|   mul_32s_32s_32_1_1_U877                   | 3    |        | mul_ln39_2508 | mul       | auto     | 0       |
|   mul_32s_32s_32_1_1_U431                   | 3    |        | mul_ln39_2509 | mul       | auto     | 0       |
|   mul_32s_32s_32_1_1_U432                   | 3    |        | mul_ln39_2510 | mul       | auto     | 0       |
|   mul_32s_32s_32_1_1_U433                   | 3    |        | mul_ln39_2511 | mul       | auto     | 0       |
|   add_ln39_2497_fu_26762_p2                 |      |        | add_ln39_2497 | add       | fabric   | 0       |
|   add_ln39_2500_fu_26780_p2                 |      |        | add_ln39_2500 | add       | fabric   | 0       |
|   add_ln39_2503_fu_26798_p2                 |      |        | add_ln39_2503 | add       | fabric   | 0       |
|   add_ln39_2504_fu_26804_p2                 |      |        | add_ln39_2504 | add       | fabric   | 0       |
|   mul_32s_32s_32_1_1_U878                   | 3    |        | mul_ln39_2512 | mul       | auto     | 0       |
|   mul_32s_32s_32_1_1_U879                   | 3    |        | mul_ln39_2513 | mul       | auto     | 0       |
|   mul_32s_32s_32_1_1_U880                   | 3    |        | mul_ln39_2514 | mul       | auto     | 0       |
|   mul_32s_32s_32_1_1_U881                   | 3    |        | mul_ln39_2515 | mul       | auto     | 0       |
|   mul_32s_32s_32_1_1_U882                   | 3    |        | mul_ln39_2516 | mul       | auto     | 0       |
|   mul_32s_32s_32_1_1_U883                   | 3    |        | mul_ln39_2517 | mul       | auto     | 0       |
|   mul_32s_32s_32_1_1_U884                   | 3    |        | mul_ln39_2518 | mul       | auto     | 0       |
|   mul_32s_32s_32_1_1_U885                   | 3    |        | mul_ln39_2519 | mul       | auto     | 0       |
|   mul_32s_32s_32_1_1_U886                   | 3    |        | mul_ln39_2520 | mul       | auto     | 0       |
|   mul_32s_32s_32_1_1_U887                   | 3    |        | mul_ln39_2521 | mul       | auto     | 0       |
|   mul_32s_32s_32_1_1_U888                   | 3    |        | mul_ln39_2522 | mul       | auto     | 0       |
|   mul_32s_32s_32_1_1_U889                   | 3    |        | mul_ln39_2523 | mul       | auto     | 0       |
|   mul_32s_32s_32_1_1_U890                   | 3    |        | mul_ln39_2524 | mul       | auto     | 0       |
|   mul_32s_32s_32_1_1_U434                   | 3    |        | mul_ln39_2525 | mul       | auto     | 0       |
|   mul_32s_32s_32_1_1_U435                   | 3    |        | mul_ln39_2526 | mul       | auto     | 0       |
|   mul_32s_32s_32_1_1_U436                   | 3    |        | mul_ln39_2527 | mul       | auto     | 0       |
|   add_ln39_2513_fu_26844_p2                 |      |        | add_ln39_2513 | add       | fabric   | 0       |
|   add_ln39_2516_fu_26862_p2                 |      |        | add_ln39_2516 | add       | fabric   | 0       |
|   add_ln39_2519_fu_26880_p2                 |      |        | add_ln39_2519 | add       | fabric   | 0       |
|   add_ln39_2520_fu_26886_p2                 |      |        | add_ln39_2520 | add       | fabric   | 0       |
|   mul_32s_32s_32_1_1_U123                   | 3    |        | mul_ln39_2528 | mul       | auto     | 0       |
|   mul_32s_32s_32_1_1_U124                   | 3    |        | mul_ln39_2529 | mul       | auto     | 0       |
|   mul_32s_32s_32_1_1_U125                   | 3    |        | mul_ln39_2530 | mul       | auto     | 0       |
|   mul_32s_32s_32_1_1_U171                   | 3    |        | mul_ln39_2531 | mul       | auto     | 0       |
|   mul_32s_32s_32_1_1_U172                   | 3    |        | mul_ln39_2532 | mul       | auto     | 0       |
|   mul_32s_32s_32_1_1_U173                   | 3    |        | mul_ln39_2533 | mul       | auto     | 0       |
|   mul_32s_32s_32_1_1_U174                   | 3    |        | mul_ln39_2534 | mul       | auto     | 0       |
|   mul_32s_32s_32_1_1_U175                   | 3    |        | mul_ln39_2535 | mul       | auto     | 0       |
|   mul_32s_32s_32_1_1_U176                   | 3    |        | mul_ln39_2536 | mul       | auto     | 0       |
|   mul_32s_32s_32_1_1_U177                   | 3    |        | mul_ln39_2537 | mul       | auto     | 0       |
|   mul_32s_32s_32_1_1_U178                   | 3    |        | mul_ln39_2538 | mul       | auto     | 0       |
|   mul_32s_32s_32_1_1_U126                   | 3    |        | mul_ln39_2539 | mul       | auto     | 0       |
|   mul_32s_32s_32_1_1_U127                   | 3    |        | mul_ln39_2540 | mul       | auto     | 0       |
|   mul_32s_32s_32_1_1_U128                   | 3    |        | mul_ln39_2541 | mul       | auto     | 0       |
|   mul_32s_32s_32_1_1_U129                   | 3    |        | mul_ln39_2542 | mul       | auto     | 0       |
|   mul_32s_32s_32_1_1_U130                   | 3    |        | mul_ln39_2543 | mul       | auto     | 0       |
|   add_ln39_2529_fu_30564_p2                 |      |        | add_ln39_2529 | add       | fabric   | 0       |
|   add_ln39_2532_fu_31597_p2                 |      |        | add_ln39_2532 | add       | fabric   | 0       |
|   grp_fu_14428_p2                           |      |        | add_ln39_2535 | add       | fabric   | 0       |
|   grp_fu_14434_p2                           |      |        | add_ln39_2536 | add       | fabric   | 0       |
|   mul_32s_32s_32_1_1_U179                   | 3    |        | mul_ln39_2544 | mul       | auto     | 0       |
|   mul_32s_32s_32_1_1_U180                   | 3    |        | mul_ln39_2545 | mul       | auto     | 0       |
|   mul_32s_32s_32_1_1_U181                   | 3    |        | mul_ln39_2546 | mul       | auto     | 0       |
|   mul_32s_32s_32_1_1_U182                   | 3    |        | mul_ln39_2547 | mul       | auto     | 0       |
|   mul_32s_32s_32_1_1_U183                   | 3    |        | mul_ln39_2548 | mul       | auto     | 0       |
|   mul_32s_32s_32_1_1_U184                   | 3    |        | mul_ln39_2549 | mul       | auto     | 0       |
|   mul_32s_32s_32_1_1_U185                   | 3    |        | mul_ln39_2550 | mul       | auto     | 0       |
|   mul_32s_32s_32_1_1_U186                   | 3    |        | mul_ln39_2551 | mul       | auto     | 0       |
|   mul_32s_32s_32_1_1_U111                   | 3    |        | mul_ln39_2552 | mul       | auto     | 0       |
|   mul_32s_32s_32_1_1_U112                   | 3    |        | mul_ln39_2553 | mul       | auto     | 0       |
|   mul_32s_32s_32_1_1_U113                   | 3    |        | mul_ln39_2554 | mul       | auto     | 0       |
|   mul_32s_32s_32_1_1_U114                   | 3    |        | mul_ln39_2555 | mul       | auto     | 0       |
|   mul_32s_32s_32_1_1_U115                   | 3    |        | mul_ln39_2556 | mul       | auto     | 0       |
|   mul_32s_32s_32_1_1_U116                   | 3    |        | mul_ln39_2557 | mul       | auto     | 0       |
|   mul_32s_32s_32_1_1_U117                   | 3    |        | mul_ln39_2558 | mul       | auto     | 0       |
|   mul_32s_32s_32_1_1_U118                   | 3    |        | mul_ln39_2559 | mul       | auto     | 0       |
|   add_ln39_2545_fu_31631_p2                 |      |        | add_ln39_2545 | add       | fabric   | 0       |
|   grp_fu_15130_p2                           |      |        | add_ln39_2548 | add       | fabric   | 0       |
|   add_ln39_2551_fu_32449_p2                 |      |        | add_ln39_2551 | add       | fabric   | 0       |
|   grp_fu_13936_p2                           |      |        | add_ln39_2552 | add       | fabric   | 0       |
|   mul_32s_32s_32_1_1_U59                    | 3    |        | mul_ln39_2560 | mul       | auto     | 0       |
|   mul_32s_32s_32_1_1_U60                    | 3    |        | mul_ln39_2561 | mul       | auto     | 0       |
|   mul_32s_32s_32_1_1_U61                    | 3    |        | mul_ln39_2562 | mul       | auto     | 0       |
|   mul_32s_32s_32_1_1_U62                    | 3    |        | mul_ln39_2563 | mul       | auto     | 0       |
|   mul_32s_32s_32_1_1_U63                    | 3    |        | mul_ln39_2564 | mul       | auto     | 0       |
|   mul_32s_32s_32_1_1_U64                    | 3    |        | mul_ln39_2565 | mul       | auto     | 0       |
|   mul_32s_32s_32_1_1_U65                    | 3    |        | mul_ln39_2566 | mul       | auto     | 0       |
|   mul_32s_32s_32_1_1_U52                    | 3    |        | mul_ln39_2567 | mul       | auto     | 0       |
|   mul_32s_32s_32_1_1_U53                    | 3    |        | mul_ln39_2568 | mul       | auto     | 0       |
|   mul_32s_32s_32_1_1_U54                    | 3    |        | mul_ln39_2569 | mul       | auto     | 0       |
|   mul_32s_32s_32_1_1_U55                    | 3    |        | mul_ln39_2570 | mul       | auto     | 0       |
|   mul_32s_32s_32_1_1_U56                    | 3    |        | mul_ln39_2571 | mul       | auto     | 0       |
|   mul_32s_32s_32_1_1_U57                    | 3    |        | mul_ln39_2572 | mul       | auto     | 0       |
|   mul_32s_32s_32_1_1_U58                    | 3    |        | mul_ln39_2573 | mul       | auto     | 0       |
|   mul_32s_32s_32_1_1_U59                    | 3    |        | mul_ln39_2574 | mul       | auto     | 0       |
|   mul_32s_32s_32_1_1_U60                    | 3    |        | mul_ln39_2575 | mul       | auto     | 0       |
|   grp_fu_14122_p2                           |      |        | add_ln39_2561 | add       | fabric   | 0       |
|   grp_fu_13642_p2                           |      |        | add_ln39_2564 | add       | fabric   | 0       |
|   add_ln39_2567_fu_17741_p2                 |      |        | add_ln39_2567 | add       | fabric   | 0       |
|   grp_fu_13198_p2                           |      |        | add_ln39_2568 | add       | fabric   | 0       |
|   mul_32s_32s_32_1_1_U61                    | 3    |        | mul_ln39_2576 | mul       | auto     | 0       |
|   mul_32s_32s_32_1_1_U62                    | 3    |        | mul_ln39_2577 | mul       | auto     | 0       |
|   mul_32s_32s_32_1_1_U63                    | 3    |        | mul_ln39_2578 | mul       | auto     | 0       |
|   mul_32s_32s_32_1_1_U64                    | 3    |        | mul_ln39_2579 | mul       | auto     | 0       |
|   mul_32s_32s_32_1_1_U65                    | 3    |        | mul_ln39_2580 | mul       | auto     | 0       |
|   mul_32s_32s_32_1_1_U66                    | 3    |        | mul_ln39_2581 | mul       | auto     | 0       |
|   mul_32s_32s_32_1_1_U67                    | 3    |        | mul_ln39_2582 | mul       | auto     | 0       |
|   mul_32s_32s_32_1_1_U68                    | 3    |        | mul_ln39_2583 | mul       | auto     | 0       |
|   mul_32s_32s_32_1_1_U69                    | 3    |        | mul_ln39_2584 | mul       | auto     | 0       |
|   mul_32s_32s_32_1_1_U70                    | 3    |        | mul_ln39_2585 | mul       | auto     | 0       |
|   mul_32s_32s_32_1_1_U71                    | 3    |        | mul_ln39_2586 | mul       | auto     | 0       |
|   mul_32s_32s_32_1_1_U72                    | 3    |        | mul_ln39_2587 | mul       | auto     | 0       |
|   mul_32s_32s_32_1_1_U73                    | 3    |        | mul_ln39_2588 | mul       | auto     | 0       |
|   mul_32s_32s_32_1_1_U55                    | 3    |        | mul_ln39_2589 | mul       | auto     | 0       |
|   mul_32s_32s_32_1_1_U56                    | 3    |        | mul_ln39_2590 | mul       | auto     | 0       |
|   mul_32s_32s_32_1_1_U57                    | 3    |        | mul_ln39_2591 | mul       | auto     | 0       |
|   add_ln39_2577_fu_17771_p2                 |      |        | add_ln39_2577 | add       | fabric   | 0       |
|   grp_fu_13882_p2                           |      |        | add_ln39_2580 | add       | fabric   | 0       |
|   grp_fu_13888_p2                           |      |        | add_ln39_2583 | add       | fabric   | 0       |
|   grp_fu_13546_p2                           |      |        | add_ln39_2584 | add       | fabric   | 0       |
|   mul_32s_32s_32_1_1_U74                    | 3    |        | mul_ln39_2592 | mul       | auto     | 0       |
|   mul_32s_32s_32_1_1_U75                    | 3    |        | mul_ln39_2593 | mul       | auto     | 0       |
|   mul_32s_32s_32_1_1_U76                    | 3    |        | mul_ln39_2594 | mul       | auto     | 0       |
|   mul_32s_32s_32_1_1_U77                    | 3    |        | mul_ln39_2595 | mul       | auto     | 0       |
|   mul_32s_32s_32_1_1_U78                    | 3    |        | mul_ln39_2596 | mul       | auto     | 0       |
|   mul_32s_32s_32_1_1_U79                    | 3    |        | mul_ln39_2597 | mul       | auto     | 0       |
|   mul_32s_32s_32_1_1_U80                    | 3    |        | mul_ln39_2598 | mul       | auto     | 0       |
|   mul_32s_32s_32_1_1_U81                    | 3    |        | mul_ln39_2599 | mul       | auto     | 0       |
|   mul_32s_32s_32_1_1_U82                    | 3    |        | mul_ln39_2600 | mul       | auto     | 0       |
|   mul_32s_32s_32_1_1_U83                    | 3    |        | mul_ln39_2601 | mul       | auto     | 0       |
|   mul_32s_32s_32_1_1_U84                    | 3    |        | mul_ln39_2602 | mul       | auto     | 0       |
|   mul_32s_32s_32_1_1_U85                    | 3    |        | mul_ln39_2603 | mul       | auto     | 0       |
|   mul_32s_32s_32_1_1_U86                    | 3    |        | mul_ln39_2604 | mul       | auto     | 0       |
|   mul_32s_32s_32_1_1_U58                    | 3    |        | mul_ln39_2605 | mul       | auto     | 0       |
|   mul_32s_32s_32_1_1_U59                    | 3    |        | mul_ln39_2606 | mul       | auto     | 0       |
|   mul_32s_32s_32_1_1_U60                    | 3    |        | mul_ln39_2607 | mul       | auto     | 0       |
|   add_ln39_2593_fu_17825_p2                 |      |        | add_ln39_2593 | add       | fabric   | 0       |
|   grp_fu_13870_p2                           |      |        | add_ln39_2596 | add       | fabric   | 0       |
|   grp_fu_14074_p2                           |      |        | add_ln39_2599 | add       | fabric   | 0       |
|   grp_fu_13594_p2                           |      |        | add_ln39_2600 | add       | fabric   | 0       |
|   mul_32s_32s_32_1_1_U87                    | 3    |        | mul_ln39_2608 | mul       | auto     | 0       |
|   mul_32s_32s_32_1_1_U88                    | 3    |        | mul_ln39_2609 | mul       | auto     | 0       |
|   mul_32s_32s_32_1_1_U89                    | 3    |        | mul_ln39_2610 | mul       | auto     | 0       |
|   mul_32s_32s_32_1_1_U90                    | 3    |        | mul_ln39_2611 | mul       | auto     | 0       |
|   mul_32s_32s_32_1_1_U91                    | 3    |        | mul_ln39_2612 | mul       | auto     | 0       |
|   mul_32s_32s_32_1_1_U92                    | 3    |        | mul_ln39_2613 | mul       | auto     | 0       |
|   mul_32s_32s_32_1_1_U93                    | 3    |        | mul_ln39_2614 | mul       | auto     | 0       |
|   mul_32s_32s_32_1_1_U94                    | 3    |        | mul_ln39_2615 | mul       | auto     | 0       |
|   mul_32s_32s_32_1_1_U95                    | 3    |        | mul_ln39_2616 | mul       | auto     | 0       |
|   mul_32s_32s_32_1_1_U96                    | 3    |        | mul_ln39_2617 | mul       | auto     | 0       |
|   mul_32s_32s_32_1_1_U97                    | 3    |        | mul_ln39_2618 | mul       | auto     | 0       |
|   mul_32s_32s_32_1_1_U98                    | 3    |        | mul_ln39_2619 | mul       | auto     | 0       |
|   mul_32s_32s_32_1_1_U99                    | 3    |        | mul_ln39_2620 | mul       | auto     | 0       |
|   mul_32s_32s_32_1_1_U61                    | 3    |        | mul_ln39_2621 | mul       | auto     | 0       |
|   mul_32s_32s_32_1_1_U62                    | 3    |        | mul_ln39_2622 | mul       | auto     | 0       |
|   mul_32s_32s_32_1_1_U63                    | 3    |        | mul_ln39_2623 | mul       | auto     | 0       |
|   grp_fu_13762_p2                           |      |        | add_ln39_2609 | add       | fabric   | 0       |
|   grp_fu_13774_p2                           |      |        | add_ln39_2612 | add       | fabric   | 0       |
|   grp_fu_13786_p2                           |      |        | add_ln39_2615 | add       | fabric   | 0       |
|   grp_fu_13792_p2                           |      |        | add_ln39_2616 | add       | fabric   | 0       |
|   mul_32s_32s_32_1_1_U891                   | 3    |        | mul_ln39_2624 | mul       | auto     | 0       |
|   mul_32s_32s_32_1_1_U892                   | 3    |        | mul_ln39_2625 | mul       | auto     | 0       |
|   mul_32s_32s_32_1_1_U893                   | 3    |        | mul_ln39_2626 | mul       | auto     | 0       |
|   mul_32s_32s_32_1_1_U894                   | 3    |        | mul_ln39_2627 | mul       | auto     | 0       |
|   mul_32s_32s_32_1_1_U895                   | 3    |        | mul_ln39_2628 | mul       | auto     | 0       |
|   mul_32s_32s_32_1_1_U896                   | 3    |        | mul_ln39_2629 | mul       | auto     | 0       |
|   mul_32s_32s_32_1_1_U897                   | 3    |        | mul_ln39_2630 | mul       | auto     | 0       |
|   mul_32s_32s_32_1_1_U898                   | 3    |        | mul_ln39_2631 | mul       | auto     | 0       |
|   mul_32s_32s_32_1_1_U899                   | 3    |        | mul_ln39_2632 | mul       | auto     | 0       |
|   mul_32s_32s_32_1_1_U900                   | 3    |        | mul_ln39_2633 | mul       | auto     | 0       |
|   mul_32s_32s_32_1_1_U901                   | 3    |        | mul_ln39_2634 | mul       | auto     | 0       |
|   mul_32s_32s_32_1_1_U902                   | 3    |        | mul_ln39_2635 | mul       | auto     | 0       |
|   mul_32s_32s_32_1_1_U903                   | 3    |        | mul_ln39_2636 | mul       | auto     | 0       |
|   mul_32s_32s_32_1_1_U437                   | 3    |        | mul_ln39_2637 | mul       | auto     | 0       |
|   mul_32s_32s_32_1_1_U438                   | 3    |        | mul_ln39_2638 | mul       | auto     | 0       |
|   mul_32s_32s_32_1_1_U439                   | 3    |        | mul_ln39_2639 | mul       | auto     | 0       |
|   add_ln39_2625_fu_26926_p2                 |      |        | add_ln39_2625 | add       | fabric   | 0       |
|   add_ln39_2628_fu_26944_p2                 |      |        | add_ln39_2628 | add       | fabric   | 0       |
|   add_ln39_2631_fu_26962_p2                 |      |        | add_ln39_2631 | add       | fabric   | 0       |
|   add_ln39_2632_fu_26968_p2                 |      |        | add_ln39_2632 | add       | fabric   | 0       |
|   mul_32s_32s_32_1_1_U100                   | 3    |        | mul_ln39_2640 | mul       | auto     | 0       |
|   mul_32s_32s_32_1_1_U101                   | 3    |        | mul_ln39_2641 | mul       | auto     | 0       |
|   mul_32s_32s_32_1_1_U102                   | 3    |        | mul_ln39_2642 | mul       | auto     | 0       |
|   mul_32s_32s_32_1_1_U103                   | 3    |        | mul_ln39_2643 | mul       | auto     | 0       |
|   mul_32s_32s_32_1_1_U104                   | 3    |        | mul_ln39_2644 | mul       | auto     | 0       |
|   mul_32s_32s_32_1_1_U105                   | 3    |        | mul_ln39_2645 | mul       | auto     | 0       |
|   mul_32s_32s_32_1_1_U106                   | 3    |        | mul_ln39_2646 | mul       | auto     | 0       |
|   mul_32s_32s_32_1_1_U107                   | 3    |        | mul_ln39_2647 | mul       | auto     | 0       |
|   mul_32s_32s_32_1_1_U108                   | 3    |        | mul_ln39_2648 | mul       | auto     | 0       |
|   mul_32s_32s_32_1_1_U109                   | 3    |        | mul_ln39_2649 | mul       | auto     | 0       |
|   mul_32s_32s_32_1_1_U110                   | 3    |        | mul_ln39_2650 | mul       | auto     | 0       |
|   mul_32s_32s_32_1_1_U111                   | 3    |        | mul_ln39_2651 | mul       | auto     | 0       |
|   mul_32s_32s_32_1_1_U112                   | 3    |        | mul_ln39_2652 | mul       | auto     | 0       |
|   mul_32s_32s_32_1_1_U64                    | 3    |        | mul_ln39_2653 | mul       | auto     | 0       |
|   mul_32s_32s_32_1_1_U65                    | 3    |        | mul_ln39_2654 | mul       | auto     | 0       |
|   mul_32s_32s_32_1_1_U66                    | 3    |        | mul_ln39_2655 | mul       | auto     | 0       |
|   add_ln39_2641_fu_17914_p2                 |      |        | add_ln39_2641 | add       | fabric   | 0       |
|   grp_fu_14086_p2                           |      |        | add_ln39_2644 | add       | fabric   | 0       |
|   grp_fu_14092_p2                           |      |        | add_ln39_2647 | add       | fabric   | 0       |
|   grp_fu_14098_p2                           |      |        | add_ln39_2648 | add       | fabric   | 0       |
|   mul_32s_32s_32_1_1_U904                   | 3    |        | mul_ln39_2656 | mul       | auto     | 0       |
|   mul_32s_32s_32_1_1_U905                   | 3    |        | mul_ln39_2657 | mul       | auto     | 0       |
|   mul_32s_32s_32_1_1_U906                   | 3    |        | mul_ln39_2658 | mul       | auto     | 0       |
|   mul_32s_32s_32_1_1_U907                   | 3    |        | mul_ln39_2659 | mul       | auto     | 0       |
|   mul_32s_32s_32_1_1_U908                   | 3    |        | mul_ln39_2660 | mul       | auto     | 0       |
|   mul_32s_32s_32_1_1_U909                   | 3    |        | mul_ln39_2661 | mul       | auto     | 0       |
|   mul_32s_32s_32_1_1_U910                   | 3    |        | mul_ln39_2662 | mul       | auto     | 0       |
|   mul_32s_32s_32_1_1_U911                   | 3    |        | mul_ln39_2663 | mul       | auto     | 0       |
|   mul_32s_32s_32_1_1_U912                   | 3    |        | mul_ln39_2664 | mul       | auto     | 0       |
|   mul_32s_32s_32_1_1_U913                   | 3    |        | mul_ln39_2665 | mul       | auto     | 0       |
|   mul_32s_32s_32_1_1_U914                   | 3    |        | mul_ln39_2666 | mul       | auto     | 0       |
|   mul_32s_32s_32_1_1_U915                   | 3    |        | mul_ln39_2667 | mul       | auto     | 0       |
|   mul_32s_32s_32_1_1_U916                   | 3    |        | mul_ln39_2668 | mul       | auto     | 0       |
|   mul_32s_32s_32_1_1_U440                   | 3    |        | mul_ln39_2669 | mul       | auto     | 0       |
|   mul_32s_32s_32_1_1_U441                   | 3    |        | mul_ln39_2670 | mul       | auto     | 0       |
|   mul_32s_32s_32_1_1_U442                   | 3    |        | mul_ln39_2671 | mul       | auto     | 0       |
|   add_ln39_2657_fu_27008_p2                 |      |        | add_ln39_2657 | add       | fabric   | 0       |
|   add_ln39_2660_fu_27026_p2                 |      |        | add_ln39_2660 | add       | fabric   | 0       |
|   add_ln39_2663_fu_27044_p2                 |      |        | add_ln39_2663 | add       | fabric   | 0       |
|   add_ln39_2664_fu_27050_p2                 |      |        | add_ln39_2664 | add       | fabric   | 0       |
|   mul_32s_32s_32_1_1_U917                   | 3    |        | mul_ln39_2672 | mul       | auto     | 0       |
|   mul_32s_32s_32_1_1_U918                   | 3    |        | mul_ln39_2673 | mul       | auto     | 0       |
|   mul_32s_32s_32_1_1_U919                   | 3    |        | mul_ln39_2674 | mul       | auto     | 0       |
|   mul_32s_32s_32_1_1_U920                   | 3    |        | mul_ln39_2675 | mul       | auto     | 0       |
|   mul_32s_32s_32_1_1_U921                   | 3    |        | mul_ln39_2676 | mul       | auto     | 0       |
|   mul_32s_32s_32_1_1_U922                   | 3    |        | mul_ln39_2677 | mul       | auto     | 0       |
|   mul_32s_32s_32_1_1_U923                   | 3    |        | mul_ln39_2678 | mul       | auto     | 0       |
|   mul_32s_32s_32_1_1_U924                   | 3    |        | mul_ln39_2679 | mul       | auto     | 0       |
|   mul_32s_32s_32_1_1_U925                   | 3    |        | mul_ln39_2680 | mul       | auto     | 0       |
|   mul_32s_32s_32_1_1_U926                   | 3    |        | mul_ln39_2681 | mul       | auto     | 0       |
|   mul_32s_32s_32_1_1_U927                   | 3    |        | mul_ln39_2682 | mul       | auto     | 0       |
|   mul_32s_32s_32_1_1_U928                   | 3    |        | mul_ln39_2683 | mul       | auto     | 0       |
|   mul_32s_32s_32_1_1_U929                   | 3    |        | mul_ln39_2684 | mul       | auto     | 0       |
|   mul_32s_32s_32_1_1_U443                   | 3    |        | mul_ln39_2685 | mul       | auto     | 0       |
|   mul_32s_32s_32_1_1_U444                   | 3    |        | mul_ln39_2686 | mul       | auto     | 0       |
|   mul_32s_32s_32_1_1_U445                   | 3    |        | mul_ln39_2687 | mul       | auto     | 0       |
|   add_ln39_2673_fu_27091_p2                 |      |        | add_ln39_2673 | add       | fabric   | 0       |
|   add_ln39_2676_fu_27109_p2                 |      |        | add_ln39_2676 | add       | fabric   | 0       |
|   add_ln39_2679_fu_27127_p2                 |      |        | add_ln39_2679 | add       | fabric   | 0       |
|   add_ln39_2680_fu_27133_p2                 |      |        | add_ln39_2680 | add       | fabric   | 0       |
|   mul_32s_32s_32_1_1_U930                   | 3    |        | mul_ln39_2688 | mul       | auto     | 0       |
|   mul_32s_32s_32_1_1_U931                   | 3    |        | mul_ln39_2689 | mul       | auto     | 0       |
|   mul_32s_32s_32_1_1_U932                   | 3    |        | mul_ln39_2690 | mul       | auto     | 0       |
|   mul_32s_32s_32_1_1_U933                   | 3    |        | mul_ln39_2691 | mul       | auto     | 0       |
|   mul_32s_32s_32_1_1_U934                   | 3    |        | mul_ln39_2692 | mul       | auto     | 0       |
|   mul_32s_32s_32_1_1_U935                   | 3    |        | mul_ln39_2693 | mul       | auto     | 0       |
|   mul_32s_32s_32_1_1_U936                   | 3    |        | mul_ln39_2694 | mul       | auto     | 0       |
|   mul_32s_32s_32_1_1_U937                   | 3    |        | mul_ln39_2695 | mul       | auto     | 0       |
|   mul_32s_32s_32_1_1_U938                   | 3    |        | mul_ln39_2696 | mul       | auto     | 0       |
|   mul_32s_32s_32_1_1_U939                   | 3    |        | mul_ln39_2697 | mul       | auto     | 0       |
|   mul_32s_32s_32_1_1_U940                   | 3    |        | mul_ln39_2698 | mul       | auto     | 0       |
|   mul_32s_32s_32_1_1_U941                   | 3    |        | mul_ln39_2699 | mul       | auto     | 0       |
|   mul_32s_32s_32_1_1_U942                   | 3    |        | mul_ln39_2700 | mul       | auto     | 0       |
|   mul_32s_32s_32_1_1_U446                   | 3    |        | mul_ln39_2701 | mul       | auto     | 0       |
|   mul_32s_32s_32_1_1_U447                   | 3    |        | mul_ln39_2702 | mul       | auto     | 0       |
|   mul_32s_32s_32_1_1_U448                   | 3    |        | mul_ln39_2703 | mul       | auto     | 0       |
|   add_ln39_2689_fu_27174_p2                 |      |        | add_ln39_2689 | add       | fabric   | 0       |
|   add_ln39_2692_fu_27192_p2                 |      |        | add_ln39_2692 | add       | fabric   | 0       |
|   add_ln39_2695_fu_27210_p2                 |      |        | add_ln39_2695 | add       | fabric   | 0       |
|   add_ln39_2696_fu_27216_p2                 |      |        | add_ln39_2696 | add       | fabric   | 0       |
|   mul_32s_32s_32_1_1_U66                    | 3    |        | mul_ln39_2704 | mul       | auto     | 0       |
|   mul_32s_32s_32_1_1_U67                    | 3    |        | mul_ln39_2705 | mul       | auto     | 0       |
|   mul_32s_32s_32_1_1_U68                    | 3    |        | mul_ln39_2706 | mul       | auto     | 0       |
|   mul_32s_32s_32_1_1_U69                    | 3    |        | mul_ln39_2707 | mul       | auto     | 0       |
|   mul_32s_32s_32_1_1_U70                    | 3    |        | mul_ln39_2708 | mul       | auto     | 0       |
|   mul_32s_32s_32_1_1_U71                    | 3    |        | mul_ln39_2709 | mul       | auto     | 0       |
|   mul_32s_32s_32_1_1_U72                    | 3    |        | mul_ln39_2710 | mul       | auto     | 0       |
|   mul_32s_32s_32_1_1_U113                   | 3    |        | mul_ln39_2711 | mul       | auto     | 0       |
|   mul_32s_32s_32_1_1_U114                   | 3    |        | mul_ln39_2712 | mul       | auto     | 0       |
|   mul_32s_32s_32_1_1_U115                   | 3    |        | mul_ln39_2713 | mul       | auto     | 0       |
|   mul_32s_32s_32_1_1_U116                   | 3    |        | mul_ln39_2714 | mul       | auto     | 0       |
|   mul_32s_32s_32_1_1_U117                   | 3    |        | mul_ln39_2715 | mul       | auto     | 0       |
|   mul_32s_32s_32_1_1_U118                   | 3    |        | mul_ln39_2716 | mul       | auto     | 0       |
|   mul_32s_32s_32_1_1_U119                   | 3    |        | mul_ln39_2717 | mul       | auto     | 0       |
|   mul_32s_32s_32_1_1_U120                   | 3    |        | mul_ln39_2718 | mul       | auto     | 0       |
|   mul_32s_32s_32_1_1_U121                   | 3    |        | mul_ln39_2719 | mul       | auto     | 0       |
|   add_ln39_2705_fu_18068_p2                 |      |        | add_ln39_2705 | add       | fabric   | 0       |
|   grp_fu_13324_p2                           |      |        | add_ln39_2708 | add       | fabric   | 0       |
|   grp_fu_14110_p2                           |      |        | add_ln39_2711 | add       | fabric   | 0       |
|   grp_fu_13834_p2                           |      |        | add_ln39_2712 | add       | fabric   | 0       |
|   mul_32s_32s_32_1_1_U943                   | 3    |        | mul_ln39_2720 | mul       | auto     | 0       |
|   mul_32s_32s_32_1_1_U944                   | 3    |        | mul_ln39_2721 | mul       | auto     | 0       |
|   mul_32s_32s_32_1_1_U945                   | 3    |        | mul_ln39_2722 | mul       | auto     | 0       |
|   mul_32s_32s_32_1_1_U946                   | 3    |        | mul_ln39_2723 | mul       | auto     | 0       |
|   mul_32s_32s_32_1_1_U947                   | 3    |        | mul_ln39_2724 | mul       | auto     | 0       |
|   mul_32s_32s_32_1_1_U948                   | 3    |        | mul_ln39_2725 | mul       | auto     | 0       |
|   mul_32s_32s_32_1_1_U949                   | 3    |        | mul_ln39_2726 | mul       | auto     | 0       |
|   mul_32s_32s_32_1_1_U950                   | 3    |        | mul_ln39_2727 | mul       | auto     | 0       |
|   mul_32s_32s_32_1_1_U951                   | 3    |        | mul_ln39_2728 | mul       | auto     | 0       |
|   mul_32s_32s_32_1_1_U952                   | 3    |        | mul_ln39_2729 | mul       | auto     | 0       |
|   mul_32s_32s_32_1_1_U953                   | 3    |        | mul_ln39_2730 | mul       | auto     | 0       |
|   mul_32s_32s_32_1_1_U449                   | 3    |        | mul_ln39_2731 | mul       | auto     | 0       |
|   mul_32s_32s_32_1_1_U450                   | 3    |        | mul_ln39_2732 | mul       | auto     | 0       |
|   mul_32s_32s_32_1_1_U451                   | 3    |        | mul_ln39_2733 | mul       | auto     | 0       |
|   mul_32s_32s_32_1_1_U452                   | 3    |        | mul_ln39_2734 | mul       | auto     | 0       |
|   mul_32s_32s_32_1_1_U453                   | 3    |        | mul_ln39_2735 | mul       | auto     | 0       |
|   add_ln39_2721_fu_27256_p2                 |      |        | add_ln39_2721 | add       | fabric   | 0       |
|   add_ln39_2724_fu_27274_p2                 |      |        | add_ln39_2724 | add       | fabric   | 0       |
|   add_ln39_2727_fu_27292_p2                 |      |        | add_ln39_2727 | add       | fabric   | 0       |
|   add_ln39_2728_fu_27298_p2                 |      |        | add_ln39_2728 | add       | fabric   | 0       |
|   mul_32s_32s_32_1_1_U954                   | 3    |        | mul_ln39_2736 | mul       | auto     | 0       |
|   mul_32s_32s_32_1_1_U955                   | 3    |        | mul_ln39_2737 | mul       | auto     | 0       |
|   mul_32s_32s_32_1_1_U956                   | 3    |        | mul_ln39_2738 | mul       | auto     | 0       |
|   mul_32s_32s_32_1_1_U957                   | 3    |        | mul_ln39_2739 | mul       | auto     | 0       |
|   mul_32s_32s_32_1_1_U958                   | 3    |        | mul_ln39_2740 | mul       | auto     | 0       |
|   mul_32s_32s_32_1_1_U959                   | 3    |        | mul_ln39_2741 | mul       | auto     | 0       |
|   mul_32s_32s_32_1_1_U960                   | 3    |        | mul_ln39_2742 | mul       | auto     | 0       |
|   mul_32s_32s_32_1_1_U454                   | 3    |        | mul_ln39_2743 | mul       | auto     | 0       |
|   mul_32s_32s_32_1_1_U455                   | 3    |        | mul_ln39_2744 | mul       | auto     | 0       |
|   mul_32s_32s_32_1_1_U456                   | 3    |        | mul_ln39_2745 | mul       | auto     | 0       |
|   mul_32s_32s_32_1_1_U457                   | 3    |        | mul_ln39_2746 | mul       | auto     | 0       |
|   mul_32s_32s_32_1_1_U458                   | 3    |        | mul_ln39_2747 | mul       | auto     | 0       |
|   mul_32s_32s_32_1_1_U459                   | 3    |        | mul_ln39_2748 | mul       | auto     | 0       |
|   mul_32s_32s_32_1_1_U460                   | 3    |        | mul_ln39_2749 | mul       | auto     | 0       |
|   mul_32s_32s_32_1_1_U461                   | 3    |        | mul_ln39_2750 | mul       | auto     | 0       |
|   mul_32s_32s_32_1_1_U462                   | 3    |        | mul_ln39_2751 | mul       | auto     | 0       |
|   add_ln39_2737_fu_27327_p2                 |      |        | add_ln39_2737 | add       | fabric   | 0       |
|   add_ln39_2740_fu_27345_p2                 |      |        | add_ln39_2740 | add       | fabric   | 0       |
|   add_ln39_2743_fu_21060_p2                 |      |        | add_ln39_2743 | add       | fabric   | 0       |
|   add_ln39_2744_fu_21066_p2                 |      |        | add_ln39_2744 | add       | fabric   | 0       |
|   mul_32s_32s_32_1_1_U961                   | 3    |        | mul_ln39_2752 | mul       | auto     | 0       |
|   mul_32s_32s_32_1_1_U962                   | 3    |        | mul_ln39_2753 | mul       | auto     | 0       |
|   mul_32s_32s_32_1_1_U963                   | 3    |        | mul_ln39_2754 | mul       | auto     | 0       |
|   mul_32s_32s_32_1_1_U964                   | 3    |        | mul_ln39_2755 | mul       | auto     | 0       |
|   mul_32s_32s_32_1_1_U965                   | 3    |        | mul_ln39_2756 | mul       | auto     | 0       |
|   mul_32s_32s_32_1_1_U966                   | 3    |        | mul_ln39_2757 | mul       | auto     | 0       |
|   mul_32s_32s_32_1_1_U967                   | 3    |        | mul_ln39_2758 | mul       | auto     | 0       |
|   mul_32s_32s_32_1_1_U463                   | 3    |        | mul_ln39_2759 | mul       | auto     | 0       |
|   mul_32s_32s_32_1_1_U464                   | 3    |        | mul_ln39_2760 | mul       | auto     | 0       |
|   mul_32s_32s_32_1_1_U465                   | 3    |        | mul_ln39_2761 | mul       | auto     | 0       |
|   mul_32s_32s_32_1_1_U466                   | 3    |        | mul_ln39_2762 | mul       | auto     | 0       |
|   mul_32s_32s_32_1_1_U467                   | 3    |        | mul_ln39_2763 | mul       | auto     | 0       |
|   mul_32s_32s_32_1_1_U468                   | 3    |        | mul_ln39_2764 | mul       | auto     | 0       |
|   mul_32s_32s_32_1_1_U469                   | 3    |        | mul_ln39_2765 | mul       | auto     | 0       |
|   mul_32s_32s_32_1_1_U470                   | 3    |        | mul_ln39_2766 | mul       | auto     | 0       |
|   mul_32s_32s_32_1_1_U471                   | 3    |        | mul_ln39_2767 | mul       | auto     | 0       |
|   add_ln39_2753_fu_27374_p2                 |      |        | add_ln39_2753 | add       | fabric   | 0       |
|   add_ln39_2756_fu_27392_p2                 |      |        | add_ln39_2756 | add       | fabric   | 0       |
|   add_ln39_2759_fu_21108_p2                 |      |        | add_ln39_2759 | add       | fabric   | 0       |
|   add_ln39_2760_fu_21114_p2                 |      |        | add_ln39_2760 | add       | fabric   | 0       |
|   mul_32s_32s_32_1_1_U968                   | 3    |        | mul_ln39_2768 | mul       | auto     | 0       |
|   mul_32s_32s_32_1_1_U969                   | 3    |        | mul_ln39_2769 | mul       | auto     | 0       |
|   mul_32s_32s_32_1_1_U970                   | 3    |        | mul_ln39_2770 | mul       | auto     | 0       |
|   mul_32s_32s_32_1_1_U971                   | 3    |        | mul_ln39_2771 | mul       | auto     | 0       |
|   mul_32s_32s_32_1_1_U972                   | 3    |        | mul_ln39_2772 | mul       | auto     | 0       |
|   mul_32s_32s_32_1_1_U973                   | 3    |        | mul_ln39_2773 | mul       | auto     | 0       |
|   mul_32s_32s_32_1_1_U974                   | 3    |        | mul_ln39_2774 | mul       | auto     | 0       |
|   mul_32s_32s_32_1_1_U975                   | 3    |        | mul_ln39_2775 | mul       | auto     | 0       |
|   mul_32s_32s_32_1_1_U976                   | 3    |        | mul_ln39_2776 | mul       | auto     | 0       |
|   mul_32s_32s_32_1_1_U977                   | 3    |        | mul_ln39_2777 | mul       | auto     | 0       |
|   mul_32s_32s_32_1_1_U978                   | 3    |        | mul_ln39_2778 | mul       | auto     | 0       |
|   mul_32s_32s_32_1_1_U979                   | 3    |        | mul_ln39_2779 | mul       | auto     | 0       |
|   mul_32s_32s_32_1_1_U980                   | 3    |        | mul_ln39_2780 | mul       | auto     | 0       |
|   mul_32s_32s_32_1_1_U472                   | 3    |        | mul_ln39_2781 | mul       | auto     | 0       |
|   mul_32s_32s_32_1_1_U473                   | 3    |        | mul_ln39_2782 | mul       | auto     | 0       |
|   mul_32s_32s_32_1_1_U474                   | 3    |        | mul_ln39_2783 | mul       | auto     | 0       |
|   add_ln39_2769_fu_27420_p2                 |      |        | add_ln39_2769 | add       | fabric   | 0       |
|   add_ln39_2772_fu_27438_p2                 |      |        | add_ln39_2772 | add       | fabric   | 0       |
|   add_ln39_2775_fu_27456_p2                 |      |        | add_ln39_2775 | add       | fabric   | 0       |
|   add_ln39_2776_fu_27462_p2                 |      |        | add_ln39_2776 | add       | fabric   | 0       |
|   mul_32s_32s_32_1_1_U131                   | 3    |        | mul_ln39_2784 | mul       | auto     | 0       |
|   mul_32s_32s_32_1_1_U132                   | 3    |        | mul_ln39_2785 | mul       | auto     | 0       |
|   mul_32s_32s_32_1_1_U133                   | 3    |        | mul_ln39_2786 | mul       | auto     | 0       |
|   mul_32s_32s_32_1_1_U187                   | 3    |        | mul_ln39_2787 | mul       | auto     | 0       |
|   mul_32s_32s_32_1_1_U188                   | 3    |        | mul_ln39_2788 | mul       | auto     | 0       |
|   mul_32s_32s_32_1_1_U189                   | 3    |        | mul_ln39_2789 | mul       | auto     | 0       |
|   mul_32s_32s_32_1_1_U190                   | 3    |        | mul_ln39_2790 | mul       | auto     | 0       |
|   mul_32s_32s_32_1_1_U191                   | 3    |        | mul_ln39_2791 | mul       | auto     | 0       |
|   mul_32s_32s_32_1_1_U192                   | 3    |        | mul_ln39_2792 | mul       | auto     | 0       |
|   mul_32s_32s_32_1_1_U193                   | 3    |        | mul_ln39_2793 | mul       | auto     | 0       |
|   mul_32s_32s_32_1_1_U194                   | 3    |        | mul_ln39_2794 | mul       | auto     | 0       |
|   mul_32s_32s_32_1_1_U134                   | 3    |        | mul_ln39_2795 | mul       | auto     | 0       |
|   mul_32s_32s_32_1_1_U135                   | 3    |        | mul_ln39_2796 | mul       | auto     | 0       |
|   mul_32s_32s_32_1_1_U136                   | 3    |        | mul_ln39_2797 | mul       | auto     | 0       |
|   mul_32s_32s_32_1_1_U137                   | 3    |        | mul_ln39_2798 | mul       | auto     | 0       |
|   mul_32s_32s_32_1_1_U138                   | 3    |        | mul_ln39_2799 | mul       | auto     | 0       |
|   grp_fu_15118_p2                           |      |        | add_ln39_2785 | add       | fabric   | 0       |
|   grp_fu_15040_p2                           |      |        | add_ln39_2788 | add       | fabric   | 0       |
|   add_ln39_2791_fu_31648_p2                 |      |        | add_ln39_2791 | add       | fabric   | 0       |
|   add_ln39_2792_fu_31654_p2                 |      |        | add_ln39_2792 | add       | fabric   | 0       |
|   mul_32s_32s_32_1_1_U195                   | 3    |        | mul_ln39_2800 | mul       | auto     | 0       |
|   mul_32s_32s_32_1_1_U196                   | 3    |        | mul_ln39_2801 | mul       | auto     | 0       |
|   mul_32s_32s_32_1_1_U197                   | 3    |        | mul_ln39_2802 | mul       | auto     | 0       |
|   mul_32s_32s_32_1_1_U198                   | 3    |        | mul_ln39_2803 | mul       | auto     | 0       |
|   mul_32s_32s_32_1_1_U199                   | 3    |        | mul_ln39_2804 | mul       | auto     | 0       |
|   mul_32s_32s_32_1_1_U200                   | 3    |        | mul_ln39_2805 | mul       | auto     | 0       |
|   mul_32s_32s_32_1_1_U201                   | 3    |        | mul_ln39_2806 | mul       | auto     | 0       |
|   mul_32s_32s_32_1_1_U202                   | 3    |        | mul_ln39_2807 | mul       | auto     | 0       |
|   mul_32s_32s_32_1_1_U119                   | 3    |        | mul_ln39_2808 | mul       | auto     | 0       |
|   mul_32s_32s_32_1_1_U120                   | 3    |        | mul_ln39_2809 | mul       | auto     | 0       |
|   mul_32s_32s_32_1_1_U121                   | 3    |        | mul_ln39_2810 | mul       | auto     | 0       |
|   mul_32s_32s_32_1_1_U122                   | 3    |        | mul_ln39_2811 | mul       | auto     | 0       |
|   mul_32s_32s_32_1_1_U123                   | 3    |        | mul_ln39_2812 | mul       | auto     | 0       |
|   mul_32s_32s_32_1_1_U124                   | 3    |        | mul_ln39_2813 | mul       | auto     | 0       |
|   mul_32s_32s_32_1_1_U125                   | 3    |        | mul_ln39_2814 | mul       | auto     | 0       |
|   mul_32s_32s_32_1_1_U126                   | 3    |        | mul_ln39_2815 | mul       | auto     | 0       |
|   add_ln39_2801_fu_31677_p2                 |      |        | add_ln39_2801 | add       | fabric   | 0       |
|   grp_fu_15052_p2                           |      |        | add_ln39_2804 | add       | fabric   | 0       |
|   add_ln39_2807_fu_32485_p2                 |      |        | add_ln39_2807 | add       | fabric   | 0       |
|   grp_fu_13960_p2                           |      |        | add_ln39_2808 | add       | fabric   | 0       |
|   mul_32s_32s_32_1_1_U73                    | 3    |        | mul_ln39_2816 | mul       | auto     | 0       |
|   mul_32s_32s_32_1_1_U74                    | 3    |        | mul_ln39_2817 | mul       | auto     | 0       |
|   mul_32s_32s_32_1_1_U75                    | 3    |        | mul_ln39_2818 | mul       | auto     | 0       |
|   mul_32s_32s_32_1_1_U61                    | 3    |        | mul_ln39_2819 | mul       | auto     | 0       |
|   mul_32s_32s_32_1_1_U62                    | 3    |        | mul_ln39_2820 | mul       | auto     | 0       |
|   mul_32s_32s_32_1_1_U63                    | 3    |        | mul_ln39_2821 | mul       | auto     | 0       |
|   mul_32s_32s_32_1_1_U64                    | 3    |        | mul_ln39_2822 | mul       | auto     | 0       |
|   mul_32s_32s_32_1_1_U95                    | 3    |        | mul_ln39_2823 | mul       | auto     | 0       |
|   mul_32s_32s_32_1_1_U96                    | 3    |        | mul_ln39_2824 | mul       | auto     | 0       |
|   mul_32s_32s_32_1_1_U97                    | 3    |        | mul_ln39_2825 | mul       | auto     | 0       |
|   mul_32s_32s_32_1_1_U98                    | 3    |        | mul_ln39_2826 | mul       | auto     | 0       |
|   mul_32s_32s_32_1_1_U99                    | 3    |        | mul_ln39_2827 | mul       | auto     | 0       |
|   mul_32s_32s_32_1_1_U100                   | 3    |        | mul_ln39_2828 | mul       | auto     | 0       |
|   mul_32s_32s_32_1_1_U101                   | 3    |        | mul_ln39_2829 | mul       | auto     | 0       |
|   mul_32s_32s_32_1_1_U102                   | 3    |        | mul_ln39_2830 | mul       | auto     | 0       |
|   mul_32s_32s_32_1_1_U103                   | 3    |        | mul_ln39_2831 | mul       | auto     | 0       |
|   grp_fu_13564_p2                           |      |        | add_ln39_2817 | add       | fabric   | 0       |
|   grp_fu_13384_p2                           |      |        | add_ln39_2820 | add       | fabric   | 0       |
|   grp_fu_13462_p2                           |      |        | add_ln39_2823 | add       | fabric   | 0       |
|   grp_fu_13468_p2                           |      |        | add_ln39_2824 | add       | fabric   | 0       |
|   mul_32s_32s_32_1_1_U104                   | 3    |        | mul_ln39_2832 | mul       | auto     | 0       |
|   mul_32s_32s_32_1_1_U105                   | 3    |        | mul_ln39_2833 | mul       | auto     | 0       |
|   mul_32s_32s_32_1_1_U106                   | 3    |        | mul_ln39_2834 | mul       | auto     | 0       |
|   mul_32s_32s_32_1_1_U107                   | 3    |        | mul_ln39_2835 | mul       | auto     | 0       |
|   mul_32s_32s_32_1_1_U108                   | 3    |        | mul_ln39_2836 | mul       | auto     | 0       |
|   mul_32s_32s_32_1_1_U109                   | 3    |        | mul_ln39_2837 | mul       | auto     | 0       |
|   mul_32s_32s_32_1_1_U110                   | 3    |        | mul_ln39_2838 | mul       | auto     | 0       |
|   mul_32s_32s_32_1_1_U111                   | 3    |        | mul_ln39_2839 | mul       | auto     | 0       |
|   mul_32s_32s_32_1_1_U112                   | 3    |        | mul_ln39_2840 | mul       | auto     | 0       |
|   mul_32s_32s_32_1_1_U113                   | 3    |        | mul_ln39_2841 | mul       | auto     | 0       |
|   mul_32s_32s_32_1_1_U114                   | 3    |        | mul_ln39_2842 | mul       | auto     | 0       |
|   mul_32s_32s_32_1_1_U115                   | 3    |        | mul_ln39_2843 | mul       | auto     | 0       |
|   mul_32s_32s_32_1_1_U116                   | 3    |        | mul_ln39_2844 | mul       | auto     | 0       |
|   mul_32s_32s_32_1_1_U76                    | 3    |        | mul_ln39_2845 | mul       | auto     | 0       |
|   mul_32s_32s_32_1_1_U77                    | 3    |        | mul_ln39_2846 | mul       | auto     | 0       |
|   mul_32s_32s_32_1_1_U78                    | 3    |        | mul_ln39_2847 | mul       | auto     | 0       |
|   add_ln39_2833_fu_18263_p2                 |      |        | add_ln39_2833 | add       | fabric   | 0       |
|   grp_fu_14098_p2                           |      |        | add_ln39_2836 | add       | fabric   | 0       |
|   grp_fu_14176_p2                           |      |        | add_ln39_2839 | add       | fabric   | 0       |
|   grp_fu_14110_p2                           |      |        | add_ln39_2840 | add       | fabric   | 0       |
|   mul_32s_32s_32_1_1_U981                   | 3    |        | mul_ln39_2848 | mul       | auto     | 0       |
|   mul_32s_32s_32_1_1_U982                   | 3    |        | mul_ln39_2849 | mul       | auto     | 0       |
|   mul_32s_32s_32_1_1_U983                   | 3    |        | mul_ln39_2850 | mul       | auto     | 0       |
|   mul_32s_32s_32_1_1_U984                   | 3    |        | mul_ln39_2851 | mul       | auto     | 0       |
|   mul_32s_32s_32_1_1_U985                   | 3    |        | mul_ln39_2852 | mul       | auto     | 0       |
|   mul_32s_32s_32_1_1_U986                   | 3    |        | mul_ln39_2853 | mul       | auto     | 0       |
|   mul_32s_32s_32_1_1_U987                   | 3    |        | mul_ln39_2854 | mul       | auto     | 0       |
|   mul_32s_32s_32_1_1_U988                   | 3    |        | mul_ln39_2855 | mul       | auto     | 0       |
|   mul_32s_32s_32_1_1_U989                   | 3    |        | mul_ln39_2856 | mul       | auto     | 0       |
|   mul_32s_32s_32_1_1_U990                   | 3    |        | mul_ln39_2857 | mul       | auto     | 0       |
|   mul_32s_32s_32_1_1_U991                   | 3    |        | mul_ln39_2858 | mul       | auto     | 0       |
|   mul_32s_32s_32_1_1_U992                   | 3    |        | mul_ln39_2859 | mul       | auto     | 0       |
|   mul_32s_32s_32_1_1_U993                   | 3    |        | mul_ln39_2860 | mul       | auto     | 0       |
|   mul_32s_32s_32_1_1_U475                   | 3    |        | mul_ln39_2861 | mul       | auto     | 0       |
|   mul_32s_32s_32_1_1_U476                   | 3    |        | mul_ln39_2862 | mul       | auto     | 0       |
|   mul_32s_32s_32_1_1_U477                   | 3    |        | mul_ln39_2863 | mul       | auto     | 0       |
|   add_ln39_2849_fu_27503_p2                 |      |        | add_ln39_2849 | add       | fabric   | 0       |
|   add_ln39_2852_fu_27521_p2                 |      |        | add_ln39_2852 | add       | fabric   | 0       |
|   add_ln39_2855_fu_27539_p2                 |      |        | add_ln39_2855 | add       | fabric   | 0       |
|   add_ln39_2856_fu_27545_p2                 |      |        | add_ln39_2856 | add       | fabric   | 0       |
|   mul_32s_32s_32_1_1_U994                   | 3    |        | mul_ln39_2864 | mul       | auto     | 0       |
|   mul_32s_32s_32_1_1_U995                   | 3    |        | mul_ln39_2865 | mul       | auto     | 0       |
|   mul_32s_32s_32_1_1_U996                   | 3    |        | mul_ln39_2866 | mul       | auto     | 0       |
|   mul_32s_32s_32_1_1_U997                   | 3    |        | mul_ln39_2867 | mul       | auto     | 0       |
|   mul_32s_32s_32_1_1_U998                   | 3    |        | mul_ln39_2868 | mul       | auto     | 0       |
|   mul_32s_32s_32_1_1_U999                   | 3    |        | mul_ln39_2869 | mul       | auto     | 0       |
|   mul_32s_32s_32_1_1_U1000                  | 3    |        | mul_ln39_2870 | mul       | auto     | 0       |
|   mul_32s_32s_32_1_1_U478                   | 3    |        | mul_ln39_2871 | mul       | auto     | 0       |
|   mul_32s_32s_32_1_1_U479                   | 3    |        | mul_ln39_2872 | mul       | auto     | 0       |
|   mul_32s_32s_32_1_1_U480                   | 3    |        | mul_ln39_2873 | mul       | auto     | 0       |
|   mul_32s_32s_32_1_1_U481                   | 3    |        | mul_ln39_2874 | mul       | auto     | 0       |
|   mul_32s_32s_32_1_1_U482                   | 3    |        | mul_ln39_2875 | mul       | auto     | 0       |
|   mul_32s_32s_32_1_1_U483                   | 3    |        | mul_ln39_2876 | mul       | auto     | 0       |
|   mul_32s_32s_32_1_1_U484                   | 3    |        | mul_ln39_2877 | mul       | auto     | 0       |
|   mul_32s_32s_32_1_1_U485                   | 3    |        | mul_ln39_2878 | mul       | auto     | 0       |
|   mul_32s_32s_32_1_1_U486                   | 3    |        | mul_ln39_2879 | mul       | auto     | 0       |
|   add_ln39_2865_fu_27585_p2                 |      |        | add_ln39_2865 | add       | fabric   | 0       |
|   add_ln39_2868_fu_27603_p2                 |      |        | add_ln39_2868 | add       | fabric   | 0       |
|   add_ln39_2871_fu_21180_p2                 |      |        | add_ln39_2871 | add       | fabric   | 0       |
|   grp_fu_14890_p2                           |      |        | add_ln39_2872 | add       | fabric   | 0       |
|   mul_32s_32s_32_1_1_U1001                  | 3    |        | mul_ln39_2880 | mul       | auto     | 0       |
|   mul_32s_32s_32_1_1_U1002                  | 3    |        | mul_ln39_2881 | mul       | auto     | 0       |
|   mul_32s_32s_32_1_1_U1003                  | 3    |        | mul_ln39_2882 | mul       | auto     | 0       |
|   mul_32s_32s_32_1_1_U1004                  | 3    |        | mul_ln39_2883 | mul       | auto     | 0       |
|   mul_32s_32s_32_1_1_U1005                  | 3    |        | mul_ln39_2884 | mul       | auto     | 0       |
|   mul_32s_32s_32_1_1_U1006                  | 3    |        | mul_ln39_2885 | mul       | auto     | 0       |
|   mul_32s_32s_32_1_1_U1007                  | 3    |        | mul_ln39_2886 | mul       | auto     | 0       |
|   mul_32s_32s_32_1_1_U1008                  | 3    |        | mul_ln39_2887 | mul       | auto     | 0       |
|   mul_32s_32s_32_1_1_U1009                  | 3    |        | mul_ln39_2888 | mul       | auto     | 0       |
|   mul_32s_32s_32_1_1_U1010                  | 3    |        | mul_ln39_2889 | mul       | auto     | 0       |
|   mul_32s_32s_32_1_1_U1011                  | 3    |        | mul_ln39_2890 | mul       | auto     | 0       |
|   mul_32s_32s_32_1_1_U1012                  | 3    |        | mul_ln39_2891 | mul       | auto     | 0       |
|   mul_32s_32s_32_1_1_U1013                  | 3    |        | mul_ln39_2892 | mul       | auto     | 0       |
|   mul_32s_32s_32_1_1_U487                   | 3    |        | mul_ln39_2893 | mul       | auto     | 0       |
|   mul_32s_32s_32_1_1_U488                   | 3    |        | mul_ln39_2894 | mul       | auto     | 0       |
|   mul_32s_32s_32_1_1_U489                   | 3    |        | mul_ln39_2895 | mul       | auto     | 0       |
|   add_ln39_2881_fu_27632_p2                 |      |        | add_ln39_2881 | add       | fabric   | 0       |
|   add_ln39_2884_fu_27650_p2                 |      |        | add_ln39_2884 | add       | fabric   | 0       |
|   add_ln39_2887_fu_27668_p2                 |      |        | add_ln39_2887 | add       | fabric   | 0       |
|   add_ln39_2888_fu_27674_p2                 |      |        | add_ln39_2888 | add       | fabric   | 0       |
|   mul_32s_32s_32_1_1_U1014                  | 3    |        | mul_ln39_2896 | mul       | auto     | 0       |
|   mul_32s_32s_32_1_1_U1015                  | 3    |        | mul_ln39_2897 | mul       | auto     | 0       |
|   mul_32s_32s_32_1_1_U1016                  | 3    |        | mul_ln39_2898 | mul       | auto     | 0       |
|   mul_32s_32s_32_1_1_U1017                  | 3    |        | mul_ln39_2899 | mul       | auto     | 0       |
|   mul_32s_32s_32_1_1_U1018                  | 3    |        | mul_ln39_2900 | mul       | auto     | 0       |
|   mul_32s_32s_32_1_1_U1019                  | 3    |        | mul_ln39_2901 | mul       | auto     | 0       |
|   mul_32s_32s_32_1_1_U1020                  | 3    |        | mul_ln39_2902 | mul       | auto     | 0       |
|   mul_32s_32s_32_1_1_U490                   | 3    |        | mul_ln39_2903 | mul       | auto     | 0       |
|   mul_32s_32s_32_1_1_U491                   | 3    |        | mul_ln39_2904 | mul       | auto     | 0       |
|   mul_32s_32s_32_1_1_U492                   | 3    |        | mul_ln39_2905 | mul       | auto     | 0       |
|   mul_32s_32s_32_1_1_U493                   | 3    |        | mul_ln39_2906 | mul       | auto     | 0       |
|   mul_32s_32s_32_1_1_U494                   | 3    |        | mul_ln39_2907 | mul       | auto     | 0       |
|   mul_32s_32s_32_1_1_U495                   | 3    |        | mul_ln39_2908 | mul       | auto     | 0       |
|   mul_32s_32s_32_1_1_U496                   | 3    |        | mul_ln39_2909 | mul       | auto     | 0       |
|   mul_32s_32s_32_1_1_U497                   | 3    |        | mul_ln39_2910 | mul       | auto     | 0       |
|   mul_32s_32s_32_1_1_U498                   | 3    |        | mul_ln39_2911 | mul       | auto     | 0       |
|   add_ln39_2897_fu_27714_p2                 |      |        | add_ln39_2897 | add       | fabric   | 0       |
|   add_ln39_2900_fu_27732_p2                 |      |        | add_ln39_2900 | add       | fabric   | 0       |
|   add_ln39_2903_fu_21228_p2                 |      |        | add_ln39_2903 | add       | fabric   | 0       |
|   add_ln39_2904_fu_21234_p2                 |      |        | add_ln39_2904 | add       | fabric   | 0       |
|   mul_32s_32s_32_1_1_U1021                  | 3    |        | mul_ln39_2912 | mul       | auto     | 0       |
|   mul_32s_32s_32_1_1_U1022                  | 3    |        | mul_ln39_2913 | mul       | auto     | 0       |
|   mul_32s_32s_32_1_1_U1023                  | 3    |        | mul_ln39_2914 | mul       | auto     | 0       |
|   mul_32s_32s_32_1_1_U1024                  | 3    |        | mul_ln39_2915 | mul       | auto     | 0       |
|   mul_32s_32s_32_1_1_U1025                  | 3    |        | mul_ln39_2916 | mul       | auto     | 0       |
|   mul_32s_32s_32_1_1_U1026                  | 3    |        | mul_ln39_2917 | mul       | auto     | 0       |
|   mul_32s_32s_32_1_1_U1027                  | 3    |        | mul_ln39_2918 | mul       | auto     | 0       |
|   mul_32s_32s_32_1_1_U499                   | 3    |        | mul_ln39_2919 | mul       | auto     | 0       |
|   mul_32s_32s_32_1_1_U500                   | 3    |        | mul_ln39_2920 | mul       | auto     | 0       |
|   mul_32s_32s_32_1_1_U501                   | 3    |        | mul_ln39_2921 | mul       | auto     | 0       |
|   mul_32s_32s_32_1_1_U502                   | 3    |        | mul_ln39_2922 | mul       | auto     | 0       |
|   mul_32s_32s_32_1_1_U503                   | 3    |        | mul_ln39_2923 | mul       | auto     | 0       |
|   mul_32s_32s_32_1_1_U504                   | 3    |        | mul_ln39_2924 | mul       | auto     | 0       |
|   mul_32s_32s_32_1_1_U505                   | 3    |        | mul_ln39_2925 | mul       | auto     | 0       |
|   mul_32s_32s_32_1_1_U506                   | 3    |        | mul_ln39_2926 | mul       | auto     | 0       |
|   mul_32s_32s_32_1_1_U507                   | 3    |        | mul_ln39_2927 | mul       | auto     | 0       |
|   add_ln39_2913_fu_27760_p2                 |      |        | add_ln39_2913 | add       | fabric   | 0       |
|   add_ln39_2916_fu_27778_p2                 |      |        | add_ln39_2916 | add       | fabric   | 0       |
|   add_ln39_2919_fu_21276_p2                 |      |        | add_ln39_2919 | add       | fabric   | 0       |
|   add_ln39_2920_fu_21282_p2                 |      |        | add_ln39_2920 | add       | fabric   | 0       |
|   mul_32s_32s_32_1_1_U79                    | 3    |        | mul_ln39_2928 | mul       | auto     | 0       |
|   mul_32s_32s_32_1_1_U80                    | 3    |        | mul_ln39_2929 | mul       | auto     | 0       |
|   mul_32s_32s_32_1_1_U81                    | 3    |        | mul_ln39_2930 | mul       | auto     | 0       |
|   mul_32s_32s_32_1_1_U1028                  | 3    |        | mul_ln39_2931 | mul       | auto     | 0       |
|   mul_32s_32s_32_1_1_U1029                  | 3    |        | mul_ln39_2932 | mul       | auto     | 0       |
|   mul_32s_32s_32_1_1_U1030                  | 3    |        | mul_ln39_2933 | mul       | auto     | 0       |
|   mul_32s_32s_32_1_1_U1031                  | 3    |        | mul_ln39_2934 | mul       | auto     | 0       |
|   mul_32s_32s_32_1_1_U1032                  | 3    |        | mul_ln39_2935 | mul       | auto     | 0       |
|   mul_32s_32s_32_1_1_U1033                  | 3    |        | mul_ln39_2936 | mul       | auto     | 0       |
|   mul_32s_32s_32_1_1_U1034                  | 3    |        | mul_ln39_2937 | mul       | auto     | 0       |
|   mul_32s_32s_32_1_1_U1035                  | 3    |        | mul_ln39_2938 | mul       | auto     | 0       |
|   mul_32s_32s_32_1_1_U1036                  | 3    |        | mul_ln39_2939 | mul       | auto     | 0       |
|   mul_32s_32s_32_1_1_U1037                  | 3    |        | mul_ln39_2940 | mul       | auto     | 0       |
|   mul_32s_32s_32_1_1_U508                   | 3    |        | mul_ln39_2941 | mul       | auto     | 0       |
|   mul_32s_32s_32_1_1_U509                   | 3    |        | mul_ln39_2942 | mul       | auto     | 0       |
|   mul_32s_32s_32_1_1_U510                   | 3    |        | mul_ln39_2943 | mul       | auto     | 0       |
|   add_ln39_2929_fu_18115_p2                 |      |        | add_ln39_2929 | add       | fabric   | 0       |
|   add_ln39_2932_fu_27807_p2                 |      |        | add_ln39_2932 | add       | fabric   | 0       |
|   add_ln39_2935_fu_27824_p2                 |      |        | add_ln39_2935 | add       | fabric   | 0       |
|   add_ln39_2936_fu_27830_p2                 |      |        | add_ln39_2936 | add       | fabric   | 0       |
|   mul_32s_32s_32_1_1_U1038                  | 3    |        | mul_ln39_2944 | mul       | auto     | 0       |
|   mul_32s_32s_32_1_1_U1039                  | 3    |        | mul_ln39_2945 | mul       | auto     | 0       |
|   mul_32s_32s_32_1_1_U1040                  | 3    |        | mul_ln39_2946 | mul       | auto     | 0       |
|   mul_32s_32s_32_1_1_U1041                  | 3    |        | mul_ln39_2947 | mul       | auto     | 0       |
|   mul_32s_32s_32_1_1_U1042                  | 3    |        | mul_ln39_2948 | mul       | auto     | 0       |
|   mul_32s_32s_32_1_1_U1043                  | 3    |        | mul_ln39_2949 | mul       | auto     | 0       |
|   mul_32s_32s_32_1_1_U1044                  | 3    |        | mul_ln39_2950 | mul       | auto     | 0       |
|   mul_32s_32s_32_1_1_U1045                  | 3    |        | mul_ln39_2951 | mul       | auto     | 0       |
|   mul_32s_32s_32_1_1_U1046                  | 3    |        | mul_ln39_2952 | mul       | auto     | 0       |
|   mul_32s_32s_32_1_1_U1047                  | 3    |        | mul_ln39_2953 | mul       | auto     | 0       |
|   mul_32s_32s_32_1_1_U1048                  | 3    |        | mul_ln39_2954 | mul       | auto     | 0       |
|   mul_32s_32s_32_1_1_U511                   | 3    |        | mul_ln39_2955 | mul       | auto     | 0       |
|   mul_32s_32s_32_1_1_U512                   | 3    |        | mul_ln39_2956 | mul       | auto     | 0       |
|   mul_32s_32s_32_1_1_U513                   | 3    |        | mul_ln39_2957 | mul       | auto     | 0       |
|   mul_32s_32s_32_1_1_U514                   | 3    |        | mul_ln39_2958 | mul       | auto     | 0       |
|   mul_32s_32s_32_1_1_U515                   | 3    |        | mul_ln39_2959 | mul       | auto     | 0       |
|   add_ln39_2945_fu_27871_p2                 |      |        | add_ln39_2945 | add       | fabric   | 0       |
|   add_ln39_2948_fu_27889_p2                 |      |        | add_ln39_2948 | add       | fabric   | 0       |
|   add_ln39_2951_fu_27907_p2                 |      |        | add_ln39_2951 | add       | fabric   | 0       |
|   add_ln39_2952_fu_27913_p2                 |      |        | add_ln39_2952 | add       | fabric   | 0       |
|   mul_32s_32s_32_1_1_U1049                  | 3    |        | mul_ln39_2960 | mul       | auto     | 0       |
|   mul_32s_32s_32_1_1_U1050                  | 3    |        | mul_ln39_2961 | mul       | auto     | 0       |
|   mul_32s_32s_32_1_1_U1051                  | 3    |        | mul_ln39_2962 | mul       | auto     | 0       |
|   mul_32s_32s_32_1_1_U1052                  | 3    |        | mul_ln39_2963 | mul       | auto     | 0       |
|   mul_32s_32s_32_1_1_U1053                  | 3    |        | mul_ln39_2964 | mul       | auto     | 0       |
|   mul_32s_32s_32_1_1_U1054                  | 3    |        | mul_ln39_2965 | mul       | auto     | 0       |
|   mul_32s_32s_32_1_1_U1055                  | 3    |        | mul_ln39_2966 | mul       | auto     | 0       |
|   mul_32s_32s_32_1_1_U1056                  | 3    |        | mul_ln39_2967 | mul       | auto     | 0       |
|   mul_32s_32s_32_1_1_U1057                  | 3    |        | mul_ln39_2968 | mul       | auto     | 0       |
|   mul_32s_32s_32_1_1_U1058                  | 3    |        | mul_ln39_2969 | mul       | auto     | 0       |
|   mul_32s_32s_32_1_1_U1059                  | 3    |        | mul_ln39_2970 | mul       | auto     | 0       |
|   mul_32s_32s_32_1_1_U516                   | 3    |        | mul_ln39_2971 | mul       | auto     | 0       |
|   mul_32s_32s_32_1_1_U517                   | 3    |        | mul_ln39_2972 | mul       | auto     | 0       |
|   mul_32s_32s_32_1_1_U518                   | 3    |        | mul_ln39_2973 | mul       | auto     | 0       |
|   mul_32s_32s_32_1_1_U519                   | 3    |        | mul_ln39_2974 | mul       | auto     | 0       |
|   mul_32s_32s_32_1_1_U520                   | 3    |        | mul_ln39_2975 | mul       | auto     | 0       |
|   add_ln39_2961_fu_27942_p2                 |      |        | add_ln39_2961 | add       | fabric   | 0       |
|   add_ln39_2964_fu_27960_p2                 |      |        | add_ln39_2964 | add       | fabric   | 0       |
|   add_ln39_2967_fu_27978_p2                 |      |        | add_ln39_2967 | add       | fabric   | 0       |
|   add_ln39_2968_fu_27984_p2                 |      |        | add_ln39_2968 | add       | fabric   | 0       |
|   mul_32s_32s_32_1_1_U82                    | 3    |        | mul_ln39_2976 | mul       | auto     | 0       |
|   mul_32s_32s_32_1_1_U83                    | 3    |        | mul_ln39_2977 | mul       | auto     | 0       |
|   mul_32s_32s_32_1_1_U84                    | 3    |        | mul_ln39_2978 | mul       | auto     | 0       |
|   mul_32s_32s_32_1_1_U1060                  | 3    |        | mul_ln39_2979 | mul       | auto     | 0       |
|   mul_32s_32s_32_1_1_U1061                  | 3    |        | mul_ln39_2980 | mul       | auto     | 0       |
|   mul_32s_32s_32_1_1_U1062                  | 3    |        | mul_ln39_2981 | mul       | auto     | 0       |
|   mul_32s_32s_32_1_1_U1063                  | 3    |        | mul_ln39_2982 | mul       | auto     | 0       |
|   mul_32s_32s_32_1_1_U1064                  | 3    |        | mul_ln39_2983 | mul       | auto     | 0       |
|   mul_32s_32s_32_1_1_U1065                  | 3    |        | mul_ln39_2984 | mul       | auto     | 0       |
|   mul_32s_32s_32_1_1_U1066                  | 3    |        | mul_ln39_2985 | mul       | auto     | 0       |
|   mul_32s_32s_32_1_1_U1067                  | 3    |        | mul_ln39_2986 | mul       | auto     | 0       |
|   mul_32s_32s_32_1_1_U521                   | 3    |        | mul_ln39_2987 | mul       | auto     | 0       |
|   mul_32s_32s_32_1_1_U522                   | 3    |        | mul_ln39_2988 | mul       | auto     | 0       |
|   mul_32s_32s_32_1_1_U523                   | 3    |        | mul_ln39_2989 | mul       | auto     | 0       |
|   mul_32s_32s_32_1_1_U524                   | 3    |        | mul_ln39_2990 | mul       | auto     | 0       |
|   mul_32s_32s_32_1_1_U525                   | 3    |        | mul_ln39_2991 | mul       | auto     | 0       |
|   grp_fu_13906_p2                           |      |        | add_ln39_2977 | add       | fabric   | 0       |
|   add_ln39_2980_fu_28013_p2                 |      |        | add_ln39_2980 | add       | fabric   | 0       |
|   add_ln39_2983_fu_28030_p2                 |      |        | add_ln39_2983 | add       | fabric   | 0       |
|   add_ln39_2984_fu_28036_p2                 |      |        | add_ln39_2984 | add       | fabric   | 0       |
|   mul_32s_32s_32_1_1_U75                    | 3    |        | mul_ln39_2992 | mul       | auto     | 0       |
|   mul_32s_32s_32_1_1_U76                    | 3    |        | mul_ln39_2993 | mul       | auto     | 0       |
|   mul_32s_32s_32_1_1_U77                    | 3    |        | mul_ln39_2994 | mul       | auto     | 0       |
|   mul_32s_32s_32_1_1_U78                    | 3    |        | mul_ln39_2995 | mul       | auto     | 0       |
|   mul_32s_32s_32_1_1_U79                    | 3    |        | mul_ln39_2996 | mul       | auto     | 0       |
|   mul_32s_32s_32_1_1_U80                    | 3    |        | mul_ln39_2997 | mul       | auto     | 0       |
|   mul_32s_32s_32_1_1_U81                    | 3    |        | mul_ln39_2998 | mul       | auto     | 0       |
|   mul_32s_32s_32_1_1_U82                    | 3    |        | mul_ln39_2999 | mul       | auto     | 0       |
|   mul_32s_32s_32_1_1_U83                    | 3    |        | mul_ln39_3000 | mul       | auto     | 0       |
|   mul_32s_32s_32_1_1_U84                    | 3    |        | mul_ln39_3001 | mul       | auto     | 0       |
|   mul_32s_32s_32_1_1_U85                    | 3    |        | mul_ln39_3002 | mul       | auto     | 0       |
|   mul_32s_32s_32_1_1_U86                    | 3    |        | mul_ln39_3003 | mul       | auto     | 0       |
|   mul_32s_32s_32_1_1_U87                    | 3    |        | mul_ln39_3004 | mul       | auto     | 0       |
|   mul_32s_32s_32_1_1_U65                    | 3    |        | mul_ln39_3005 | mul       | auto     | 0       |
|   mul_32s_32s_32_1_1_U66                    | 3    |        | mul_ln39_3006 | mul       | auto     | 0       |
|   mul_32s_32s_32_1_1_U67                    | 3    |        | mul_ln39_3007 | mul       | auto     | 0       |
|   grp_fu_13390_p2                           |      |        | add_ln39_2993 | add       | fabric   | 0       |
|   grp_fu_13402_p2                           |      |        | add_ln39_2996 | add       | fabric   | 0       |
|   grp_fu_13414_p2                           |      |        | add_ln39_2999 | add       | fabric   | 0       |
|   grp_fu_13420_p2                           |      |        | add_ln39_3000 | add       | fabric   | 0       |
|   mul_32s_32s_32_1_1_U1068                  | 3    |        | mul_ln39_3008 | mul       | auto     | 0       |
|   mul_32s_32s_32_1_1_U1069                  | 3    |        | mul_ln39_3009 | mul       | auto     | 0       |
|   mul_32s_32s_32_1_1_U1070                  | 3    |        | mul_ln39_3010 | mul       | auto     | 0       |
|   mul_32s_32s_32_1_1_U1071                  | 3    |        | mul_ln39_3011 | mul       | auto     | 0       |
|   mul_32s_32s_32_1_1_U1072                  | 3    |        | mul_ln39_3012 | mul       | auto     | 0       |
|   mul_32s_32s_32_1_1_U1073                  | 3    |        | mul_ln39_3013 | mul       | auto     | 0       |
|   mul_32s_32s_32_1_1_U1074                  | 3    |        | mul_ln39_3014 | mul       | auto     | 0       |
|   mul_32s_32s_32_1_1_U526                   | 3    |        | mul_ln39_3015 | mul       | auto     | 0       |
|   mul_32s_32s_32_1_1_U527                   | 3    |        | mul_ln39_3016 | mul       | auto     | 0       |
|   mul_32s_32s_32_1_1_U528                   | 3    |        | mul_ln39_3017 | mul       | auto     | 0       |
|   mul_32s_32s_32_1_1_U529                   | 3    |        | mul_ln39_3018 | mul       | auto     | 0       |
|   mul_32s_32s_32_1_1_U530                   | 3    |        | mul_ln39_3019 | mul       | auto     | 0       |
|   mul_32s_32s_32_1_1_U531                   | 3    |        | mul_ln39_3020 | mul       | auto     | 0       |
|   mul_32s_32s_32_1_1_U532                   | 3    |        | mul_ln39_3021 | mul       | auto     | 0       |
|   mul_32s_32s_32_1_1_U533                   | 3    |        | mul_ln39_3022 | mul       | auto     | 0       |
|   mul_32s_32s_32_1_1_U534                   | 3    |        | mul_ln39_3023 | mul       | auto     | 0       |
|   add_ln39_3009_fu_28065_p2                 |      |        | add_ln39_3009 | add       | fabric   | 0       |
|   add_ln39_3012_fu_28083_p2                 |      |        | add_ln39_3012 | add       | fabric   | 0       |
|   grp_fu_14908_p2                           |      |        | add_ln39_3015 | add       | fabric   | 0       |
|   add_ln39_3016_fu_21402_p2                 |      |        | add_ln39_3016 | add       | fabric   | 0       |
|   mul_32s_32s_32_1_1_U1075                  | 3    |        | mul_ln39_3024 | mul       | auto     | 0       |
|   mul_32s_32s_32_1_1_U1076                  | 3    |        | mul_ln39_3025 | mul       | auto     | 0       |
|   mul_32s_32s_32_1_1_U1077                  | 3    |        | mul_ln39_3026 | mul       | auto     | 0       |
|   mul_32s_32s_32_1_1_U1078                  | 3    |        | mul_ln39_3027 | mul       | auto     | 0       |
|   mul_32s_32s_32_1_1_U1079                  | 3    |        | mul_ln39_3028 | mul       | auto     | 0       |
|   mul_32s_32s_32_1_1_U1080                  | 3    |        | mul_ln39_3029 | mul       | auto     | 0       |
|   mul_32s_32s_32_1_1_U1081                  | 3    |        | mul_ln39_3030 | mul       | auto     | 0       |
|   mul_32s_32s_32_1_1_U1082                  | 3    |        | mul_ln39_3031 | mul       | auto     | 0       |
|   mul_32s_32s_32_1_1_U1083                  | 3    |        | mul_ln39_3032 | mul       | auto     | 0       |
|   mul_32s_32s_32_1_1_U1084                  | 3    |        | mul_ln39_3033 | mul       | auto     | 0       |
|   mul_32s_32s_32_1_1_U1085                  | 3    |        | mul_ln39_3034 | mul       | auto     | 0       |
|   mul_32s_32s_32_1_1_U1086                  | 3    |        | mul_ln39_3035 | mul       | auto     | 0       |
|   mul_32s_32s_32_1_1_U1087                  | 3    |        | mul_ln39_3036 | mul       | auto     | 0       |
|   mul_32s_32s_32_1_1_U535                   | 3    |        | mul_ln39_3037 | mul       | auto     | 0       |
|   mul_32s_32s_32_1_1_U536                   | 3    |        | mul_ln39_3038 | mul       | auto     | 0       |
|   mul_32s_32s_32_1_1_U537                   | 3    |        | mul_ln39_3039 | mul       | auto     | 0       |
|   add_ln39_3025_fu_28112_p2                 |      |        | add_ln39_3025 | add       | fabric   | 0       |
|   add_ln39_3028_fu_28130_p2                 |      |        | add_ln39_3028 | add       | fabric   | 0       |
|   add_ln39_3031_fu_28148_p2                 |      |        | add_ln39_3031 | add       | fabric   | 0       |
|   add_ln39_3032_fu_28154_p2                 |      |        | add_ln39_3032 | add       | fabric   | 0       |
|   mul_32s_32s_32_1_1_U139                   | 3    |        | mul_ln39_3040 | mul       | auto     | 0       |
|   mul_32s_32s_32_1_1_U140                   | 3    |        | mul_ln39_3041 | mul       | auto     | 0       |
|   mul_32s_32s_32_1_1_U141                   | 3    |        | mul_ln39_3042 | mul       | auto     | 0       |
|   mul_32s_32s_32_1_1_U203                   | 3    |        | mul_ln39_3043 | mul       | auto     | 0       |
|   mul_32s_32s_32_1_1_U204                   | 3    |        | mul_ln39_3044 | mul       | auto     | 0       |
|   mul_32s_32s_32_1_1_U205                   | 3    |        | mul_ln39_3045 | mul       | auto     | 0       |
|   mul_32s_32s_32_1_1_U206                   | 3    |        | mul_ln39_3046 | mul       | auto     | 0       |
|   mul_32s_32s_32_1_1_U207                   | 3    |        | mul_ln39_3047 | mul       | auto     | 0       |
|   mul_32s_32s_32_1_1_U208                   | 3    |        | mul_ln39_3048 | mul       | auto     | 0       |
|   mul_32s_32s_32_1_1_U209                   | 3    |        | mul_ln39_3049 | mul       | auto     | 0       |
|   mul_32s_32s_32_1_1_U210                   | 3    |        | mul_ln39_3050 | mul       | auto     | 0       |
|   mul_32s_32s_32_1_1_U142                   | 3    |        | mul_ln39_3051 | mul       | auto     | 0       |
|   mul_32s_32s_32_1_1_U143                   | 3    |        | mul_ln39_3052 | mul       | auto     | 0       |
|   mul_32s_32s_32_1_1_U144                   | 3    |        | mul_ln39_3053 | mul       | auto     | 0       |
|   mul_32s_32s_32_1_1_U145                   | 3    |        | mul_ln39_3054 | mul       | auto     | 0       |
|   mul_32s_32s_32_1_1_U146                   | 3    |        | mul_ln39_3055 | mul       | auto     | 0       |
|   add_ln39_3041_fu_30628_p2                 |      |        | add_ln39_3041 | add       | fabric   | 0       |
|   grp_fu_14464_p2                           |      |        | add_ln39_3044 | add       | fabric   | 0       |
|   grp_fu_14476_p2                           |      |        | add_ln39_3047 | add       | fabric   | 0       |
|   grp_fu_14482_p2                           |      |        | add_ln39_3048 | add       | fabric   | 0       |
|   mul_32s_32s_32_1_1_U211                   | 3    |        | mul_ln39_3056 | mul       | auto     | 0       |
|   mul_32s_32s_32_1_1_U212                   | 3    |        | mul_ln39_3057 | mul       | auto     | 0       |
|   mul_32s_32s_32_1_1_U213                   | 3    |        | mul_ln39_3058 | mul       | auto     | 0       |
|   mul_32s_32s_32_1_1_U214                   | 3    |        | mul_ln39_3059 | mul       | auto     | 0       |
|   mul_32s_32s_32_1_1_U215                   | 3    |        | mul_ln39_3060 | mul       | auto     | 0       |
|   mul_32s_32s_32_1_1_U216                   | 3    |        | mul_ln39_3061 | mul       | auto     | 0       |
|   mul_32s_32s_32_1_1_U217                   | 3    |        | mul_ln39_3062 | mul       | auto     | 0       |
|   mul_32s_32s_32_1_1_U218                   | 3    |        | mul_ln39_3063 | mul       | auto     | 0       |
|   mul_32s_32s_32_1_1_U127                   | 3    |        | mul_ln39_3064 | mul       | auto     | 0       |
|   mul_32s_32s_32_1_1_U128                   | 3    |        | mul_ln39_3065 | mul       | auto     | 0       |
|   mul_32s_32s_32_1_1_U129                   | 3    |        | mul_ln39_3066 | mul       | auto     | 0       |
|   mul_32s_32s_32_1_1_U130                   | 3    |        | mul_ln39_3067 | mul       | auto     | 0       |
|   mul_32s_32s_32_1_1_U131                   | 3    |        | mul_ln39_3068 | mul       | auto     | 0       |
|   mul_32s_32s_32_1_1_U132                   | 3    |        | mul_ln39_3069 | mul       | auto     | 0       |
|   mul_32s_32s_32_1_1_U133                   | 3    |        | mul_ln39_3070 | mul       | auto     | 0       |
|   mul_32s_32s_32_1_1_U134                   | 3    |        | mul_ln39_3071 | mul       | auto     | 0       |
|   add_ln39_3057_fu_31699_p2                 |      |        | add_ln39_3057 | add       | fabric   | 0       |
|   add_ln39_3060_fu_31705_p2                 |      |        | add_ln39_3060 | add       | fabric   | 0       |
|   add_ln39_3063_fu_32526_p2                 |      |        | add_ln39_3063 | add       | fabric   | 0       |
|   grp_fu_13984_p2                           |      |        | add_ln39_3064 | add       | fabric   | 0       |
|   mul_32s_32s_32_1_1_U1088                  | 3    |        | mul_ln39_3072 | mul       | auto     | 0       |
|   mul_32s_32s_32_1_1_U1089                  | 3    |        | mul_ln39_3073 | mul       | auto     | 0       |
|   mul_32s_32s_32_1_1_U1090                  | 3    |        | mul_ln39_3074 | mul       | auto     | 0       |
|   mul_32s_32s_32_1_1_U1091                  | 3    |        | mul_ln39_3075 | mul       | auto     | 0       |
|   mul_32s_32s_32_1_1_U1092                  | 3    |        | mul_ln39_3076 | mul       | auto     | 0       |
|   mul_32s_32s_32_1_1_U1093                  | 3    |        | mul_ln39_3077 | mul       | auto     | 0       |
|   mul_32s_32s_32_1_1_U1094                  | 3    |        | mul_ln39_3078 | mul       | auto     | 0       |
|   mul_32s_32s_32_1_1_U1095                  | 3    |        | mul_ln39_3079 | mul       | auto     | 0       |
|   mul_32s_32s_32_1_1_U1096                  | 3    |        | mul_ln39_3080 | mul       | auto     | 0       |
|   mul_32s_32s_32_1_1_U1097                  | 3    |        | mul_ln39_3081 | mul       | auto     | 0       |
|   mul_32s_32s_32_1_1_U1098                  | 3    |        | mul_ln39_3082 | mul       | auto     | 0       |
|   mul_32s_32s_32_1_1_U1099                  | 3    |        | mul_ln39_3083 | mul       | auto     | 0       |
|   mul_32s_32s_32_1_1_U1100                  | 3    |        | mul_ln39_3084 | mul       | auto     | 0       |
|   mul_32s_32s_32_1_1_U538                   | 3    |        | mul_ln39_3085 | mul       | auto     | 0       |
|   mul_32s_32s_32_1_1_U539                   | 3    |        | mul_ln39_3086 | mul       | auto     | 0       |
|   mul_32s_32s_32_1_1_U540                   | 3    |        | mul_ln39_3087 | mul       | auto     | 0       |
|   add_ln39_3073_fu_28195_p2                 |      |        | add_ln39_3073 | add       | fabric   | 0       |
|   add_ln39_3076_fu_28213_p2                 |      |        | add_ln39_3076 | add       | fabric   | 0       |
|   add_ln39_3079_fu_28231_p2                 |      |        | add_ln39_3079 | add       | fabric   | 0       |
|   add_ln39_3080_fu_28237_p2                 |      |        | add_ln39_3080 | add       | fabric   | 0       |
|   mul_32s_32s_32_1_1_U1101                  | 3    |        | mul_ln39_3088 | mul       | auto     | 0       |
|   mul_32s_32s_32_1_1_U1102                  | 3    |        | mul_ln39_3089 | mul       | auto     | 0       |
|   mul_32s_32s_32_1_1_U1103                  | 3    |        | mul_ln39_3090 | mul       | auto     | 0       |
|   mul_32s_32s_32_1_1_U1104                  | 3    |        | mul_ln39_3091 | mul       | auto     | 0       |
|   mul_32s_32s_32_1_1_U1105                  | 3    |        | mul_ln39_3092 | mul       | auto     | 0       |
|   mul_32s_32s_32_1_1_U1106                  | 3    |        | mul_ln39_3093 | mul       | auto     | 0       |
|   mul_32s_32s_32_1_1_U1107                  | 3    |        | mul_ln39_3094 | mul       | auto     | 0       |
|   mul_32s_32s_32_1_1_U1108                  | 3    |        | mul_ln39_3095 | mul       | auto     | 0       |
|   mul_32s_32s_32_1_1_U1109                  | 3    |        | mul_ln39_3096 | mul       | auto     | 0       |
|   mul_32s_32s_32_1_1_U1110                  | 3    |        | mul_ln39_3097 | mul       | auto     | 0       |
|   mul_32s_32s_32_1_1_U1111                  | 3    |        | mul_ln39_3098 | mul       | auto     | 0       |
|   mul_32s_32s_32_1_1_U1112                  | 3    |        | mul_ln39_3099 | mul       | auto     | 0       |
|   mul_32s_32s_32_1_1_U1113                  | 3    |        | mul_ln39_3100 | mul       | auto     | 0       |
|   mul_32s_32s_32_1_1_U541                   | 3    |        | mul_ln39_3101 | mul       | auto     | 0       |
|   mul_32s_32s_32_1_1_U542                   | 3    |        | mul_ln39_3102 | mul       | auto     | 0       |
|   mul_32s_32s_32_1_1_U543                   | 3    |        | mul_ln39_3103 | mul       | auto     | 0       |
|   add_ln39_3089_fu_28278_p2                 |      |        | add_ln39_3089 | add       | fabric   | 0       |
|   add_ln39_3092_fu_28296_p2                 |      |        | add_ln39_3092 | add       | fabric   | 0       |
|   add_ln39_3095_fu_28314_p2                 |      |        | add_ln39_3095 | add       | fabric   | 0       |
|   add_ln39_3096_fu_28320_p2                 |      |        | add_ln39_3096 | add       | fabric   | 0       |
|   mul_32s_32s_32_1_1_U68                    | 3    |        | mul_ln39_3104 | mul       | auto     | 0       |
|   mul_32s_32s_32_1_1_U69                    | 3    |        | mul_ln39_3105 | mul       | auto     | 0       |
|   mul_32s_32s_32_1_1_U70                    | 3    |        | mul_ln39_3106 | mul       | auto     | 0       |
|   mul_32s_32s_32_1_1_U1114                  | 3    |        | mul_ln39_3107 | mul       | auto     | 0       |
|   mul_32s_32s_32_1_1_U1115                  | 3    |        | mul_ln39_3108 | mul       | auto     | 0       |
|   mul_32s_32s_32_1_1_U1116                  | 3    |        | mul_ln39_3109 | mul       | auto     | 0       |
|   mul_32s_32s_32_1_1_U1117                  | 3    |        | mul_ln39_3110 | mul       | auto     | 0       |
|   mul_32s_32s_32_1_1_U544                   | 3    |        | mul_ln39_3111 | mul       | auto     | 0       |
|   mul_32s_32s_32_1_1_U545                   | 3    |        | mul_ln39_3112 | mul       | auto     | 0       |
|   mul_32s_32s_32_1_1_U546                   | 3    |        | mul_ln39_3113 | mul       | auto     | 0       |
|   mul_32s_32s_32_1_1_U547                   | 3    |        | mul_ln39_3114 | mul       | auto     | 0       |
|   mul_32s_32s_32_1_1_U548                   | 3    |        | mul_ln39_3115 | mul       | auto     | 0       |
|   mul_32s_32s_32_1_1_U549                   | 3    |        | mul_ln39_3116 | mul       | auto     | 0       |
|   mul_32s_32s_32_1_1_U550                   | 3    |        | mul_ln39_3117 | mul       | auto     | 0       |
|   mul_32s_32s_32_1_1_U551                   | 3    |        | mul_ln39_3118 | mul       | auto     | 0       |
|   mul_32s_32s_32_1_1_U552                   | 3    |        | mul_ln39_3119 | mul       | auto     | 0       |
|   add_ln39_3105_fu_18385_p2                 |      |        | add_ln39_3105 | add       | fabric   | 0       |
|   add_ln39_3108_fu_28361_p2                 |      |        | add_ln39_3108 | add       | fabric   | 0       |
|   add_ln39_3111_fu_21474_p2                 |      |        | add_ln39_3111 | add       | fabric   | 0       |
|   add_ln39_3112_fu_21480_p2                 |      |        | add_ln39_3112 | add       | fabric   | 0       |
|   mul_32s_32s_32_1_1_U1118                  | 3    |        | mul_ln39_3120 | mul       | auto     | 0       |
|   mul_32s_32s_32_1_1_U1119                  | 3    |        | mul_ln39_3121 | mul       | auto     | 0       |
|   mul_32s_32s_32_1_1_U1120                  | 3    |        | mul_ln39_3122 | mul       | auto     | 0       |
|   mul_32s_32s_32_1_1_U1121                  | 3    |        | mul_ln39_3123 | mul       | auto     | 0       |
|   mul_32s_32s_32_1_1_U1122                  | 3    |        | mul_ln39_3124 | mul       | auto     | 0       |
|   mul_32s_32s_32_1_1_U1123                  | 3    |        | mul_ln39_3125 | mul       | auto     | 0       |
|   mul_32s_32s_32_1_1_U1124                  | 3    |        | mul_ln39_3126 | mul       | auto     | 0       |
|   mul_32s_32s_32_1_1_U553                   | 3    |        | mul_ln39_3127 | mul       | auto     | 0       |
|   mul_32s_32s_32_1_1_U554                   | 3    |        | mul_ln39_3128 | mul       | auto     | 0       |
|   mul_32s_32s_32_1_1_U555                   | 3    |        | mul_ln39_3129 | mul       | auto     | 0       |
|   mul_32s_32s_32_1_1_U556                   | 3    |        | mul_ln39_3130 | mul       | auto     | 0       |
|   mul_32s_32s_32_1_1_U557                   | 3    |        | mul_ln39_3131 | mul       | auto     | 0       |
|   mul_32s_32s_32_1_1_U558                   | 3    |        | mul_ln39_3132 | mul       | auto     | 0       |
|   mul_32s_32s_32_1_1_U559                   | 3    |        | mul_ln39_3133 | mul       | auto     | 0       |
|   mul_32s_32s_32_1_1_U560                   | 3    |        | mul_ln39_3134 | mul       | auto     | 0       |
|   mul_32s_32s_32_1_1_U561                   | 3    |        | mul_ln39_3135 | mul       | auto     | 0       |
|   add_ln39_3121_fu_28389_p2                 |      |        | add_ln39_3121 | add       | fabric   | 0       |
|   add_ln39_3124_fu_28407_p2                 |      |        | add_ln39_3124 | add       | fabric   | 0       |
|   add_ln39_3127_fu_21516_p2                 |      |        | add_ln39_3127 | add       | fabric   | 0       |
|   grp_fu_14926_p2                           |      |        | add_ln39_3128 | add       | fabric   | 0       |
|   mul_32s_32s_32_1_1_U71                    | 3    |        | mul_ln39_3136 | mul       | auto     | 0       |
|   mul_32s_32s_32_1_1_U72                    | 3    |        | mul_ln39_3137 | mul       | auto     | 0       |
|   mul_32s_32s_32_1_1_U73                    | 3    |        | mul_ln39_3138 | mul       | auto     | 0       |
|   mul_32s_32s_32_1_1_U1125                  | 3    |        | mul_ln39_3139 | mul       | auto     | 0       |
|   mul_32s_32s_32_1_1_U1126                  | 3    |        | mul_ln39_3140 | mul       | auto     | 0       |
|   mul_32s_32s_32_1_1_U1127                  | 3    |        | mul_ln39_3141 | mul       | auto     | 0       |
|   mul_32s_32s_32_1_1_U1128                  | 3    |        | mul_ln39_3142 | mul       | auto     | 0       |
|   mul_32s_32s_32_1_1_U1129                  | 3    |        | mul_ln39_3143 | mul       | auto     | 0       |
|   mul_32s_32s_32_1_1_U1130                  | 3    |        | mul_ln39_3144 | mul       | auto     | 0       |
|   mul_32s_32s_32_1_1_U1131                  | 3    |        | mul_ln39_3145 | mul       | auto     | 0       |
|   mul_32s_32s_32_1_1_U1132                  | 3    |        | mul_ln39_3146 | mul       | auto     | 0       |
|   mul_32s_32s_32_1_1_U1133                  | 3    |        | mul_ln39_3147 | mul       | auto     | 0       |
|   mul_32s_32s_32_1_1_U1134                  | 3    |        | mul_ln39_3148 | mul       | auto     | 0       |
|   mul_32s_32s_32_1_1_U562                   | 3    |        | mul_ln39_3149 | mul       | auto     | 0       |
|   mul_32s_32s_32_1_1_U563                   | 3    |        | mul_ln39_3150 | mul       | auto     | 0       |
|   mul_32s_32s_32_1_1_U564                   | 3    |        | mul_ln39_3151 | mul       | auto     | 0       |
|   grp_fu_13678_p2                           |      |        | add_ln39_3137 | add       | fabric   | 0       |
|   add_ln39_3140_fu_28436_p2                 |      |        | add_ln39_3140 | add       | fabric   | 0       |
|   add_ln39_3143_fu_28453_p2                 |      |        | add_ln39_3143 | add       | fabric   | 0       |
|   add_ln39_3144_fu_28459_p2                 |      |        | add_ln39_3144 | add       | fabric   | 0       |
|   mul_32s_32s_32_1_1_U88                    | 3    |        | mul_ln39_3152 | mul       | auto     | 0       |
|   mul_32s_32s_32_1_1_U89                    | 3    |        | mul_ln39_3153 | mul       | auto     | 0       |
|   mul_32s_32s_32_1_1_U90                    | 3    |        | mul_ln39_3154 | mul       | auto     | 0       |
|   mul_32s_32s_32_1_1_U91                    | 3    |        | mul_ln39_3155 | mul       | auto     | 0       |
|   mul_32s_32s_32_1_1_U92                    | 3    |        | mul_ln39_3156 | mul       | auto     | 0       |
|   mul_32s_32s_32_1_1_U93                    | 3    |        | mul_ln39_3157 | mul       | auto     | 0       |
|   mul_32s_32s_32_1_1_U94                    | 3    |        | mul_ln39_3158 | mul       | auto     | 0       |
|   mul_32s_32s_32_1_1_U95                    | 3    |        | mul_ln39_3159 | mul       | auto     | 0       |
|   mul_32s_32s_32_1_1_U96                    | 3    |        | mul_ln39_3160 | mul       | auto     | 0       |
|   mul_32s_32s_32_1_1_U97                    | 3    |        | mul_ln39_3161 | mul       | auto     | 0       |
|   mul_32s_32s_32_1_1_U98                    | 3    |        | mul_ln39_3162 | mul       | auto     | 0       |
|   mul_32s_32s_32_1_1_U99                    | 3    |        | mul_ln39_3163 | mul       | auto     | 0       |
|   mul_32s_32s_32_1_1_U100                   | 3    |        | mul_ln39_3164 | mul       | auto     | 0       |
|   mul_32s_32s_32_1_1_U74                    | 3    |        | mul_ln39_3165 | mul       | auto     | 0       |
|   mul_32s_32s_32_1_1_U75                    | 3    |        | mul_ln39_3166 | mul       | auto     | 0       |
|   mul_32s_32s_32_1_1_U76                    | 3    |        | mul_ln39_3167 | mul       | auto     | 0       |
|   grp_fu_13438_p2                           |      |        | add_ln39_3153 | add       | fabric   | 0       |
|   grp_fu_13450_p2                           |      |        | add_ln39_3156 | add       | fabric   | 0       |
|   grp_fu_13462_p2                           |      |        | add_ln39_3159 | add       | fabric   | 0       |
|   grp_fu_13468_p2                           |      |        | add_ln39_3160 | add       | fabric   | 0       |
|   mul_32s_32s_32_1_1_U77                    | 3    |        | mul_ln39_3168 | mul       | auto     | 0       |
|   mul_32s_32s_32_1_1_U78                    | 3    |        | mul_ln39_3169 | mul       | auto     | 0       |
|   mul_32s_32s_32_1_1_U79                    | 3    |        | mul_ln39_3170 | mul       | auto     | 0       |
|   mul_32s_32s_32_1_1_U101                   | 3    |        | mul_ln39_3171 | mul       | auto     | 0       |
|   mul_32s_32s_32_1_1_U102                   | 3    |        | mul_ln39_3172 | mul       | auto     | 0       |
|   mul_32s_32s_32_1_1_U103                   | 3    |        | mul_ln39_3173 | mul       | auto     | 0       |
|   mul_32s_32s_32_1_1_U104                   | 3    |        | mul_ln39_3174 | mul       | auto     | 0       |
|   mul_32s_32s_32_1_1_U105                   | 3    |        | mul_ln39_3175 | mul       | auto     | 0       |
|   mul_32s_32s_32_1_1_U106                   | 3    |        | mul_ln39_3176 | mul       | auto     | 0       |
|   mul_32s_32s_32_1_1_U107                   | 3    |        | mul_ln39_3177 | mul       | auto     | 0       |
|   mul_32s_32s_32_1_1_U108                   | 3    |        | mul_ln39_3178 | mul       | auto     | 0       |
|   mul_32s_32s_32_1_1_U109                   | 3    |        | mul_ln39_3179 | mul       | auto     | 0       |
|   mul_32s_32s_32_1_1_U110                   | 3    |        | mul_ln39_3180 | mul       | auto     | 0       |
|   mul_32s_32s_32_1_1_U80                    | 3    |        | mul_ln39_3181 | mul       | auto     | 0       |
|   mul_32s_32s_32_1_1_U81                    | 3    |        | mul_ln39_3182 | mul       | auto     | 0       |
|   mul_32s_32s_32_1_1_U82                    | 3    |        | mul_ln39_3183 | mul       | auto     | 0       |
|   add_ln39_3169_fu_18420_p2                 |      |        | add_ln39_3169 | add       | fabric   | 0       |
|   add_ln39_3172_fu_18585_p2                 |      |        | add_ln39_3172 | add       | fabric   | 0       |
|   grp_fu_14086_p2                           |      |        | add_ln39_3175 | add       | fabric   | 0       |
|   grp_fu_14092_p2                           |      |        | add_ln39_3176 | add       | fabric   | 0       |
|   mul_32s_32s_32_1_1_U1135                  | 3    |        | mul_ln39_3184 | mul       | auto     | 0       |
|   mul_32s_32s_32_1_1_U1136                  | 3    |        | mul_ln39_3185 | mul       | auto     | 0       |
|   mul_32s_32s_32_1_1_U1137                  | 3    |        | mul_ln39_3186 | mul       | auto     | 0       |
|   mul_32s_32s_32_1_1_U1138                  | 3    |        | mul_ln39_3187 | mul       | auto     | 0       |
|   mul_32s_32s_32_1_1_U1139                  | 3    |        | mul_ln39_3188 | mul       | auto     | 0       |
|   mul_32s_32s_32_1_1_U1140                  | 3    |        | mul_ln39_3189 | mul       | auto     | 0       |
|   mul_32s_32s_32_1_1_U1141                  | 3    |        | mul_ln39_3190 | mul       | auto     | 0       |
|   mul_32s_32s_32_1_1_U1142                  | 3    |        | mul_ln39_3191 | mul       | auto     | 0       |
|   mul_32s_32s_32_1_1_U1143                  | 3    |        | mul_ln39_3192 | mul       | auto     | 0       |
|   mul_32s_32s_32_1_1_U1144                  | 3    |        | mul_ln39_3193 | mul       | auto     | 0       |
|   mul_32s_32s_32_1_1_U1145                  | 3    |        | mul_ln39_3194 | mul       | auto     | 0       |
|   mul_32s_32s_32_1_1_U1146                  | 3    |        | mul_ln39_3195 | mul       | auto     | 0       |
|   mul_32s_32s_32_1_1_U1147                  | 3    |        | mul_ln39_3196 | mul       | auto     | 0       |
|   mul_32s_32s_32_1_1_U565                   | 3    |        | mul_ln39_3197 | mul       | auto     | 0       |
|   mul_32s_32s_32_1_1_U566                   | 3    |        | mul_ln39_3198 | mul       | auto     | 0       |
|   mul_32s_32s_32_1_1_U567                   | 3    |        | mul_ln39_3199 | mul       | auto     | 0       |
|   add_ln39_3185_fu_28499_p2                 |      |        | add_ln39_3185 | add       | fabric   | 0       |
|   add_ln39_3188_fu_28517_p2                 |      |        | add_ln39_3188 | add       | fabric   | 0       |
|   add_ln39_3191_fu_28535_p2                 |      |        | add_ln39_3191 | add       | fabric   | 0       |
|   add_ln39_3192_fu_28541_p2                 |      |        | add_ln39_3192 | add       | fabric   | 0       |
|   mul_32s_32s_32_1_1_U1148                  | 3    |        | mul_ln39_3200 | mul       | auto     | 0       |
|   mul_32s_32s_32_1_1_U1149                  | 3    |        | mul_ln39_3201 | mul       | auto     | 0       |
|   mul_32s_32s_32_1_1_U1150                  | 3    |        | mul_ln39_3202 | mul       | auto     | 0       |
|   mul_32s_32s_32_1_1_U1151                  | 3    |        | mul_ln39_3203 | mul       | auto     | 0       |
|   mul_32s_32s_32_1_1_U1152                  | 3    |        | mul_ln39_3204 | mul       | auto     | 0       |
|   mul_32s_32s_32_1_1_U1153                  | 3    |        | mul_ln39_3205 | mul       | auto     | 0       |
|   mul_32s_32s_32_1_1_U1154                  | 3    |        | mul_ln39_3206 | mul       | auto     | 0       |
|   mul_32s_32s_32_1_1_U1155                  | 3    |        | mul_ln39_3207 | mul       | auto     | 0       |
|   mul_32s_32s_32_1_1_U1156                  | 3    |        | mul_ln39_3208 | mul       | auto     | 0       |
|   mul_32s_32s_32_1_1_U1157                  | 3    |        | mul_ln39_3209 | mul       | auto     | 0       |
|   mul_32s_32s_32_1_1_U1158                  | 3    |        | mul_ln39_3210 | mul       | auto     | 0       |
|   mul_32s_32s_32_1_1_U1159                  | 3    |        | mul_ln39_3211 | mul       | auto     | 0       |
|   mul_32s_32s_32_1_1_U1160                  | 3    |        | mul_ln39_3212 | mul       | auto     | 0       |
|   mul_32s_32s_32_1_1_U568                   | 3    |        | mul_ln39_3213 | mul       | auto     | 0       |
|   mul_32s_32s_32_1_1_U569                   | 3    |        | mul_ln39_3214 | mul       | auto     | 0       |
|   mul_32s_32s_32_1_1_U570                   | 3    |        | mul_ln39_3215 | mul       | auto     | 0       |
|   add_ln39_3201_fu_28582_p2                 |      |        | add_ln39_3201 | add       | fabric   | 0       |
|   add_ln39_3204_fu_28600_p2                 |      |        | add_ln39_3204 | add       | fabric   | 0       |
|   add_ln39_3207_fu_28618_p2                 |      |        | add_ln39_3207 | add       | fabric   | 0       |
|   add_ln39_3208_fu_28624_p2                 |      |        | add_ln39_3208 | add       | fabric   | 0       |
|   mul_32s_32s_32_1_1_U111                   | 3    |        | mul_ln39_3216 | mul       | auto     | 0       |
|   mul_32s_32s_32_1_1_U112                   | 3    |        | mul_ln39_3217 | mul       | auto     | 0       |
|   mul_32s_32s_32_1_1_U113                   | 3    |        | mul_ln39_3218 | mul       | auto     | 0       |
|   mul_32s_32s_32_1_1_U114                   | 3    |        | mul_ln39_3219 | mul       | auto     | 0       |
|   mul_32s_32s_32_1_1_U115                   | 3    |        | mul_ln39_3220 | mul       | auto     | 0       |
|   mul_32s_32s_32_1_1_U116                   | 3    |        | mul_ln39_3221 | mul       | auto     | 0       |
|   mul_32s_32s_32_1_1_U117                   | 3    |        | mul_ln39_3222 | mul       | auto     | 0       |
|   mul_32s_32s_32_1_1_U118                   | 3    |        | mul_ln39_3223 | mul       | auto     | 0       |
|   mul_32s_32s_32_1_1_U119                   | 3    |        | mul_ln39_3224 | mul       | auto     | 0       |
|   mul_32s_32s_32_1_1_U120                   | 3    |        | mul_ln39_3225 | mul       | auto     | 0       |
|   mul_32s_32s_32_1_1_U121                   | 3    |        | mul_ln39_3226 | mul       | auto     | 0       |
|   mul_32s_32s_32_1_1_U122                   | 3    |        | mul_ln39_3227 | mul       | auto     | 0       |
|   mul_32s_32s_32_1_1_U123                   | 3    |        | mul_ln39_3228 | mul       | auto     | 0       |
|   mul_32s_32s_32_1_1_U83                    | 3    |        | mul_ln39_3229 | mul       | auto     | 0       |
|   mul_32s_32s_32_1_1_U84                    | 3    |        | mul_ln39_3230 | mul       | auto     | 0       |
|   mul_32s_32s_32_1_1_U85                    | 3    |        | mul_ln39_3231 | mul       | auto     | 0       |
|   add_ln39_3217_fu_18631_p2                 |      |        | add_ln39_3217 | add       | fabric   | 0       |
|   add_ln39_3220_fu_18643_p2                 |      |        | add_ln39_3220 | add       | fabric   | 0       |
|   grp_fu_13954_p2                           |      |        | add_ln39_3223 | add       | fabric   | 0       |
|   grp_fu_13960_p2                           |      |        | add_ln39_3224 | add       | fabric   | 0       |
|   mul_32s_32s_32_1_1_U124                   | 3    |        | mul_ln39_3232 | mul       | auto     | 0       |
|   mul_32s_32s_32_1_1_U125                   | 3    |        | mul_ln39_3233 | mul       | auto     | 0       |
|   mul_32s_32s_32_1_1_U126                   | 3    |        | mul_ln39_3234 | mul       | auto     | 0       |
|   mul_32s_32s_32_1_1_U127                   | 3    |        | mul_ln39_3235 | mul       | auto     | 0       |
|   mul_32s_32s_32_1_1_U128                   | 3    |        | mul_ln39_3236 | mul       | auto     | 0       |
|   mul_32s_32s_32_1_1_U129                   | 3    |        | mul_ln39_3237 | mul       | auto     | 0       |
|   mul_32s_32s_32_1_1_U130                   | 3    |        | mul_ln39_3238 | mul       | auto     | 0       |
|   mul_32s_32s_32_1_1_U131                   | 3    |        | mul_ln39_3239 | mul       | auto     | 0       |
|   mul_32s_32s_32_1_1_U132                   | 3    |        | mul_ln39_3240 | mul       | auto     | 0       |
|   mul_32s_32s_32_1_1_U133                   | 3    |        | mul_ln39_3241 | mul       | auto     | 0       |
|   mul_32s_32s_32_1_1_U134                   | 3    |        | mul_ln39_3242 | mul       | auto     | 0       |
|   mul_32s_32s_32_1_1_U135                   | 3    |        | mul_ln39_3243 | mul       | auto     | 0       |
|   mul_32s_32s_32_1_1_U136                   | 3    |        | mul_ln39_3244 | mul       | auto     | 0       |
|   mul_32s_32s_32_1_1_U86                    | 3    |        | mul_ln39_3245 | mul       | auto     | 0       |
|   mul_32s_32s_32_1_1_U87                    | 3    |        | mul_ln39_3246 | mul       | auto     | 0       |
|   mul_32s_32s_32_1_1_U88                    | 3    |        | mul_ln39_3247 | mul       | auto     | 0       |
|   add_ln39_3233_fu_18690_p2                 |      |        | add_ln39_3233 | add       | fabric   | 0       |
|   grp_fu_14248_p2                           |      |        | add_ln39_3236 | add       | fabric   | 0       |
|   add_ln39_3239_fu_18720_p2                 |      |        | add_ln39_3239 | add       | fabric   | 0       |
|   grp_fu_14254_p2                           |      |        | add_ln39_3240 | add       | fabric   | 0       |
|   mul_32s_32s_32_1_1_U137                   | 3    |        | mul_ln39_3248 | mul       | auto     | 0       |
|   mul_32s_32s_32_1_1_U138                   | 3    |        | mul_ln39_3249 | mul       | auto     | 0       |
|   mul_32s_32s_32_1_1_U139                   | 3    |        | mul_ln39_3250 | mul       | auto     | 0       |
|   mul_32s_32s_32_1_1_U140                   | 3    |        | mul_ln39_3251 | mul       | auto     | 0       |
|   mul_32s_32s_32_1_1_U141                   | 3    |        | mul_ln39_3252 | mul       | auto     | 0       |
|   mul_32s_32s_32_1_1_U142                   | 3    |        | mul_ln39_3253 | mul       | auto     | 0       |
|   mul_32s_32s_32_1_1_U143                   | 3    |        | mul_ln39_3254 | mul       | auto     | 0       |
|   mul_32s_32s_32_1_1_U144                   | 3    |        | mul_ln39_3255 | mul       | auto     | 0       |
|   mul_32s_32s_32_1_1_U145                   | 3    |        | mul_ln39_3256 | mul       | auto     | 0       |
|   mul_32s_32s_32_1_1_U146                   | 3    |        | mul_ln39_3257 | mul       | auto     | 0       |
|   mul_32s_32s_32_1_1_U147                   | 3    |        | mul_ln39_3258 | mul       | auto     | 0       |
|   mul_32s_32s_32_1_1_U148                   | 3    |        | mul_ln39_3259 | mul       | auto     | 0       |
|   mul_32s_32s_32_1_1_U149                   | 3    |        | mul_ln39_3260 | mul       | auto     | 0       |
|   mul_32s_32s_32_1_1_U89                    | 3    |        | mul_ln39_3261 | mul       | auto     | 0       |
|   mul_32s_32s_32_1_1_U90                    | 3    |        | mul_ln39_3262 | mul       | auto     | 0       |
|   mul_32s_32s_32_1_1_U91                    | 3    |        | mul_ln39_3263 | mul       | auto     | 0       |
|   add_ln39_3249_fu_18755_p2                 |      |        | add_ln39_3249 | add       | fabric   | 0       |
|   grp_fu_14020_p2                           |      |        | add_ln39_3252 | add       | fabric   | 0       |
|   grp_fu_14026_p2                           |      |        | add_ln39_3255 | add       | fabric   | 0       |
|   grp_fu_14272_p2                           |      |        | add_ln39_3256 | add       | fabric   | 0       |
|   mul_32s_32s_32_1_1_U160                   | 3    |        | mul_ln39_3264 | mul       | auto     | 0       |
|   mul_32s_32s_32_1_1_U161                   | 3    |        | mul_ln39_3265 | mul       | auto     | 0       |
|   mul_32s_32s_32_1_1_U162                   | 3    |        | mul_ln39_3266 | mul       | auto     | 0       |
|   mul_32s_32s_32_1_1_U163                   | 3    |        | mul_ln39_3267 | mul       | auto     | 0       |
|   mul_32s_32s_32_1_1_U164                   | 3    |        | mul_ln39_3268 | mul       | auto     | 0       |
|   mul_32s_32s_32_1_1_U165                   | 3    |        | mul_ln39_3269 | mul       | auto     | 0       |
|   mul_32s_32s_32_1_1_U166                   | 3    |        | mul_ln39_3270 | mul       | auto     | 0       |
|   mul_32s_32s_32_1_1_U167                   | 3    |        | mul_ln39_3271 | mul       | auto     | 0       |
|   mul_32s_32s_32_1_1_U168                   | 3    |        | mul_ln39_3272 | mul       | auto     | 0       |
|   mul_32s_32s_32_1_1_U169                   | 3    |        | mul_ln39_3273 | mul       | auto     | 0       |
|   mul_32s_32s_32_1_1_U170                   | 3    |        | mul_ln39_3274 | mul       | auto     | 0       |
|   mul_32s_32s_32_1_1_U171                   | 3    |        | mul_ln39_3275 | mul       | auto     | 0       |
|   mul_32s_32s_32_1_1_U172                   | 3    |        | mul_ln39_3276 | mul       | auto     | 0       |
|   mul_32s_32s_32_1_1_U66                    | 3    |        | mul_ln39_3277 | mul       | auto     | 0       |
|   mul_32s_32s_32_1_1_U67                    | 3    |        | mul_ln39_3278 | mul       | auto     | 0       |
|   mul_32s_32s_32_1_1_U68                    | 3    |        | mul_ln39_3279 | mul       | auto     | 0       |
|   add_ln39_3265_fu_19366_p2                 |      |        | add_ln39_3265 | add       | fabric   | 0       |
|   add_ln39_3268_fu_19384_p2                 |      |        | add_ln39_3268 | add       | fabric   | 0       |
|   add_ln39_3271_fu_19402_p2                 |      |        | add_ln39_3271 | add       | fabric   | 0       |
|   add_ln39_3272_fu_19408_p2                 |      |        | add_ln39_3272 | add       | fabric   | 0       |
|   mul_32s_32s_32_1_1_U1161                  | 3    |        | mul_ln39_3280 | mul       | auto     | 0       |
|   mul_32s_32s_32_1_1_U1162                  | 3    |        | mul_ln39_3281 | mul       | auto     | 0       |
|   mul_32s_32s_32_1_1_U1163                  | 3    |        | mul_ln39_3282 | mul       | auto     | 0       |
|   mul_32s_32s_32_1_1_U1164                  | 3    |        | mul_ln39_3283 | mul       | auto     | 0       |
|   mul_32s_32s_32_1_1_U1165                  | 3    |        | mul_ln39_3284 | mul       | auto     | 0       |
|   mul_32s_32s_32_1_1_U1166                  | 3    |        | mul_ln39_3285 | mul       | auto     | 0       |
|   mul_32s_32s_32_1_1_U1167                  | 3    |        | mul_ln39_3286 | mul       | auto     | 0       |
|   mul_32s_32s_32_1_1_U1168                  | 3    |        | mul_ln39_3287 | mul       | auto     | 0       |
|   mul_32s_32s_32_1_1_U1169                  | 3    |        | mul_ln39_3288 | mul       | auto     | 0       |
|   mul_32s_32s_32_1_1_U1170                  | 3    |        | mul_ln39_3289 | mul       | auto     | 0       |
|   mul_32s_32s_32_1_1_U1171                  | 3    |        | mul_ln39_3290 | mul       | auto     | 0       |
|   mul_32s_32s_32_1_1_U1172                  | 3    |        | mul_ln39_3291 | mul       | auto     | 0       |
|   mul_32s_32s_32_1_1_U1173                  | 3    |        | mul_ln39_3292 | mul       | auto     | 0       |
|   mul_32s_32s_32_1_1_U571                   | 3    |        | mul_ln39_3293 | mul       | auto     | 0       |
|   mul_32s_32s_32_1_1_U572                   | 3    |        | mul_ln39_3294 | mul       | auto     | 0       |
|   mul_32s_32s_32_1_1_U573                   | 3    |        | mul_ln39_3295 | mul       | auto     | 0       |
|   add_ln39_3281_fu_28665_p2                 |      |        | add_ln39_3281 | add       | fabric   | 0       |
|   add_ln39_3284_fu_28683_p2                 |      |        | add_ln39_3284 | add       | fabric   | 0       |
|   add_ln39_3287_fu_28701_p2                 |      |        | add_ln39_3287 | add       | fabric   | 0       |
|   add_ln39_3288_fu_28707_p2                 |      |        | add_ln39_3288 | add       | fabric   | 0       |
|   mul_32s_32s_32_1_1_U147                   | 3    |        | mul_ln39_3296 | mul       | auto     | 0       |
|   mul_32s_32s_32_1_1_U148                   | 3    |        | mul_ln39_3297 | mul       | auto     | 0       |
|   mul_32s_32s_32_1_1_U149                   | 3    |        | mul_ln39_3298 | mul       | auto     | 0       |
|   mul_32s_32s_32_1_1_U219                   | 3    |        | mul_ln39_3299 | mul       | auto     | 0       |
|   mul_32s_32s_32_1_1_U220                   | 3    |        | mul_ln39_3300 | mul       | auto     | 0       |
|   mul_32s_32s_32_1_1_U221                   | 3    |        | mul_ln39_3301 | mul       | auto     | 0       |
|   mul_32s_32s_32_1_1_U222                   | 3    |        | mul_ln39_3302 | mul       | auto     | 0       |
|   mul_32s_32s_32_1_1_U223                   | 3    |        | mul_ln39_3303 | mul       | auto     | 0       |
|   mul_32s_32s_32_1_1_U224                   | 3    |        | mul_ln39_3304 | mul       | auto     | 0       |
|   mul_32s_32s_32_1_1_U225                   | 3    |        | mul_ln39_3305 | mul       | auto     | 0       |
|   mul_32s_32s_32_1_1_U226                   | 3    |        | mul_ln39_3306 | mul       | auto     | 0       |
|   mul_32s_32s_32_1_1_U150                   | 3    |        | mul_ln39_3307 | mul       | auto     | 0       |
|   mul_32s_32s_32_1_1_U151                   | 3    |        | mul_ln39_3308 | mul       | auto     | 0       |
|   mul_32s_32s_32_1_1_U152                   | 3    |        | mul_ln39_3309 | mul       | auto     | 0       |
|   mul_32s_32s_32_1_1_U153                   | 3    |        | mul_ln39_3310 | mul       | auto     | 0       |
|   mul_32s_32s_32_1_1_U154                   | 3    |        | mul_ln39_3311 | mul       | auto     | 0       |
|   grp_fu_14392_p2                           |      |        | add_ln39_3297 | add       | fabric   | 0       |
|   add_ln39_3300_fu_31717_p2                 |      |        | add_ln39_3300 | add       | fabric   | 0       |
|   add_ln39_3303_fu_31734_p2                 |      |        | add_ln39_3303 | add       | fabric   | 0       |
|   grp_fu_15136_p2                           |      |        | add_ln39_3304 | add       | fabric   | 0       |
|   mul_32s_32s_32_1_1_U227                   | 3    |        | mul_ln39_3312 | mul       | auto     | 0       |
|   mul_32s_32s_32_1_1_U228                   | 3    |        | mul_ln39_3313 | mul       | auto     | 0       |
|   mul_32s_32s_32_1_1_U229                   | 3    |        | mul_ln39_3314 | mul       | auto     | 0       |
|   mul_32s_32s_32_1_1_U230                   | 3    |        | mul_ln39_3315 | mul       | auto     | 0       |
|   mul_32s_32s_32_1_1_U231                   | 3    |        | mul_ln39_3316 | mul       | auto     | 0       |
|   mul_32s_32s_32_1_1_U232                   | 3    |        | mul_ln39_3317 | mul       | auto     | 0       |
|   mul_32s_32s_32_1_1_U233                   | 3    |        | mul_ln39_3318 | mul       | auto     | 0       |
|   mul_32s_32s_32_1_1_U234                   | 3    |        | mul_ln39_3319 | mul       | auto     | 0       |
|   mul_32s_32s_32_1_1_U135                   | 3    |        | mul_ln39_3320 | mul       | auto     | 0       |
|   mul_32s_32s_32_1_1_U136                   | 3    |        | mul_ln39_3321 | mul       | auto     | 0       |
|   mul_32s_32s_32_1_1_U137                   | 3    |        | mul_ln39_3322 | mul       | auto     | 0       |
|   mul_32s_32s_32_1_1_U138                   | 3    |        | mul_ln39_3323 | mul       | auto     | 0       |
|   mul_32s_32s_32_1_1_U139                   | 3    |        | mul_ln39_3324 | mul       | auto     | 0       |
|   mul_32s_32s_32_1_1_U140                   | 3    |        | mul_ln39_3325 | mul       | auto     | 0       |
|   mul_32s_32s_32_1_1_U141                   | 3    |        | mul_ln39_3326 | mul       | auto     | 0       |
|   mul_32s_32s_32_1_1_U142                   | 3    |        | mul_ln39_3327 | mul       | auto     | 0       |
|   add_ln39_3313_fu_31757_p2                 |      |        | add_ln39_3313 | add       | fabric   | 0       |
|   add_ln39_3316_fu_31763_p2                 |      |        | add_ln39_3316 | add       | fabric   | 0       |
|   add_ln39_3319_fu_32549_p2                 |      |        | add_ln39_3319 | add       | fabric   | 0       |
|   grp_fu_15166_p2                           |      |        | add_ln39_3320 | add       | fabric   | 0       |
|   mul_32s_32s_32_1_1_U69                    | 3    |        | mul_ln39_3328 | mul       | auto     | 0       |
|   mul_32s_32s_32_1_1_U70                    | 3    |        | mul_ln39_3329 | mul       | auto     | 0       |
|   mul_32s_32s_32_1_1_U71                    | 3    |        | mul_ln39_3330 | mul       | auto     | 0       |
|   mul_32s_32s_32_1_1_U173                   | 3    |        | mul_ln39_3331 | mul       | auto     | 0       |
|   mul_32s_32s_32_1_1_U174                   | 3    |        | mul_ln39_3332 | mul       | auto     | 0       |
|   mul_32s_32s_32_1_1_U175                   | 3    |        | mul_ln39_3333 | mul       | auto     | 0       |
|   mul_32s_32s_32_1_1_U176                   | 3    |        | mul_ln39_3334 | mul       | auto     | 0       |
|   mul_32s_32s_32_1_1_U177                   | 3    |        | mul_ln39_3335 | mul       | auto     | 0       |
|   mul_32s_32s_32_1_1_U178                   | 3    |        | mul_ln39_3336 | mul       | auto     | 0       |
|   mul_32s_32s_32_1_1_U179                   | 3    |        | mul_ln39_3337 | mul       | auto     | 0       |
|   mul_32s_32s_32_1_1_U180                   | 3    |        | mul_ln39_3338 | mul       | auto     | 0       |
|   mul_32s_32s_32_1_1_U181                   | 3    |        | mul_ln39_3339 | mul       | auto     | 0       |
|   mul_32s_32s_32_1_1_U182                   | 3    |        | mul_ln39_3340 | mul       | auto     | 0       |
|   mul_32s_32s_32_1_1_U72                    | 3    |        | mul_ln39_3341 | mul       | auto     | 0       |
|   mul_32s_32s_32_1_1_U73                    | 3    |        | mul_ln39_3342 | mul       | auto     | 0       |
|   mul_32s_32s_32_1_1_U74                    | 3    |        | mul_ln39_3343 | mul       | auto     | 0       |
|   grp_fu_13546_p2                           |      |        | add_ln39_3329 | add       | fabric   | 0       |
|   grp_fu_14428_p2                           |      |        | add_ln39_3332 | add       | fabric   | 0       |
|   grp_fu_14434_p2                           |      |        | add_ln39_3335 | add       | fabric   | 0       |
|   add_ln39_3336_fu_19448_p2                 |      |        | add_ln39_3336 | add       | fabric   | 0       |
|   mul_32s_32s_32_1_1_U1174                  | 3    |        | mul_ln39_3344 | mul       | auto     | 0       |
|   mul_32s_32s_32_1_1_U1175                  | 3    |        | mul_ln39_3345 | mul       | auto     | 0       |
|   mul_32s_32s_32_1_1_U1176                  | 3    |        | mul_ln39_3346 | mul       | auto     | 0       |
|   mul_32s_32s_32_1_1_U1177                  | 3    |        | mul_ln39_3347 | mul       | auto     | 0       |
|   mul_32s_32s_32_1_1_U1178                  | 3    |        | mul_ln39_3348 | mul       | auto     | 0       |
|   mul_32s_32s_32_1_1_U1179                  | 3    |        | mul_ln39_3349 | mul       | auto     | 0       |
|   mul_32s_32s_32_1_1_U1180                  | 3    |        | mul_ln39_3350 | mul       | auto     | 0       |
|   mul_32s_32s_32_1_1_U574                   | 3    |        | mul_ln39_3351 | mul       | auto     | 0       |
|   mul_32s_32s_32_1_1_U575                   | 3    |        | mul_ln39_3352 | mul       | auto     | 0       |
|   mul_32s_32s_32_1_1_U576                   | 3    |        | mul_ln39_3353 | mul       | auto     | 0       |
|   mul_32s_32s_32_1_1_U577                   | 3    |        | mul_ln39_3354 | mul       | auto     | 0       |
|   mul_32s_32s_32_1_1_U578                   | 3    |        | mul_ln39_3355 | mul       | auto     | 0       |
|   mul_32s_32s_32_1_1_U579                   | 3    |        | mul_ln39_3356 | mul       | auto     | 0       |
|   mul_32s_32s_32_1_1_U580                   | 3    |        | mul_ln39_3357 | mul       | auto     | 0       |
|   mul_32s_32s_32_1_1_U581                   | 3    |        | mul_ln39_3358 | mul       | auto     | 0       |
|   mul_32s_32s_32_1_1_U582                   | 3    |        | mul_ln39_3359 | mul       | auto     | 0       |
|   add_ln39_3345_fu_28748_p2                 |      |        | add_ln39_3345 | add       | fabric   | 0       |
|   add_ln39_3348_fu_28766_p2                 |      |        | add_ln39_3348 | add       | fabric   | 0       |
|   add_ln39_3351_fu_21600_p2                 |      |        | add_ln39_3351 | add       | fabric   | 0       |
|   add_ln39_3352_fu_21606_p2                 |      |        | add_ln39_3352 | add       | fabric   | 0       |
|   mul_32s_32s_32_1_1_U75                    | 3    |        | mul_ln39_3360 | mul       | auto     | 0       |
|   mul_32s_32s_32_1_1_U76                    | 3    |        | mul_ln39_3361 | mul       | auto     | 0       |
|   mul_32s_32s_32_1_1_U77                    | 3    |        | mul_ln39_3362 | mul       | auto     | 0       |
|   mul_32s_32s_32_1_1_U1181                  | 3    |        | mul_ln39_3363 | mul       | auto     | 0       |
|   mul_32s_32s_32_1_1_U1182                  | 3    |        | mul_ln39_3364 | mul       | auto     | 0       |
|   mul_32s_32s_32_1_1_U1183                  | 3    |        | mul_ln39_3365 | mul       | auto     | 0       |
|   mul_32s_32s_32_1_1_U1184                  | 3    |        | mul_ln39_3366 | mul       | auto     | 0       |
|   mul_32s_32s_32_1_1_U1185                  | 3    |        | mul_ln39_3367 | mul       | auto     | 0       |
|   mul_32s_32s_32_1_1_U1186                  | 3    |        | mul_ln39_3368 | mul       | auto     | 0       |
|   mul_32s_32s_32_1_1_U1187                  | 3    |        | mul_ln39_3369 | mul       | auto     | 0       |
|   mul_32s_32s_32_1_1_U1188                  | 3    |        | mul_ln39_3370 | mul       | auto     | 0       |
|   mul_32s_32s_32_1_1_U1189                  | 3    |        | mul_ln39_3371 | mul       | auto     | 0       |
|   mul_32s_32s_32_1_1_U1190                  | 3    |        | mul_ln39_3372 | mul       | auto     | 0       |
|   mul_32s_32s_32_1_1_U583                   | 3    |        | mul_ln39_3373 | mul       | auto     | 0       |
|   mul_32s_32s_32_1_1_U584                   | 3    |        | mul_ln39_3374 | mul       | auto     | 0       |
|   mul_32s_32s_32_1_1_U585                   | 3    |        | mul_ln39_3375 | mul       | auto     | 0       |
|   grp_fu_13390_p2                           |      |        | add_ln39_3361 | add       | fabric   | 0       |
|   add_ln39_3364_fu_28795_p2                 |      |        | add_ln39_3364 | add       | fabric   | 0       |
|   add_ln39_3367_fu_28812_p2                 |      |        | add_ln39_3367 | add       | fabric   | 0       |
|   add_ln39_3368_fu_28818_p2                 |      |        | add_ln39_3368 | add       | fabric   | 0       |
|   mul_32s_32s_32_1_1_U78                    | 3    |        | mul_ln39_3376 | mul       | auto     | 0       |
|   mul_32s_32s_32_1_1_U79                    | 3    |        | mul_ln39_3377 | mul       | auto     | 0       |
|   mul_32s_32s_32_1_1_U80                    | 3    |        | mul_ln39_3378 | mul       | auto     | 0       |
|   mul_32s_32s_32_1_1_U586                   | 3    |        | mul_ln39_3379 | mul       | auto     | 0       |
|   mul_32s_32s_32_1_1_U587                   | 3    |        | mul_ln39_3380 | mul       | auto     | 0       |
|   mul_32s_32s_32_1_1_U588                   | 3    |        | mul_ln39_3381 | mul       | auto     | 0       |
|   mul_32s_32s_32_1_1_U589                   | 3    |        | mul_ln39_3382 | mul       | auto     | 0       |
|   mul_32s_32s_32_1_1_U183                   | 3    |        | mul_ln39_3383 | mul       | auto     | 0       |
|   mul_32s_32s_32_1_1_U184                   | 3    |        | mul_ln39_3384 | mul       | auto     | 0       |
|   mul_32s_32s_32_1_1_U185                   | 3    |        | mul_ln39_3385 | mul       | auto     | 0       |
|   mul_32s_32s_32_1_1_U186                   | 3    |        | mul_ln39_3386 | mul       | auto     | 0       |
|   mul_32s_32s_32_1_1_U187                   | 3    |        | mul_ln39_3387 | mul       | auto     | 0       |
|   mul_32s_32s_32_1_1_U188                   | 3    |        | mul_ln39_3388 | mul       | auto     | 0       |
|   mul_32s_32s_32_1_1_U189                   | 3    |        | mul_ln39_3389 | mul       | auto     | 0       |
|   mul_32s_32s_32_1_1_U190                   | 3    |        | mul_ln39_3390 | mul       | auto     | 0       |
|   mul_32s_32s_32_1_1_U191                   | 3    |        | mul_ln39_3391 | mul       | auto     | 0       |
|   grp_fu_13582_p2                           |      |        | add_ln39_3377 | add       | fabric   | 0       |
|   add_ln39_3380_fu_21666_p2                 |      |        | add_ln39_3380 | add       | fabric   | 0       |
|   add_ln39_3383_fu_19477_p2                 |      |        | add_ln39_3383 | add       | fabric   | 0       |
|   grp_fu_14446_p2                           |      |        | add_ln39_3384 | add       | fabric   | 0       |
|   mul_32s_32s_32_1_1_U192                   | 3    |        | mul_ln39_3392 | mul       | auto     | 0       |
|   mul_32s_32s_32_1_1_U193                   | 3    |        | mul_ln39_3393 | mul       | auto     | 0       |
|   mul_32s_32s_32_1_1_U194                   | 3    |        | mul_ln39_3394 | mul       | auto     | 0       |
|   mul_32s_32s_32_1_1_U195                   | 3    |        | mul_ln39_3395 | mul       | auto     | 0       |
|   mul_32s_32s_32_1_1_U196                   | 3    |        | mul_ln39_3396 | mul       | auto     | 0       |
|   mul_32s_32s_32_1_1_U197                   | 3    |        | mul_ln39_3397 | mul       | auto     | 0       |
|   mul_32s_32s_32_1_1_U198                   | 3    |        | mul_ln39_3398 | mul       | auto     | 0       |
|   mul_32s_32s_32_1_1_U199                   | 3    |        | mul_ln39_3399 | mul       | auto     | 0       |
|   mul_32s_32s_32_1_1_U200                   | 3    |        | mul_ln39_3400 | mul       | auto     | 0       |
|   mul_32s_32s_32_1_1_U201                   | 3    |        | mul_ln39_3401 | mul       | auto     | 0       |
|   mul_32s_32s_32_1_1_U202                   | 3    |        | mul_ln39_3402 | mul       | auto     | 0       |
|   mul_32s_32s_32_1_1_U81                    | 3    |        | mul_ln39_3403 | mul       | auto     | 0       |
|   mul_32s_32s_32_1_1_U82                    | 3    |        | mul_ln39_3404 | mul       | auto     | 0       |
|   mul_32s_32s_32_1_1_U83                    | 3    |        | mul_ln39_3405 | mul       | auto     | 0       |
|   mul_32s_32s_32_1_1_U84                    | 3    |        | mul_ln39_3406 | mul       | auto     | 0       |
|   mul_32s_32s_32_1_1_U85                    | 3    |        | mul_ln39_3407 | mul       | auto     | 0       |
|   add_ln39_3393_fu_19518_p2                 |      |        | add_ln39_3393 | add       | fabric   | 0       |
|   add_ln39_3396_fu_19536_p2                 |      |        | add_ln39_3396 | add       | fabric   | 0       |
|   add_ln39_3399_fu_19554_p2                 |      |        | add_ln39_3399 | add       | fabric   | 0       |
|   add_ln39_3400_fu_19560_p2                 |      |        | add_ln39_3400 | add       | fabric   | 0       |
|   mul_32s_32s_32_1_1_U1191                  | 3    |        | mul_ln39_3408 | mul       | auto     | 0       |
|   mul_32s_32s_32_1_1_U1192                  | 3    |        | mul_ln39_3409 | mul       | auto     | 0       |
|   mul_32s_32s_32_1_1_U1193                  | 3    |        | mul_ln39_3410 | mul       | auto     | 0       |
|   mul_32s_32s_32_1_1_U1194                  | 3    |        | mul_ln39_3411 | mul       | auto     | 0       |
|   mul_32s_32s_32_1_1_U1195                  | 3    |        | mul_ln39_3412 | mul       | auto     | 0       |
|   mul_32s_32s_32_1_1_U1196                  | 3    |        | mul_ln39_3413 | mul       | auto     | 0       |
|   mul_32s_32s_32_1_1_U1197                  | 3    |        | mul_ln39_3414 | mul       | auto     | 0       |
|   mul_32s_32s_32_1_1_U1198                  | 3    |        | mul_ln39_3415 | mul       | auto     | 0       |
|   mul_32s_32s_32_1_1_U1199                  | 3    |        | mul_ln39_3416 | mul       | auto     | 0       |
|   mul_32s_32s_32_1_1_U1200                  | 3    |        | mul_ln39_3417 | mul       | auto     | 0       |
|   mul_32s_32s_32_1_1_U1201                  | 3    |        | mul_ln39_3418 | mul       | auto     | 0       |
|   mul_32s_32s_32_1_1_U1202                  | 3    |        | mul_ln39_3419 | mul       | auto     | 0       |
|   mul_32s_32s_32_1_1_U1203                  | 3    |        | mul_ln39_3420 | mul       | auto     | 0       |
|   mul_32s_32s_32_1_1_U590                   | 3    |        | mul_ln39_3421 | mul       | auto     | 0       |
|   mul_32s_32s_32_1_1_U591                   | 3    |        | mul_ln39_3422 | mul       | auto     | 0       |
|   mul_32s_32s_32_1_1_U592                   | 3    |        | mul_ln39_3423 | mul       | auto     | 0       |
|   add_ln39_3409_fu_28858_p2                 |      |        | add_ln39_3409 | add       | fabric   | 0       |
|   add_ln39_3412_fu_28876_p2                 |      |        | add_ln39_3412 | add       | fabric   | 0       |
|   add_ln39_3415_fu_28894_p2                 |      |        | add_ln39_3415 | add       | fabric   | 0       |
|   add_ln39_3416_fu_28900_p2                 |      |        | add_ln39_3416 | add       | fabric   | 0       |
|   mul_32s_32s_32_1_1_U86                    | 3    |        | mul_ln39_3424 | mul       | auto     | 0       |
|   mul_32s_32s_32_1_1_U87                    | 3    |        | mul_ln39_3425 | mul       | auto     | 0       |
|   mul_32s_32s_32_1_1_U88                    | 3    |        | mul_ln39_3426 | mul       | auto     | 0       |
|   mul_32s_32s_32_1_1_U203                   | 3    |        | mul_ln39_3427 | mul       | auto     | 0       |
|   mul_32s_32s_32_1_1_U204                   | 3    |        | mul_ln39_3428 | mul       | auto     | 0       |
|   mul_32s_32s_32_1_1_U205                   | 3    |        | mul_ln39_3429 | mul       | auto     | 0       |
|   mul_32s_32s_32_1_1_U206                   | 3    |        | mul_ln39_3430 | mul       | auto     | 0       |
|   mul_32s_32s_32_1_1_U207                   | 3    |        | mul_ln39_3431 | mul       | auto     | 0       |
|   mul_32s_32s_32_1_1_U208                   | 3    |        | mul_ln39_3432 | mul       | auto     | 0       |
|   mul_32s_32s_32_1_1_U209                   | 3    |        | mul_ln39_3433 | mul       | auto     | 0       |
|   mul_32s_32s_32_1_1_U210                   | 3    |        | mul_ln39_3434 | mul       | auto     | 0       |
|   mul_32s_32s_32_1_1_U211                   | 3    |        | mul_ln39_3435 | mul       | auto     | 0       |
|   mul_32s_32s_32_1_1_U212                   | 3    |        | mul_ln39_3436 | mul       | auto     | 0       |
|   mul_32s_32s_32_1_1_U89                    | 3    |        | mul_ln39_3437 | mul       | auto     | 0       |
|   mul_32s_32s_32_1_1_U90                    | 3    |        | mul_ln39_3438 | mul       | auto     | 0       |
|   mul_32s_32s_32_1_1_U91                    | 3    |        | mul_ln39_3439 | mul       | auto     | 0       |
|   add_ln39_3425_fu_18893_p2                 |      |        | add_ln39_3425 | add       | fabric   | 0       |
|   grp_fu_14464_p2                           |      |        | add_ln39_3428 | add       | fabric   | 0       |
|   grp_fu_14476_p2                           |      |        | add_ln39_3431 | add       | fabric   | 0       |
|   grp_fu_14482_p2                           |      |        | add_ln39_3432 | add       | fabric   | 0       |
|   mul_32s_32s_32_1_1_U213                   | 3    |        | mul_ln39_3440 | mul       | auto     | 0       |
|   mul_32s_32s_32_1_1_U214                   | 3    |        | mul_ln39_3441 | mul       | auto     | 0       |
|   mul_32s_32s_32_1_1_U215                   | 3    |        | mul_ln39_3442 | mul       | auto     | 0       |
|   mul_32s_32s_32_1_1_U216                   | 3    |        | mul_ln39_3443 | mul       | auto     | 0       |
|   mul_32s_32s_32_1_1_U217                   | 3    |        | mul_ln39_3444 | mul       | auto     | 0       |
|   mul_32s_32s_32_1_1_U218                   | 3    |        | mul_ln39_3445 | mul       | auto     | 0       |
|   mul_32s_32s_32_1_1_U219                   | 3    |        | mul_ln39_3446 | mul       | auto     | 0       |
|   mul_32s_32s_32_1_1_U220                   | 3    |        | mul_ln39_3447 | mul       | auto     | 0       |
|   mul_32s_32s_32_1_1_U221                   | 3    |        | mul_ln39_3448 | mul       | auto     | 0       |
|   mul_32s_32s_32_1_1_U222                   | 3    |        | mul_ln39_3449 | mul       | auto     | 0       |
|   mul_32s_32s_32_1_1_U223                   | 3    |        | mul_ln39_3450 | mul       | auto     | 0       |
|   mul_32s_32s_32_1_1_U224                   | 3    |        | mul_ln39_3451 | mul       | auto     | 0       |
|   mul_32s_32s_32_1_1_U225                   | 3    |        | mul_ln39_3452 | mul       | auto     | 0       |
|   mul_32s_32s_32_1_1_U92                    | 3    |        | mul_ln39_3453 | mul       | auto     | 0       |
|   mul_32s_32s_32_1_1_U93                    | 3    |        | mul_ln39_3454 | mul       | auto     | 0       |
|   mul_32s_32s_32_1_1_U94                    | 3    |        | mul_ln39_3455 | mul       | auto     | 0       |
|   add_ln39_3441_fu_19612_p2                 |      |        | add_ln39_3441 | add       | fabric   | 0       |
|   add_ln39_3444_fu_19630_p2                 |      |        | add_ln39_3444 | add       | fabric   | 0       |
|   add_ln39_3447_fu_19648_p2                 |      |        | add_ln39_3447 | add       | fabric   | 0       |
|   grp_fu_14500_p2                           |      |        | add_ln39_3448 | add       | fabric   | 0       |
|   mul_32s_32s_32_1_1_U95                    | 3    |        | mul_ln39_3456 | mul       | auto     | 0       |
|   mul_32s_32s_32_1_1_U96                    | 3    |        | mul_ln39_3457 | mul       | auto     | 0       |
|   mul_32s_32s_32_1_1_U97                    | 3    |        | mul_ln39_3458 | mul       | auto     | 0       |
|   mul_32s_32s_32_1_1_U1204                  | 3    |        | mul_ln39_3459 | mul       | auto     | 0       |
|   mul_32s_32s_32_1_1_U1205                  | 3    |        | mul_ln39_3460 | mul       | auto     | 0       |
|   mul_32s_32s_32_1_1_U1206                  | 3    |        | mul_ln39_3461 | mul       | auto     | 0       |
|   mul_32s_32s_32_1_1_U1207                  | 3    |        | mul_ln39_3462 | mul       | auto     | 0       |
|   mul_32s_32s_32_1_1_U1208                  | 3    |        | mul_ln39_3463 | mul       | auto     | 0       |
|   mul_32s_32s_32_1_1_U1209                  | 3    |        | mul_ln39_3464 | mul       | auto     | 0       |
|   mul_32s_32s_32_1_1_U1210                  | 3    |        | mul_ln39_3465 | mul       | auto     | 0       |
|   mul_32s_32s_32_1_1_U1211                  | 3    |        | mul_ln39_3466 | mul       | auto     | 0       |
|   mul_32s_32s_32_1_1_U1212                  | 3    |        | mul_ln39_3467 | mul       | auto     | 0       |
|   mul_32s_32s_32_1_1_U1213                  | 3    |        | mul_ln39_3468 | mul       | auto     | 0       |
|   mul_32s_32s_32_1_1_U593                   | 3    |        | mul_ln39_3469 | mul       | auto     | 0       |
|   mul_32s_32s_32_1_1_U594                   | 3    |        | mul_ln39_3470 | mul       | auto     | 0       |
|   mul_32s_32s_32_1_1_U595                   | 3    |        | mul_ln39_3471 | mul       | auto     | 0       |
|   grp_fu_13918_p2                           |      |        | add_ln39_3457 | add       | fabric   | 0       |
|   add_ln39_3460_fu_28941_p2                 |      |        | add_ln39_3460 | add       | fabric   | 0       |
|   add_ln39_3463_fu_28958_p2                 |      |        | add_ln39_3463 | add       | fabric   | 0       |
|   add_ln39_3464_fu_28964_p2                 |      |        | add_ln39_3464 | add       | fabric   | 0       |
|   mul_32s_32s_32_1_1_U1214                  | 3    |        | mul_ln39_3472 | mul       | auto     | 0       |
|   mul_32s_32s_32_1_1_U1215                  | 3    |        | mul_ln39_3473 | mul       | auto     | 0       |
|   mul_32s_32s_32_1_1_U1216                  | 3    |        | mul_ln39_3474 | mul       | auto     | 0       |
|   mul_32s_32s_32_1_1_U1217                  | 3    |        | mul_ln39_3475 | mul       | auto     | 0       |
|   mul_32s_32s_32_1_1_U1218                  | 3    |        | mul_ln39_3476 | mul       | auto     | 0       |
|   mul_32s_32s_32_1_1_U1219                  | 3    |        | mul_ln39_3477 | mul       | auto     | 0       |
|   mul_32s_32s_32_1_1_U1220                  | 3    |        | mul_ln39_3478 | mul       | auto     | 0       |
|   mul_32s_32s_32_1_1_U1221                  | 3    |        | mul_ln39_3479 | mul       | auto     | 0       |
|   mul_32s_32s_32_1_1_U1222                  | 3    |        | mul_ln39_3480 | mul       | auto     | 0       |
|   mul_32s_32s_32_1_1_U1223                  | 3    |        | mul_ln39_3481 | mul       | auto     | 0       |
|   mul_32s_32s_32_1_1_U1224                  | 3    |        | mul_ln39_3482 | mul       | auto     | 0       |
|   mul_32s_32s_32_1_1_U1225                  | 3    |        | mul_ln39_3483 | mul       | auto     | 0       |
|   mul_32s_32s_32_1_1_U1226                  | 3    |        | mul_ln39_3484 | mul       | auto     | 0       |
|   mul_32s_32s_32_1_1_U596                   | 3    |        | mul_ln39_3485 | mul       | auto     | 0       |
|   mul_32s_32s_32_1_1_U597                   | 3    |        | mul_ln39_3486 | mul       | auto     | 0       |
|   mul_32s_32s_32_1_1_U598                   | 3    |        | mul_ln39_3487 | mul       | auto     | 0       |
|   add_ln39_3473_fu_29004_p2                 |      |        | add_ln39_3473 | add       | fabric   | 0       |
|   add_ln39_3476_fu_29022_p2                 |      |        | add_ln39_3476 | add       | fabric   | 0       |
|   add_ln39_3479_fu_29040_p2                 |      |        | add_ln39_3479 | add       | fabric   | 0       |
|   add_ln39_3480_fu_29046_p2                 |      |        | add_ln39_3480 | add       | fabric   | 0       |
|   mul_32s_32s_32_1_1_U599                   | 3    |        | mul_ln39_3488 | mul       | auto     | 0       |
|   mul_32s_32s_32_1_1_U600                   | 3    |        | mul_ln39_3489 | mul       | auto     | 0       |
|   mul_32s_32s_32_1_1_U601                   | 3    |        | mul_ln39_3490 | mul       | auto     | 0       |
|   mul_32s_32s_32_1_1_U602                   | 3    |        | mul_ln39_3491 | mul       | auto     | 0       |
|   mul_32s_32s_32_1_1_U603                   | 3    |        | mul_ln39_3492 | mul       | auto     | 0       |
|   mul_32s_32s_32_1_1_U604                   | 3    |        | mul_ln39_3493 | mul       | auto     | 0       |
|   mul_32s_32s_32_1_1_U605                   | 3    |        | mul_ln39_3494 | mul       | auto     | 0       |
|   mul_32s_32s_32_1_1_U226                   | 3    |        | mul_ln39_3495 | mul       | auto     | 0       |
|   mul_32s_32s_32_1_1_U227                   | 3    |        | mul_ln39_3496 | mul       | auto     | 0       |
|   mul_32s_32s_32_1_1_U228                   | 3    |        | mul_ln39_3497 | mul       | auto     | 0       |
|   mul_32s_32s_32_1_1_U229                   | 3    |        | mul_ln39_3498 | mul       | auto     | 0       |
|   mul_32s_32s_32_1_1_U230                   | 3    |        | mul_ln39_3499 | mul       | auto     | 0       |
|   mul_32s_32s_32_1_1_U231                   | 3    |        | mul_ln39_3500 | mul       | auto     | 0       |
|   mul_32s_32s_32_1_1_U232                   | 3    |        | mul_ln39_3501 | mul       | auto     | 0       |
|   mul_32s_32s_32_1_1_U233                   | 3    |        | mul_ln39_3502 | mul       | auto     | 0       |
|   mul_32s_32s_32_1_1_U234                   | 3    |        | mul_ln39_3503 | mul       | auto     | 0       |
|   add_ln39_3489_fu_21730_p2                 |      |        | add_ln39_3489 | add       | fabric   | 0       |
|   add_ln39_3492_fu_21748_p2                 |      |        | add_ln39_3492 | add       | fabric   | 0       |
|   grp_fu_14506_p2                           |      |        | add_ln39_3495 | add       | fabric   | 0       |
|   grp_fu_14512_p2                           |      |        | add_ln39_3496 | add       | fabric   | 0       |
|   mul_32s_32s_32_1_1_U1227                  | 3    |        | mul_ln39_3504 | mul       | auto     | 0       |
|   mul_32s_32s_32_1_1_U1228                  | 3    |        | mul_ln39_3505 | mul       | auto     | 0       |
|   mul_32s_32s_32_1_1_U1229                  | 3    |        | mul_ln39_3506 | mul       | auto     | 0       |
|   mul_32s_32s_32_1_1_U1230                  | 3    |        | mul_ln39_3507 | mul       | auto     | 0       |
|   mul_32s_32s_32_1_1_U1231                  | 3    |        | mul_ln39_3508 | mul       | auto     | 0       |
|   mul_32s_32s_32_1_1_U1232                  | 3    |        | mul_ln39_3509 | mul       | auto     | 0       |
|   mul_32s_32s_32_1_1_U1233                  | 3    |        | mul_ln39_3510 | mul       | auto     | 0       |
|   mul_32s_32s_32_1_1_U1234                  | 3    |        | mul_ln39_3511 | mul       | auto     | 0       |
|   mul_32s_32s_32_1_1_U1235                  | 3    |        | mul_ln39_3512 | mul       | auto     | 0       |
|   mul_32s_32s_32_1_1_U1236                  | 3    |        | mul_ln39_3513 | mul       | auto     | 0       |
|   mul_32s_32s_32_1_1_U1237                  | 3    |        | mul_ln39_3514 | mul       | auto     | 0       |
|   mul_32s_32s_32_1_1_U1238                  | 3    |        | mul_ln39_3515 | mul       | auto     | 0       |
|   mul_32s_32s_32_1_1_U1239                  | 3    |        | mul_ln39_3516 | mul       | auto     | 0       |
|   mul_32s_32s_32_1_1_U606                   | 3    |        | mul_ln39_3517 | mul       | auto     | 0       |
|   mul_32s_32s_32_1_1_U607                   | 3    |        | mul_ln39_3518 | mul       | auto     | 0       |
|   mul_32s_32s_32_1_1_U608                   | 3    |        | mul_ln39_3519 | mul       | auto     | 0       |
|   add_ln39_3505_fu_29087_p2                 |      |        | add_ln39_3505 | add       | fabric   | 0       |
|   add_ln39_3508_fu_29105_p2                 |      |        | add_ln39_3508 | add       | fabric   | 0       |
|   add_ln39_3511_fu_29123_p2                 |      |        | add_ln39_3511 | add       | fabric   | 0       |
|   add_ln39_3512_fu_29129_p2                 |      |        | add_ln39_3512 | add       | fabric   | 0       |
|   mul_32s_32s_32_1_1_U98                    | 3    |        | mul_ln39_3520 | mul       | auto     | 0       |
|   mul_32s_32s_32_1_1_U99                    | 3    |        | mul_ln39_3521 | mul       | auto     | 0       |
|   mul_32s_32s_32_1_1_U100                   | 3    |        | mul_ln39_3522 | mul       | auto     | 0       |
|   mul_32s_32s_32_1_1_U235                   | 3    |        | mul_ln39_3523 | mul       | auto     | 0       |
|   mul_32s_32s_32_1_1_U236                   | 3    |        | mul_ln39_3524 | mul       | auto     | 0       |
|   mul_32s_32s_32_1_1_U237                   | 3    |        | mul_ln39_3525 | mul       | auto     | 0       |
|   mul_32s_32s_32_1_1_U238                   | 3    |        | mul_ln39_3526 | mul       | auto     | 0       |
|   mul_32s_32s_32_1_1_U239                   | 3    |        | mul_ln39_3527 | mul       | auto     | 0       |
|   mul_32s_32s_32_1_1_U240                   | 3    |        | mul_ln39_3528 | mul       | auto     | 0       |
|   mul_32s_32s_32_1_1_U241                   | 3    |        | mul_ln39_3529 | mul       | auto     | 0       |
|   mul_32s_32s_32_1_1_U242                   | 3    |        | mul_ln39_3530 | mul       | auto     | 0       |
|   mul_32s_32s_32_1_1_U101                   | 3    |        | mul_ln39_3531 | mul       | auto     | 0       |
|   mul_32s_32s_32_1_1_U102                   | 3    |        | mul_ln39_3532 | mul       | auto     | 0       |
|   mul_32s_32s_32_1_1_U103                   | 3    |        | mul_ln39_3533 | mul       | auto     | 0       |
|   mul_32s_32s_32_1_1_U104                   | 3    |        | mul_ln39_3534 | mul       | auto     | 0       |
|   mul_32s_32s_32_1_1_U105                   | 3    |        | mul_ln39_3535 | mul       | auto     | 0       |
|   add_ln39_3521_fu_18910_p2                 |      |        | add_ln39_3521 | add       | fabric   | 0       |
|   grp_fu_14536_p2                           |      |        | add_ln39_3524 | add       | fabric   | 0       |
|   grp_fu_14548_p2                           |      |        | add_ln39_3527 | add       | fabric   | 0       |
|   grp_fu_14554_p2                           |      |        | add_ln39_3528 | add       | fabric   | 0       |
|   mul_32s_32s_32_1_1_U1240                  | 3    |        | mul_ln39_3536 | mul       | auto     | 0       |
|   mul_32s_32s_32_1_1_U1241                  | 3    |        | mul_ln39_3537 | mul       | auto     | 0       |
|   mul_32s_32s_32_1_1_U1242                  | 3    |        | mul_ln39_3538 | mul       | auto     | 0       |
|   mul_32s_32s_32_1_1_U1243                  | 3    |        | mul_ln39_3539 | mul       | auto     | 0       |
|   mul_32s_32s_32_1_1_U1244                  | 3    |        | mul_ln39_3540 | mul       | auto     | 0       |
|   mul_32s_32s_32_1_1_U1245                  | 3    |        | mul_ln39_3541 | mul       | auto     | 0       |
|   mul_32s_32s_32_1_1_U1246                  | 3    |        | mul_ln39_3542 | mul       | auto     | 0       |
|   mul_32s_32s_32_1_1_U1247                  | 3    |        | mul_ln39_3543 | mul       | auto     | 0       |
|   mul_32s_32s_32_1_1_U1248                  | 3    |        | mul_ln39_3544 | mul       | auto     | 0       |
|   mul_32s_32s_32_1_1_U1249                  | 3    |        | mul_ln39_3545 | mul       | auto     | 0       |
|   mul_32s_32s_32_1_1_U1250                  | 3    |        | mul_ln39_3546 | mul       | auto     | 0       |
|   mul_32s_32s_32_1_1_U1251                  | 3    |        | mul_ln39_3547 | mul       | auto     | 0       |
|   mul_32s_32s_32_1_1_U1252                  | 3    |        | mul_ln39_3548 | mul       | auto     | 0       |
|   mul_32s_32s_32_1_1_U609                   | 3    |        | mul_ln39_3549 | mul       | auto     | 0       |
|   mul_32s_32s_32_1_1_U610                   | 3    |        | mul_ln39_3550 | mul       | auto     | 0       |
|   mul_32s_32s_32_1_1_U611                   | 3    |        | mul_ln39_3551 | mul       | auto     | 0       |
|   add_ln39_3537_fu_29169_p2                 |      |        | add_ln39_3537 | add       | fabric   | 0       |
|   add_ln39_3540_fu_29187_p2                 |      |        | add_ln39_3540 | add       | fabric   | 0       |
|   add_ln39_3543_fu_29205_p2                 |      |        | add_ln39_3543 | add       | fabric   | 0       |
|   add_ln39_3544_fu_29211_p2                 |      |        | add_ln39_3544 | add       | fabric   | 0       |
|   mul_32s_32s_32_1_1_U155                   | 3    |        | mul_ln39_3552 | mul       | auto     | 0       |
|   mul_32s_32s_32_1_1_U156                   | 3    |        | mul_ln39_3553 | mul       | auto     | 0       |
|   mul_32s_32s_32_1_1_U157                   | 3    |        | mul_ln39_3554 | mul       | auto     | 0       |
|   mul_32s_32s_32_1_1_U235                   | 3    |        | mul_ln39_3555 | mul       | auto     | 0       |
|   mul_32s_32s_32_1_1_U236                   | 3    |        | mul_ln39_3556 | mul       | auto     | 0       |
|   mul_32s_32s_32_1_1_U237                   | 3    |        | mul_ln39_3557 | mul       | auto     | 0       |
|   mul_32s_32s_32_1_1_U238                   | 3    |        | mul_ln39_3558 | mul       | auto     | 0       |
|   mul_32s_32s_32_1_1_U239                   | 3    |        | mul_ln39_3559 | mul       | auto     | 0       |
|   mul_32s_32s_32_1_1_U240                   | 3    |        | mul_ln39_3560 | mul       | auto     | 0       |
|   mul_32s_32s_32_1_1_U241                   | 3    |        | mul_ln39_3561 | mul       | auto     | 0       |
|   mul_32s_32s_32_1_1_U242                   | 3    |        | mul_ln39_3562 | mul       | auto     | 0       |
|   mul_32s_32s_32_1_1_U158                   | 3    |        | mul_ln39_3563 | mul       | auto     | 0       |
|   mul_32s_32s_32_1_1_U159                   | 3    |        | mul_ln39_3564 | mul       | auto     | 0       |
|   mul_32s_32s_32_1_1_U160                   | 3    |        | mul_ln39_3565 | mul       | auto     | 0       |
|   mul_32s_32s_32_1_1_U161                   | 3    |        | mul_ln39_3566 | mul       | auto     | 0       |
|   mul_32s_32s_32_1_1_U162                   | 3    |        | mul_ln39_3567 | mul       | auto     | 0       |
|   add_ln39_3553_fu_30694_p2                 |      |        | add_ln39_3553 | add       | fabric   | 0       |
|   grp_fu_14536_p2                           |      |        | add_ln39_3556 | add       | fabric   | 0       |
|   grp_fu_14548_p2                           |      |        | add_ln39_3559 | add       | fabric   | 0       |
|   grp_fu_14554_p2                           |      |        | add_ln39_3560 | add       | fabric   | 0       |
|   mul_32s_32s_32_1_1_U243                   | 3    |        | mul_ln39_3568 | mul       | auto     | 0       |
|   mul_32s_32s_32_1_1_U244                   | 3    |        | mul_ln39_3569 | mul       | auto     | 0       |
|   mul_32s_32s_32_1_1_U245                   | 3    |        | mul_ln39_3570 | mul       | auto     | 0       |
|   mul_32s_32s_32_1_1_U246                   | 3    |        | mul_ln39_3571 | mul       | auto     | 0       |
|   mul_32s_32s_32_1_1_U247                   | 3    |        | mul_ln39_3572 | mul       | auto     | 0       |
|   mul_32s_32s_32_1_1_U248                   | 3    |        | mul_ln39_3573 | mul       | auto     | 0       |
|   mul_32s_32s_32_1_1_U249                   | 3    |        | mul_ln39_3574 | mul       | auto     | 0       |
|   mul_32s_32s_32_1_1_U250                   | 3    |        | mul_ln39_3575 | mul       | auto     | 0       |
|   mul_32s_32s_32_1_1_U143                   | 3    |        | mul_ln39_3576 | mul       | auto     | 0       |
|   mul_32s_32s_32_1_1_U144                   | 3    |        | mul_ln39_3577 | mul       | auto     | 0       |
|   mul_32s_32s_32_1_1_U145                   | 3    |        | mul_ln39_3578 | mul       | auto     | 0       |
|   mul_32s_32s_32_1_1_U146                   | 3    |        | mul_ln39_3579 | mul       | auto     | 0       |
|   mul_32s_32s_32_1_1_U147                   | 3    |        | mul_ln39_3580 | mul       | auto     | 0       |
|   mul_32s_32s_32_1_1_U148                   | 3    |        | mul_ln39_3581 | mul       | auto     | 0       |
|   mul_32s_32s_32_1_1_U149                   | 3    |        | mul_ln39_3582 | mul       | auto     | 0       |
|   mul_32s_32s_32_1_1_U150                   | 3    |        | mul_ln39_3583 | mul       | auto     | 0       |
|   add_ln39_3569_fu_31785_p2                 |      |        | add_ln39_3569 | add       | fabric   | 0       |
|   add_ln39_3572_fu_31791_p2                 |      |        | add_ln39_3572 | add       | fabric   | 0       |
|   add_ln39_3575_fu_32591_p2                 |      |        | add_ln39_3575 | add       | fabric   | 0       |
|   grp_fu_14026_p2                           |      |        | add_ln39_3576 | add       | fabric   | 0       |
|   mul_32s_32s_32_1_1_U612                   | 3    |        | mul_ln39_3584 | mul       | auto     | 0       |
|   mul_32s_32s_32_1_1_U613                   | 3    |        | mul_ln39_3585 | mul       | auto     | 0       |
|   mul_32s_32s_32_1_1_U614                   | 3    |        | mul_ln39_3586 | mul       | auto     | 0       |
|   mul_32s_32s_32_1_1_U1253                  | 3    |        | mul_ln39_3587 | mul       | auto     | 0       |
|   mul_32s_32s_32_1_1_U1254                  | 3    |        | mul_ln39_3588 | mul       | auto     | 0       |
|   mul_32s_32s_32_1_1_U1255                  | 3    |        | mul_ln39_3589 | mul       | auto     | 0       |
|   mul_32s_32s_32_1_1_U1256                  | 3    |        | mul_ln39_3590 | mul       | auto     | 0       |
|   mul_32s_32s_32_1_1_U1257                  | 3    |        | mul_ln39_3591 | mul       | auto     | 0       |
|   mul_32s_32s_32_1_1_U1258                  | 3    |        | mul_ln39_3592 | mul       | auto     | 0       |
|   mul_32s_32s_32_1_1_U1259                  | 3    |        | mul_ln39_3593 | mul       | auto     | 0       |
|   mul_32s_32s_32_1_1_U1260                  | 3    |        | mul_ln39_3594 | mul       | auto     | 0       |
|   mul_32s_32s_32_1_1_U1261                  | 3    |        | mul_ln39_3595 | mul       | auto     | 0       |
|   mul_32s_32s_32_1_1_U1262                  | 3    |        | mul_ln39_3596 | mul       | auto     | 0       |
|   mul_32s_32s_32_1_1_U615                   | 3    |        | mul_ln39_3597 | mul       | auto     | 0       |
|   mul_32s_32s_32_1_1_U616                   | 3    |        | mul_ln39_3598 | mul       | auto     | 0       |
|   mul_32s_32s_32_1_1_U617                   | 3    |        | mul_ln39_3599 | mul       | auto     | 0       |
|   add_ln39_3585_fu_21794_p2                 |      |        | add_ln39_3585 | add       | fabric   | 0       |
|   add_ln39_3588_fu_29252_p2                 |      |        | add_ln39_3588 | add       | fabric   | 0       |
|   add_ln39_3591_fu_29269_p2                 |      |        | add_ln39_3591 | add       | fabric   | 0       |
|   add_ln39_3592_fu_29275_p2                 |      |        | add_ln39_3592 | add       | fabric   | 0       |
|   mul_32s_32s_32_1_1_U618                   | 3    |        | mul_ln39_3600 | mul       | auto     | 0       |
|   mul_32s_32s_32_1_1_U619                   | 3    |        | mul_ln39_3601 | mul       | auto     | 0       |
|   mul_32s_32s_32_1_1_U620                   | 3    |        | mul_ln39_3602 | mul       | auto     | 0       |
|   mul_32s_32s_32_1_1_U1263                  | 3    |        | mul_ln39_3603 | mul       | auto     | 0       |
|   mul_32s_32s_32_1_1_U1264                  | 3    |        | mul_ln39_3604 | mul       | auto     | 0       |
|   mul_32s_32s_32_1_1_U1265                  | 3    |        | mul_ln39_3605 | mul       | auto     | 0       |
|   mul_32s_32s_32_1_1_U1266                  | 3    |        | mul_ln39_3606 | mul       | auto     | 0       |
|   mul_32s_32s_32_1_1_U1267                  | 3    |        | mul_ln39_3607 | mul       | auto     | 0       |
|   mul_32s_32s_32_1_1_U1268                  | 3    |        | mul_ln39_3608 | mul       | auto     | 0       |
|   mul_32s_32s_32_1_1_U1269                  | 3    |        | mul_ln39_3609 | mul       | auto     | 0       |
|   mul_32s_32s_32_1_1_U1270                  | 3    |        | mul_ln39_3610 | mul       | auto     | 0       |
|   mul_32s_32s_32_1_1_U1271                  | 3    |        | mul_ln39_3611 | mul       | auto     | 0       |
|   mul_32s_32s_32_1_1_U1272                  | 3    |        | mul_ln39_3612 | mul       | auto     | 0       |
|   mul_32s_32s_32_1_1_U621                   | 3    |        | mul_ln39_3613 | mul       | auto     | 0       |
|   mul_32s_32s_32_1_1_U622                   | 3    |        | mul_ln39_3614 | mul       | auto     | 0       |
|   mul_32s_32s_32_1_1_U623                   | 3    |        | mul_ln39_3615 | mul       | auto     | 0       |
|   add_ln39_3601_fu_21824_p2                 |      |        | add_ln39_3601 | add       | fabric   | 0       |
|   add_ln39_3604_fu_29316_p2                 |      |        | add_ln39_3604 | add       | fabric   | 0       |
|   add_ln39_3607_fu_29333_p2                 |      |        | add_ln39_3607 | add       | fabric   | 0       |
|   add_ln39_3608_fu_29339_p2                 |      |        | add_ln39_3608 | add       | fabric   | 0       |
|   mul_32s_32s_32_1_1_U1273                  | 3    |        | mul_ln39_3616 | mul       | auto     | 0       |
|   mul_32s_32s_32_1_1_U1274                  | 3    |        | mul_ln39_3617 | mul       | auto     | 0       |
|   mul_32s_32s_32_1_1_U1275                  | 3    |        | mul_ln39_3618 | mul       | auto     | 0       |
|   mul_32s_32s_32_1_1_U1276                  | 3    |        | mul_ln39_3619 | mul       | auto     | 0       |
|   mul_32s_32s_32_1_1_U1277                  | 3    |        | mul_ln39_3620 | mul       | auto     | 0       |
|   mul_32s_32s_32_1_1_U1278                  | 3    |        | mul_ln39_3621 | mul       | auto     | 0       |
|   mul_32s_32s_32_1_1_U1279                  | 3    |        | mul_ln39_3622 | mul       | auto     | 0       |
|   mul_32s_32s_32_1_1_U1280                  | 3    |        | mul_ln39_3623 | mul       | auto     | 0       |
|   mul_32s_32s_32_1_1_U1281                  | 3    |        | mul_ln39_3624 | mul       | auto     | 0       |
|   mul_32s_32s_32_1_1_U1282                  | 3    |        | mul_ln39_3625 | mul       | auto     | 0       |
|   mul_32s_32s_32_1_1_U1283                  | 3    |        | mul_ln39_3626 | mul       | auto     | 0       |
|   mul_32s_32s_32_1_1_U1284                  | 3    |        | mul_ln39_3627 | mul       | auto     | 0       |
|   mul_32s_32s_32_1_1_U1285                  | 3    |        | mul_ln39_3628 | mul       | auto     | 0       |
|   mul_32s_32s_32_1_1_U624                   | 3    |        | mul_ln39_3629 | mul       | auto     | 0       |
|   mul_32s_32s_32_1_1_U625                   | 3    |        | mul_ln39_3630 | mul       | auto     | 0       |
|   mul_32s_32s_32_1_1_U626                   | 3    |        | mul_ln39_3631 | mul       | auto     | 0       |
|   add_ln39_3617_fu_29380_p2                 |      |        | add_ln39_3617 | add       | fabric   | 0       |
|   add_ln39_3620_fu_29398_p2                 |      |        | add_ln39_3620 | add       | fabric   | 0       |
|   add_ln39_3623_fu_29416_p2                 |      |        | add_ln39_3623 | add       | fabric   | 0       |
|   add_ln39_3624_fu_29422_p2                 |      |        | add_ln39_3624 | add       | fabric   | 0       |
|   mul_32s_32s_32_1_1_U627                   | 3    |        | mul_ln39_3632 | mul       | auto     | 0       |
|   mul_32s_32s_32_1_1_U628                   | 3    |        | mul_ln39_3633 | mul       | auto     | 0       |
|   mul_32s_32s_32_1_1_U629                   | 3    |        | mul_ln39_3634 | mul       | auto     | 0       |
|   mul_32s_32s_32_1_1_U1286                  | 3    |        | mul_ln39_3635 | mul       | auto     | 0       |
|   mul_32s_32s_32_1_1_U1287                  | 3    |        | mul_ln39_3636 | mul       | auto     | 0       |
|   mul_32s_32s_32_1_1_U1288                  | 3    |        | mul_ln39_3637 | mul       | auto     | 0       |
|   mul_32s_32s_32_1_1_U1289                  | 3    |        | mul_ln39_3638 | mul       | auto     | 0       |
|   mul_32s_32s_32_1_1_U1290                  | 3    |        | mul_ln39_3639 | mul       | auto     | 0       |
|   mul_32s_32s_32_1_1_U1291                  | 3    |        | mul_ln39_3640 | mul       | auto     | 0       |
|   mul_32s_32s_32_1_1_U1292                  | 3    |        | mul_ln39_3641 | mul       | auto     | 0       |
|   mul_32s_32s_32_1_1_U1293                  | 3    |        | mul_ln39_3642 | mul       | auto     | 0       |
|   mul_32s_32s_32_1_1_U630                   | 3    |        | mul_ln39_3643 | mul       | auto     | 0       |
|   mul_32s_32s_32_1_1_U631                   | 3    |        | mul_ln39_3644 | mul       | auto     | 0       |
|   mul_32s_32s_32_1_1_U632                   | 3    |        | mul_ln39_3645 | mul       | auto     | 0       |
|   mul_32s_32s_32_1_1_U633                   | 3    |        | mul_ln39_3646 | mul       | auto     | 0       |
|   mul_32s_32s_32_1_1_U634                   | 3    |        | mul_ln39_3647 | mul       | auto     | 0       |
|   grp_fu_14944_p2                           |      |        | add_ln39_3633 | add       | fabric   | 0       |
|   add_ln39_3636_fu_29463_p2                 |      |        | add_ln39_3636 | add       | fabric   | 0       |
|   add_ln39_3639_fu_29480_p2                 |      |        | add_ln39_3639 | add       | fabric   | 0       |
|   add_ln39_3640_fu_29486_p2                 |      |        | add_ln39_3640 | add       | fabric   | 0       |
|   mul_32s_32s_32_1_1_U1294                  | 3    |        | mul_ln39_3648 | mul       | auto     | 0       |
|   mul_32s_32s_32_1_1_U1295                  | 3    |        | mul_ln39_3649 | mul       | auto     | 0       |
|   mul_32s_32s_32_1_1_U1296                  | 3    |        | mul_ln39_3650 | mul       | auto     | 0       |
|   mul_32s_32s_32_1_1_U1297                  | 3    |        | mul_ln39_3651 | mul       | auto     | 0       |
|   mul_32s_32s_32_1_1_U1298                  | 3    |        | mul_ln39_3652 | mul       | auto     | 0       |
|   mul_32s_32s_32_1_1_U1299                  | 3    |        | mul_ln39_3653 | mul       | auto     | 0       |
|   mul_32s_32s_32_1_1_U1300                  | 3    |        | mul_ln39_3654 | mul       | auto     | 0       |
|   mul_32s_32s_32_1_1_U1301                  | 3    |        | mul_ln39_3655 | mul       | auto     | 0       |
|   mul_32s_32s_32_1_1_U1302                  | 3    |        | mul_ln39_3656 | mul       | auto     | 0       |
|   mul_32s_32s_32_1_1_U1303                  | 3    |        | mul_ln39_3657 | mul       | auto     | 0       |
|   mul_32s_32s_32_1_1_U1304                  | 3    |        | mul_ln39_3658 | mul       | auto     | 0       |
|   mul_32s_32s_32_1_1_U635                   | 3    |        | mul_ln39_3659 | mul       | auto     | 0       |
|   mul_32s_32s_32_1_1_U636                   | 3    |        | mul_ln39_3660 | mul       | auto     | 0       |
|   mul_32s_32s_32_1_1_U637                   | 3    |        | mul_ln39_3661 | mul       | auto     | 0       |
|   mul_32s_32s_32_1_1_U638                   | 3    |        | mul_ln39_3662 | mul       | auto     | 0       |
|   mul_32s_32s_32_1_1_U639                   | 3    |        | mul_ln39_3663 | mul       | auto     | 0       |
|   add_ln39_3649_fu_29514_p2                 |      |        | add_ln39_3649 | add       | fabric   | 0       |
|   add_ln39_3652_fu_29532_p2                 |      |        | add_ln39_3652 | add       | fabric   | 0       |
|   add_ln39_3655_fu_29550_p2                 |      |        | add_ln39_3655 | add       | fabric   | 0       |
|   add_ln39_3656_fu_29556_p2                 |      |        | add_ln39_3656 | add       | fabric   | 0       |
|   mul_32s_32s_32_1_1_U1305                  | 3    |        | mul_ln39_3664 | mul       | auto     | 0       |
|   mul_32s_32s_32_1_1_U1306                  | 3    |        | mul_ln39_3665 | mul       | auto     | 0       |
|   mul_32s_32s_32_1_1_U1307                  | 3    |        | mul_ln39_3666 | mul       | auto     | 0       |
|   mul_32s_32s_32_1_1_U1308                  | 3    |        | mul_ln39_3667 | mul       | auto     | 0       |
|   mul_32s_32s_32_1_1_U1309                  | 3    |        | mul_ln39_3668 | mul       | auto     | 0       |
|   mul_32s_32s_32_1_1_U1310                  | 3    |        | mul_ln39_3669 | mul       | auto     | 0       |
|   mul_32s_32s_32_1_1_U1311                  | 3    |        | mul_ln39_3670 | mul       | auto     | 0       |
|   mul_32s_32s_32_1_1_U1312                  | 3    |        | mul_ln39_3671 | mul       | auto     | 0       |
|   mul_32s_32s_32_1_1_U1313                  | 3    |        | mul_ln39_3672 | mul       | auto     | 0       |
|   mul_32s_32s_32_1_1_U1314                  | 3    |        | mul_ln39_3673 | mul       | auto     | 0       |
|   mul_32s_32s_32_1_1_U1315                  | 3    |        | mul_ln39_3674 | mul       | auto     | 0       |
|   mul_32s_32s_32_1_1_U1316                  | 3    |        | mul_ln39_3675 | mul       | auto     | 0       |
|   mul_32s_32s_32_1_1_U1317                  | 3    |        | mul_ln39_3676 | mul       | auto     | 0       |
|   mul_32s_32s_32_1_1_U640                   | 3    |        | mul_ln39_3677 | mul       | auto     | 0       |
|   mul_32s_32s_32_1_1_U641                   | 3    |        | mul_ln39_3678 | mul       | auto     | 0       |
|   mul_32s_32s_32_1_1_U642                   | 3    |        | mul_ln39_3679 | mul       | auto     | 0       |
|   add_ln39_3665_fu_29585_p2                 |      |        | add_ln39_3665 | add       | fabric   | 0       |
|   add_ln39_3668_fu_29603_p2                 |      |        | add_ln39_3668 | add       | fabric   | 0       |
|   add_ln39_3671_fu_29621_p2                 |      |        | add_ln39_3671 | add       | fabric   | 0       |
|   add_ln39_3672_fu_29627_p2                 |      |        | add_ln39_3672 | add       | fabric   | 0       |
|   mul_32s_32s_32_1_1_U1318                  | 3    |        | mul_ln39_3680 | mul       | auto     | 0       |
|   mul_32s_32s_32_1_1_U1319                  | 3    |        | mul_ln39_3681 | mul       | auto     | 0       |
|   mul_32s_32s_32_1_1_U1320                  | 3    |        | mul_ln39_3682 | mul       | auto     | 0       |
|   mul_32s_32s_32_1_1_U1321                  | 3    |        | mul_ln39_3683 | mul       | auto     | 0       |
|   mul_32s_32s_32_1_1_U1322                  | 3    |        | mul_ln39_3684 | mul       | auto     | 0       |
|   mul_32s_32s_32_1_1_U1323                  | 3    |        | mul_ln39_3685 | mul       | auto     | 0       |
|   mul_32s_32s_32_1_1_U1324                  | 3    |        | mul_ln39_3686 | mul       | auto     | 0       |
|   mul_32s_32s_32_1_1_U1325                  | 3    |        | mul_ln39_3687 | mul       | auto     | 0       |
|   mul_32s_32s_32_1_1_U1326                  | 3    |        | mul_ln39_3688 | mul       | auto     | 0       |
|   mul_32s_32s_32_1_1_U1327                  | 3    |        | mul_ln39_3689 | mul       | auto     | 0       |
|   mul_32s_32s_32_1_1_U1328                  | 3    |        | mul_ln39_3690 | mul       | auto     | 0       |
|   mul_32s_32s_32_1_1_U643                   | 3    |        | mul_ln39_3691 | mul       | auto     | 0       |
|   mul_32s_32s_32_1_1_U644                   | 3    |        | mul_ln39_3692 | mul       | auto     | 0       |
|   mul_32s_32s_32_1_1_U645                   | 3    |        | mul_ln39_3693 | mul       | auto     | 0       |
|   mul_32s_32s_32_1_1_U646                   | 3    |        | mul_ln39_3694 | mul       | auto     | 0       |
|   mul_32s_32s_32_1_1_U647                   | 3    |        | mul_ln39_3695 | mul       | auto     | 0       |
|   add_ln39_3681_fu_29668_p2                 |      |        | add_ln39_3681 | add       | fabric   | 0       |
|   add_ln39_3684_fu_29686_p2                 |      |        | add_ln39_3684 | add       | fabric   | 0       |
|   add_ln39_3687_fu_29704_p2                 |      |        | add_ln39_3687 | add       | fabric   | 0       |
|   add_ln39_3688_fu_29710_p2                 |      |        | add_ln39_3688 | add       | fabric   | 0       |
|   mul_32s_32s_32_1_1_U648                   | 3    |        | mul_ln39_3696 | mul       | auto     | 0       |
|   mul_32s_32s_32_1_1_U649                   | 3    |        | mul_ln39_3697 | mul       | auto     | 0       |
|   mul_32s_32s_32_1_1_U650                   | 3    |        | mul_ln39_3698 | mul       | auto     | 0       |
|   mul_32s_32s_32_1_1_U1329                  | 3    |        | mul_ln39_3699 | mul       | auto     | 0       |
|   mul_32s_32s_32_1_1_U1330                  | 3    |        | mul_ln39_3700 | mul       | auto     | 0       |
|   mul_32s_32s_32_1_1_U1331                  | 3    |        | mul_ln39_3701 | mul       | auto     | 0       |
|   mul_32s_32s_32_1_1_U1332                  | 3    |        | mul_ln39_3702 | mul       | auto     | 0       |
|   mul_32s_32s_32_1_1_U1333                  | 3    |        | mul_ln39_3703 | mul       | auto     | 0       |
|   mul_32s_32s_32_1_1_U1334                  | 3    |        | mul_ln39_3704 | mul       | auto     | 0       |
|   mul_32s_32s_32_1_1_U1335                  | 3    |        | mul_ln39_3705 | mul       | auto     | 0       |
|   mul_32s_32s_32_1_1_U1336                  | 3    |        | mul_ln39_3706 | mul       | auto     | 0       |
|   mul_32s_32s_32_1_1_U651                   | 3    |        | mul_ln39_3707 | mul       | auto     | 0       |
|   mul_32s_32s_32_1_1_U652                   | 3    |        | mul_ln39_3708 | mul       | auto     | 0       |
|   mul_32s_32s_32_1_1_U653                   | 3    |        | mul_ln39_3709 | mul       | auto     | 0       |
|   mul_32s_32s_32_1_1_U654                   | 3    |        | mul_ln39_3710 | mul       | auto     | 0       |
|   mul_32s_32s_32_1_1_U655                   | 3    |        | mul_ln39_3711 | mul       | auto     | 0       |
|   add_ln39_3697_fu_21950_p2                 |      |        | add_ln39_3697 | add       | fabric   | 0       |
|   add_ln39_3700_fu_29739_p2                 |      |        | add_ln39_3700 | add       | fabric   | 0       |
|   add_ln39_3703_fu_29756_p2                 |      |        | add_ln39_3703 | add       | fabric   | 0       |
|   add_ln39_3704_fu_29762_p2                 |      |        | add_ln39_3704 | add       | fabric   | 0       |
|   mul_32s_32s_32_1_1_U1337                  | 3    |        | mul_ln39_3712 | mul       | auto     | 0       |
|   mul_32s_32s_32_1_1_U1338                  | 3    |        | mul_ln39_3713 | mul       | auto     | 0       |
|   mul_32s_32s_32_1_1_U1339                  | 3    |        | mul_ln39_3714 | mul       | auto     | 0       |
|   mul_32s_32s_32_1_1_U1340                  | 3    |        | mul_ln39_3715 | mul       | auto     | 0       |
|   mul_32s_32s_32_1_1_U1341                  | 3    |        | mul_ln39_3716 | mul       | auto     | 0       |
|   mul_32s_32s_32_1_1_U1342                  | 3    |        | mul_ln39_3717 | mul       | auto     | 0       |
|   mul_32s_32s_32_1_1_U1343                  | 3    |        | mul_ln39_3718 | mul       | auto     | 0       |
|   mul_32s_32s_32_1_1_U1344                  | 3    |        | mul_ln39_3719 | mul       | auto     | 0       |
|   mul_32s_32s_32_1_1_U1345                  | 3    |        | mul_ln39_3720 | mul       | auto     | 0       |
|   mul_32s_32s_32_1_1_U1346                  | 3    |        | mul_ln39_3721 | mul       | auto     | 0       |
|   mul_32s_32s_32_1_1_U1347                  | 3    |        | mul_ln39_3722 | mul       | auto     | 0       |
|   mul_32s_32s_32_1_1_U656                   | 3    |        | mul_ln39_3723 | mul       | auto     | 0       |
|   mul_32s_32s_32_1_1_U657                   | 3    |        | mul_ln39_3724 | mul       | auto     | 0       |
|   mul_32s_32s_32_1_1_U658                   | 3    |        | mul_ln39_3725 | mul       | auto     | 0       |
|   mul_32s_32s_32_1_1_U659                   | 3    |        | mul_ln39_3726 | mul       | auto     | 0       |
|   mul_32s_32s_32_1_1_U660                   | 3    |        | mul_ln39_3727 | mul       | auto     | 0       |
|   add_ln39_3713_fu_29791_p2                 |      |        | add_ln39_3713 | add       | fabric   | 0       |
|   add_ln39_3716_fu_29809_p2                 |      |        | add_ln39_3716 | add       | fabric   | 0       |
|   add_ln39_3719_fu_29827_p2                 |      |        | add_ln39_3719 | add       | fabric   | 0       |
|   add_ln39_3720_fu_29833_p2                 |      |        | add_ln39_3720 | add       | fabric   | 0       |
|   mul_32s_32s_32_1_1_U1348                  | 3    |        | mul_ln39_3728 | mul       | auto     | 0       |
|   mul_32s_32s_32_1_1_U1349                  | 3    |        | mul_ln39_3729 | mul       | auto     | 0       |
|   mul_32s_32s_32_1_1_U1350                  | 3    |        | mul_ln39_3730 | mul       | auto     | 0       |
|   mul_32s_32s_32_1_1_U1351                  | 3    |        | mul_ln39_3731 | mul       | auto     | 0       |
|   mul_32s_32s_32_1_1_U1352                  | 3    |        | mul_ln39_3732 | mul       | auto     | 0       |
|   mul_32s_32s_32_1_1_U1353                  | 3    |        | mul_ln39_3733 | mul       | auto     | 0       |
|   mul_32s_32s_32_1_1_U1354                  | 3    |        | mul_ln39_3734 | mul       | auto     | 0       |
|   mul_32s_32s_32_1_1_U1355                  | 3    |        | mul_ln39_3735 | mul       | auto     | 0       |
|   mul_32s_32s_32_1_1_U1356                  | 3    |        | mul_ln39_3736 | mul       | auto     | 0       |
|   mul_32s_32s_32_1_1_U1357                  | 3    |        | mul_ln39_3737 | mul       | auto     | 0       |
|   mul_32s_32s_32_1_1_U1358                  | 3    |        | mul_ln39_3738 | mul       | auto     | 0       |
|   mul_32s_32s_32_1_1_U661                   | 3    |        | mul_ln39_3739 | mul       | auto     | 0       |
|   mul_32s_32s_32_1_1_U662                   | 3    |        | mul_ln39_3740 | mul       | auto     | 0       |
|   mul_32s_32s_32_1_1_U663                   | 3    |        | mul_ln39_3741 | mul       | auto     | 0       |
|   mul_32s_32s_32_1_1_U664                   | 3    |        | mul_ln39_3742 | mul       | auto     | 0       |
|   mul_32s_32s_32_1_1_U665                   | 3    |        | mul_ln39_3743 | mul       | auto     | 0       |
|   add_ln39_3729_fu_29861_p2                 |      |        | add_ln39_3729 | add       | fabric   | 0       |
|   add_ln39_3732_fu_29879_p2                 |      |        | add_ln39_3732 | add       | fabric   | 0       |
|   add_ln39_3735_fu_29897_p2                 |      |        | add_ln39_3735 | add       | fabric   | 0       |
|   add_ln39_3736_fu_29903_p2                 |      |        | add_ln39_3736 | add       | fabric   | 0       |
|   mul_32s_32s_32_1_1_U1359                  | 3    |        | mul_ln39_3744 | mul       | auto     | 0       |
|   mul_32s_32s_32_1_1_U1360                  | 3    |        | mul_ln39_3745 | mul       | auto     | 0       |
|   mul_32s_32s_32_1_1_U1361                  | 3    |        | mul_ln39_3746 | mul       | auto     | 0       |
|   mul_32s_32s_32_1_1_U1362                  | 3    |        | mul_ln39_3747 | mul       | auto     | 0       |
|   mul_32s_32s_32_1_1_U1363                  | 3    |        | mul_ln39_3748 | mul       | auto     | 0       |
|   mul_32s_32s_32_1_1_U1364                  | 3    |        | mul_ln39_3749 | mul       | auto     | 0       |
|   mul_32s_32s_32_1_1_U1365                  | 3    |        | mul_ln39_3750 | mul       | auto     | 0       |
|   mul_32s_32s_32_1_1_U1366                  | 3    |        | mul_ln39_3751 | mul       | auto     | 0       |
|   mul_32s_32s_32_1_1_U1367                  | 3    |        | mul_ln39_3752 | mul       | auto     | 0       |
|   mul_32s_32s_32_1_1_U1368                  | 3    |        | mul_ln39_3753 | mul       | auto     | 0       |
|   mul_32s_32s_32_1_1_U1369                  | 3    |        | mul_ln39_3754 | mul       | auto     | 0       |
|   mul_32s_32s_32_1_1_U1370                  | 3    |        | mul_ln39_3755 | mul       | auto     | 0       |
|   mul_32s_32s_32_1_1_U1371                  | 3    |        | mul_ln39_3756 | mul       | auto     | 0       |
|   mul_32s_32s_32_1_1_U666                   | 3    |        | mul_ln39_3757 | mul       | auto     | 0       |
|   mul_32s_32s_32_1_1_U667                   | 3    |        | mul_ln39_3758 | mul       | auto     | 0       |
|   mul_32s_32s_32_1_1_U668                   | 3    |        | mul_ln39_3759 | mul       | auto     | 0       |
|   add_ln39_3745_fu_29932_p2                 |      |        | add_ln39_3745 | add       | fabric   | 0       |
|   add_ln39_3748_fu_29950_p2                 |      |        | add_ln39_3748 | add       | fabric   | 0       |
|   add_ln39_3751_fu_29968_p2                 |      |        | add_ln39_3751 | add       | fabric   | 0       |
|   add_ln39_3752_fu_29974_p2                 |      |        | add_ln39_3752 | add       | fabric   | 0       |
|   mul_32s_32s_32_1_1_U669                   | 3    |        | mul_ln39_3760 | mul       | auto     | 0       |
|   mul_32s_32s_32_1_1_U670                   | 3    |        | mul_ln39_3761 | mul       | auto     | 0       |
|   mul_32s_32s_32_1_1_U671                   | 3    |        | mul_ln39_3762 | mul       | auto     | 0       |
|   mul_32s_32s_32_1_1_U1372                  | 3    |        | mul_ln39_3763 | mul       | auto     | 0       |
|   mul_32s_32s_32_1_1_U1373                  | 3    |        | mul_ln39_3764 | mul       | auto     | 0       |
|   mul_32s_32s_32_1_1_U1374                  | 3    |        | mul_ln39_3765 | mul       | auto     | 0       |
|   mul_32s_32s_32_1_1_U1375                  | 3    |        | mul_ln39_3766 | mul       | auto     | 0       |
|   mul_32s_32s_32_1_1_U1376                  | 3    |        | mul_ln39_3767 | mul       | auto     | 0       |
|   mul_32s_32s_32_1_1_U1377                  | 3    |        | mul_ln39_3768 | mul       | auto     | 0       |
|   mul_32s_32s_32_1_1_U1378                  | 3    |        | mul_ln39_3769 | mul       | auto     | 0       |
|   mul_32s_32s_32_1_1_U1379                  | 3    |        | mul_ln39_3770 | mul       | auto     | 0       |
|   mul_32s_32s_32_1_1_U1380                  | 3    |        | mul_ln39_3771 | mul       | auto     | 0       |
|   mul_32s_32s_32_1_1_U1381                  | 3    |        | mul_ln39_3772 | mul       | auto     | 0       |
|   mul_32s_32s_32_1_1_U672                   | 3    |        | mul_ln39_3773 | mul       | auto     | 0       |
|   mul_32s_32s_32_1_1_U673                   | 3    |        | mul_ln39_3774 | mul       | auto     | 0       |
|   mul_32s_32s_32_1_1_U674                   | 3    |        | mul_ln39_3775 | mul       | auto     | 0       |
|   add_ln39_3761_fu_22046_p2                 |      |        | add_ln39_3761 | add       | fabric   | 0       |
|   add_ln39_3764_fu_30015_p2                 |      |        | add_ln39_3764 | add       | fabric   | 0       |
|   add_ln39_3767_fu_30032_p2                 |      |        | add_ln39_3767 | add       | fabric   | 0       |
|   add_ln39_3768_fu_30038_p2                 |      |        | add_ln39_3768 | add       | fabric   | 0       |
|   mul_32s_32s_32_1_1_U675                   | 3    |        | mul_ln39_3776 | mul       | auto     | 0       |
|   mul_32s_32s_32_1_1_U676                   | 3    |        | mul_ln39_3777 | mul       | auto     | 0       |
|   mul_32s_32s_32_1_1_U677                   | 3    |        | mul_ln39_3778 | mul       | auto     | 0       |
|   mul_32s_32s_32_1_1_U1382                  | 3    |        | mul_ln39_3779 | mul       | auto     | 0       |
|   mul_32s_32s_32_1_1_U1383                  | 3    |        | mul_ln39_3780 | mul       | auto     | 0       |
|   mul_32s_32s_32_1_1_U1384                  | 3    |        | mul_ln39_3781 | mul       | auto     | 0       |
|   mul_32s_32s_32_1_1_U1385                  | 3    |        | mul_ln39_3782 | mul       | auto     | 0       |
|   mul_32s_32s_32_1_1_U1386                  | 3    |        | mul_ln39_3783 | mul       | auto     | 0       |
|   mul_32s_32s_32_1_1_U1387                  | 3    |        | mul_ln39_3784 | mul       | auto     | 0       |
|   mul_32s_32s_32_1_1_U1388                  | 3    |        | mul_ln39_3785 | mul       | auto     | 0       |
|   mul_32s_32s_32_1_1_U1389                  | 3    |        | mul_ln39_3786 | mul       | auto     | 0       |
|   mul_32s_32s_32_1_1_U1390                  | 3    |        | mul_ln39_3787 | mul       | auto     | 0       |
|   mul_32s_32s_32_1_1_U1391                  | 3    |        | mul_ln39_3788 | mul       | auto     | 0       |
|   mul_32s_32s_32_1_1_U678                   | 3    |        | mul_ln39_3789 | mul       | auto     | 0       |
|   mul_32s_32s_32_1_1_U679                   | 3    |        | mul_ln39_3790 | mul       | auto     | 0       |
|   mul_32s_32s_32_1_1_U680                   | 3    |        | mul_ln39_3791 | mul       | auto     | 0       |
|   add_ln39_3777_fu_22076_p2                 |      |        | add_ln39_3777 | add       | fabric   | 0       |
|   add_ln39_3780_fu_30079_p2                 |      |        | add_ln39_3780 | add       | fabric   | 0       |
|   add_ln39_3783_fu_30096_p2                 |      |        | add_ln39_3783 | add       | fabric   | 0       |
|   add_ln39_3784_fu_30102_p2                 |      |        | add_ln39_3784 | add       | fabric   | 0       |
|   mul_32s_32s_32_1_1_U681                   | 3    |        | mul_ln39_3792 | mul       | auto     | 0       |
|   mul_32s_32s_32_1_1_U682                   | 3    |        | mul_ln39_3793 | mul       | auto     | 0       |
|   mul_32s_32s_32_1_1_U683                   | 3    |        | mul_ln39_3794 | mul       | auto     | 0       |
|   mul_32s_32s_32_1_1_U1392                  | 3    |        | mul_ln39_3795 | mul       | auto     | 0       |
|   mul_32s_32s_32_1_1_U1393                  | 3    |        | mul_ln39_3796 | mul       | auto     | 0       |
|   mul_32s_32s_32_1_1_U1394                  | 3    |        | mul_ln39_3797 | mul       | auto     | 0       |
|   mul_32s_32s_32_1_1_U1395                  | 3    |        | mul_ln39_3798 | mul       | auto     | 0       |
|   mul_32s_32s_32_1_1_U1396                  | 3    |        | mul_ln39_3799 | mul       | auto     | 0       |
|   mul_32s_32s_32_1_1_U1397                  | 3    |        | mul_ln39_3800 | mul       | auto     | 0       |
|   mul_32s_32s_32_1_1_U1398                  | 3    |        | mul_ln39_3801 | mul       | auto     | 0       |
|   mul_32s_32s_32_1_1_U1399                  | 3    |        | mul_ln39_3802 | mul       | auto     | 0       |
|   mul_32s_32s_32_1_1_U1400                  | 3    |        | mul_ln39_3803 | mul       | auto     | 0       |
|   mul_32s_32s_32_1_1_U1401                  | 3    |        | mul_ln39_3804 | mul       | auto     | 0       |
|   mul_32s_32s_32_1_1_U684                   | 3    |        | mul_ln39_3805 | mul       | auto     | 0       |
|   mul_32s_32s_32_1_1_U685                   | 3    |        | mul_ln39_3806 | mul       | auto     | 0       |
|   mul_32s_32s_32_1_1_U686                   | 3    |        | mul_ln39_3807 | mul       | auto     | 0       |
|   add_ln39_3793_fu_22105_p2                 |      |        | add_ln39_3793 | add       | fabric   | 0       |
|   add_ln39_3796_fu_30143_p2                 |      |        | add_ln39_3796 | add       | fabric   | 0       |
|   add_ln39_3799_fu_30160_p2                 |      |        | add_ln39_3799 | add       | fabric   | 0       |
|   add_ln39_3800_fu_30166_p2                 |      |        | add_ln39_3800 | add       | fabric   | 0       |
|   mul_32s_32s_32_1_1_U163                   | 3    |        | mul_ln39_3808 | mul       | auto     | 0       |
|   mul_32s_32s_32_1_1_U164                   | 3    |        | mul_ln39_3809 | mul       | auto     | 0       |
|   mul_32s_32s_32_1_1_U165                   | 3    |        | mul_ln39_3810 | mul       | auto     | 0       |
|   mul_32s_32s_32_1_1_U251                   | 3    |        | mul_ln39_3811 | mul       | auto     | 0       |
|   mul_32s_32s_32_1_1_U252                   | 3    |        | mul_ln39_3812 | mul       | auto     | 0       |
|   mul_32s_32s_32_1_1_U253                   | 3    |        | mul_ln39_3813 | mul       | auto     | 0       |
|   mul_32s_32s_32_1_1_U254                   | 3    |        | mul_ln39_3814 | mul       | auto     | 0       |
|   mul_32s_32s_32_1_1_U255                   | 3    |        | mul_ln39_3815 | mul       | auto     | 0       |
|   mul_32s_32s_32_1_1_U256                   | 3    |        | mul_ln39_3816 | mul       | auto     | 0       |
|   mul_32s_32s_32_1_1_U257                   | 3    |        | mul_ln39_3817 | mul       | auto     | 0       |
|   mul_32s_32s_32_1_1_U258                   | 3    |        | mul_ln39_3818 | mul       | auto     | 0       |
|   mul_32s_32s_32_1_1_U166                   | 3    |        | mul_ln39_3819 | mul       | auto     | 0       |
|   mul_32s_32s_32_1_1_U167                   | 3    |        | mul_ln39_3820 | mul       | auto     | 0       |
|   mul_32s_32s_32_1_1_U168                   | 3    |        | mul_ln39_3821 | mul       | auto     | 0       |
|   mul_32s_32s_32_1_1_U169                   | 3    |        | mul_ln39_3822 | mul       | auto     | 0       |
|   mul_32s_32s_32_1_1_U170                   | 3    |        | mul_ln39_3823 | mul       | auto     | 0       |
|   grp_fu_15124_p2                           |      |        | add_ln39_3809 | add       | fabric   | 0       |
|   add_ln39_3812_fu_31797_p2                 |      |        | add_ln39_3812 | add       | fabric   | 0       |
|   grp_fu_15148_p2                           |      |        | add_ln39_3815 | add       | fabric   | 0       |
|   grp_fu_15154_p2                           |      |        | add_ln39_3816 | add       | fabric   | 0       |
|   mul_32s_32s_32_1_1_U259                   | 3    |        | mul_ln39_3824 | mul       | auto     | 0       |
|   mul_32s_32s_32_1_1_U260                   | 3    |        | mul_ln39_3825 | mul       | auto     | 0       |
|   mul_32s_32s_32_1_1_U261                   | 3    |        | mul_ln39_3826 | mul       | auto     | 0       |
|   mul_32s_32s_32_1_1_U262                   | 3    |        | mul_ln39_3827 | mul       | auto     | 0       |
|   mul_32s_32s_32_1_1_U263                   | 3    |        | mul_ln39_3828 | mul       | auto     | 0       |
|   mul_32s_32s_32_1_1_U264                   | 3    |        | mul_ln39_3829 | mul       | auto     | 0       |
|   mul_32s_32s_32_1_1_U265                   | 3    |        | mul_ln39_3830 | mul       | auto     | 0       |
|   mul_32s_32s_32_1_1_U266                   | 3    |        | mul_ln39_3831 | mul       | auto     | 0       |
|   mul_32s_32s_32_1_1_U151                   | 3    |        | mul_ln39_3832 | mul       | auto     | 0       |
|   mul_32s_32s_32_1_1_U152                   | 3    |        | mul_ln39_3833 | mul       | auto     | 0       |
|   mul_32s_32s_32_1_1_U153                   | 3    |        | mul_ln39_3834 | mul       | auto     | 0       |
|   mul_32s_32s_32_1_1_U154                   | 3    |        | mul_ln39_3835 | mul       | auto     | 0       |
|   mul_32s_32s_32_1_1_U155                   | 3    |        | mul_ln39_3836 | mul       | auto     | 0       |
|   mul_32s_32s_32_1_1_U156                   | 3    |        | mul_ln39_3837 | mul       | auto     | 0       |
|   mul_32s_32s_32_1_1_U157                   | 3    |        | mul_ln39_3838 | mul       | auto     | 0       |
|   mul_32s_32s_32_1_1_U158                   | 3    |        | mul_ln39_3839 | mul       | auto     | 0       |
|   add_ln39_3825_fu_31831_p2                 |      |        | add_ln39_3825 | add       | fabric   | 0       |
|   grp_fu_15076_p2                           |      |        | add_ln39_3828 | add       | fabric   | 0       |
|   add_ln39_3831_fu_32621_p2                 |      |        | add_ln39_3831 | add       | fabric   | 0       |
|   grp_fu_14404_p2                           |      |        | add_ln39_3832 | add       | fabric   | 0       |
|   mul_32s_32s_32_1_1_U1402                  | 3    |        | mul_ln39_3840 | mul       | auto     | 0       |
|   mul_32s_32s_32_1_1_U1403                  | 3    |        | mul_ln39_3841 | mul       | auto     | 0       |
|   mul_32s_32s_32_1_1_U1404                  | 3    |        | mul_ln39_3842 | mul       | auto     | 0       |
|   mul_32s_32s_32_1_1_U1405                  | 3    |        | mul_ln39_3843 | mul       | auto     | 0       |
|   mul_32s_32s_32_1_1_U171                   | 3    |        | mul_ln39_3844 | mul       | auto     | 0       |
|   mul_32s_32s_32_1_1_U1406                  | 3    |        | mul_ln39_3845 | mul       | auto     | 0       |
|   mul_32s_32s_32_1_1_U1407                  | 3    |        | mul_ln39_3846 | mul       | auto     | 0       |
|   mul_32s_32s_32_1_1_U172                   | 3    |        | mul_ln39_3847 | mul       | auto     | 0       |
|   mul_32s_32s_32_1_1_U173                   | 3    |        | mul_ln39_3848 | mul       | auto     | 0       |
|   mul_32s_32s_32_1_1_U174                   | 3    |        | mul_ln39_3849 | mul       | auto     | 0       |
|   mul_32s_32s_32_1_1_U175                   | 3    |        | mul_ln39_3850 | mul       | auto     | 0       |
|   mul_32s_32s_32_1_1_U176                   | 3    |        | mul_ln39_3851 | mul       | auto     | 0       |
|   mul_32s_32s_32_1_1_U177                   | 3    |        | mul_ln39_3852 | mul       | auto     | 0       |
|   mul_32s_32s_32_1_1_U178                   | 3    |        | mul_ln39_3853 | mul       | auto     | 0       |
|   mul_32s_32s_32_1_1_U179                   | 3    |        | mul_ln39_3854 | mul       | auto     | 0       |
|   mul_32s_32s_32_1_1_U180                   | 3    |        | mul_ln39_3855 | mul       | auto     | 0       |
|   add_ln39_3841_fu_30201_p2                 |      |        | add_ln39_3841 | add       | fabric   | 0       |
|   add_ln39_3844_fu_30207_p2                 |      |        | add_ln39_3844 | add       | fabric   | 0       |
|   grp_fu_15028_p2                           |      |        | add_ln39_3847 | add       | fabric   | 0       |
|   grp_fu_15034_p2                           |      |        | add_ln39_3848 | add       | fabric   | 0       |
|   mul_32s_32s_32_1_1_U1408                  | 3    |        | mul_ln39_3856 | mul       | auto     | 0       |
|   mul_32s_32s_32_1_1_U1409                  | 3    |        | mul_ln39_3857 | mul       | auto     | 0       |
|   mul_32s_32s_32_1_1_U1410                  | 3    |        | mul_ln39_3858 | mul       | auto     | 0       |
|   mul_32s_32s_32_1_1_U181                   | 3    |        | mul_ln39_3859 | mul       | auto     | 0       |
|   mul_32s_32s_32_1_1_U182                   | 3    |        | mul_ln39_3860 | mul       | auto     | 0       |
|   mul_32s_32s_32_1_1_U1411                  | 3    |        | mul_ln39_3861 | mul       | auto     | 0       |
|   mul_32s_32s_32_1_1_U1412                  | 3    |        | mul_ln39_3862 | mul       | auto     | 0       |
|   mul_32s_32s_32_1_1_U1413                  | 3    |        | mul_ln39_3863 | mul       | auto     | 0       |
|   mul_32s_32s_32_1_1_U183                   | 3    |        | mul_ln39_3864 | mul       | auto     | 0       |
|   mul_32s_32s_32_1_1_U184                   | 3    |        | mul_ln39_3865 | mul       | auto     | 0       |
|   mul_32s_32s_32_1_1_U185                   | 3    |        | mul_ln39_3866 | mul       | auto     | 0       |
|   mul_32s_32s_32_1_1_U186                   | 3    |        | mul_ln39_3867 | mul       | auto     | 0       |
|   mul_32s_32s_32_1_1_U187                   | 3    |        | mul_ln39_3868 | mul       | auto     | 0       |
|   mul_32s_32s_32_1_1_U188                   | 3    |        | mul_ln39_3869 | mul       | auto     | 0       |
|   mul_32s_32s_32_1_1_U189                   | 3    |        | mul_ln39_3870 | mul       | auto     | 0       |
|   mul_32s_32s_32_1_1_U190                   | 3    |        | mul_ln39_3871 | mul       | auto     | 0       |
|   add_ln39_3857_fu_30213_p2                 |      |        | add_ln39_3857 | add       | fabric   | 0       |
|   add_ln39_3860_fu_30219_p2                 |      |        | add_ln39_3860 | add       | fabric   | 0       |
|   add_ln39_3863_fu_30789_p2                 |      |        | add_ln39_3863 | add       | fabric   | 0       |
|   grp_fu_15130_p2                           |      |        | add_ln39_3864 | add       | fabric   | 0       |
|   mul_32s_32s_32_1_1_U1414                  | 3    |        | mul_ln39_3872 | mul       | auto     | 0       |
|   mul_32s_32s_32_1_1_U191                   | 3    |        | mul_ln39_3873 | mul       | auto     | 0       |
|   mul_32s_32s_32_1_1_U1415                  | 3    |        | mul_ln39_3874 | mul       | auto     | 0       |
|   mul_32s_32s_32_1_1_U192                   | 3    |        | mul_ln39_3875 | mul       | auto     | 0       |
|   mul_32s_32s_32_1_1_U1416                  | 3    |        | mul_ln39_3876 | mul       | auto     | 0       |
|   mul_32s_32s_32_1_1_U1417                  | 3    |        | mul_ln39_3877 | mul       | auto     | 0       |
|   mul_32s_32s_32_1_1_U1418                  | 3    |        | mul_ln39_3878 | mul       | auto     | 0       |
|   mul_32s_32s_32_1_1_U1419                  | 3    |        | mul_ln39_3879 | mul       | auto     | 0       |
|   mul_32s_32s_32_1_1_U193                   | 3    |        | mul_ln39_3880 | mul       | auto     | 0       |
|   mul_32s_32s_32_1_1_U194                   | 3    |        | mul_ln39_3881 | mul       | auto     | 0       |
|   mul_32s_32s_32_1_1_U195                   | 3    |        | mul_ln39_3882 | mul       | auto     | 0       |
|   mul_32s_32s_32_1_1_U196                   | 3    |        | mul_ln39_3883 | mul       | auto     | 0       |
|   mul_32s_32s_32_1_1_U197                   | 3    |        | mul_ln39_3884 | mul       | auto     | 0       |
|   mul_32s_32s_32_1_1_U198                   | 3    |        | mul_ln39_3885 | mul       | auto     | 0       |
|   mul_32s_32s_32_1_1_U199                   | 3    |        | mul_ln39_3886 | mul       | auto     | 0       |
|   mul_32s_32s_32_1_1_U200                   | 3    |        | mul_ln39_3887 | mul       | auto     | 0       |
|   add_ln39_3873_fu_30225_p2                 |      |        | add_ln39_3873 | add       | fabric   | 0       |
|   add_ln39_3876_fu_30231_p2                 |      |        | add_ln39_3876 | add       | fabric   | 0       |
|   add_ln39_3879_fu_30839_p2                 |      |        | add_ln39_3879 | add       | fabric   | 0       |
|   add_ln39_3880_fu_30844_p2                 |      |        | add_ln39_3880 | add       | fabric   | 0       |
|   mul_32s_32s_32_1_1_U1420                  | 3    |        | mul_ln39_3888 | mul       | auto     | 0       |
|   mul_32s_32s_32_1_1_U1421                  | 3    |        | mul_ln39_3889 | mul       | auto     | 0       |
|   mul_32s_32s_32_1_1_U1422                  | 3    |        | mul_ln39_3890 | mul       | auto     | 0       |
|   mul_32s_32s_32_1_1_U201                   | 3    |        | mul_ln39_3891 | mul       | auto     | 0       |
|   mul_32s_32s_32_1_1_U202                   | 3    |        | mul_ln39_3892 | mul       | auto     | 0       |
|   mul_32s_32s_32_1_1_U1423                  | 3    |        | mul_ln39_3893 | mul       | auto     | 0       |
|   mul_32s_32s_32_1_1_U1424                  | 3    |        | mul_ln39_3894 | mul       | auto     | 0       |
|   mul_32s_32s_32_1_1_U1425                  | 3    |        | mul_ln39_3895 | mul       | auto     | 0       |
|   mul_32s_32s_32_1_1_U203                   | 3    |        | mul_ln39_3896 | mul       | auto     | 0       |
|   mul_32s_32s_32_1_1_U204                   | 3    |        | mul_ln39_3897 | mul       | auto     | 0       |
|   mul_32s_32s_32_1_1_U205                   | 3    |        | mul_ln39_3898 | mul       | auto     | 0       |
|   mul_32s_32s_32_1_1_U206                   | 3    |        | mul_ln39_3899 | mul       | auto     | 0       |
|   mul_32s_32s_32_1_1_U207                   | 3    |        | mul_ln39_3900 | mul       | auto     | 0       |
|   mul_32s_32s_32_1_1_U208                   | 3    |        | mul_ln39_3901 | mul       | auto     | 0       |
|   mul_32s_32s_32_1_1_U209                   | 3    |        | mul_ln39_3902 | mul       | auto     | 0       |
|   mul_32s_32s_32_1_1_U210                   | 3    |        | mul_ln39_3903 | mul       | auto     | 0       |
|   add_ln39_3889_fu_30237_p2                 |      |        | add_ln39_3889 | add       | fabric   | 0       |
|   add_ln39_3892_fu_30243_p2                 |      |        | add_ln39_3892 | add       | fabric   | 0       |
|   add_ln39_3895_fu_30889_p2                 |      |        | add_ln39_3895 | add       | fabric   | 0       |
|   add_ln39_3896_fu_30894_p2                 |      |        | add_ln39_3896 | add       | fabric   | 0       |
|   mul_32s_32s_32_1_1_U1426                  | 3    |        | mul_ln39_3904 | mul       | auto     | 0       |
|   mul_32s_32s_32_1_1_U1427                  | 3    |        | mul_ln39_3905 | mul       | auto     | 0       |
|   mul_32s_32s_32_1_1_U1428                  | 3    |        | mul_ln39_3906 | mul       | auto     | 0       |
|   mul_32s_32s_32_1_1_U211                   | 3    |        | mul_ln39_3907 | mul       | auto     | 0       |
|   mul_32s_32s_32_1_1_U212                   | 3    |        | mul_ln39_3908 | mul       | auto     | 0       |
|   mul_32s_32s_32_1_1_U1429                  | 3    |        | mul_ln39_3909 | mul       | auto     | 0       |
|   mul_32s_32s_32_1_1_U1430                  | 3    |        | mul_ln39_3910 | mul       | auto     | 0       |
|   mul_32s_32s_32_1_1_U213                   | 3    |        | mul_ln39_3911 | mul       | auto     | 0       |
|   mul_32s_32s_32_1_1_U214                   | 3    |        | mul_ln39_3912 | mul       | auto     | 0       |
|   mul_32s_32s_32_1_1_U215                   | 3    |        | mul_ln39_3913 | mul       | auto     | 0       |
|   mul_32s_32s_32_1_1_U216                   | 3    |        | mul_ln39_3914 | mul       | auto     | 0       |
|   mul_32s_32s_32_1_1_U217                   | 3    |        | mul_ln39_3915 | mul       | auto     | 0       |
|   mul_32s_32s_32_1_1_U218                   | 3    |        | mul_ln39_3916 | mul       | auto     | 0       |
|   mul_32s_32s_32_1_1_U219                   | 3    |        | mul_ln39_3917 | mul       | auto     | 0       |
|   mul_32s_32s_32_1_1_U220                   | 3    |        | mul_ln39_3918 | mul       | auto     | 0       |
|   mul_32s_32s_32_1_1_U221                   | 3    |        | mul_ln39_3919 | mul       | auto     | 0       |
|   add_ln39_3905_fu_30249_p2                 |      |        | add_ln39_3905 | add       | fabric   | 0       |
|   add_ln39_3908_fu_30255_p2                 |      |        | add_ln39_3908 | add       | fabric   | 0       |
|   grp_fu_15058_p2                           |      |        | add_ln39_3911 | add       | fabric   | 0       |
|   grp_fu_15064_p2                           |      |        | add_ln39_3912 | add       | fabric   | 0       |
|   mul_32s_32s_32_1_1_U1431                  | 3    |        | mul_ln39_3920 | mul       | auto     | 0       |
|   mul_32s_32s_32_1_1_U222                   | 3    |        | mul_ln39_3921 | mul       | auto     | 0       |
|   mul_32s_32s_32_1_1_U1432                  | 3    |        | mul_ln39_3922 | mul       | auto     | 0       |
|   mul_32s_32s_32_1_1_U223                   | 3    |        | mul_ln39_3923 | mul       | auto     | 0       |
|   mul_32s_32s_32_1_1_U224                   | 3    |        | mul_ln39_3924 | mul       | auto     | 0       |
|   mul_32s_32s_32_1_1_U1433                  | 3    |        | mul_ln39_3925 | mul       | auto     | 0       |
|   mul_32s_32s_32_1_1_U1434                  | 3    |        | mul_ln39_3926 | mul       | auto     | 0       |
|   mul_32s_32s_32_1_1_U225                   | 3    |        | mul_ln39_3927 | mul       | auto     | 0       |
|   mul_32s_32s_32_1_1_U226                   | 3    |        | mul_ln39_3928 | mul       | auto     | 0       |
|   mul_32s_32s_32_1_1_U227                   | 3    |        | mul_ln39_3929 | mul       | auto     | 0       |
|   mul_32s_32s_32_1_1_U228                   | 3    |        | mul_ln39_3930 | mul       | auto     | 0       |
|   mul_32s_32s_32_1_1_U229                   | 3    |        | mul_ln39_3931 | mul       | auto     | 0       |
|   mul_32s_32s_32_1_1_U230                   | 3    |        | mul_ln39_3932 | mul       | auto     | 0       |
|   mul_32s_32s_32_1_1_U231                   | 3    |        | mul_ln39_3933 | mul       | auto     | 0       |
|   mul_32s_32s_32_1_1_U232                   | 3    |        | mul_ln39_3934 | mul       | auto     | 0       |
|   mul_32s_32s_32_1_1_U233                   | 3    |        | mul_ln39_3935 | mul       | auto     | 0       |
|   add_ln39_3921_fu_30261_p2                 |      |        | add_ln39_3921 | add       | fabric   | 0       |
|   add_ln39_3924_fu_30267_p2                 |      |        | add_ln39_3924 | add       | fabric   | 0       |
|   grp_fu_15136_p2                           |      |        | add_ln39_3927 | add       | fabric   | 0       |
|   add_ln39_3928_fu_30942_p2                 |      |        | add_ln39_3928 | add       | fabric   | 0       |
|   mul_32s_32s_32_1_1_U1435                  | 3    |        | mul_ln39_3936 | mul       | auto     | 0       |
|   mul_32s_32s_32_1_1_U1436                  | 3    |        | mul_ln39_3937 | mul       | auto     | 0       |
|   mul_32s_32s_32_1_1_U1437                  | 3    |        | mul_ln39_3938 | mul       | auto     | 0       |
|   mul_32s_32s_32_1_1_U234                   | 3    |        | mul_ln39_3939 | mul       | auto     | 0       |
|   mul_32s_32s_32_1_1_U235                   | 3    |        | mul_ln39_3940 | mul       | auto     | 0       |
|   mul_32s_32s_32_1_1_U1438                  | 3    |        | mul_ln39_3941 | mul       | auto     | 0       |
|   mul_32s_32s_32_1_1_U1439                  | 3    |        | mul_ln39_3942 | mul       | auto     | 0       |
|   mul_32s_32s_32_1_1_U1440                  | 3    |        | mul_ln39_3943 | mul       | auto     | 0       |
|   mul_32s_32s_32_1_1_U236                   | 3    |        | mul_ln39_3944 | mul       | auto     | 0       |
|   mul_32s_32s_32_1_1_U237                   | 3    |        | mul_ln39_3945 | mul       | auto     | 0       |
|   mul_32s_32s_32_1_1_U238                   | 3    |        | mul_ln39_3946 | mul       | auto     | 0       |
|   mul_32s_32s_32_1_1_U239                   | 3    |        | mul_ln39_3947 | mul       | auto     | 0       |
|   mul_32s_32s_32_1_1_U240                   | 3    |        | mul_ln39_3948 | mul       | auto     | 0       |
|   mul_32s_32s_32_1_1_U241                   | 3    |        | mul_ln39_3949 | mul       | auto     | 0       |
|   mul_32s_32s_32_1_1_U242                   | 3    |        | mul_ln39_3950 | mul       | auto     | 0       |
|   mul_32s_32s_32_1_1_U243                   | 3    |        | mul_ln39_3951 | mul       | auto     | 0       |
|   add_ln39_3937_fu_30273_p2                 |      |        | add_ln39_3937 | add       | fabric   | 0       |
|   add_ln39_3940_fu_30279_p2                 |      |        | add_ln39_3940 | add       | fabric   | 0       |
|   add_ln39_3943_fu_30975_p2                 |      |        | add_ln39_3943 | add       | fabric   | 0       |
|   grp_fu_14536_p2                           |      |        | add_ln39_3944 | add       | fabric   | 0       |
|   mul_32s_32s_32_1_1_U1441                  | 3    |        | mul_ln39_3952 | mul       | auto     | 0       |
|   mul_32s_32s_32_1_1_U1442                  | 3    |        | mul_ln39_3953 | mul       | auto     | 0       |
|   mul_32s_32s_32_1_1_U1443                  | 3    |        | mul_ln39_3954 | mul       | auto     | 0       |
|   mul_32s_32s_32_1_1_U1444                  | 3    |        | mul_ln39_3955 | mul       | auto     | 0       |
|   mul_32s_32s_32_1_1_U1445                  | 3    |        | mul_ln39_3956 | mul       | auto     | 0       |
|   mul_32s_32s_32_1_1_U1446                  | 3    |        | mul_ln39_3957 | mul       | auto     | 0       |
|   mul_32s_32s_32_1_1_U1447                  | 3    |        | mul_ln39_3958 | mul       | auto     | 0       |
|   mul_32s_32s_32_1_1_U244                   | 3    |        | mul_ln39_3959 | mul       | auto     | 0       |
|   mul_32s_32s_32_1_1_U245                   | 3    |        | mul_ln39_3960 | mul       | auto     | 0       |
|   mul_32s_32s_32_1_1_U246                   | 3    |        | mul_ln39_3961 | mul       | auto     | 0       |
|   mul_32s_32s_32_1_1_U247                   | 3    |        | mul_ln39_3962 | mul       | auto     | 0       |
|   mul_32s_32s_32_1_1_U248                   | 3    |        | mul_ln39_3963 | mul       | auto     | 0       |
|   mul_32s_32s_32_1_1_U249                   | 3    |        | mul_ln39_3964 | mul       | auto     | 0       |
|   mul_32s_32s_32_1_1_U250                   | 3    |        | mul_ln39_3965 | mul       | auto     | 0       |
|   mul_32s_32s_32_1_1_U251                   | 3    |        | mul_ln39_3966 | mul       | auto     | 0       |
|   mul_32s_32s_32_1_1_U252                   | 3    |        | mul_ln39_3967 | mul       | auto     | 0       |
|   add_ln39_3953_fu_30285_p2                 |      |        | add_ln39_3953 | add       | fabric   | 0       |
|   add_ln39_3956_fu_30291_p2                 |      |        | add_ln39_3956 | add       | fabric   | 0       |
|   add_ln39_3959_fu_31023_p2                 |      |        | add_ln39_3959 | add       | fabric   | 0       |
|   add_ln39_3960_fu_31029_p2                 |      |        | add_ln39_3960 | add       | fabric   | 0       |
|   mul_32s_32s_32_1_1_U1448                  | 3    |        | mul_ln39_3968 | mul       | auto     | 0       |
|   mul_32s_32s_32_1_1_U1449                  | 3    |        | mul_ln39_3969 | mul       | auto     | 0       |
|   mul_32s_32s_32_1_1_U1450                  | 3    |        | mul_ln39_3970 | mul       | auto     | 0       |
|   mul_32s_32s_32_1_1_U253                   | 3    |        | mul_ln39_3971 | mul       | auto     | 0       |
|   mul_32s_32s_32_1_1_U254                   | 3    |        | mul_ln39_3972 | mul       | auto     | 0       |
|   mul_32s_32s_32_1_1_U1451                  | 3    |        | mul_ln39_3973 | mul       | auto     | 0       |
|   mul_32s_32s_32_1_1_U1452                  | 3    |        | mul_ln39_3974 | mul       | auto     | 0       |
|   mul_32s_32s_32_1_1_U255                   | 3    |        | mul_ln39_3975 | mul       | auto     | 0       |
|   mul_32s_32s_32_1_1_U256                   | 3    |        | mul_ln39_3976 | mul       | auto     | 0       |
|   mul_32s_32s_32_1_1_U257                   | 3    |        | mul_ln39_3977 | mul       | auto     | 0       |
|   mul_32s_32s_32_1_1_U258                   | 3    |        | mul_ln39_3978 | mul       | auto     | 0       |
|   mul_32s_32s_32_1_1_U259                   | 3    |        | mul_ln39_3979 | mul       | auto     | 0       |
|   mul_32s_32s_32_1_1_U260                   | 3    |        | mul_ln39_3980 | mul       | auto     | 0       |
|   mul_32s_32s_32_1_1_U261                   | 3    |        | mul_ln39_3981 | mul       | auto     | 0       |
|   mul_32s_32s_32_1_1_U262                   | 3    |        | mul_ln39_3982 | mul       | auto     | 0       |
|   mul_32s_32s_32_1_1_U263                   | 3    |        | mul_ln39_3983 | mul       | auto     | 0       |
|   add_ln39_3969_fu_30297_p2                 |      |        | add_ln39_3969 | add       | fabric   | 0       |
|   add_ln39_3972_fu_30303_p2                 |      |        | add_ln39_3972 | add       | fabric   | 0       |
|   grp_fu_15148_p2                           |      |        | add_ln39_3975 | add       | fabric   | 0       |
|   grp_fu_15154_p2                           |      |        | add_ln39_3976 | add       | fabric   | 0       |
|   mul_32s_32s_32_1_1_U1453                  | 3    |        | mul_ln39_3984 | mul       | auto     | 0       |
|   mul_32s_32s_32_1_1_U1454                  | 3    |        | mul_ln39_3985 | mul       | auto     | 0       |
|   mul_32s_32s_32_1_1_U1455                  | 3    |        | mul_ln39_3986 | mul       | auto     | 0       |
|   mul_32s_32s_32_1_1_U264                   | 3    |        | mul_ln39_3987 | mul       | auto     | 0       |
|   mul_32s_32s_32_1_1_U265                   | 3    |        | mul_ln39_3988 | mul       | auto     | 0       |
|   mul_32s_32s_32_1_1_U1456                  | 3    |        | mul_ln39_3989 | mul       | auto     | 0       |
|   mul_32s_32s_32_1_1_U1457                  | 3    |        | mul_ln39_3990 | mul       | auto     | 0       |
|   mul_32s_32s_32_1_1_U266                   | 3    |        | mul_ln39_3991 | mul       | auto     | 0       |
|   mul_32s_32s_32_1_1_U267                   | 3    |        | mul_ln39_3992 | mul       | auto     | 0       |
|   mul_32s_32s_32_1_1_U268                   | 3    |        | mul_ln39_3993 | mul       | auto     | 0       |
|   mul_32s_32s_32_1_1_U269                   | 3    |        | mul_ln39_3994 | mul       | auto     | 0       |
|   mul_32s_32s_32_1_1_U270                   | 3    |        | mul_ln39_3995 | mul       | auto     | 0       |
|   mul_32s_32s_32_1_1_U271                   | 3    |        | mul_ln39_3996 | mul       | auto     | 0       |
|   mul_32s_32s_32_1_1_U272                   | 3    |        | mul_ln39_3997 | mul       | auto     | 0       |
|   mul_32s_32s_32_1_1_U273                   | 3    |        | mul_ln39_3998 | mul       | auto     | 0       |
|   mul_32s_32s_32_1_1_U274                   | 3    |        | mul_ln39_3999 | mul       | auto     | 0       |
|   add_ln39_3985_fu_30309_p2                 |      |        | add_ln39_3985 | add       | fabric   | 0       |
|   add_ln39_3988_fu_30315_p2                 |      |        | add_ln39_3988 | add       | fabric   | 0       |
|   add_ln39_3991_fu_31101_p2                 |      |        | add_ln39_3991 | add       | fabric   | 0       |
|   add_ln39_3992_fu_31107_p2                 |      |        | add_ln39_3992 | add       | fabric   | 0       |
|   mul_32s_32s_32_1_1_U1458                  | 3    |        | mul_ln39_4000 | mul       | auto     | 0       |
|   mul_32s_32s_32_1_1_U275                   | 3    |        | mul_ln39_4001 | mul       | auto     | 0       |
|   mul_32s_32s_32_1_1_U1459                  | 3    |        | mul_ln39_4002 | mul       | auto     | 0       |
|   mul_32s_32s_32_1_1_U276                   | 3    |        | mul_ln39_4003 | mul       | auto     | 0       |
|   mul_32s_32s_32_1_1_U277                   | 3    |        | mul_ln39_4004 | mul       | auto     | 0       |
|   mul_32s_32s_32_1_1_U1460                  | 3    |        | mul_ln39_4005 | mul       | auto     | 0       |
|   mul_32s_32s_32_1_1_U1461                  | 3    |        | mul_ln39_4006 | mul       | auto     | 0       |
|   mul_32s_32s_32_1_1_U278                   | 3    |        | mul_ln39_4007 | mul       | auto     | 0       |
|   mul_32s_32s_32_1_1_U279                   | 3    |        | mul_ln39_4008 | mul       | auto     | 0       |
|   mul_32s_32s_32_1_1_U280                   | 3    |        | mul_ln39_4009 | mul       | auto     | 0       |
|   mul_32s_32s_32_1_1_U281                   | 3    |        | mul_ln39_4010 | mul       | auto     | 0       |
|   mul_32s_32s_32_1_1_U282                   | 3    |        | mul_ln39_4011 | mul       | auto     | 0       |
|   mul_32s_32s_32_1_1_U283                   | 3    |        | mul_ln39_4012 | mul       | auto     | 0       |
|   mul_32s_32s_32_1_1_U284                   | 3    |        | mul_ln39_4013 | mul       | auto     | 0       |
|   mul_32s_32s_32_1_1_U285                   | 3    |        | mul_ln39_4014 | mul       | auto     | 0       |
|   mul_32s_32s_32_1_1_U286                   | 3    |        | mul_ln39_4015 | mul       | auto     | 0       |
|   add_ln39_4001_fu_30321_p2                 |      |        | add_ln39_4001 | add       | fabric   | 0       |
|   add_ln39_4004_fu_30327_p2                 |      |        | add_ln39_4004 | add       | fabric   | 0       |
|   add_ln39_4007_fu_31135_p2                 |      |        | add_ln39_4007 | add       | fabric   | 0       |
|   grp_fu_15160_p2                           |      |        | add_ln39_4008 | add       | fabric   | 0       |
|   mul_32s_32s_32_1_1_U1462                  | 3    |        | mul_ln39_4016 | mul       | auto     | 0       |
|   mul_32s_32s_32_1_1_U287                   | 3    |        | mul_ln39_4017 | mul       | auto     | 0       |
|   mul_32s_32s_32_1_1_U1463                  | 3    |        | mul_ln39_4018 | mul       | auto     | 0       |
|   mul_32s_32s_32_1_1_U288                   | 3    |        | mul_ln39_4019 | mul       | auto     | 0       |
|   mul_32s_32s_32_1_1_U289                   | 3    |        | mul_ln39_4020 | mul       | auto     | 0       |
|   mul_32s_32s_32_1_1_U1464                  | 3    |        | mul_ln39_4021 | mul       | auto     | 0       |
|   mul_32s_32s_32_1_1_U1465                  | 3    |        | mul_ln39_4022 | mul       | auto     | 0       |
|   mul_32s_32s_32_1_1_U290                   | 3    |        | mul_ln39_4023 | mul       | auto     | 0       |
|   mul_32s_32s_32_1_1_U291                   | 3    |        | mul_ln39_4024 | mul       | auto     | 0       |
|   mul_32s_32s_32_1_1_U292                   | 3    |        | mul_ln39_4025 | mul       | auto     | 0       |
|   mul_32s_32s_32_1_1_U293                   | 3    |        | mul_ln39_4026 | mul       | auto     | 0       |
|   mul_32s_32s_32_1_1_U294                   | 3    |        | mul_ln39_4027 | mul       | auto     | 0       |
|   mul_32s_32s_32_1_1_U295                   | 3    |        | mul_ln39_4028 | mul       | auto     | 0       |
|   mul_32s_32s_32_1_1_U296                   | 3    |        | mul_ln39_4029 | mul       | auto     | 0       |
|   mul_32s_32s_32_1_1_U297                   | 3    |        | mul_ln39_4030 | mul       | auto     | 0       |
|   mul_32s_32s_32_1_1_U298                   | 3    |        | mul_ln39_4031 | mul       | auto     | 0       |
|   add_ln39_4017_fu_30333_p2                 |      |        | add_ln39_4017 | add       | fabric   | 0       |
|   add_ln39_4020_fu_30339_p2                 |      |        | add_ln39_4020 | add       | fabric   | 0       |
|   grp_fu_15088_p2                           |      |        | add_ln39_4023 | add       | fabric   | 0       |
|   add_ln39_4024_fu_31169_p2                 |      |        | add_ln39_4024 | add       | fabric   | 0       |
|   mul_32s_32s_32_1_1_U1466                  | 3    |        | mul_ln39_4032 | mul       | auto     | 0       |
|   mul_32s_32s_32_1_1_U299                   | 3    |        | mul_ln39_4033 | mul       | auto     | 0       |
|   mul_32s_32s_32_1_1_U1467                  | 3    |        | mul_ln39_4034 | mul       | auto     | 0       |
|   mul_32s_32s_32_1_1_U300                   | 3    |        | mul_ln39_4035 | mul       | auto     | 0       |
|   mul_32s_32s_32_1_1_U301                   | 3    |        | mul_ln39_4036 | mul       | auto     | 0       |
|   mul_32s_32s_32_1_1_U1468                  | 3    |        | mul_ln39_4037 | mul       | auto     | 0       |
|   mul_32s_32s_32_1_1_U1469                  | 3    |        | mul_ln39_4038 | mul       | auto     | 0       |
|   mul_32s_32s_32_1_1_U302                   | 3    |        | mul_ln39_4039 | mul       | auto     | 0       |
|   mul_32s_32s_32_1_1_U303                   | 3    |        | mul_ln39_4040 | mul       | auto     | 0       |
|   mul_32s_32s_32_1_1_U304                   | 3    |        | mul_ln39_4041 | mul       | auto     | 0       |
|   mul_32s_32s_32_1_1_U305                   | 3    |        | mul_ln39_4042 | mul       | auto     | 0       |
|   mul_32s_32s_32_1_1_U306                   | 3    |        | mul_ln39_4043 | mul       | auto     | 0       |
|   mul_32s_32s_32_1_1_U307                   | 3    |        | mul_ln39_4044 | mul       | auto     | 0       |
|   mul_32s_32s_32_1_1_U308                   | 3    |        | mul_ln39_4045 | mul       | auto     | 0       |
|   mul_32s_32s_32_1_1_U309                   | 3    |        | mul_ln39_4046 | mul       | auto     | 0       |
|   mul_32s_32s_32_1_1_U310                   | 3    |        | mul_ln39_4047 | mul       | auto     | 0       |
|   add_ln39_4033_fu_30345_p2                 |      |        | add_ln39_4033 | add       | fabric   | 0       |
|   add_ln39_4036_fu_30351_p2                 |      |        | add_ln39_4036 | add       | fabric   | 0       |
|   add_ln39_4039_fu_31209_p2                 |      |        | add_ln39_4039 | add       | fabric   | 0       |
|   add_ln39_4040_fu_31215_p2                 |      |        | add_ln39_4040 | add       | fabric   | 0       |
|   mul_32s_32s_32_1_1_U1470                  | 3    |        | mul_ln39_4048 | mul       | auto     | 0       |
|   mul_32s_32s_32_1_1_U311                   | 3    |        | mul_ln39_4049 | mul       | auto     | 0       |
|   mul_32s_32s_32_1_1_U1471                  | 3    |        | mul_ln39_4050 | mul       | auto     | 0       |
|   mul_32s_32s_32_1_1_U312                   | 3    |        | mul_ln39_4051 | mul       | auto     | 0       |
|   mul_32s_32s_32_1_1_U1472                  | 3    |        | mul_ln39_4052 | mul       | auto     | 0       |
|   mul_32s_32s_32_1_1_U1473                  | 3    |        | mul_ln39_4053 | mul       | auto     | 0       |
|   mul_32s_32s_32_1_1_U1474                  | 3    |        | mul_ln39_4054 | mul       | auto     | 0       |
|   mul_32s_32s_32_1_1_U313                   | 3    |        | mul_ln39_4055 | mul       | auto     | 0       |
|   mul_32s_32s_32_1_1_U314                   | 3    |        | mul_ln39_4056 | mul       | auto     | 0       |
|   mul_32s_32s_32_1_1_U315                   | 3    |        | mul_ln39_4057 | mul       | auto     | 0       |
|   mul_32s_32s_32_1_1_U316                   | 3    |        | mul_ln39_4058 | mul       | auto     | 0       |
|   mul_32s_32s_32_1_1_U317                   | 3    |        | mul_ln39_4059 | mul       | auto     | 0       |
|   mul_32s_32s_32_1_1_U318                   | 3    |        | mul_ln39_4060 | mul       | auto     | 0       |
|   mul_32s_32s_32_1_1_U319                   | 3    |        | mul_ln39_4061 | mul       | auto     | 0       |
|   mul_32s_32s_32_1_1_U320                   | 3    |        | mul_ln39_4062 | mul       | auto     | 0       |
|   mul_32s_32s_32_1_1_U321                   | 3    |        | mul_ln39_4063 | mul       | auto     | 0       |
|   add_ln39_4049_fu_30357_p2                 |      |        | add_ln39_4049 | add       | fabric   | 0       |
|   add_ln39_4052_fu_30363_p2                 |      |        | add_ln39_4052 | add       | fabric   | 0       |
|   add_ln39_4055_fu_31266_p2                 |      |        | add_ln39_4055 | add       | fabric   | 0       |
|   add_ln39_4056_fu_31272_p2                 |      |        | add_ln39_4056 | add       | fabric   | 0       |
|   mul_32s_32s_32_1_1_U322                   | 3    |        | mul_ln39_4064 | mul       | auto     | 0       |
|   mul_32s_32s_32_1_1_U323                   | 3    |        | mul_ln39_4065 | mul       | auto     | 0       |
|   mul_32s_32s_32_1_1_U324                   | 3    |        | mul_ln39_4066 | mul       | auto     | 0       |
|   mul_32s_32s_32_1_1_U267                   | 3    |        | mul_ln39_4067 | mul       | auto     | 0       |
|   mul_32s_32s_32_1_1_U268                   | 3    |        | mul_ln39_4068 | mul       | auto     | 0       |
|   mul_32s_32s_32_1_1_U269                   | 3    |        | mul_ln39_4069 | mul       | auto     | 0       |
|   mul_32s_32s_32_1_1_U270                   | 3    |        | mul_ln39_4070 | mul       | auto     | 0       |
|   mul_32s_32s_32_1_1_U271                   | 3    |        | mul_ln39_4071 | mul       | auto     | 0       |
|   mul_32s_32s_32_1_1_U272                   | 3    |        | mul_ln39_4072 | mul       | auto     | 0       |
|   mul_32s_32s_32_1_1_U273                   | 3    |        | mul_ln39_4073 | mul       | auto     | 0       |
|   mul_32s_32s_32_1_1_U274                   | 3    |        | mul_ln39_4074 | mul       | auto     | 0       |
|   mul_32s_32s_32_1_1_U325                   | 3    |        | mul_ln39_4075 | mul       | auto     | 0       |
|   mul_32s_32s_32_1_1_U326                   | 3    |        | mul_ln39_4076 | mul       | auto     | 0       |
|   mul_32s_32s_32_1_1_U327                   | 3    |        | mul_ln39_4077 | mul       | auto     | 0       |
|   mul_32s_32s_32_1_1_U328                   | 3    |        | mul_ln39_4078 | mul       | auto     | 0       |
|   mul_32s_32s_32_1_1_U329                   | 3    |        | mul_ln39_4079 | mul       | auto     | 0       |
|   add_ln39_4065_fu_31290_p2                 |      |        | add_ln39_4065 | add       | fabric   | 0       |
|   add_ln39_4068_fu_32106_p2                 |      |        | add_ln39_4068 | add       | fabric   | 0       |
|   add_ln39_4071_fu_32123_p2                 |      |        | add_ln39_4071 | add       | fabric   | 0       |
|   grp_fu_15082_p2                           |      |        | add_ln39_4072 | add       | fabric   | 0       |
|   mul_32s_32s_32_1_1_U275                   | 3    |        | mul_ln39_4080 | mul       | auto     | 0       |
|   mul_32s_32s_32_1_1_U276                   | 3    |        | mul_ln39_4081 | mul       | auto     | 0       |
|   mul_32s_32s_32_1_1_U277                   | 3    |        | mul_ln39_4082 | mul       | auto     | 0       |
|   mul_32s_32s_32_1_1_U278                   | 3    |        | mul_ln39_4083 | mul       | auto     | 0       |
|   mul_32s_32s_32_1_1_U279                   | 3    |        | mul_ln39_4084 | mul       | auto     | 0       |
|   mul_32s_32s_32_1_1_U280                   | 3    |        | mul_ln39_4085 | mul       | auto     | 0       |
|   mul_32s_32s_32_1_1_U281                   | 3    |        | mul_ln39_4086 | mul       | auto     | 0       |
|   mul_32s_32s_32_1_1_U282                   | 3    |        | mul_ln39_4087 | mul       | auto     | 0       |
|   mul_32s_32s_32_1_1_U159                   | 3    |        | mul_ln39_4088 | mul       | auto     | 0       |
|   mul_32s_32s_32_1_1_U160                   | 3    |        | mul_ln39_4089 | mul       | auto     | 0       |
|   mul_32s_32s_32_1_1_U161                   | 3    |        | mul_ln39_4090 | mul       | auto     | 0       |
|   mul_32s_32s_32_1_1_U162                   | 3    |        | mul_ln39_4091 | mul       | auto     | 0       |
|   mul_32s_32s_32_1_1_U163                   | 3    |        | mul_ln39_4092 | mul       | auto     | 0       |
|   mul_32s_32s_32_1_1_U164                   | 3    |        | mul_ln39_4093 | mul       | auto     | 0       |
|   mul_32s_32s_32_1_1_U165                   | 3    |        | mul_ln39_4094 | mul       | auto     | 0       |
|   mul_32s_32s_32_1_1_U166                   | 3    |        | mul_ln39_4095 | mul       | auto     | 0       |
|   add_ln39_4081_fu_32146_p2                 |      |        | add_ln39_4081 | add       | fabric   | 0       |
|   grp_fu_15160_p2                           |      |        | add_ln39_4084 | add       | fabric   | 0       |
|   add_ln39_4087_fu_32664_p2                 |      |        | add_ln39_4087 | add       | fabric   | 0       |
|   add_ln39_4088_fu_32669_p2                 |      |        | add_ln39_4088 | add       | fabric   | 0       |
|  + mmult_hw_Pipeline_init_i_init_j          | 0    |        |               |           |          |         |
|    icmp_ln21_fu_140_p2                      |      |        | icmp_ln21     | seteq     | auto     | 0       |
|    add_ln21_1_fu_146_p2                     |      |        | add_ln21_1    | add       | fabric   | 0       |
|    add_ln21_fu_158_p2                       |      |        | add_ln21      | add       | fabric   | 0       |
|    icmp_ln22_fu_164_p2                      |      |        | icmp_ln22     | seteq     | auto     | 0       |
|    select_ln21_fu_170_p3                    |      |        | select_ln21   | select    | auto_sel | 0       |
|    select_ln21_1_fu_178_p3                  |      |        | select_ln21_1 | select    | auto_sel | 0       |
|    add_ln22_fu_220_p2                       |      |        | add_ln22      | add       | fabric   | 0       |
|  + mmult_hw_Pipeline_load_a_VITIS_LOOP_27_1 | 2    |        |               |           |          |         |
|    icmp_ln26_fu_228_p2                      |      |        | icmp_ln26     | seteq     | auto     | 0       |
|    add_ln26_4_fu_234_p2                     |      |        | add_ln26_4    | add       | fabric   | 0       |
|    add_ln26_2_fu_246_p2                     |      |        | add_ln26_2    | add       | fabric   | 0       |
|    icmp_ln27_fu_252_p2                      |      |        | icmp_ln27     | seteq     | auto     | 0       |
|    select_ln26_fu_258_p3                    |      |        | select_ln26   | select    | auto_sel | 0       |
|    select_ln26_1_fu_266_p3                  |      |        | select_ln26_1 | select    | auto_sel | 0       |
|    first_iter_1_fu_278_p2                   |      |        | first_iter_1  | seteq     | auto     | 0       |
|    mul_5ns_32s_37_1_1_U5                    | 2    |        | mul_ln26      | mul       | auto     | 0       |
|    add_ln26_1_fu_353_p2                     |      |        | add_ln26_1    | add       | fabric   | 0       |
|    add_ln27_fu_298_p2                       |      |        | add_ln27      | add       | fabric   | 0       |
|  + mmult_hw_Pipeline_load_b_VITIS_LOOP_30_2 | 2    |        |               |           |          |         |
|    icmp_ln29_fu_230_p2                      |      |        | icmp_ln29     | seteq     | auto     | 0       |
|    add_ln29_4_fu_236_p2                     |      |        | add_ln29_4    | add       | fabric   | 0       |
|    add_ln29_2_fu_248_p2                     |      |        | add_ln29_2    | add       | fabric   | 0       |
|    icmp_ln30_fu_254_p2                      |      |        | icmp_ln30     | seteq     | auto     | 0       |
|    select_ln29_fu_260_p3                    |      |        | select_ln29   | select    | auto_sel | 0       |
|    select_ln29_1_fu_268_p3                  |      |        | select_ln29_1 | select    | auto_sel | 0       |
|    first_iter_2_fu_276_p2                   |      |        | first_iter_2  | seteq     | auto     | 0       |
|    mul_5ns_32s_36_1_1_U16                   | 2    |        | mul_ln29      | mul       | auto     | 0       |
|    add_ln29_fu_292_p2                       |      |        | add_ln29      | add       | fabric   | 0       |
|    add_ln29_3_fu_354_p2                     |      |        | add_ln29_3    | add       | fabric   | 0       |
|    add_ln29_1_fu_371_p2                     |      |        | add_ln29_1    | add       | fabric   | 0       |
|    add_ln31_fu_324_p2                       |      |        | add_ln31      | add       | fabric   | 0       |
|    add_ln30_fu_330_p2                       |      |        | add_ln30      | add       | fabric   | 0       |
|  + mmult_hw_Pipeline_store_i_store_j        | 2    |        |               |           |          |         |
|    icmp_ln44_fu_242_p2                      |      |        | icmp_ln44     | seteq     | auto     | 0       |
|    add_ln44_1_fu_248_p2                     |      |        | add_ln44_1    | add       | fabric   | 0       |
|    add_ln44_fu_260_p2                       |      |        | add_ln44      | add       | fabric   | 0       |
|    icmp_ln45_fu_266_p2                      |      |        | icmp_ln45     | seteq     | auto     | 0       |
|    select_ln44_fu_272_p3                    |      |        | select_ln44   | select    | auto_sel | 0       |
|    select_ln44_1_fu_280_p3                  |      |        | select_ln44_1 | select    | auto_sel | 0       |
|    first_iter_3_fu_292_p2                   |      |        | first_iter_3  | seteq     | auto     | 0       |
|    mul_5ns_32s_37_1_1_U27                   | 2    |        | empty_26      | mul       | auto     | 0       |
|    empty_28_fu_373_p2                       |      |        | empty_28      | add       | fabric   | 0       |
|    sparsemux_9_2_32_1_1_U28                 |      |        | tmp           | sparsemux | auto     | 0       |
|    add_ln45_fu_312_p2                       |      |        | add_ln45      | add       | fabric   | 0       |
|    icmp_ln45_1_fu_318_p2                    |      |        | icmp_ln45_1   | seteq     | auto     | 0       |
+---------------------------------------------+------+--------+---------------+-----------+----------+---------+


================================================================
== Storage Report
================================================================
+----------------+---------------+-----------+------+------+--------+----------+------+---------+------------------+
| Name           | Usage         | Type      | BRAM | URAM | Pragma | Variable | Impl | Latency | Bitwidth, Depth, |
|                |               |           |      |      |        |          |      |         | Banks            |
+----------------+---------------+-----------+------+------+--------+----------+------+---------+------------------+
| + mmult_hw     |               |           | 28   | 0    |        |          |      |         |                  |
|   CTRL_s_axi_U | interface     | s_axilite |      |      |        |          |      |         |                  |
|   gmem_m_axi_U | interface     | m_axi     | 4    |      |        |          |      |         |                  |
|   tA_U         | ram_s2p array |           | 2    |      |        | tA       | auto | 1       | 32, 64, 1        |
|   tA_1_U       | ram_s2p array |           | 2    |      |        | tA_1     | auto | 1       | 32, 64, 1        |
|   tA_2_U       | ram_s2p array |           | 2    |      |        | tA_2     | auto | 1       | 32, 64, 1        |
|   tA_3_U       | ram_s2p array |           | 2    |      |        | tA_3     | auto | 1       | 32, 64, 1        |
|   tB_U         | ram_s2p array |           | 2    |      |        | tB       | auto | 1       | 32, 64, 1        |
|   tB_1_U       | ram_s2p array |           | 2    |      |        | tB_1     | auto | 1       | 32, 64, 1        |
|   tB_2_U       | ram_s2p array |           | 2    |      |        | tB_2     | auto | 1       | 32, 64, 1        |
|   tB_3_U       | ram_s2p array |           | 2    |      |        | tB_3     | auto | 1       | 32, 64, 1        |
|   tC_U         | ram_t2p array |           | 2    |      |        | tC       | auto | 1       | 32, 64, 1        |
|   tC_1_U       | ram_t2p array |           | 2    |      |        | tC_1     | auto | 1       | 32, 64, 1        |
|   tC_2_U       | ram_t2p array |           | 2    |      |        | tC_2     | auto | 1       | 32, 64, 1        |
|   tC_3_U       | ram_t2p array |           | 2    |      |        | tC_3     | auto | 1       | 32, 64, 1        |
+----------------+---------------+-----------+------+------+--------+----------+------+---------+------------------+


================================================================
== Pragma Report
================================================================
* Valid Pragma Syntax
+-----------------+-----------------------------------+-------------------------------------------+
| Type            | Options                           | Location                                  |
+-----------------+-----------------------------------+-------------------------------------------+
| interface       | m_axi depth=16384 port=in1        | mmult_baseline.cpp:9 in mmult_hw, in1     |
| interface       | m_axi depth=16384 port=in2        | mmult_baseline.cpp:10 in mmult_hw, in2    |
| interface       | m_axi depth=16384 port=out        | mmult_baseline.cpp:11 in mmult_hw, out    |
| interface       | s_axilite port=dim bundle=CTRL    | mmult_baseline.cpp:12 in mmult_hw, dim    |
| interface       | s_axilite port=return bundle=CTRL | mmult_baseline.cpp:13 in mmult_hw, return |
| array_partition | variable=tA cyclic factor=4 dim=2 | mmult_baseline.cpp:16 in mmult_hw, tA     |
| array_partition | variable=tB cyclic factor=4 dim=1 | mmult_baseline.cpp:17 in mmult_hw, tB     |
| array_partition | variable=tC cyclic factor=4 dim=2 | mmult_baseline.cpp:18 in mmult_hw, tC     |
| unroll          |                                   | mmult_baseline.cpp:33 in mmult_hw         |
| unroll          |                                   | mmult_baseline.cpp:35 in mmult_hw         |
| unroll          |                                   | mmult_baseline.cpp:38 in mmult_hw         |
| pipeline        | II=1                              | mmult_baseline.cpp:46 in mmult_hw         |
+-----------------+-----------------------------------+-------------------------------------------+


