parallelismSelector::VERBO: Summary of inputs: 
parallelismSelector::VERBO: Output directory: "C:\GitRepos\EECE4632\Lab4\dct\dct\hls\csim\code_analyzer\output"
parallelismSelector::VERBO: spec:0:0: info: Will use basepath at location C:\GitRepos\EECE4632\Lab4\dct
parallelismSelector::VERBO: FPGA clock frequency is set to 125 MHz
parallelismSelector::VERBO: Will use user-driven complete partitioning settings
parallelismSelector::VERBO: Arrays with less than or equal to 4 elements that appear in the codegen directives will be completely partitioned
parallelismSelector::VERBO: spec:0:0: info: Will use IR Module file at location C:\GitRepos\EECE4632\Lab4\dct\dct\hls\csim\code_analyzer\.internal\instrument\app_0\project.symbols.bc
parallelismSelector::VERBO: FPGA frequency: 125000000 Hz
parallelismSelector::VERBO: Using FPGA frequency for HLS estimations: 200000000 Hz
parallelismSelector::VERBO: [Model Builder] Extracting logic model object from: C:\Xilinx\Vitis_HLS\2024.1\vcxx\data\platform\logic\zynquplus.logic
parallelismSelector::VERBO: Using Program Model file: C:\GitRepos\EECE4632\Lab4\dct\dct\hls\csim\code_analyzer\output\reduced_programmodel.app
parallelismSelector::VERBO: Device characteristics: Area -- (LUTs: 70560, FFs: 141120, DSPs: 360, BRAMs: 432, URAMs: 0)
parallelismSelector::VERBO: Maximum area for the hardware functions: AreaConstraint -- (LUTs: 70560, FFs: 141120, DSPs: 360, BRAMs: 432, URAMs: 0)
parallelismSelector::VERBO: Code Analyzer Id: 0
parallelismSelector::VERBO: Dataflow Hardware Function: dct
parallelismSelector::VERBO: Adding outline as primary transformation
parallelismSelector::VERBO: RecipeFile: "C:\GitRepos\EECE4632\Lab4\dct\dct\hls\csim\code_analyzer\.internal\dataflow\0\recipe.json"
parallelismSelector::VERBO: Applying transformation: (region_outline)
parallelismSelector::VERBO: Applying transformation: (outline)
parallelismSelector::VERBO: Alias Equivalence: (Var <- { Pointees })
                              48 <- {48}
                              49 <- {49}
                              52 <- {48, 74}
                              53 <- {50, 73}
                              56 <- {50, 75}
                              57 <- {51, 76}
                              63 <- {51, 77}
                              64 <- {49, 78}
                              67 <- {50, 56, 60, 75}
                              68 <- {58, 59}
                              73 <- {50}
                              74 <- {48}
                              75 <- {50}
                              76 <- {51}
                              77 <- {51}
                              78 <- {49}
                            
parallelismSelector::VERBO: Variable Infos:
parallelismSelector::VERBO:     'input' C:/GitRepos/EECE4632/Lab4/dct\../dct_ref/dct.cpp:83:0 VariableId 48
                                  ElementBitsize=16
                                  IsHlsStream=no
                                  FunctionId= 226
                                  IsArray=yes
                                  IsValidArray=yes
                                  IsArgument=yes
                                  Elements=[ 64 ]
                                  HlsStream=--
                                  HasInsertionLoc=yes
                                  IsFromSystemFunction=no
parallelismSelector::VERBO:     'output' C:/GitRepos/EECE4632/Lab4/dct\../dct_ref/dct.cpp:83:0 VariableId 49
                                  ElementBitsize=16
                                  IsHlsStream=no
                                  FunctionId= 226
                                  IsArray=yes
                                  IsValidArray=yes
                                  IsArgument=yes
                                  Elements=[ 64 ]
                                  HlsStream=--
                                  HasInsertionLoc=yes
                                  IsFromSystemFunction=no
parallelismSelector::VERBO:     'buf_2d_in' C:/GitRepos/EECE4632/Lab4/dct\../dct_ref/dct.cpp:86:0 VariableId 50
                                  ElementBitsize=16
                                  IsHlsStream=no
                                  FunctionId= 226
                                  IsArray=yes
                                  IsValidArray=yes
                                  IsArgument=no
                                  Elements=[ 8,  8 ]
                                  HlsStream=--
                                  HasInsertionLoc=yes
                                  IsFromSystemFunction=no
parallelismSelector::VERBO:     'buf_2d_out' C:/GitRepos/EECE4632/Lab4/dct\../dct_ref/dct.cpp:87:0 VariableId 51
                                  ElementBitsize=16
                                  IsHlsStream=no
                                  FunctionId= 226
                                  IsArray=yes
                                  IsValidArray=yes
                                  IsArgument=no
                                  Elements=[ 8,  8 ]
                                  HlsStream=--
                                  HasInsertionLoc=yes
                                  IsFromSystemFunction=no
parallelismSelector::VERBO:     'input' C:/GitRepos/EECE4632/Lab4/dct\../dct_ref/dct.cpp:58:0 VariableId 52
                                  ElementBitsize=16
                                  IsHlsStream=no
                                  FunctionId= 227
                                  IsArray=yes
                                  IsValidArray=yes
                                  IsArgument=yes
                                  Elements=[ 64 ]
                                  HlsStream=--
                                  HasInsertionLoc=yes
                                  IsFromSystemFunction=no
parallelismSelector::VERBO:     'buf' C:/GitRepos/EECE4632/Lab4/dct\../dct_ref/dct.cpp:58:0 VariableId 53
                                  ElementBitsize=16
                                  IsHlsStream=no
                                  FunctionId= 227
                                  IsArray=yes
                                  IsValidArray=yes
                                  IsArgument=yes
                                  Elements=[ 8,  8 ]
                                  HlsStream=--
                                  HasInsertionLoc=yes
                                  IsFromSystemFunction=no
parallelismSelector::VERBO:     'in_block' C:/GitRepos/EECE4632/Lab4/dct\../dct_ref/dct.cpp:27:0 VariableId 56
                                  ElementBitsize=16
                                  IsHlsStream=no
                                  FunctionId= 228
                                  IsArray=yes
                                  IsValidArray=yes
                                  IsArgument=yes
                                  Elements=[ 8,  8 ]
                                  HlsStream=--
                                  HasInsertionLoc=yes
                                  IsFromSystemFunction=no
parallelismSelector::VERBO:     'out_block' C:/GitRepos/EECE4632/Lab4/dct\../dct_ref/dct.cpp:28:0 VariableId 57
                                  ElementBitsize=16
                                  IsHlsStream=no
                                  FunctionId= 228
                                  IsArray=yes
                                  IsValidArray=yes
                                  IsArgument=yes
                                  Elements=[ 8,  8 ]
                                  HlsStream=--
                                  HasInsertionLoc=yes
                                  IsFromSystemFunction=no
parallelismSelector::VERBO:     'row_outbuf' C:/GitRepos/EECE4632/Lab4/dct\../dct_ref/dct.cpp:30:0 VariableId 58
                                  ElementBitsize=16
                                  IsHlsStream=no
                                  FunctionId= 228
                                  IsArray=yes
                                  IsValidArray=yes
                                  IsArgument=no
                                  Elements=[ 8,  8 ]
                                  HlsStream=--
                                  HasInsertionLoc=yes
                                  IsFromSystemFunction=no
parallelismSelector::VERBO:     'col_outbuf' C:/GitRepos/EECE4632/Lab4/dct\../dct_ref/dct.cpp:31:0 VariableId 59
                                  ElementBitsize=16
                                  IsHlsStream=no
                                  FunctionId= 228
                                  IsArray=yes
                                  IsValidArray=yes
                                  IsArgument=no
                                  Elements=[ 8,  8 ]
                                  HlsStream=--
                                  HasInsertionLoc=yes
                                  IsFromSystemFunction=no
parallelismSelector::VERBO:     'col_inbuf' C:/GitRepos/EECE4632/Lab4/dct\../dct_ref/dct.cpp:31:0 VariableId 60
                                  ElementBitsize=16
                                  IsHlsStream=no
                                  FunctionId= 228
                                  IsArray=yes
                                  IsValidArray=yes
                                  IsArgument=no
                                  Elements=[ 8,  8 ]
                                  HlsStream=--
                                  HasInsertionLoc=yes
                                  IsFromSystemFunction=no
parallelismSelector::VERBO:     'buf' C:/GitRepos/EECE4632/Lab4/dct\../dct_ref/dct.cpp:71:0 VariableId 63
                                  ElementBitsize=16
                                  IsHlsStream=no
                                  FunctionId= 229
                                  IsArray=yes
                                  IsValidArray=yes
                                  IsArgument=yes
                                  Elements=[ 8,  8 ]
                                  HlsStream=--
                                  HasInsertionLoc=yes
                                  IsFromSystemFunction=no
parallelismSelector::VERBO:     'output' C:/GitRepos/EECE4632/Lab4/dct\../dct_ref/dct.cpp:71:0 VariableId 64
                                  ElementBitsize=16
                                  IsHlsStream=no
                                  FunctionId= 229
                                  IsArray=yes
                                  IsValidArray=yes
                                  IsArgument=yes
                                  Elements=[ 64 ]
                                  HlsStream=--
                                  HasInsertionLoc=yes
                                  IsFromSystemFunction=no
parallelismSelector::VERBO:     'src' C:/GitRepos/EECE4632/Lab4/dct\../dct_ref/dct.cpp:8:0 VariableId 67
                                  ElementBitsize=16
                                  IsHlsStream=no
                                  FunctionId= 230
                                  IsArray=yes
                                  IsValidArray=yes
                                  IsArgument=yes
                                  Elements=[ 8 ]
                                  HlsStream=--
                                  HasInsertionLoc=yes
                                  IsFromSystemFunction=no
parallelismSelector::VERBO:     'dst' C:/GitRepos/EECE4632/Lab4/dct\../dct_ref/dct.cpp:8:0 VariableId 68
                                  ElementBitsize=16
                                  IsHlsStream=no
                                  FunctionId= 230
                                  IsArray=yes
                                  IsValidArray=yes
                                  IsArgument=yes
                                  Elements=[ 8 ]
                                  HlsStream=--
                                  HasInsertionLoc=yes
                                  IsFromSystemFunction=no
parallelismSelector::VERBO:     'buf_2d_in' C:/GitRepos/EECE4632/Lab4/dct\../dct_ref/dct.cpp:86:0 VariableId 73
                                  ElementBitsize=16
                                  IsHlsStream=no
                                  FunctionId= 231
                                  IsArray=yes
                                  IsValidArray=no
                                  IsArgument=yes
                                  Elements=[--,  8,  8 ]
                                  HlsStream=--
                                  HasInsertionLoc=yes
                                  IsFromSystemFunction=no
parallelismSelector::VERBO:     'input' C:/GitRepos/EECE4632/Lab4/dct\../dct_ref/dct.cpp:83:0 VariableId 74
                                  ElementBitsize=16
                                  IsHlsStream=no
                                  FunctionId= 231
                                  IsArray=yes
                                  IsValidArray=yes
                                  IsArgument=yes
                                  Elements=[ 64 ]
                                  HlsStream=--
                                  HasInsertionLoc=yes
                                  IsFromSystemFunction=no
parallelismSelector::VERBO:     'buf_2d_in' C:/GitRepos/EECE4632/Lab4/dct\../dct_ref/dct.cpp:86:0 VariableId 75
                                  ElementBitsize=16
                                  IsHlsStream=no
                                  FunctionId= 232
                                  IsArray=yes
                                  IsValidArray=no
                                  IsArgument=yes
                                  Elements=[--,  8,  8 ]
                                  HlsStream=--
                                  HasInsertionLoc=yes
                                  IsFromSystemFunction=no
parallelismSelector::VERBO:     'buf_2d_out' C:/GitRepos/EECE4632/Lab4/dct\../dct_ref/dct.cpp:87:0 VariableId 76
                                  ElementBitsize=16
                                  IsHlsStream=no
                                  FunctionId= 232
                                  IsArray=yes
                                  IsValidArray=no
                                  IsArgument=yes
                                  Elements=[--,  8,  8 ]
                                  HlsStream=--
                                  HasInsertionLoc=yes
                                  IsFromSystemFunction=no
parallelismSelector::VERBO:     'buf_2d_out' C:/GitRepos/EECE4632/Lab4/dct\../dct_ref/dct.cpp:87:0 VariableId 77
                                  ElementBitsize=16
                                  IsHlsStream=no
                                  FunctionId= 233
                                  IsArray=yes
                                  IsValidArray=no
                                  IsArgument=yes
                                  Elements=[--,  8,  8 ]
                                  HlsStream=--
                                  HasInsertionLoc=yes
                                  IsFromSystemFunction=no
parallelismSelector::VERBO:     'output' C:/GitRepos/EECE4632/Lab4/dct\../dct_ref/dct.cpp:83:0 VariableId 78
                                  ElementBitsize=16
                                  IsHlsStream=no
                                  FunctionId= 233
                                  IsArray=yes
                                  IsValidArray=yes
                                  IsArgument=yes
                                  Elements=[ 64 ]
                                  HlsStream=--
                                  HasInsertionLoc=yes
                                  IsFromSystemFunction=no
parallelismSelector::VERBO:     'dct_coeff_table' C:/GitRepos/EECE4632/Lab4/dct\../dct_ref/dct.cpp:12:0 VariableId 89
                                  ElementBitsize=16
                                  IsHlsStream=no
                                  FunctionId= 230
                                  IsArray=yes
                                  IsValidArray=yes
                                  IsArgument=no
                                  Elements=[ 8,  8 ]
                                  HlsStream=--
                                  HasInsertionLoc=yes
                                  IsFromSystemFunction=no
parallelismSelector::VERBO: Equivalence table
                             Object with value: 48 is mapped to the object with value: 48
                             Object with value: 49 is mapped to the object with value: 49
                             Object with value: 50 is mapped to the object with value: 50
                             Object with value: 51 is mapped to the object with value: 51
                             Object with value: 52 is mapped to the object with value: 48
                             Object with value: 53 is mapped to the object with value: 50
                             Object with value: 56 is mapped to the object with value: 50
                             Object with value: 57 is mapped to the object with value: 51
                             Object with value: 58 is mapped to the object with value: 58
                             Object with value: 59 is mapped to the object with value: 58
                             Object with value: 60 is mapped to the object with value: 50
                             Object with value: 63 is mapped to the object with value: 51
                             Object with value: 64 is mapped to the object with value: 49
                             Object with value: 67 is mapped to the object with value: 50
                             Object with value: 68 is mapped to the object with value: 58
                             Object with value: 73 is mapped to the object with value: 50
                             Object with value: 74 is mapped to the object with value: 48
                             Object with value: 75 is mapped to the object with value: 50
                             Object with value: 76 is mapped to the object with value: 51
                             Object with value: 77 is mapped to the object with value: 51
                             Object with value: 78 is mapped to the object with value: 49
                             Object with value: 89 is mapped to the object with value: 89
                            
parallelismSelector::VERBO: Creating MAs for _GLOBAL__sub_I_dct_test.cpp
parallelismSelector::VERBO: Creating MAs for __cxx_global_var_init
parallelismSelector::VERBO: Creating MAs for _GLOBAL__sub_I_dct.cpp
parallelismSelector::VERBO: Creating MAs for __cxx_global_var_init.2
parallelismSelector::VERBO: Creating MAs for _GLOBAL__sub_I_dct.cpp.6
parallelismSelector::VERBO: Creating MAs for __cxx_global_var_init.7
parallelismSelector::VERBO: Creating MAs for dct
parallelismSelector::VERBO: Creating MAs for _Z9read_dataPsPA8_s
parallelismSelector::VERBO:     HMA (VariableId 52)  %i5 = load i16, i16* %arrayidx, align 2, !dbg !1055, !tbaa !1057 Scev: {{%input,+,16}<nuw><%for.body>,+,2}<nuw><%for.body3>: IndexFunction: 0 1 8
parallelismSelector::VERBO:     HMA (VariableId 53)  store i16 %i5, i16* %arrayidx7, align 2, !dbg !1065, !tbaa !1057 Scev: {{%buf,+,16}<nuw><%for.body>,+,2}<nuw><%for.body3>: IndexFunction: 0 1 8
parallelismSelector::VERBO: Creating MAs for _Z6dct_2dPA8_sS0_
parallelismSelector::VERBO:     HMA (VariableId 58)  %i10 = load i16, i16* %arrayidx13, align 2, !dbg !1119, !tbaa !1121 Scev: {{%row_outbuf,+,2}<nuw><%for.body6>,+,16}<nuw><%for.body9>: IndexFunction: 0 8 1
parallelismSelector::VERBO:     HMA (VariableId 60)  store i16 %i10, i16* %arrayidx17, align 2, !dbg !1127, !tbaa !1121 Scev: {{%col_inbuf,+,16}<nuw><%for.body6>,+,2}<nuw><%for.body9>: IndexFunction: 0 1 8
parallelismSelector::VERBO:     HMA (VariableId 59)  %i23 = load i16, i16* %arrayidx45, align 2, !dbg !1215, !tbaa !1121 Scev: {{%col_outbuf,+,2}<nuw><%for.body38>,+,16}<nuw><%for.body41>: IndexFunction: 0 8 1
parallelismSelector::VERBO:     HMA (VariableId 57)  store i16 %i23, i16* %arrayidx49, align 2, !dbg !1219, !tbaa !1121 Scev: {{%out_block,+,16}<nuw><%for.body38>,+,2}<nuw><%for.body41>: IndexFunction: 0 1 8
parallelismSelector::VERBO: Creating MAs for _Z10write_dataPA8_sPs
parallelismSelector::VERBO:     HMA (VariableId 63)  %i5 = load i16, i16* %arrayidx5, align 2, !dbg !1053, !tbaa !1055 Scev: {{%buf,+,16}<nuw><%for.body>,+,2}<nuw><%for.body3>: IndexFunction: 0 1 8
parallelismSelector::VERBO:     HMA (VariableId 64)  store i16 %i5, i16* %arrayidx7, align 2, !dbg !1065, !tbaa !1055 Scev: {{%output,+,16}<nuw><%for.body>,+,2}<nuw><%for.body3>: IndexFunction: 0 1 8
parallelismSelector::VERBO: Creating MAs for _Z6dct_1dPsS_
parallelismSelector::VERBO:     HMA (VariableId 67)  %i8 = load i16, i16* %arrayidx7, align 2, !dbg !1062, !tbaa !1064 Scev: {%src,+,2}<nuw><%for.body3>: IndexFunction: 0 1 0
parallelismSelector::VERBO:     HMA (VariableId 89)  %i5 = load i16, i16* %arrayidx5, align 2, !dbg !1073, !tbaa !1064 Scev: {{@__const._Z6dct_1dPsS_.dct_coeff_table.16,+,16}<nuw><%for.body>,+,2}<nuw><%for.body3>: IndexFunction: 0 1 8
parallelismSelector::VERBO:     HMA (VariableId 68)  store i16 %conv10, i16* %arrayidx12, align 2, !dbg !1108, !tbaa !1064 Scev: {%dst,+,2}<nw><%for.body>: IndexFunction: 0 1
parallelismSelector::VERBO: Creating MAs for Outline_T3_F226_R2_Call
parallelismSelector::VERBO: Creating MAs for Outline_T4_F226_R3_Call
parallelismSelector::VERBO: Creating MAs for Outline_T5_F226_R4_Call
parallelismSelector::VERBO: Nesting structure:
                            +- Loop with id 18, Label=RD_Loop_Row, HasPerfectlyNestedSubLoop=1, HasComputableTotalTC=1, TripCount= 8, StaticTripCountUpperBound= 8, MaxDynamicTripCount= 8, MinDynamicTripCount= 8, IsCompilerGenerated=0, HasInsertionLoc=1, HasUserInputPragma=0, hasRAW=0, Loc=C:/GitRepos/EECE4632/Lab4/dct\../dct_ref/dct.cpp:63:4
                               +- Loop with id 19, Label=RD_Loop_Col, HasPerfectlyNestedSubLoop=0, HasComputableTotalTC=1, TripCount= 8, StaticTripCountUpperBound= 8, MaxDynamicTripCount= 8, MinDynamicTripCount= 8, IsCompilerGenerated=0, HasInsertionLoc=1, HasUserInputPragma=0, hasRAW=0, Loc=C:/GitRepos/EECE4632/Lab4/dct\../dct_ref/dct.cpp:65:7, Vars=48,50,
                            +- Loop with id 25, Label=Row_DCT_Loop, HasPerfectlyNestedSubLoop=0, HasComputableTotalTC=1, TripCount= 8, StaticTripCountUpperBound= 8, MaxDynamicTripCount= 8, MinDynamicTripCount= 8, IsCompilerGenerated=0, HasInsertionLoc=1, HasUserInputPragma=0, hasRAW=0, Loc=C:/GitRepos/EECE4632/Lab4/dct\../dct_ref/dct.cpp:36:4
                               +- Loop with id 28, Label=DCT_Outer_Loop, HasPerfectlyNestedSubLoop=0, HasComputableTotalTC=1, TripCount= 8, StaticTripCountUpperBound= 8, MaxDynamicTripCount= 8, MinDynamicTripCount= 8, IsCompilerGenerated=0, HasInsertionLoc=1, HasUserInputPragma=0, hasRAW=0, Loc=C:/GitRepos/EECE4632/Lab4/dct\../dct_ref/dct.cpp:17:4, Vars=58,
                                  +- Loop with id 29, Label=DCT_Inner_Loop, HasPerfectlyNestedSubLoop=0, HasComputableTotalTC=1, TripCount= 8, StaticTripCountUpperBound= 8, MaxDynamicTripCount= 8, MinDynamicTripCount= 8, IsCompilerGenerated=0, HasInsertionLoc=1, HasUserInputPragma=0, hasRAW=0, Loc=C:/GitRepos/EECE4632/Lab4/dct\../dct_ref/dct.cpp:19:7, Vars=50,89,
                            +- Loop with id 23, Label=Xpose_Row_Outer_Loop, HasPerfectlyNestedSubLoop=1, HasComputableTotalTC=1, TripCount= 8, StaticTripCountUpperBound= 8, MaxDynamicTripCount= 8, MinDynamicTripCount= 8, IsCompilerGenerated=0, HasInsertionLoc=1, HasUserInputPragma=0, hasRAW=0, Loc=C:/GitRepos/EECE4632/Lab4/dct\../dct_ref/dct.cpp:41:4
                               +- Loop with id 24, Label=Xpose_Row_Inner_Loop, HasPerfectlyNestedSubLoop=0, HasComputableTotalTC=1, TripCount= 8, StaticTripCountUpperBound= 8, MaxDynamicTripCount= 8, MinDynamicTripCount= 8, IsCompilerGenerated=0, HasInsertionLoc=1, HasUserInputPragma=0, hasRAW=0, Loc=C:/GitRepos/EECE4632/Lab4/dct\../dct_ref/dct.cpp:43:7, Vars=50,58,
                            +- Loop with id 22, Label=Col_DCT_Loop, HasPerfectlyNestedSubLoop=0, HasComputableTotalTC=1, TripCount= 8, StaticTripCountUpperBound= 8, MaxDynamicTripCount= 8, MinDynamicTripCount= 8, IsCompilerGenerated=0, HasInsertionLoc=1, HasUserInputPragma=0, hasRAW=0, Loc=C:/GitRepos/EECE4632/Lab4/dct\../dct_ref/dct.cpp:47:4
                               +- Loop with id 28, Label=DCT_Outer_Loop, HasPerfectlyNestedSubLoop=0, HasComputableTotalTC=1, TripCount= 8, StaticTripCountUpperBound= 8, MaxDynamicTripCount= 8, MinDynamicTripCount= 8, IsCompilerGenerated=0, HasInsertionLoc=1, HasUserInputPragma=0, hasRAW=0, Loc=C:/GitRepos/EECE4632/Lab4/dct\../dct_ref/dct.cpp:17:4, Vars=58,
                                  +- Loop with id 29, Label=DCT_Inner_Loop, HasPerfectlyNestedSubLoop=0, HasComputableTotalTC=1, TripCount= 8, StaticTripCountUpperBound= 8, MaxDynamicTripCount= 8, MinDynamicTripCount= 8, IsCompilerGenerated=0, HasInsertionLoc=1, HasUserInputPragma=0, hasRAW=0, Loc=C:/GitRepos/EECE4632/Lab4/dct\../dct_ref/dct.cpp:19:7, Vars=50,89,
                            +- Loop with id 20, Label=Xpose_Col_Outer_Loop, HasPerfectlyNestedSubLoop=1, HasComputableTotalTC=1, TripCount= 8, StaticTripCountUpperBound= 8, MaxDynamicTripCount= 8, MinDynamicTripCount= 8, IsCompilerGenerated=0, HasInsertionLoc=1, HasUserInputPragma=0, hasRAW=0, Loc=C:/GitRepos/EECE4632/Lab4/dct\../dct_ref/dct.cpp:52:4
                               +- Loop with id 21, Label=Xpose_Col_Inner_Loop, HasPerfectlyNestedSubLoop=0, HasComputableTotalTC=1, TripCount= 8, StaticTripCountUpperBound= 8, MaxDynamicTripCount= 8, MinDynamicTripCount= 8, IsCompilerGenerated=0, HasInsertionLoc=1, HasUserInputPragma=0, hasRAW=0, Loc=C:/GitRepos/EECE4632/Lab4/dct\../dct_ref/dct.cpp:54:7, Vars=51,58,
                            +- Loop with id 26, Label=WR_Loop_Row, HasPerfectlyNestedSubLoop=1, HasComputableTotalTC=1, TripCount= 8, StaticTripCountUpperBound= 8, MaxDynamicTripCount= 8, MinDynamicTripCount= 8, IsCompilerGenerated=0, HasInsertionLoc=1, HasUserInputPragma=0, hasRAW=0, Loc=C:/GitRepos/EECE4632/Lab4/dct\../dct_ref/dct.cpp:76:4
                               +- Loop with id 27, Label=WR_Loop_Col, HasPerfectlyNestedSubLoop=0, HasComputableTotalTC=1, TripCount= 8, StaticTripCountUpperBound= 8, MaxDynamicTripCount= 8, MinDynamicTripCount= 8, IsCompilerGenerated=0, HasInsertionLoc=1, HasUserInputPragma=0, hasRAW=0, Loc=C:/GitRepos/EECE4632/Lab4/dct\../dct_ref/dct.cpp:78:7, Vars=49,51,
                            
parallelismSelector::VERBO: Nesting structure after dynamic trip count update:
                            +- Loop with id 18, Label=RD_Loop_Row, HasPerfectlyNestedSubLoop=1, HasComputableTotalTC=1, TripCount= 8, StaticTripCountUpperBound= 8, MaxDynamicTripCount= 8, MinDynamicTripCount= 8, IsCompilerGenerated=0, HasInsertionLoc=1, HasUserInputPragma=0, hasRAW=0, Loc=C:/GitRepos/EECE4632/Lab4/dct\../dct_ref/dct.cpp:63:4
                               +- Loop with id 19, Label=RD_Loop_Col, HasPerfectlyNestedSubLoop=0, HasComputableTotalTC=1, TripCount= 8, StaticTripCountUpperBound= 8, MaxDynamicTripCount= 8, MinDynamicTripCount= 8, IsCompilerGenerated=0, HasInsertionLoc=1, HasUserInputPragma=0, hasRAW=0, Loc=C:/GitRepos/EECE4632/Lab4/dct\../dct_ref/dct.cpp:65:7, Vars=48,50,
                            +- Loop with id 25, Label=Row_DCT_Loop, HasPerfectlyNestedSubLoop=0, HasComputableTotalTC=1, TripCount= 8, StaticTripCountUpperBound= 8, MaxDynamicTripCount= 8, MinDynamicTripCount= 8, IsCompilerGenerated=0, HasInsertionLoc=1, HasUserInputPragma=0, hasRAW=0, Loc=C:/GitRepos/EECE4632/Lab4/dct\../dct_ref/dct.cpp:36:4
                               +- Loop with id 28, Label=DCT_Outer_Loop, HasPerfectlyNestedSubLoop=0, HasComputableTotalTC=1, TripCount= 8, StaticTripCountUpperBound= 8, MaxDynamicTripCount= 8, MinDynamicTripCount= 8, IsCompilerGenerated=0, HasInsertionLoc=1, HasUserInputPragma=0, hasRAW=0, Loc=C:/GitRepos/EECE4632/Lab4/dct\../dct_ref/dct.cpp:17:4, Vars=58,
                                  +- Loop with id 29, Label=DCT_Inner_Loop, HasPerfectlyNestedSubLoop=0, HasComputableTotalTC=1, TripCount= 8, StaticTripCountUpperBound= 8, MaxDynamicTripCount= 8, MinDynamicTripCount= 8, IsCompilerGenerated=0, HasInsertionLoc=1, HasUserInputPragma=0, hasRAW=0, Loc=C:/GitRepos/EECE4632/Lab4/dct\../dct_ref/dct.cpp:19:7, Vars=50,89,
                            +- Loop with id 23, Label=Xpose_Row_Outer_Loop, HasPerfectlyNestedSubLoop=1, HasComputableTotalTC=1, TripCount= 8, StaticTripCountUpperBound= 8, MaxDynamicTripCount= 8, MinDynamicTripCount= 8, IsCompilerGenerated=0, HasInsertionLoc=1, HasUserInputPragma=0, hasRAW=0, Loc=C:/GitRepos/EECE4632/Lab4/dct\../dct_ref/dct.cpp:41:4
                               +- Loop with id 24, Label=Xpose_Row_Inner_Loop, HasPerfectlyNestedSubLoop=0, HasComputableTotalTC=1, TripCount= 8, StaticTripCountUpperBound= 8, MaxDynamicTripCount= 8, MinDynamicTripCount= 8, IsCompilerGenerated=0, HasInsertionLoc=1, HasUserInputPragma=0, hasRAW=0, Loc=C:/GitRepos/EECE4632/Lab4/dct\../dct_ref/dct.cpp:43:7, Vars=50,58,
                            +- Loop with id 22, Label=Col_DCT_Loop, HasPerfectlyNestedSubLoop=0, HasComputableTotalTC=1, TripCount= 8, StaticTripCountUpperBound= 8, MaxDynamicTripCount= 8, MinDynamicTripCount= 8, IsCompilerGenerated=0, HasInsertionLoc=1, HasUserInputPragma=0, hasRAW=0, Loc=C:/GitRepos/EECE4632/Lab4/dct\../dct_ref/dct.cpp:47:4
                               +- Loop with id 28, Label=DCT_Outer_Loop, HasPerfectlyNestedSubLoop=0, HasComputableTotalTC=1, TripCount= 8, StaticTripCountUpperBound= 8, MaxDynamicTripCount= 8, MinDynamicTripCount= 8, IsCompilerGenerated=0, HasInsertionLoc=1, HasUserInputPragma=0, hasRAW=0, Loc=C:/GitRepos/EECE4632/Lab4/dct\../dct_ref/dct.cpp:17:4, Vars=58,
                                  +- Loop with id 29, Label=DCT_Inner_Loop, HasPerfectlyNestedSubLoop=0, HasComputableTotalTC=1, TripCount= 8, StaticTripCountUpperBound= 8, MaxDynamicTripCount= 8, MinDynamicTripCount= 8, IsCompilerGenerated=0, HasInsertionLoc=1, HasUserInputPragma=0, hasRAW=0, Loc=C:/GitRepos/EECE4632/Lab4/dct\../dct_ref/dct.cpp:19:7, Vars=50,89,
                            +- Loop with id 20, Label=Xpose_Col_Outer_Loop, HasPerfectlyNestedSubLoop=1, HasComputableTotalTC=1, TripCount= 8, StaticTripCountUpperBound= 8, MaxDynamicTripCount= 8, MinDynamicTripCount= 8, IsCompilerGenerated=0, HasInsertionLoc=1, HasUserInputPragma=0, hasRAW=0, Loc=C:/GitRepos/EECE4632/Lab4/dct\../dct_ref/dct.cpp:52:4
                               +- Loop with id 21, Label=Xpose_Col_Inner_Loop, HasPerfectlyNestedSubLoop=0, HasComputableTotalTC=1, TripCount= 8, StaticTripCountUpperBound= 8, MaxDynamicTripCount= 8, MinDynamicTripCount= 8, IsCompilerGenerated=0, HasInsertionLoc=1, HasUserInputPragma=0, hasRAW=0, Loc=C:/GitRepos/EECE4632/Lab4/dct\../dct_ref/dct.cpp:54:7, Vars=51,58,
                            +- Loop with id 26, Label=WR_Loop_Row, HasPerfectlyNestedSubLoop=1, HasComputableTotalTC=1, TripCount= 8, StaticTripCountUpperBound= 8, MaxDynamicTripCount= 8, MinDynamicTripCount= 8, IsCompilerGenerated=0, HasInsertionLoc=1, HasUserInputPragma=0, hasRAW=0, Loc=C:/GitRepos/EECE4632/Lab4/dct\../dct_ref/dct.cpp:76:4
                               +- Loop with id 27, Label=WR_Loop_Col, HasPerfectlyNestedSubLoop=0, HasComputableTotalTC=1, TripCount= 8, StaticTripCountUpperBound= 8, MaxDynamicTripCount= 8, MinDynamicTripCount= 8, IsCompilerGenerated=0, HasInsertionLoc=1, HasUserInputPragma=0, hasRAW=0, Loc=C:/GitRepos/EECE4632/Lab4/dct\../dct_ref/dct.cpp:78:7, Vars=49,51,
                            
parallelismSelector::VERBO: Function 'dct' not inlined as per top-levels
parallelismSelector::VERBO: Function 'Outline_T3_F226_R2_Call' not inlined as per dataflow task
parallelismSelector::VERBO: Function 'Outline_T4_F226_R3_Call' not inlined as per dataflow task
parallelismSelector::VERBO: Function 'Outline_T5_F226_R4_Call' not inlined as per dataflow task
parallelismSelector::VERBO: Function 'read_data' inlined as per Vitis C++ heuristic
parallelismSelector::VERBO: Function 'dct_2d' inlined as per Vitis C++ heuristic
parallelismSelector::VERBO: Function 'write_data' inlined as per Vitis C++ heuristic
parallelismSelector::VERBO: Nesting structure after static trip count upper bound calculation for symbolically bounded loops:
                            +- Loop with id 18, Label=RD_Loop_Row, HasPerfectlyNestedSubLoop=1, HasComputableTotalTC=1, TripCount= 8, StaticTripCountUpperBound= 8, MaxDynamicTripCount= 8, MinDynamicTripCount= 8, IsCompilerGenerated=0, HasInsertionLoc=1, HasUserInputPragma=0, hasRAW=0, Loc=C:/GitRepos/EECE4632/Lab4/dct\../dct_ref/dct.cpp:63:4
                               +- Loop with id 19, Label=RD_Loop_Col, HasPerfectlyNestedSubLoop=0, HasComputableTotalTC=1, TripCount= 8, StaticTripCountUpperBound= 8, MaxDynamicTripCount= 8, MinDynamicTripCount= 8, IsCompilerGenerated=0, HasInsertionLoc=1, HasUserInputPragma=0, hasRAW=0, Loc=C:/GitRepos/EECE4632/Lab4/dct\../dct_ref/dct.cpp:65:7, Vars=48,50,
                            +- Loop with id 25, Label=Row_DCT_Loop, HasPerfectlyNestedSubLoop=0, HasComputableTotalTC=1, TripCount= 8, StaticTripCountUpperBound= 8, MaxDynamicTripCount= 8, MinDynamicTripCount= 8, IsCompilerGenerated=0, HasInsertionLoc=1, HasUserInputPragma=0, hasRAW=0, Loc=C:/GitRepos/EECE4632/Lab4/dct\../dct_ref/dct.cpp:36:4
                               +- Loop with id 28, Label=DCT_Outer_Loop, HasPerfectlyNestedSubLoop=0, HasComputableTotalTC=1, TripCount= 8, StaticTripCountUpperBound= 8, MaxDynamicTripCount= 8, MinDynamicTripCount= 8, IsCompilerGenerated=0, HasInsertionLoc=1, HasUserInputPragma=0, hasRAW=0, Loc=C:/GitRepos/EECE4632/Lab4/dct\../dct_ref/dct.cpp:17:4, Vars=58,
                                  +- Loop with id 29, Label=DCT_Inner_Loop, HasPerfectlyNestedSubLoop=0, HasComputableTotalTC=1, TripCount= 8, StaticTripCountUpperBound= 8, MaxDynamicTripCount= 8, MinDynamicTripCount= 8, IsCompilerGenerated=0, HasInsertionLoc=1, HasUserInputPragma=0, hasRAW=0, Loc=C:/GitRepos/EECE4632/Lab4/dct\../dct_ref/dct.cpp:19:7, Vars=50,89,
                            +- Loop with id 23, Label=Xpose_Row_Outer_Loop, HasPerfectlyNestedSubLoop=1, HasComputableTotalTC=1, TripCount= 8, StaticTripCountUpperBound= 8, MaxDynamicTripCount= 8, MinDynamicTripCount= 8, IsCompilerGenerated=0, HasInsertionLoc=1, HasUserInputPragma=0, hasRAW=0, Loc=C:/GitRepos/EECE4632/Lab4/dct\../dct_ref/dct.cpp:41:4
                               +- Loop with id 24, Label=Xpose_Row_Inner_Loop, HasPerfectlyNestedSubLoop=0, HasComputableTotalTC=1, TripCount= 8, StaticTripCountUpperBound= 8, MaxDynamicTripCount= 8, MinDynamicTripCount= 8, IsCompilerGenerated=0, HasInsertionLoc=1, HasUserInputPragma=0, hasRAW=0, Loc=C:/GitRepos/EECE4632/Lab4/dct\../dct_ref/dct.cpp:43:7, Vars=50,58,
                            +- Loop with id 22, Label=Col_DCT_Loop, HasPerfectlyNestedSubLoop=0, HasComputableTotalTC=1, TripCount= 8, StaticTripCountUpperBound= 8, MaxDynamicTripCount= 8, MinDynamicTripCount= 8, IsCompilerGenerated=0, HasInsertionLoc=1, HasUserInputPragma=0, hasRAW=0, Loc=C:/GitRepos/EECE4632/Lab4/dct\../dct_ref/dct.cpp:47:4
                               +- Loop with id 28, Label=DCT_Outer_Loop, HasPerfectlyNestedSubLoop=0, HasComputableTotalTC=1, TripCount= 8, StaticTripCountUpperBound= 8, MaxDynamicTripCount= 8, MinDynamicTripCount= 8, IsCompilerGenerated=0, HasInsertionLoc=1, HasUserInputPragma=0, hasRAW=0, Loc=C:/GitRepos/EECE4632/Lab4/dct\../dct_ref/dct.cpp:17:4, Vars=58,
                                  +- Loop with id 29, Label=DCT_Inner_Loop, HasPerfectlyNestedSubLoop=0, HasComputableTotalTC=1, TripCount= 8, StaticTripCountUpperBound= 8, MaxDynamicTripCount= 8, MinDynamicTripCount= 8, IsCompilerGenerated=0, HasInsertionLoc=1, HasUserInputPragma=0, hasRAW=0, Loc=C:/GitRepos/EECE4632/Lab4/dct\../dct_ref/dct.cpp:19:7, Vars=50,89,
                            +- Loop with id 20, Label=Xpose_Col_Outer_Loop, HasPerfectlyNestedSubLoop=1, HasComputableTotalTC=1, TripCount= 8, StaticTripCountUpperBound= 8, MaxDynamicTripCount= 8, MinDynamicTripCount= 8, IsCompilerGenerated=0, HasInsertionLoc=1, HasUserInputPragma=0, hasRAW=0, Loc=C:/GitRepos/EECE4632/Lab4/dct\../dct_ref/dct.cpp:52:4
                               +- Loop with id 21, Label=Xpose_Col_Inner_Loop, HasPerfectlyNestedSubLoop=0, HasComputableTotalTC=1, TripCount= 8, StaticTripCountUpperBound= 8, MaxDynamicTripCount= 8, MinDynamicTripCount= 8, IsCompilerGenerated=0, HasInsertionLoc=1, HasUserInputPragma=0, hasRAW=0, Loc=C:/GitRepos/EECE4632/Lab4/dct\../dct_ref/dct.cpp:54:7, Vars=51,58,
                            +- Loop with id 26, Label=WR_Loop_Row, HasPerfectlyNestedSubLoop=1, HasComputableTotalTC=1, TripCount= 8, StaticTripCountUpperBound= 8, MaxDynamicTripCount= 8, MinDynamicTripCount= 8, IsCompilerGenerated=0, HasInsertionLoc=1, HasUserInputPragma=0, hasRAW=0, Loc=C:/GitRepos/EECE4632/Lab4/dct\../dct_ref/dct.cpp:76:4
                               +- Loop with id 27, Label=WR_Loop_Col, HasPerfectlyNestedSubLoop=0, HasComputableTotalTC=1, TripCount= 8, StaticTripCountUpperBound= 8, MaxDynamicTripCount= 8, MinDynamicTripCount= 8, IsCompilerGenerated=0, HasInsertionLoc=1, HasUserInputPragma=0, hasRAW=0, Loc=C:/GitRepos/EECE4632/Lab4/dct\../dct_ref/dct.cpp:78:7, Vars=49,51,
                            
parallelismSelector::VERBO: LCDs collected in function '_GLOBAL__sub_I_dct_test':
parallelismSelector::VERBO: LCDs collected in function '__cxx_global_var_init':
parallelismSelector::VERBO: LCDs collected in function '_GLOBAL__sub_I_dct':
parallelismSelector::VERBO: LCDs collected in function '__cxx_global_var_init':
parallelismSelector::VERBO: LCDs collected in function '_GLOBAL__sub_I_dct':
parallelismSelector::VERBO: LCDs collected in function '__cxx_global_var_init':
parallelismSelector::VERBO: LCDs collected in function 'dct':
parallelismSelector::VERBO: LCDs collected in function 'read_data':
parallelismSelector::VERBO:     LoopId 18 with label ' RD_Loop_Row', hasRAW: 0
parallelismSelector::VERBO:     LoopId 19 with label ' RD_Loop_Col', hasRAW: 0
parallelismSelector::VERBO: LCDs collected in function 'dct_2d':
parallelismSelector::VERBO:     LoopId 20 with label ' Xpose_Col_Outer_Loop', hasRAW: 0
parallelismSelector::VERBO:     LoopId 21 with label ' Xpose_Col_Inner_Loop', hasRAW: 0
parallelismSelector::VERBO:     LoopId 22 with label ' Col_DCT_Loop', hasRAW: 0
parallelismSelector::VERBO:     LoopId 23 with label ' Xpose_Row_Outer_Loop', hasRAW: 0
parallelismSelector::VERBO:     LoopId 24 with label ' Xpose_Row_Inner_Loop', hasRAW: 0
parallelismSelector::VERBO:     LoopId 25 with label ' Row_DCT_Loop', hasRAW: 0
parallelismSelector::VERBO: LCDs collected in function 'write_data':
parallelismSelector::VERBO:     LoopId 26 with label ' WR_Loop_Row', hasRAW: 0
parallelismSelector::VERBO:     LoopId 27 with label ' WR_Loop_Col', hasRAW: 0
parallelismSelector::VERBO: LCDs collected in function 'dct_1d':
parallelismSelector::VERBO:     LoopId 28 with label ' DCT_Outer_Loop', hasRAW: 0
parallelismSelector::VERBO:     LoopId 29 with label ' DCT_Inner_Loop', hasRAW: 0
parallelismSelector::VERBO: LCDs collected in function 'Outline_T3_F226_R2_Call':
parallelismSelector::VERBO: LCDs collected in function 'Outline_T4_F226_R3_Call':
parallelismSelector::VERBO: LCDs collected in function 'Outline_T5_F226_R4_Call':
parallelismSelector::VERBO: Max iterations for loop 18 are 8
parallelismSelector::VERBO:  - loop 18 is  C:/GitRepos/EECE4632/Lab4/dct\../dct_ref/dct.cpp:63:4
parallelismSelector::VERBO: Max iterations for loop 19 are 8
parallelismSelector::VERBO:  - loop 19 is  C:/GitRepos/EECE4632/Lab4/dct\../dct_ref/dct.cpp:65:7
parallelismSelector::VERBO: Max iterations for loop 25 are 8
parallelismSelector::VERBO:  - loop 25 is  C:/GitRepos/EECE4632/Lab4/dct\../dct_ref/dct.cpp:36:4
parallelismSelector::VERBO: Max iterations for loop 28 are 8
parallelismSelector::VERBO:  - loop 28 is  C:/GitRepos/EECE4632/Lab4/dct\../dct_ref/dct.cpp:17:4
parallelismSelector::VERBO: Max iterations for loop 29 are 8
parallelismSelector::VERBO:  - loop 29 is  C:/GitRepos/EECE4632/Lab4/dct\../dct_ref/dct.cpp:19:7
parallelismSelector::VERBO: Max iterations for loop 23 are 8
parallelismSelector::VERBO:  - loop 23 is  C:/GitRepos/EECE4632/Lab4/dct\../dct_ref/dct.cpp:41:4
parallelismSelector::VERBO: Max iterations for loop 24 are 8
parallelismSelector::VERBO:  - loop 24 is  C:/GitRepos/EECE4632/Lab4/dct\../dct_ref/dct.cpp:43:7
parallelismSelector::VERBO: Max iterations for loop 22 are 8
parallelismSelector::VERBO:  - loop 22 is  C:/GitRepos/EECE4632/Lab4/dct\../dct_ref/dct.cpp:47:4
parallelismSelector::VERBO: Max iterations for loop 20 are 8
parallelismSelector::VERBO:  - loop 20 is  C:/GitRepos/EECE4632/Lab4/dct\../dct_ref/dct.cpp:52:4
parallelismSelector::VERBO: Max iterations for loop 21 are 8
parallelismSelector::VERBO:  - loop 21 is  C:/GitRepos/EECE4632/Lab4/dct\../dct_ref/dct.cpp:54:7
parallelismSelector::VERBO: Max iterations for loop 26 are 8
parallelismSelector::VERBO:  - loop 26 is  C:/GitRepos/EECE4632/Lab4/dct\../dct_ref/dct.cpp:76:4
parallelismSelector::VERBO: Max iterations for loop 27 are 8
parallelismSelector::VERBO:  - loop 27 is  C:/GitRepos/EECE4632/Lab4/dct\../dct_ref/dct.cpp:78:7
parallelismSelector::VERBO: Partitioning variable 'input' C:/GitRepos/EECE4632/Lab4/dct\../dct_ref/dct.cpp:83:0 VariableId 48
parallelismSelector::VERBO: Partitioning variable 'output' C:/GitRepos/EECE4632/Lab4/dct\../dct_ref/dct.cpp:83:0 VariableId 49
parallelismSelector::VERBO: Partitioning variable 'buf_2d_in' C:/GitRepos/EECE4632/Lab4/dct\../dct_ref/dct.cpp:86:0 VariableId 50
parallelismSelector::VERBO: Partitioning variable 'buf_2d_out' C:/GitRepos/EECE4632/Lab4/dct\../dct_ref/dct.cpp:87:0 VariableId 51
parallelismSelector::VERBO: Partitioning variable 'row_outbuf' C:/GitRepos/EECE4632/Lab4/dct\../dct_ref/dct.cpp:30:0 VariableId 58
parallelismSelector::VERBO: Partitioning variable 'col_outbuf' C:/GitRepos/EECE4632/Lab4/dct\../dct_ref/dct.cpp:31:0 VariableId 59
parallelismSelector::VERBO: Partitioning variable 'col_inbuf' C:/GitRepos/EECE4632/Lab4/dct\../dct_ref/dct.cpp:31:0 VariableId 60
parallelismSelector::VERBO: Partitioning variable 'dct_coeff_table' C:/GitRepos/EECE4632/Lab4/dct\../dct_ref/dct.cpp:12:0 VariableId 89
parallelismSelector::VERBO: Initial branch:
                            FunctionPipelineTopLevel: Maybe
                            Reshape {dim 0: cyclic 1, 2, 4, 8, 16, 32 complete} (VariableName input) (VariableId 48)
                            Reshape {dim 0: cyclic 1, 2, 4, 8, 16, 32 complete} (VariableName output) (VariableId 49)
                            Partition {dim 0: cyclic 1, 2, 4 complete, dim 1: cyclic 1, 2, 4 complete} (VariableName buf_2d_in) (VariableId 50)
                            Partition {dim 0: cyclic 1, 2, 4 complete, dim 1: cyclic 1, 2, 4 complete} (VariableName buf_2d_out) (VariableId 51)
                            Partition {dim 0: cyclic 1, 2, 4 complete, dim 1: cyclic 1, 2, 4 complete} (VariableName row_outbuf) (VariableId 58)
                            Partition {dim 0: cyclic 1, 2, 4 complete, dim 1: cyclic 1, 2, 4 complete} (VariableName col_outbuf) (VariableId 59)
                            Partition {dim 0: cyclic 1, 2, 4 complete, dim 1: cyclic 1, 2, 4 complete} (VariableName col_inbuf) (VariableId 60)
                            Partition {dim 0: cyclic 1, 2, 4 complete, dim 1: cyclic 1, 2, 4 complete} (VariableName dct_coeff_table) (VariableId 89)
                            +- pipeline, unroll with factors 1, 2, 4, 8, unroll/pipeline with factors 2, 4 (Label RD_Loop_Row) (LoopId 18)
                               +- pipeline, unroll with factors 1, 2, 4, 8, unroll/pipeline with factors 2, 4 (Label RD_Loop_Col) (LoopId 19)
                            +- pipeline, unroll with factors 1, 2, 4, 8, unroll/pipeline with factors 2, 4 (Label Row_DCT_Loop) (LoopId 25)
                               +- pipeline, unroll with factors 1, 2, 4, 8, unroll/pipeline with factors 2, 4 (Label DCT_Outer_Loop) (LoopId 28)
                                  +- pipeline, unroll with factors 1, 2, 4, 8, unroll/pipeline with factors 2, 4 (Label DCT_Inner_Loop) (LoopId 29)
                            +- pipeline, unroll with factors 1, 2, 4, 8, unroll/pipeline with factors 2, 4 (Label Xpose_Row_Outer_Loop) (LoopId 23)
                               +- pipeline, unroll with factors 1, 2, 4, 8, unroll/pipeline with factors 2, 4 (Label Xpose_Row_Inner_Loop) (LoopId 24)
                            +- pipeline, unroll with factors 1, 2, 4, 8, unroll/pipeline with factors 2, 4 (Label Col_DCT_Loop) (LoopId 22)
                               +- pipeline, unroll with factors 1, 2, 4, 8, unroll/pipeline with factors 2, 4 (Label DCT_Outer_Loop) (LoopId 28)
                                  +- pipeline, unroll with factors 1, 2, 4, 8, unroll/pipeline with factors 2, 4 (Label DCT_Inner_Loop) (LoopId 29)
                            +- pipeline, unroll with factors 1, 2, 4, 8, unroll/pipeline with factors 2, 4 (Label Xpose_Col_Outer_Loop) (LoopId 20)
                               +- pipeline, unroll with factors 1, 2, 4, 8, unroll/pipeline with factors 2, 4 (Label Xpose_Col_Inner_Loop) (LoopId 21)
                            +- pipeline, unroll with factors 1, 2, 4, 8, unroll/pipeline with factors 2, 4 (Label WR_Loop_Row) (LoopId 26)
                               +- pipeline, unroll with factors 1, 2, 4, 8, unroll/pipeline with factors 2, 4 (Label WR_Loop_Col) (LoopId 27)
                            
parallelismSelector::VERBO: Initial branch after first round of constraints:
                            FunctionPipelineTopLevel: Maybe
                            Reshape {dim 0: cyclic 1, 2, 4, 8, 16, 32 complete} (VariableName input) (VariableId 48)
                            Reshape {dim 0: cyclic 1, 2, 4, 8, 16, 32 complete} (VariableName output) (VariableId 49)
                            Partition {dim 0: cyclic 1, 2, 4 complete, dim 1: cyclic 1, 2, 4 complete} (VariableName buf_2d_in) (VariableId 50)
                            Partition {dim 0: cyclic 1, 2, 4 complete, dim 1: cyclic 1, 2, 4 complete} (VariableName buf_2d_out) (VariableId 51)
                            Partition {dim 0: cyclic 1, 2, 4 complete, dim 1: cyclic 1, 2, 4 complete} (VariableName row_outbuf) (VariableId 58)
                            Partition {dim 0: cyclic 1, 2, 4 complete, dim 1: cyclic 1, 2, 4 complete} (VariableName col_outbuf) (VariableId 59)
                            Partition {dim 0: cyclic 1, 2, 4 complete, dim 1: cyclic 1, 2, 4 complete} (VariableName col_inbuf) (VariableId 60)
                            Partition {dim 0: cyclic 1, 2, 4 complete, dim 1: cyclic 1, 2, 4 complete} (VariableName dct_coeff_table) (VariableId 89)
                            +- pipeline, unroll with factors 1, 2, 4, 8, unroll/pipeline with factors 2, 4 (Label RD_Loop_Row) (LoopId 18)
                               +- pipeline, unroll with factors 1, 2, 4, 8, unroll/pipeline with factors 2, 4 (Label RD_Loop_Col) (LoopId 19)
                            +- pipeline, unroll with factors 1, 2, 4, 8, unroll/pipeline with factors 2, 4 (Label Row_DCT_Loop) (LoopId 25)
                               +- pipeline, unroll with factors 1, 2, 4, 8, unroll/pipeline with factors 2, 4 (Label DCT_Outer_Loop) (LoopId 28)
                                  +- pipeline, unroll with factors 1, 2, 4, 8, unroll/pipeline with factors 2, 4 (Label DCT_Inner_Loop) (LoopId 29)
                            +- pipeline, unroll with factors 1, 2, 4, 8, unroll/pipeline with factors 2, 4 (Label Xpose_Row_Outer_Loop) (LoopId 23)
                               +- pipeline, unroll with factors 1, 2, 4, 8, unroll/pipeline with factors 2, 4 (Label Xpose_Row_Inner_Loop) (LoopId 24)
                            +- pipeline, unroll with factors 1, 2, 4, 8, unroll/pipeline with factors 2, 4 (Label Col_DCT_Loop) (LoopId 22)
                               +- pipeline, unroll with factors 1, 2, 4, 8, unroll/pipeline with factors 2, 4 (Label DCT_Outer_Loop) (LoopId 28)
                                  +- pipeline, unroll with factors 1, 2, 4, 8, unroll/pipeline with factors 2, 4 (Label DCT_Inner_Loop) (LoopId 29)
                            +- pipeline, unroll with factors 1, 2, 4, 8, unroll/pipeline with factors 2, 4 (Label Xpose_Col_Outer_Loop) (LoopId 20)
                               +- pipeline, unroll with factors 1, 2, 4, 8, unroll/pipeline with factors 2, 4 (Label Xpose_Col_Inner_Loop) (LoopId 21)
                            +- pipeline, unroll with factors 1, 2, 4, 8, unroll/pipeline with factors 2, 4 (Label WR_Loop_Row) (LoopId 26)
                               +- pipeline, unroll with factors 1, 2, 4, 8, unroll/pipeline with factors 2, 4 (Label WR_Loop_Col) (LoopId 27)
                            
parallelismSelector::VERBO: Nesting structure after user pragma constraints:
                            +- Loop with id 18, Label=RD_Loop_Row, HasPerfectlyNestedSubLoop=1, HasComputableTotalTC=1, TripCount= 8, StaticTripCountUpperBound= 8, MaxDynamicTripCount= 8, MinDynamicTripCount= 8, IsCompilerGenerated=0, HasInsertionLoc=1, HasUserInputPragma=0, hasRAW=0, Loc=C:/GitRepos/EECE4632/Lab4/dct\../dct_ref/dct.cpp:63:4
                               +- Loop with id 19, Label=RD_Loop_Col, HasPerfectlyNestedSubLoop=0, HasComputableTotalTC=1, TripCount= 8, StaticTripCountUpperBound= 8, MaxDynamicTripCount= 8, MinDynamicTripCount= 8, IsCompilerGenerated=0, HasInsertionLoc=1, HasUserInputPragma=0, hasRAW=0, Loc=C:/GitRepos/EECE4632/Lab4/dct\../dct_ref/dct.cpp:65:7, Vars=48,50,
                            +- Loop with id 25, Label=Row_DCT_Loop, HasPerfectlyNestedSubLoop=0, HasComputableTotalTC=1, TripCount= 8, StaticTripCountUpperBound= 8, MaxDynamicTripCount= 8, MinDynamicTripCount= 8, IsCompilerGenerated=0, HasInsertionLoc=1, HasUserInputPragma=0, hasRAW=0, Loc=C:/GitRepos/EECE4632/Lab4/dct\../dct_ref/dct.cpp:36:4
                               +- Loop with id 28, Label=DCT_Outer_Loop, HasPerfectlyNestedSubLoop=0, HasComputableTotalTC=1, TripCount= 8, StaticTripCountUpperBound= 8, MaxDynamicTripCount= 8, MinDynamicTripCount= 8, IsCompilerGenerated=0, HasInsertionLoc=1, HasUserInputPragma=0, hasRAW=0, Loc=C:/GitRepos/EECE4632/Lab4/dct\../dct_ref/dct.cpp:17:4, Vars=58,
                                  +- Loop with id 29, Label=DCT_Inner_Loop, HasPerfectlyNestedSubLoop=0, HasComputableTotalTC=1, TripCount= 8, StaticTripCountUpperBound= 8, MaxDynamicTripCount= 8, MinDynamicTripCount= 8, IsCompilerGenerated=0, HasInsertionLoc=1, HasUserInputPragma=0, hasRAW=0, Loc=C:/GitRepos/EECE4632/Lab4/dct\../dct_ref/dct.cpp:19:7, Vars=50,89,
                            +- Loop with id 23, Label=Xpose_Row_Outer_Loop, HasPerfectlyNestedSubLoop=1, HasComputableTotalTC=1, TripCount= 8, StaticTripCountUpperBound= 8, MaxDynamicTripCount= 8, MinDynamicTripCount= 8, IsCompilerGenerated=0, HasInsertionLoc=1, HasUserInputPragma=0, hasRAW=0, Loc=C:/GitRepos/EECE4632/Lab4/dct\../dct_ref/dct.cpp:41:4
                               +- Loop with id 24, Label=Xpose_Row_Inner_Loop, HasPerfectlyNestedSubLoop=0, HasComputableTotalTC=1, TripCount= 8, StaticTripCountUpperBound= 8, MaxDynamicTripCount= 8, MinDynamicTripCount= 8, IsCompilerGenerated=0, HasInsertionLoc=1, HasUserInputPragma=0, hasRAW=0, Loc=C:/GitRepos/EECE4632/Lab4/dct\../dct_ref/dct.cpp:43:7, Vars=50,58,
                            +- Loop with id 22, Label=Col_DCT_Loop, HasPerfectlyNestedSubLoop=0, HasComputableTotalTC=1, TripCount= 8, StaticTripCountUpperBound= 8, MaxDynamicTripCount= 8, MinDynamicTripCount= 8, IsCompilerGenerated=0, HasInsertionLoc=1, HasUserInputPragma=0, hasRAW=0, Loc=C:/GitRepos/EECE4632/Lab4/dct\../dct_ref/dct.cpp:47:4
                               +- Loop with id 28, Label=DCT_Outer_Loop, HasPerfectlyNestedSubLoop=0, HasComputableTotalTC=1, TripCount= 8, StaticTripCountUpperBound= 8, MaxDynamicTripCount= 8, MinDynamicTripCount= 8, IsCompilerGenerated=0, HasInsertionLoc=1, HasUserInputPragma=0, hasRAW=0, Loc=C:/GitRepos/EECE4632/Lab4/dct\../dct_ref/dct.cpp:17:4, Vars=58,
                                  +- Loop with id 29, Label=DCT_Inner_Loop, HasPerfectlyNestedSubLoop=0, HasComputableTotalTC=1, TripCount= 8, StaticTripCountUpperBound= 8, MaxDynamicTripCount= 8, MinDynamicTripCount= 8, IsCompilerGenerated=0, HasInsertionLoc=1, HasUserInputPragma=0, hasRAW=0, Loc=C:/GitRepos/EECE4632/Lab4/dct\../dct_ref/dct.cpp:19:7, Vars=50,89,
                            +- Loop with id 20, Label=Xpose_Col_Outer_Loop, HasPerfectlyNestedSubLoop=1, HasComputableTotalTC=1, TripCount= 8, StaticTripCountUpperBound= 8, MaxDynamicTripCount= 8, MinDynamicTripCount= 8, IsCompilerGenerated=0, HasInsertionLoc=1, HasUserInputPragma=0, hasRAW=0, Loc=C:/GitRepos/EECE4632/Lab4/dct\../dct_ref/dct.cpp:52:4
                               +- Loop with id 21, Label=Xpose_Col_Inner_Loop, HasPerfectlyNestedSubLoop=0, HasComputableTotalTC=1, TripCount= 8, StaticTripCountUpperBound= 8, MaxDynamicTripCount= 8, MinDynamicTripCount= 8, IsCompilerGenerated=0, HasInsertionLoc=1, HasUserInputPragma=0, hasRAW=0, Loc=C:/GitRepos/EECE4632/Lab4/dct\../dct_ref/dct.cpp:54:7, Vars=51,58,
                            +- Loop with id 26, Label=WR_Loop_Row, HasPerfectlyNestedSubLoop=1, HasComputableTotalTC=1, TripCount= 8, StaticTripCountUpperBound= 8, MaxDynamicTripCount= 8, MinDynamicTripCount= 8, IsCompilerGenerated=0, HasInsertionLoc=1, HasUserInputPragma=0, hasRAW=0, Loc=C:/GitRepos/EECE4632/Lab4/dct\../dct_ref/dct.cpp:76:4
                               +- Loop with id 27, Label=WR_Loop_Col, HasPerfectlyNestedSubLoop=0, HasComputableTotalTC=1, TripCount= 8, StaticTripCountUpperBound= 8, MaxDynamicTripCount= 8, MinDynamicTripCount= 8, IsCompilerGenerated=0, HasInsertionLoc=1, HasUserInputPragma=0, hasRAW=0, Loc=C:/GitRepos/EECE4632/Lab4/dct\../dct_ref/dct.cpp:78:7, Vars=49,51,
                            
parallelismSelector::VERBO: Initial branch after applying user pragma constraints:
                            FunctionPipelineTopLevel: Maybe
                            Reshape {dim 0: cyclic 1, 2, 4, 8, 16, 32 complete} (VariableName input) (VariableId 48)
                            Reshape {dim 0: cyclic 1, 2, 4, 8, 16, 32 complete} (VariableName output) (VariableId 49)
                            Partition {dim 0: cyclic 1, 2, 4 complete, dim 1: cyclic 1, 2, 4 complete} (VariableName buf_2d_in) (VariableId 50)
                            Partition {dim 0: cyclic 1, 2, 4 complete, dim 1: cyclic 1, 2, 4 complete} (VariableName buf_2d_out) (VariableId 51)
                            Partition {dim 0: cyclic 1, 2, 4 complete, dim 1: cyclic 1, 2, 4 complete} (VariableName row_outbuf) (VariableId 58)
                            Partition {dim 0: cyclic 1, 2, 4 complete, dim 1: cyclic 1, 2, 4 complete} (VariableName col_outbuf) (VariableId 59)
                            Partition {dim 0: cyclic 1, 2, 4 complete, dim 1: cyclic 1, 2, 4 complete} (VariableName col_inbuf) (VariableId 60)
                            Partition {dim 0: cyclic 1, 2, 4 complete, dim 1: cyclic 1, 2, 4 complete} (VariableName dct_coeff_table) (VariableId 89)
                            +- pipeline, unroll with factors 1, 2, 4, 8, unroll/pipeline with factors 2, 4 (Label RD_Loop_Row) (LoopId 18)
                               +- pipeline, unroll with factors 1, 2, 4, 8, unroll/pipeline with factors 2, 4 (Label RD_Loop_Col) (LoopId 19)
                            +- pipeline, unroll with factors 1, 2, 4, 8, unroll/pipeline with factors 2, 4 (Label Row_DCT_Loop) (LoopId 25)
                               +- pipeline, unroll with factors 1, 2, 4, 8, unroll/pipeline with factors 2, 4 (Label DCT_Outer_Loop) (LoopId 28)
                                  +- pipeline, unroll with factors 1, 2, 4, 8, unroll/pipeline with factors 2, 4 (Label DCT_Inner_Loop) (LoopId 29)
                            +- pipeline, unroll with factors 1, 2, 4, 8, unroll/pipeline with factors 2, 4 (Label Xpose_Row_Outer_Loop) (LoopId 23)
                               +- pipeline, unroll with factors 1, 2, 4, 8, unroll/pipeline with factors 2, 4 (Label Xpose_Row_Inner_Loop) (LoopId 24)
                            +- pipeline, unroll with factors 1, 2, 4, 8, unroll/pipeline with factors 2, 4 (Label Col_DCT_Loop) (LoopId 22)
                               +- pipeline, unroll with factors 1, 2, 4, 8, unroll/pipeline with factors 2, 4 (Label DCT_Outer_Loop) (LoopId 28)
                                  +- pipeline, unroll with factors 1, 2, 4, 8, unroll/pipeline with factors 2, 4 (Label DCT_Inner_Loop) (LoopId 29)
                            +- pipeline, unroll with factors 1, 2, 4, 8, unroll/pipeline with factors 2, 4 (Label Xpose_Col_Outer_Loop) (LoopId 20)
                               +- pipeline, unroll with factors 1, 2, 4, 8, unroll/pipeline with factors 2, 4 (Label Xpose_Col_Inner_Loop) (LoopId 21)
                            +- pipeline, unroll with factors 1, 2, 4, 8, unroll/pipeline with factors 2, 4 (Label WR_Loop_Row) (LoopId 26)
                               +- pipeline, unroll with factors 1, 2, 4, 8, unroll/pipeline with factors 2, 4 (Label WR_Loop_Col) (LoopId 27)
                            
parallelismSelector::VERBO: Initial branch after applying Xilinx constraints:
                            FunctionPipelineTopLevel: Maybe
                            Reshape {dim 0: cyclic 1, 2, 4, 8, 16, 32 complete} (VariableName input) (VariableId 48)
                            Reshape {dim 0: cyclic 1, 2, 4, 8, 16, 32 complete} (VariableName output) (VariableId 49)
                            Partition {dim 0: cyclic 1, 2, 4 complete, dim 1: cyclic 1, 2, 4 complete} (VariableName buf_2d_in) (VariableId 50)
                            Partition {dim 0: cyclic 1, 2, 4 complete, dim 1: cyclic 1, 2, 4 complete} (VariableName buf_2d_out) (VariableId 51)
                            Partition {dim 0: cyclic 1, 2, 4 complete, dim 1: cyclic 1, 2, 4 complete} (VariableName row_outbuf) (VariableId 58)
                            Partition {dim 0: cyclic 1, 2, 4 complete, dim 1: cyclic 1, 2, 4 complete} (VariableName col_outbuf) (VariableId 59)
                            Partition {dim 0: cyclic 1, 2, 4 complete, dim 1: cyclic 1, 2, 4 complete} (VariableName col_inbuf) (VariableId 60)
                            Partition {dim 0: cyclic 1, 2, 4 complete, dim 1: cyclic 1, 2, 4 complete} (VariableName dct_coeff_table) (VariableId 89)
                            +- pipeline, unroll with factors 1, 2, 4, 8, unroll/pipeline with factors 2, 4 (Label RD_Loop_Row) (LoopId 18)
                               +- pipeline, unroll with factors 1, 2, 4, 8, unroll/pipeline with factors 2, 4 (Label RD_Loop_Col) (LoopId 19)
                            +- pipeline, unroll with factors 1, 2, 4, 8, unroll/pipeline with factors 2, 4 (Label Row_DCT_Loop) (LoopId 25)
                               +- pipeline, unroll with factors 1, 2, 4, 8, unroll/pipeline with factors 2, 4 (Label DCT_Outer_Loop) (LoopId 28)
                                  +- pipeline, unroll with factors 1, 2, 4, 8, unroll/pipeline with factors 2, 4 (Label DCT_Inner_Loop) (LoopId 29)
                            +- pipeline, unroll with factors 1, 2, 4, 8, unroll/pipeline with factors 2, 4 (Label Xpose_Row_Outer_Loop) (LoopId 23)
                               +- pipeline, unroll with factors 1, 2, 4, 8, unroll/pipeline with factors 2, 4 (Label Xpose_Row_Inner_Loop) (LoopId 24)
                            +- pipeline, unroll with factors 1, 2, 4, 8, unroll/pipeline with factors 2, 4 (Label Col_DCT_Loop) (LoopId 22)
                               +- pipeline, unroll with factors 1, 2, 4, 8, unroll/pipeline with factors 2, 4 (Label DCT_Outer_Loop) (LoopId 28)
                                  +- pipeline, unroll with factors 1, 2, 4, 8, unroll/pipeline with factors 2, 4 (Label DCT_Inner_Loop) (LoopId 29)
                            +- pipeline, unroll with factors 1, 2, 4, 8, unroll/pipeline with factors 2, 4 (Label Xpose_Col_Outer_Loop) (LoopId 20)
                               +- pipeline, unroll with factors 1, 2, 4, 8, unroll/pipeline with factors 2, 4 (Label Xpose_Col_Inner_Loop) (LoopId 21)
                            +- pipeline, unroll with factors 1, 2, 4, 8, unroll/pipeline with factors 2, 4 (Label WR_Loop_Row) (LoopId 26)
                               +- pipeline, unroll with factors 1, 2, 4, 8, unroll/pipeline with factors 2, 4 (Label WR_Loop_Col) (LoopId 27)
                            
parallelismSelector::VERBO: DataflowConstrainer: Constraining Func/Loop with Id 226
parallelismSelector::VERBO: DataflowConstrainer: Constrained: VarId=48
parallelismSelector::VERBO: DataflowConstrainer: Constrained: VarId=49
parallelismSelector::VERBO: DataflowConstrainer: Not constrained: VarId=50
parallelismSelector::VERBO: DataflowConstrainer: Not constrained: VarId=51
parallelismSelector::VERBO: Initial branch after applying dataflow constraints:
                            FunctionPipelineTopLevel: No
                            Reshape {dim 0: cyclic 1} (VariableName input) (VariableId 48)
                            Reshape {dim 0: cyclic 1} (VariableName output) (VariableId 49)
                            Partition {dim 0: cyclic 1, 2, 4 complete, dim 1: cyclic 1, 2, 4 complete} (VariableName buf_2d_in) (VariableId 50)
                            Partition {dim 0: cyclic 1, 2, 4 complete, dim 1: cyclic 1, 2, 4 complete} (VariableName buf_2d_out) (VariableId 51)
                            Partition {dim 0: cyclic 1, 2, 4 complete, dim 1: cyclic 1, 2, 4 complete} (VariableName row_outbuf) (VariableId 58)
                            Partition {dim 0: cyclic 1, 2, 4 complete, dim 1: cyclic 1, 2, 4 complete} (VariableName col_outbuf) (VariableId 59)
                            Partition {dim 0: cyclic 1, 2, 4 complete, dim 1: cyclic 1, 2, 4 complete} (VariableName col_inbuf) (VariableId 60)
                            Partition {dim 0: cyclic 1, 2, 4 complete, dim 1: cyclic 1, 2, 4 complete} (VariableName dct_coeff_table) (VariableId 89)
                            +- pipeline, unroll with factors 1, 2, 4, 8, unroll/pipeline with factors 2, 4 (Label RD_Loop_Row) (LoopId 18)
                               +- pipeline, unroll with factors 1, 2, 4, 8, unroll/pipeline with factors 2, 4 (Label RD_Loop_Col) (LoopId 19)
                            +- pipeline, unroll with factors 1, 2, 4, 8, unroll/pipeline with factors 2, 4 (Label Row_DCT_Loop) (LoopId 25)
                               +- pipeline, unroll with factors 1, 2, 4, 8, unroll/pipeline with factors 2, 4 (Label DCT_Outer_Loop) (LoopId 28)
                                  +- pipeline, unroll with factors 1, 2, 4, 8, unroll/pipeline with factors 2, 4 (Label DCT_Inner_Loop) (LoopId 29)
                            +- pipeline, unroll with factors 1, 2, 4, 8, unroll/pipeline with factors 2, 4 (Label Xpose_Row_Outer_Loop) (LoopId 23)
                               +- pipeline, unroll with factors 1, 2, 4, 8, unroll/pipeline with factors 2, 4 (Label Xpose_Row_Inner_Loop) (LoopId 24)
                            +- pipeline, unroll with factors 1, 2, 4, 8, unroll/pipeline with factors 2, 4 (Label Col_DCT_Loop) (LoopId 22)
                               +- pipeline, unroll with factors 1, 2, 4, 8, unroll/pipeline with factors 2, 4 (Label DCT_Outer_Loop) (LoopId 28)
                                  +- pipeline, unroll with factors 1, 2, 4, 8, unroll/pipeline with factors 2, 4 (Label DCT_Inner_Loop) (LoopId 29)
                            +- pipeline, unroll with factors 1, 2, 4, 8, unroll/pipeline with factors 2, 4 (Label Xpose_Col_Outer_Loop) (LoopId 20)
                               +- pipeline, unroll with factors 1, 2, 4, 8, unroll/pipeline with factors 2, 4 (Label Xpose_Col_Inner_Loop) (LoopId 21)
                            +- pipeline, unroll with factors 1, 2, 4, 8, unroll/pipeline with factors 2, 4 (Label WR_Loop_Row) (LoopId 26)
                               +- pipeline, unroll with factors 1, 2, 4, 8, unroll/pipeline with factors 2, 4 (Label WR_Loop_Col) (LoopId 27)
                            
parallelismSelector::VERBO: Removing unroll factor 2 from loop 18 because we only want to keep the pipeline/unroll setting as unroll possibility
parallelismSelector::VERBO: Removing unroll factor 4 from loop 18 because we only want to keep the pipeline/unroll setting as unroll possibility
parallelismSelector::VERBO: Removing unroll factor 2 from loop 19 because we only want to keep the pipeline/unroll setting as unroll possibility
parallelismSelector::VERBO: Removing unroll factor 4 from loop 19 because we only want to keep the pipeline/unroll setting as unroll possibility
parallelismSelector::VERBO: Removing unroll factor 2 from loop 25 because we only want to keep the pipeline/unroll setting as unroll possibility
parallelismSelector::VERBO: Removing unroll factor 4 from loop 25 because we only want to keep the pipeline/unroll setting as unroll possibility
parallelismSelector::VERBO: Removing unroll factor 2 from loop 28 because we only want to keep the pipeline/unroll setting as unroll possibility
parallelismSelector::VERBO: Removing unroll factor 4 from loop 28 because we only want to keep the pipeline/unroll setting as unroll possibility
parallelismSelector::VERBO: Removing unroll factor 2 from loop 29 because we only want to keep the pipeline/unroll setting as unroll possibility
parallelismSelector::VERBO: Removing unroll factor 4 from loop 29 because we only want to keep the pipeline/unroll setting as unroll possibility
parallelismSelector::VERBO: Removing unroll factor 2 from loop 23 because we only want to keep the pipeline/unroll setting as unroll possibility
parallelismSelector::VERBO: Removing unroll factor 4 from loop 23 because we only want to keep the pipeline/unroll setting as unroll possibility
parallelismSelector::VERBO: Removing unroll factor 2 from loop 24 because we only want to keep the pipeline/unroll setting as unroll possibility
parallelismSelector::VERBO: Removing unroll factor 4 from loop 24 because we only want to keep the pipeline/unroll setting as unroll possibility
parallelismSelector::VERBO: Removing unroll factor 2 from loop 22 because we only want to keep the pipeline/unroll setting as unroll possibility
parallelismSelector::VERBO: Removing unroll factor 4 from loop 22 because we only want to keep the pipeline/unroll setting as unroll possibility
parallelismSelector::VERBO: Removing unroll factor 2 from loop 20 because we only want to keep the pipeline/unroll setting as unroll possibility
parallelismSelector::VERBO: Removing unroll factor 4 from loop 20 because we only want to keep the pipeline/unroll setting as unroll possibility
parallelismSelector::VERBO: Removing unroll factor 2 from loop 21 because we only want to keep the pipeline/unroll setting as unroll possibility
parallelismSelector::VERBO: Removing unroll factor 4 from loop 21 because we only want to keep the pipeline/unroll setting as unroll possibility
parallelismSelector::VERBO: Removing unroll factor 2 from loop 26 because we only want to keep the pipeline/unroll setting as unroll possibility
parallelismSelector::VERBO: Removing unroll factor 4 from loop 26 because we only want to keep the pipeline/unroll setting as unroll possibility
parallelismSelector::VERBO: Removing unroll factor 2 from loop 27 because we only want to keep the pipeline/unroll setting as unroll possibility
parallelismSelector::VERBO: Removing unroll factor 4 from loop 27 because we only want to keep the pipeline/unroll setting as unroll possibility
parallelismSelector::VERBO: Removing reshape options from the design space because optimizing reshape is disabled
                            
parallelismSelector::VERBO: Initial branch after applying heuristic constraints:
                            FunctionPipelineTopLevel: No
                            Reshape {dim 0: cyclic 1} (VariableName input) (VariableId 48)
                            Reshape {dim 0: cyclic 1} (VariableName output) (VariableId 49)
                            Partition {dim 0: cyclic 1, 2, 4 complete, dim 1: cyclic 1, 2, 4 complete} (VariableName buf_2d_in) (VariableId 50)
                            Partition {dim 0: cyclic 1, 2, 4 complete, dim 1: cyclic 1, 2, 4 complete} (VariableName buf_2d_out) (VariableId 51)
                            Partition {dim 0: cyclic 1, 2, 4 complete, dim 1: cyclic 1, 2, 4 complete} (VariableName row_outbuf) (VariableId 58)
                            Partition {dim 0: cyclic 1, 2, 4 complete, dim 1: cyclic 1, 2, 4 complete} (VariableName col_outbuf) (VariableId 59)
                            Partition {dim 0: cyclic 1, 2, 4 complete, dim 1: cyclic 1, 2, 4 complete} (VariableName col_inbuf) (VariableId 60)
                            Partition {dim 0: cyclic 1, 2, 4 complete, dim 1: cyclic 1, 2, 4 complete} (VariableName dct_coeff_table) (VariableId 89)
                            +- pipeline, unroll with factors 1, 8, unroll/pipeline with factors 2, 4 (Label RD_Loop_Row) (LoopId 18)
                               +- pipeline, unroll with factors 1, 8, unroll/pipeline with factors 2, 4 (Label RD_Loop_Col) (LoopId 19)
                            +- pipeline, unroll with factors 1, 8, unroll/pipeline with factors 2, 4 (Label Row_DCT_Loop) (LoopId 25)
                               +- pipeline, unroll with factors 1, 8, unroll/pipeline with factors 2, 4 (Label DCT_Outer_Loop) (LoopId 28)
                                  +- pipeline, unroll with factors 1, 8, unroll/pipeline with factors 2, 4 (Label DCT_Inner_Loop) (LoopId 29)
                            +- pipeline, unroll with factors 1, 8, unroll/pipeline with factors 2, 4 (Label Xpose_Row_Outer_Loop) (LoopId 23)
                               +- pipeline, unroll with factors 1, 8, unroll/pipeline with factors 2, 4 (Label Xpose_Row_Inner_Loop) (LoopId 24)
                            +- pipeline, unroll with factors 1, 8, unroll/pipeline with factors 2, 4 (Label Col_DCT_Loop) (LoopId 22)
                               +- pipeline, unroll with factors 1, 8, unroll/pipeline with factors 2, 4 (Label DCT_Outer_Loop) (LoopId 28)
                                  +- pipeline, unroll with factors 1, 8, unroll/pipeline with factors 2, 4 (Label DCT_Inner_Loop) (LoopId 29)
                            +- pipeline, unroll with factors 1, 8, unroll/pipeline with factors 2, 4 (Label Xpose_Col_Outer_Loop) (LoopId 20)
                               +- pipeline, unroll with factors 1, 8, unroll/pipeline with factors 2, 4 (Label Xpose_Col_Inner_Loop) (LoopId 21)
                            +- pipeline, unroll with factors 1, 8, unroll/pipeline with factors 2, 4 (Label WR_Loop_Row) (LoopId 26)
                               +- pipeline, unroll with factors 1, 8, unroll/pipeline with factors 2, 4 (Label WR_Loop_Col) (LoopId 27)
                            
parallelismSelector::VERBO: Initial branch after applying second round of Xilinx constraints:
                            FunctionPipelineTopLevel: No
                            Reshape {dim 0: cyclic 1} (VariableName input) (VariableId 48)
                            Reshape {dim 0: cyclic 1} (VariableName output) (VariableId 49)
                            Partition {dim 0: cyclic 1, 2, 4 complete, dim 1: cyclic 1, 2, 4 complete} (VariableName buf_2d_in) (VariableId 50)
                            Partition {dim 0: cyclic 1, 2, 4 complete, dim 1: cyclic 1, 2, 4 complete} (VariableName buf_2d_out) (VariableId 51)
                            Partition {dim 0: cyclic 1, 2, 4 complete, dim 1: cyclic 1, 2, 4 complete} (VariableName row_outbuf) (VariableId 58)
                            Partition {dim 0: cyclic 1, 2, 4 complete, dim 1: cyclic 1, 2, 4 complete} (VariableName col_outbuf) (VariableId 59)
                            Partition {dim 0: cyclic 1, 2, 4 complete, dim 1: cyclic 1, 2, 4 complete} (VariableName col_inbuf) (VariableId 60)
                            Partition {dim 0: cyclic 1, 2, 4 complete, dim 1: cyclic 1, 2, 4 complete} (VariableName dct_coeff_table) (VariableId 89)
                            +- pipeline, unroll with factors 1, 8, unroll/pipeline with factors 2, 4 (Label RD_Loop_Row) (LoopId 18)
                               +- pipeline, unroll with factors 1, 8, unroll/pipeline with factors 2, 4 (Label RD_Loop_Col) (LoopId 19)
                            +- pipeline, unroll with factors 1, 8, unroll/pipeline with factors 2, 4 (Label Row_DCT_Loop) (LoopId 25)
                               +- pipeline, unroll with factors 1, 8, unroll/pipeline with factors 2, 4 (Label DCT_Outer_Loop) (LoopId 28)
                                  +- pipeline, unroll with factors 1, 8, unroll/pipeline with factors 2, 4 (Label DCT_Inner_Loop) (LoopId 29)
                            +- pipeline, unroll with factors 1, 8, unroll/pipeline with factors 2, 4 (Label Xpose_Row_Outer_Loop) (LoopId 23)
                               +- pipeline, unroll with factors 1, 8, unroll/pipeline with factors 2, 4 (Label Xpose_Row_Inner_Loop) (LoopId 24)
                            +- pipeline, unroll with factors 1, 8, unroll/pipeline with factors 2, 4 (Label Col_DCT_Loop) (LoopId 22)
                               +- pipeline, unroll with factors 1, 8, unroll/pipeline with factors 2, 4 (Label DCT_Outer_Loop) (LoopId 28)
                                  +- pipeline, unroll with factors 1, 8, unroll/pipeline with factors 2, 4 (Label DCT_Inner_Loop) (LoopId 29)
                            +- pipeline, unroll with factors 1, 8, unroll/pipeline with factors 2, 4 (Label Xpose_Col_Outer_Loop) (LoopId 20)
                               +- pipeline, unroll with factors 1, 8, unroll/pipeline with factors 2, 4 (Label Xpose_Col_Inner_Loop) (LoopId 21)
                            +- pipeline, unroll with factors 1, 8, unroll/pipeline with factors 2, 4 (Label WR_Loop_Row) (LoopId 26)
                               +- pipeline, unroll with factors 1, 8, unroll/pipeline with factors 2, 4 (Label WR_Loop_Col) (LoopId 27)
                            
parallelismSelector::VERBO: Initial branch after PerfEst evaluation constraints:
                            FunctionPipelineTopLevel: No
                            Reshape {dim 0: cyclic 1} (VariableName input) (VariableId 48)
                            Reshape {dim 0: cyclic 1} (VariableName output) (VariableId 49)
                            Partition {dim 0: cyclic 1, dim 1: cyclic 1} (VariableName buf_2d_in) (VariableId 50)
                            Partition {dim 0: cyclic 1, dim 1: cyclic 1} (VariableName buf_2d_out) (VariableId 51)
                            Partition {dim 0: cyclic 1, dim 1: cyclic 1} (VariableName row_outbuf) (VariableId 58)
                            Partition {dim 0: cyclic 1, dim 1: cyclic 1} (VariableName col_outbuf) (VariableId 59)
                            Partition {dim 0: cyclic 1, dim 1: cyclic 1} (VariableName col_inbuf) (VariableId 60)
                            Partition {dim 0: cyclic 1, dim 1: cyclic 1} (VariableName dct_coeff_table) (VariableId 89)
                            +- unroll with factors 1 (Label RD_Loop_Row) (LoopId 18)
                               +- unroll with factors 1 (Label RD_Loop_Col) (LoopId 19)
                            +- unroll with factors 1 (Label Row_DCT_Loop) (LoopId 25)
                               +- unroll with factors 1 (Label DCT_Outer_Loop) (LoopId 28)
                                  +- unroll with factors 1 (Label DCT_Inner_Loop) (LoopId 29)
                            +- unroll with factors 1 (Label Xpose_Row_Outer_Loop) (LoopId 23)
                               +- unroll with factors 1 (Label Xpose_Row_Inner_Loop) (LoopId 24)
                            +- unroll with factors 1 (Label Col_DCT_Loop) (LoopId 22)
                               +- unroll with factors 1 (Label DCT_Outer_Loop) (LoopId 28)
                                  +- unroll with factors 1 (Label DCT_Inner_Loop) (LoopId 29)
                            +- unroll with factors 1 (Label Xpose_Col_Outer_Loop) (LoopId 20)
                               +- unroll with factors 1 (Label Xpose_Col_Inner_Loop) (LoopId 21)
                            +- unroll with factors 1 (Label WR_Loop_Row) (LoopId 26)
                               +- unroll with factors 1 (Label WR_Loop_Col) (LoopId 27)
                            
parallelismSelector::VERBO: Initial constrained branch:
                            FunctionPipelineTopLevel: No
                            Reshape {dim 0: cyclic 1} (VariableName input) (VariableId 48)
                            Reshape {dim 0: cyclic 1} (VariableName output) (VariableId 49)
                            Partition {dim 0: cyclic 1, dim 1: cyclic 1} (VariableName buf_2d_in) (VariableId 50)
                            Partition {dim 0: cyclic 1, dim 1: cyclic 1} (VariableName buf_2d_out) (VariableId 51)
                            Partition {dim 0: cyclic 1, dim 1: cyclic 1} (VariableName row_outbuf) (VariableId 58)
                            Partition {dim 0: cyclic 1, dim 1: cyclic 1} (VariableName col_outbuf) (VariableId 59)
                            Partition {dim 0: cyclic 1, dim 1: cyclic 1} (VariableName col_inbuf) (VariableId 60)
                            Partition {dim 0: cyclic 1, dim 1: cyclic 1} (VariableName dct_coeff_table) (VariableId 89)
                            +- unroll with factors 1 (Label RD_Loop_Row) (LoopId 18)
                               +- unroll with factors 1 (Label RD_Loop_Col) (LoopId 19)
                            +- unroll with factors 1 (Label Row_DCT_Loop) (LoopId 25)
                               +- unroll with factors 1 (Label DCT_Outer_Loop) (LoopId 28)
                                  +- unroll with factors 1 (Label DCT_Inner_Loop) (LoopId 29)
                            +- unroll with factors 1 (Label Xpose_Row_Outer_Loop) (LoopId 23)
                               +- unroll with factors 1 (Label Xpose_Row_Inner_Loop) (LoopId 24)
                            +- unroll with factors 1 (Label Col_DCT_Loop) (LoopId 22)
                               +- unroll with factors 1 (Label DCT_Outer_Loop) (LoopId 28)
                                  +- unroll with factors 1 (Label DCT_Inner_Loop) (LoopId 29)
                            +- unroll with factors 1 (Label Xpose_Col_Outer_Loop) (LoopId 20)
                               +- unroll with factors 1 (Label Xpose_Col_Inner_Loop) (LoopId 21)
                            +- unroll with factors 1 (Label WR_Loop_Row) (LoopId 26)
                               +- unroll with factors 1 (Label WR_Loop_Col) (LoopId 27)
                            
parallelismSelector::VERBO: HPE - Calculating latency and area for design space...
                            Setting Space: FunctionPipelineTopLevel: No
                            Reshape {dim 0: cyclic 1} (VariableId 48)
                            Reshape {dim 0: cyclic 1} (VariableId 49)
                            Partition {dim 0: cyclic 1, dim 1: cyclic 1} (VariableId 50)
                            Partition {dim 0: cyclic 1, dim 1: cyclic 1} (VariableId 51)
                            Partition {dim 0: cyclic 1, dim 1: cyclic 1} (VariableId 58)
                            Partition {dim 0: cyclic 1, dim 1: cyclic 1} (VariableId 59)
                            Partition {dim 0: cyclic 1, dim 1: cyclic 1} (VariableId 60)
                            Partition {dim 0: cyclic 1, dim 1: cyclic 1} (VariableId 89)
                            +- unroll with factors 1 (Label RD_Loop_Row) (LoopId 18)
                               +- unroll with factors 1 (Label RD_Loop_Col) (LoopId 19)
                            +- unroll with factors 1 (Label Row_DCT_Loop) (LoopId 25)
                               +- unroll with factors 1 (Label DCT_Outer_Loop) (LoopId 28)
                                  +- unroll with factors 1 (Label DCT_Inner_Loop) (LoopId 29)
                            +- unroll with factors 1 (Label Xpose_Row_Outer_Loop) (LoopId 23)
                               +- unroll with factors 1 (Label Xpose_Row_Inner_Loop) (LoopId 24)
                            +- unroll with factors 1 (Label Col_DCT_Loop) (LoopId 22)
                               +- unroll with factors 1 (Label DCT_Outer_Loop) (LoopId 28)
                                  +- unroll with factors 1 (Label DCT_Inner_Loop) (LoopId 29)
                            +- unroll with factors 1 (Label Xpose_Col_Outer_Loop) (LoopId 20)
                               +- unroll with factors 1 (Label Xpose_Col_Inner_Loop) (LoopId 21)
                            +- unroll with factors 1 (Label WR_Loop_Row) (LoopId 26)
                               +- unroll with factors 1 (Label WR_Loop_Col) (LoopId 27)
                            
parallelismSelector::VERBO: Calculating latency for top level hw function: dct
parallelismSelector::VERBO: [LatencyEstimationVisitor] CallSite: CS(3 F=231) (73->50)(74->48)
parallelismSelector::VERBO: [LatencyEstimationVisitor] Equivalence table
                             Object with value: 73 is mapped to the object with value: 50
                             Object with value: 74 is mapped to the object with value: 48
                            
parallelismSelector::VERBO: [LatencyEstimationVisitor] CallSite: CS(8 F=227) (52->74)(53->73)
parallelismSelector::VERBO: [LatencyEstimationVisitor] Equivalence table
                             Object with value: 52 is mapped to the object with value: 48
                             Object with value: 53 is mapped to the object with value: 50
                             Object with value: 73 is mapped to the object with value: 50
                             Object with value: 74 is mapped to the object with value: 48
                            
parallelismSelector::VERBO: Analyzing Loop "RD_Loop_Col" (LoopId 19):
parallelismSelector::VERBO:     MARegionScheduler::finalize():
parallelismSelector::VERBO:        - LoopId: 19 Label: RD_Loop_Col
parallelismSelector::VERBO:          - EndCycles: for.body3 -> {1: 2}
parallelismSelector::VERBO:        - MaxEndCycle: {1: 2}
parallelismSelector::VERBO:        - Critical path: for.body3
parallelismSelector::VERBO:     hasRAW: 0
parallelismSelector::VERBO:        - IIMem: {1: 0.5}, OwnedIIMem: {1: 0.5}, NestedIIMem: {1: 0}
parallelismSelector::VERBO:     Collected Var penalties
parallelismSelector::VERBO:       L:19 V:48{1: 0}
parallelismSelector::VERBO:       L:19 V:50{1: 0}
parallelismSelector::VERBO:     Collected latencies
parallelismSelector::VERBO:       L:19{1: 2}
parallelismSelector::VERBO:     Collected Interval ranges
parallelismSelector::VERBO:       L:190
parallelismSelector::VERBO: 
parallelismSelector::VERBO: Analyzing Loop "RD_Loop_Row" (LoopId 18):
parallelismSelector::VERBO:         LoopId: 19, Label: RD_Loop_Col, TC: 8, IL: {1: 2}, IIMem: {1: 0.5}, IIDep 0
parallelismSelector::VERBO:         	unroll 1 Cycles: 16
parallelismSelector::VERBO:         Overall latency for nested loop (LoopId 19): 16
parallelismSelector::VERBO:     MARegionScheduler::finalize():
parallelismSelector::VERBO:        - LoopId: 18 Label: RD_Loop_Row
parallelismSelector::VERBO:          - EndCycles: for.end -> {1: 16}
parallelismSelector::VERBO:          - EndCycles: for.body3 -> {1: 16}
parallelismSelector::VERBO:          - EndCycles: for.body -> {1: 1}
parallelismSelector::VERBO:        - MaxEndCycle: {1: 16}
parallelismSelector::VERBO:        - Critical path: for.end, for.body3, for.body
parallelismSelector::VERBO:     hasRAW: 0
parallelismSelector::VERBO:        - IIMem: {1: 0}, OwnedIIMem: {1: 0}, NestedIIMem: {1: 0}
parallelismSelector::VERBO:     Collected Var penalties
parallelismSelector::VERBO:       L:18 V:48{1: 0}
parallelismSelector::VERBO:       L:18 V:50{1: 0}
parallelismSelector::VERBO:       L:19 V:48{1: 0}
parallelismSelector::VERBO:       L:19 V:50{1: 0}
parallelismSelector::VERBO:     Collected latencies
parallelismSelector::VERBO:       L:18{1: 16}
parallelismSelector::VERBO:       L:19{1: 2}
parallelismSelector::VERBO:     Collected Interval ranges
parallelismSelector::VERBO:       L:180
parallelismSelector::VERBO:       L:190
parallelismSelector::VERBO: 
parallelismSelector::VERBO: Analyzing Function "read_data" (FunctionId 227):
parallelismSelector::VERBO:         LoopId: 18, Label: RD_Loop_Row, TC: 8, IL: {1: 16}, IIMem: {1: 0}, IIDep 0
parallelismSelector::VERBO:         	unroll 1 Cycles: 128
parallelismSelector::VERBO:         Overall latency for nested loop (LoopId 18): 128
parallelismSelector::VERBO:     MARegionScheduler::finalize():
parallelismSelector::VERBO:        - Function: _Z9read_dataPsPA8_s
parallelismSelector::VERBO:          - EndCycles: for.end -> {1: 129}
parallelismSelector::VERBO:          - EndCycles: for.end10 -> {1: 129}
parallelismSelector::VERBO:          - EndCycles: entry -> {1: 1}
parallelismSelector::VERBO:        - MaxEndCycle: {1: 129}
parallelismSelector::VERBO:        - Critical path: for.end, for.end10, entry, for.body
parallelismSelector::VERBO:     Collected Var penalties
parallelismSelector::VERBO:       L:18 V:48{1: 0}
parallelismSelector::VERBO:       L:18 V:50{1: 0}
parallelismSelector::VERBO:       L:19 V:48{1: 0}
parallelismSelector::VERBO:       L:19 V:50{1: 0}
parallelismSelector::VERBO:     Collected latencies
parallelismSelector::VERBO:       L:18{1: 16}
parallelismSelector::VERBO:       L:19{1: 2}
parallelismSelector::VERBO:     Collected Interval ranges
parallelismSelector::VERBO:       L:180
parallelismSelector::VERBO:       L:190
parallelismSelector::VERBO: 
parallelismSelector::VERBO: Analyzing Function "Outline_T3_F226_R2_Call" (FunctionId 231):
parallelismSelector::VERBO:     MARegionScheduler::finalize():
parallelismSelector::VERBO:        - Function: Outline_T3_F226_R2_Call
parallelismSelector::VERBO:          - EndCycles: newFuncRoot_iso0 -> {1: 130}
parallelismSelector::VERBO:          - EndCycles: newFuncRoot -> {1: 1}
parallelismSelector::VERBO:        - MaxEndCycle: {1: 130}
parallelismSelector::VERBO:        - Critical path: newFuncRoot_iso0, newFuncRoot
parallelismSelector::VERBO:     Collected Var penalties
parallelismSelector::VERBO:       L:18 V:48{1: 0}
parallelismSelector::VERBO:       L:18 V:50{1: 0}
parallelismSelector::VERBO:       L:19 V:48{1: 0}
parallelismSelector::VERBO:       L:19 V:50{1: 0}
parallelismSelector::VERBO:     Collected latencies
parallelismSelector::VERBO:       L:18{1: 16}
parallelismSelector::VERBO:       L:19{1: 2}
parallelismSelector::VERBO:     Collected Interval ranges
parallelismSelector::VERBO:       L:180
parallelismSelector::VERBO:       L:190
parallelismSelector::VERBO: 
parallelismSelector::VERBO: [LatencyEstimationVisitor] CallSite: CS(4 F=232) (75->50)(76->51)
parallelismSelector::VERBO: [LatencyEstimationVisitor] Equivalence table
                             Object with value: 75 is mapped to the object with value: 50
                             Object with value: 76 is mapped to the object with value: 51
                            
parallelismSelector::VERBO: [LatencyEstimationVisitor] CallSite: CS(9 F=228) (56->75)(57->76)
parallelismSelector::VERBO: [LatencyEstimationVisitor] Equivalence table
                             Object with value: 56 is mapped to the object with value: 50
                             Object with value: 57 is mapped to the object with value: 51
                             Object with value: 75 is mapped to the object with value: 50
                             Object with value: 76 is mapped to the object with value: 51
                            
parallelismSelector::VERBO: Analyzing Loop "Xpose_Col_Inner_Loop" (LoopId 21):
parallelismSelector::VERBO:     MARegionScheduler::finalize():
parallelismSelector::VERBO:        - LoopId: 21 Label: Xpose_Col_Inner_Loop
parallelismSelector::VERBO:          - EndCycles: for.body41 -> {1: 2}
parallelismSelector::VERBO:        - MaxEndCycle: {1: 2}
parallelismSelector::VERBO:        - Critical path: for.body41
parallelismSelector::VERBO:     hasRAW: 0
parallelismSelector::VERBO:        - IIMem: {1: 0.5}, OwnedIIMem: {1: 0.5}, NestedIIMem: {1: 0}
parallelismSelector::VERBO:     Collected Var penalties
parallelismSelector::VERBO:       L:18 V:48{1: 0}
parallelismSelector::VERBO:       L:18 V:50{1: 0}
parallelismSelector::VERBO:       L:19 V:48{1: 0}
parallelismSelector::VERBO:       L:19 V:50{1: 0}
parallelismSelector::VERBO:       L:21 V:51{1: 0}
parallelismSelector::VERBO:       L:21 V:59{1: 0}
parallelismSelector::VERBO:     Collected latencies
parallelismSelector::VERBO:       L:18{1: 16}
parallelismSelector::VERBO:       L:19{1: 2}
parallelismSelector::VERBO:       L:21{1: 2}
parallelismSelector::VERBO:     Collected Interval ranges
parallelismSelector::VERBO:       L:180
parallelismSelector::VERBO:       L:190
parallelismSelector::VERBO:       L:210
parallelismSelector::VERBO: 
parallelismSelector::VERBO: Analyzing Loop "Xpose_Col_Outer_Loop" (LoopId 20):
parallelismSelector::VERBO:         LoopId: 21, Label: Xpose_Col_Inner_Loop, TC: 8, IL: {1: 2}, IIMem: {1: 0.5}, IIDep 0
parallelismSelector::VERBO:         	unroll 1 Cycles: 16
parallelismSelector::VERBO:         Overall latency for nested loop (LoopId 21): 16
parallelismSelector::VERBO:     MARegionScheduler::finalize():
parallelismSelector::VERBO:        - LoopId: 20 Label: Xpose_Col_Outer_Loop
parallelismSelector::VERBO:          - EndCycles: for.body38 -> {1: 1}
parallelismSelector::VERBO:          - EndCycles: for.body41 -> {1: 16}
parallelismSelector::VERBO:          - EndCycles: for.end52 -> {1: 16}
parallelismSelector::VERBO:        - MaxEndCycle: {1: 16}
parallelismSelector::VERBO:        - Critical path: for.body38, for.body41, for.end52
parallelismSelector::VERBO:     hasRAW: 0
parallelismSelector::VERBO:        - IIMem: {1: 0}, OwnedIIMem: {1: 0}, NestedIIMem: {1: 0}
parallelismSelector::VERBO:     Collected Var penalties
parallelismSelector::VERBO:       L:18 V:48{1: 0}
parallelismSelector::VERBO:       L:18 V:50{1: 0}
parallelismSelector::VERBO:       L:19 V:48{1: 0}
parallelismSelector::VERBO:       L:19 V:50{1: 0}
parallelismSelector::VERBO:       L:20 V:51{1: 0}
parallelismSelector::VERBO:       L:20 V:59{1: 0}
parallelismSelector::VERBO:       L:21 V:51{1: 0}
parallelismSelector::VERBO:       L:21 V:59{1: 0}
parallelismSelector::VERBO:     Collected latencies
parallelismSelector::VERBO:       L:18{1: 16}
parallelismSelector::VERBO:       L:19{1: 2}
parallelismSelector::VERBO:       L:20{1: 16}
parallelismSelector::VERBO:       L:21{1: 2}
parallelismSelector::VERBO:     Collected Interval ranges
parallelismSelector::VERBO:       L:180
parallelismSelector::VERBO:       L:190
parallelismSelector::VERBO:       L:200
parallelismSelector::VERBO:       L:210
parallelismSelector::VERBO: 
parallelismSelector::VERBO: [LatencyEstimationVisitor] CallSite: CS(7 F=230) (67->60)(68->59)
parallelismSelector::VERBO: [LatencyEstimationVisitor] Equivalence table
                             Object with value: 56 is mapped to the object with value: 50
                             Object with value: 57 is mapped to the object with value: 51
                             Object with value: 67 is mapped to the object with value: 60
                             Object with value: 68 is mapped to the object with value: 59
                             Object with value: 75 is mapped to the object with value: 50
                             Object with value: 76 is mapped to the object with value: 51
                            
parallelismSelector::VERBO: Analyzing Loop "DCT_Inner_Loop" (LoopId 29):
parallelismSelector::VERBO:     MARegionScheduler::finalize():
parallelismSelector::VERBO:        - LoopId: 29 Label: DCT_Inner_Loop
parallelismSelector::VERBO:          - EndCycles: for.body3 -> {1: 2}
parallelismSelector::VERBO:        - MaxEndCycle: {1: 2}
parallelismSelector::VERBO:        - Critical path: for.body3
parallelismSelector::VERBO:     hasRAW: 0
parallelismSelector::VERBO:     Recurrence: Circuit=2:0 -> 2:21 -> 2:0
parallelismSelector::VERBO:       distance=1
parallelismSelector::VERBO:        - IIMem: {1: 0.5}, OwnedIIMem: {1: 0.5}, NestedIIMem: {1: 0}
parallelismSelector::VERBO:     Collected Var penalties
parallelismSelector::VERBO:       L:18 V:48{1: 0}
parallelismSelector::VERBO:       L:18 V:50{1: 0}
parallelismSelector::VERBO:       L:19 V:48{1: 0}
parallelismSelector::VERBO:       L:19 V:50{1: 0}
parallelismSelector::VERBO:       L:20 V:51{1: 0}
parallelismSelector::VERBO:       L:20 V:59{1: 0}
parallelismSelector::VERBO:       L:21 V:51{1: 0}
parallelismSelector::VERBO:       L:21 V:59{1: 0}
parallelismSelector::VERBO:       L:29 V:60{1: 0}
parallelismSelector::VERBO:       L:29 V:89{1: 0}
parallelismSelector::VERBO:     Collected latencies
parallelismSelector::VERBO:       L:18{1: 16}
parallelismSelector::VERBO:       L:19{1: 2}
parallelismSelector::VERBO:       L:20{1: 16}
parallelismSelector::VERBO:       L:21{1: 2}
parallelismSelector::VERBO:       L:29{1: 2}
parallelismSelector::VERBO:     Collected Interval ranges
parallelismSelector::VERBO:       L:180
parallelismSelector::VERBO:       L:190
parallelismSelector::VERBO:       L:200
parallelismSelector::VERBO:       L:210
parallelismSelector::VERBO:       L:291
parallelismSelector::VERBO: 
parallelismSelector::VERBO: Analyzing Loop "DCT_Outer_Loop" (LoopId 28):
parallelismSelector::VERBO:         LoopId: 29, Label: DCT_Inner_Loop, TC: 8, IL: {1: 2}, IIMem: {1: 0.5}, IIDep 1
parallelismSelector::VERBO:         	unroll 1 Cycles: 16
parallelismSelector::VERBO:         Overall latency for nested loop (LoopId 29): 16
parallelismSelector::VERBO:     MARegionScheduler::finalize():
parallelismSelector::VERBO:        - LoopId: 28 Label: DCT_Outer_Loop
parallelismSelector::VERBO:          - EndCycles: for.body -> {1: 1}
parallelismSelector::VERBO:          - EndCycles: for.end -> {1: 16}
parallelismSelector::VERBO:          - EndCycles: for.body3 -> {1: 16}
parallelismSelector::VERBO:        - MaxEndCycle: {1: 16}
parallelismSelector::VERBO:        - Critical path: for.body, for.end, for.body3
parallelismSelector::VERBO:     hasRAW: 0
parallelismSelector::VERBO:        - IIMem: {1: 0.5}, OwnedIIMem: {1: 0.5}, NestedIIMem: {1: 0}
parallelismSelector::VERBO:     Collected Var penalties
parallelismSelector::VERBO:       L:18 V:48{1: 0}
parallelismSelector::VERBO:       L:18 V:50{1: 0}
parallelismSelector::VERBO:       L:19 V:48{1: 0}
parallelismSelector::VERBO:       L:19 V:50{1: 0}
parallelismSelector::VERBO:       L:20 V:51{1: 0}
parallelismSelector::VERBO:       L:20 V:59{1: 0}
parallelismSelector::VERBO:       L:21 V:51{1: 0}
parallelismSelector::VERBO:       L:21 V:59{1: 0}
parallelismSelector::VERBO:       L:28 V:59{1: 0}
parallelismSelector::VERBO:       L:28 V:60{1: 0}
parallelismSelector::VERBO:       L:28 V:89{1: 0}
parallelismSelector::VERBO:       L:29 V:60{1: 0}
parallelismSelector::VERBO:       L:29 V:89{1: 0}
parallelismSelector::VERBO:     Collected latencies
parallelismSelector::VERBO:       L:18{1: 16}
parallelismSelector::VERBO:       L:19{1: 2}
parallelismSelector::VERBO:       L:20{1: 16}
parallelismSelector::VERBO:       L:21{1: 2}
parallelismSelector::VERBO:       L:28{1: 16}
parallelismSelector::VERBO:       L:29{1: 2}
parallelismSelector::VERBO:     Collected Interval ranges
parallelismSelector::VERBO:       L:180
parallelismSelector::VERBO:       L:190
parallelismSelector::VERBO:       L:200
parallelismSelector::VERBO:       L:210
parallelismSelector::VERBO:       L:280
parallelismSelector::VERBO:       L:291
parallelismSelector::VERBO: 
parallelismSelector::VERBO: Analyzing Function "dct_1d" (FunctionId 230):
parallelismSelector::VERBO:         LoopId: 28, Label: DCT_Outer_Loop, TC: 8, IL: {1: 16}, IIMem: {1: 0.5}, IIDep 0
parallelismSelector::VERBO:         	unroll 1 Cycles: 128
parallelismSelector::VERBO:         Overall latency for nested loop (LoopId 28): 128
parallelismSelector::VERBO:     MARegionScheduler::finalize():
parallelismSelector::VERBO:        - Function: _Z6dct_1dPsS_
parallelismSelector::VERBO:          - EndCycles: for.end -> {1: 129}
parallelismSelector::VERBO:          - EndCycles: entry -> {1: 1}
parallelismSelector::VERBO:          - EndCycles: for.end15 -> {1: 129}
parallelismSelector::VERBO:        - MaxEndCycle: {1: 129}
parallelismSelector::VERBO:        - Critical path: for.body, for.end, entry, for.end15
parallelismSelector::VERBO:     Collected Var penalties
parallelismSelector::VERBO:       L:18 V:48{1: 0}
parallelismSelector::VERBO:       L:18 V:50{1: 0}
parallelismSelector::VERBO:       L:19 V:48{1: 0}
parallelismSelector::VERBO:       L:19 V:50{1: 0}
parallelismSelector::VERBO:       L:20 V:51{1: 0}
parallelismSelector::VERBO:       L:20 V:59{1: 0}
parallelismSelector::VERBO:       L:21 V:51{1: 0}
parallelismSelector::VERBO:       L:21 V:59{1: 0}
parallelismSelector::VERBO:       L:28 V:59{1: 0}
parallelismSelector::VERBO:       L:28 V:60{1: 0}
parallelismSelector::VERBO:       L:28 V:89{1: 0}
parallelismSelector::VERBO:       L:29 V:60{1: 0}
parallelismSelector::VERBO:       L:29 V:89{1: 0}
parallelismSelector::VERBO:     Collected latencies
parallelismSelector::VERBO:       L:18{1: 16}
parallelismSelector::VERBO:       L:19{1: 2}
parallelismSelector::VERBO:       L:20{1: 16}
parallelismSelector::VERBO:       L:21{1: 2}
parallelismSelector::VERBO:       L:28{1: 16}
parallelismSelector::VERBO:       L:29{1: 2}
parallelismSelector::VERBO:     Collected Interval ranges
parallelismSelector::VERBO:       L:180
parallelismSelector::VERBO:       L:190
parallelismSelector::VERBO:       L:200
parallelismSelector::VERBO:       L:210
parallelismSelector::VERBO:       L:280
parallelismSelector::VERBO:       L:291
parallelismSelector::VERBO: 
parallelismSelector::VERBO: Analyzing Loop "Col_DCT_Loop" (LoopId 22):
parallelismSelector::VERBO:     MARegionScheduler::finalize():
parallelismSelector::VERBO:        - LoopId: 22 Label: Col_DCT_Loop
parallelismSelector::VERBO:          - EndCycles: for.body26 -> {1: 1}
parallelismSelector::VERBO:          - EndCycles: for.body26_iso3 -> {1: 130}
parallelismSelector::VERBO:          - EndCycles: for.body26_iso2 -> {1: 130}
parallelismSelector::VERBO:        - MaxEndCycle: {1: 130}
parallelismSelector::VERBO:        - Critical path: for.body26, for.body26_iso3, for.body26_iso2
parallelismSelector::VERBO:     hasRAW: 0
parallelismSelector::VERBO:        - IIMem: {1: 0}, OwnedIIMem: {1: 0}, NestedIIMem: {1: 0}
parallelismSelector::VERBO:     Collected Var penalties
parallelismSelector::VERBO:       L:18 V:48{1: 0}
parallelismSelector::VERBO:       L:18 V:50{1: 0}
parallelismSelector::VERBO:       L:19 V:48{1: 0}
parallelismSelector::VERBO:       L:19 V:50{1: 0}
parallelismSelector::VERBO:       L:20 V:51{1: 0}
parallelismSelector::VERBO:       L:20 V:59{1: 0}
parallelismSelector::VERBO:       L:21 V:51{1: 0}
parallelismSelector::VERBO:       L:21 V:59{1: 0}
parallelismSelector::VERBO:       L:28 V:59{1: 0}
parallelismSelector::VERBO:       L:28 V:60{1: 0}
parallelismSelector::VERBO:       L:28 V:89{1: 0}
parallelismSelector::VERBO:       L:29 V:60{1: 0}
parallelismSelector::VERBO:       L:29 V:89{1: 0}
parallelismSelector::VERBO:     Collected latencies
parallelismSelector::VERBO:       L:18{1: 16}
parallelismSelector::VERBO:       L:19{1: 2}
parallelismSelector::VERBO:       L:20{1: 16}
parallelismSelector::VERBO:       L:21{1: 2}
parallelismSelector::VERBO:       L:22{1: 130}
parallelismSelector::VERBO:       L:28{1: 16}
parallelismSelector::VERBO:       L:29{1: 2}
parallelismSelector::VERBO:     Collected Interval ranges
parallelismSelector::VERBO:       L:180
parallelismSelector::VERBO:       L:190
parallelismSelector::VERBO:       L:200
parallelismSelector::VERBO:       L:210
parallelismSelector::VERBO:       L:220
parallelismSelector::VERBO:       L:280
parallelismSelector::VERBO:       L:291
parallelismSelector::VERBO: 
parallelismSelector::VERBO: Analyzing Loop "Xpose_Row_Inner_Loop" (LoopId 24):
parallelismSelector::VERBO:     MARegionScheduler::finalize():
parallelismSelector::VERBO:        - LoopId: 24 Label: Xpose_Row_Inner_Loop
parallelismSelector::VERBO:          - EndCycles: for.body9 -> {1: 2}
parallelismSelector::VERBO:        - MaxEndCycle: {1: 2}
parallelismSelector::VERBO:        - Critical path: for.body9
parallelismSelector::VERBO:     hasRAW: 0
parallelismSelector::VERBO:        - IIMem: {1: 0.5}, OwnedIIMem: {1: 0.5}, NestedIIMem: {1: 0}
parallelismSelector::VERBO:     Collected Var penalties
parallelismSelector::VERBO:       L:18 V:48{1: 0}
parallelismSelector::VERBO:       L:18 V:50{1: 0}
parallelismSelector::VERBO:       L:19 V:48{1: 0}
parallelismSelector::VERBO:       L:19 V:50{1: 0}
parallelismSelector::VERBO:       L:20 V:51{1: 0}
parallelismSelector::VERBO:       L:20 V:59{1: 0}
parallelismSelector::VERBO:       L:21 V:51{1: 0}
parallelismSelector::VERBO:       L:21 V:59{1: 0}
parallelismSelector::VERBO:       L:24 V:58{1: 0}
parallelismSelector::VERBO:       L:24 V:60{1: 0}
parallelismSelector::VERBO:       L:28 V:59{1: 0}
parallelismSelector::VERBO:       L:28 V:60{1: 0}
parallelismSelector::VERBO:       L:28 V:89{1: 0}
parallelismSelector::VERBO:       L:29 V:60{1: 0}
parallelismSelector::VERBO:       L:29 V:89{1: 0}
parallelismSelector::VERBO:     Collected latencies
parallelismSelector::VERBO:       L:18{1: 16}
parallelismSelector::VERBO:       L:19{1: 2}
parallelismSelector::VERBO:       L:20{1: 16}
parallelismSelector::VERBO:       L:21{1: 2}
parallelismSelector::VERBO:       L:22{1: 130}
parallelismSelector::VERBO:       L:24{1: 2}
parallelismSelector::VERBO:       L:28{1: 16}
parallelismSelector::VERBO:       L:29{1: 2}
parallelismSelector::VERBO:     Collected Interval ranges
parallelismSelector::VERBO:       L:180
parallelismSelector::VERBO:       L:190
parallelismSelector::VERBO:       L:200
parallelismSelector::VERBO:       L:210
parallelismSelector::VERBO:       L:220
parallelismSelector::VERBO:       L:240
parallelismSelector::VERBO:       L:280
parallelismSelector::VERBO:       L:291
parallelismSelector::VERBO: 
parallelismSelector::VERBO: Analyzing Loop "Xpose_Row_Outer_Loop" (LoopId 23):
parallelismSelector::VERBO:         LoopId: 24, Label: Xpose_Row_Inner_Loop, TC: 8, IL: {1: 2}, IIMem: {1: 0.5}, IIDep 0
parallelismSelector::VERBO:         	unroll 1 Cycles: 16
parallelismSelector::VERBO:         Overall latency for nested loop (LoopId 24): 16
parallelismSelector::VERBO:     MARegionScheduler::finalize():
parallelismSelector::VERBO:        - LoopId: 23 Label: Xpose_Row_Outer_Loop
parallelismSelector::VERBO:          - EndCycles: for.body9 -> {1: 16}
parallelismSelector::VERBO:          - EndCycles: for.body6 -> {1: 1}
parallelismSelector::VERBO:          - EndCycles: for.end20 -> {1: 16}
parallelismSelector::VERBO:        - MaxEndCycle: {1: 16}
parallelismSelector::VERBO:        - Critical path: for.body9, for.body6, for.end20
parallelismSelector::VERBO:     hasRAW: 0
parallelismSelector::VERBO:        - IIMem: {1: 0}, OwnedIIMem: {1: 0}, NestedIIMem: {1: 0}
parallelismSelector::VERBO:     Collected Var penalties
parallelismSelector::VERBO:       L:18 V:48{1: 0}
parallelismSelector::VERBO:       L:18 V:50{1: 0}
parallelismSelector::VERBO:       L:19 V:48{1: 0}
parallelismSelector::VERBO:       L:19 V:50{1: 0}
parallelismSelector::VERBO:       L:20 V:51{1: 0}
parallelismSelector::VERBO:       L:20 V:59{1: 0}
parallelismSelector::VERBO:       L:21 V:51{1: 0}
parallelismSelector::VERBO:       L:21 V:59{1: 0}
parallelismSelector::VERBO:       L:23 V:58{1: 0}
parallelismSelector::VERBO:       L:23 V:60{1: 0}
parallelismSelector::VERBO:       L:24 V:58{1: 0}
parallelismSelector::VERBO:       L:24 V:60{1: 0}
parallelismSelector::VERBO:       L:28 V:59{1: 0}
parallelismSelector::VERBO:       L:28 V:60{1: 0}
parallelismSelector::VERBO:       L:28 V:89{1: 0}
parallelismSelector::VERBO:       L:29 V:60{1: 0}
parallelismSelector::VERBO:       L:29 V:89{1: 0}
parallelismSelector::VERBO:     Collected latencies
parallelismSelector::VERBO:       L:18{1: 16}
parallelismSelector::VERBO:       L:19{1: 2}
parallelismSelector::VERBO:       L:20{1: 16}
parallelismSelector::VERBO:       L:21{1: 2}
parallelismSelector::VERBO:       L:22{1: 130}
parallelismSelector::VERBO:       L:23{1: 16}
parallelismSelector::VERBO:       L:24{1: 2}
parallelismSelector::VERBO:       L:28{1: 16}
parallelismSelector::VERBO:       L:29{1: 2}
parallelismSelector::VERBO:     Collected Interval ranges
parallelismSelector::VERBO:       L:180
parallelismSelector::VERBO:       L:190
parallelismSelector::VERBO:       L:200
parallelismSelector::VERBO:       L:210
parallelismSelector::VERBO:       L:220
parallelismSelector::VERBO:       L:230
parallelismSelector::VERBO:       L:240
parallelismSelector::VERBO:       L:280
parallelismSelector::VERBO:       L:291
parallelismSelector::VERBO: 
parallelismSelector::VERBO: [LatencyEstimationVisitor] CallSite: CS(6 F=230) (67->56)(68->58)
parallelismSelector::VERBO: [LatencyEstimationVisitor] Equivalence table
                             Object with value: 56 is mapped to the object with value: 50
                             Object with value: 57 is mapped to the object with value: 51
                             Object with value: 67 is mapped to the object with value: 50
                             Object with value: 68 is mapped to the object with value: 58
                             Object with value: 75 is mapped to the object with value: 50
                             Object with value: 76 is mapped to the object with value: 51
                            
parallelismSelector::VERBO: Analyzing Loop "DCT_Inner_Loop" (LoopId 29):
parallelismSelector::VERBO:     MARegionScheduler::finalize():
parallelismSelector::VERBO:        - LoopId: 29 Label: DCT_Inner_Loop
parallelismSelector::VERBO:          - EndCycles: for.body3 -> {1: 2}
parallelismSelector::VERBO:        - MaxEndCycle: {1: 2}
parallelismSelector::VERBO:        - Critical path: for.body3
parallelismSelector::VERBO:     hasRAW: 0
parallelismSelector::VERBO:     Recurrence: Circuit=2:0 -> 2:21 -> 2:0
parallelismSelector::VERBO:       distance=1
parallelismSelector::VERBO:        - IIMem: {1: 0.5}, OwnedIIMem: {1: 0.5}, NestedIIMem: {1: 0}
parallelismSelector::VERBO:     Collected Var penalties
parallelismSelector::VERBO:       L:18 V:48{1: 0}
parallelismSelector::VERBO:       L:18 V:50{1: 0}
parallelismSelector::VERBO:       L:19 V:48{1: 0}
parallelismSelector::VERBO:       L:19 V:50{1: 0}
parallelismSelector::VERBO:       L:20 V:51{1: 0}
parallelismSelector::VERBO:       L:20 V:59{1: 0}
parallelismSelector::VERBO:       L:21 V:51{1: 0}
parallelismSelector::VERBO:       L:21 V:59{1: 0}
parallelismSelector::VERBO:       L:23 V:58{1: 0}
parallelismSelector::VERBO:       L:23 V:60{1: 0}
parallelismSelector::VERBO:       L:24 V:58{1: 0}
parallelismSelector::VERBO:       L:24 V:60{1: 0}
parallelismSelector::VERBO:       L:28 V:59{1: 0}
parallelismSelector::VERBO:       L:28 V:60{1: 0}
parallelismSelector::VERBO:       L:28 V:89{1: 0}
parallelismSelector::VERBO:       L:29 V:50{1: 0}
parallelismSelector::VERBO:       L:29 V:60{1: 0}
parallelismSelector::VERBO:       L:29 V:89{1: 0}
parallelismSelector::VERBO:     Collected latencies
parallelismSelector::VERBO:       L:18{1: 16}
parallelismSelector::VERBO:       L:19{1: 2}
parallelismSelector::VERBO:       L:20{1: 16}
parallelismSelector::VERBO:       L:21{1: 2}
parallelismSelector::VERBO:       L:22{1: 130}
parallelismSelector::VERBO:       L:23{1: 16}
parallelismSelector::VERBO:       L:24{1: 2}
parallelismSelector::VERBO:       L:28{1: 16}
parallelismSelector::VERBO:       L:29{1: 2}
parallelismSelector::VERBO:     Collected Interval ranges
parallelismSelector::VERBO:       L:180
parallelismSelector::VERBO:       L:190
parallelismSelector::VERBO:       L:200
parallelismSelector::VERBO:       L:210
parallelismSelector::VERBO:       L:220
parallelismSelector::VERBO:       L:230
parallelismSelector::VERBO:       L:240
parallelismSelector::VERBO:       L:280
parallelismSelector::VERBO:       L:291
parallelismSelector::VERBO: 
parallelismSelector::VERBO: Analyzing Loop "DCT_Outer_Loop" (LoopId 28):
parallelismSelector::VERBO:         LoopId: 29, Label: DCT_Inner_Loop, TC: 8, IL: {1: 2}, IIMem: {1: 0.5}, IIDep 1
parallelismSelector::VERBO:         	unroll 1 Cycles: 16
parallelismSelector::VERBO:         Overall latency for nested loop (LoopId 29): 16
parallelismSelector::VERBO:     MARegionScheduler::finalize():
parallelismSelector::VERBO:        - LoopId: 28 Label: DCT_Outer_Loop
parallelismSelector::VERBO:          - EndCycles: for.body -> {1: 1}
parallelismSelector::VERBO:          - EndCycles: for.end -> {1: 16}
parallelismSelector::VERBO:          - EndCycles: for.body3 -> {1: 16}
parallelismSelector::VERBO:        - MaxEndCycle: {1: 16}
parallelismSelector::VERBO:        - Critical path: for.body, for.end, for.body3
parallelismSelector::VERBO:     hasRAW: 0
parallelismSelector::VERBO:        - IIMem: {1: 0.5}, OwnedIIMem: {1: 0.5}, NestedIIMem: {1: 0}
parallelismSelector::VERBO:     Collected Var penalties
parallelismSelector::VERBO:       L:18 V:48{1: 0}
parallelismSelector::VERBO:       L:18 V:50{1: 0}
parallelismSelector::VERBO:       L:19 V:48{1: 0}
parallelismSelector::VERBO:       L:19 V:50{1: 0}
parallelismSelector::VERBO:       L:20 V:51{1: 0}
parallelismSelector::VERBO:       L:20 V:59{1: 0}
parallelismSelector::VERBO:       L:21 V:51{1: 0}
parallelismSelector::VERBO:       L:21 V:59{1: 0}
parallelismSelector::VERBO:       L:23 V:58{1: 0}
parallelismSelector::VERBO:       L:23 V:60{1: 0}
parallelismSelector::VERBO:       L:24 V:58{1: 0}
parallelismSelector::VERBO:       L:24 V:60{1: 0}
parallelismSelector::VERBO:       L:28 V:50{1: 0}
parallelismSelector::VERBO:       L:28 V:58{1: 0}
parallelismSelector::VERBO:       L:28 V:59{1: 0}
parallelismSelector::VERBO:       L:28 V:60{1: 0}
parallelismSelector::VERBO:       L:28 V:89{1: 0}
parallelismSelector::VERBO:       L:29 V:50{1: 0}
parallelismSelector::VERBO:       L:29 V:60{1: 0}
parallelismSelector::VERBO:       L:29 V:89{1: 0}
parallelismSelector::VERBO:     Collected latencies
parallelismSelector::VERBO:       L:18{1: 16}
parallelismSelector::VERBO:       L:19{1: 2}
parallelismSelector::VERBO:       L:20{1: 16}
parallelismSelector::VERBO:       L:21{1: 2}
parallelismSelector::VERBO:       L:22{1: 130}
parallelismSelector::VERBO:       L:23{1: 16}
parallelismSelector::VERBO:       L:24{1: 2}
parallelismSelector::VERBO:       L:28{1: 16}
parallelismSelector::VERBO:       L:29{1: 2}
parallelismSelector::VERBO:     Collected Interval ranges
parallelismSelector::VERBO:       L:180
parallelismSelector::VERBO:       L:190
parallelismSelector::VERBO:       L:200
parallelismSelector::VERBO:       L:210
parallelismSelector::VERBO:       L:220
parallelismSelector::VERBO:       L:230
parallelismSelector::VERBO:       L:240
parallelismSelector::VERBO:       L:280
parallelismSelector::VERBO:       L:291
parallelismSelector::VERBO: 
parallelismSelector::VERBO: Analyzing Function "dct_1d" (FunctionId 230):
parallelismSelector::VERBO:         LoopId: 28, Label: DCT_Outer_Loop, TC: 8, IL: {1: 16}, IIMem: {1: 0.5}, IIDep 0
parallelismSelector::VERBO:         	unroll 1 Cycles: 128
parallelismSelector::VERBO:         Overall latency for nested loop (LoopId 28): 128
parallelismSelector::VERBO:     MARegionScheduler::finalize():
parallelismSelector::VERBO:        - Function: _Z6dct_1dPsS_
parallelismSelector::VERBO:          - EndCycles: for.end -> {1: 129}
parallelismSelector::VERBO:          - EndCycles: entry -> {1: 1}
parallelismSelector::VERBO:          - EndCycles: for.end15 -> {1: 129}
parallelismSelector::VERBO:        - MaxEndCycle: {1: 129}
parallelismSelector::VERBO:        - Critical path: for.body, for.end, entry, for.end15
parallelismSelector::VERBO:     Collected Var penalties
parallelismSelector::VERBO:       L:18 V:48{1: 0}
parallelismSelector::VERBO:       L:18 V:50{1: 0}
parallelismSelector::VERBO:       L:19 V:48{1: 0}
parallelismSelector::VERBO:       L:19 V:50{1: 0}
parallelismSelector::VERBO:       L:20 V:51{1: 0}
parallelismSelector::VERBO:       L:20 V:59{1: 0}
parallelismSelector::VERBO:       L:21 V:51{1: 0}
parallelismSelector::VERBO:       L:21 V:59{1: 0}
parallelismSelector::VERBO:       L:23 V:58{1: 0}
parallelismSelector::VERBO:       L:23 V:60{1: 0}
parallelismSelector::VERBO:       L:24 V:58{1: 0}
parallelismSelector::VERBO:       L:24 V:60{1: 0}
parallelismSelector::VERBO:       L:28 V:50{1: 0}
parallelismSelector::VERBO:       L:28 V:58{1: 0}
parallelismSelector::VERBO:       L:28 V:59{1: 0}
parallelismSelector::VERBO:       L:28 V:60{1: 0}
parallelismSelector::VERBO:       L:28 V:89{1: 0}
parallelismSelector::VERBO:       L:29 V:50{1: 0}
parallelismSelector::VERBO:       L:29 V:60{1: 0}
parallelismSelector::VERBO:       L:29 V:89{1: 0}
parallelismSelector::VERBO:     Collected latencies
parallelismSelector::VERBO:       L:18{1: 16}
parallelismSelector::VERBO:       L:19{1: 2}
parallelismSelector::VERBO:       L:20{1: 16}
parallelismSelector::VERBO:       L:21{1: 2}
parallelismSelector::VERBO:       L:22{1: 130}
parallelismSelector::VERBO:       L:23{1: 16}
parallelismSelector::VERBO:       L:24{1: 2}
parallelismSelector::VERBO:       L:28{1: 16}
parallelismSelector::VERBO:       L:29{1: 2}
parallelismSelector::VERBO:     Collected Interval ranges
parallelismSelector::VERBO:       L:180
parallelismSelector::VERBO:       L:190
parallelismSelector::VERBO:       L:200
parallelismSelector::VERBO:       L:210
parallelismSelector::VERBO:       L:220
parallelismSelector::VERBO:       L:230
parallelismSelector::VERBO:       L:240
parallelismSelector::VERBO:       L:280
parallelismSelector::VERBO:       L:291
parallelismSelector::VERBO: 
parallelismSelector::VERBO: Analyzing Loop "Row_DCT_Loop" (LoopId 25):
parallelismSelector::VERBO:     MARegionScheduler::finalize():
parallelismSelector::VERBO:        - LoopId: 25 Label: Row_DCT_Loop
parallelismSelector::VERBO:          - EndCycles: for.body -> {1: 1}
parallelismSelector::VERBO:          - EndCycles: for.body_iso0 -> {1: 130}
parallelismSelector::VERBO:          - EndCycles: for.body_iso1 -> {1: 130}
parallelismSelector::VERBO:        - MaxEndCycle: {1: 130}
parallelismSelector::VERBO:        - Critical path: for.body, for.body_iso0, for.body_iso1
parallelismSelector::VERBO:     hasRAW: 0
parallelismSelector::VERBO:        - IIMem: {1: 0}, OwnedIIMem: {1: 0}, NestedIIMem: {1: 0}
parallelismSelector::VERBO:     Collected Var penalties
parallelismSelector::VERBO:       L:18 V:48{1: 0}
parallelismSelector::VERBO:       L:18 V:50{1: 0}
parallelismSelector::VERBO:       L:19 V:48{1: 0}
parallelismSelector::VERBO:       L:19 V:50{1: 0}
parallelismSelector::VERBO:       L:20 V:51{1: 0}
parallelismSelector::VERBO:       L:20 V:59{1: 0}
parallelismSelector::VERBO:       L:21 V:51{1: 0}
parallelismSelector::VERBO:       L:21 V:59{1: 0}
parallelismSelector::VERBO:       L:23 V:58{1: 0}
parallelismSelector::VERBO:       L:23 V:60{1: 0}
parallelismSelector::VERBO:       L:24 V:58{1: 0}
parallelismSelector::VERBO:       L:24 V:60{1: 0}
parallelismSelector::VERBO:       L:28 V:50{1: 0}
parallelismSelector::VERBO:       L:28 V:58{1: 0}
parallelismSelector::VERBO:       L:28 V:59{1: 0}
parallelismSelector::VERBO:       L:28 V:60{1: 0}
parallelismSelector::VERBO:       L:28 V:89{1: 0}
parallelismSelector::VERBO:       L:29 V:50{1: 0}
parallelismSelector::VERBO:       L:29 V:60{1: 0}
parallelismSelector::VERBO:       L:29 V:89{1: 0}
parallelismSelector::VERBO:     Collected latencies
parallelismSelector::VERBO:       L:18{1: 16}
parallelismSelector::VERBO:       L:19{1: 2}
parallelismSelector::VERBO:       L:20{1: 16}
parallelismSelector::VERBO:       L:21{1: 2}
parallelismSelector::VERBO:       L:22{1: 130}
parallelismSelector::VERBO:       L:23{1: 16}
parallelismSelector::VERBO:       L:24{1: 2}
parallelismSelector::VERBO:       L:25{1: 130}
parallelismSelector::VERBO:       L:28{1: 16}
parallelismSelector::VERBO:       L:29{1: 2}
parallelismSelector::VERBO:     Collected Interval ranges
parallelismSelector::VERBO:       L:180
parallelismSelector::VERBO:       L:190
parallelismSelector::VERBO:       L:200
parallelismSelector::VERBO:       L:210
parallelismSelector::VERBO:       L:220
parallelismSelector::VERBO:       L:230
parallelismSelector::VERBO:       L:240
parallelismSelector::VERBO:       L:250
parallelismSelector::VERBO:       L:280
parallelismSelector::VERBO:       L:291
parallelismSelector::VERBO: 
parallelismSelector::VERBO: Analyzing Function "dct_2d" (FunctionId 228):
parallelismSelector::VERBO:         LoopId: 25, Label: Row_DCT_Loop, TC: 8, IL: {1: 130}, IIMem: {1: 0}, IIDep 0
parallelismSelector::VERBO:         	unroll 1 Cycles: 1040
parallelismSelector::VERBO:         Overall latency for nested loop (LoopId 25): 1040
parallelismSelector::VERBO:         LoopId: 23, Label: Xpose_Row_Outer_Loop, TC: 8, IL: {1: 16}, IIMem: {1: 0}, IIDep 0
parallelismSelector::VERBO:         	unroll 1 Cycles: 128
parallelismSelector::VERBO:         Overall latency for nested loop (LoopId 23): 128
parallelismSelector::VERBO:         LoopId: 22, Label: Col_DCT_Loop, TC: 8, IL: {1: 130}, IIMem: {1: 0}, IIDep 0
parallelismSelector::VERBO:         	unroll 1 Cycles: 1040
parallelismSelector::VERBO:         Overall latency for nested loop (LoopId 22): 1040
parallelismSelector::VERBO:         LoopId: 20, Label: Xpose_Col_Outer_Loop, TC: 8, IL: {1: 16}, IIMem: {1: 0}, IIDep 0
parallelismSelector::VERBO:         	unroll 1 Cycles: 128
parallelismSelector::VERBO:         Overall latency for nested loop (LoopId 20): 128
parallelismSelector::VERBO:     MARegionScheduler::finalize():
parallelismSelector::VERBO:        - Function: _Z6dct_2dPA8_sS0_
parallelismSelector::VERBO:          - EndCycles: for.end23 -> {1: 1171}
parallelismSelector::VERBO:          - EndCycles: for.end35 -> {1: 2212}
parallelismSelector::VERBO:          - EndCycles: for.end -> {1: 1042}
parallelismSelector::VERBO:          - EndCycles: for.end55 -> {1: 2340}
parallelismSelector::VERBO:          - EndCycles: entry -> {1: 1}
parallelismSelector::VERBO:          - EndCycles: for.end20 -> {1: 1170}
parallelismSelector::VERBO:          - EndCycles: for.body26_iso3 -> {1: 2211}
parallelismSelector::VERBO:          - EndCycles: for.end52 -> {1: 2340}
parallelismSelector::VERBO:          - EndCycles: for.body_iso1 -> {1: 1041}
parallelismSelector::VERBO:        - MaxEndCycle: {1: 2340}
parallelismSelector::VERBO:        - Critical path: for.body38, for.end23, for.body6, for.end35, for.end, for.end55, for.body, for.body26, entry, for.end20, for.body26_iso3, for.end52, for.body_iso1
parallelismSelector::VERBO:     Collected Var penalties
parallelismSelector::VERBO:       L:18 V:48{1: 0}
parallelismSelector::VERBO:       L:18 V:50{1: 0}
parallelismSelector::VERBO:       L:19 V:48{1: 0}
parallelismSelector::VERBO:       L:19 V:50{1: 0}
parallelismSelector::VERBO:       L:20 V:51{1: 0}
parallelismSelector::VERBO:       L:20 V:59{1: 0}
parallelismSelector::VERBO:       L:21 V:51{1: 0}
parallelismSelector::VERBO:       L:21 V:59{1: 0}
parallelismSelector::VERBO:       L:23 V:58{1: 0}
parallelismSelector::VERBO:       L:23 V:60{1: 0}
parallelismSelector::VERBO:       L:24 V:58{1: 0}
parallelismSelector::VERBO:       L:24 V:60{1: 0}
parallelismSelector::VERBO:       L:28 V:50{1: 0}
parallelismSelector::VERBO:       L:28 V:58{1: 0}
parallelismSelector::VERBO:       L:28 V:59{1: 0}
parallelismSelector::VERBO:       L:28 V:60{1: 0}
parallelismSelector::VERBO:       L:28 V:89{1: 0}
parallelismSelector::VERBO:       L:29 V:50{1: 0}
parallelismSelector::VERBO:       L:29 V:60{1: 0}
parallelismSelector::VERBO:       L:29 V:89{1: 0}
parallelismSelector::VERBO:     Collected latencies
parallelismSelector::VERBO:       L:18{1: 16}
parallelismSelector::VERBO:       L:19{1: 2}
parallelismSelector::VERBO:       L:20{1: 16}
parallelismSelector::VERBO:       L:21{1: 2}
parallelismSelector::VERBO:       L:22{1: 130}
parallelismSelector::VERBO:       L:23{1: 16}
parallelismSelector::VERBO:       L:24{1: 2}
parallelismSelector::VERBO:       L:25{1: 130}
parallelismSelector::VERBO:       L:28{1: 16}
parallelismSelector::VERBO:       L:29{1: 2}
parallelismSelector::VERBO:     Collected Interval ranges
parallelismSelector::VERBO:       L:180
parallelismSelector::VERBO:       L:190
parallelismSelector::VERBO:       L:200
parallelismSelector::VERBO:       L:210
parallelismSelector::VERBO:       L:220
parallelismSelector::VERBO:       L:230
parallelismSelector::VERBO:       L:240
parallelismSelector::VERBO:       L:250
parallelismSelector::VERBO:       L:280
parallelismSelector::VERBO:       L:291
parallelismSelector::VERBO: 
parallelismSelector::VERBO: Analyzing Function "Outline_T4_F226_R3_Call" (FunctionId 232):
parallelismSelector::VERBO:     MARegionScheduler::finalize():
parallelismSelector::VERBO:        - Function: Outline_T4_F226_R3_Call
parallelismSelector::VERBO:          - EndCycles: newFuncRoot -> {1: 1}
parallelismSelector::VERBO:          - EndCycles: newFuncRoot_iso0 -> {1: 2341}
parallelismSelector::VERBO:        - MaxEndCycle: {1: 2341}
parallelismSelector::VERBO:        - Critical path: newFuncRoot, newFuncRoot_iso0
parallelismSelector::VERBO:     Collected Var penalties
parallelismSelector::VERBO:       L:18 V:48{1: 0}
parallelismSelector::VERBO:       L:18 V:50{1: 0}
parallelismSelector::VERBO:       L:19 V:48{1: 0}
parallelismSelector::VERBO:       L:19 V:50{1: 0}
parallelismSelector::VERBO:       L:20 V:51{1: 0}
parallelismSelector::VERBO:       L:20 V:59{1: 0}
parallelismSelector::VERBO:       L:21 V:51{1: 0}
parallelismSelector::VERBO:       L:21 V:59{1: 0}
parallelismSelector::VERBO:       L:23 V:58{1: 0}
parallelismSelector::VERBO:       L:23 V:60{1: 0}
parallelismSelector::VERBO:       L:24 V:58{1: 0}
parallelismSelector::VERBO:       L:24 V:60{1: 0}
parallelismSelector::VERBO:       L:28 V:50{1: 0}
parallelismSelector::VERBO:       L:28 V:58{1: 0}
parallelismSelector::VERBO:       L:28 V:59{1: 0}
parallelismSelector::VERBO:       L:28 V:60{1: 0}
parallelismSelector::VERBO:       L:28 V:89{1: 0}
parallelismSelector::VERBO:       L:29 V:50{1: 0}
parallelismSelector::VERBO:       L:29 V:60{1: 0}
parallelismSelector::VERBO:       L:29 V:89{1: 0}
parallelismSelector::VERBO:     Collected latencies
parallelismSelector::VERBO:       L:18{1: 16}
parallelismSelector::VERBO:       L:19{1: 2}
parallelismSelector::VERBO:       L:20{1: 16}
parallelismSelector::VERBO:       L:21{1: 2}
parallelismSelector::VERBO:       L:22{1: 130}
parallelismSelector::VERBO:       L:23{1: 16}
parallelismSelector::VERBO:       L:24{1: 2}
parallelismSelector::VERBO:       L:25{1: 130}
parallelismSelector::VERBO:       L:28{1: 16}
parallelismSelector::VERBO:       L:29{1: 2}
parallelismSelector::VERBO:     Collected Interval ranges
parallelismSelector::VERBO:       L:180
parallelismSelector::VERBO:       L:190
parallelismSelector::VERBO:       L:200
parallelismSelector::VERBO:       L:210
parallelismSelector::VERBO:       L:220
parallelismSelector::VERBO:       L:230
parallelismSelector::VERBO:       L:240
parallelismSelector::VERBO:       L:250
parallelismSelector::VERBO:       L:280
parallelismSelector::VERBO:       L:291
parallelismSelector::VERBO: 
parallelismSelector::VERBO: [LatencyEstimationVisitor] CallSite: CS(5 F=233) (77->51)(78->49)
parallelismSelector::VERBO: [LatencyEstimationVisitor] Equivalence table
                             Object with value: 77 is mapped to the object with value: 51
                             Object with value: 78 is mapped to the object with value: 49
                            
parallelismSelector::VERBO: [LatencyEstimationVisitor] CallSite: CS(10 F=229) (63->77)(64->78)
parallelismSelector::VERBO: [LatencyEstimationVisitor] Equivalence table
                             Object with value: 63 is mapped to the object with value: 51
                             Object with value: 64 is mapped to the object with value: 49
                             Object with value: 77 is mapped to the object with value: 51
                             Object with value: 78 is mapped to the object with value: 49
                            
parallelismSelector::VERBO: Analyzing Loop "WR_Loop_Col" (LoopId 27):
parallelismSelector::VERBO:     MARegionScheduler::finalize():
parallelismSelector::VERBO:        - LoopId: 27 Label: WR_Loop_Col
parallelismSelector::VERBO:          - EndCycles: for.body3 -> {1: 2}
parallelismSelector::VERBO:        - MaxEndCycle: {1: 2}
parallelismSelector::VERBO:        - Critical path: for.body3
parallelismSelector::VERBO:     hasRAW: 0
parallelismSelector::VERBO:        - IIMem: {1: 0.5}, OwnedIIMem: {1: 0.5}, NestedIIMem: {1: 0}
parallelismSelector::VERBO:     Collected Var penalties
parallelismSelector::VERBO:       L:18 V:48{1: 0}
parallelismSelector::VERBO:       L:18 V:50{1: 0}
parallelismSelector::VERBO:       L:19 V:48{1: 0}
parallelismSelector::VERBO:       L:19 V:50{1: 0}
parallelismSelector::VERBO:       L:20 V:51{1: 0}
parallelismSelector::VERBO:       L:20 V:59{1: 0}
parallelismSelector::VERBO:       L:21 V:51{1: 0}
parallelismSelector::VERBO:       L:21 V:59{1: 0}
parallelismSelector::VERBO:       L:23 V:58{1: 0}
parallelismSelector::VERBO:       L:23 V:60{1: 0}
parallelismSelector::VERBO:       L:24 V:58{1: 0}
parallelismSelector::VERBO:       L:24 V:60{1: 0}
parallelismSelector::VERBO:       L:27 V:49{1: 0}
parallelismSelector::VERBO:       L:27 V:51{1: 0}
parallelismSelector::VERBO:       L:28 V:50{1: 0}
parallelismSelector::VERBO:       L:28 V:58{1: 0}
parallelismSelector::VERBO:       L:28 V:59{1: 0}
parallelismSelector::VERBO:       L:28 V:60{1: 0}
parallelismSelector::VERBO:       L:28 V:89{1: 0}
parallelismSelector::VERBO:       L:29 V:50{1: 0}
parallelismSelector::VERBO:       L:29 V:60{1: 0}
parallelismSelector::VERBO:       L:29 V:89{1: 0}
parallelismSelector::VERBO:     Collected latencies
parallelismSelector::VERBO:       L:18{1: 16}
parallelismSelector::VERBO:       L:19{1: 2}
parallelismSelector::VERBO:       L:20{1: 16}
parallelismSelector::VERBO:       L:21{1: 2}
parallelismSelector::VERBO:       L:22{1: 130}
parallelismSelector::VERBO:       L:23{1: 16}
parallelismSelector::VERBO:       L:24{1: 2}
parallelismSelector::VERBO:       L:25{1: 130}
parallelismSelector::VERBO:       L:27{1: 2}
parallelismSelector::VERBO:       L:28{1: 16}
parallelismSelector::VERBO:       L:29{1: 2}
parallelismSelector::VERBO:     Collected Interval ranges
parallelismSelector::VERBO:       L:180
parallelismSelector::VERBO:       L:190
parallelismSelector::VERBO:       L:200
parallelismSelector::VERBO:       L:210
parallelismSelector::VERBO:       L:220
parallelismSelector::VERBO:       L:230
parallelismSelector::VERBO:       L:240
parallelismSelector::VERBO:       L:250
parallelismSelector::VERBO:       L:270
parallelismSelector::VERBO:       L:280
parallelismSelector::VERBO:       L:291
parallelismSelector::VERBO: 
parallelismSelector::VERBO: Analyzing Loop "WR_Loop_Row" (LoopId 26):
parallelismSelector::VERBO:         LoopId: 27, Label: WR_Loop_Col, TC: 8, IL: {1: 2}, IIMem: {1: 0.5}, IIDep 0
parallelismSelector::VERBO:         	unroll 1 Cycles: 16
parallelismSelector::VERBO:         Overall latency for nested loop (LoopId 27): 16
parallelismSelector::VERBO:     MARegionScheduler::finalize():
parallelismSelector::VERBO:        - LoopId: 26 Label: WR_Loop_Row
parallelismSelector::VERBO:          - EndCycles: for.body -> {1: 1}
parallelismSelector::VERBO:          - EndCycles: for.body3 -> {1: 16}
parallelismSelector::VERBO:          - EndCycles: for.end -> {1: 16}
parallelismSelector::VERBO:        - MaxEndCycle: {1: 16}
parallelismSelector::VERBO:        - Critical path: for.body, for.body3, for.end
parallelismSelector::VERBO:     hasRAW: 0
parallelismSelector::VERBO:        - IIMem: {1: 0}, OwnedIIMem: {1: 0}, NestedIIMem: {1: 0}
parallelismSelector::VERBO:     Collected Var penalties
parallelismSelector::VERBO:       L:18 V:48{1: 0}
parallelismSelector::VERBO:       L:18 V:50{1: 0}
parallelismSelector::VERBO:       L:19 V:48{1: 0}
parallelismSelector::VERBO:       L:19 V:50{1: 0}
parallelismSelector::VERBO:       L:20 V:51{1: 0}
parallelismSelector::VERBO:       L:20 V:59{1: 0}
parallelismSelector::VERBO:       L:21 V:51{1: 0}
parallelismSelector::VERBO:       L:21 V:59{1: 0}
parallelismSelector::VERBO:       L:23 V:58{1: 0}
parallelismSelector::VERBO:       L:23 V:60{1: 0}
parallelismSelector::VERBO:       L:24 V:58{1: 0}
parallelismSelector::VERBO:       L:24 V:60{1: 0}
parallelismSelector::VERBO:       L:26 V:49{1: 0}
parallelismSelector::VERBO:       L:26 V:51{1: 0}
parallelismSelector::VERBO:       L:27 V:49{1: 0}
parallelismSelector::VERBO:       L:27 V:51{1: 0}
parallelismSelector::VERBO:       L:28 V:50{1: 0}
parallelismSelector::VERBO:       L:28 V:58{1: 0}
parallelismSelector::VERBO:       L:28 V:59{1: 0}
parallelismSelector::VERBO:       L:28 V:60{1: 0}
parallelismSelector::VERBO:       L:28 V:89{1: 0}
parallelismSelector::VERBO:       L:29 V:50{1: 0}
parallelismSelector::VERBO:       L:29 V:60{1: 0}
parallelismSelector::VERBO:       L:29 V:89{1: 0}
parallelismSelector::VERBO:     Collected latencies
parallelismSelector::VERBO:       L:18{1: 16}
parallelismSelector::VERBO:       L:19{1: 2}
parallelismSelector::VERBO:       L:20{1: 16}
parallelismSelector::VERBO:       L:21{1: 2}
parallelismSelector::VERBO:       L:22{1: 130}
parallelismSelector::VERBO:       L:23{1: 16}
parallelismSelector::VERBO:       L:24{1: 2}
parallelismSelector::VERBO:       L:25{1: 130}
parallelismSelector::VERBO:       L:26{1: 16}
parallelismSelector::VERBO:       L:27{1: 2}
parallelismSelector::VERBO:       L:28{1: 16}
parallelismSelector::VERBO:       L:29{1: 2}
parallelismSelector::VERBO:     Collected Interval ranges
parallelismSelector::VERBO:       L:180
parallelismSelector::VERBO:       L:190
parallelismSelector::VERBO:       L:200
parallelismSelector::VERBO:       L:210
parallelismSelector::VERBO:       L:220
parallelismSelector::VERBO:       L:230
parallelismSelector::VERBO:       L:240
parallelismSelector::VERBO:       L:250
parallelismSelector::VERBO:       L:260
parallelismSelector::VERBO:       L:270
parallelismSelector::VERBO:       L:280
parallelismSelector::VERBO:       L:291
parallelismSelector::VERBO: 
parallelismSelector::VERBO: Analyzing Function "write_data" (FunctionId 229):
parallelismSelector::VERBO:         LoopId: 26, Label: WR_Loop_Row, TC: 8, IL: {1: 16}, IIMem: {1: 0}, IIDep 0
parallelismSelector::VERBO:         	unroll 1 Cycles: 128
parallelismSelector::VERBO:         Overall latency for nested loop (LoopId 26): 128
parallelismSelector::VERBO:     MARegionScheduler::finalize():
parallelismSelector::VERBO:        - Function: _Z10write_dataPA8_sPs
parallelismSelector::VERBO:          - EndCycles: entry -> {1: 1}
parallelismSelector::VERBO:          - EndCycles: for.end10 -> {1: 129}
parallelismSelector::VERBO:          - EndCycles: for.end -> {1: 129}
parallelismSelector::VERBO:        - MaxEndCycle: {1: 129}
parallelismSelector::VERBO:        - Critical path: entry, for.end10, for.body, for.end
parallelismSelector::VERBO:     Collected Var penalties
parallelismSelector::VERBO:       L:18 V:48{1: 0}
parallelismSelector::VERBO:       L:18 V:50{1: 0}
parallelismSelector::VERBO:       L:19 V:48{1: 0}
parallelismSelector::VERBO:       L:19 V:50{1: 0}
parallelismSelector::VERBO:       L:20 V:51{1: 0}
parallelismSelector::VERBO:       L:20 V:59{1: 0}
parallelismSelector::VERBO:       L:21 V:51{1: 0}
parallelismSelector::VERBO:       L:21 V:59{1: 0}
parallelismSelector::VERBO:       L:23 V:58{1: 0}
parallelismSelector::VERBO:       L:23 V:60{1: 0}
parallelismSelector::VERBO:       L:24 V:58{1: 0}
parallelismSelector::VERBO:       L:24 V:60{1: 0}
parallelismSelector::VERBO:       L:26 V:49{1: 0}
parallelismSelector::VERBO:       L:26 V:51{1: 0}
parallelismSelector::VERBO:       L:27 V:49{1: 0}
parallelismSelector::VERBO:       L:27 V:51{1: 0}
parallelismSelector::VERBO:       L:28 V:50{1: 0}
parallelismSelector::VERBO:       L:28 V:58{1: 0}
parallelismSelector::VERBO:       L:28 V:59{1: 0}
parallelismSelector::VERBO:       L:28 V:60{1: 0}
parallelismSelector::VERBO:       L:28 V:89{1: 0}
parallelismSelector::VERBO:       L:29 V:50{1: 0}
parallelismSelector::VERBO:       L:29 V:60{1: 0}
parallelismSelector::VERBO:       L:29 V:89{1: 0}
parallelismSelector::VERBO:     Collected latencies
parallelismSelector::VERBO:       L:18{1: 16}
parallelismSelector::VERBO:       L:19{1: 2}
parallelismSelector::VERBO:       L:20{1: 16}
parallelismSelector::VERBO:       L:21{1: 2}
parallelismSelector::VERBO:       L:22{1: 130}
parallelismSelector::VERBO:       L:23{1: 16}
parallelismSelector::VERBO:       L:24{1: 2}
parallelismSelector::VERBO:       L:25{1: 130}
parallelismSelector::VERBO:       L:26{1: 16}
parallelismSelector::VERBO:       L:27{1: 2}
parallelismSelector::VERBO:       L:28{1: 16}
parallelismSelector::VERBO:       L:29{1: 2}
parallelismSelector::VERBO:     Collected Interval ranges
parallelismSelector::VERBO:       L:180
parallelismSelector::VERBO:       L:190
parallelismSelector::VERBO:       L:200
parallelismSelector::VERBO:       L:210
parallelismSelector::VERBO:       L:220
parallelismSelector::VERBO:       L:230
parallelismSelector::VERBO:       L:240
parallelismSelector::VERBO:       L:250
parallelismSelector::VERBO:       L:260
parallelismSelector::VERBO:       L:270
parallelismSelector::VERBO:       L:280
parallelismSelector::VERBO:       L:291
parallelismSelector::VERBO: 
parallelismSelector::VERBO: Analyzing Function "Outline_T5_F226_R4_Call" (FunctionId 233):
parallelismSelector::VERBO:     MARegionScheduler::finalize():
parallelismSelector::VERBO:        - Function: Outline_T5_F226_R4_Call
parallelismSelector::VERBO:          - EndCycles: newFuncRoot -> {1: 1}
parallelismSelector::VERBO:          - EndCycles: newFuncRoot_iso0 -> {1: 130}
parallelismSelector::VERBO:        - MaxEndCycle: {1: 130}
parallelismSelector::VERBO:        - Critical path: newFuncRoot, newFuncRoot_iso0
parallelismSelector::VERBO:     Collected Var penalties
parallelismSelector::VERBO:       L:18 V:48{1: 0}
parallelismSelector::VERBO:       L:18 V:50{1: 0}
parallelismSelector::VERBO:       L:19 V:48{1: 0}
parallelismSelector::VERBO:       L:19 V:50{1: 0}
parallelismSelector::VERBO:       L:20 V:51{1: 0}
parallelismSelector::VERBO:       L:20 V:59{1: 0}
parallelismSelector::VERBO:       L:21 V:51{1: 0}
parallelismSelector::VERBO:       L:21 V:59{1: 0}
parallelismSelector::VERBO:       L:23 V:58{1: 0}
parallelismSelector::VERBO:       L:23 V:60{1: 0}
parallelismSelector::VERBO:       L:24 V:58{1: 0}
parallelismSelector::VERBO:       L:24 V:60{1: 0}
parallelismSelector::VERBO:       L:26 V:49{1: 0}
parallelismSelector::VERBO:       L:26 V:51{1: 0}
parallelismSelector::VERBO:       L:27 V:49{1: 0}
parallelismSelector::VERBO:       L:27 V:51{1: 0}
parallelismSelector::VERBO:       L:28 V:50{1: 0}
parallelismSelector::VERBO:       L:28 V:58{1: 0}
parallelismSelector::VERBO:       L:28 V:59{1: 0}
parallelismSelector::VERBO:       L:28 V:60{1: 0}
parallelismSelector::VERBO:       L:28 V:89{1: 0}
parallelismSelector::VERBO:       L:29 V:50{1: 0}
parallelismSelector::VERBO:       L:29 V:60{1: 0}
parallelismSelector::VERBO:       L:29 V:89{1: 0}
parallelismSelector::VERBO:     Collected latencies
parallelismSelector::VERBO:       L:18{1: 16}
parallelismSelector::VERBO:       L:19{1: 2}
parallelismSelector::VERBO:       L:20{1: 16}
parallelismSelector::VERBO:       L:21{1: 2}
parallelismSelector::VERBO:       L:22{1: 130}
parallelismSelector::VERBO:       L:23{1: 16}
parallelismSelector::VERBO:       L:24{1: 2}
parallelismSelector::VERBO:       L:25{1: 130}
parallelismSelector::VERBO:       L:26{1: 16}
parallelismSelector::VERBO:       L:27{1: 2}
parallelismSelector::VERBO:       L:28{1: 16}
parallelismSelector::VERBO:       L:29{1: 2}
parallelismSelector::VERBO:     Collected Interval ranges
parallelismSelector::VERBO:       L:180
parallelismSelector::VERBO:       L:190
parallelismSelector::VERBO:       L:200
parallelismSelector::VERBO:       L:210
parallelismSelector::VERBO:       L:220
parallelismSelector::VERBO:       L:230
parallelismSelector::VERBO:       L:240
parallelismSelector::VERBO:       L:250
parallelismSelector::VERBO:       L:260
parallelismSelector::VERBO:       L:270
parallelismSelector::VERBO:       L:280
parallelismSelector::VERBO:       L:291
parallelismSelector::VERBO: 
parallelismSelector::VERBO: Analyzing Function "dct" (FunctionId 226):
parallelismSelector::VERBO:     MARegionScheduler::finalize():
parallelismSelector::VERBO:        - Function: dct
parallelismSelector::VERBO:          - EndCycles: codeRepl2 -> {1: 2605}
parallelismSelector::VERBO:          - EndCycles: codeRepl -> {1: 132}
parallelismSelector::VERBO:          - EndCycles: entry_iso3 -> {1: 2605}
parallelismSelector::VERBO:          - EndCycles: entry -> {1: 1}
parallelismSelector::VERBO:          - EndCycles: codeRepl1 -> {1: 2474}
parallelismSelector::VERBO:        - MaxEndCycle: {1: 2605}
parallelismSelector::VERBO:        - Critical path: codeRepl2, codeRepl, entry_iso3, entry, codeRepl1
parallelismSelector::VERBO:     Collected Var penalties
parallelismSelector::VERBO:       L:18 V:48{1: 0}
parallelismSelector::VERBO:       L:18 V:50{1: 0}
parallelismSelector::VERBO:       L:19 V:48{1: 0}
parallelismSelector::VERBO:       L:19 V:50{1: 0}
parallelismSelector::VERBO:       L:20 V:51{1: 0}
parallelismSelector::VERBO:       L:20 V:59{1: 0}
parallelismSelector::VERBO:       L:21 V:51{1: 0}
parallelismSelector::VERBO:       L:21 V:59{1: 0}
parallelismSelector::VERBO:       L:23 V:58{1: 0}
parallelismSelector::VERBO:       L:23 V:60{1: 0}
parallelismSelector::VERBO:       L:24 V:58{1: 0}
parallelismSelector::VERBO:       L:24 V:60{1: 0}
parallelismSelector::VERBO:       L:26 V:49{1: 0}
parallelismSelector::VERBO:       L:26 V:51{1: 0}
parallelismSelector::VERBO:       L:27 V:49{1: 0}
parallelismSelector::VERBO:       L:27 V:51{1: 0}
parallelismSelector::VERBO:       L:28 V:50{1: 0}
parallelismSelector::VERBO:       L:28 V:58{1: 0}
parallelismSelector::VERBO:       L:28 V:59{1: 0}
parallelismSelector::VERBO:       L:28 V:60{1: 0}
parallelismSelector::VERBO:       L:28 V:89{1: 0}
parallelismSelector::VERBO:       L:29 V:50{1: 0}
parallelismSelector::VERBO:       L:29 V:60{1: 0}
parallelismSelector::VERBO:       L:29 V:89{1: 0}
parallelismSelector::VERBO:     Collected latencies
parallelismSelector::VERBO:       L:18{1: 16}
parallelismSelector::VERBO:       L:19{1: 2}
parallelismSelector::VERBO:       L:20{1: 16}
parallelismSelector::VERBO:       L:21{1: 2}
parallelismSelector::VERBO:       L:22{1: 130}
parallelismSelector::VERBO:       L:23{1: 16}
parallelismSelector::VERBO:       L:24{1: 2}
parallelismSelector::VERBO:       L:25{1: 130}
parallelismSelector::VERBO:       L:26{1: 16}
parallelismSelector::VERBO:       L:27{1: 2}
parallelismSelector::VERBO:       L:28{1: 16}
parallelismSelector::VERBO:       L:29{1: 2}
parallelismSelector::VERBO:     Collected Interval ranges
parallelismSelector::VERBO:       L:180
parallelismSelector::VERBO:       L:190
parallelismSelector::VERBO:       L:200
parallelismSelector::VERBO:       L:210
parallelismSelector::VERBO:       L:220
parallelismSelector::VERBO:       L:230
parallelismSelector::VERBO:       L:240
parallelismSelector::VERBO:       L:250
parallelismSelector::VERBO:       L:260
parallelismSelector::VERBO:       L:270
parallelismSelector::VERBO:       L:280
parallelismSelector::VERBO:       L:291
parallelismSelector::VERBO: 
parallelismSelector::VERBO: Filling in latencies and intervals per loop...
parallelismSelector::VERBO:     Interval:
parallelismSelector::VERBO:     LoopId: 19, Label: RD_Loop_Col, TC: 8, IL: {1: 2}, IIMem: {1: 0.5}, IIDep 0
parallelismSelector::VERBO:     	unroll 1 Cycles: 2
parallelismSelector::VERBO:     Latency:
parallelismSelector::VERBO:     LoopId: 19, Label: RD_Loop_Col, TC: 8, IL: {1: 2}, IIMem: {1: 0.5}, IIDep 0
parallelismSelector::VERBO:     	unroll 1 Cycles: 16
parallelismSelector::VERBO:     Mem Interval:
parallelismSelector::VERBO:     Interval:
parallelismSelector::VERBO:     LoopId: 18, Label: RD_Loop_Row, TC: 8, IL: {1: 16}, IIMem: {1: 0}, IIDep 0
parallelismSelector::VERBO:     	unroll 1 Cycles: 16
parallelismSelector::VERBO:     Latency:
parallelismSelector::VERBO:     LoopId: 18, Label: RD_Loop_Row, TC: 8, IL: {1: 16}, IIMem: {1: 0}, IIDep 0
parallelismSelector::VERBO:     	unroll 1 Cycles: 128
parallelismSelector::VERBO:     Mem Interval:
parallelismSelector::VERBO:     Interval:
parallelismSelector::VERBO:     LoopId: 21, Label: Xpose_Col_Inner_Loop, TC: 8, IL: {1: 2}, IIMem: {1: 0.5}, IIDep 0
parallelismSelector::VERBO:     	unroll 1 Cycles: 2
parallelismSelector::VERBO:     Latency:
parallelismSelector::VERBO:     LoopId: 21, Label: Xpose_Col_Inner_Loop, TC: 8, IL: {1: 2}, IIMem: {1: 0.5}, IIDep 0
parallelismSelector::VERBO:     	unroll 1 Cycles: 16
parallelismSelector::VERBO:     Mem Interval:
parallelismSelector::VERBO:     Interval:
parallelismSelector::VERBO:     LoopId: 20, Label: Xpose_Col_Outer_Loop, TC: 8, IL: {1: 16}, IIMem: {1: 0}, IIDep 0
parallelismSelector::VERBO:     	unroll 1 Cycles: 16
parallelismSelector::VERBO:     Latency:
parallelismSelector::VERBO:     LoopId: 20, Label: Xpose_Col_Outer_Loop, TC: 8, IL: {1: 16}, IIMem: {1: 0}, IIDep 0
parallelismSelector::VERBO:     	unroll 1 Cycles: 128
parallelismSelector::VERBO:     Mem Interval:
parallelismSelector::VERBO:     Interval:
parallelismSelector::VERBO:     LoopId: 29, Label: DCT_Inner_Loop, TC: 8, IL: {1: 2}, IIMem: {1: 0.5}, IIDep 1
parallelismSelector::VERBO:     	unroll 1 Cycles: 2
parallelismSelector::VERBO:     Latency:
parallelismSelector::VERBO:     LoopId: 29, Label: DCT_Inner_Loop, TC: 8, IL: {1: 2}, IIMem: {1: 0.5}, IIDep 1
parallelismSelector::VERBO:     	unroll 1 Cycles: 16
parallelismSelector::VERBO:     Mem Interval:
parallelismSelector::VERBO:     Interval:
parallelismSelector::VERBO:     LoopId: 28, Label: DCT_Outer_Loop, TC: 8, IL: {1: 16}, IIMem: {1: 0.5}, IIDep 0
parallelismSelector::VERBO:     	unroll 1 Cycles: 16
parallelismSelector::VERBO:     Latency:
parallelismSelector::VERBO:     LoopId: 28, Label: DCT_Outer_Loop, TC: 8, IL: {1: 16}, IIMem: {1: 0.5}, IIDep 0
parallelismSelector::VERBO:     	unroll 1 Cycles: 128
parallelismSelector::VERBO:     Mem Interval:
parallelismSelector::VERBO:     Interval:
parallelismSelector::VERBO:     LoopId: 22, Label: Col_DCT_Loop, TC: 8, IL: {1: 130}, IIMem: {1: 0}, IIDep 0
parallelismSelector::VERBO:     	unroll 1 Cycles: 130
parallelismSelector::VERBO:     Latency:
parallelismSelector::VERBO:     LoopId: 22, Label: Col_DCT_Loop, TC: 8, IL: {1: 130}, IIMem: {1: 0}, IIDep 0
parallelismSelector::VERBO:     	unroll 1 Cycles: 1040
parallelismSelector::VERBO:     Mem Interval:
parallelismSelector::VERBO:     Interval:
parallelismSelector::VERBO:     LoopId: 24, Label: Xpose_Row_Inner_Loop, TC: 8, IL: {1: 2}, IIMem: {1: 0.5}, IIDep 0
parallelismSelector::VERBO:     	unroll 1 Cycles: 2
parallelismSelector::VERBO:     Latency:
parallelismSelector::VERBO:     LoopId: 24, Label: Xpose_Row_Inner_Loop, TC: 8, IL: {1: 2}, IIMem: {1: 0.5}, IIDep 0
parallelismSelector::VERBO:     	unroll 1 Cycles: 16
parallelismSelector::VERBO:     Mem Interval:
parallelismSelector::VERBO:     Interval:
parallelismSelector::VERBO:     LoopId: 23, Label: Xpose_Row_Outer_Loop, TC: 8, IL: {1: 16}, IIMem: {1: 0}, IIDep 0
parallelismSelector::VERBO:     	unroll 1 Cycles: 16
parallelismSelector::VERBO:     Latency:
parallelismSelector::VERBO:     LoopId: 23, Label: Xpose_Row_Outer_Loop, TC: 8, IL: {1: 16}, IIMem: {1: 0}, IIDep 0
parallelismSelector::VERBO:     	unroll 1 Cycles: 128
parallelismSelector::VERBO:     Mem Interval:
parallelismSelector::VERBO:     Interval:
parallelismSelector::VERBO:     LoopId: 25, Label: Row_DCT_Loop, TC: 8, IL: {1: 130}, IIMem: {1: 0}, IIDep 0
parallelismSelector::VERBO:     	unroll 1 Cycles: 130
parallelismSelector::VERBO:     Latency:
parallelismSelector::VERBO:     LoopId: 25, Label: Row_DCT_Loop, TC: 8, IL: {1: 130}, IIMem: {1: 0}, IIDep 0
parallelismSelector::VERBO:     	unroll 1 Cycles: 1040
parallelismSelector::VERBO:     Mem Interval:
parallelismSelector::VERBO:     Interval:
parallelismSelector::VERBO:     LoopId: 27, Label: WR_Loop_Col, TC: 8, IL: {1: 2}, IIMem: {1: 0.5}, IIDep 0
parallelismSelector::VERBO:     	unroll 1 Cycles: 2
parallelismSelector::VERBO:     Latency:
parallelismSelector::VERBO:     LoopId: 27, Label: WR_Loop_Col, TC: 8, IL: {1: 2}, IIMem: {1: 0.5}, IIDep 0
parallelismSelector::VERBO:     	unroll 1 Cycles: 16
parallelismSelector::VERBO:     Mem Interval:
parallelismSelector::VERBO:     Interval:
parallelismSelector::VERBO:     LoopId: 26, Label: WR_Loop_Row, TC: 8, IL: {1: 16}, IIMem: {1: 0}, IIDep 0
parallelismSelector::VERBO:     	unroll 1 Cycles: 16
parallelismSelector::VERBO:     Latency:
parallelismSelector::VERBO:     LoopId: 26, Label: WR_Loop_Row, TC: 8, IL: {1: 16}, IIMem: {1: 0}, IIDep 0
parallelismSelector::VERBO:     	unroll 1 Cycles: 128
parallelismSelector::VERBO:     Mem Interval:
parallelismSelector::VERBO: [AreaEstimationVisitor] Func: dct : 226
parallelismSelector::VERBO: [AreaEstimationVisitor] CallSite: CS(3 F=231) (73->50)(74->48)
parallelismSelector::VERBO:   New Equivalence table
                             Object with value: 73 is mapped to the object with value: 50
                             Object with value: 74 is mapped to the object with value: 48
                            
parallelismSelector::VERBO: [AreaEstimationVisitor] Func: Outline_T3_F226_R2_Call : 231
parallelismSelector::VERBO: [AreaEstimationVisitor] CallSite: CS(8 F=227) (52->74)(53->73)
parallelismSelector::VERBO:   New Equivalence table
                             Object with value: 52 is mapped to the object with value: 48
                             Object with value: 53 is mapped to the object with value: 50
                             Object with value: 73 is mapped to the object with value: 50
                             Object with value: 74 is mapped to the object with value: 48
                            
parallelismSelector::VERBO: [AreaEstimationVisitor] Func: _Z9read_dataPsPA8_s : 227
parallelismSelector::VERBO: [AreaEstimationVisitor] Loop: 18
parallelismSelector::VERBO: [AreaEstimationVisitor] Loop: 19
parallelismSelector::VERBO: [Finalize] Self shareable area: LUTs: 0 FFs: 0 DSPs: 0 BRAMs: 0
parallelismSelector::VERBO: [Finalize] ParallelOperationNumPerLoop: {19: 1}
parallelismSelector::VERBO: [Finalize] Contribution of this loop to shareable area: LUTs: 0 FFs: 0 DSPs: 0 BRAMs: 0
parallelismSelector::VERBO: [AreaEstimationVisitor] Total shareable area: LUTs: 0 FFs: 0 DSPs: 0 BRAMs: 0 Total unshareable area: LUTs: 108 FFs: 0 DSPs: 0 BRAMs: 0
parallelismSelector::VERBO: [AreaEstimationVisitor] Self shareable area: LUTs: 0 FFs: 0 DSPs: 0 BRAMs: 0 Self unshareable area: LUTs: 52 FFs: 0 DSPs: 0 BRAMs: 0
parallelismSelector::VERBO: [visitNestedHeader] Adding nested shareable area from loop(id) 19 LUTs: 0 FFs: 0 DSPs: 0 BRAMs: 0
parallelismSelector::VERBO: [Finalize] Self shareable area: LUTs: 0 FFs: 0 DSPs: 0 BRAMs: 0
parallelismSelector::VERBO: [Finalize] ParallelOperationNumPerLoop: {}
parallelismSelector::VERBO: [Finalize] Contribution of this loop to shareable area: LUTs: 0 FFs: 0 DSPs: 0 BRAMs: 0
parallelismSelector::VERBO: [AreaEstimationVisitor] Total shareable area: LUTs: 0 FFs: 0 DSPs: 0 BRAMs: 0 Total unshareable area: LUTs: 128 FFs: 0 DSPs: 0 BRAMs: 0
parallelismSelector::VERBO: [AreaEstimationVisitor] Self shareable area: LUTs: 0 FFs: 0 DSPs: 0 BRAMs: 0 Self unshareable area: LUTs: 20 FFs: 0 DSPs: 0 BRAMs: 0
parallelismSelector::VERBO: [Finalize] Self shareable area: LUTs: 0 FFs: 0 DSPs: 0 BRAMs: 0
parallelismSelector::VERBO: [AreaEstimationVisitor] Total shareable area: LUTs: 0 FFs: 0 DSPs: 0 BRAMs: 0 Total unshareable area: LUTs: 128 FFs: 0 DSPs: 0 BRAMs: 0
parallelismSelector::VERBO: [AreaEstimationVisitor] Self shareable area: LUTs: 0 FFs: 0 DSPs: 0 BRAMs: 0 Self unshareable area: LUTs: 0 FFs: 0 DSPs: 0 BRAMs: 0
parallelismSelector::VERBO: [Finalize] Self shareable area: LUTs: 0 FFs: 0 DSPs: 0 BRAMs: 0
parallelismSelector::VERBO: [AreaEstimationVisitor] Total shareable area: LUTs: 0 FFs: 0 DSPs: 0 BRAMs: 0 Total unshareable area: LUTs: 128 FFs: 0 DSPs: 0 BRAMs: 0
parallelismSelector::VERBO: [AreaEstimationVisitor] Self shareable area: LUTs: 0 FFs: 0 DSPs: 0 BRAMs: 0 Self unshareable area: LUTs: 128 FFs: 0 DSPs: 0 BRAMs: 0
parallelismSelector::VERBO: [AreaEstimationVisitor] CallSite: CS(4 F=232) (75->50)(76->51)
parallelismSelector::VERBO:   New Equivalence table
                             Object with value: 75 is mapped to the object with value: 50
                             Object with value: 76 is mapped to the object with value: 51
                            
parallelismSelector::VERBO: [AreaEstimationVisitor] Func: Outline_T4_F226_R3_Call : 232
parallelismSelector::VERBO: [AreaEstimationVisitor] CallSite: CS(9 F=228) (56->75)(57->76)
parallelismSelector::VERBO:   New Equivalence table
                             Object with value: 56 is mapped to the object with value: 50
                             Object with value: 57 is mapped to the object with value: 51
                             Object with value: 75 is mapped to the object with value: 50
                             Object with value: 76 is mapped to the object with value: 51
                            
parallelismSelector::VERBO: [AreaEstimationVisitor] Func: _Z6dct_2dPA8_sS0_ : 228
parallelismSelector::VERBO: [AreaEstimationVisitor] Loop: 20
parallelismSelector::VERBO: [AreaEstimationVisitor] Loop: 21
parallelismSelector::VERBO: [Finalize] Self shareable area: LUTs: 0 FFs: 0 DSPs: 0 BRAMs: 0
parallelismSelector::VERBO: [Finalize] ParallelOperationNumPerLoop: {21: 1}
parallelismSelector::VERBO: [Finalize] Contribution of this loop to shareable area: LUTs: 0 FFs: 0 DSPs: 0 BRAMs: 0
parallelismSelector::VERBO: [AreaEstimationVisitor] Total shareable area: LUTs: 0 FFs: 0 DSPs: 0 BRAMs: 0 Total unshareable area: LUTs: 76 FFs: 0 DSPs: 0 BRAMs: 0
parallelismSelector::VERBO: [AreaEstimationVisitor] Self shareable area: LUTs: 0 FFs: 0 DSPs: 0 BRAMs: 0 Self unshareable area: LUTs: 20 FFs: 0 DSPs: 0 BRAMs: 0
parallelismSelector::VERBO: [visitNestedHeader] Adding nested shareable area from loop(id) 21 LUTs: 0 FFs: 0 DSPs: 0 BRAMs: 0
parallelismSelector::VERBO: [Finalize] Self shareable area: LUTs: 0 FFs: 0 DSPs: 0 BRAMs: 0
parallelismSelector::VERBO: [Finalize] ParallelOperationNumPerLoop: {}
parallelismSelector::VERBO: [Finalize] Contribution of this loop to shareable area: LUTs: 0 FFs: 0 DSPs: 0 BRAMs: 0
parallelismSelector::VERBO: [AreaEstimationVisitor] Total shareable area: LUTs: 0 FFs: 0 DSPs: 0 BRAMs: 0 Total unshareable area: LUTs: 96 FFs: 0 DSPs: 0 BRAMs: 0
parallelismSelector::VERBO: [AreaEstimationVisitor] Self shareable area: LUTs: 0 FFs: 0 DSPs: 0 BRAMs: 0 Self unshareable area: LUTs: 20 FFs: 0 DSPs: 0 BRAMs: 0
parallelismSelector::VERBO: [AreaEstimationVisitor] Loop: 22
parallelismSelector::VERBO: [AreaEstimationVisitor] CallSite: CS(7 F=230) (67->60)(68->59)
parallelismSelector::VERBO:   New Equivalence table
                             Object with value: 56 is mapped to the object with value: 50
                             Object with value: 57 is mapped to the object with value: 51
                             Object with value: 67 is mapped to the object with value: 60
                             Object with value: 68 is mapped to the object with value: 59
                             Object with value: 75 is mapped to the object with value: 50
                             Object with value: 76 is mapped to the object with value: 51
                            
parallelismSelector::VERBO: [AreaEstimationVisitor] Func: _Z6dct_1dPsS_ : 230
parallelismSelector::VERBO: [AreaEstimationVisitor] Loop: 28
parallelismSelector::VERBO: [AreaEstimationVisitor] Loop: 29
parallelismSelector::VERBO: [Finalize] Self shareable area: LUTs: 0 FFs: 0 DSPs: 0 BRAMs: 0
parallelismSelector::VERBO: [Finalize] ParallelOperationNumPerLoop: {29: 1}
parallelismSelector::VERBO: [Finalize] Contribution of this loop to shareable area: LUTs: 0 FFs: 0 DSPs: 0 BRAMs: 0
parallelismSelector::VERBO: [AreaEstimationVisitor] Total shareable area: LUTs: 0 FFs: 0 DSPs: 0 BRAMs: 0 Total unshareable area: LUTs: 108 FFs: 0 DSPs: 1 BRAMs: 0
parallelismSelector::VERBO: [AreaEstimationVisitor] Self shareable area: LUTs: 0 FFs: 0 DSPs: 0 BRAMs: 0 Self unshareable area: LUTs: 52 FFs: 0 DSPs: 1 BRAMs: 0
parallelismSelector::VERBO: [visitNestedHeader] Adding nested shareable area from loop(id) 29 LUTs: 0 FFs: 0 DSPs: 0 BRAMs: 0
parallelismSelector::VERBO: [Finalize] Self shareable area: LUTs: 0 FFs: 0 DSPs: 0 BRAMs: 0
parallelismSelector::VERBO: [Finalize] ParallelOperationNumPerLoop: {28: 1}
parallelismSelector::VERBO: [Finalize] Contribution of this loop to shareable area: LUTs: 0 FFs: 0 DSPs: 0 BRAMs: 0
parallelismSelector::VERBO: [AreaEstimationVisitor] Total shareable area: LUTs: 0 FFs: 0 DSPs: 0 BRAMs: 0 Total unshareable area: LUTs: 188 FFs: 0 DSPs: 1 BRAMs: 0
parallelismSelector::VERBO: [AreaEstimationVisitor] Self shareable area: LUTs: 0 FFs: 0 DSPs: 0 BRAMs: 0 Self unshareable area: LUTs: 52 FFs: 0 DSPs: 0 BRAMs: 0
parallelismSelector::VERBO: [Finalize] Self shareable area: LUTs: 0 FFs: 0 DSPs: 0 BRAMs: 0
parallelismSelector::VERBO: [AreaEstimationVisitor] Total shareable area: LUTs: 0 FFs: 0 DSPs: 0 BRAMs: 0 Total unshareable area: LUTs: 188 FFs: 0 DSPs: 1 BRAMs: 0
parallelismSelector::VERBO: [AreaEstimationVisitor] Self shareable area: LUTs: 0 FFs: 0 DSPs: 0 BRAMs: 0 Self unshareable area: LUTs: 0 FFs: 0 DSPs: 0 BRAMs: 0
parallelismSelector::VERBO: [Finalize] Self shareable area: LUTs: 0 FFs: 0 DSPs: 0 BRAMs: 0
parallelismSelector::VERBO: [Finalize] ParallelOperationNumPerLoop: {}
parallelismSelector::VERBO: [Finalize] Contribution of this loop to shareable area: LUTs: 0 FFs: 0 DSPs: 0 BRAMs: 0
parallelismSelector::VERBO: [AreaEstimationVisitor] Total shareable area: LUTs: 0 FFs: 0 DSPs: 0 BRAMs: 0 Total unshareable area: LUTs: 20 FFs: 0 DSPs: 0 BRAMs: 0
parallelismSelector::VERBO: [AreaEstimationVisitor] Self shareable area: LUTs: 0 FFs: 0 DSPs: 0 BRAMs: 0 Self unshareable area: LUTs: 20 FFs: 0 DSPs: 0 BRAMs: 0
parallelismSelector::VERBO: [AreaEstimationVisitor] Loop: 23
parallelismSelector::VERBO: [AreaEstimationVisitor] Loop: 24
parallelismSelector::VERBO: [Finalize] Self shareable area: LUTs: 0 FFs: 0 DSPs: 0 BRAMs: 0
parallelismSelector::VERBO: [Finalize] ParallelOperationNumPerLoop: {24: 1}
parallelismSelector::VERBO: [Finalize] Contribution of this loop to shareable area: LUTs: 0 FFs: 0 DSPs: 0 BRAMs: 0
parallelismSelector::VERBO: [AreaEstimationVisitor] Total shareable area: LUTs: 0 FFs: 0 DSPs: 0 BRAMs: 0 Total unshareable area: LUTs: 76 FFs: 0 DSPs: 0 BRAMs: 0
parallelismSelector::VERBO: [AreaEstimationVisitor] Self shareable area: LUTs: 0 FFs: 0 DSPs: 0 BRAMs: 0 Self unshareable area: LUTs: 20 FFs: 0 DSPs: 0 BRAMs: 0
parallelismSelector::VERBO: [visitNestedHeader] Adding nested shareable area from loop(id) 24 LUTs: 0 FFs: 0 DSPs: 0 BRAMs: 0
parallelismSelector::VERBO: [Finalize] Self shareable area: LUTs: 0 FFs: 0 DSPs: 0 BRAMs: 0
parallelismSelector::VERBO: [Finalize] ParallelOperationNumPerLoop: {}
parallelismSelector::VERBO: [Finalize] Contribution of this loop to shareable area: LUTs: 0 FFs: 0 DSPs: 0 BRAMs: 0
parallelismSelector::VERBO: [AreaEstimationVisitor] Total shareable area: LUTs: 0 FFs: 0 DSPs: 0 BRAMs: 0 Total unshareable area: LUTs: 96 FFs: 0 DSPs: 0 BRAMs: 0
parallelismSelector::VERBO: [AreaEstimationVisitor] Self shareable area: LUTs: 0 FFs: 0 DSPs: 0 BRAMs: 0 Self unshareable area: LUTs: 20 FFs: 0 DSPs: 0 BRAMs: 0
parallelismSelector::VERBO: [AreaEstimationVisitor] Loop: 25
parallelismSelector::VERBO: [AreaEstimationVisitor] CallSite: CS(6 F=230) (67->56)(68->58)
parallelismSelector::VERBO: [Finalize] Self shareable area: LUTs: 0 FFs: 0 DSPs: 0 BRAMs: 0
parallelismSelector::VERBO: [Finalize] ParallelOperationNumPerLoop: {}
parallelismSelector::VERBO: [Finalize] Contribution of this loop to shareable area: LUTs: 0 FFs: 0 DSPs: 0 BRAMs: 0
parallelismSelector::VERBO: [AreaEstimationVisitor] Total shareable area: LUTs: 0 FFs: 0 DSPs: 0 BRAMs: 0 Total unshareable area: LUTs: 20 FFs: 0 DSPs: 0 BRAMs: 0
parallelismSelector::VERBO: [AreaEstimationVisitor] Self shareable area: LUTs: 0 FFs: 0 DSPs: 0 BRAMs: 0 Self unshareable area: LUTs: 20 FFs: 0 DSPs: 0 BRAMs: 0
parallelismSelector::VERBO: [Finalize] Self shareable area: LUTs: 0 FFs: 0 DSPs: 0 BRAMs: 0
parallelismSelector::VERBO: [AreaEstimationVisitor] Total shareable area: LUTs: 0 FFs: 0 DSPs: 0 BRAMs: 0 Total unshareable area: LUTs: 232 FFs: 0 DSPs: 0 BRAMs: 0
parallelismSelector::VERBO: [AreaEstimationVisitor] Self shareable area: LUTs: 0 FFs: 0 DSPs: 0 BRAMs: 0 Self unshareable area: LUTs: 0 FFs: 0 DSPs: 0 BRAMs: 0
parallelismSelector::VERBO: [Finalize] Self shareable area: LUTs: 0 FFs: 0 DSPs: 0 BRAMs: 0
parallelismSelector::VERBO: [AreaEstimationVisitor] Total shareable area: LUTs: 0 FFs: 0 DSPs: 0 BRAMs: 0 Total unshareable area: LUTs: 232 FFs: 0 DSPs: 0 BRAMs: 0
parallelismSelector::VERBO: [AreaEstimationVisitor] Self shareable area: LUTs: 0 FFs: 0 DSPs: 0 BRAMs: 0 Self unshareable area: LUTs: 232 FFs: 0 DSPs: 0 BRAMs: 0
parallelismSelector::VERBO: [AreaEstimationVisitor] CallSite: CS(5 F=233) (77->51)(78->49)
parallelismSelector::VERBO:   New Equivalence table
                             Object with value: 77 is mapped to the object with value: 51
                             Object with value: 78 is mapped to the object with value: 49
                            
parallelismSelector::VERBO: [AreaEstimationVisitor] Func: Outline_T5_F226_R4_Call : 233
parallelismSelector::VERBO: [AreaEstimationVisitor] CallSite: CS(10 F=229) (63->77)(64->78)
parallelismSelector::VERBO:   New Equivalence table
                             Object with value: 63 is mapped to the object with value: 51
                             Object with value: 64 is mapped to the object with value: 49
                             Object with value: 77 is mapped to the object with value: 51
                             Object with value: 78 is mapped to the object with value: 49
                            
parallelismSelector::VERBO: [AreaEstimationVisitor] Func: _Z10write_dataPA8_sPs : 229
parallelismSelector::VERBO: [AreaEstimationVisitor] Loop: 26
parallelismSelector::VERBO: [AreaEstimationVisitor] Loop: 27
parallelismSelector::VERBO: [Finalize] Self shareable area: LUTs: 0 FFs: 0 DSPs: 0 BRAMs: 0
parallelismSelector::VERBO: [Finalize] ParallelOperationNumPerLoop: {27: 1}
parallelismSelector::VERBO: [Finalize] Contribution of this loop to shareable area: LUTs: 0 FFs: 0 DSPs: 0 BRAMs: 0
parallelismSelector::VERBO: [AreaEstimationVisitor] Total shareable area: LUTs: 0 FFs: 0 DSPs: 0 BRAMs: 0 Total unshareable area: LUTs: 108 FFs: 0 DSPs: 0 BRAMs: 0
parallelismSelector::VERBO: [AreaEstimationVisitor] Self shareable area: LUTs: 0 FFs: 0 DSPs: 0 BRAMs: 0 Self unshareable area: LUTs: 52 FFs: 0 DSPs: 0 BRAMs: 0
parallelismSelector::VERBO: [visitNestedHeader] Adding nested shareable area from loop(id) 27 LUTs: 0 FFs: 0 DSPs: 0 BRAMs: 0
parallelismSelector::VERBO: [Finalize] Self shareable area: LUTs: 0 FFs: 0 DSPs: 0 BRAMs: 0
parallelismSelector::VERBO: [Finalize] ParallelOperationNumPerLoop: {}
parallelismSelector::VERBO: [Finalize] Contribution of this loop to shareable area: LUTs: 0 FFs: 0 DSPs: 0 BRAMs: 0
parallelismSelector::VERBO: [AreaEstimationVisitor] Total shareable area: LUTs: 0 FFs: 0 DSPs: 0 BRAMs: 0 Total unshareable area: LUTs: 128 FFs: 0 DSPs: 0 BRAMs: 0
parallelismSelector::VERBO: [AreaEstimationVisitor] Self shareable area: LUTs: 0 FFs: 0 DSPs: 0 BRAMs: 0 Self unshareable area: LUTs: 20 FFs: 0 DSPs: 0 BRAMs: 0
parallelismSelector::VERBO: [Finalize] Self shareable area: LUTs: 0 FFs: 0 DSPs: 0 BRAMs: 0
parallelismSelector::VERBO: [AreaEstimationVisitor] Total shareable area: LUTs: 0 FFs: 0 DSPs: 0 BRAMs: 0 Total unshareable area: LUTs: 128 FFs: 0 DSPs: 0 BRAMs: 0
parallelismSelector::VERBO: [AreaEstimationVisitor] Self shareable area: LUTs: 0 FFs: 0 DSPs: 0 BRAMs: 0 Self unshareable area: LUTs: 0 FFs: 0 DSPs: 0 BRAMs: 0
parallelismSelector::VERBO: [Finalize] Self shareable area: LUTs: 0 FFs: 0 DSPs: 0 BRAMs: 0
parallelismSelector::VERBO: [AreaEstimationVisitor] Total shareable area: LUTs: 0 FFs: 0 DSPs: 0 BRAMs: 0 Total unshareable area: LUTs: 128 FFs: 0 DSPs: 0 BRAMs: 0
parallelismSelector::VERBO: [AreaEstimationVisitor] Self shareable area: LUTs: 0 FFs: 0 DSPs: 0 BRAMs: 0 Self unshareable area: LUTs: 128 FFs: 0 DSPs: 0 BRAMs: 0
parallelismSelector::VERBO: [Finalize] Self shareable area: LUTs: 0 FFs: 0 DSPs: 0 BRAMs: 0
parallelismSelector::VERBO: [AreaEstimationVisitor] Total shareable area: LUTs: 0 FFs: 0 DSPs: 0 BRAMs: 0 Total unshareable area: LUTs: 0 FFs: 0 DSPs: 0 BRAMs: 0
parallelismSelector::VERBO: [AreaEstimationVisitor] Self shareable area: LUTs: 0 FFs: 0 DSPs: 0 BRAMs: 0 Self unshareable area: LUTs: 0 FFs: 0 DSPs: 0 BRAMs: 0
parallelismSelector::VERBO: Calculate statically allocated area for variable ID 50
parallelismSelector::VERBO:     Array bits: 1024. Elements: 64. Element bits: 16
parallelismSelector::VERBO:     Estimate statically allocated area assuming the BRAM resource type
parallelismSelector::VERBO:         Would allocate 1 BRAMs according to the partition factor
parallelismSelector::VERBO: Calculate statically allocated area for variable ID 51
parallelismSelector::VERBO:     Array bits: 1024. Elements: 64. Element bits: 16
parallelismSelector::VERBO:     Estimate statically allocated area assuming the BRAM resource type
parallelismSelector::VERBO:         Would allocate 1 BRAMs according to the partition factor
parallelismSelector::VERBO: Calculate statically allocated area for variable ID 58
parallelismSelector::VERBO:     Array bits: 1024. Elements: 64. Element bits: 16
parallelismSelector::VERBO:     Estimate statically allocated area assuming the BRAM resource type
parallelismSelector::VERBO:         Would allocate 1 BRAMs according to the partition factor
parallelismSelector::VERBO: Calculate statically allocated area for variable ID 59
parallelismSelector::VERBO:     Array bits: 1024. Elements: 64. Element bits: 16
parallelismSelector::VERBO:     Estimate statically allocated area assuming the BRAM resource type
parallelismSelector::VERBO:         Would allocate 1 BRAMs according to the partition factor
parallelismSelector::VERBO: Calculate statically allocated area for variable ID 60
parallelismSelector::VERBO:     Array bits: 1024. Elements: 64. Element bits: 16
parallelismSelector::VERBO:     Estimate statically allocated area assuming the BRAM resource type
parallelismSelector::VERBO:         Would allocate 1 BRAMs according to the partition factor
parallelismSelector::VERBO: Calculate statically allocated area for variable ID 89
parallelismSelector::VERBO:     Array bits: 1024. Elements: 64. Element bits: 16
parallelismSelector::VERBO:     Estimate statically allocated area assuming the BRAM resource type
parallelismSelector::VERBO:         Would allocate 1 BRAMs according to the partition factor
parallelismSelector::VERBO: Initial constrained branch with estimates:
                            FunctionPipelineTopLevel: No
                            Reshape {dim 0: cyclic 1} (VariableId 48)
                               +- Penalty on LoopId 18: {1: lat/intv 0} (unroll: latency/interval)
                               +- Penalty on LoopId 19: {1: lat/intv 0} (unroll: latency/interval)
                            Reshape {dim 0: cyclic 1} (VariableId 49)
                               +- Penalty on LoopId 26: {1: lat/intv 0} (unroll: latency/interval)
                               +- Penalty on LoopId 27: {1: lat/intv 0} (unroll: latency/interval)
                            Partition {dim 0: cyclic 1, dim 1: cyclic 1} (VariableId 50)
                               +- Penalty on LoopId 18: {1: lat/intv 0} (unroll: latency/interval)
                               +- Penalty on LoopId 19: {1: lat/intv 0} (unroll: latency/interval)
                               +- Penalty on LoopId 28: {1: lat/intv 0} (unroll: latency/interval)
                               +- Penalty on LoopId 29: {1: lat/intv 0} (unroll: latency/interval)
                            Partition {dim 0: cyclic 1, dim 1: cyclic 1} (VariableId 51)
                               +- Penalty on LoopId 20: {1: lat/intv 0} (unroll: latency/interval)
                               +- Penalty on LoopId 21: {1: lat/intv 0} (unroll: latency/interval)
                               +- Penalty on LoopId 26: {1: lat/intv 0} (unroll: latency/interval)
                               +- Penalty on LoopId 27: {1: lat/intv 0} (unroll: latency/interval)
                            Partition {dim 0: cyclic 1, dim 1: cyclic 1} (VariableId 58)
                               +- Penalty on LoopId 23: {1: lat/intv 0} (unroll: latency/interval)
                               +- Penalty on LoopId 24: {1: lat/intv 0} (unroll: latency/interval)
                               +- Penalty on LoopId 28: {1: lat/intv 0} (unroll: latency/interval)
                            Partition {dim 0: cyclic 1, dim 1: cyclic 1} (VariableId 59)
                               +- Penalty on LoopId 20: {1: lat/intv 0} (unroll: latency/interval)
                               +- Penalty on LoopId 21: {1: lat/intv 0} (unroll: latency/interval)
                               +- Penalty on LoopId 28: {1: lat/intv 0} (unroll: latency/interval)
                            Partition {dim 0: cyclic 1, dim 1: cyclic 1} (VariableId 60)
                               +- Penalty on LoopId 23: {1: lat/intv 0} (unroll: latency/interval)
                               +- Penalty on LoopId 24: {1: lat/intv 0} (unroll: latency/interval)
                               +- Penalty on LoopId 28: {1: lat/intv 0} (unroll: latency/interval)
                               +- Penalty on LoopId 29: {1: lat/intv 0} (unroll: latency/interval)
                            Partition {dim 0: cyclic 1, dim 1: cyclic 1} (VariableId 89)
                               +- Penalty on LoopId 28: {1: lat/intv 0} (unroll: latency/interval)
                               +- Penalty on LoopId 29: {1: lat/intv 0} (unroll: latency/interval)
                            +- unroll with factors 1 (LoopId 18 [RD_Loop_Row]), min-max latency/interval: {unroll 1: lat/intv 128}
                               +- Access to VariableId 48: {1: lat/intv 0} (unroll: latency/interval)
                               +- Access to VariableId 50: {1: lat/intv 0} (unroll: latency/interval)
                               +- unroll with factors 1 (LoopId 19 [RD_Loop_Col]), min-max latency/interval: {unroll 1: lat/intv 16}
                                  +- Access to VariableId 48: {1: lat/intv 0} (unroll: latency/interval)
                                  +- Access to VariableId 50: {1: lat/intv 0} (unroll: latency/interval)
                            +- unroll with factors 1 (LoopId 25 [Row_DCT_Loop]), min-max latency/interval: {unroll 1: lat/intv 1040}
                               +- unroll with factors 1 (LoopId 28 [DCT_Outer_Loop]), min-max latency/interval: {unroll 1: lat/intv 128}
                                  +- Access to VariableId 50: {1: lat/intv 0} (unroll: latency/interval)
                                  +- Access to VariableId 58: {1: lat/intv 0} (unroll: latency/interval)
                                  +- Access to VariableId 59: {1: lat/intv 0} (unroll: latency/interval)
                                  +- Access to VariableId 60: {1: lat/intv 0} (unroll: latency/interval)
                                  +- Access to VariableId 89: {1: lat/intv 0} (unroll: latency/interval)
                                  +- unroll with factors 1 (LoopId 29 [DCT_Inner_Loop]), min-max latency/interval: {unroll 1: lat/intv 16}
                                     +- Access to VariableId 50: {1: lat/intv 0} (unroll: latency/interval)
                                     +- Access to VariableId 60: {1: lat/intv 0} (unroll: latency/interval)
                                     +- Access to VariableId 89: {1: lat/intv 0} (unroll: latency/interval)
                            +- unroll with factors 1 (LoopId 23 [Xpose_Row_Outer_Loop]), min-max latency/interval: {unroll 1: lat/intv 128}
                               +- Access to VariableId 58: {1: lat/intv 0} (unroll: latency/interval)
                               +- Access to VariableId 60: {1: lat/intv 0} (unroll: latency/interval)
                               +- unroll with factors 1 (LoopId 24 [Xpose_Row_Inner_Loop]), min-max latency/interval: {unroll 1: lat/intv 16}
                                  +- Access to VariableId 58: {1: lat/intv 0} (unroll: latency/interval)
                                  +- Access to VariableId 60: {1: lat/intv 0} (unroll: latency/interval)
                            +- unroll with factors 1 (LoopId 22 [Col_DCT_Loop]), min-max latency/interval: {unroll 1: lat/intv 1040}
                               +- unroll with factors 1 (LoopId 28 [DCT_Outer_Loop]), min-max latency/interval: {unroll 1: lat/intv 128}
                                  +- Access to VariableId 50: {1: lat/intv 0} (unroll: latency/interval)
                                  +- Access to VariableId 58: {1: lat/intv 0} (unroll: latency/interval)
                                  +- Access to VariableId 59: {1: lat/intv 0} (unroll: latency/interval)
                                  +- Access to VariableId 60: {1: lat/intv 0} (unroll: latency/interval)
                                  +- Access to VariableId 89: {1: lat/intv 0} (unroll: latency/interval)
                                  +- unroll with factors 1 (LoopId 29 [DCT_Inner_Loop]), min-max latency/interval: {unroll 1: lat/intv 16}
                                     +- Access to VariableId 50: {1: lat/intv 0} (unroll: latency/interval)
                                     +- Access to VariableId 60: {1: lat/intv 0} (unroll: latency/interval)
                                     +- Access to VariableId 89: {1: lat/intv 0} (unroll: latency/interval)
                            +- unroll with factors 1 (LoopId 20 [Xpose_Col_Outer_Loop]), min-max latency/interval: {unroll 1: lat/intv 128}
                               +- Access to VariableId 51: {1: lat/intv 0} (unroll: latency/interval)
                               +- Access to VariableId 59: {1: lat/intv 0} (unroll: latency/interval)
                               +- unroll with factors 1 (LoopId 21 [Xpose_Col_Inner_Loop]), min-max latency/interval: {unroll 1: lat/intv 16}
                                  +- Access to VariableId 51: {1: lat/intv 0} (unroll: latency/interval)
                                  +- Access to VariableId 59: {1: lat/intv 0} (unroll: latency/interval)
                            +- unroll with factors 1 (LoopId 26 [WR_Loop_Row]), min-max latency/interval: {unroll 1: lat/intv 128}
                               +- Access to VariableId 49: {1: lat/intv 0} (unroll: latency/interval)
                               +- Access to VariableId 51: {1: lat/intv 0} (unroll: latency/interval)
                               +- unroll with factors 1 (LoopId 27 [WR_Loop_Col]), min-max latency/interval: {unroll 1: lat/intv 16}
                                  +- Access to VariableId 49: {1: lat/intv 0} (unroll: latency/interval)
                                  +- Access to VariableId 51: {1: lat/intv 0} (unroll: latency/interval)
                            Id:  0 contains valid solution: maybe, min-max latency/interval: lat 2605 intv 2606, min-max area: LUTs: 676 FFs: 0 DSPs: 1 BRAMs: 6
parallelismSelector::VERBO: Initial FPGA area occupied (min): Area -- (LUTs: 676, FFs: 0, DSPs: 1, BRAMs: 6, URAMs: 0)
parallelismSelector::VERBO: Initial FPGA area occupied (max): Area -- (LUTs: 676, FFs: 0, DSPs: 1, BRAMs: 6, URAMs: 0)
parallelismSelector::VERBO: HPE - Calculating latency and area for design space...
                            Setting Space: FunctionPipelineTopLevel: No
                            Reshape {dim 0: cyclic 1} (VariableId 48)
                            Reshape {dim 0: cyclic 1} (VariableId 49)
                            Partition {dim 0: cyclic 1, dim 1: cyclic 1} (VariableId 50)
                            Partition {dim 0: cyclic 1, dim 1: cyclic 1} (VariableId 51)
                            Partition {dim 0: cyclic 1, dim 1: cyclic 1} (VariableId 58)
                            Partition {dim 0: cyclic 1, dim 1: cyclic 1} (VariableId 59)
                            Partition {dim 0: cyclic 1, dim 1: cyclic 1} (VariableId 60)
                            Partition {dim 0: cyclic 1, dim 1: cyclic 1} (VariableId 89)
                            +- unroll with factors 1 (Label RD_Loop_Row) (LoopId 18)
                               +- unroll with factors 1 (Label RD_Loop_Col) (LoopId 19)
                            +- unroll with factors 1 (Label Row_DCT_Loop) (LoopId 25)
                               +- unroll with factors 1 (Label DCT_Outer_Loop) (LoopId 28)
                                  +- unroll with factors 1 (Label DCT_Inner_Loop) (LoopId 29)
                            +- unroll with factors 1 (Label Xpose_Row_Outer_Loop) (LoopId 23)
                               +- unroll with factors 1 (Label Xpose_Row_Inner_Loop) (LoopId 24)
                            +- unroll with factors 1 (Label Col_DCT_Loop) (LoopId 22)
                               +- unroll with factors 1 (Label DCT_Outer_Loop) (LoopId 28)
                                  +- unroll with factors 1 (Label DCT_Inner_Loop) (LoopId 29)
                            +- unroll with factors 1 (Label Xpose_Col_Outer_Loop) (LoopId 20)
                               +- unroll with factors 1 (Label Xpose_Col_Inner_Loop) (LoopId 21)
                            +- unroll with factors 1 (Label WR_Loop_Row) (LoopId 26)
                               +- unroll with factors 1 (Label WR_Loop_Col) (LoopId 27)
                            
parallelismSelector::VERBO: Calculating latency for top level hw function: dct
parallelismSelector::VERBO: [LatencyEstimationVisitor] CallSite: CS(3 F=231) (73->50)(74->48)
parallelismSelector::VERBO: [LatencyEstimationVisitor] Equivalence table
                             Object with value: 73 is mapped to the object with value: 50
                             Object with value: 74 is mapped to the object with value: 48
                            
parallelismSelector::VERBO: [LatencyEstimationVisitor] CallSite: CS(8 F=227) (52->74)(53->73)
parallelismSelector::VERBO: [LatencyEstimationVisitor] Equivalence table
                             Object with value: 52 is mapped to the object with value: 48
                             Object with value: 53 is mapped to the object with value: 50
                             Object with value: 73 is mapped to the object with value: 50
                             Object with value: 74 is mapped to the object with value: 48
                            
parallelismSelector::VERBO: Analyzing Loop "RD_Loop_Col" (LoopId 19):
parallelismSelector::VERBO:     MARegionScheduler::finalize():
parallelismSelector::VERBO:        - LoopId: 19 Label: RD_Loop_Col
parallelismSelector::VERBO:          - EndCycles: for.body3 -> {1: 2}
parallelismSelector::VERBO:        - MaxEndCycle: {1: 2}
parallelismSelector::VERBO:        - Critical path: for.body3
parallelismSelector::VERBO:     hasRAW: 0
parallelismSelector::VERBO:     Collect memory port metrics for LoopId: 19
                                
parallelismSelector::VERBO:     VarId: 52, number of direct accesses: 1, number of indirect accesses: 0, RequiredPorts: 1, Available ports: 2
                                
parallelismSelector::VERBO:     VarId: 53, number of direct accesses: 1, number of indirect accesses: 0, RequiredPorts: 1, Available ports: 2
                                
parallelismSelector::VERBO:        - IIMem: {1: 0.5}, OwnedIIMem: {1: 0.5}, NestedIIMem: {1: 0}
parallelismSelector::VERBO:     Collected Var penalties
parallelismSelector::VERBO:       L:19 V:48{1: 0}
parallelismSelector::VERBO:       L:19 V:50{1: 0}
parallelismSelector::VERBO:     Collected latencies
parallelismSelector::VERBO:       L:19{1: 2}
parallelismSelector::VERBO:     Collected Interval ranges
parallelismSelector::VERBO:       L:190
parallelismSelector::VERBO: 
parallelismSelector::VERBO: Analyzing Loop "RD_Loop_Row" (LoopId 18):
parallelismSelector::VERBO:         LoopId: 19, Label: RD_Loop_Col, TC: 8, IL: {1: 2}, IIMem: {1: 0.5}, IIDep 0
parallelismSelector::VERBO:         	unroll 1 Cycles: 16
parallelismSelector::VERBO:         Overall latency for nested loop (LoopId 19): 16
parallelismSelector::VERBO:     MARegionScheduler::finalize():
parallelismSelector::VERBO:        - LoopId: 18 Label: RD_Loop_Row
parallelismSelector::VERBO:          - EndCycles: for.end -> {1: 16}
parallelismSelector::VERBO:          - EndCycles: for.body3 -> {1: 16}
parallelismSelector::VERBO:          - EndCycles: for.body -> {1: 1}
parallelismSelector::VERBO:        - MaxEndCycle: {1: 16}
parallelismSelector::VERBO:        - Critical path: for.end, for.body3, for.body
parallelismSelector::VERBO:     hasRAW: 0
parallelismSelector::VERBO:     Collect memory port metrics for LoopId: 18
                                
parallelismSelector::VERBO:     VarId: 52, number of direct accesses: 0, number of indirect accesses: 1, RequiredPorts: 1, Available ports: 2
                                
parallelismSelector::VERBO:     VarId: 53, number of direct accesses: 0, number of indirect accesses: 1, RequiredPorts: 1, Available ports: 2
                                
parallelismSelector::VERBO:        - IIMem: {1: 0}, OwnedIIMem: {1: 0}, NestedIIMem: {1: 0}
parallelismSelector::VERBO:     Collected Var penalties
parallelismSelector::VERBO:       L:18 V:48{1: 0}
parallelismSelector::VERBO:       L:18 V:50{1: 0}
parallelismSelector::VERBO:       L:19 V:48{1: 0}
parallelismSelector::VERBO:       L:19 V:50{1: 0}
parallelismSelector::VERBO:     Collected latencies
parallelismSelector::VERBO:       L:18{1: 16}
parallelismSelector::VERBO:       L:19{1: 2}
parallelismSelector::VERBO:     Collected Interval ranges
parallelismSelector::VERBO:       L:180
parallelismSelector::VERBO:       L:190
parallelismSelector::VERBO: 
parallelismSelector::VERBO: Analyzing Function "read_data" (FunctionId 227):
parallelismSelector::VERBO:         LoopId: 18, Label: RD_Loop_Row, TC: 8, IL: {1: 16}, IIMem: {1: 0}, IIDep 0
parallelismSelector::VERBO:         	unroll 1 Cycles: 128
parallelismSelector::VERBO:         Overall latency for nested loop (LoopId 18): 128
parallelismSelector::VERBO:     MARegionScheduler::finalize():
parallelismSelector::VERBO:        - Function: _Z9read_dataPsPA8_s
parallelismSelector::VERBO:          - EndCycles: for.end -> {1: 129}
parallelismSelector::VERBO:          - EndCycles: for.end10 -> {1: 129}
parallelismSelector::VERBO:          - EndCycles: entry -> {1: 1}
parallelismSelector::VERBO:        - MaxEndCycle: {1: 129}
parallelismSelector::VERBO:        - Critical path: for.end, for.end10, entry, for.body
parallelismSelector::VERBO:     Collected Var penalties
parallelismSelector::VERBO:       L:18 V:48{1: 0}
parallelismSelector::VERBO:       L:18 V:50{1: 0}
parallelismSelector::VERBO:       L:19 V:48{1: 0}
parallelismSelector::VERBO:       L:19 V:50{1: 0}
parallelismSelector::VERBO:     Collected latencies
parallelismSelector::VERBO:       L:18{1: 16}
parallelismSelector::VERBO:       L:19{1: 2}
parallelismSelector::VERBO:     Collected Interval ranges
parallelismSelector::VERBO:       L:180
parallelismSelector::VERBO:       L:190
parallelismSelector::VERBO: 
parallelismSelector::VERBO: Analyzing Function "Outline_T3_F226_R2_Call" (FunctionId 231):
parallelismSelector::VERBO:     MARegionScheduler::finalize():
parallelismSelector::VERBO:        - Function: Outline_T3_F226_R2_Call
parallelismSelector::VERBO:          - EndCycles: newFuncRoot_iso0 -> {1: 130}
parallelismSelector::VERBO:          - EndCycles: newFuncRoot -> {1: 1}
parallelismSelector::VERBO:        - MaxEndCycle: {1: 130}
parallelismSelector::VERBO:        - Critical path: newFuncRoot_iso0, newFuncRoot
parallelismSelector::VERBO:     Collected Var penalties
parallelismSelector::VERBO:       L:18 V:48{1: 0}
parallelismSelector::VERBO:       L:18 V:50{1: 0}
parallelismSelector::VERBO:       L:19 V:48{1: 0}
parallelismSelector::VERBO:       L:19 V:50{1: 0}
parallelismSelector::VERBO:     Collected latencies
parallelismSelector::VERBO:       L:18{1: 16}
parallelismSelector::VERBO:       L:19{1: 2}
parallelismSelector::VERBO:     Collected Interval ranges
parallelismSelector::VERBO:       L:180
parallelismSelector::VERBO:       L:190
parallelismSelector::VERBO: 
parallelismSelector::VERBO: [LatencyEstimationVisitor] CallSite: CS(4 F=232) (75->50)(76->51)
parallelismSelector::VERBO: [LatencyEstimationVisitor] Equivalence table
                             Object with value: 75 is mapped to the object with value: 50
                             Object with value: 76 is mapped to the object with value: 51
                            
parallelismSelector::VERBO: [LatencyEstimationVisitor] CallSite: CS(9 F=228) (56->75)(57->76)
parallelismSelector::VERBO: [LatencyEstimationVisitor] Equivalence table
                             Object with value: 56 is mapped to the object with value: 50
                             Object with value: 57 is mapped to the object with value: 51
                             Object with value: 75 is mapped to the object with value: 50
                             Object with value: 76 is mapped to the object with value: 51
                            
parallelismSelector::VERBO: Analyzing Loop "Xpose_Col_Inner_Loop" (LoopId 21):
parallelismSelector::VERBO:     MARegionScheduler::finalize():
parallelismSelector::VERBO:        - LoopId: 21 Label: Xpose_Col_Inner_Loop
parallelismSelector::VERBO:          - EndCycles: for.body41 -> {1: 2}
parallelismSelector::VERBO:        - MaxEndCycle: {1: 2}
parallelismSelector::VERBO:        - Critical path: for.body41
parallelismSelector::VERBO:     hasRAW: 0
parallelismSelector::VERBO:     Collect memory port metrics for LoopId: 21
                                
parallelismSelector::VERBO:     VarId: 57, number of direct accesses: 1, number of indirect accesses: 0, RequiredPorts: 1, Available ports: 2
                                
parallelismSelector::VERBO:     VarId: 59, number of direct accesses: 1, number of indirect accesses: 0, RequiredPorts: 1, Available ports: 2
                                
parallelismSelector::VERBO:        - IIMem: {1: 0.5}, OwnedIIMem: {1: 0.5}, NestedIIMem: {1: 0}
parallelismSelector::VERBO:     Collected Var penalties
parallelismSelector::VERBO:       L:18 V:48{1: 0}
parallelismSelector::VERBO:       L:18 V:50{1: 0}
parallelismSelector::VERBO:       L:19 V:48{1: 0}
parallelismSelector::VERBO:       L:19 V:50{1: 0}
parallelismSelector::VERBO:       L:21 V:51{1: 0}
parallelismSelector::VERBO:       L:21 V:59{1: 0}
parallelismSelector::VERBO:     Collected latencies
parallelismSelector::VERBO:       L:18{1: 16}
parallelismSelector::VERBO:       L:19{1: 2}
parallelismSelector::VERBO:       L:21{1: 2}
parallelismSelector::VERBO:     Collected Interval ranges
parallelismSelector::VERBO:       L:180
parallelismSelector::VERBO:       L:190
parallelismSelector::VERBO:       L:210
parallelismSelector::VERBO: 
parallelismSelector::VERBO: Analyzing Loop "Xpose_Col_Outer_Loop" (LoopId 20):
parallelismSelector::VERBO:         LoopId: 21, Label: Xpose_Col_Inner_Loop, TC: 8, IL: {1: 2}, IIMem: {1: 0.5}, IIDep 0
parallelismSelector::VERBO:         	unroll 1 Cycles: 16
parallelismSelector::VERBO:         Overall latency for nested loop (LoopId 21): 16
parallelismSelector::VERBO:     MARegionScheduler::finalize():
parallelismSelector::VERBO:        - LoopId: 20 Label: Xpose_Col_Outer_Loop
parallelismSelector::VERBO:          - EndCycles: for.body38 -> {1: 1}
parallelismSelector::VERBO:          - EndCycles: for.body41 -> {1: 16}
parallelismSelector::VERBO:          - EndCycles: for.end52 -> {1: 16}
parallelismSelector::VERBO:        - MaxEndCycle: {1: 16}
parallelismSelector::VERBO:        - Critical path: for.body38, for.body41, for.end52
parallelismSelector::VERBO:     hasRAW: 0
parallelismSelector::VERBO:     Collect memory port metrics for LoopId: 20
                                
parallelismSelector::VERBO:     VarId: 57, number of direct accesses: 0, number of indirect accesses: 1, RequiredPorts: 1, Available ports: 2
                                
parallelismSelector::VERBO:     VarId: 59, number of direct accesses: 0, number of indirect accesses: 1, RequiredPorts: 1, Available ports: 2
                                
parallelismSelector::VERBO:        - IIMem: {1: 0}, OwnedIIMem: {1: 0}, NestedIIMem: {1: 0}
parallelismSelector::VERBO:     Collected Var penalties
parallelismSelector::VERBO:       L:18 V:48{1: 0}
parallelismSelector::VERBO:       L:18 V:50{1: 0}
parallelismSelector::VERBO:       L:19 V:48{1: 0}
parallelismSelector::VERBO:       L:19 V:50{1: 0}
parallelismSelector::VERBO:       L:20 V:51{1: 0}
parallelismSelector::VERBO:       L:20 V:59{1: 0}
parallelismSelector::VERBO:       L:21 V:51{1: 0}
parallelismSelector::VERBO:       L:21 V:59{1: 0}
parallelismSelector::VERBO:     Collected latencies
parallelismSelector::VERBO:       L:18{1: 16}
parallelismSelector::VERBO:       L:19{1: 2}
parallelismSelector::VERBO:       L:20{1: 16}
parallelismSelector::VERBO:       L:21{1: 2}
parallelismSelector::VERBO:     Collected Interval ranges
parallelismSelector::VERBO:       L:180
parallelismSelector::VERBO:       L:190
parallelismSelector::VERBO:       L:200
parallelismSelector::VERBO:       L:210
parallelismSelector::VERBO: 
parallelismSelector::VERBO: [LatencyEstimationVisitor] CallSite: CS(7 F=230) (67->60)(68->59)
parallelismSelector::VERBO: [LatencyEstimationVisitor] Equivalence table
                             Object with value: 56 is mapped to the object with value: 50
                             Object with value: 57 is mapped to the object with value: 51
                             Object with value: 67 is mapped to the object with value: 60
                             Object with value: 68 is mapped to the object with value: 59
                             Object with value: 75 is mapped to the object with value: 50
                             Object with value: 76 is mapped to the object with value: 51
                            
parallelismSelector::VERBO: Analyzing Loop "DCT_Inner_Loop" (LoopId 29):
parallelismSelector::VERBO:     MARegionScheduler::finalize():
parallelismSelector::VERBO:        - LoopId: 29 Label: DCT_Inner_Loop
parallelismSelector::VERBO:          - EndCycles: for.body3 -> {1: 2}
parallelismSelector::VERBO:        - MaxEndCycle: {1: 2}
parallelismSelector::VERBO:        - Critical path: for.body3
parallelismSelector::VERBO:     hasRAW: 0
parallelismSelector::VERBO:     Recurrence: Circuit=2:0 -> 2:21 -> 2:0
parallelismSelector::VERBO:       distance=1
parallelismSelector::VERBO:     Collect memory port metrics for LoopId: 29
                                
parallelismSelector::VERBO:     VarId: 67, number of direct accesses: 1, number of indirect accesses: 0, RequiredPorts: 1, Available ports: 2
                                
parallelismSelector::VERBO:     VarId: 89, number of direct accesses: 1, number of indirect accesses: 0, RequiredPorts: 1, Available ports: 2
                                
parallelismSelector::VERBO:        - IIMem: {1: 0.5}, OwnedIIMem: {1: 0.5}, NestedIIMem: {1: 0}
parallelismSelector::VERBO:     Collected Var penalties
parallelismSelector::VERBO:       L:18 V:48{1: 0}
parallelismSelector::VERBO:       L:18 V:50{1: 0}
parallelismSelector::VERBO:       L:19 V:48{1: 0}
parallelismSelector::VERBO:       L:19 V:50{1: 0}
parallelismSelector::VERBO:       L:20 V:51{1: 0}
parallelismSelector::VERBO:       L:20 V:59{1: 0}
parallelismSelector::VERBO:       L:21 V:51{1: 0}
parallelismSelector::VERBO:       L:21 V:59{1: 0}
parallelismSelector::VERBO:       L:29 V:60{1: 0}
parallelismSelector::VERBO:       L:29 V:89{1: 0}
parallelismSelector::VERBO:     Collected latencies
parallelismSelector::VERBO:       L:18{1: 16}
parallelismSelector::VERBO:       L:19{1: 2}
parallelismSelector::VERBO:       L:20{1: 16}
parallelismSelector::VERBO:       L:21{1: 2}
parallelismSelector::VERBO:       L:29{1: 2}
parallelismSelector::VERBO:     Collected Interval ranges
parallelismSelector::VERBO:       L:180
parallelismSelector::VERBO:       L:190
parallelismSelector::VERBO:       L:200
parallelismSelector::VERBO:       L:210
parallelismSelector::VERBO:       L:291
parallelismSelector::VERBO: 
parallelismSelector::VERBO: Analyzing Loop "DCT_Outer_Loop" (LoopId 28):
parallelismSelector::VERBO:         LoopId: 29, Label: DCT_Inner_Loop, TC: 8, IL: {1: 2}, IIMem: {1: 0.5}, IIDep 1
parallelismSelector::VERBO:         	unroll 1 Cycles: 16
parallelismSelector::VERBO:         Overall latency for nested loop (LoopId 29): 16
parallelismSelector::VERBO:     MARegionScheduler::finalize():
parallelismSelector::VERBO:        - LoopId: 28 Label: DCT_Outer_Loop
parallelismSelector::VERBO:          - EndCycles: for.body -> {1: 1}
parallelismSelector::VERBO:          - EndCycles: for.end -> {1: 16}
parallelismSelector::VERBO:          - EndCycles: for.body3 -> {1: 16}
parallelismSelector::VERBO:        - MaxEndCycle: {1: 16}
parallelismSelector::VERBO:        - Critical path: for.body, for.end, for.body3
parallelismSelector::VERBO:     hasRAW: 0
parallelismSelector::VERBO:     Collect memory port metrics for LoopId: 28
                                
parallelismSelector::VERBO:     VarId: 67, number of direct accesses: 0, number of indirect accesses: 1, RequiredPorts: 1, Available ports: 2
                                
parallelismSelector::VERBO:     VarId: 68, number of direct accesses: 1, number of indirect accesses: 0, RequiredPorts: 1, Available ports: 2
                                
parallelismSelector::VERBO:     VarId: 89, number of direct accesses: 0, number of indirect accesses: 1, RequiredPorts: 1, Available ports: 2
                                
parallelismSelector::VERBO:        - IIMem: {1: 0.5}, OwnedIIMem: {1: 0.5}, NestedIIMem: {1: 0}
parallelismSelector::VERBO:     Collected Var penalties
parallelismSelector::VERBO:       L:18 V:48{1: 0}
parallelismSelector::VERBO:       L:18 V:50{1: 0}
parallelismSelector::VERBO:       L:19 V:48{1: 0}
parallelismSelector::VERBO:       L:19 V:50{1: 0}
parallelismSelector::VERBO:       L:20 V:51{1: 0}
parallelismSelector::VERBO:       L:20 V:59{1: 0}
parallelismSelector::VERBO:       L:21 V:51{1: 0}
parallelismSelector::VERBO:       L:21 V:59{1: 0}
parallelismSelector::VERBO:       L:28 V:59{1: 0}
parallelismSelector::VERBO:       L:28 V:60{1: 0}
parallelismSelector::VERBO:       L:28 V:89{1: 0}
parallelismSelector::VERBO:       L:29 V:60{1: 0}
parallelismSelector::VERBO:       L:29 V:89{1: 0}
parallelismSelector::VERBO:     Collected latencies
parallelismSelector::VERBO:       L:18{1: 16}
parallelismSelector::VERBO:       L:19{1: 2}
parallelismSelector::VERBO:       L:20{1: 16}
parallelismSelector::VERBO:       L:21{1: 2}
parallelismSelector::VERBO:       L:28{1: 16}
parallelismSelector::VERBO:       L:29{1: 2}
parallelismSelector::VERBO:     Collected Interval ranges
parallelismSelector::VERBO:       L:180
parallelismSelector::VERBO:       L:190
parallelismSelector::VERBO:       L:200
parallelismSelector::VERBO:       L:210
parallelismSelector::VERBO:       L:280
parallelismSelector::VERBO:       L:291
parallelismSelector::VERBO: 
parallelismSelector::VERBO: Analyzing Function "dct_1d" (FunctionId 230):
parallelismSelector::VERBO:         LoopId: 28, Label: DCT_Outer_Loop, TC: 8, IL: {1: 16}, IIMem: {1: 0.5}, IIDep 0
parallelismSelector::VERBO:         	unroll 1 Cycles: 128
parallelismSelector::VERBO:         Overall latency for nested loop (LoopId 28): 128
parallelismSelector::VERBO:     MARegionScheduler::finalize():
parallelismSelector::VERBO:        - Function: _Z6dct_1dPsS_
parallelismSelector::VERBO:          - EndCycles: for.end -> {1: 129}
parallelismSelector::VERBO:          - EndCycles: entry -> {1: 1}
parallelismSelector::VERBO:          - EndCycles: for.end15 -> {1: 129}
parallelismSelector::VERBO:        - MaxEndCycle: {1: 129}
parallelismSelector::VERBO:        - Critical path: for.body, for.end, entry, for.end15
parallelismSelector::VERBO:     Collected Var penalties
parallelismSelector::VERBO:       L:18 V:48{1: 0}
parallelismSelector::VERBO:       L:18 V:50{1: 0}
parallelismSelector::VERBO:       L:19 V:48{1: 0}
parallelismSelector::VERBO:       L:19 V:50{1: 0}
parallelismSelector::VERBO:       L:20 V:51{1: 0}
parallelismSelector::VERBO:       L:20 V:59{1: 0}
parallelismSelector::VERBO:       L:21 V:51{1: 0}
parallelismSelector::VERBO:       L:21 V:59{1: 0}
parallelismSelector::VERBO:       L:28 V:59{1: 0}
parallelismSelector::VERBO:       L:28 V:60{1: 0}
parallelismSelector::VERBO:       L:28 V:89{1: 0}
parallelismSelector::VERBO:       L:29 V:60{1: 0}
parallelismSelector::VERBO:       L:29 V:89{1: 0}
parallelismSelector::VERBO:     Collected latencies
parallelismSelector::VERBO:       L:18{1: 16}
parallelismSelector::VERBO:       L:19{1: 2}
parallelismSelector::VERBO:       L:20{1: 16}
parallelismSelector::VERBO:       L:21{1: 2}
parallelismSelector::VERBO:       L:28{1: 16}
parallelismSelector::VERBO:       L:29{1: 2}
parallelismSelector::VERBO:     Collected Interval ranges
parallelismSelector::VERBO:       L:180
parallelismSelector::VERBO:       L:190
parallelismSelector::VERBO:       L:200
parallelismSelector::VERBO:       L:210
parallelismSelector::VERBO:       L:280
parallelismSelector::VERBO:       L:291
parallelismSelector::VERBO: 
parallelismSelector::VERBO: Analyzing Loop "Col_DCT_Loop" (LoopId 22):
parallelismSelector::VERBO:     MARegionScheduler::finalize():
parallelismSelector::VERBO:        - LoopId: 22 Label: Col_DCT_Loop
parallelismSelector::VERBO:          - EndCycles: for.body26 -> {1: 1}
parallelismSelector::VERBO:          - EndCycles: for.body26_iso3 -> {1: 130}
parallelismSelector::VERBO:          - EndCycles: for.body26_iso2 -> {1: 130}
parallelismSelector::VERBO:        - MaxEndCycle: {1: 130}
parallelismSelector::VERBO:        - Critical path: for.body26, for.body26_iso3, for.body26_iso2
parallelismSelector::VERBO:     hasRAW: 0
parallelismSelector::VERBO:     Collect memory port metrics for LoopId: 22
                                
parallelismSelector::VERBO:        - IIMem: {1: 0}, OwnedIIMem: {1: 0}, NestedIIMem: {1: 0}
parallelismSelector::VERBO:     Collected Var penalties
parallelismSelector::VERBO:       L:18 V:48{1: 0}
parallelismSelector::VERBO:       L:18 V:50{1: 0}
parallelismSelector::VERBO:       L:19 V:48{1: 0}
parallelismSelector::VERBO:       L:19 V:50{1: 0}
parallelismSelector::VERBO:       L:20 V:51{1: 0}
parallelismSelector::VERBO:       L:20 V:59{1: 0}
parallelismSelector::VERBO:       L:21 V:51{1: 0}
parallelismSelector::VERBO:       L:21 V:59{1: 0}
parallelismSelector::VERBO:       L:28 V:59{1: 0}
parallelismSelector::VERBO:       L:28 V:60{1: 0}
parallelismSelector::VERBO:       L:28 V:89{1: 0}
parallelismSelector::VERBO:       L:29 V:60{1: 0}
parallelismSelector::VERBO:       L:29 V:89{1: 0}
parallelismSelector::VERBO:     Collected latencies
parallelismSelector::VERBO:       L:18{1: 16}
parallelismSelector::VERBO:       L:19{1: 2}
parallelismSelector::VERBO:       L:20{1: 16}
parallelismSelector::VERBO:       L:21{1: 2}
parallelismSelector::VERBO:       L:22{1: 130}
parallelismSelector::VERBO:       L:28{1: 16}
parallelismSelector::VERBO:       L:29{1: 2}
parallelismSelector::VERBO:     Collected Interval ranges
parallelismSelector::VERBO:       L:180
parallelismSelector::VERBO:       L:190
parallelismSelector::VERBO:       L:200
parallelismSelector::VERBO:       L:210
parallelismSelector::VERBO:       L:220
parallelismSelector::VERBO:       L:280
parallelismSelector::VERBO:       L:291
parallelismSelector::VERBO: 
parallelismSelector::VERBO: Analyzing Loop "Xpose_Row_Inner_Loop" (LoopId 24):
parallelismSelector::VERBO:     MARegionScheduler::finalize():
parallelismSelector::VERBO:        - LoopId: 24 Label: Xpose_Row_Inner_Loop
parallelismSelector::VERBO:          - EndCycles: for.body9 -> {1: 2}
parallelismSelector::VERBO:        - MaxEndCycle: {1: 2}
parallelismSelector::VERBO:        - Critical path: for.body9
parallelismSelector::VERBO:     hasRAW: 0
parallelismSelector::VERBO:     Collect memory port metrics for LoopId: 24
                                
parallelismSelector::VERBO:     VarId: 58, number of direct accesses: 1, number of indirect accesses: 0, RequiredPorts: 1, Available ports: 2
                                
parallelismSelector::VERBO:     VarId: 60, number of direct accesses: 1, number of indirect accesses: 0, RequiredPorts: 1, Available ports: 2
                                
parallelismSelector::VERBO:        - IIMem: {1: 0.5}, OwnedIIMem: {1: 0.5}, NestedIIMem: {1: 0}
parallelismSelector::VERBO:     Collected Var penalties
parallelismSelector::VERBO:       L:18 V:48{1: 0}
parallelismSelector::VERBO:       L:18 V:50{1: 0}
parallelismSelector::VERBO:       L:19 V:48{1: 0}
parallelismSelector::VERBO:       L:19 V:50{1: 0}
parallelismSelector::VERBO:       L:20 V:51{1: 0}
parallelismSelector::VERBO:       L:20 V:59{1: 0}
parallelismSelector::VERBO:       L:21 V:51{1: 0}
parallelismSelector::VERBO:       L:21 V:59{1: 0}
parallelismSelector::VERBO:       L:24 V:58{1: 0}
parallelismSelector::VERBO:       L:24 V:60{1: 0}
parallelismSelector::VERBO:       L:28 V:59{1: 0}
parallelismSelector::VERBO:       L:28 V:60{1: 0}
parallelismSelector::VERBO:       L:28 V:89{1: 0}
parallelismSelector::VERBO:       L:29 V:60{1: 0}
parallelismSelector::VERBO:       L:29 V:89{1: 0}
parallelismSelector::VERBO:     Collected latencies
parallelismSelector::VERBO:       L:18{1: 16}
parallelismSelector::VERBO:       L:19{1: 2}
parallelismSelector::VERBO:       L:20{1: 16}
parallelismSelector::VERBO:       L:21{1: 2}
parallelismSelector::VERBO:       L:22{1: 130}
parallelismSelector::VERBO:       L:24{1: 2}
parallelismSelector::VERBO:       L:28{1: 16}
parallelismSelector::VERBO:       L:29{1: 2}
parallelismSelector::VERBO:     Collected Interval ranges
parallelismSelector::VERBO:       L:180
parallelismSelector::VERBO:       L:190
parallelismSelector::VERBO:       L:200
parallelismSelector::VERBO:       L:210
parallelismSelector::VERBO:       L:220
parallelismSelector::VERBO:       L:240
parallelismSelector::VERBO:       L:280
parallelismSelector::VERBO:       L:291
parallelismSelector::VERBO: 
parallelismSelector::VERBO: Analyzing Loop "Xpose_Row_Outer_Loop" (LoopId 23):
parallelismSelector::VERBO:         LoopId: 24, Label: Xpose_Row_Inner_Loop, TC: 8, IL: {1: 2}, IIMem: {1: 0.5}, IIDep 0
parallelismSelector::VERBO:         	unroll 1 Cycles: 16
parallelismSelector::VERBO:         Overall latency for nested loop (LoopId 24): 16
parallelismSelector::VERBO:     MARegionScheduler::finalize():
parallelismSelector::VERBO:        - LoopId: 23 Label: Xpose_Row_Outer_Loop
parallelismSelector::VERBO:          - EndCycles: for.body9 -> {1: 16}
parallelismSelector::VERBO:          - EndCycles: for.body6 -> {1: 1}
parallelismSelector::VERBO:          - EndCycles: for.end20 -> {1: 16}
parallelismSelector::VERBO:        - MaxEndCycle: {1: 16}
parallelismSelector::VERBO:        - Critical path: for.body9, for.body6, for.end20
parallelismSelector::VERBO:     hasRAW: 0
parallelismSelector::VERBO:     Collect memory port metrics for LoopId: 23
                                
parallelismSelector::VERBO:     VarId: 58, number of direct accesses: 0, number of indirect accesses: 1, RequiredPorts: 1, Available ports: 2
                                
parallelismSelector::VERBO:     VarId: 60, number of direct accesses: 0, number of indirect accesses: 1, RequiredPorts: 1, Available ports: 2
                                
parallelismSelector::VERBO:        - IIMem: {1: 0}, OwnedIIMem: {1: 0}, NestedIIMem: {1: 0}
parallelismSelector::VERBO:     Collected Var penalties
parallelismSelector::VERBO:       L:18 V:48{1: 0}
parallelismSelector::VERBO:       L:18 V:50{1: 0}
parallelismSelector::VERBO:       L:19 V:48{1: 0}
parallelismSelector::VERBO:       L:19 V:50{1: 0}
parallelismSelector::VERBO:       L:20 V:51{1: 0}
parallelismSelector::VERBO:       L:20 V:59{1: 0}
parallelismSelector::VERBO:       L:21 V:51{1: 0}
parallelismSelector::VERBO:       L:21 V:59{1: 0}
parallelismSelector::VERBO:       L:23 V:58{1: 0}
parallelismSelector::VERBO:       L:23 V:60{1: 0}
parallelismSelector::VERBO:       L:24 V:58{1: 0}
parallelismSelector::VERBO:       L:24 V:60{1: 0}
parallelismSelector::VERBO:       L:28 V:59{1: 0}
parallelismSelector::VERBO:       L:28 V:60{1: 0}
parallelismSelector::VERBO:       L:28 V:89{1: 0}
parallelismSelector::VERBO:       L:29 V:60{1: 0}
parallelismSelector::VERBO:       L:29 V:89{1: 0}
parallelismSelector::VERBO:     Collected latencies
parallelismSelector::VERBO:       L:18{1: 16}
parallelismSelector::VERBO:       L:19{1: 2}
parallelismSelector::VERBO:       L:20{1: 16}
parallelismSelector::VERBO:       L:21{1: 2}
parallelismSelector::VERBO:       L:22{1: 130}
parallelismSelector::VERBO:       L:23{1: 16}
parallelismSelector::VERBO:       L:24{1: 2}
parallelismSelector::VERBO:       L:28{1: 16}
parallelismSelector::VERBO:       L:29{1: 2}
parallelismSelector::VERBO:     Collected Interval ranges
parallelismSelector::VERBO:       L:180
parallelismSelector::VERBO:       L:190
parallelismSelector::VERBO:       L:200
parallelismSelector::VERBO:       L:210
parallelismSelector::VERBO:       L:220
parallelismSelector::VERBO:       L:230
parallelismSelector::VERBO:       L:240
parallelismSelector::VERBO:       L:280
parallelismSelector::VERBO:       L:291
parallelismSelector::VERBO: 
parallelismSelector::VERBO: [LatencyEstimationVisitor] CallSite: CS(6 F=230) (67->56)(68->58)
parallelismSelector::VERBO: [LatencyEstimationVisitor] Equivalence table
                             Object with value: 56 is mapped to the object with value: 50
                             Object with value: 57 is mapped to the object with value: 51
                             Object with value: 67 is mapped to the object with value: 50
                             Object with value: 68 is mapped to the object with value: 58
                             Object with value: 75 is mapped to the object with value: 50
                             Object with value: 76 is mapped to the object with value: 51
                            
parallelismSelector::VERBO: Analyzing Loop "DCT_Inner_Loop" (LoopId 29):
parallelismSelector::VERBO:     MARegionScheduler::finalize():
parallelismSelector::VERBO:        - LoopId: 29 Label: DCT_Inner_Loop
parallelismSelector::VERBO:          - EndCycles: for.body3 -> {1: 2}
parallelismSelector::VERBO:        - MaxEndCycle: {1: 2}
parallelismSelector::VERBO:        - Critical path: for.body3
parallelismSelector::VERBO:     hasRAW: 0
parallelismSelector::VERBO:     Recurrence: Circuit=2:0 -> 2:21 -> 2:0
parallelismSelector::VERBO:       distance=1
parallelismSelector::VERBO:     Collect memory port metrics for LoopId: 29
                                
parallelismSelector::VERBO:     VarId: 67, number of direct accesses: 1, number of indirect accesses: 0, RequiredPorts: 1, Available ports: 2
                                
parallelismSelector::VERBO:     VarId: 89, number of direct accesses: 1, number of indirect accesses: 0, RequiredPorts: 1, Available ports: 2
                                
parallelismSelector::VERBO:        - IIMem: {1: 0.5}, OwnedIIMem: {1: 0.5}, NestedIIMem: {1: 0}
parallelismSelector::VERBO:     Collected Var penalties
parallelismSelector::VERBO:       L:18 V:48{1: 0}
parallelismSelector::VERBO:       L:18 V:50{1: 0}
parallelismSelector::VERBO:       L:19 V:48{1: 0}
parallelismSelector::VERBO:       L:19 V:50{1: 0}
parallelismSelector::VERBO:       L:20 V:51{1: 0}
parallelismSelector::VERBO:       L:20 V:59{1: 0}
parallelismSelector::VERBO:       L:21 V:51{1: 0}
parallelismSelector::VERBO:       L:21 V:59{1: 0}
parallelismSelector::VERBO:       L:23 V:58{1: 0}
parallelismSelector::VERBO:       L:23 V:60{1: 0}
parallelismSelector::VERBO:       L:24 V:58{1: 0}
parallelismSelector::VERBO:       L:24 V:60{1: 0}
parallelismSelector::VERBO:       L:28 V:59{1: 0}
parallelismSelector::VERBO:       L:28 V:60{1: 0}
parallelismSelector::VERBO:       L:28 V:89{1: 0}
parallelismSelector::VERBO:       L:29 V:50{1: 0}
parallelismSelector::VERBO:       L:29 V:60{1: 0}
parallelismSelector::VERBO:       L:29 V:89{1: 0}
parallelismSelector::VERBO:     Collected latencies
parallelismSelector::VERBO:       L:18{1: 16}
parallelismSelector::VERBO:       L:19{1: 2}
parallelismSelector::VERBO:       L:20{1: 16}
parallelismSelector::VERBO:       L:21{1: 2}
parallelismSelector::VERBO:       L:22{1: 130}
parallelismSelector::VERBO:       L:23{1: 16}
parallelismSelector::VERBO:       L:24{1: 2}
parallelismSelector::VERBO:       L:28{1: 16}
parallelismSelector::VERBO:       L:29{1: 2}
parallelismSelector::VERBO:     Collected Interval ranges
parallelismSelector::VERBO:       L:180
parallelismSelector::VERBO:       L:190
parallelismSelector::VERBO:       L:200
parallelismSelector::VERBO:       L:210
parallelismSelector::VERBO:       L:220
parallelismSelector::VERBO:       L:230
parallelismSelector::VERBO:       L:240
parallelismSelector::VERBO:       L:280
parallelismSelector::VERBO:       L:291
parallelismSelector::VERBO: 
parallelismSelector::VERBO: Analyzing Loop "DCT_Outer_Loop" (LoopId 28):
parallelismSelector::VERBO:         LoopId: 29, Label: DCT_Inner_Loop, TC: 8, IL: {1: 2}, IIMem: {1: 0.5}, IIDep 1
parallelismSelector::VERBO:         	unroll 1 Cycles: 16
parallelismSelector::VERBO:         Overall latency for nested loop (LoopId 29): 16
parallelismSelector::VERBO:     MARegionScheduler::finalize():
parallelismSelector::VERBO:        - LoopId: 28 Label: DCT_Outer_Loop
parallelismSelector::VERBO:          - EndCycles: for.body -> {1: 1}
parallelismSelector::VERBO:          - EndCycles: for.end -> {1: 16}
parallelismSelector::VERBO:          - EndCycles: for.body3 -> {1: 16}
parallelismSelector::VERBO:        - MaxEndCycle: {1: 16}
parallelismSelector::VERBO:        - Critical path: for.body, for.end, for.body3
parallelismSelector::VERBO:     hasRAW: 0
parallelismSelector::VERBO:     Collect memory port metrics for LoopId: 28
                                
parallelismSelector::VERBO:     VarId: 67, number of direct accesses: 0, number of indirect accesses: 1, RequiredPorts: 1, Available ports: 2
                                
parallelismSelector::VERBO:     VarId: 68, number of direct accesses: 1, number of indirect accesses: 0, RequiredPorts: 1, Available ports: 2
                                
parallelismSelector::VERBO:     VarId: 89, number of direct accesses: 0, number of indirect accesses: 1, RequiredPorts: 1, Available ports: 2
                                
parallelismSelector::VERBO:        - IIMem: {1: 0.5}, OwnedIIMem: {1: 0.5}, NestedIIMem: {1: 0}
parallelismSelector::VERBO:     Collected Var penalties
parallelismSelector::VERBO:       L:18 V:48{1: 0}
parallelismSelector::VERBO:       L:18 V:50{1: 0}
parallelismSelector::VERBO:       L:19 V:48{1: 0}
parallelismSelector::VERBO:       L:19 V:50{1: 0}
parallelismSelector::VERBO:       L:20 V:51{1: 0}
parallelismSelector::VERBO:       L:20 V:59{1: 0}
parallelismSelector::VERBO:       L:21 V:51{1: 0}
parallelismSelector::VERBO:       L:21 V:59{1: 0}
parallelismSelector::VERBO:       L:23 V:58{1: 0}
parallelismSelector::VERBO:       L:23 V:60{1: 0}
parallelismSelector::VERBO:       L:24 V:58{1: 0}
parallelismSelector::VERBO:       L:24 V:60{1: 0}
parallelismSelector::VERBO:       L:28 V:50{1: 0}
parallelismSelector::VERBO:       L:28 V:58{1: 0}
parallelismSelector::VERBO:       L:28 V:59{1: 0}
parallelismSelector::VERBO:       L:28 V:60{1: 0}
parallelismSelector::VERBO:       L:28 V:89{1: 0}
parallelismSelector::VERBO:       L:29 V:50{1: 0}
parallelismSelector::VERBO:       L:29 V:60{1: 0}
parallelismSelector::VERBO:       L:29 V:89{1: 0}
parallelismSelector::VERBO:     Collected latencies
parallelismSelector::VERBO:       L:18{1: 16}
parallelismSelector::VERBO:       L:19{1: 2}
parallelismSelector::VERBO:       L:20{1: 16}
parallelismSelector::VERBO:       L:21{1: 2}
parallelismSelector::VERBO:       L:22{1: 130}
parallelismSelector::VERBO:       L:23{1: 16}
parallelismSelector::VERBO:       L:24{1: 2}
parallelismSelector::VERBO:       L:28{1: 16}
parallelismSelector::VERBO:       L:29{1: 2}
parallelismSelector::VERBO:     Collected Interval ranges
parallelismSelector::VERBO:       L:180
parallelismSelector::VERBO:       L:190
parallelismSelector::VERBO:       L:200
parallelismSelector::VERBO:       L:210
parallelismSelector::VERBO:       L:220
parallelismSelector::VERBO:       L:230
parallelismSelector::VERBO:       L:240
parallelismSelector::VERBO:       L:280
parallelismSelector::VERBO:       L:291
parallelismSelector::VERBO: 
parallelismSelector::VERBO: Analyzing Function "dct_1d" (FunctionId 230):
parallelismSelector::VERBO:         LoopId: 28, Label: DCT_Outer_Loop, TC: 8, IL: {1: 16}, IIMem: {1: 0.5}, IIDep 0
parallelismSelector::VERBO:         	unroll 1 Cycles: 128
parallelismSelector::VERBO:         Overall latency for nested loop (LoopId 28): 128
parallelismSelector::VERBO:     MARegionScheduler::finalize():
parallelismSelector::VERBO:        - Function: _Z6dct_1dPsS_
parallelismSelector::VERBO:          - EndCycles: for.end -> {1: 129}
parallelismSelector::VERBO:          - EndCycles: entry -> {1: 1}
parallelismSelector::VERBO:          - EndCycles: for.end15 -> {1: 129}
parallelismSelector::VERBO:        - MaxEndCycle: {1: 129}
parallelismSelector::VERBO:        - Critical path: for.body, for.end, entry, for.end15
parallelismSelector::VERBO:     Collected Var penalties
parallelismSelector::VERBO:       L:18 V:48{1: 0}
parallelismSelector::VERBO:       L:18 V:50{1: 0}
parallelismSelector::VERBO:       L:19 V:48{1: 0}
parallelismSelector::VERBO:       L:19 V:50{1: 0}
parallelismSelector::VERBO:       L:20 V:51{1: 0}
parallelismSelector::VERBO:       L:20 V:59{1: 0}
parallelismSelector::VERBO:       L:21 V:51{1: 0}
parallelismSelector::VERBO:       L:21 V:59{1: 0}
parallelismSelector::VERBO:       L:23 V:58{1: 0}
parallelismSelector::VERBO:       L:23 V:60{1: 0}
parallelismSelector::VERBO:       L:24 V:58{1: 0}
parallelismSelector::VERBO:       L:24 V:60{1: 0}
parallelismSelector::VERBO:       L:28 V:50{1: 0}
parallelismSelector::VERBO:       L:28 V:58{1: 0}
parallelismSelector::VERBO:       L:28 V:59{1: 0}
parallelismSelector::VERBO:       L:28 V:60{1: 0}
parallelismSelector::VERBO:       L:28 V:89{1: 0}
parallelismSelector::VERBO:       L:29 V:50{1: 0}
parallelismSelector::VERBO:       L:29 V:60{1: 0}
parallelismSelector::VERBO:       L:29 V:89{1: 0}
parallelismSelector::VERBO:     Collected latencies
parallelismSelector::VERBO:       L:18{1: 16}
parallelismSelector::VERBO:       L:19{1: 2}
parallelismSelector::VERBO:       L:20{1: 16}
parallelismSelector::VERBO:       L:21{1: 2}
parallelismSelector::VERBO:       L:22{1: 130}
parallelismSelector::VERBO:       L:23{1: 16}
parallelismSelector::VERBO:       L:24{1: 2}
parallelismSelector::VERBO:       L:28{1: 16}
parallelismSelector::VERBO:       L:29{1: 2}
parallelismSelector::VERBO:     Collected Interval ranges
parallelismSelector::VERBO:       L:180
parallelismSelector::VERBO:       L:190
parallelismSelector::VERBO:       L:200
parallelismSelector::VERBO:       L:210
parallelismSelector::VERBO:       L:220
parallelismSelector::VERBO:       L:230
parallelismSelector::VERBO:       L:240
parallelismSelector::VERBO:       L:280
parallelismSelector::VERBO:       L:291
parallelismSelector::VERBO: 
parallelismSelector::VERBO: Analyzing Loop "Row_DCT_Loop" (LoopId 25):
parallelismSelector::VERBO:     MARegionScheduler::finalize():
parallelismSelector::VERBO:        - LoopId: 25 Label: Row_DCT_Loop
parallelismSelector::VERBO:          - EndCycles: for.body -> {1: 1}
parallelismSelector::VERBO:          - EndCycles: for.body_iso0 -> {1: 130}
parallelismSelector::VERBO:          - EndCycles: for.body_iso1 -> {1: 130}
parallelismSelector::VERBO:        - MaxEndCycle: {1: 130}
parallelismSelector::VERBO:        - Critical path: for.body, for.body_iso0, for.body_iso1
parallelismSelector::VERBO:     hasRAW: 0
parallelismSelector::VERBO:     Collect memory port metrics for LoopId: 25
                                
parallelismSelector::VERBO:        - IIMem: {1: 0}, OwnedIIMem: {1: 0}, NestedIIMem: {1: 0}
parallelismSelector::VERBO:     Collected Var penalties
parallelismSelector::VERBO:       L:18 V:48{1: 0}
parallelismSelector::VERBO:       L:18 V:50{1: 0}
parallelismSelector::VERBO:       L:19 V:48{1: 0}
parallelismSelector::VERBO:       L:19 V:50{1: 0}
parallelismSelector::VERBO:       L:20 V:51{1: 0}
parallelismSelector::VERBO:       L:20 V:59{1: 0}
parallelismSelector::VERBO:       L:21 V:51{1: 0}
parallelismSelector::VERBO:       L:21 V:59{1: 0}
parallelismSelector::VERBO:       L:23 V:58{1: 0}
parallelismSelector::VERBO:       L:23 V:60{1: 0}
parallelismSelector::VERBO:       L:24 V:58{1: 0}
parallelismSelector::VERBO:       L:24 V:60{1: 0}
parallelismSelector::VERBO:       L:28 V:50{1: 0}
parallelismSelector::VERBO:       L:28 V:58{1: 0}
parallelismSelector::VERBO:       L:28 V:59{1: 0}
parallelismSelector::VERBO:       L:28 V:60{1: 0}
parallelismSelector::VERBO:       L:28 V:89{1: 0}
parallelismSelector::VERBO:       L:29 V:50{1: 0}
parallelismSelector::VERBO:       L:29 V:60{1: 0}
parallelismSelector::VERBO:       L:29 V:89{1: 0}
parallelismSelector::VERBO:     Collected latencies
parallelismSelector::VERBO:       L:18{1: 16}
parallelismSelector::VERBO:       L:19{1: 2}
parallelismSelector::VERBO:       L:20{1: 16}
parallelismSelector::VERBO:       L:21{1: 2}
parallelismSelector::VERBO:       L:22{1: 130}
parallelismSelector::VERBO:       L:23{1: 16}
parallelismSelector::VERBO:       L:24{1: 2}
parallelismSelector::VERBO:       L:25{1: 130}
parallelismSelector::VERBO:       L:28{1: 16}
parallelismSelector::VERBO:       L:29{1: 2}
parallelismSelector::VERBO:     Collected Interval ranges
parallelismSelector::VERBO:       L:180
parallelismSelector::VERBO:       L:190
parallelismSelector::VERBO:       L:200
parallelismSelector::VERBO:       L:210
parallelismSelector::VERBO:       L:220
parallelismSelector::VERBO:       L:230
parallelismSelector::VERBO:       L:240
parallelismSelector::VERBO:       L:250
parallelismSelector::VERBO:       L:280
parallelismSelector::VERBO:       L:291
parallelismSelector::VERBO: 
parallelismSelector::VERBO: Analyzing Function "dct_2d" (FunctionId 228):
parallelismSelector::VERBO:         LoopId: 25, Label: Row_DCT_Loop, TC: 8, IL: {1: 130}, IIMem: {1: 0}, IIDep 0
parallelismSelector::VERBO:         	unroll 1 Cycles: 1040
parallelismSelector::VERBO:         Overall latency for nested loop (LoopId 25): 1040
parallelismSelector::VERBO:         LoopId: 23, Label: Xpose_Row_Outer_Loop, TC: 8, IL: {1: 16}, IIMem: {1: 0}, IIDep 0
parallelismSelector::VERBO:         	unroll 1 Cycles: 128
parallelismSelector::VERBO:         Overall latency for nested loop (LoopId 23): 128
parallelismSelector::VERBO:         LoopId: 22, Label: Col_DCT_Loop, TC: 8, IL: {1: 130}, IIMem: {1: 0}, IIDep 0
parallelismSelector::VERBO:         	unroll 1 Cycles: 1040
parallelismSelector::VERBO:         Overall latency for nested loop (LoopId 22): 1040
parallelismSelector::VERBO:         LoopId: 20, Label: Xpose_Col_Outer_Loop, TC: 8, IL: {1: 16}, IIMem: {1: 0}, IIDep 0
parallelismSelector::VERBO:         	unroll 1 Cycles: 128
parallelismSelector::VERBO:         Overall latency for nested loop (LoopId 20): 128
parallelismSelector::VERBO:     MARegionScheduler::finalize():
parallelismSelector::VERBO:        - Function: _Z6dct_2dPA8_sS0_
parallelismSelector::VERBO:          - EndCycles: for.end23 -> {1: 1171}
parallelismSelector::VERBO:          - EndCycles: for.end35 -> {1: 2212}
parallelismSelector::VERBO:          - EndCycles: for.end -> {1: 1042}
parallelismSelector::VERBO:          - EndCycles: for.end55 -> {1: 2340}
parallelismSelector::VERBO:          - EndCycles: entry -> {1: 1}
parallelismSelector::VERBO:          - EndCycles: for.end20 -> {1: 1170}
parallelismSelector::VERBO:          - EndCycles: for.body26_iso3 -> {1: 2211}
parallelismSelector::VERBO:          - EndCycles: for.end52 -> {1: 2340}
parallelismSelector::VERBO:          - EndCycles: for.body_iso1 -> {1: 1041}
parallelismSelector::VERBO:        - MaxEndCycle: {1: 2340}
parallelismSelector::VERBO:        - Critical path: for.body38, for.end23, for.body6, for.end35, for.end, for.end55, for.body, for.body26, entry, for.end20, for.body26_iso3, for.end52, for.body_iso1
parallelismSelector::VERBO:     Collected Var penalties
parallelismSelector::VERBO:       L:18 V:48{1: 0}
parallelismSelector::VERBO:       L:18 V:50{1: 0}
parallelismSelector::VERBO:       L:19 V:48{1: 0}
parallelismSelector::VERBO:       L:19 V:50{1: 0}
parallelismSelector::VERBO:       L:20 V:51{1: 0}
parallelismSelector::VERBO:       L:20 V:59{1: 0}
parallelismSelector::VERBO:       L:21 V:51{1: 0}
parallelismSelector::VERBO:       L:21 V:59{1: 0}
parallelismSelector::VERBO:       L:23 V:58{1: 0}
parallelismSelector::VERBO:       L:23 V:60{1: 0}
parallelismSelector::VERBO:       L:24 V:58{1: 0}
parallelismSelector::VERBO:       L:24 V:60{1: 0}
parallelismSelector::VERBO:       L:28 V:50{1: 0}
parallelismSelector::VERBO:       L:28 V:58{1: 0}
parallelismSelector::VERBO:       L:28 V:59{1: 0}
parallelismSelector::VERBO:       L:28 V:60{1: 0}
parallelismSelector::VERBO:       L:28 V:89{1: 0}
parallelismSelector::VERBO:       L:29 V:50{1: 0}
parallelismSelector::VERBO:       L:29 V:60{1: 0}
parallelismSelector::VERBO:       L:29 V:89{1: 0}
parallelismSelector::VERBO:     Collected latencies
parallelismSelector::VERBO:       L:18{1: 16}
parallelismSelector::VERBO:       L:19{1: 2}
parallelismSelector::VERBO:       L:20{1: 16}
parallelismSelector::VERBO:       L:21{1: 2}
parallelismSelector::VERBO:       L:22{1: 130}
parallelismSelector::VERBO:       L:23{1: 16}
parallelismSelector::VERBO:       L:24{1: 2}
parallelismSelector::VERBO:       L:25{1: 130}
parallelismSelector::VERBO:       L:28{1: 16}
parallelismSelector::VERBO:       L:29{1: 2}
parallelismSelector::VERBO:     Collected Interval ranges
parallelismSelector::VERBO:       L:180
parallelismSelector::VERBO:       L:190
parallelismSelector::VERBO:       L:200
parallelismSelector::VERBO:       L:210
parallelismSelector::VERBO:       L:220
parallelismSelector::VERBO:       L:230
parallelismSelector::VERBO:       L:240
parallelismSelector::VERBO:       L:250
parallelismSelector::VERBO:       L:280
parallelismSelector::VERBO:       L:291
parallelismSelector::VERBO: 
parallelismSelector::VERBO: Analyzing Function "Outline_T4_F226_R3_Call" (FunctionId 232):
parallelismSelector::VERBO:     MARegionScheduler::finalize():
parallelismSelector::VERBO:        - Function: Outline_T4_F226_R3_Call
parallelismSelector::VERBO:          - EndCycles: newFuncRoot -> {1: 1}
parallelismSelector::VERBO:          - EndCycles: newFuncRoot_iso0 -> {1: 2341}
parallelismSelector::VERBO:        - MaxEndCycle: {1: 2341}
parallelismSelector::VERBO:        - Critical path: newFuncRoot, newFuncRoot_iso0
parallelismSelector::VERBO:     Collected Var penalties
parallelismSelector::VERBO:       L:18 V:48{1: 0}
parallelismSelector::VERBO:       L:18 V:50{1: 0}
parallelismSelector::VERBO:       L:19 V:48{1: 0}
parallelismSelector::VERBO:       L:19 V:50{1: 0}
parallelismSelector::VERBO:       L:20 V:51{1: 0}
parallelismSelector::VERBO:       L:20 V:59{1: 0}
parallelismSelector::VERBO:       L:21 V:51{1: 0}
parallelismSelector::VERBO:       L:21 V:59{1: 0}
parallelismSelector::VERBO:       L:23 V:58{1: 0}
parallelismSelector::VERBO:       L:23 V:60{1: 0}
parallelismSelector::VERBO:       L:24 V:58{1: 0}
parallelismSelector::VERBO:       L:24 V:60{1: 0}
parallelismSelector::VERBO:       L:28 V:50{1: 0}
parallelismSelector::VERBO:       L:28 V:58{1: 0}
parallelismSelector::VERBO:       L:28 V:59{1: 0}
parallelismSelector::VERBO:       L:28 V:60{1: 0}
parallelismSelector::VERBO:       L:28 V:89{1: 0}
parallelismSelector::VERBO:       L:29 V:50{1: 0}
parallelismSelector::VERBO:       L:29 V:60{1: 0}
parallelismSelector::VERBO:       L:29 V:89{1: 0}
parallelismSelector::VERBO:     Collected latencies
parallelismSelector::VERBO:       L:18{1: 16}
parallelismSelector::VERBO:       L:19{1: 2}
parallelismSelector::VERBO:       L:20{1: 16}
parallelismSelector::VERBO:       L:21{1: 2}
parallelismSelector::VERBO:       L:22{1: 130}
parallelismSelector::VERBO:       L:23{1: 16}
parallelismSelector::VERBO:       L:24{1: 2}
parallelismSelector::VERBO:       L:25{1: 130}
parallelismSelector::VERBO:       L:28{1: 16}
parallelismSelector::VERBO:       L:29{1: 2}
parallelismSelector::VERBO:     Collected Interval ranges
parallelismSelector::VERBO:       L:180
parallelismSelector::VERBO:       L:190
parallelismSelector::VERBO:       L:200
parallelismSelector::VERBO:       L:210
parallelismSelector::VERBO:       L:220
parallelismSelector::VERBO:       L:230
parallelismSelector::VERBO:       L:240
parallelismSelector::VERBO:       L:250
parallelismSelector::VERBO:       L:280
parallelismSelector::VERBO:       L:291
parallelismSelector::VERBO: 
parallelismSelector::VERBO: [LatencyEstimationVisitor] CallSite: CS(5 F=233) (77->51)(78->49)
parallelismSelector::VERBO: [LatencyEstimationVisitor] Equivalence table
                             Object with value: 77 is mapped to the object with value: 51
                             Object with value: 78 is mapped to the object with value: 49
                            
parallelismSelector::VERBO: [LatencyEstimationVisitor] CallSite: CS(10 F=229) (63->77)(64->78)
parallelismSelector::VERBO: [LatencyEstimationVisitor] Equivalence table
                             Object with value: 63 is mapped to the object with value: 51
                             Object with value: 64 is mapped to the object with value: 49
                             Object with value: 77 is mapped to the object with value: 51
                             Object with value: 78 is mapped to the object with value: 49
                            
parallelismSelector::VERBO: Analyzing Loop "WR_Loop_Col" (LoopId 27):
parallelismSelector::VERBO:     MARegionScheduler::finalize():
parallelismSelector::VERBO:        - LoopId: 27 Label: WR_Loop_Col
parallelismSelector::VERBO:          - EndCycles: for.body3 -> {1: 2}
parallelismSelector::VERBO:        - MaxEndCycle: {1: 2}
parallelismSelector::VERBO:        - Critical path: for.body3
parallelismSelector::VERBO:     hasRAW: 0
parallelismSelector::VERBO:     Collect memory port metrics for LoopId: 27
                                
parallelismSelector::VERBO:     VarId: 63, number of direct accesses: 1, number of indirect accesses: 0, RequiredPorts: 1, Available ports: 2
                                
parallelismSelector::VERBO:     VarId: 64, number of direct accesses: 1, number of indirect accesses: 0, RequiredPorts: 1, Available ports: 2
                                
parallelismSelector::VERBO:        - IIMem: {1: 0.5}, OwnedIIMem: {1: 0.5}, NestedIIMem: {1: 0}
parallelismSelector::VERBO:     Collected Var penalties
parallelismSelector::VERBO:       L:18 V:48{1: 0}
parallelismSelector::VERBO:       L:18 V:50{1: 0}
parallelismSelector::VERBO:       L:19 V:48{1: 0}
parallelismSelector::VERBO:       L:19 V:50{1: 0}
parallelismSelector::VERBO:       L:20 V:51{1: 0}
parallelismSelector::VERBO:       L:20 V:59{1: 0}
parallelismSelector::VERBO:       L:21 V:51{1: 0}
parallelismSelector::VERBO:       L:21 V:59{1: 0}
parallelismSelector::VERBO:       L:23 V:58{1: 0}
parallelismSelector::VERBO:       L:23 V:60{1: 0}
parallelismSelector::VERBO:       L:24 V:58{1: 0}
parallelismSelector::VERBO:       L:24 V:60{1: 0}
parallelismSelector::VERBO:       L:27 V:49{1: 0}
parallelismSelector::VERBO:       L:27 V:51{1: 0}
parallelismSelector::VERBO:       L:28 V:50{1: 0}
parallelismSelector::VERBO:       L:28 V:58{1: 0}
parallelismSelector::VERBO:       L:28 V:59{1: 0}
parallelismSelector::VERBO:       L:28 V:60{1: 0}
parallelismSelector::VERBO:       L:28 V:89{1: 0}
parallelismSelector::VERBO:       L:29 V:50{1: 0}
parallelismSelector::VERBO:       L:29 V:60{1: 0}
parallelismSelector::VERBO:       L:29 V:89{1: 0}
parallelismSelector::VERBO:     Collected latencies
parallelismSelector::VERBO:       L:18{1: 16}
parallelismSelector::VERBO:       L:19{1: 2}
parallelismSelector::VERBO:       L:20{1: 16}
parallelismSelector::VERBO:       L:21{1: 2}
parallelismSelector::VERBO:       L:22{1: 130}
parallelismSelector::VERBO:       L:23{1: 16}
parallelismSelector::VERBO:       L:24{1: 2}
parallelismSelector::VERBO:       L:25{1: 130}
parallelismSelector::VERBO:       L:27{1: 2}
parallelismSelector::VERBO:       L:28{1: 16}
parallelismSelector::VERBO:       L:29{1: 2}
parallelismSelector::VERBO:     Collected Interval ranges
parallelismSelector::VERBO:       L:180
parallelismSelector::VERBO:       L:190
parallelismSelector::VERBO:       L:200
parallelismSelector::VERBO:       L:210
parallelismSelector::VERBO:       L:220
parallelismSelector::VERBO:       L:230
parallelismSelector::VERBO:       L:240
parallelismSelector::VERBO:       L:250
parallelismSelector::VERBO:       L:270
parallelismSelector::VERBO:       L:280
parallelismSelector::VERBO:       L:291
parallelismSelector::VERBO: 
parallelismSelector::VERBO: Analyzing Loop "WR_Loop_Row" (LoopId 26):
parallelismSelector::VERBO:         LoopId: 27, Label: WR_Loop_Col, TC: 8, IL: {1: 2}, IIMem: {1: 0.5}, IIDep 0
parallelismSelector::VERBO:         	unroll 1 Cycles: 16
parallelismSelector::VERBO:         Overall latency for nested loop (LoopId 27): 16
parallelismSelector::VERBO:     MARegionScheduler::finalize():
parallelismSelector::VERBO:        - LoopId: 26 Label: WR_Loop_Row
parallelismSelector::VERBO:          - EndCycles: for.body -> {1: 1}
parallelismSelector::VERBO:          - EndCycles: for.body3 -> {1: 16}
parallelismSelector::VERBO:          - EndCycles: for.end -> {1: 16}
parallelismSelector::VERBO:        - MaxEndCycle: {1: 16}
parallelismSelector::VERBO:        - Critical path: for.body, for.body3, for.end
parallelismSelector::VERBO:     hasRAW: 0
parallelismSelector::VERBO:     Collect memory port metrics for LoopId: 26
                                
parallelismSelector::VERBO:     VarId: 63, number of direct accesses: 0, number of indirect accesses: 1, RequiredPorts: 1, Available ports: 2
                                
parallelismSelector::VERBO:     VarId: 64, number of direct accesses: 0, number of indirect accesses: 1, RequiredPorts: 1, Available ports: 2
                                
parallelismSelector::VERBO:        - IIMem: {1: 0}, OwnedIIMem: {1: 0}, NestedIIMem: {1: 0}
parallelismSelector::VERBO:     Collected Var penalties
parallelismSelector::VERBO:       L:18 V:48{1: 0}
parallelismSelector::VERBO:       L:18 V:50{1: 0}
parallelismSelector::VERBO:       L:19 V:48{1: 0}
parallelismSelector::VERBO:       L:19 V:50{1: 0}
parallelismSelector::VERBO:       L:20 V:51{1: 0}
parallelismSelector::VERBO:       L:20 V:59{1: 0}
parallelismSelector::VERBO:       L:21 V:51{1: 0}
parallelismSelector::VERBO:       L:21 V:59{1: 0}
parallelismSelector::VERBO:       L:23 V:58{1: 0}
parallelismSelector::VERBO:       L:23 V:60{1: 0}
parallelismSelector::VERBO:       L:24 V:58{1: 0}
parallelismSelector::VERBO:       L:24 V:60{1: 0}
parallelismSelector::VERBO:       L:26 V:49{1: 0}
parallelismSelector::VERBO:       L:26 V:51{1: 0}
parallelismSelector::VERBO:       L:27 V:49{1: 0}
parallelismSelector::VERBO:       L:27 V:51{1: 0}
parallelismSelector::VERBO:       L:28 V:50{1: 0}
parallelismSelector::VERBO:       L:28 V:58{1: 0}
parallelismSelector::VERBO:       L:28 V:59{1: 0}
parallelismSelector::VERBO:       L:28 V:60{1: 0}
parallelismSelector::VERBO:       L:28 V:89{1: 0}
parallelismSelector::VERBO:       L:29 V:50{1: 0}
parallelismSelector::VERBO:       L:29 V:60{1: 0}
parallelismSelector::VERBO:       L:29 V:89{1: 0}
parallelismSelector::VERBO:     Collected latencies
parallelismSelector::VERBO:       L:18{1: 16}
parallelismSelector::VERBO:       L:19{1: 2}
parallelismSelector::VERBO:       L:20{1: 16}
parallelismSelector::VERBO:       L:21{1: 2}
parallelismSelector::VERBO:       L:22{1: 130}
parallelismSelector::VERBO:       L:23{1: 16}
parallelismSelector::VERBO:       L:24{1: 2}
parallelismSelector::VERBO:       L:25{1: 130}
parallelismSelector::VERBO:       L:26{1: 16}
parallelismSelector::VERBO:       L:27{1: 2}
parallelismSelector::VERBO:       L:28{1: 16}
parallelismSelector::VERBO:       L:29{1: 2}
parallelismSelector::VERBO:     Collected Interval ranges
parallelismSelector::VERBO:       L:180
parallelismSelector::VERBO:       L:190
parallelismSelector::VERBO:       L:200
parallelismSelector::VERBO:       L:210
parallelismSelector::VERBO:       L:220
parallelismSelector::VERBO:       L:230
parallelismSelector::VERBO:       L:240
parallelismSelector::VERBO:       L:250
parallelismSelector::VERBO:       L:260
parallelismSelector::VERBO:       L:270
parallelismSelector::VERBO:       L:280
parallelismSelector::VERBO:       L:291
parallelismSelector::VERBO: 
parallelismSelector::VERBO: Analyzing Function "write_data" (FunctionId 229):
parallelismSelector::VERBO:         LoopId: 26, Label: WR_Loop_Row, TC: 8, IL: {1: 16}, IIMem: {1: 0}, IIDep 0
parallelismSelector::VERBO:         	unroll 1 Cycles: 128
parallelismSelector::VERBO:         Overall latency for nested loop (LoopId 26): 128
parallelismSelector::VERBO:     MARegionScheduler::finalize():
parallelismSelector::VERBO:        - Function: _Z10write_dataPA8_sPs
parallelismSelector::VERBO:          - EndCycles: entry -> {1: 1}
parallelismSelector::VERBO:          - EndCycles: for.end10 -> {1: 129}
parallelismSelector::VERBO:          - EndCycles: for.end -> {1: 129}
parallelismSelector::VERBO:        - MaxEndCycle: {1: 129}
parallelismSelector::VERBO:        - Critical path: entry, for.end10, for.body, for.end
parallelismSelector::VERBO:     Collected Var penalties
parallelismSelector::VERBO:       L:18 V:48{1: 0}
parallelismSelector::VERBO:       L:18 V:50{1: 0}
parallelismSelector::VERBO:       L:19 V:48{1: 0}
parallelismSelector::VERBO:       L:19 V:50{1: 0}
parallelismSelector::VERBO:       L:20 V:51{1: 0}
parallelismSelector::VERBO:       L:20 V:59{1: 0}
parallelismSelector::VERBO:       L:21 V:51{1: 0}
parallelismSelector::VERBO:       L:21 V:59{1: 0}
parallelismSelector::VERBO:       L:23 V:58{1: 0}
parallelismSelector::VERBO:       L:23 V:60{1: 0}
parallelismSelector::VERBO:       L:24 V:58{1: 0}
parallelismSelector::VERBO:       L:24 V:60{1: 0}
parallelismSelector::VERBO:       L:26 V:49{1: 0}
parallelismSelector::VERBO:       L:26 V:51{1: 0}
parallelismSelector::VERBO:       L:27 V:49{1: 0}
parallelismSelector::VERBO:       L:27 V:51{1: 0}
parallelismSelector::VERBO:       L:28 V:50{1: 0}
parallelismSelector::VERBO:       L:28 V:58{1: 0}
parallelismSelector::VERBO:       L:28 V:59{1: 0}
parallelismSelector::VERBO:       L:28 V:60{1: 0}
parallelismSelector::VERBO:       L:28 V:89{1: 0}
parallelismSelector::VERBO:       L:29 V:50{1: 0}
parallelismSelector::VERBO:       L:29 V:60{1: 0}
parallelismSelector::VERBO:       L:29 V:89{1: 0}
parallelismSelector::VERBO:     Collected latencies
parallelismSelector::VERBO:       L:18{1: 16}
parallelismSelector::VERBO:       L:19{1: 2}
parallelismSelector::VERBO:       L:20{1: 16}
parallelismSelector::VERBO:       L:21{1: 2}
parallelismSelector::VERBO:       L:22{1: 130}
parallelismSelector::VERBO:       L:23{1: 16}
parallelismSelector::VERBO:       L:24{1: 2}
parallelismSelector::VERBO:       L:25{1: 130}
parallelismSelector::VERBO:       L:26{1: 16}
parallelismSelector::VERBO:       L:27{1: 2}
parallelismSelector::VERBO:       L:28{1: 16}
parallelismSelector::VERBO:       L:29{1: 2}
parallelismSelector::VERBO:     Collected Interval ranges
parallelismSelector::VERBO:       L:180
parallelismSelector::VERBO:       L:190
parallelismSelector::VERBO:       L:200
parallelismSelector::VERBO:       L:210
parallelismSelector::VERBO:       L:220
parallelismSelector::VERBO:       L:230
parallelismSelector::VERBO:       L:240
parallelismSelector::VERBO:       L:250
parallelismSelector::VERBO:       L:260
parallelismSelector::VERBO:       L:270
parallelismSelector::VERBO:       L:280
parallelismSelector::VERBO:       L:291
parallelismSelector::VERBO: 
parallelismSelector::VERBO: Analyzing Function "Outline_T5_F226_R4_Call" (FunctionId 233):
parallelismSelector::VERBO:     MARegionScheduler::finalize():
parallelismSelector::VERBO:        - Function: Outline_T5_F226_R4_Call
parallelismSelector::VERBO:          - EndCycles: newFuncRoot -> {1: 1}
parallelismSelector::VERBO:          - EndCycles: newFuncRoot_iso0 -> {1: 130}
parallelismSelector::VERBO:        - MaxEndCycle: {1: 130}
parallelismSelector::VERBO:        - Critical path: newFuncRoot, newFuncRoot_iso0
parallelismSelector::VERBO:     Collected Var penalties
parallelismSelector::VERBO:       L:18 V:48{1: 0}
parallelismSelector::VERBO:       L:18 V:50{1: 0}
parallelismSelector::VERBO:       L:19 V:48{1: 0}
parallelismSelector::VERBO:       L:19 V:50{1: 0}
parallelismSelector::VERBO:       L:20 V:51{1: 0}
parallelismSelector::VERBO:       L:20 V:59{1: 0}
parallelismSelector::VERBO:       L:21 V:51{1: 0}
parallelismSelector::VERBO:       L:21 V:59{1: 0}
parallelismSelector::VERBO:       L:23 V:58{1: 0}
parallelismSelector::VERBO:       L:23 V:60{1: 0}
parallelismSelector::VERBO:       L:24 V:58{1: 0}
parallelismSelector::VERBO:       L:24 V:60{1: 0}
parallelismSelector::VERBO:       L:26 V:49{1: 0}
parallelismSelector::VERBO:       L:26 V:51{1: 0}
parallelismSelector::VERBO:       L:27 V:49{1: 0}
parallelismSelector::VERBO:       L:27 V:51{1: 0}
parallelismSelector::VERBO:       L:28 V:50{1: 0}
parallelismSelector::VERBO:       L:28 V:58{1: 0}
parallelismSelector::VERBO:       L:28 V:59{1: 0}
parallelismSelector::VERBO:       L:28 V:60{1: 0}
parallelismSelector::VERBO:       L:28 V:89{1: 0}
parallelismSelector::VERBO:       L:29 V:50{1: 0}
parallelismSelector::VERBO:       L:29 V:60{1: 0}
parallelismSelector::VERBO:       L:29 V:89{1: 0}
parallelismSelector::VERBO:     Collected latencies
parallelismSelector::VERBO:       L:18{1: 16}
parallelismSelector::VERBO:       L:19{1: 2}
parallelismSelector::VERBO:       L:20{1: 16}
parallelismSelector::VERBO:       L:21{1: 2}
parallelismSelector::VERBO:       L:22{1: 130}
parallelismSelector::VERBO:       L:23{1: 16}
parallelismSelector::VERBO:       L:24{1: 2}
parallelismSelector::VERBO:       L:25{1: 130}
parallelismSelector::VERBO:       L:26{1: 16}
parallelismSelector::VERBO:       L:27{1: 2}
parallelismSelector::VERBO:       L:28{1: 16}
parallelismSelector::VERBO:       L:29{1: 2}
parallelismSelector::VERBO:     Collected Interval ranges
parallelismSelector::VERBO:       L:180
parallelismSelector::VERBO:       L:190
parallelismSelector::VERBO:       L:200
parallelismSelector::VERBO:       L:210
parallelismSelector::VERBO:       L:220
parallelismSelector::VERBO:       L:230
parallelismSelector::VERBO:       L:240
parallelismSelector::VERBO:       L:250
parallelismSelector::VERBO:       L:260
parallelismSelector::VERBO:       L:270
parallelismSelector::VERBO:       L:280
parallelismSelector::VERBO:       L:291
parallelismSelector::VERBO: 
parallelismSelector::VERBO: Analyzing Function "dct" (FunctionId 226):
parallelismSelector::VERBO:     MARegionScheduler::finalize():
parallelismSelector::VERBO:        - Function: dct
parallelismSelector::VERBO:          - EndCycles: codeRepl2 -> {1: 2605}
parallelismSelector::VERBO:          - EndCycles: codeRepl -> {1: 132}
parallelismSelector::VERBO:          - EndCycles: entry_iso3 -> {1: 2605}
parallelismSelector::VERBO:          - EndCycles: entry -> {1: 1}
parallelismSelector::VERBO:          - EndCycles: codeRepl1 -> {1: 2474}
parallelismSelector::VERBO:        - MaxEndCycle: {1: 2605}
parallelismSelector::VERBO:        - Critical path: codeRepl2, codeRepl, entry_iso3, entry, codeRepl1
parallelismSelector::VERBO:     Collected Var penalties
parallelismSelector::VERBO:       L:18 V:48{1: 0}
parallelismSelector::VERBO:       L:18 V:50{1: 0}
parallelismSelector::VERBO:       L:19 V:48{1: 0}
parallelismSelector::VERBO:       L:19 V:50{1: 0}
parallelismSelector::VERBO:       L:20 V:51{1: 0}
parallelismSelector::VERBO:       L:20 V:59{1: 0}
parallelismSelector::VERBO:       L:21 V:51{1: 0}
parallelismSelector::VERBO:       L:21 V:59{1: 0}
parallelismSelector::VERBO:       L:23 V:58{1: 0}
parallelismSelector::VERBO:       L:23 V:60{1: 0}
parallelismSelector::VERBO:       L:24 V:58{1: 0}
parallelismSelector::VERBO:       L:24 V:60{1: 0}
parallelismSelector::VERBO:       L:26 V:49{1: 0}
parallelismSelector::VERBO:       L:26 V:51{1: 0}
parallelismSelector::VERBO:       L:27 V:49{1: 0}
parallelismSelector::VERBO:       L:27 V:51{1: 0}
parallelismSelector::VERBO:       L:28 V:50{1: 0}
parallelismSelector::VERBO:       L:28 V:58{1: 0}
parallelismSelector::VERBO:       L:28 V:59{1: 0}
parallelismSelector::VERBO:       L:28 V:60{1: 0}
parallelismSelector::VERBO:       L:28 V:89{1: 0}
parallelismSelector::VERBO:       L:29 V:50{1: 0}
parallelismSelector::VERBO:       L:29 V:60{1: 0}
parallelismSelector::VERBO:       L:29 V:89{1: 0}
parallelismSelector::VERBO:     Collected latencies
parallelismSelector::VERBO:       L:18{1: 16}
parallelismSelector::VERBO:       L:19{1: 2}
parallelismSelector::VERBO:       L:20{1: 16}
parallelismSelector::VERBO:       L:21{1: 2}
parallelismSelector::VERBO:       L:22{1: 130}
parallelismSelector::VERBO:       L:23{1: 16}
parallelismSelector::VERBO:       L:24{1: 2}
parallelismSelector::VERBO:       L:25{1: 130}
parallelismSelector::VERBO:       L:26{1: 16}
parallelismSelector::VERBO:       L:27{1: 2}
parallelismSelector::VERBO:       L:28{1: 16}
parallelismSelector::VERBO:       L:29{1: 2}
parallelismSelector::VERBO:     Collected Interval ranges
parallelismSelector::VERBO:       L:180
parallelismSelector::VERBO:       L:190
parallelismSelector::VERBO:       L:200
parallelismSelector::VERBO:       L:210
parallelismSelector::VERBO:       L:220
parallelismSelector::VERBO:       L:230
parallelismSelector::VERBO:       L:240
parallelismSelector::VERBO:       L:250
parallelismSelector::VERBO:       L:260
parallelismSelector::VERBO:       L:270
parallelismSelector::VERBO:       L:280
parallelismSelector::VERBO:       L:291
parallelismSelector::VERBO: 
parallelismSelector::VERBO: Filling in latencies and intervals per loop...
parallelismSelector::VERBO:     Interval:
parallelismSelector::VERBO:     LoopId: 19, Label: RD_Loop_Col, TC: 8, IL: {1: 2}, IIMem: {1: 0.5}, IIDep 0
parallelismSelector::VERBO:     	unroll 1 Cycles: 2
parallelismSelector::VERBO:     Latency:
parallelismSelector::VERBO:     LoopId: 19, Label: RD_Loop_Col, TC: 8, IL: {1: 2}, IIMem: {1: 0.5}, IIDep 0
parallelismSelector::VERBO:     	unroll 1 Cycles: 16
parallelismSelector::VERBO:     Mem Interval:
parallelismSelector::VERBO:     Interval:
parallelismSelector::VERBO:     LoopId: 18, Label: RD_Loop_Row, TC: 8, IL: {1: 16}, IIMem: {1: 0}, IIDep 0
parallelismSelector::VERBO:     	unroll 1 Cycles: 16
parallelismSelector::VERBO:     Latency:
parallelismSelector::VERBO:     LoopId: 18, Label: RD_Loop_Row, TC: 8, IL: {1: 16}, IIMem: {1: 0}, IIDep 0
parallelismSelector::VERBO:     	unroll 1 Cycles: 128
parallelismSelector::VERBO:     Mem Interval:
parallelismSelector::VERBO:     Interval:
parallelismSelector::VERBO:     LoopId: 21, Label: Xpose_Col_Inner_Loop, TC: 8, IL: {1: 2}, IIMem: {1: 0.5}, IIDep 0
parallelismSelector::VERBO:     	unroll 1 Cycles: 2
parallelismSelector::VERBO:     Latency:
parallelismSelector::VERBO:     LoopId: 21, Label: Xpose_Col_Inner_Loop, TC: 8, IL: {1: 2}, IIMem: {1: 0.5}, IIDep 0
parallelismSelector::VERBO:     	unroll 1 Cycles: 16
parallelismSelector::VERBO:     Mem Interval:
parallelismSelector::VERBO:     Interval:
parallelismSelector::VERBO:     LoopId: 20, Label: Xpose_Col_Outer_Loop, TC: 8, IL: {1: 16}, IIMem: {1: 0}, IIDep 0
parallelismSelector::VERBO:     	unroll 1 Cycles: 16
parallelismSelector::VERBO:     Latency:
parallelismSelector::VERBO:     LoopId: 20, Label: Xpose_Col_Outer_Loop, TC: 8, IL: {1: 16}, IIMem: {1: 0}, IIDep 0
parallelismSelector::VERBO:     	unroll 1 Cycles: 128
parallelismSelector::VERBO:     Mem Interval:
parallelismSelector::VERBO:     Interval:
parallelismSelector::VERBO:     LoopId: 29, Label: DCT_Inner_Loop, TC: 8, IL: {1: 2}, IIMem: {1: 0.5}, IIDep 1
parallelismSelector::VERBO:     	unroll 1 Cycles: 2
parallelismSelector::VERBO:     Latency:
parallelismSelector::VERBO:     LoopId: 29, Label: DCT_Inner_Loop, TC: 8, IL: {1: 2}, IIMem: {1: 0.5}, IIDep 1
parallelismSelector::VERBO:     	unroll 1 Cycles: 16
parallelismSelector::VERBO:     Mem Interval:
parallelismSelector::VERBO:     Interval:
parallelismSelector::VERBO:     LoopId: 28, Label: DCT_Outer_Loop, TC: 8, IL: {1: 16}, IIMem: {1: 0.5}, IIDep 0
parallelismSelector::VERBO:     	unroll 1 Cycles: 16
parallelismSelector::VERBO:     Latency:
parallelismSelector::VERBO:     LoopId: 28, Label: DCT_Outer_Loop, TC: 8, IL: {1: 16}, IIMem: {1: 0.5}, IIDep 0
parallelismSelector::VERBO:     	unroll 1 Cycles: 128
parallelismSelector::VERBO:     Mem Interval:
parallelismSelector::VERBO:     Interval:
parallelismSelector::VERBO:     LoopId: 22, Label: Col_DCT_Loop, TC: 8, IL: {1: 130}, IIMem: {1: 0}, IIDep 0
parallelismSelector::VERBO:     	unroll 1 Cycles: 130
parallelismSelector::VERBO:     Latency:
parallelismSelector::VERBO:     LoopId: 22, Label: Col_DCT_Loop, TC: 8, IL: {1: 130}, IIMem: {1: 0}, IIDep 0
parallelismSelector::VERBO:     	unroll 1 Cycles: 1040
parallelismSelector::VERBO:     Mem Interval:
parallelismSelector::VERBO:     Interval:
parallelismSelector::VERBO:     LoopId: 24, Label: Xpose_Row_Inner_Loop, TC: 8, IL: {1: 2}, IIMem: {1: 0.5}, IIDep 0
parallelismSelector::VERBO:     	unroll 1 Cycles: 2
parallelismSelector::VERBO:     Latency:
parallelismSelector::VERBO:     LoopId: 24, Label: Xpose_Row_Inner_Loop, TC: 8, IL: {1: 2}, IIMem: {1: 0.5}, IIDep 0
parallelismSelector::VERBO:     	unroll 1 Cycles: 16
parallelismSelector::VERBO:     Mem Interval:
parallelismSelector::VERBO:     Interval:
parallelismSelector::VERBO:     LoopId: 23, Label: Xpose_Row_Outer_Loop, TC: 8, IL: {1: 16}, IIMem: {1: 0}, IIDep 0
parallelismSelector::VERBO:     	unroll 1 Cycles: 16
parallelismSelector::VERBO:     Latency:
parallelismSelector::VERBO:     LoopId: 23, Label: Xpose_Row_Outer_Loop, TC: 8, IL: {1: 16}, IIMem: {1: 0}, IIDep 0
parallelismSelector::VERBO:     	unroll 1 Cycles: 128
parallelismSelector::VERBO:     Mem Interval:
parallelismSelector::VERBO:     Interval:
parallelismSelector::VERBO:     LoopId: 25, Label: Row_DCT_Loop, TC: 8, IL: {1: 130}, IIMem: {1: 0}, IIDep 0
parallelismSelector::VERBO:     	unroll 1 Cycles: 130
parallelismSelector::VERBO:     Latency:
parallelismSelector::VERBO:     LoopId: 25, Label: Row_DCT_Loop, TC: 8, IL: {1: 130}, IIMem: {1: 0}, IIDep 0
parallelismSelector::VERBO:     	unroll 1 Cycles: 1040
parallelismSelector::VERBO:     Mem Interval:
parallelismSelector::VERBO:     Interval:
parallelismSelector::VERBO:     LoopId: 27, Label: WR_Loop_Col, TC: 8, IL: {1: 2}, IIMem: {1: 0.5}, IIDep 0
parallelismSelector::VERBO:     	unroll 1 Cycles: 2
parallelismSelector::VERBO:     Latency:
parallelismSelector::VERBO:     LoopId: 27, Label: WR_Loop_Col, TC: 8, IL: {1: 2}, IIMem: {1: 0.5}, IIDep 0
parallelismSelector::VERBO:     	unroll 1 Cycles: 16
parallelismSelector::VERBO:     Mem Interval:
parallelismSelector::VERBO:     Interval:
parallelismSelector::VERBO:     LoopId: 26, Label: WR_Loop_Row, TC: 8, IL: {1: 16}, IIMem: {1: 0}, IIDep 0
parallelismSelector::VERBO:     	unroll 1 Cycles: 16
parallelismSelector::VERBO:     Latency:
parallelismSelector::VERBO:     LoopId: 26, Label: WR_Loop_Row, TC: 8, IL: {1: 16}, IIMem: {1: 0}, IIDep 0
parallelismSelector::VERBO:     	unroll 1 Cycles: 128
parallelismSelector::VERBO:     Mem Interval:
parallelismSelector::VERBO: [AreaEstimationVisitor] Func: dct : 226
parallelismSelector::VERBO: [AreaEstimationVisitor] CallSite: CS(3 F=231) (73->50)(74->48)
parallelismSelector::VERBO:   New Equivalence table
                             Object with value: 73 is mapped to the object with value: 50
                             Object with value: 74 is mapped to the object with value: 48
                            
parallelismSelector::VERBO: [AreaEstimationVisitor] Func: Outline_T3_F226_R2_Call : 231
parallelismSelector::VERBO: [AreaEstimationVisitor] CallSite: CS(8 F=227) (52->74)(53->73)
parallelismSelector::VERBO:   New Equivalence table
                             Object with value: 52 is mapped to the object with value: 48
                             Object with value: 53 is mapped to the object with value: 50
                             Object with value: 73 is mapped to the object with value: 50
                             Object with value: 74 is mapped to the object with value: 48
                            
parallelismSelector::VERBO: [AreaEstimationVisitor] Func: _Z9read_dataPsPA8_s : 227
parallelismSelector::VERBO: [AreaEstimationVisitor] Loop: 18
parallelismSelector::VERBO: [AreaEstimationVisitor] Loop: 19
parallelismSelector::VERBO: [Finalize] Self shareable area: LUTs: 0 FFs: 0 DSPs: 0 BRAMs: 0
parallelismSelector::VERBO: [Finalize] ParallelOperationNumPerLoop: {19: 1}
parallelismSelector::VERBO: [Finalize] Contribution of this loop to shareable area: LUTs: 0 FFs: 0 DSPs: 0 BRAMs: 0
parallelismSelector::VERBO: [AreaEstimationVisitor] Total shareable area: LUTs: 0 FFs: 0 DSPs: 0 BRAMs: 0 Total unshareable area: LUTs: 108 FFs: 0 DSPs: 0 BRAMs: 0
parallelismSelector::VERBO: [AreaEstimationVisitor] Self shareable area: LUTs: 0 FFs: 0 DSPs: 0 BRAMs: 0 Self unshareable area: LUTs: 52 FFs: 0 DSPs: 0 BRAMs: 0
parallelismSelector::VERBO: [visitNestedHeader] Adding nested shareable area from loop(id) 19 LUTs: 0 FFs: 0 DSPs: 0 BRAMs: 0
parallelismSelector::VERBO: [Finalize] Self shareable area: LUTs: 0 FFs: 0 DSPs: 0 BRAMs: 0
parallelismSelector::VERBO: [Finalize] ParallelOperationNumPerLoop: {}
parallelismSelector::VERBO: [Finalize] Contribution of this loop to shareable area: LUTs: 0 FFs: 0 DSPs: 0 BRAMs: 0
parallelismSelector::VERBO: [AreaEstimationVisitor] Total shareable area: LUTs: 0 FFs: 0 DSPs: 0 BRAMs: 0 Total unshareable area: LUTs: 128 FFs: 0 DSPs: 0 BRAMs: 0
parallelismSelector::VERBO: [AreaEstimationVisitor] Self shareable area: LUTs: 0 FFs: 0 DSPs: 0 BRAMs: 0 Self unshareable area: LUTs: 20 FFs: 0 DSPs: 0 BRAMs: 0
parallelismSelector::VERBO: [Finalize] Self shareable area: LUTs: 0 FFs: 0 DSPs: 0 BRAMs: 0
parallelismSelector::VERBO: [AreaEstimationVisitor] Total shareable area: LUTs: 0 FFs: 0 DSPs: 0 BRAMs: 0 Total unshareable area: LUTs: 128 FFs: 0 DSPs: 0 BRAMs: 0
parallelismSelector::VERBO: [AreaEstimationVisitor] Self shareable area: LUTs: 0 FFs: 0 DSPs: 0 BRAMs: 0 Self unshareable area: LUTs: 0 FFs: 0 DSPs: 0 BRAMs: 0
parallelismSelector::VERBO: [Finalize] Self shareable area: LUTs: 0 FFs: 0 DSPs: 0 BRAMs: 0
parallelismSelector::VERBO: [AreaEstimationVisitor] Total shareable area: LUTs: 0 FFs: 0 DSPs: 0 BRAMs: 0 Total unshareable area: LUTs: 128 FFs: 0 DSPs: 0 BRAMs: 0
parallelismSelector::VERBO: [AreaEstimationVisitor] Self shareable area: LUTs: 0 FFs: 0 DSPs: 0 BRAMs: 0 Self unshareable area: LUTs: 128 FFs: 0 DSPs: 0 BRAMs: 0
parallelismSelector::VERBO: [AreaEstimationVisitor] CallSite: CS(4 F=232) (75->50)(76->51)
parallelismSelector::VERBO:   New Equivalence table
                             Object with value: 75 is mapped to the object with value: 50
                             Object with value: 76 is mapped to the object with value: 51
                            
parallelismSelector::VERBO: [AreaEstimationVisitor] Func: Outline_T4_F226_R3_Call : 232
parallelismSelector::VERBO: [AreaEstimationVisitor] CallSite: CS(9 F=228) (56->75)(57->76)
parallelismSelector::VERBO:   New Equivalence table
                             Object with value: 56 is mapped to the object with value: 50
                             Object with value: 57 is mapped to the object with value: 51
                             Object with value: 75 is mapped to the object with value: 50
                             Object with value: 76 is mapped to the object with value: 51
                            
parallelismSelector::VERBO: [AreaEstimationVisitor] Func: _Z6dct_2dPA8_sS0_ : 228
parallelismSelector::VERBO: [AreaEstimationVisitor] Loop: 20
parallelismSelector::VERBO: [AreaEstimationVisitor] Loop: 21
parallelismSelector::VERBO: [Finalize] Self shareable area: LUTs: 0 FFs: 0 DSPs: 0 BRAMs: 0
parallelismSelector::VERBO: [Finalize] ParallelOperationNumPerLoop: {21: 1}
parallelismSelector::VERBO: [Finalize] Contribution of this loop to shareable area: LUTs: 0 FFs: 0 DSPs: 0 BRAMs: 0
parallelismSelector::VERBO: [AreaEstimationVisitor] Total shareable area: LUTs: 0 FFs: 0 DSPs: 0 BRAMs: 0 Total unshareable area: LUTs: 76 FFs: 0 DSPs: 0 BRAMs: 0
parallelismSelector::VERBO: [AreaEstimationVisitor] Self shareable area: LUTs: 0 FFs: 0 DSPs: 0 BRAMs: 0 Self unshareable area: LUTs: 20 FFs: 0 DSPs: 0 BRAMs: 0
parallelismSelector::VERBO: [visitNestedHeader] Adding nested shareable area from loop(id) 21 LUTs: 0 FFs: 0 DSPs: 0 BRAMs: 0
parallelismSelector::VERBO: [Finalize] Self shareable area: LUTs: 0 FFs: 0 DSPs: 0 BRAMs: 0
parallelismSelector::VERBO: [Finalize] ParallelOperationNumPerLoop: {}
parallelismSelector::VERBO: [Finalize] Contribution of this loop to shareable area: LUTs: 0 FFs: 0 DSPs: 0 BRAMs: 0
parallelismSelector::VERBO: [AreaEstimationVisitor] Total shareable area: LUTs: 0 FFs: 0 DSPs: 0 BRAMs: 0 Total unshareable area: LUTs: 96 FFs: 0 DSPs: 0 BRAMs: 0
parallelismSelector::VERBO: [AreaEstimationVisitor] Self shareable area: LUTs: 0 FFs: 0 DSPs: 0 BRAMs: 0 Self unshareable area: LUTs: 20 FFs: 0 DSPs: 0 BRAMs: 0
parallelismSelector::VERBO: [AreaEstimationVisitor] Loop: 22
parallelismSelector::VERBO: [AreaEstimationVisitor] CallSite: CS(7 F=230) (67->60)(68->59)
parallelismSelector::VERBO:   New Equivalence table
                             Object with value: 56 is mapped to the object with value: 50
                             Object with value: 57 is mapped to the object with value: 51
                             Object with value: 67 is mapped to the object with value: 60
                             Object with value: 68 is mapped to the object with value: 59
                             Object with value: 75 is mapped to the object with value: 50
                             Object with value: 76 is mapped to the object with value: 51
                            
parallelismSelector::VERBO: [AreaEstimationVisitor] Func: _Z6dct_1dPsS_ : 230
parallelismSelector::VERBO: [AreaEstimationVisitor] Loop: 28
parallelismSelector::VERBO: [AreaEstimationVisitor] Loop: 29
parallelismSelector::VERBO: [Finalize] Self shareable area: LUTs: 0 FFs: 0 DSPs: 0 BRAMs: 0
parallelismSelector::VERBO: [Finalize] ParallelOperationNumPerLoop: {29: 1}
parallelismSelector::VERBO: [Finalize] Contribution of this loop to shareable area: LUTs: 0 FFs: 0 DSPs: 0 BRAMs: 0
parallelismSelector::VERBO: [AreaEstimationVisitor] Total shareable area: LUTs: 0 FFs: 0 DSPs: 0 BRAMs: 0 Total unshareable area: LUTs: 108 FFs: 0 DSPs: 1 BRAMs: 0
parallelismSelector::VERBO: [AreaEstimationVisitor] Self shareable area: LUTs: 0 FFs: 0 DSPs: 0 BRAMs: 0 Self unshareable area: LUTs: 52 FFs: 0 DSPs: 1 BRAMs: 0
parallelismSelector::VERBO: [visitNestedHeader] Adding nested shareable area from loop(id) 29 LUTs: 0 FFs: 0 DSPs: 0 BRAMs: 0
parallelismSelector::VERBO: [Finalize] Self shareable area: LUTs: 0 FFs: 0 DSPs: 0 BRAMs: 0
parallelismSelector::VERBO: [Finalize] ParallelOperationNumPerLoop: {28: 1}
parallelismSelector::VERBO: [Finalize] Contribution of this loop to shareable area: LUTs: 0 FFs: 0 DSPs: 0 BRAMs: 0
parallelismSelector::VERBO: [AreaEstimationVisitor] Total shareable area: LUTs: 0 FFs: 0 DSPs: 0 BRAMs: 0 Total unshareable area: LUTs: 188 FFs: 0 DSPs: 1 BRAMs: 0
parallelismSelector::VERBO: [AreaEstimationVisitor] Self shareable area: LUTs: 0 FFs: 0 DSPs: 0 BRAMs: 0 Self unshareable area: LUTs: 52 FFs: 0 DSPs: 0 BRAMs: 0
parallelismSelector::VERBO: [Finalize] Self shareable area: LUTs: 0 FFs: 0 DSPs: 0 BRAMs: 0
parallelismSelector::VERBO: [AreaEstimationVisitor] Total shareable area: LUTs: 0 FFs: 0 DSPs: 0 BRAMs: 0 Total unshareable area: LUTs: 188 FFs: 0 DSPs: 1 BRAMs: 0
parallelismSelector::VERBO: [AreaEstimationVisitor] Self shareable area: LUTs: 0 FFs: 0 DSPs: 0 BRAMs: 0 Self unshareable area: LUTs: 0 FFs: 0 DSPs: 0 BRAMs: 0
parallelismSelector::VERBO: [Finalize] Self shareable area: LUTs: 0 FFs: 0 DSPs: 0 BRAMs: 0
parallelismSelector::VERBO: [Finalize] ParallelOperationNumPerLoop: {}
parallelismSelector::VERBO: [Finalize] Contribution of this loop to shareable area: LUTs: 0 FFs: 0 DSPs: 0 BRAMs: 0
parallelismSelector::VERBO: [AreaEstimationVisitor] Total shareable area: LUTs: 0 FFs: 0 DSPs: 0 BRAMs: 0 Total unshareable area: LUTs: 20 FFs: 0 DSPs: 0 BRAMs: 0
parallelismSelector::VERBO: [AreaEstimationVisitor] Self shareable area: LUTs: 0 FFs: 0 DSPs: 0 BRAMs: 0 Self unshareable area: LUTs: 20 FFs: 0 DSPs: 0 BRAMs: 0
parallelismSelector::VERBO: [AreaEstimationVisitor] Loop: 23
parallelismSelector::VERBO: [AreaEstimationVisitor] Loop: 24
parallelismSelector::VERBO: [Finalize] Self shareable area: LUTs: 0 FFs: 0 DSPs: 0 BRAMs: 0
parallelismSelector::VERBO: [Finalize] ParallelOperationNumPerLoop: {24: 1}
parallelismSelector::VERBO: [Finalize] Contribution of this loop to shareable area: LUTs: 0 FFs: 0 DSPs: 0 BRAMs: 0
parallelismSelector::VERBO: [AreaEstimationVisitor] Total shareable area: LUTs: 0 FFs: 0 DSPs: 0 BRAMs: 0 Total unshareable area: LUTs: 76 FFs: 0 DSPs: 0 BRAMs: 0
parallelismSelector::VERBO: [AreaEstimationVisitor] Self shareable area: LUTs: 0 FFs: 0 DSPs: 0 BRAMs: 0 Self unshareable area: LUTs: 20 FFs: 0 DSPs: 0 BRAMs: 0
parallelismSelector::VERBO: [visitNestedHeader] Adding nested shareable area from loop(id) 24 LUTs: 0 FFs: 0 DSPs: 0 BRAMs: 0
parallelismSelector::VERBO: [Finalize] Self shareable area: LUTs: 0 FFs: 0 DSPs: 0 BRAMs: 0
parallelismSelector::VERBO: [Finalize] ParallelOperationNumPerLoop: {}
parallelismSelector::VERBO: [Finalize] Contribution of this loop to shareable area: LUTs: 0 FFs: 0 DSPs: 0 BRAMs: 0
parallelismSelector::VERBO: [AreaEstimationVisitor] Total shareable area: LUTs: 0 FFs: 0 DSPs: 0 BRAMs: 0 Total unshareable area: LUTs: 96 FFs: 0 DSPs: 0 BRAMs: 0
parallelismSelector::VERBO: [AreaEstimationVisitor] Self shareable area: LUTs: 0 FFs: 0 DSPs: 0 BRAMs: 0 Self unshareable area: LUTs: 20 FFs: 0 DSPs: 0 BRAMs: 0
parallelismSelector::VERBO: [AreaEstimationVisitor] Loop: 25
parallelismSelector::VERBO: [AreaEstimationVisitor] CallSite: CS(6 F=230) (67->56)(68->58)
parallelismSelector::VERBO: [Finalize] Self shareable area: LUTs: 0 FFs: 0 DSPs: 0 BRAMs: 0
parallelismSelector::VERBO: [Finalize] ParallelOperationNumPerLoop: {}
parallelismSelector::VERBO: [Finalize] Contribution of this loop to shareable area: LUTs: 0 FFs: 0 DSPs: 0 BRAMs: 0
parallelismSelector::VERBO: [AreaEstimationVisitor] Total shareable area: LUTs: 0 FFs: 0 DSPs: 0 BRAMs: 0 Total unshareable area: LUTs: 20 FFs: 0 DSPs: 0 BRAMs: 0
parallelismSelector::VERBO: [AreaEstimationVisitor] Self shareable area: LUTs: 0 FFs: 0 DSPs: 0 BRAMs: 0 Self unshareable area: LUTs: 20 FFs: 0 DSPs: 0 BRAMs: 0
parallelismSelector::VERBO: [Finalize] Self shareable area: LUTs: 0 FFs: 0 DSPs: 0 BRAMs: 0
parallelismSelector::VERBO: [AreaEstimationVisitor] Total shareable area: LUTs: 0 FFs: 0 DSPs: 0 BRAMs: 0 Total unshareable area: LUTs: 232 FFs: 0 DSPs: 0 BRAMs: 0
parallelismSelector::VERBO: [AreaEstimationVisitor] Self shareable area: LUTs: 0 FFs: 0 DSPs: 0 BRAMs: 0 Self unshareable area: LUTs: 0 FFs: 0 DSPs: 0 BRAMs: 0
parallelismSelector::VERBO: [Finalize] Self shareable area: LUTs: 0 FFs: 0 DSPs: 0 BRAMs: 0
parallelismSelector::VERBO: [AreaEstimationVisitor] Total shareable area: LUTs: 0 FFs: 0 DSPs: 0 BRAMs: 0 Total unshareable area: LUTs: 232 FFs: 0 DSPs: 0 BRAMs: 0
parallelismSelector::VERBO: [AreaEstimationVisitor] Self shareable area: LUTs: 0 FFs: 0 DSPs: 0 BRAMs: 0 Self unshareable area: LUTs: 232 FFs: 0 DSPs: 0 BRAMs: 0
parallelismSelector::VERBO: [AreaEstimationVisitor] CallSite: CS(5 F=233) (77->51)(78->49)
parallelismSelector::VERBO:   New Equivalence table
                             Object with value: 77 is mapped to the object with value: 51
                             Object with value: 78 is mapped to the object with value: 49
                            
parallelismSelector::VERBO: [AreaEstimationVisitor] Func: Outline_T5_F226_R4_Call : 233
parallelismSelector::VERBO: [AreaEstimationVisitor] CallSite: CS(10 F=229) (63->77)(64->78)
parallelismSelector::VERBO:   New Equivalence table
                             Object with value: 63 is mapped to the object with value: 51
                             Object with value: 64 is mapped to the object with value: 49
                             Object with value: 77 is mapped to the object with value: 51
                             Object with value: 78 is mapped to the object with value: 49
                            
parallelismSelector::VERBO: [AreaEstimationVisitor] Func: _Z10write_dataPA8_sPs : 229
parallelismSelector::VERBO: [AreaEstimationVisitor] Loop: 26
parallelismSelector::VERBO: [AreaEstimationVisitor] Loop: 27
parallelismSelector::VERBO: [Finalize] Self shareable area: LUTs: 0 FFs: 0 DSPs: 0 BRAMs: 0
parallelismSelector::VERBO: [Finalize] ParallelOperationNumPerLoop: {27: 1}
parallelismSelector::VERBO: [Finalize] Contribution of this loop to shareable area: LUTs: 0 FFs: 0 DSPs: 0 BRAMs: 0
parallelismSelector::VERBO: [AreaEstimationVisitor] Total shareable area: LUTs: 0 FFs: 0 DSPs: 0 BRAMs: 0 Total unshareable area: LUTs: 108 FFs: 0 DSPs: 0 BRAMs: 0
parallelismSelector::VERBO: [AreaEstimationVisitor] Self shareable area: LUTs: 0 FFs: 0 DSPs: 0 BRAMs: 0 Self unshareable area: LUTs: 52 FFs: 0 DSPs: 0 BRAMs: 0
parallelismSelector::VERBO: [visitNestedHeader] Adding nested shareable area from loop(id) 27 LUTs: 0 FFs: 0 DSPs: 0 BRAMs: 0
parallelismSelector::VERBO: [Finalize] Self shareable area: LUTs: 0 FFs: 0 DSPs: 0 BRAMs: 0
parallelismSelector::VERBO: [Finalize] ParallelOperationNumPerLoop: {}
parallelismSelector::VERBO: [Finalize] Contribution of this loop to shareable area: LUTs: 0 FFs: 0 DSPs: 0 BRAMs: 0
parallelismSelector::VERBO: [AreaEstimationVisitor] Total shareable area: LUTs: 0 FFs: 0 DSPs: 0 BRAMs: 0 Total unshareable area: LUTs: 128 FFs: 0 DSPs: 0 BRAMs: 0
parallelismSelector::VERBO: [AreaEstimationVisitor] Self shareable area: LUTs: 0 FFs: 0 DSPs: 0 BRAMs: 0 Self unshareable area: LUTs: 20 FFs: 0 DSPs: 0 BRAMs: 0
parallelismSelector::VERBO: [Finalize] Self shareable area: LUTs: 0 FFs: 0 DSPs: 0 BRAMs: 0
parallelismSelector::VERBO: [AreaEstimationVisitor] Total shareable area: LUTs: 0 FFs: 0 DSPs: 0 BRAMs: 0 Total unshareable area: LUTs: 128 FFs: 0 DSPs: 0 BRAMs: 0
parallelismSelector::VERBO: [AreaEstimationVisitor] Self shareable area: LUTs: 0 FFs: 0 DSPs: 0 BRAMs: 0 Self unshareable area: LUTs: 0 FFs: 0 DSPs: 0 BRAMs: 0
parallelismSelector::VERBO: [Finalize] Self shareable area: LUTs: 0 FFs: 0 DSPs: 0 BRAMs: 0
parallelismSelector::VERBO: [AreaEstimationVisitor] Total shareable area: LUTs: 0 FFs: 0 DSPs: 0 BRAMs: 0 Total unshareable area: LUTs: 128 FFs: 0 DSPs: 0 BRAMs: 0
parallelismSelector::VERBO: [AreaEstimationVisitor] Self shareable area: LUTs: 0 FFs: 0 DSPs: 0 BRAMs: 0 Self unshareable area: LUTs: 128 FFs: 0 DSPs: 0 BRAMs: 0
parallelismSelector::VERBO: [Finalize] Self shareable area: LUTs: 0 FFs: 0 DSPs: 0 BRAMs: 0
parallelismSelector::VERBO: [AreaEstimationVisitor] Total shareable area: LUTs: 0 FFs: 0 DSPs: 0 BRAMs: 0 Total unshareable area: LUTs: 0 FFs: 0 DSPs: 0 BRAMs: 0
parallelismSelector::VERBO: [AreaEstimationVisitor] Self shareable area: LUTs: 0 FFs: 0 DSPs: 0 BRAMs: 0 Self unshareable area: LUTs: 0 FFs: 0 DSPs: 0 BRAMs: 0
parallelismSelector::VERBO: Calculate statically allocated area for variable ID 50
parallelismSelector::VERBO:     Array bits: 1024. Elements: 64. Element bits: 16
parallelismSelector::VERBO:     Estimate statically allocated area assuming the BRAM resource type
parallelismSelector::VERBO:         Would allocate 1 BRAMs according to the partition factor
parallelismSelector::VERBO: Calculate statically allocated area for variable ID 51
parallelismSelector::VERBO:     Array bits: 1024. Elements: 64. Element bits: 16
parallelismSelector::VERBO:     Estimate statically allocated area assuming the BRAM resource type
parallelismSelector::VERBO:         Would allocate 1 BRAMs according to the partition factor
parallelismSelector::VERBO: Calculate statically allocated area for variable ID 58
parallelismSelector::VERBO:     Array bits: 1024. Elements: 64. Element bits: 16
parallelismSelector::VERBO:     Estimate statically allocated area assuming the BRAM resource type
parallelismSelector::VERBO:         Would allocate 1 BRAMs according to the partition factor
parallelismSelector::VERBO: Calculate statically allocated area for variable ID 59
parallelismSelector::VERBO:     Array bits: 1024. Elements: 64. Element bits: 16
parallelismSelector::VERBO:     Estimate statically allocated area assuming the BRAM resource type
parallelismSelector::VERBO:         Would allocate 1 BRAMs according to the partition factor
parallelismSelector::VERBO: Calculate statically allocated area for variable ID 60
parallelismSelector::VERBO:     Array bits: 1024. Elements: 64. Element bits: 16
parallelismSelector::VERBO:     Estimate statically allocated area assuming the BRAM resource type
parallelismSelector::VERBO:         Would allocate 1 BRAMs according to the partition factor
parallelismSelector::VERBO: Calculate statically allocated area for variable ID 89
parallelismSelector::VERBO:     Array bits: 1024. Elements: 64. Element bits: 16
parallelismSelector::VERBO:     Estimate statically allocated area assuming the BRAM resource type
parallelismSelector::VERBO:         Would allocate 1 BRAMs according to the partition factor
parallelismSelector::VERBO: Estimated metrics for the application:
parallelismSelector::VERBO: Loop with Id 18:
parallelismSelector::VERBO:     Variable with Id 52 (input):
parallelismSelector::VERBO:         II mem: None
                                    NumAvailMemPorts: 2 - 2
                                    NumRequiredMemPorts: 1 - 1
parallelismSelector::VERBO:     Variable with Id 53 (buf):
parallelismSelector::VERBO:         II mem: None
                                    NumAvailMemPorts: 2 - 2
                                    NumRequiredMemPorts: 1 - 1
parallelismSelector::VERBO:     Trip count: 8 - 8
parallelismSelector::VERBO:     II: 16 - 16
parallelismSelector::VERBO:     
parallelismSelector::VERBO: Loop with Id 19:
parallelismSelector::VERBO:     Variable with Id 52 (input):
parallelismSelector::VERBO:         II mem: 1 - 1
                                    NumAvailMemPorts: 2 - 2
                                    NumRequiredMemPorts: 1 - 1
parallelismSelector::VERBO:     Variable with Id 53 (buf):
parallelismSelector::VERBO:         II mem: 1 - 1
                                    NumAvailMemPorts: 2 - 2
                                    NumRequiredMemPorts: 1 - 1
parallelismSelector::VERBO:     Trip count: 8 - 8
parallelismSelector::VERBO:     II: 2 - 2
parallelismSelector::VERBO:     
parallelismSelector::VERBO: Loop with Id 20:
parallelismSelector::VERBO:     Variable with Id 57 (out_block):
parallelismSelector::VERBO:         II mem: None
                                    NumAvailMemPorts: 2 - 2
                                    NumRequiredMemPorts: 1 - 1
parallelismSelector::VERBO:     Variable with Id 59 (col_outbuf):
parallelismSelector::VERBO:         II mem: None
                                    NumAvailMemPorts: 2 - 2
                                    NumRequiredMemPorts: 1 - 1
parallelismSelector::VERBO:     Trip count: 8 - 8
parallelismSelector::VERBO:     II: 16 - 16
parallelismSelector::VERBO:     
parallelismSelector::VERBO: Loop with Id 21:
parallelismSelector::VERBO:     Variable with Id 57 (out_block):
parallelismSelector::VERBO:         II mem: 1 - 1
                                    NumAvailMemPorts: 2 - 2
                                    NumRequiredMemPorts: 1 - 1
parallelismSelector::VERBO:     Variable with Id 59 (col_outbuf):
parallelismSelector::VERBO:         II mem: 1 - 1
                                    NumAvailMemPorts: 2 - 2
                                    NumRequiredMemPorts: 1 - 1
parallelismSelector::VERBO:     Trip count: 8 - 8
parallelismSelector::VERBO:     II: 2 - 2
parallelismSelector::VERBO:     
parallelismSelector::VERBO: Loop with Id 22:
parallelismSelector::VERBO:     Trip count: 8 - 8
parallelismSelector::VERBO:     II: 130 - 130
parallelismSelector::VERBO:     
parallelismSelector::VERBO: Loop with Id 23:
parallelismSelector::VERBO:     Variable with Id 58 (row_outbuf):
parallelismSelector::VERBO:         II mem: None
                                    NumAvailMemPorts: 2 - 2
                                    NumRequiredMemPorts: 1 - 1
parallelismSelector::VERBO:     Variable with Id 60 (col_inbuf):
parallelismSelector::VERBO:         II mem: None
                                    NumAvailMemPorts: 2 - 2
                                    NumRequiredMemPorts: 1 - 1
parallelismSelector::VERBO:     Trip count: 8 - 8
parallelismSelector::VERBO:     II: 16 - 16
parallelismSelector::VERBO:     
parallelismSelector::VERBO: Loop with Id 24:
parallelismSelector::VERBO:     Variable with Id 58 (row_outbuf):
parallelismSelector::VERBO:         II mem: 1 - 1
                                    NumAvailMemPorts: 2 - 2
                                    NumRequiredMemPorts: 1 - 1
parallelismSelector::VERBO:     Variable with Id 60 (col_inbuf):
parallelismSelector::VERBO:         II mem: 1 - 1
                                    NumAvailMemPorts: 2 - 2
                                    NumRequiredMemPorts: 1 - 1
parallelismSelector::VERBO:     Trip count: 8 - 8
parallelismSelector::VERBO:     II: 2 - 2
parallelismSelector::VERBO:     
parallelismSelector::VERBO: Loop with Id 25:
parallelismSelector::VERBO:     Trip count: 8 - 8
parallelismSelector::VERBO:     II: 130 - 130
parallelismSelector::VERBO:     
parallelismSelector::VERBO: Loop with Id 26:
parallelismSelector::VERBO:     Variable with Id 63 (buf):
parallelismSelector::VERBO:         II mem: None
                                    NumAvailMemPorts: 2 - 2
                                    NumRequiredMemPorts: 1 - 1
parallelismSelector::VERBO:     Variable with Id 64 (output):
parallelismSelector::VERBO:         II mem: None
                                    NumAvailMemPorts: 2 - 2
                                    NumRequiredMemPorts: 1 - 1
parallelismSelector::VERBO:     Trip count: 8 - 8
parallelismSelector::VERBO:     II: 16 - 16
parallelismSelector::VERBO:     
parallelismSelector::VERBO: Loop with Id 27:
parallelismSelector::VERBO:     Variable with Id 63 (buf):
parallelismSelector::VERBO:         II mem: 1 - 1
                                    NumAvailMemPorts: 2 - 2
                                    NumRequiredMemPorts: 1 - 1
parallelismSelector::VERBO:     Variable with Id 64 (output):
parallelismSelector::VERBO:         II mem: 1 - 1
                                    NumAvailMemPorts: 2 - 2
                                    NumRequiredMemPorts: 1 - 1
parallelismSelector::VERBO:     Trip count: 8 - 8
parallelismSelector::VERBO:     II: 2 - 2
parallelismSelector::VERBO:     
parallelismSelector::VERBO: Loop with Id 28:
parallelismSelector::VERBO:     Variable with Id 67 (src):
parallelismSelector::VERBO:         II mem: None
                                    NumAvailMemPorts: 2 - 2
                                    NumRequiredMemPorts: 1 - 1
parallelismSelector::VERBO:     Variable with Id 68 (dst):
parallelismSelector::VERBO:         II mem: 1 - 1
                                    NumAvailMemPorts: 2 - 2
                                    NumRequiredMemPorts: 1 - 1
parallelismSelector::VERBO:     Variable with Id 89 (dct_coeff_table):
parallelismSelector::VERBO:         II mem: None
                                    NumAvailMemPorts: 2 - 2
                                    NumRequiredMemPorts: 1 - 1
parallelismSelector::VERBO:     Trip count: 8 - 8
parallelismSelector::VERBO:     II: 16 - 16
parallelismSelector::VERBO:     
parallelismSelector::VERBO: Loop with Id 29:
parallelismSelector::VERBO:     Circuit: { tmp.02 add }, Cycles: 1
parallelismSelector::VERBO:     Variable with Id 67 (src):
parallelismSelector::VERBO:         II mem: 1 - 1
                                    NumAvailMemPorts: 2 - 2
                                    NumRequiredMemPorts: 1 - 1
parallelismSelector::VERBO:     Variable with Id 89 (dct_coeff_table):
parallelismSelector::VERBO:         II mem: 1 - 1
                                    NumAvailMemPorts: 2 - 2
                                    NumRequiredMemPorts: 1 - 1
parallelismSelector::VERBO:     Trip count: 8 - 8
parallelismSelector::VERBO:     II: 2 - 2
parallelismSelector::VERBO:     
parallelismSelector::VERBO: Function with Id 226:
parallelismSelector::VERBO:     Interval: 2606 - 2606
                                Latency: 2605 - 2605
parallelismSelector::VERBO: Function with Id 227:
parallelismSelector::VERBO:     Interval: 130 - 130
                                Latency: 129 - 129
parallelismSelector::VERBO: Function with Id 228:
parallelismSelector::VERBO:     Interval: 2341 - 2341
                                Latency: 2340 - 2340
parallelismSelector::VERBO: Function with Id 229:
parallelismSelector::VERBO:     Interval: 130 - 130
                                Latency: 129 - 129
parallelismSelector::VERBO: Function with Id 230:
parallelismSelector::VERBO:     Interval: 130 - 130
                                Latency: 129 - 129
parallelismSelector::VERBO: Function with Id 231:
parallelismSelector::VERBO:     Interval: 131 - 131
                                Latency: 130 - 130
parallelismSelector::VERBO: Function with Id 232:
parallelismSelector::VERBO:     Interval: 2342 - 2342
                                Latency: 2341 - 2341
parallelismSelector::VERBO: Function with Id 233:
parallelismSelector::VERBO:     Interval: 131 - 131
                                Latency: 130 - 130
parallelismSelector::VERBO: Adding CallGuidance(SourceRange: C:\GitRepos\EECE4632\Lab4\dct_ref\dct.cpp:90-90:4-30, TI: 130) for RegionTask 'Task(T3,F226,R2)'
parallelismSelector::VERBO: Adding CallGuidance(SourceRange: C:\GitRepos\EECE4632\Lab4\dct_ref\dct.cpp:92-92:4-32, TI: 2341) for RegionTask 'Task(T4,F226,R3)'
parallelismSelector::VERBO: Adding CallGuidance(SourceRange: C:\GitRepos\EECE4632\Lab4\dct_ref\dct.cpp:96-96:4-33, TI: 130) for RegionTask 'Task(T5,F226,R4)'
