

================================================================
== Vitis HLS Report for 'mmult_hw_Pipeline_comp_i_comp_j'
================================================================
* Date:           Sun Feb 22 22:49:47 2026

* Version:        2024.1 (Build 5069499 on May 21 2024)
* Project:        matmul_D11_Tiled
* Solution:       hls (Vivado IP Flow Target)
* Product family: zynquplus
* Target device:  xczu3eg-sbva484-1-e


================================================================
== Performance Estimates
================================================================
+ Timing: 
    * Summary: 
    +--------+----------+----------+------------+
    |  Clock |  Target  | Estimated| Uncertainty|
    +--------+----------+----------+------------+
    |ap_clk  |  10.00 ns|  6.762 ns|     2.70 ns|
    +--------+----------+----------+------------+

+ Latency: 
    * Summary: 
    +---------+---------+----------+----------+-----+-----+-----------------------------------------------+
    |  Latency (cycles) |  Latency (absolute) |  Interval |                    Pipeline                   |
    |   min   |   max   |    min   |    max   | min | max |                      Type                     |
    +---------+---------+----------+----------+-----+-----+-----------------------------------------------+
    |      259|      259|  2.590 us|  2.590 us|  257|  257|  loop auto-rewind stp(delay=0 clock cycles(s))|
    +---------+---------+----------+----------+-----+-----+-----------------------------------------------+

    + Detail: 
        * Instance: 
        N/A

        * Loop: 
        +-----------------+---------+---------+----------+-----------+-----------+------+----------+
        |                 |  Latency (cycles) | Iteration|  Initiation Interval  | Trip |          |
        |    Loop Name    |   min   |   max   |  Latency |  achieved |   target  | Count| Pipelined|
        +-----------------+---------+---------+----------+-----------+-----------+------+----------+
        |- comp_i_comp_j  |      257|      257|         3|          1|          1|   256|       yes|
        +-----------------+---------+---------+----------+-----------+-----------+------+----------+

============================================================
+ Verbose Summary: Synthesis Manager
============================================================
InlineROM: 1
ExposeGlobal: 0
============================================================
+ Verbose Summary: CDFG Model
============================================================
IsTopModel: 0
ResetActiveHigh: 1
IsCombinational: 0
IsDatapathOnly: 0
HasWiredReturn: 1
HasMFsm: 2
HasVarLatency: 1
IsPipeline: 0
IsRtlPipelined: 0
IsInstanceOverlapped: 0
IsDontTouch: 0
HasImplIP: 0
IsGatedGlobalClock: 0

+ Individual pipeline summary: 
  * Pipeline-0: initiation interval (II) = 1, depth = 3


============================================================
+ Verbose Summary: Schedule
============================================================
* Number of FSM states : 3
* Pipeline : 1
  Pipeline-0 : II = 1, D = 3, States = { 1 2 3 }
* Dataflow Pipeline: 0

* FSM state transitions: 
1 --> 2 
2 --> 3 
3 --> 

* FSM state operations: 

State 1 <SV = 0> <Delay = 3.21>
ST_1 : Operation 6 [1/1] (0.00ns)   --->   "%j = alloca i32 1" [mmult_baseline.cpp:31]   --->   Operation 6 'alloca' 'j' <Predicate = true> <Delay = 0.00>
ST_1 : Operation 7 [1/1] (0.00ns)   --->   "%i = alloca i32 1" [mmult_baseline.cpp:30]   --->   Operation 7 'alloca' 'i' <Predicate = true> <Delay = 0.00>
ST_1 : Operation 8 [1/1] (0.00ns)   --->   "%indvar_flatten20 = alloca i32 1"   --->   Operation 8 'alloca' 'indvar_flatten20' <Predicate = true> <Delay = 0.00>
ST_1 : Operation 9 [1/1] (0.48ns)   --->   "%store_ln0 = store i9 0, i9 %indvar_flatten20"   --->   Operation 9 'store' 'store_ln0' <Predicate = true> <Delay = 0.48>
ST_1 : Operation 10 [1/1] (0.48ns)   --->   "%store_ln30 = store i5 0, i5 %i" [mmult_baseline.cpp:30]   --->   Operation 10 'store' 'store_ln30' <Predicate = true> <Delay = 0.48>
ST_1 : Operation 11 [1/1] (0.48ns)   --->   "%store_ln31 = store i5 0, i5 %j" [mmult_baseline.cpp:31]   --->   Operation 11 'store' 'store_ln31' <Predicate = true> <Delay = 0.48>
ST_1 : Operation 12 [1/1] (0.00ns)   --->   "%br_ln0 = br void %comp_k"   --->   Operation 12 'br' 'br_ln0' <Predicate = true> <Delay = 0.00>
ST_1 : Operation 13 [1/1] (0.00ns)   --->   "%indvar_flatten20_load = load i9 %indvar_flatten20" [mmult_baseline.cpp:30]   --->   Operation 13 'load' 'indvar_flatten20_load' <Predicate = true> <Delay = 0.00>
ST_1 : Operation 14 [1/1] (0.92ns)   --->   "%icmp_ln30 = icmp_eq  i9 %indvar_flatten20_load, i9 256" [mmult_baseline.cpp:30]   --->   Operation 14 'icmp' 'icmp_ln30' <Predicate = true> <Delay = 0.92> <CoreInst = "Cmp">   --->   Core 9 'Cmp' <Latency = 0> <II = 1> <Delay = 0.92> <FuncUnit> <Opcode : 'seteq' 'setne' 'setle' 'setge' 'setlt' 'setgt'> <InPorts = 2> <OutPorts = 1>
ST_1 : Operation 15 [1/1] (0.92ns)   --->   "%add_ln30_1 = add i9 %indvar_flatten20_load, i9 1" [mmult_baseline.cpp:30]   --->   Operation 15 'add' 'add_ln30_1' <Predicate = true> <Delay = 0.92> <CoreInst = "Adder">   --->   Core 1 'Adder' <Latency = 0> <II = 1> <Delay = 0.92> <FuncUnit> <Opcode : 'add' 'sub'> <InPorts = 2> <OutPorts = 1>
ST_1 : Operation 16 [1/1] (0.00ns)   --->   "%br_ln30 = br i1 %icmp_ln30, void %for.inc110, void %for.inc113.exitStub" [mmult_baseline.cpp:30]   --->   Operation 16 'br' 'br_ln30' <Predicate = true> <Delay = 0.00>
ST_1 : Operation 17 [1/1] (0.00ns)   --->   "%j_load = load i5 %j" [mmult_baseline.cpp:31]   --->   Operation 17 'load' 'j_load' <Predicate = (!icmp_ln30)> <Delay = 0.00>
ST_1 : Operation 18 [1/1] (0.00ns)   --->   "%i_load = load i5 %i" [mmult_baseline.cpp:30]   --->   Operation 18 'load' 'i_load' <Predicate = (!icmp_ln30)> <Delay = 0.00>
ST_1 : Operation 19 [1/1] (0.87ns)   --->   "%add_ln30 = add i5 %i_load, i5 1" [mmult_baseline.cpp:30]   --->   Operation 19 'add' 'add_ln30' <Predicate = (!icmp_ln30)> <Delay = 0.87> <CoreInst = "Adder">   --->   Core 1 'Adder' <Latency = 0> <II = 1> <Delay = 0.87> <FuncUnit> <Opcode : 'add' 'sub'> <InPorts = 2> <OutPorts = 1>
ST_1 : Operation 20 [1/1] (0.87ns)   --->   "%icmp_ln31 = icmp_eq  i5 %j_load, i5 16" [mmult_baseline.cpp:31]   --->   Operation 20 'icmp' 'icmp_ln31' <Predicate = (!icmp_ln30)> <Delay = 0.87> <CoreInst = "Cmp">   --->   Core 9 'Cmp' <Latency = 0> <II = 1> <Delay = 0.87> <FuncUnit> <Opcode : 'seteq' 'setne' 'setle' 'setge' 'setlt' 'setgt'> <InPorts = 2> <OutPorts = 1>
ST_1 : Operation 21 [1/1] (0.48ns)   --->   "%select_ln30 = select i1 %icmp_ln31, i5 0, i5 %j_load" [mmult_baseline.cpp:30]   --->   Operation 21 'select' 'select_ln30' <Predicate = (!icmp_ln30)> <Delay = 0.48> <CoreInst = "Sel">   --->   Core 73 'Sel' <Latency = 0> <II = 1> <Delay = 0.48> <FuncUnit> <Opcode : 'select'> <InPorts = 3> <OutPorts = 1>
ST_1 : Operation 22 [1/1] (0.48ns)   --->   "%select_ln30_1 = select i1 %icmp_ln31, i5 %add_ln30, i5 %i_load" [mmult_baseline.cpp:30]   --->   Operation 22 'select' 'select_ln30_1' <Predicate = (!icmp_ln30)> <Delay = 0.48> <CoreInst = "Sel">   --->   Core 73 'Sel' <Latency = 0> <II = 1> <Delay = 0.48> <FuncUnit> <Opcode : 'select'> <InPorts = 3> <OutPorts = 1>
ST_1 : Operation 23 [1/1] (0.00ns)   --->   "%trunc_ln30 = trunc i5 %select_ln30_1" [mmult_baseline.cpp:30]   --->   Operation 23 'trunc' 'trunc_ln30' <Predicate = (!icmp_ln30)> <Delay = 0.00>
ST_1 : Operation 24 [1/1] (0.00ns)   --->   "%zext_ln30 = zext i5 %select_ln30_1" [mmult_baseline.cpp:30]   --->   Operation 24 'zext' 'zext_ln30' <Predicate = (!icmp_ln30)> <Delay = 0.00>
ST_1 : Operation 25 [1/1] (0.00ns)   --->   "%tmp_s = bitconcatenate i8 @_ssdm_op_BitConcatenate.i8.i4.i4, i4 %trunc_ln30, i4 0" [mmult_baseline.cpp:30]   --->   Operation 25 'bitconcatenate' 'tmp_s' <Predicate = (!icmp_ln30)> <Delay = 0.00>
ST_1 : Operation 26 [1/1] (0.00ns)   --->   "%tA_addr = getelementptr i32 %tA, i64 0, i64 %zext_ln30" [mmult_baseline.cpp:33]   --->   Operation 26 'getelementptr' 'tA_addr' <Predicate = (!icmp_ln30)> <Delay = 0.00>
ST_1 : Operation 27 [2/2] (0.79ns)   --->   "%tA_load = load i4 %tA_addr" [mmult_baseline.cpp:33]   --->   Operation 27 'load' 'tA_load' <Predicate = (!icmp_ln30)> <Delay = 0.79> <CoreInst = "RAM">   --->   Core 82 'RAM' <Latency = 1> <II = 1> <Delay = 0.79> <Storage> <Opcode : 'load' 'store'> <Ports = 2> <Width = 32> <Depth = 16> <RAM>
ST_1 : Operation 28 [1/1] (0.00ns)   --->   "%tA_1_addr = getelementptr i32 %tA_1, i64 0, i64 %zext_ln30" [mmult_baseline.cpp:30]   --->   Operation 28 'getelementptr' 'tA_1_addr' <Predicate = (!icmp_ln30)> <Delay = 0.00>
ST_1 : Operation 29 [2/2] (0.79ns)   --->   "%tA_1_load = load i4 %tA_1_addr" [mmult_baseline.cpp:30]   --->   Operation 29 'load' 'tA_1_load' <Predicate = (!icmp_ln30)> <Delay = 0.79> <CoreInst = "RAM">   --->   Core 82 'RAM' <Latency = 1> <II = 1> <Delay = 0.79> <Storage> <Opcode : 'load' 'store'> <Ports = 2> <Width = 32> <Depth = 16> <RAM>
ST_1 : Operation 30 [1/1] (0.00ns)   --->   "%tA_2_addr = getelementptr i32 %tA_2, i64 0, i64 %zext_ln30" [mmult_baseline.cpp:30]   --->   Operation 30 'getelementptr' 'tA_2_addr' <Predicate = (!icmp_ln30)> <Delay = 0.00>
ST_1 : Operation 31 [2/2] (0.79ns)   --->   "%tA_2_load = load i4 %tA_2_addr" [mmult_baseline.cpp:30]   --->   Operation 31 'load' 'tA_2_load' <Predicate = (!icmp_ln30)> <Delay = 0.79> <CoreInst = "RAM">   --->   Core 82 'RAM' <Latency = 1> <II = 1> <Delay = 0.79> <Storage> <Opcode : 'load' 'store'> <Ports = 2> <Width = 32> <Depth = 16> <RAM>
ST_1 : Operation 32 [1/1] (0.00ns)   --->   "%tA_3_addr = getelementptr i32 %tA_3, i64 0, i64 %zext_ln30" [mmult_baseline.cpp:30]   --->   Operation 32 'getelementptr' 'tA_3_addr' <Predicate = (!icmp_ln30)> <Delay = 0.00>
ST_1 : Operation 33 [2/2] (0.79ns)   --->   "%tA_3_load = load i4 %tA_3_addr" [mmult_baseline.cpp:30]   --->   Operation 33 'load' 'tA_3_load' <Predicate = (!icmp_ln30)> <Delay = 0.79> <CoreInst = "RAM">   --->   Core 82 'RAM' <Latency = 1> <II = 1> <Delay = 0.79> <Storage> <Opcode : 'load' 'store'> <Ports = 2> <Width = 32> <Depth = 16> <RAM>
ST_1 : Operation 34 [1/1] (0.00ns)   --->   "%tA_4_addr = getelementptr i32 %tA_4, i64 0, i64 %zext_ln30" [mmult_baseline.cpp:30]   --->   Operation 34 'getelementptr' 'tA_4_addr' <Predicate = (!icmp_ln30)> <Delay = 0.00>
ST_1 : Operation 35 [2/2] (0.79ns)   --->   "%tA_4_load = load i4 %tA_4_addr" [mmult_baseline.cpp:30]   --->   Operation 35 'load' 'tA_4_load' <Predicate = (!icmp_ln30)> <Delay = 0.79> <CoreInst = "RAM">   --->   Core 82 'RAM' <Latency = 1> <II = 1> <Delay = 0.79> <Storage> <Opcode : 'load' 'store'> <Ports = 2> <Width = 32> <Depth = 16> <RAM>
ST_1 : Operation 36 [1/1] (0.00ns)   --->   "%tA_5_addr = getelementptr i32 %tA_5, i64 0, i64 %zext_ln30" [mmult_baseline.cpp:30]   --->   Operation 36 'getelementptr' 'tA_5_addr' <Predicate = (!icmp_ln30)> <Delay = 0.00>
ST_1 : Operation 37 [2/2] (0.79ns)   --->   "%tA_5_load = load i4 %tA_5_addr" [mmult_baseline.cpp:30]   --->   Operation 37 'load' 'tA_5_load' <Predicate = (!icmp_ln30)> <Delay = 0.79> <CoreInst = "RAM">   --->   Core 82 'RAM' <Latency = 1> <II = 1> <Delay = 0.79> <Storage> <Opcode : 'load' 'store'> <Ports = 2> <Width = 32> <Depth = 16> <RAM>
ST_1 : Operation 38 [1/1] (0.00ns)   --->   "%tA_6_addr = getelementptr i32 %tA_6, i64 0, i64 %zext_ln30" [mmult_baseline.cpp:30]   --->   Operation 38 'getelementptr' 'tA_6_addr' <Predicate = (!icmp_ln30)> <Delay = 0.00>
ST_1 : Operation 39 [2/2] (0.79ns)   --->   "%tA_6_load = load i4 %tA_6_addr" [mmult_baseline.cpp:30]   --->   Operation 39 'load' 'tA_6_load' <Predicate = (!icmp_ln30)> <Delay = 0.79> <CoreInst = "RAM">   --->   Core 82 'RAM' <Latency = 1> <II = 1> <Delay = 0.79> <Storage> <Opcode : 'load' 'store'> <Ports = 2> <Width = 32> <Depth = 16> <RAM>
ST_1 : Operation 40 [1/1] (0.00ns)   --->   "%tA_7_addr = getelementptr i32 %tA_7, i64 0, i64 %zext_ln30" [mmult_baseline.cpp:30]   --->   Operation 40 'getelementptr' 'tA_7_addr' <Predicate = (!icmp_ln30)> <Delay = 0.00>
ST_1 : Operation 41 [2/2] (0.79ns)   --->   "%tA_7_load = load i4 %tA_7_addr" [mmult_baseline.cpp:30]   --->   Operation 41 'load' 'tA_7_load' <Predicate = (!icmp_ln30)> <Delay = 0.79> <CoreInst = "RAM">   --->   Core 82 'RAM' <Latency = 1> <II = 1> <Delay = 0.79> <Storage> <Opcode : 'load' 'store'> <Ports = 2> <Width = 32> <Depth = 16> <RAM>
ST_1 : Operation 42 [1/1] (0.00ns)   --->   "%tA_8_addr = getelementptr i32 %tA_8, i64 0, i64 %zext_ln30" [mmult_baseline.cpp:30]   --->   Operation 42 'getelementptr' 'tA_8_addr' <Predicate = (!icmp_ln30)> <Delay = 0.00>
ST_1 : Operation 43 [2/2] (0.79ns)   --->   "%tA_8_load = load i4 %tA_8_addr" [mmult_baseline.cpp:30]   --->   Operation 43 'load' 'tA_8_load' <Predicate = (!icmp_ln30)> <Delay = 0.79> <CoreInst = "RAM">   --->   Core 82 'RAM' <Latency = 1> <II = 1> <Delay = 0.79> <Storage> <Opcode : 'load' 'store'> <Ports = 2> <Width = 32> <Depth = 16> <RAM>
ST_1 : Operation 44 [1/1] (0.00ns)   --->   "%tA_9_addr = getelementptr i32 %tA_9, i64 0, i64 %zext_ln30" [mmult_baseline.cpp:30]   --->   Operation 44 'getelementptr' 'tA_9_addr' <Predicate = (!icmp_ln30)> <Delay = 0.00>
ST_1 : Operation 45 [2/2] (0.79ns)   --->   "%tA_9_load = load i4 %tA_9_addr" [mmult_baseline.cpp:30]   --->   Operation 45 'load' 'tA_9_load' <Predicate = (!icmp_ln30)> <Delay = 0.79> <CoreInst = "RAM">   --->   Core 82 'RAM' <Latency = 1> <II = 1> <Delay = 0.79> <Storage> <Opcode : 'load' 'store'> <Ports = 2> <Width = 32> <Depth = 16> <RAM>
ST_1 : Operation 46 [1/1] (0.00ns)   --->   "%tA_10_addr = getelementptr i32 %tA_10, i64 0, i64 %zext_ln30" [mmult_baseline.cpp:30]   --->   Operation 46 'getelementptr' 'tA_10_addr' <Predicate = (!icmp_ln30)> <Delay = 0.00>
ST_1 : Operation 47 [2/2] (0.79ns)   --->   "%tA_10_load = load i4 %tA_10_addr" [mmult_baseline.cpp:30]   --->   Operation 47 'load' 'tA_10_load' <Predicate = (!icmp_ln30)> <Delay = 0.79> <CoreInst = "RAM">   --->   Core 82 'RAM' <Latency = 1> <II = 1> <Delay = 0.79> <Storage> <Opcode : 'load' 'store'> <Ports = 2> <Width = 32> <Depth = 16> <RAM>
ST_1 : Operation 48 [1/1] (0.00ns)   --->   "%tA_11_addr = getelementptr i32 %tA_11, i64 0, i64 %zext_ln30" [mmult_baseline.cpp:30]   --->   Operation 48 'getelementptr' 'tA_11_addr' <Predicate = (!icmp_ln30)> <Delay = 0.00>
ST_1 : Operation 49 [2/2] (0.79ns)   --->   "%tA_11_load = load i4 %tA_11_addr" [mmult_baseline.cpp:30]   --->   Operation 49 'load' 'tA_11_load' <Predicate = (!icmp_ln30)> <Delay = 0.79> <CoreInst = "RAM">   --->   Core 82 'RAM' <Latency = 1> <II = 1> <Delay = 0.79> <Storage> <Opcode : 'load' 'store'> <Ports = 2> <Width = 32> <Depth = 16> <RAM>
ST_1 : Operation 50 [1/1] (0.00ns)   --->   "%tA_12_addr = getelementptr i32 %tA_12, i64 0, i64 %zext_ln30" [mmult_baseline.cpp:30]   --->   Operation 50 'getelementptr' 'tA_12_addr' <Predicate = (!icmp_ln30)> <Delay = 0.00>
ST_1 : Operation 51 [2/2] (0.79ns)   --->   "%tA_12_load = load i4 %tA_12_addr" [mmult_baseline.cpp:30]   --->   Operation 51 'load' 'tA_12_load' <Predicate = (!icmp_ln30)> <Delay = 0.79> <CoreInst = "RAM">   --->   Core 82 'RAM' <Latency = 1> <II = 1> <Delay = 0.79> <Storage> <Opcode : 'load' 'store'> <Ports = 2> <Width = 32> <Depth = 16> <RAM>
ST_1 : Operation 52 [1/1] (0.00ns)   --->   "%tA_13_addr = getelementptr i32 %tA_13, i64 0, i64 %zext_ln30" [mmult_baseline.cpp:30]   --->   Operation 52 'getelementptr' 'tA_13_addr' <Predicate = (!icmp_ln30)> <Delay = 0.00>
ST_1 : Operation 53 [2/2] (0.79ns)   --->   "%tA_13_load = load i4 %tA_13_addr" [mmult_baseline.cpp:30]   --->   Operation 53 'load' 'tA_13_load' <Predicate = (!icmp_ln30)> <Delay = 0.79> <CoreInst = "RAM">   --->   Core 82 'RAM' <Latency = 1> <II = 1> <Delay = 0.79> <Storage> <Opcode : 'load' 'store'> <Ports = 2> <Width = 32> <Depth = 16> <RAM>
ST_1 : Operation 54 [1/1] (0.00ns)   --->   "%tA_14_addr = getelementptr i32 %tA_14, i64 0, i64 %zext_ln30" [mmult_baseline.cpp:30]   --->   Operation 54 'getelementptr' 'tA_14_addr' <Predicate = (!icmp_ln30)> <Delay = 0.00>
ST_1 : Operation 55 [2/2] (0.79ns)   --->   "%tA_14_load = load i4 %tA_14_addr" [mmult_baseline.cpp:30]   --->   Operation 55 'load' 'tA_14_load' <Predicate = (!icmp_ln30)> <Delay = 0.79> <CoreInst = "RAM">   --->   Core 82 'RAM' <Latency = 1> <II = 1> <Delay = 0.79> <Storage> <Opcode : 'load' 'store'> <Ports = 2> <Width = 32> <Depth = 16> <RAM>
ST_1 : Operation 56 [1/1] (0.00ns)   --->   "%tA_15_addr = getelementptr i32 %tA_15, i64 0, i64 %zext_ln30" [mmult_baseline.cpp:30]   --->   Operation 56 'getelementptr' 'tA_15_addr' <Predicate = (!icmp_ln30)> <Delay = 0.00>
ST_1 : Operation 57 [2/2] (0.79ns)   --->   "%tA_15_load = load i4 %tA_15_addr" [mmult_baseline.cpp:30]   --->   Operation 57 'load' 'tA_15_load' <Predicate = (!icmp_ln30)> <Delay = 0.79> <CoreInst = "RAM">   --->   Core 82 'RAM' <Latency = 1> <II = 1> <Delay = 0.79> <Storage> <Opcode : 'load' 'store'> <Ports = 2> <Width = 32> <Depth = 16> <RAM>
ST_1 : Operation 58 [1/1] (0.00ns)   --->   "%zext_ln31 = zext i5 %select_ln30" [mmult_baseline.cpp:31]   --->   Operation 58 'zext' 'zext_ln31' <Predicate = (!icmp_ln30)> <Delay = 0.00>
ST_1 : Operation 59 [1/1] (0.00ns)   --->   "%select_ln30_cast = zext i5 %select_ln30" [mmult_baseline.cpp:30]   --->   Operation 59 'zext' 'select_ln30_cast' <Predicate = (!icmp_ln30)> <Delay = 0.00>
ST_1 : Operation 60 [1/1] (0.90ns)   --->   "%empty = add i8 %tmp_s, i8 %select_ln30_cast" [mmult_baseline.cpp:30]   --->   Operation 60 'add' 'empty' <Predicate = (!icmp_ln30)> <Delay = 0.90> <CoreInst = "Adder">   --->   Core 1 'Adder' <Latency = 0> <II = 1> <Delay = 0.90> <FuncUnit> <Opcode : 'add' 'sub'> <InPorts = 2> <OutPorts = 1>
ST_1 : Operation 61 [1/1] (0.00ns)   --->   "%tB_addr = getelementptr i32 %tB, i64 0, i64 %zext_ln31" [mmult_baseline.cpp:33]   --->   Operation 61 'getelementptr' 'tB_addr' <Predicate = (!icmp_ln30)> <Delay = 0.00>
ST_1 : Operation 62 [2/2] (0.79ns)   --->   "%tB_load = load i4 %tB_addr" [mmult_baseline.cpp:33]   --->   Operation 62 'load' 'tB_load' <Predicate = (!icmp_ln30)> <Delay = 0.79> <CoreInst = "RAM">   --->   Core 82 'RAM' <Latency = 1> <II = 1> <Delay = 0.79> <Storage> <Opcode : 'load' 'store'> <Ports = 2> <Width = 32> <Depth = 16> <RAM>
ST_1 : Operation 63 [1/1] (0.00ns)   --->   "%tB_1_addr = getelementptr i32 %tB_1, i64 0, i64 %zext_ln31" [mmult_baseline.cpp:33]   --->   Operation 63 'getelementptr' 'tB_1_addr' <Predicate = (!icmp_ln30)> <Delay = 0.00>
ST_1 : Operation 64 [2/2] (0.79ns)   --->   "%tB_1_load = load i4 %tB_1_addr" [mmult_baseline.cpp:33]   --->   Operation 64 'load' 'tB_1_load' <Predicate = (!icmp_ln30)> <Delay = 0.79> <CoreInst = "RAM">   --->   Core 82 'RAM' <Latency = 1> <II = 1> <Delay = 0.79> <Storage> <Opcode : 'load' 'store'> <Ports = 2> <Width = 32> <Depth = 16> <RAM>
ST_1 : Operation 65 [1/1] (0.00ns)   --->   "%tB_2_addr = getelementptr i32 %tB_2, i64 0, i64 %zext_ln31" [mmult_baseline.cpp:33]   --->   Operation 65 'getelementptr' 'tB_2_addr' <Predicate = (!icmp_ln30)> <Delay = 0.00>
ST_1 : Operation 66 [2/2] (0.79ns)   --->   "%tB_2_load = load i4 %tB_2_addr" [mmult_baseline.cpp:33]   --->   Operation 66 'load' 'tB_2_load' <Predicate = (!icmp_ln30)> <Delay = 0.79> <CoreInst = "RAM">   --->   Core 82 'RAM' <Latency = 1> <II = 1> <Delay = 0.79> <Storage> <Opcode : 'load' 'store'> <Ports = 2> <Width = 32> <Depth = 16> <RAM>
ST_1 : Operation 67 [1/1] (0.00ns)   --->   "%tB_3_addr = getelementptr i32 %tB_3, i64 0, i64 %zext_ln31" [mmult_baseline.cpp:33]   --->   Operation 67 'getelementptr' 'tB_3_addr' <Predicate = (!icmp_ln30)> <Delay = 0.00>
ST_1 : Operation 68 [2/2] (0.79ns)   --->   "%tB_3_load = load i4 %tB_3_addr" [mmult_baseline.cpp:33]   --->   Operation 68 'load' 'tB_3_load' <Predicate = (!icmp_ln30)> <Delay = 0.79> <CoreInst = "RAM">   --->   Core 82 'RAM' <Latency = 1> <II = 1> <Delay = 0.79> <Storage> <Opcode : 'load' 'store'> <Ports = 2> <Width = 32> <Depth = 16> <RAM>
ST_1 : Operation 69 [1/1] (0.00ns)   --->   "%tB_4_addr = getelementptr i32 %tB_4, i64 0, i64 %zext_ln31" [mmult_baseline.cpp:33]   --->   Operation 69 'getelementptr' 'tB_4_addr' <Predicate = (!icmp_ln30)> <Delay = 0.00>
ST_1 : Operation 70 [2/2] (0.79ns)   --->   "%tB_4_load = load i4 %tB_4_addr" [mmult_baseline.cpp:33]   --->   Operation 70 'load' 'tB_4_load' <Predicate = (!icmp_ln30)> <Delay = 0.79> <CoreInst = "RAM">   --->   Core 82 'RAM' <Latency = 1> <II = 1> <Delay = 0.79> <Storage> <Opcode : 'load' 'store'> <Ports = 2> <Width = 32> <Depth = 16> <RAM>
ST_1 : Operation 71 [1/1] (0.00ns)   --->   "%tB_5_addr = getelementptr i32 %tB_5, i64 0, i64 %zext_ln31" [mmult_baseline.cpp:33]   --->   Operation 71 'getelementptr' 'tB_5_addr' <Predicate = (!icmp_ln30)> <Delay = 0.00>
ST_1 : Operation 72 [2/2] (0.79ns)   --->   "%tB_5_load = load i4 %tB_5_addr" [mmult_baseline.cpp:33]   --->   Operation 72 'load' 'tB_5_load' <Predicate = (!icmp_ln30)> <Delay = 0.79> <CoreInst = "RAM">   --->   Core 82 'RAM' <Latency = 1> <II = 1> <Delay = 0.79> <Storage> <Opcode : 'load' 'store'> <Ports = 2> <Width = 32> <Depth = 16> <RAM>
ST_1 : Operation 73 [1/1] (0.00ns)   --->   "%tB_6_addr = getelementptr i32 %tB_6, i64 0, i64 %zext_ln31" [mmult_baseline.cpp:33]   --->   Operation 73 'getelementptr' 'tB_6_addr' <Predicate = (!icmp_ln30)> <Delay = 0.00>
ST_1 : Operation 74 [2/2] (0.79ns)   --->   "%tB_6_load = load i4 %tB_6_addr" [mmult_baseline.cpp:33]   --->   Operation 74 'load' 'tB_6_load' <Predicate = (!icmp_ln30)> <Delay = 0.79> <CoreInst = "RAM">   --->   Core 82 'RAM' <Latency = 1> <II = 1> <Delay = 0.79> <Storage> <Opcode : 'load' 'store'> <Ports = 2> <Width = 32> <Depth = 16> <RAM>
ST_1 : Operation 75 [1/1] (0.00ns)   --->   "%tB_7_addr = getelementptr i32 %tB_7, i64 0, i64 %zext_ln31" [mmult_baseline.cpp:33]   --->   Operation 75 'getelementptr' 'tB_7_addr' <Predicate = (!icmp_ln30)> <Delay = 0.00>
ST_1 : Operation 76 [2/2] (0.79ns)   --->   "%tB_7_load = load i4 %tB_7_addr" [mmult_baseline.cpp:33]   --->   Operation 76 'load' 'tB_7_load' <Predicate = (!icmp_ln30)> <Delay = 0.79> <CoreInst = "RAM">   --->   Core 82 'RAM' <Latency = 1> <II = 1> <Delay = 0.79> <Storage> <Opcode : 'load' 'store'> <Ports = 2> <Width = 32> <Depth = 16> <RAM>
ST_1 : Operation 77 [1/1] (0.00ns)   --->   "%tB_8_addr = getelementptr i32 %tB_8, i64 0, i64 %zext_ln31" [mmult_baseline.cpp:33]   --->   Operation 77 'getelementptr' 'tB_8_addr' <Predicate = (!icmp_ln30)> <Delay = 0.00>
ST_1 : Operation 78 [2/2] (0.79ns)   --->   "%tB_8_load = load i4 %tB_8_addr" [mmult_baseline.cpp:33]   --->   Operation 78 'load' 'tB_8_load' <Predicate = (!icmp_ln30)> <Delay = 0.79> <CoreInst = "RAM">   --->   Core 82 'RAM' <Latency = 1> <II = 1> <Delay = 0.79> <Storage> <Opcode : 'load' 'store'> <Ports = 2> <Width = 32> <Depth = 16> <RAM>
ST_1 : Operation 79 [1/1] (0.00ns)   --->   "%tB_9_addr = getelementptr i32 %tB_9, i64 0, i64 %zext_ln31" [mmult_baseline.cpp:33]   --->   Operation 79 'getelementptr' 'tB_9_addr' <Predicate = (!icmp_ln30)> <Delay = 0.00>
ST_1 : Operation 80 [2/2] (0.79ns)   --->   "%tB_9_load = load i4 %tB_9_addr" [mmult_baseline.cpp:33]   --->   Operation 80 'load' 'tB_9_load' <Predicate = (!icmp_ln30)> <Delay = 0.79> <CoreInst = "RAM">   --->   Core 82 'RAM' <Latency = 1> <II = 1> <Delay = 0.79> <Storage> <Opcode : 'load' 'store'> <Ports = 2> <Width = 32> <Depth = 16> <RAM>
ST_1 : Operation 81 [1/1] (0.00ns)   --->   "%tB_10_addr = getelementptr i32 %tB_10, i64 0, i64 %zext_ln31" [mmult_baseline.cpp:33]   --->   Operation 81 'getelementptr' 'tB_10_addr' <Predicate = (!icmp_ln30)> <Delay = 0.00>
ST_1 : Operation 82 [2/2] (0.79ns)   --->   "%tB_10_load = load i4 %tB_10_addr" [mmult_baseline.cpp:33]   --->   Operation 82 'load' 'tB_10_load' <Predicate = (!icmp_ln30)> <Delay = 0.79> <CoreInst = "RAM">   --->   Core 82 'RAM' <Latency = 1> <II = 1> <Delay = 0.79> <Storage> <Opcode : 'load' 'store'> <Ports = 2> <Width = 32> <Depth = 16> <RAM>
ST_1 : Operation 83 [1/1] (0.00ns)   --->   "%tB_11_addr = getelementptr i32 %tB_11, i64 0, i64 %zext_ln31" [mmult_baseline.cpp:33]   --->   Operation 83 'getelementptr' 'tB_11_addr' <Predicate = (!icmp_ln30)> <Delay = 0.00>
ST_1 : Operation 84 [2/2] (0.79ns)   --->   "%tB_11_load = load i4 %tB_11_addr" [mmult_baseline.cpp:33]   --->   Operation 84 'load' 'tB_11_load' <Predicate = (!icmp_ln30)> <Delay = 0.79> <CoreInst = "RAM">   --->   Core 82 'RAM' <Latency = 1> <II = 1> <Delay = 0.79> <Storage> <Opcode : 'load' 'store'> <Ports = 2> <Width = 32> <Depth = 16> <RAM>
ST_1 : Operation 85 [1/1] (0.00ns)   --->   "%tB_12_addr = getelementptr i32 %tB_12, i64 0, i64 %zext_ln31" [mmult_baseline.cpp:33]   --->   Operation 85 'getelementptr' 'tB_12_addr' <Predicate = (!icmp_ln30)> <Delay = 0.00>
ST_1 : Operation 86 [2/2] (0.79ns)   --->   "%tB_12_load = load i4 %tB_12_addr" [mmult_baseline.cpp:33]   --->   Operation 86 'load' 'tB_12_load' <Predicate = (!icmp_ln30)> <Delay = 0.79> <CoreInst = "RAM">   --->   Core 82 'RAM' <Latency = 1> <II = 1> <Delay = 0.79> <Storage> <Opcode : 'load' 'store'> <Ports = 2> <Width = 32> <Depth = 16> <RAM>
ST_1 : Operation 87 [1/1] (0.00ns)   --->   "%tB_13_addr = getelementptr i32 %tB_13, i64 0, i64 %zext_ln31" [mmult_baseline.cpp:33]   --->   Operation 87 'getelementptr' 'tB_13_addr' <Predicate = (!icmp_ln30)> <Delay = 0.00>
ST_1 : Operation 88 [2/2] (0.79ns)   --->   "%tB_13_load = load i4 %tB_13_addr" [mmult_baseline.cpp:33]   --->   Operation 88 'load' 'tB_13_load' <Predicate = (!icmp_ln30)> <Delay = 0.79> <CoreInst = "RAM">   --->   Core 82 'RAM' <Latency = 1> <II = 1> <Delay = 0.79> <Storage> <Opcode : 'load' 'store'> <Ports = 2> <Width = 32> <Depth = 16> <RAM>
ST_1 : Operation 89 [1/1] (0.00ns)   --->   "%tB_14_addr = getelementptr i32 %tB_14, i64 0, i64 %zext_ln31" [mmult_baseline.cpp:33]   --->   Operation 89 'getelementptr' 'tB_14_addr' <Predicate = (!icmp_ln30)> <Delay = 0.00>
ST_1 : Operation 90 [2/2] (0.79ns)   --->   "%tB_14_load = load i4 %tB_14_addr" [mmult_baseline.cpp:33]   --->   Operation 90 'load' 'tB_14_load' <Predicate = (!icmp_ln30)> <Delay = 0.79> <CoreInst = "RAM">   --->   Core 82 'RAM' <Latency = 1> <II = 1> <Delay = 0.79> <Storage> <Opcode : 'load' 'store'> <Ports = 2> <Width = 32> <Depth = 16> <RAM>
ST_1 : Operation 91 [1/1] (0.00ns)   --->   "%tB_15_addr = getelementptr i32 %tB_15, i64 0, i64 %zext_ln31" [mmult_baseline.cpp:33]   --->   Operation 91 'getelementptr' 'tB_15_addr' <Predicate = (!icmp_ln30)> <Delay = 0.00>
ST_1 : Operation 92 [2/2] (0.79ns)   --->   "%tB_15_load = load i4 %tB_15_addr" [mmult_baseline.cpp:33]   --->   Operation 92 'load' 'tB_15_load' <Predicate = (!icmp_ln30)> <Delay = 0.79> <CoreInst = "RAM">   --->   Core 82 'RAM' <Latency = 1> <II = 1> <Delay = 0.79> <Storage> <Opcode : 'load' 'store'> <Ports = 2> <Width = 32> <Depth = 16> <RAM>
ST_1 : Operation 93 [1/1] (0.87ns)   --->   "%add_ln31 = add i5 %select_ln30, i5 1" [mmult_baseline.cpp:31]   --->   Operation 93 'add' 'add_ln31' <Predicate = (!icmp_ln30)> <Delay = 0.87> <CoreInst = "Adder">   --->   Core 1 'Adder' <Latency = 0> <II = 1> <Delay = 0.87> <FuncUnit> <Opcode : 'add' 'sub'> <InPorts = 2> <OutPorts = 1>
ST_1 : Operation 94 [1/1] (0.48ns)   --->   "%store_ln30 = store i9 %add_ln30_1, i9 %indvar_flatten20" [mmult_baseline.cpp:30]   --->   Operation 94 'store' 'store_ln30' <Predicate = (!icmp_ln30)> <Delay = 0.48>
ST_1 : Operation 95 [1/1] (0.48ns)   --->   "%store_ln30 = store i5 %select_ln30_1, i5 %i" [mmult_baseline.cpp:30]   --->   Operation 95 'store' 'store_ln30' <Predicate = (!icmp_ln30)> <Delay = 0.48>
ST_1 : Operation 96 [1/1] (0.48ns)   --->   "%store_ln31 = store i5 %add_ln31, i5 %j" [mmult_baseline.cpp:31]   --->   Operation 96 'store' 'store_ln31' <Predicate = (!icmp_ln30)> <Delay = 0.48>

State 2 <SV = 1> <Delay = 6.76>
ST_2 : Operation 97 [1/2] (0.79ns)   --->   "%tA_load = load i4 %tA_addr" [mmult_baseline.cpp:33]   --->   Operation 97 'load' 'tA_load' <Predicate = true> <Delay = 0.79> <CoreInst = "RAM">   --->   Core 82 'RAM' <Latency = 1> <II = 1> <Delay = 0.79> <Storage> <Opcode : 'load' 'store'> <Ports = 2> <Width = 32> <Depth = 16> <RAM>
ST_2 : Operation 98 [1/2] (0.79ns)   --->   "%tA_1_load = load i4 %tA_1_addr" [mmult_baseline.cpp:30]   --->   Operation 98 'load' 'tA_1_load' <Predicate = true> <Delay = 0.79> <CoreInst = "RAM">   --->   Core 82 'RAM' <Latency = 1> <II = 1> <Delay = 0.79> <Storage> <Opcode : 'load' 'store'> <Ports = 2> <Width = 32> <Depth = 16> <RAM>
ST_2 : Operation 99 [1/2] (0.79ns)   --->   "%tA_2_load = load i4 %tA_2_addr" [mmult_baseline.cpp:30]   --->   Operation 99 'load' 'tA_2_load' <Predicate = true> <Delay = 0.79> <CoreInst = "RAM">   --->   Core 82 'RAM' <Latency = 1> <II = 1> <Delay = 0.79> <Storage> <Opcode : 'load' 'store'> <Ports = 2> <Width = 32> <Depth = 16> <RAM>
ST_2 : Operation 100 [1/2] (0.79ns)   --->   "%tA_3_load = load i4 %tA_3_addr" [mmult_baseline.cpp:30]   --->   Operation 100 'load' 'tA_3_load' <Predicate = true> <Delay = 0.79> <CoreInst = "RAM">   --->   Core 82 'RAM' <Latency = 1> <II = 1> <Delay = 0.79> <Storage> <Opcode : 'load' 'store'> <Ports = 2> <Width = 32> <Depth = 16> <RAM>
ST_2 : Operation 101 [1/2] (0.79ns)   --->   "%tA_4_load = load i4 %tA_4_addr" [mmult_baseline.cpp:30]   --->   Operation 101 'load' 'tA_4_load' <Predicate = true> <Delay = 0.79> <CoreInst = "RAM">   --->   Core 82 'RAM' <Latency = 1> <II = 1> <Delay = 0.79> <Storage> <Opcode : 'load' 'store'> <Ports = 2> <Width = 32> <Depth = 16> <RAM>
ST_2 : Operation 102 [1/2] (0.79ns)   --->   "%tA_5_load = load i4 %tA_5_addr" [mmult_baseline.cpp:30]   --->   Operation 102 'load' 'tA_5_load' <Predicate = true> <Delay = 0.79> <CoreInst = "RAM">   --->   Core 82 'RAM' <Latency = 1> <II = 1> <Delay = 0.79> <Storage> <Opcode : 'load' 'store'> <Ports = 2> <Width = 32> <Depth = 16> <RAM>
ST_2 : Operation 103 [1/2] (0.79ns)   --->   "%tA_6_load = load i4 %tA_6_addr" [mmult_baseline.cpp:30]   --->   Operation 103 'load' 'tA_6_load' <Predicate = true> <Delay = 0.79> <CoreInst = "RAM">   --->   Core 82 'RAM' <Latency = 1> <II = 1> <Delay = 0.79> <Storage> <Opcode : 'load' 'store'> <Ports = 2> <Width = 32> <Depth = 16> <RAM>
ST_2 : Operation 104 [1/2] (0.79ns)   --->   "%tA_7_load = load i4 %tA_7_addr" [mmult_baseline.cpp:30]   --->   Operation 104 'load' 'tA_7_load' <Predicate = true> <Delay = 0.79> <CoreInst = "RAM">   --->   Core 82 'RAM' <Latency = 1> <II = 1> <Delay = 0.79> <Storage> <Opcode : 'load' 'store'> <Ports = 2> <Width = 32> <Depth = 16> <RAM>
ST_2 : Operation 105 [1/2] (0.79ns)   --->   "%tA_8_load = load i4 %tA_8_addr" [mmult_baseline.cpp:30]   --->   Operation 105 'load' 'tA_8_load' <Predicate = true> <Delay = 0.79> <CoreInst = "RAM">   --->   Core 82 'RAM' <Latency = 1> <II = 1> <Delay = 0.79> <Storage> <Opcode : 'load' 'store'> <Ports = 2> <Width = 32> <Depth = 16> <RAM>
ST_2 : Operation 106 [1/2] (0.79ns)   --->   "%tA_9_load = load i4 %tA_9_addr" [mmult_baseline.cpp:30]   --->   Operation 106 'load' 'tA_9_load' <Predicate = true> <Delay = 0.79> <CoreInst = "RAM">   --->   Core 82 'RAM' <Latency = 1> <II = 1> <Delay = 0.79> <Storage> <Opcode : 'load' 'store'> <Ports = 2> <Width = 32> <Depth = 16> <RAM>
ST_2 : Operation 107 [1/2] (0.79ns)   --->   "%tA_10_load = load i4 %tA_10_addr" [mmult_baseline.cpp:30]   --->   Operation 107 'load' 'tA_10_load' <Predicate = true> <Delay = 0.79> <CoreInst = "RAM">   --->   Core 82 'RAM' <Latency = 1> <II = 1> <Delay = 0.79> <Storage> <Opcode : 'load' 'store'> <Ports = 2> <Width = 32> <Depth = 16> <RAM>
ST_2 : Operation 108 [1/2] (0.79ns)   --->   "%tA_11_load = load i4 %tA_11_addr" [mmult_baseline.cpp:30]   --->   Operation 108 'load' 'tA_11_load' <Predicate = true> <Delay = 0.79> <CoreInst = "RAM">   --->   Core 82 'RAM' <Latency = 1> <II = 1> <Delay = 0.79> <Storage> <Opcode : 'load' 'store'> <Ports = 2> <Width = 32> <Depth = 16> <RAM>
ST_2 : Operation 109 [1/2] (0.79ns)   --->   "%tA_12_load = load i4 %tA_12_addr" [mmult_baseline.cpp:30]   --->   Operation 109 'load' 'tA_12_load' <Predicate = true> <Delay = 0.79> <CoreInst = "RAM">   --->   Core 82 'RAM' <Latency = 1> <II = 1> <Delay = 0.79> <Storage> <Opcode : 'load' 'store'> <Ports = 2> <Width = 32> <Depth = 16> <RAM>
ST_2 : Operation 110 [1/2] (0.79ns)   --->   "%tA_13_load = load i4 %tA_13_addr" [mmult_baseline.cpp:30]   --->   Operation 110 'load' 'tA_13_load' <Predicate = true> <Delay = 0.79> <CoreInst = "RAM">   --->   Core 82 'RAM' <Latency = 1> <II = 1> <Delay = 0.79> <Storage> <Opcode : 'load' 'store'> <Ports = 2> <Width = 32> <Depth = 16> <RAM>
ST_2 : Operation 111 [1/2] (0.79ns)   --->   "%tA_14_load = load i4 %tA_14_addr" [mmult_baseline.cpp:30]   --->   Operation 111 'load' 'tA_14_load' <Predicate = true> <Delay = 0.79> <CoreInst = "RAM">   --->   Core 82 'RAM' <Latency = 1> <II = 1> <Delay = 0.79> <Storage> <Opcode : 'load' 'store'> <Ports = 2> <Width = 32> <Depth = 16> <RAM>
ST_2 : Operation 112 [1/2] (0.79ns)   --->   "%tA_15_load = load i4 %tA_15_addr" [mmult_baseline.cpp:30]   --->   Operation 112 'load' 'tA_15_load' <Predicate = true> <Delay = 0.79> <CoreInst = "RAM">   --->   Core 82 'RAM' <Latency = 1> <II = 1> <Delay = 0.79> <Storage> <Opcode : 'load' 'store'> <Ports = 2> <Width = 32> <Depth = 16> <RAM>
ST_2 : Operation 113 [1/1] (0.00ns)   --->   "%p_cast = zext i8 %empty" [mmult_baseline.cpp:30]   --->   Operation 113 'zext' 'p_cast' <Predicate = true> <Delay = 0.00>
ST_2 : Operation 114 [1/1] (0.00ns)   --->   "%tC_addr = getelementptr i32 %tC, i64 0, i64 %p_cast" [mmult_baseline.cpp:30]   --->   Operation 114 'getelementptr' 'tC_addr' <Predicate = true> <Delay = 0.00>
ST_2 : Operation 115 [2/2] (1.35ns)   --->   "%tC_load = load i8 %tC_addr" [mmult_baseline.cpp:33]   --->   Operation 115 'load' 'tC_load' <Predicate = true> <Delay = 1.35> <CoreInst = "RAM">   --->   Core 82 'RAM' <Latency = 1> <II = 1> <Delay = 1.35> <Storage> <Opcode : 'load' 'store'> <Ports = 2> <Width = 32> <Depth = 256> <RAM>
ST_2 : Operation 116 [1/2] (0.79ns)   --->   "%tB_load = load i4 %tB_addr" [mmult_baseline.cpp:33]   --->   Operation 116 'load' 'tB_load' <Predicate = true> <Delay = 0.79> <CoreInst = "RAM">   --->   Core 82 'RAM' <Latency = 1> <II = 1> <Delay = 0.79> <Storage> <Opcode : 'load' 'store'> <Ports = 2> <Width = 32> <Depth = 16> <RAM>
ST_2 : Operation 117 [1/2] (0.79ns)   --->   "%tB_1_load = load i4 %tB_1_addr" [mmult_baseline.cpp:33]   --->   Operation 117 'load' 'tB_1_load' <Predicate = true> <Delay = 0.79> <CoreInst = "RAM">   --->   Core 82 'RAM' <Latency = 1> <II = 1> <Delay = 0.79> <Storage> <Opcode : 'load' 'store'> <Ports = 2> <Width = 32> <Depth = 16> <RAM>
ST_2 : Operation 118 [1/2] (0.79ns)   --->   "%tB_2_load = load i4 %tB_2_addr" [mmult_baseline.cpp:33]   --->   Operation 118 'load' 'tB_2_load' <Predicate = true> <Delay = 0.79> <CoreInst = "RAM">   --->   Core 82 'RAM' <Latency = 1> <II = 1> <Delay = 0.79> <Storage> <Opcode : 'load' 'store'> <Ports = 2> <Width = 32> <Depth = 16> <RAM>
ST_2 : Operation 119 [1/2] (0.79ns)   --->   "%tB_3_load = load i4 %tB_3_addr" [mmult_baseline.cpp:33]   --->   Operation 119 'load' 'tB_3_load' <Predicate = true> <Delay = 0.79> <CoreInst = "RAM">   --->   Core 82 'RAM' <Latency = 1> <II = 1> <Delay = 0.79> <Storage> <Opcode : 'load' 'store'> <Ports = 2> <Width = 32> <Depth = 16> <RAM>
ST_2 : Operation 120 [1/2] (0.79ns)   --->   "%tB_4_load = load i4 %tB_4_addr" [mmult_baseline.cpp:33]   --->   Operation 120 'load' 'tB_4_load' <Predicate = true> <Delay = 0.79> <CoreInst = "RAM">   --->   Core 82 'RAM' <Latency = 1> <II = 1> <Delay = 0.79> <Storage> <Opcode : 'load' 'store'> <Ports = 2> <Width = 32> <Depth = 16> <RAM>
ST_2 : Operation 121 [1/2] (0.79ns)   --->   "%tB_5_load = load i4 %tB_5_addr" [mmult_baseline.cpp:33]   --->   Operation 121 'load' 'tB_5_load' <Predicate = true> <Delay = 0.79> <CoreInst = "RAM">   --->   Core 82 'RAM' <Latency = 1> <II = 1> <Delay = 0.79> <Storage> <Opcode : 'load' 'store'> <Ports = 2> <Width = 32> <Depth = 16> <RAM>
ST_2 : Operation 122 [1/2] (0.79ns)   --->   "%tB_6_load = load i4 %tB_6_addr" [mmult_baseline.cpp:33]   --->   Operation 122 'load' 'tB_6_load' <Predicate = true> <Delay = 0.79> <CoreInst = "RAM">   --->   Core 82 'RAM' <Latency = 1> <II = 1> <Delay = 0.79> <Storage> <Opcode : 'load' 'store'> <Ports = 2> <Width = 32> <Depth = 16> <RAM>
ST_2 : Operation 123 [1/2] (0.79ns)   --->   "%tB_7_load = load i4 %tB_7_addr" [mmult_baseline.cpp:33]   --->   Operation 123 'load' 'tB_7_load' <Predicate = true> <Delay = 0.79> <CoreInst = "RAM">   --->   Core 82 'RAM' <Latency = 1> <II = 1> <Delay = 0.79> <Storage> <Opcode : 'load' 'store'> <Ports = 2> <Width = 32> <Depth = 16> <RAM>
ST_2 : Operation 124 [1/2] (0.79ns)   --->   "%tB_8_load = load i4 %tB_8_addr" [mmult_baseline.cpp:33]   --->   Operation 124 'load' 'tB_8_load' <Predicate = true> <Delay = 0.79> <CoreInst = "RAM">   --->   Core 82 'RAM' <Latency = 1> <II = 1> <Delay = 0.79> <Storage> <Opcode : 'load' 'store'> <Ports = 2> <Width = 32> <Depth = 16> <RAM>
ST_2 : Operation 125 [1/2] (0.79ns)   --->   "%tB_9_load = load i4 %tB_9_addr" [mmult_baseline.cpp:33]   --->   Operation 125 'load' 'tB_9_load' <Predicate = true> <Delay = 0.79> <CoreInst = "RAM">   --->   Core 82 'RAM' <Latency = 1> <II = 1> <Delay = 0.79> <Storage> <Opcode : 'load' 'store'> <Ports = 2> <Width = 32> <Depth = 16> <RAM>
ST_2 : Operation 126 [1/2] (0.79ns)   --->   "%tB_10_load = load i4 %tB_10_addr" [mmult_baseline.cpp:33]   --->   Operation 126 'load' 'tB_10_load' <Predicate = true> <Delay = 0.79> <CoreInst = "RAM">   --->   Core 82 'RAM' <Latency = 1> <II = 1> <Delay = 0.79> <Storage> <Opcode : 'load' 'store'> <Ports = 2> <Width = 32> <Depth = 16> <RAM>
ST_2 : Operation 127 [1/2] (0.79ns)   --->   "%tB_11_load = load i4 %tB_11_addr" [mmult_baseline.cpp:33]   --->   Operation 127 'load' 'tB_11_load' <Predicate = true> <Delay = 0.79> <CoreInst = "RAM">   --->   Core 82 'RAM' <Latency = 1> <II = 1> <Delay = 0.79> <Storage> <Opcode : 'load' 'store'> <Ports = 2> <Width = 32> <Depth = 16> <RAM>
ST_2 : Operation 128 [1/2] (0.79ns)   --->   "%tB_12_load = load i4 %tB_12_addr" [mmult_baseline.cpp:33]   --->   Operation 128 'load' 'tB_12_load' <Predicate = true> <Delay = 0.79> <CoreInst = "RAM">   --->   Core 82 'RAM' <Latency = 1> <II = 1> <Delay = 0.79> <Storage> <Opcode : 'load' 'store'> <Ports = 2> <Width = 32> <Depth = 16> <RAM>
ST_2 : Operation 129 [1/2] (0.79ns)   --->   "%tB_13_load = load i4 %tB_13_addr" [mmult_baseline.cpp:33]   --->   Operation 129 'load' 'tB_13_load' <Predicate = true> <Delay = 0.79> <CoreInst = "RAM">   --->   Core 82 'RAM' <Latency = 1> <II = 1> <Delay = 0.79> <Storage> <Opcode : 'load' 'store'> <Ports = 2> <Width = 32> <Depth = 16> <RAM>
ST_2 : Operation 130 [1/2] (0.79ns)   --->   "%tB_14_load = load i4 %tB_14_addr" [mmult_baseline.cpp:33]   --->   Operation 130 'load' 'tB_14_load' <Predicate = true> <Delay = 0.79> <CoreInst = "RAM">   --->   Core 82 'RAM' <Latency = 1> <II = 1> <Delay = 0.79> <Storage> <Opcode : 'load' 'store'> <Ports = 2> <Width = 32> <Depth = 16> <RAM>
ST_2 : Operation 131 [1/2] (0.79ns)   --->   "%tB_15_load = load i4 %tB_15_addr" [mmult_baseline.cpp:33]   --->   Operation 131 'load' 'tB_15_load' <Predicate = true> <Delay = 0.79> <CoreInst = "RAM">   --->   Core 82 'RAM' <Latency = 1> <II = 1> <Delay = 0.79> <Storage> <Opcode : 'load' 'store'> <Ports = 2> <Width = 32> <Depth = 16> <RAM>
ST_2 : Operation 132 [1/1] (3.88ns)   --->   "%mul_ln33 = mul i32 %tB_15_load, i32 %tA_15_load" [mmult_baseline.cpp:33]   --->   Operation 132 'mul' 'mul_ln33' <Predicate = true> <Delay = 3.88> <CoreInst = "Multiplier">   --->   Core 3 'Multiplier' <Latency = 0> <II = 1> <Delay = 3.88> <FuncUnit> <Opcode : 'mul'> <InPorts = 2> <OutPorts = 1>
ST_2 : Operation 133 [1/1] (3.88ns)   --->   "%mul_ln33_1 = mul i32 %tB_10_load, i32 %tA_10_load" [mmult_baseline.cpp:33]   --->   Operation 133 'mul' 'mul_ln33_1' <Predicate = true> <Delay = 3.88> <CoreInst = "Multiplier">   --->   Core 3 'Multiplier' <Latency = 0> <II = 1> <Delay = 3.88> <FuncUnit> <Opcode : 'mul'> <InPorts = 2> <OutPorts = 1>
ST_2 : Operation 134 [1/1] (3.88ns)   --->   "%mul_ln33_2 = mul i32 %tB_4_load, i32 %tA_4_load" [mmult_baseline.cpp:33]   --->   Operation 134 'mul' 'mul_ln33_2' <Predicate = true> <Delay = 3.88> <CoreInst = "Multiplier">   --->   Core 3 'Multiplier' <Latency = 0> <II = 1> <Delay = 3.88> <FuncUnit> <Opcode : 'mul'> <InPorts = 2> <OutPorts = 1>
ST_2 : Operation 135 [1/1] (3.88ns)   --->   "%mul_ln33_3 = mul i32 %tB_3_load, i32 %tA_3_load" [mmult_baseline.cpp:33]   --->   Operation 135 'mul' 'mul_ln33_3' <Predicate = true> <Delay = 3.88> <CoreInst = "Multiplier">   --->   Core 3 'Multiplier' <Latency = 0> <II = 1> <Delay = 3.88> <FuncUnit> <Opcode : 'mul'> <InPorts = 2> <OutPorts = 1>
ST_2 : Operation 136 [1/1] (3.88ns)   --->   "%mul_ln33_4 = mul i32 %tB_1_load, i32 %tA_1_load" [mmult_baseline.cpp:33]   --->   Operation 136 'mul' 'mul_ln33_4' <Predicate = true> <Delay = 3.88> <CoreInst = "Multiplier">   --->   Core 3 'Multiplier' <Latency = 0> <II = 1> <Delay = 3.88> <FuncUnit> <Opcode : 'mul'> <InPorts = 2> <OutPorts = 1>
ST_2 : Operation 137 [1/1] (3.88ns)   --->   "%mul_ln33_5 = mul i32 %tB_5_load, i32 %tA_5_load" [mmult_baseline.cpp:33]   --->   Operation 137 'mul' 'mul_ln33_5' <Predicate = true> <Delay = 3.88> <CoreInst = "Multiplier">   --->   Core 3 'Multiplier' <Latency = 0> <II = 1> <Delay = 3.88> <FuncUnit> <Opcode : 'mul'> <InPorts = 2> <OutPorts = 1>
ST_2 : Operation 138 [1/1] (3.88ns)   --->   "%mul_ln33_6 = mul i32 %tB_11_load, i32 %tA_11_load" [mmult_baseline.cpp:33]   --->   Operation 138 'mul' 'mul_ln33_6' <Predicate = true> <Delay = 3.88> <CoreInst = "Multiplier">   --->   Core 3 'Multiplier' <Latency = 0> <II = 1> <Delay = 3.88> <FuncUnit> <Opcode : 'mul'> <InPorts = 2> <OutPorts = 1>
ST_2 : Operation 139 [1/1] (3.88ns)   --->   "%mul_ln33_7 = mul i32 %tB_9_load, i32 %tA_9_load" [mmult_baseline.cpp:33]   --->   Operation 139 'mul' 'mul_ln33_7' <Predicate = true> <Delay = 3.88> <CoreInst = "Multiplier">   --->   Core 3 'Multiplier' <Latency = 0> <II = 1> <Delay = 3.88> <FuncUnit> <Opcode : 'mul'> <InPorts = 2> <OutPorts = 1>
ST_2 : Operation 140 [1/1] (3.88ns)   --->   "%mul_ln33_8 = mul i32 %tB_load, i32 %tA_load" [mmult_baseline.cpp:33]   --->   Operation 140 'mul' 'mul_ln33_8' <Predicate = true> <Delay = 3.88> <CoreInst = "Multiplier">   --->   Core 3 'Multiplier' <Latency = 0> <II = 1> <Delay = 3.88> <FuncUnit> <Opcode : 'mul'> <InPorts = 2> <OutPorts = 1>
ST_2 : Operation 141 [1/1] (3.88ns)   --->   "%mul_ln33_9 = mul i32 %tB_6_load, i32 %tA_6_load" [mmult_baseline.cpp:33]   --->   Operation 141 'mul' 'mul_ln33_9' <Predicate = true> <Delay = 3.88> <CoreInst = "Multiplier">   --->   Core 3 'Multiplier' <Latency = 0> <II = 1> <Delay = 3.88> <FuncUnit> <Opcode : 'mul'> <InPorts = 2> <OutPorts = 1>
ST_2 : Operation 142 [1/1] (3.88ns)   --->   "%mul_ln33_10 = mul i32 %tB_12_load, i32 %tA_12_load" [mmult_baseline.cpp:33]   --->   Operation 142 'mul' 'mul_ln33_10' <Predicate = true> <Delay = 3.88> <CoreInst = "Multiplier">   --->   Core 3 'Multiplier' <Latency = 0> <II = 1> <Delay = 3.88> <FuncUnit> <Opcode : 'mul'> <InPorts = 2> <OutPorts = 1>
ST_2 : Operation 143 [1/1] (3.88ns)   --->   "%mul_ln33_11 = mul i32 %tB_8_load, i32 %tA_8_load" [mmult_baseline.cpp:33]   --->   Operation 143 'mul' 'mul_ln33_11' <Predicate = true> <Delay = 3.88> <CoreInst = "Multiplier">   --->   Core 3 'Multiplier' <Latency = 0> <II = 1> <Delay = 3.88> <FuncUnit> <Opcode : 'mul'> <InPorts = 2> <OutPorts = 1>
ST_2 : Operation 144 [1/1] (3.88ns)   --->   "%mul_ln33_12 = mul i32 %tB_7_load, i32 %tA_7_load" [mmult_baseline.cpp:33]   --->   Operation 144 'mul' 'mul_ln33_12' <Predicate = true> <Delay = 3.88> <CoreInst = "Multiplier">   --->   Core 3 'Multiplier' <Latency = 0> <II = 1> <Delay = 3.88> <FuncUnit> <Opcode : 'mul'> <InPorts = 2> <OutPorts = 1>
ST_2 : Operation 145 [1/1] (3.88ns)   --->   "%mul_ln33_13 = mul i32 %tB_13_load, i32 %tA_13_load" [mmult_baseline.cpp:33]   --->   Operation 145 'mul' 'mul_ln33_13' <Predicate = true> <Delay = 3.88> <CoreInst = "Multiplier">   --->   Core 3 'Multiplier' <Latency = 0> <II = 1> <Delay = 3.88> <FuncUnit> <Opcode : 'mul'> <InPorts = 2> <OutPorts = 1>
ST_2 : Operation 146 [1/1] (3.88ns)   --->   "%mul_ln33_14 = mul i32 %tB_2_load, i32 %tA_2_load" [mmult_baseline.cpp:33]   --->   Operation 146 'mul' 'mul_ln33_14' <Predicate = true> <Delay = 3.88> <CoreInst = "Multiplier">   --->   Core 3 'Multiplier' <Latency = 0> <II = 1> <Delay = 3.88> <FuncUnit> <Opcode : 'mul'> <InPorts = 2> <OutPorts = 1>
ST_2 : Operation 147 [1/1] (3.88ns)   --->   "%mul_ln33_15 = mul i32 %tB_14_load, i32 %tA_14_load" [mmult_baseline.cpp:33]   --->   Operation 147 'mul' 'mul_ln33_15' <Predicate = true> <Delay = 3.88> <CoreInst = "Multiplier">   --->   Core 3 'Multiplier' <Latency = 0> <II = 1> <Delay = 3.88> <FuncUnit> <Opcode : 'mul'> <InPorts = 2> <OutPorts = 1>
ST_2 : Operation 148 [1/1] (1.20ns)   --->   "%add_ln33_1 = add i32 %mul_ln33_4, i32 %mul_ln33_14" [mmult_baseline.cpp:33]   --->   Operation 148 'add' 'add_ln33_1' <Predicate = true> <Delay = 1.20> <CoreInst = "Adder">   --->   Core 1 'Adder' <Latency = 0> <II = 1> <Delay = 1.20> <FuncUnit> <Opcode : 'add' 'sub'> <InPorts = 2> <OutPorts = 1>
ST_2 : Operation 149 [1/1] (0.00ns) (grouped into TernaryAdder)   --->   "%add_ln33_3 = add i32 %mul_ln33_3, i32 %mul_ln33_2" [mmult_baseline.cpp:33]   --->   Operation 149 'add' 'add_ln33_3' <Predicate = true> <Delay = 0.00> <CoreInst = "TAddSub">   --->   Core 10 'TAddSub' <Latency = 0> <II = 1> <Delay = 0.44> <IPBlock> <Opcode : '' 'add' 'sub'> <InPorts = 3> <OutPorts = 1> <Sync> <CReg>
ST_2 : Operation 150 [1/1] (1.20ns)   --->   "%add_ln33_4 = add i32 %mul_ln33_5, i32 %mul_ln33_9" [mmult_baseline.cpp:33]   --->   Operation 150 'add' 'add_ln33_4' <Predicate = true> <Delay = 1.20> <CoreInst = "Adder">   --->   Core 1 'Adder' <Latency = 0> <II = 1> <Delay = 1.20> <FuncUnit> <Opcode : 'add' 'sub'> <InPorts = 2> <OutPorts = 1>
ST_2 : Operation 151 [1/1] (0.88ns) (root node of TernaryAdder)   --->   "%add_ln33_5 = add i32 %add_ln33_4, i32 %add_ln33_3" [mmult_baseline.cpp:33]   --->   Operation 151 'add' 'add_ln33_5' <Predicate = true> <Delay = 0.88> <CoreInst = "TAddSub">   --->   Core 10 'TAddSub' <Latency = 0> <II = 1> <Delay = 0.44> <IPBlock> <Opcode : '' 'add' 'sub'> <InPorts = 3> <OutPorts = 1> <Sync> <CReg>
ST_2 : Operation 152 [1/1] (1.20ns)   --->   "%add_ln33_7 = add i32 %mul_ln33_12, i32 %mul_ln33_11" [mmult_baseline.cpp:33]   --->   Operation 152 'add' 'add_ln33_7' <Predicate = true> <Delay = 1.20> <CoreInst = "Adder">   --->   Core 1 'Adder' <Latency = 0> <II = 1> <Delay = 1.20> <FuncUnit> <Opcode : 'add' 'sub'> <InPorts = 2> <OutPorts = 1>
ST_2 : Operation 153 [1/1] (1.20ns)   --->   "%add_ln33_8 = add i32 %mul_ln33_7, i32 %mul_ln33_1" [mmult_baseline.cpp:33]   --->   Operation 153 'add' 'add_ln33_8' <Predicate = true> <Delay = 1.20> <CoreInst = "Adder">   --->   Core 1 'Adder' <Latency = 0> <II = 1> <Delay = 1.20> <FuncUnit> <Opcode : 'add' 'sub'> <InPorts = 2> <OutPorts = 1>
ST_2 : Operation 154 [1/1] (0.00ns) (grouped into TernaryAdder)   --->   "%add_ln33_10 = add i32 %mul_ln33_6, i32 %mul_ln33_10" [mmult_baseline.cpp:33]   --->   Operation 154 'add' 'add_ln33_10' <Predicate = true> <Delay = 0.00> <CoreInst = "TAddSub">   --->   Core 10 'TAddSub' <Latency = 0> <II = 1> <Delay = 0.44> <IPBlock> <Opcode : '' 'add' 'sub'> <InPorts = 3> <OutPorts = 1> <Sync> <CReg>
ST_2 : Operation 155 [1/1] (0.00ns) (grouped into TernaryAdder)   --->   "%add_ln33_11 = add i32 %mul_ln33_15, i32 %mul_ln33" [mmult_baseline.cpp:33]   --->   Operation 155 'add' 'add_ln33_11' <Predicate = true> <Delay = 0.00> <CoreInst = "TAddSub">   --->   Core 10 'TAddSub' <Latency = 0> <II = 1> <Delay = 0.44> <IPBlock> <Opcode : '' 'add' 'sub'> <InPorts = 3> <OutPorts = 1> <Sync> <CReg>
ST_2 : Operation 156 [1/1] (0.88ns) (root node of TernaryAdder)   --->   "%add_ln33_12 = add i32 %add_ln33_11, i32 %mul_ln33_13" [mmult_baseline.cpp:33]   --->   Operation 156 'add' 'add_ln33_12' <Predicate = true> <Delay = 0.88> <CoreInst = "TAddSub">   --->   Core 10 'TAddSub' <Latency = 0> <II = 1> <Delay = 0.44> <IPBlock> <Opcode : '' 'add' 'sub'> <InPorts = 3> <OutPorts = 1> <Sync> <CReg>
ST_2 : Operation 157 [1/1] (0.88ns) (root node of TernaryAdder)   --->   "%add_ln33_13 = add i32 %add_ln33_12, i32 %add_ln33_10" [mmult_baseline.cpp:33]   --->   Operation 157 'add' 'add_ln33_13' <Predicate = true> <Delay = 0.88> <CoreInst = "TAddSub">   --->   Core 10 'TAddSub' <Latency = 0> <II = 1> <Delay = 0.44> <IPBlock> <Opcode : '' 'add' 'sub'> <InPorts = 3> <OutPorts = 1> <Sync> <CReg>
ST_2 : Operation 170 [1/1] (0.48ns)   --->   "%ret_ln0 = ret"   --->   Operation 170 'ret' 'ret_ln0' <Predicate = (icmp_ln30)> <Delay = 0.48>

State 3 <SV = 2> <Delay = 4.48>
ST_3 : Operation 158 [1/1] (0.00ns)   --->   "%specloopname_ln0 = specloopname void @_ssdm_op_SpecLoopName, void @comp_i_comp_j_str"   --->   Operation 158 'specloopname' 'specloopname_ln0' <Predicate = true> <Delay = 0.00>
ST_3 : Operation 159 [1/1] (0.00ns)   --->   "%speclooptripcount_ln0 = speclooptripcount void @_ssdm_op_SpecLoopTripCount, i64 256, i64 256, i64 256"   --->   Operation 159 'speclooptripcount' 'speclooptripcount_ln0' <Predicate = true> <Delay = 0.00>
ST_3 : Operation 160 [1/1] (0.00ns)   --->   "%specpipeline_ln31 = specpipeline void @_ssdm_op_SpecPipeline, i32 4294967295, i32 0, i32 0, i32 0, void @empty_0" [mmult_baseline.cpp:31]   --->   Operation 160 'specpipeline' 'specpipeline_ln31' <Predicate = true> <Delay = 0.00>
ST_3 : Operation 161 [1/2] (1.35ns)   --->   "%tC_load = load i8 %tC_addr" [mmult_baseline.cpp:33]   --->   Operation 161 'load' 'tC_load' <Predicate = true> <Delay = 1.35> <CoreInst = "RAM">   --->   Core 82 'RAM' <Latency = 1> <II = 1> <Delay = 1.35> <Storage> <Opcode : 'load' 'store'> <Ports = 2> <Width = 32> <Depth = 256> <RAM>
ST_3 : Operation 162 [1/1] (0.00ns) (grouped into TernaryAdder)   --->   "%add_ln33 = add i32 %tC_load, i32 %mul_ln33_8" [mmult_baseline.cpp:33]   --->   Operation 162 'add' 'add_ln33' <Predicate = true> <Delay = 0.00> <CoreInst = "TAddSub">   --->   Core 10 'TAddSub' <Latency = 0> <II = 1> <Delay = 0.44> <IPBlock> <Opcode : '' 'add' 'sub'> <InPorts = 3> <OutPorts = 1> <Sync> <CReg>
ST_3 : Operation 163 [1/1] (0.88ns) (root node of TernaryAdder)   --->   "%add_ln33_2 = add i32 %add_ln33_1, i32 %add_ln33" [mmult_baseline.cpp:33]   --->   Operation 163 'add' 'add_ln33_2' <Predicate = true> <Delay = 0.88> <CoreInst = "TAddSub">   --->   Core 10 'TAddSub' <Latency = 0> <II = 1> <Delay = 0.44> <IPBlock> <Opcode : '' 'add' 'sub'> <InPorts = 3> <OutPorts = 1> <Sync> <CReg>
ST_3 : Operation 164 [1/1] (0.00ns) (grouped into TernaryAdder)   --->   "%add_ln33_6 = add i32 %add_ln33_5, i32 %add_ln33_2" [mmult_baseline.cpp:33]   --->   Operation 164 'add' 'add_ln33_6' <Predicate = true> <Delay = 0.00> <CoreInst = "TAddSub">   --->   Core 10 'TAddSub' <Latency = 0> <II = 1> <Delay = 0.44> <IPBlock> <Opcode : '' 'add' 'sub'> <InPorts = 3> <OutPorts = 1> <Sync> <CReg>
ST_3 : Operation 165 [1/1] (0.00ns) (grouped into TernaryAdder)   --->   "%add_ln33_9 = add i32 %add_ln33_8, i32 %add_ln33_7" [mmult_baseline.cpp:33]   --->   Operation 165 'add' 'add_ln33_9' <Predicate = true> <Delay = 0.00> <CoreInst = "TAddSub">   --->   Core 10 'TAddSub' <Latency = 0> <II = 1> <Delay = 0.44> <IPBlock> <Opcode : '' 'add' 'sub'> <InPorts = 3> <OutPorts = 1> <Sync> <CReg>
ST_3 : Operation 166 [1/1] (0.88ns) (root node of TernaryAdder)   --->   "%add_ln33_14 = add i32 %add_ln33_13, i32 %add_ln33_9" [mmult_baseline.cpp:33]   --->   Operation 166 'add' 'add_ln33_14' <Predicate = true> <Delay = 0.88> <CoreInst = "TAddSub">   --->   Core 10 'TAddSub' <Latency = 0> <II = 1> <Delay = 0.44> <IPBlock> <Opcode : '' 'add' 'sub'> <InPorts = 3> <OutPorts = 1> <Sync> <CReg>
ST_3 : Operation 167 [1/1] (0.88ns) (root node of TernaryAdder)   --->   "%add_ln33_15 = add i32 %add_ln33_14, i32 %add_ln33_6" [mmult_baseline.cpp:33]   --->   Operation 167 'add' 'add_ln33_15' <Predicate = true> <Delay = 0.88> <CoreInst = "TAddSub">   --->   Core 10 'TAddSub' <Latency = 0> <II = 1> <Delay = 0.44> <IPBlock> <Opcode : '' 'add' 'sub'> <InPorts = 3> <OutPorts = 1> <Sync> <CReg>
ST_3 : Operation 168 [1/1] (1.35ns)   --->   "%store_ln33 = store i32 %add_ln33_15, i8 %tC_addr" [mmult_baseline.cpp:33]   --->   Operation 168 'store' 'store_ln33' <Predicate = true> <Delay = 1.35> <CoreInst = "RAM">   --->   Core 82 'RAM' <Latency = 1> <II = 1> <Delay = 1.35> <Storage> <Opcode : 'load' 'store'> <Ports = 2> <Width = 32> <Depth = 256> <RAM>
ST_3 : Operation 169 [1/1] (0.00ns)   --->   "%br_ln31 = br void %comp_k" [mmult_baseline.cpp:31]   --->   Operation 169 'br' 'br_ln31' <Predicate = true> <Delay = 0.00>


============================================================
+ Verbose Summary: Binding
============================================================
STG Binding: 
---------------- STG Properties BEGIN ----------------
- Is combinational: 0
- Is one-state seq: 0
- Is datapath-only: 0
- Is pipelined: 0
- Is top level: 0
Port [ Return ] is wired: 1; IO mode=ap_ctrl_hs:ce=0
Port [ tA]:  wired=1; compound=1; hidden=0; nouse=0; global=0; static=0; extern=0; dir=0; type=1; pingpong=0; private_global=0; MemPort=[13]; IO mode=ap_memory:ce=0
Port [ tA_1]:  wired=1; compound=1; hidden=0; nouse=0; global=0; static=0; extern=0; dir=0; type=1; pingpong=0; private_global=0; MemPort=[13]; IO mode=ap_memory:ce=0
Port [ tA_2]:  wired=1; compound=1; hidden=0; nouse=0; global=0; static=0; extern=0; dir=0; type=1; pingpong=0; private_global=0; MemPort=[13]; IO mode=ap_memory:ce=0
Port [ tA_3]:  wired=1; compound=1; hidden=0; nouse=0; global=0; static=0; extern=0; dir=0; type=1; pingpong=0; private_global=0; MemPort=[13]; IO mode=ap_memory:ce=0
Port [ tA_4]:  wired=1; compound=1; hidden=0; nouse=0; global=0; static=0; extern=0; dir=0; type=1; pingpong=0; private_global=0; MemPort=[13]; IO mode=ap_memory:ce=0
Port [ tA_5]:  wired=1; compound=1; hidden=0; nouse=0; global=0; static=0; extern=0; dir=0; type=1; pingpong=0; private_global=0; MemPort=[13]; IO mode=ap_memory:ce=0
Port [ tA_6]:  wired=1; compound=1; hidden=0; nouse=0; global=0; static=0; extern=0; dir=0; type=1; pingpong=0; private_global=0; MemPort=[13]; IO mode=ap_memory:ce=0
Port [ tA_7]:  wired=1; compound=1; hidden=0; nouse=0; global=0; static=0; extern=0; dir=0; type=1; pingpong=0; private_global=0; MemPort=[13]; IO mode=ap_memory:ce=0
Port [ tA_8]:  wired=1; compound=1; hidden=0; nouse=0; global=0; static=0; extern=0; dir=0; type=1; pingpong=0; private_global=0; MemPort=[13]; IO mode=ap_memory:ce=0
Port [ tA_9]:  wired=1; compound=1; hidden=0; nouse=0; global=0; static=0; extern=0; dir=0; type=1; pingpong=0; private_global=0; MemPort=[13]; IO mode=ap_memory:ce=0
Port [ tA_10]:  wired=1; compound=1; hidden=0; nouse=0; global=0; static=0; extern=0; dir=0; type=1; pingpong=0; private_global=0; MemPort=[13]; IO mode=ap_memory:ce=0
Port [ tA_11]:  wired=1; compound=1; hidden=0; nouse=0; global=0; static=0; extern=0; dir=0; type=1; pingpong=0; private_global=0; MemPort=[13]; IO mode=ap_memory:ce=0
Port [ tA_12]:  wired=1; compound=1; hidden=0; nouse=0; global=0; static=0; extern=0; dir=0; type=1; pingpong=0; private_global=0; MemPort=[13]; IO mode=ap_memory:ce=0
Port [ tA_13]:  wired=1; compound=1; hidden=0; nouse=0; global=0; static=0; extern=0; dir=0; type=1; pingpong=0; private_global=0; MemPort=[13]; IO mode=ap_memory:ce=0
Port [ tA_14]:  wired=1; compound=1; hidden=0; nouse=0; global=0; static=0; extern=0; dir=0; type=1; pingpong=0; private_global=0; MemPort=[13]; IO mode=ap_memory:ce=0
Port [ tA_15]:  wired=1; compound=1; hidden=0; nouse=0; global=0; static=0; extern=0; dir=0; type=1; pingpong=0; private_global=0; MemPort=[13]; IO mode=ap_memory:ce=0
Port [ tC]:  wired=1; compound=1; hidden=0; nouse=0; global=0; static=0; extern=0; dir=2; type=1; pingpong=0; private_global=0; MemPort=[01]; IO mode=ap_memory:ce=0
Port [ tB]:  wired=1; compound=1; hidden=0; nouse=0; global=0; static=0; extern=0; dir=0; type=1; pingpong=0; private_global=0; MemPort=[13]; IO mode=ap_memory:ce=0
Port [ tB_1]:  wired=1; compound=1; hidden=0; nouse=0; global=0; static=0; extern=0; dir=0; type=1; pingpong=0; private_global=0; MemPort=[13]; IO mode=ap_memory:ce=0
Port [ tB_2]:  wired=1; compound=1; hidden=0; nouse=0; global=0; static=0; extern=0; dir=0; type=1; pingpong=0; private_global=0; MemPort=[13]; IO mode=ap_memory:ce=0
Port [ tB_3]:  wired=1; compound=1; hidden=0; nouse=0; global=0; static=0; extern=0; dir=0; type=1; pingpong=0; private_global=0; MemPort=[13]; IO mode=ap_memory:ce=0
Port [ tB_4]:  wired=1; compound=1; hidden=0; nouse=0; global=0; static=0; extern=0; dir=0; type=1; pingpong=0; private_global=0; MemPort=[13]; IO mode=ap_memory:ce=0
Port [ tB_5]:  wired=1; compound=1; hidden=0; nouse=0; global=0; static=0; extern=0; dir=0; type=1; pingpong=0; private_global=0; MemPort=[13]; IO mode=ap_memory:ce=0
Port [ tB_6]:  wired=1; compound=1; hidden=0; nouse=0; global=0; static=0; extern=0; dir=0; type=1; pingpong=0; private_global=0; MemPort=[13]; IO mode=ap_memory:ce=0
Port [ tB_7]:  wired=1; compound=1; hidden=0; nouse=0; global=0; static=0; extern=0; dir=0; type=1; pingpong=0; private_global=0; MemPort=[13]; IO mode=ap_memory:ce=0
Port [ tB_8]:  wired=1; compound=1; hidden=0; nouse=0; global=0; static=0; extern=0; dir=0; type=1; pingpong=0; private_global=0; MemPort=[13]; IO mode=ap_memory:ce=0
Port [ tB_9]:  wired=1; compound=1; hidden=0; nouse=0; global=0; static=0; extern=0; dir=0; type=1; pingpong=0; private_global=0; MemPort=[13]; IO mode=ap_memory:ce=0
Port [ tB_10]:  wired=1; compound=1; hidden=0; nouse=0; global=0; static=0; extern=0; dir=0; type=1; pingpong=0; private_global=0; MemPort=[13]; IO mode=ap_memory:ce=0
Port [ tB_11]:  wired=1; compound=1; hidden=0; nouse=0; global=0; static=0; extern=0; dir=0; type=1; pingpong=0; private_global=0; MemPort=[13]; IO mode=ap_memory:ce=0
Port [ tB_12]:  wired=1; compound=1; hidden=0; nouse=0; global=0; static=0; extern=0; dir=0; type=1; pingpong=0; private_global=0; MemPort=[13]; IO mode=ap_memory:ce=0
Port [ tB_13]:  wired=1; compound=1; hidden=0; nouse=0; global=0; static=0; extern=0; dir=0; type=1; pingpong=0; private_global=0; MemPort=[13]; IO mode=ap_memory:ce=0
Port [ tB_14]:  wired=1; compound=1; hidden=0; nouse=0; global=0; static=0; extern=0; dir=0; type=1; pingpong=0; private_global=0; MemPort=[13]; IO mode=ap_memory:ce=0
Port [ tB_15]:  wired=1; compound=1; hidden=0; nouse=0; global=0; static=0; extern=0; dir=0; type=1; pingpong=0; private_global=0; MemPort=[13]; IO mode=ap_memory:ce=0
---------------- STG Properties END ------------------

---------------- Datapath Model BEGIN ----------------

<LifeTime>
<method=bitvector/>
j                     (alloca           ) [ 0100]
i                     (alloca           ) [ 0100]
indvar_flatten20      (alloca           ) [ 0100]
store_ln0             (store            ) [ 0000]
store_ln30            (store            ) [ 0000]
store_ln31            (store            ) [ 0000]
br_ln0                (br               ) [ 0000]
indvar_flatten20_load (load             ) [ 0000]
icmp_ln30             (icmp             ) [ 0110]
add_ln30_1            (add              ) [ 0000]
br_ln30               (br               ) [ 0000]
j_load                (load             ) [ 0000]
i_load                (load             ) [ 0000]
add_ln30              (add              ) [ 0000]
icmp_ln31             (icmp             ) [ 0000]
select_ln30           (select           ) [ 0000]
select_ln30_1         (select           ) [ 0000]
trunc_ln30            (trunc            ) [ 0000]
zext_ln30             (zext             ) [ 0000]
tmp_s                 (bitconcatenate   ) [ 0000]
tA_addr               (getelementptr    ) [ 0110]
tA_1_addr             (getelementptr    ) [ 0110]
tA_2_addr             (getelementptr    ) [ 0110]
tA_3_addr             (getelementptr    ) [ 0110]
tA_4_addr             (getelementptr    ) [ 0110]
tA_5_addr             (getelementptr    ) [ 0110]
tA_6_addr             (getelementptr    ) [ 0110]
tA_7_addr             (getelementptr    ) [ 0110]
tA_8_addr             (getelementptr    ) [ 0110]
tA_9_addr             (getelementptr    ) [ 0110]
tA_10_addr            (getelementptr    ) [ 0110]
tA_11_addr            (getelementptr    ) [ 0110]
tA_12_addr            (getelementptr    ) [ 0110]
tA_13_addr            (getelementptr    ) [ 0110]
tA_14_addr            (getelementptr    ) [ 0110]
tA_15_addr            (getelementptr    ) [ 0110]
zext_ln31             (zext             ) [ 0000]
select_ln30_cast      (zext             ) [ 0000]
empty                 (add              ) [ 0110]
tB_addr               (getelementptr    ) [ 0110]
tB_1_addr             (getelementptr    ) [ 0110]
tB_2_addr             (getelementptr    ) [ 0110]
tB_3_addr             (getelementptr    ) [ 0110]
tB_4_addr             (getelementptr    ) [ 0110]
tB_5_addr             (getelementptr    ) [ 0110]
tB_6_addr             (getelementptr    ) [ 0110]
tB_7_addr             (getelementptr    ) [ 0110]
tB_8_addr             (getelementptr    ) [ 0110]
tB_9_addr             (getelementptr    ) [ 0110]
tB_10_addr            (getelementptr    ) [ 0110]
tB_11_addr            (getelementptr    ) [ 0110]
tB_12_addr            (getelementptr    ) [ 0110]
tB_13_addr            (getelementptr    ) [ 0110]
tB_14_addr            (getelementptr    ) [ 0110]
tB_15_addr            (getelementptr    ) [ 0110]
add_ln31              (add              ) [ 0000]
store_ln30            (store            ) [ 0000]
store_ln30            (store            ) [ 0000]
store_ln31            (store            ) [ 0000]
tA_load               (load             ) [ 0000]
tA_1_load             (load             ) [ 0000]
tA_2_load             (load             ) [ 0000]
tA_3_load             (load             ) [ 0000]
tA_4_load             (load             ) [ 0000]
tA_5_load             (load             ) [ 0000]
tA_6_load             (load             ) [ 0000]
tA_7_load             (load             ) [ 0000]
tA_8_load             (load             ) [ 0000]
tA_9_load             (load             ) [ 0000]
tA_10_load            (load             ) [ 0000]
tA_11_load            (load             ) [ 0000]
tA_12_load            (load             ) [ 0000]
tA_13_load            (load             ) [ 0000]
tA_14_load            (load             ) [ 0000]
tA_15_load            (load             ) [ 0000]
p_cast                (zext             ) [ 0000]
tC_addr               (getelementptr    ) [ 0101]
tB_load               (load             ) [ 0000]
tB_1_load             (load             ) [ 0000]
tB_2_load             (load             ) [ 0000]
tB_3_load             (load             ) [ 0000]
tB_4_load             (load             ) [ 0000]
tB_5_load             (load             ) [ 0000]
tB_6_load             (load             ) [ 0000]
tB_7_load             (load             ) [ 0000]
tB_8_load             (load             ) [ 0000]
tB_9_load             (load             ) [ 0000]
tB_10_load            (load             ) [ 0000]
tB_11_load            (load             ) [ 0000]
tB_12_load            (load             ) [ 0000]
tB_13_load            (load             ) [ 0000]
tB_14_load            (load             ) [ 0000]
tB_15_load            (load             ) [ 0000]
mul_ln33              (mul              ) [ 0000]
mul_ln33_1            (mul              ) [ 0000]
mul_ln33_2            (mul              ) [ 0000]
mul_ln33_3            (mul              ) [ 0000]
mul_ln33_4            (mul              ) [ 0000]
mul_ln33_5            (mul              ) [ 0000]
mul_ln33_6            (mul              ) [ 0000]
mul_ln33_7            (mul              ) [ 0000]
mul_ln33_8            (mul              ) [ 0101]
mul_ln33_9            (mul              ) [ 0000]
mul_ln33_10           (mul              ) [ 0000]
mul_ln33_11           (mul              ) [ 0000]
mul_ln33_12           (mul              ) [ 0000]
mul_ln33_13           (mul              ) [ 0000]
mul_ln33_14           (mul              ) [ 0000]
mul_ln33_15           (mul              ) [ 0000]
add_ln33_1            (add              ) [ 0101]
add_ln33_3            (add              ) [ 0000]
add_ln33_4            (add              ) [ 0000]
add_ln33_5            (add              ) [ 0101]
add_ln33_7            (add              ) [ 0101]
add_ln33_8            (add              ) [ 0101]
add_ln33_10           (add              ) [ 0000]
add_ln33_11           (add              ) [ 0000]
add_ln33_12           (add              ) [ 0000]
add_ln33_13           (add              ) [ 0101]
specloopname_ln0      (specloopname     ) [ 0000]
speclooptripcount_ln0 (speclooptripcount) [ 0000]
specpipeline_ln31     (specpipeline     ) [ 0000]
tC_load               (load             ) [ 0000]
add_ln33              (add              ) [ 0000]
add_ln33_2            (add              ) [ 0000]
add_ln33_6            (add              ) [ 0000]
add_ln33_9            (add              ) [ 0000]
add_ln33_14           (add              ) [ 0000]
add_ln33_15           (add              ) [ 0000]
store_ln33            (store            ) [ 0000]
br_ln31               (br               ) [ 0000]
ret_ln0               (ret              ) [ 0000]
</LifeTime>

<model>

<comp_list>
<comp id="0" class="1000" name="tA">
<pin_list>
<pin id="1" dir="1" index="0" bw="1" slack="0"/>
</pin_list>
<bind>
<StgValue><ssdm name="tA"/><MemPortTyVec>1 3 </MemPortTyVec>
</StgValue>
</bind>
</comp>

<comp id="2" class="1000" name="tA_1">
<pin_list>
<pin id="3" dir="1" index="0" bw="1" slack="0"/>
</pin_list>
<bind>
<StgValue><ssdm name="tA_1"/><MemPortTyVec>1 3 </MemPortTyVec>
</StgValue>
</bind>
</comp>

<comp id="4" class="1000" name="tA_2">
<pin_list>
<pin id="5" dir="1" index="0" bw="1" slack="0"/>
</pin_list>
<bind>
<StgValue><ssdm name="tA_2"/><MemPortTyVec>1 3 </MemPortTyVec>
</StgValue>
</bind>
</comp>

<comp id="6" class="1000" name="tA_3">
<pin_list>
<pin id="7" dir="1" index="0" bw="1" slack="0"/>
</pin_list>
<bind>
<StgValue><ssdm name="tA_3"/><MemPortTyVec>1 3 </MemPortTyVec>
</StgValue>
</bind>
</comp>

<comp id="8" class="1000" name="tA_4">
<pin_list>
<pin id="9" dir="1" index="0" bw="1" slack="0"/>
</pin_list>
<bind>
<StgValue><ssdm name="tA_4"/><MemPortTyVec>1 3 </MemPortTyVec>
</StgValue>
</bind>
</comp>

<comp id="10" class="1000" name="tA_5">
<pin_list>
<pin id="11" dir="1" index="0" bw="1" slack="0"/>
</pin_list>
<bind>
<StgValue><ssdm name="tA_5"/><MemPortTyVec>1 3 </MemPortTyVec>
</StgValue>
</bind>
</comp>

<comp id="12" class="1000" name="tA_6">
<pin_list>
<pin id="13" dir="1" index="0" bw="1" slack="0"/>
</pin_list>
<bind>
<StgValue><ssdm name="tA_6"/><MemPortTyVec>1 3 </MemPortTyVec>
</StgValue>
</bind>
</comp>

<comp id="14" class="1000" name="tA_7">
<pin_list>
<pin id="15" dir="1" index="0" bw="1" slack="0"/>
</pin_list>
<bind>
<StgValue><ssdm name="tA_7"/><MemPortTyVec>1 3 </MemPortTyVec>
</StgValue>
</bind>
</comp>

<comp id="16" class="1000" name="tA_8">
<pin_list>
<pin id="17" dir="1" index="0" bw="1" slack="0"/>
</pin_list>
<bind>
<StgValue><ssdm name="tA_8"/><MemPortTyVec>1 3 </MemPortTyVec>
</StgValue>
</bind>
</comp>

<comp id="18" class="1000" name="tA_9">
<pin_list>
<pin id="19" dir="1" index="0" bw="1" slack="0"/>
</pin_list>
<bind>
<StgValue><ssdm name="tA_9"/><MemPortTyVec>1 3 </MemPortTyVec>
</StgValue>
</bind>
</comp>

<comp id="20" class="1000" name="tA_10">
<pin_list>
<pin id="21" dir="1" index="0" bw="1" slack="0"/>
</pin_list>
<bind>
<StgValue><ssdm name="tA_10"/><MemPortTyVec>1 3 </MemPortTyVec>
</StgValue>
</bind>
</comp>

<comp id="22" class="1000" name="tA_11">
<pin_list>
<pin id="23" dir="1" index="0" bw="1" slack="0"/>
</pin_list>
<bind>
<StgValue><ssdm name="tA_11"/><MemPortTyVec>1 3 </MemPortTyVec>
</StgValue>
</bind>
</comp>

<comp id="24" class="1000" name="tA_12">
<pin_list>
<pin id="25" dir="1" index="0" bw="1" slack="0"/>
</pin_list>
<bind>
<StgValue><ssdm name="tA_12"/><MemPortTyVec>1 3 </MemPortTyVec>
</StgValue>
</bind>
</comp>

<comp id="26" class="1000" name="tA_13">
<pin_list>
<pin id="27" dir="1" index="0" bw="1" slack="0"/>
</pin_list>
<bind>
<StgValue><ssdm name="tA_13"/><MemPortTyVec>1 3 </MemPortTyVec>
</StgValue>
</bind>
</comp>

<comp id="28" class="1000" name="tA_14">
<pin_list>
<pin id="29" dir="1" index="0" bw="1" slack="0"/>
</pin_list>
<bind>
<StgValue><ssdm name="tA_14"/><MemPortTyVec>1 3 </MemPortTyVec>
</StgValue>
</bind>
</comp>

<comp id="30" class="1000" name="tA_15">
<pin_list>
<pin id="31" dir="1" index="0" bw="1" slack="0"/>
</pin_list>
<bind>
<StgValue><ssdm name="tA_15"/><MemPortTyVec>1 3 </MemPortTyVec>
</StgValue>
</bind>
</comp>

<comp id="32" class="1000" name="tC">
<pin_list>
<pin id="33" dir="1" index="0" bw="1" slack="0"/>
</pin_list>
<bind>
<StgValue><ssdm name="tC"/><MemPortTyVec>0 1 </MemPortTyVec>
</StgValue>
</bind>
</comp>

<comp id="34" class="1000" name="tB">
<pin_list>
<pin id="35" dir="1" index="0" bw="1" slack="0"/>
</pin_list>
<bind>
<StgValue><ssdm name="tB"/><MemPortTyVec>1 3 </MemPortTyVec>
</StgValue>
</bind>
</comp>

<comp id="36" class="1000" name="tB_1">
<pin_list>
<pin id="37" dir="1" index="0" bw="1" slack="0"/>
</pin_list>
<bind>
<StgValue><ssdm name="tB_1"/><MemPortTyVec>1 3 </MemPortTyVec>
</StgValue>
</bind>
</comp>

<comp id="38" class="1000" name="tB_2">
<pin_list>
<pin id="39" dir="1" index="0" bw="1" slack="0"/>
</pin_list>
<bind>
<StgValue><ssdm name="tB_2"/><MemPortTyVec>1 3 </MemPortTyVec>
</StgValue>
</bind>
</comp>

<comp id="40" class="1000" name="tB_3">
<pin_list>
<pin id="41" dir="1" index="0" bw="1" slack="0"/>
</pin_list>
<bind>
<StgValue><ssdm name="tB_3"/><MemPortTyVec>1 3 </MemPortTyVec>
</StgValue>
</bind>
</comp>

<comp id="42" class="1000" name="tB_4">
<pin_list>
<pin id="43" dir="1" index="0" bw="1" slack="0"/>
</pin_list>
<bind>
<StgValue><ssdm name="tB_4"/><MemPortTyVec>1 3 </MemPortTyVec>
</StgValue>
</bind>
</comp>

<comp id="44" class="1000" name="tB_5">
<pin_list>
<pin id="45" dir="1" index="0" bw="1" slack="0"/>
</pin_list>
<bind>
<StgValue><ssdm name="tB_5"/><MemPortTyVec>1 3 </MemPortTyVec>
</StgValue>
</bind>
</comp>

<comp id="46" class="1000" name="tB_6">
<pin_list>
<pin id="47" dir="1" index="0" bw="1" slack="0"/>
</pin_list>
<bind>
<StgValue><ssdm name="tB_6"/><MemPortTyVec>1 3 </MemPortTyVec>
</StgValue>
</bind>
</comp>

<comp id="48" class="1000" name="tB_7">
<pin_list>
<pin id="49" dir="1" index="0" bw="1" slack="0"/>
</pin_list>
<bind>
<StgValue><ssdm name="tB_7"/><MemPortTyVec>1 3 </MemPortTyVec>
</StgValue>
</bind>
</comp>

<comp id="50" class="1000" name="tB_8">
<pin_list>
<pin id="51" dir="1" index="0" bw="1" slack="0"/>
</pin_list>
<bind>
<StgValue><ssdm name="tB_8"/><MemPortTyVec>1 3 </MemPortTyVec>
</StgValue>
</bind>
</comp>

<comp id="52" class="1000" name="tB_9">
<pin_list>
<pin id="53" dir="1" index="0" bw="1" slack="0"/>
</pin_list>
<bind>
<StgValue><ssdm name="tB_9"/><MemPortTyVec>1 3 </MemPortTyVec>
</StgValue>
</bind>
</comp>

<comp id="54" class="1000" name="tB_10">
<pin_list>
<pin id="55" dir="1" index="0" bw="1" slack="0"/>
</pin_list>
<bind>
<StgValue><ssdm name="tB_10"/><MemPortTyVec>1 3 </MemPortTyVec>
</StgValue>
</bind>
</comp>

<comp id="56" class="1000" name="tB_11">
<pin_list>
<pin id="57" dir="1" index="0" bw="1" slack="0"/>
</pin_list>
<bind>
<StgValue><ssdm name="tB_11"/><MemPortTyVec>1 3 </MemPortTyVec>
</StgValue>
</bind>
</comp>

<comp id="58" class="1000" name="tB_12">
<pin_list>
<pin id="59" dir="1" index="0" bw="1" slack="0"/>
</pin_list>
<bind>
<StgValue><ssdm name="tB_12"/><MemPortTyVec>1 3 </MemPortTyVec>
</StgValue>
</bind>
</comp>

<comp id="60" class="1000" name="tB_13">
<pin_list>
<pin id="61" dir="1" index="0" bw="1" slack="0"/>
</pin_list>
<bind>
<StgValue><ssdm name="tB_13"/><MemPortTyVec>1 3 </MemPortTyVec>
</StgValue>
</bind>
</comp>

<comp id="62" class="1000" name="tB_14">
<pin_list>
<pin id="63" dir="1" index="0" bw="1" slack="0"/>
</pin_list>
<bind>
<StgValue><ssdm name="tB_14"/><MemPortTyVec>1 3 </MemPortTyVec>
</StgValue>
</bind>
</comp>

<comp id="64" class="1000" name="tB_15">
<pin_list>
<pin id="65" dir="1" index="0" bw="1" slack="0"/>
</pin_list>
<bind>
<StgValue><ssdm name="tB_15"/><MemPortTyVec>1 3 </MemPortTyVec>
</StgValue>
</bind>
</comp>

<comp id="66" class="1001" name="const_66">
<pin_list>
<pin id="67" dir="1" index="0" bw="1" slack="0"/>
</pin_list>
<bind>
<StgValue><ssdm name=""/></StgValue>
</bind>
</comp>

<comp id="68" class="1001" name="const_68">
<pin_list>
<pin id="69" dir="1" index="0" bw="1" slack="0"/>
</pin_list>
<bind>
<StgValue><ssdm name=""/></StgValue>
</bind>
</comp>

<comp id="70" class="1001" name="const_70">
<pin_list>
<pin id="71" dir="1" index="0" bw="1" slack="0"/>
</pin_list>
<bind>
<StgValue><ssdm name=""/></StgValue>
</bind>
</comp>

<comp id="72" class="1001" name="const_72">
<pin_list>
<pin id="73" dir="1" index="0" bw="1" slack="0"/>
</pin_list>
<bind>
<StgValue><ssdm name=""/></StgValue>
</bind>
</comp>

<comp id="74" class="1001" name="const_74">
<pin_list>
<pin id="75" dir="1" index="0" bw="1" slack="0"/>
</pin_list>
<bind>
<StgValue><ssdm name=""/></StgValue>
</bind>
</comp>

<comp id="76" class="1001" name="const_76">
<pin_list>
<pin id="77" dir="1" index="0" bw="1" slack="0"/>
</pin_list>
<bind>
<StgValue><ssdm name=""/></StgValue>
</bind>
</comp>

<comp id="78" class="1001" name="const_78">
<pin_list>
<pin id="79" dir="1" index="0" bw="1" slack="0"/>
</pin_list>
<bind>
<StgValue><ssdm name=""/></StgValue>
</bind>
</comp>

<comp id="80" class="1001" name="const_80">
<pin_list>
<pin id="81" dir="1" index="0" bw="1" slack="0"/>
</pin_list>
<bind>
<StgValue><ssdm name="_ssdm_op_BitConcatenate.i8.i4.i4"/></StgValue>
</bind>
</comp>

<comp id="82" class="1001" name="const_82">
<pin_list>
<pin id="83" dir="1" index="0" bw="1" slack="0"/>
</pin_list>
<bind>
<StgValue><ssdm name=""/></StgValue>
</bind>
</comp>

<comp id="84" class="1001" name="const_84">
<pin_list>
<pin id="85" dir="1" index="0" bw="1" slack="0"/>
</pin_list>
<bind>
<StgValue><ssdm name=""/></StgValue>
</bind>
</comp>

<comp id="86" class="1001" name="const_86">
<pin_list>
<pin id="87" dir="1" index="0" bw="1" slack="2147483647"/>
</pin_list>
<bind>
<StgValue><ssdm name="_ssdm_op_SpecLoopName"/></StgValue>
</bind>
</comp>

<comp id="88" class="1001" name="const_88">
<pin_list>
<pin id="89" dir="1" index="0" bw="1" slack="2147483647"/>
</pin_list>
<bind>
<StgValue><ssdm name="comp_i_comp_j_str"/></StgValue>
</bind>
</comp>

<comp id="90" class="1001" name="const_90">
<pin_list>
<pin id="91" dir="1" index="0" bw="1" slack="2147483647"/>
</pin_list>
<bind>
<StgValue><ssdm name="_ssdm_op_SpecLoopTripCount"/></StgValue>
</bind>
</comp>

<comp id="92" class="1001" name="const_92">
<pin_list>
<pin id="93" dir="1" index="0" bw="1" slack="2147483647"/>
</pin_list>
<bind>
<StgValue><ssdm name=""/></StgValue>
</bind>
</comp>

<comp id="94" class="1001" name="const_94">
<pin_list>
<pin id="95" dir="1" index="0" bw="1" slack="2147483647"/>
</pin_list>
<bind>
<StgValue><ssdm name="_ssdm_op_SpecPipeline"/></StgValue>
</bind>
</comp>

<comp id="96" class="1001" name="const_96">
<pin_list>
<pin id="97" dir="1" index="0" bw="1" slack="2147483647"/>
</pin_list>
<bind>
<StgValue><ssdm name=""/></StgValue>
</bind>
</comp>

<comp id="98" class="1001" name="const_98">
<pin_list>
<pin id="99" dir="1" index="0" bw="1" slack="2147483647"/>
</pin_list>
<bind>
<StgValue><ssdm name=""/></StgValue>
</bind>
</comp>

<comp id="100" class="1001" name="const_100">
<pin_list>
<pin id="101" dir="1" index="0" bw="1" slack="2147483647"/>
</pin_list>
<bind>
<StgValue><ssdm name="empty_0"/></StgValue>
</bind>
</comp>

<comp id="102" class="1004" name="j_fu_102">
<pin_list>
<pin id="103" dir="0" index="0" bw="1" slack="0"/>
<pin id="104" dir="1" index="1" bw="5" slack="0"/>
</pin_list>
<bind>
<opcode="alloca(26) " fcode="alloca"/>
<opset="j/1 "/>
</bind>
</comp>

<comp id="106" class="1004" name="i_fu_106">
<pin_list>
<pin id="107" dir="0" index="0" bw="1" slack="0"/>
<pin id="108" dir="1" index="1" bw="5" slack="0"/>
</pin_list>
<bind>
<opcode="alloca(26) " fcode="alloca"/>
<opset="i/1 "/>
</bind>
</comp>

<comp id="110" class="1004" name="indvar_flatten20_fu_110">
<pin_list>
<pin id="111" dir="0" index="0" bw="1" slack="0"/>
<pin id="112" dir="1" index="1" bw="9" slack="0"/>
</pin_list>
<bind>
<opcode="alloca(26) " fcode="alloca"/>
<opset="indvar_flatten20/1 "/>
</bind>
</comp>

<comp id="114" class="1004" name="tA_addr_gep_fu_114">
<pin_list>
<pin id="115" dir="0" index="0" bw="32" slack="0"/>
<pin id="116" dir="0" index="1" bw="1" slack="0"/>
<pin id="117" dir="0" index="2" bw="5" slack="0"/>
<pin id="118" dir="1" index="3" bw="4" slack="0"/>
</pin_list>
<bind>
<opcode="getelementptr(29) " fcode="getelementptr"/>
<opset="tA_addr/1 "/>
</bind>
</comp>

<comp id="121" class="1004" name="grp_access_fu_121">
<pin_list>
<pin id="122" dir="0" index="0" bw="4" slack="0"/>
<pin id="123" dir="0" index="1" bw="32" slack="2147483647"/>
<pin id="124" dir="0" index="2" bw="0" slack="2147483647"/>
<pin id="125" dir="1" index="3" bw="32" slack="0"/>
</pin_list>
<bind>
<opcode="load(27) " fcode="load"/>
<opset="tA_load/1 "/>
</bind>
</comp>

<comp id="127" class="1004" name="tA_1_addr_gep_fu_127">
<pin_list>
<pin id="128" dir="0" index="0" bw="32" slack="0"/>
<pin id="129" dir="0" index="1" bw="1" slack="0"/>
<pin id="130" dir="0" index="2" bw="5" slack="0"/>
<pin id="131" dir="1" index="3" bw="4" slack="0"/>
</pin_list>
<bind>
<opcode="getelementptr(29) " fcode="getelementptr"/>
<opset="tA_1_addr/1 "/>
</bind>
</comp>

<comp id="134" class="1004" name="grp_access_fu_134">
<pin_list>
<pin id="135" dir="0" index="0" bw="4" slack="0"/>
<pin id="136" dir="0" index="1" bw="32" slack="2147483647"/>
<pin id="137" dir="0" index="2" bw="0" slack="2147483647"/>
<pin id="138" dir="1" index="3" bw="32" slack="0"/>
</pin_list>
<bind>
<opcode="load(27) " fcode="load"/>
<opset="tA_1_load/1 "/>
</bind>
</comp>

<comp id="140" class="1004" name="tA_2_addr_gep_fu_140">
<pin_list>
<pin id="141" dir="0" index="0" bw="32" slack="0"/>
<pin id="142" dir="0" index="1" bw="1" slack="0"/>
<pin id="143" dir="0" index="2" bw="5" slack="0"/>
<pin id="144" dir="1" index="3" bw="4" slack="0"/>
</pin_list>
<bind>
<opcode="getelementptr(29) " fcode="getelementptr"/>
<opset="tA_2_addr/1 "/>
</bind>
</comp>

<comp id="147" class="1004" name="grp_access_fu_147">
<pin_list>
<pin id="148" dir="0" index="0" bw="4" slack="0"/>
<pin id="149" dir="0" index="1" bw="32" slack="2147483647"/>
<pin id="150" dir="0" index="2" bw="0" slack="2147483647"/>
<pin id="151" dir="1" index="3" bw="32" slack="0"/>
</pin_list>
<bind>
<opcode="load(27) " fcode="load"/>
<opset="tA_2_load/1 "/>
</bind>
</comp>

<comp id="153" class="1004" name="tA_3_addr_gep_fu_153">
<pin_list>
<pin id="154" dir="0" index="0" bw="32" slack="0"/>
<pin id="155" dir="0" index="1" bw="1" slack="0"/>
<pin id="156" dir="0" index="2" bw="5" slack="0"/>
<pin id="157" dir="1" index="3" bw="4" slack="0"/>
</pin_list>
<bind>
<opcode="getelementptr(29) " fcode="getelementptr"/>
<opset="tA_3_addr/1 "/>
</bind>
</comp>

<comp id="160" class="1004" name="grp_access_fu_160">
<pin_list>
<pin id="161" dir="0" index="0" bw="4" slack="0"/>
<pin id="162" dir="0" index="1" bw="32" slack="2147483647"/>
<pin id="163" dir="0" index="2" bw="0" slack="2147483647"/>
<pin id="164" dir="1" index="3" bw="32" slack="0"/>
</pin_list>
<bind>
<opcode="load(27) " fcode="load"/>
<opset="tA_3_load/1 "/>
</bind>
</comp>

<comp id="166" class="1004" name="tA_4_addr_gep_fu_166">
<pin_list>
<pin id="167" dir="0" index="0" bw="32" slack="0"/>
<pin id="168" dir="0" index="1" bw="1" slack="0"/>
<pin id="169" dir="0" index="2" bw="5" slack="0"/>
<pin id="170" dir="1" index="3" bw="4" slack="0"/>
</pin_list>
<bind>
<opcode="getelementptr(29) " fcode="getelementptr"/>
<opset="tA_4_addr/1 "/>
</bind>
</comp>

<comp id="173" class="1004" name="grp_access_fu_173">
<pin_list>
<pin id="174" dir="0" index="0" bw="4" slack="0"/>
<pin id="175" dir="0" index="1" bw="32" slack="2147483647"/>
<pin id="176" dir="0" index="2" bw="0" slack="2147483647"/>
<pin id="177" dir="1" index="3" bw="32" slack="0"/>
</pin_list>
<bind>
<opcode="load(27) " fcode="load"/>
<opset="tA_4_load/1 "/>
</bind>
</comp>

<comp id="179" class="1004" name="tA_5_addr_gep_fu_179">
<pin_list>
<pin id="180" dir="0" index="0" bw="32" slack="0"/>
<pin id="181" dir="0" index="1" bw="1" slack="0"/>
<pin id="182" dir="0" index="2" bw="5" slack="0"/>
<pin id="183" dir="1" index="3" bw="4" slack="0"/>
</pin_list>
<bind>
<opcode="getelementptr(29) " fcode="getelementptr"/>
<opset="tA_5_addr/1 "/>
</bind>
</comp>

<comp id="186" class="1004" name="grp_access_fu_186">
<pin_list>
<pin id="187" dir="0" index="0" bw="4" slack="0"/>
<pin id="188" dir="0" index="1" bw="32" slack="2147483647"/>
<pin id="189" dir="0" index="2" bw="0" slack="2147483647"/>
<pin id="190" dir="1" index="3" bw="32" slack="0"/>
</pin_list>
<bind>
<opcode="load(27) " fcode="load"/>
<opset="tA_5_load/1 "/>
</bind>
</comp>

<comp id="192" class="1004" name="tA_6_addr_gep_fu_192">
<pin_list>
<pin id="193" dir="0" index="0" bw="32" slack="0"/>
<pin id="194" dir="0" index="1" bw="1" slack="0"/>
<pin id="195" dir="0" index="2" bw="5" slack="0"/>
<pin id="196" dir="1" index="3" bw="4" slack="0"/>
</pin_list>
<bind>
<opcode="getelementptr(29) " fcode="getelementptr"/>
<opset="tA_6_addr/1 "/>
</bind>
</comp>

<comp id="199" class="1004" name="grp_access_fu_199">
<pin_list>
<pin id="200" dir="0" index="0" bw="4" slack="0"/>
<pin id="201" dir="0" index="1" bw="32" slack="2147483647"/>
<pin id="202" dir="0" index="2" bw="0" slack="2147483647"/>
<pin id="203" dir="1" index="3" bw="32" slack="0"/>
</pin_list>
<bind>
<opcode="load(27) " fcode="load"/>
<opset="tA_6_load/1 "/>
</bind>
</comp>

<comp id="205" class="1004" name="tA_7_addr_gep_fu_205">
<pin_list>
<pin id="206" dir="0" index="0" bw="32" slack="0"/>
<pin id="207" dir="0" index="1" bw="1" slack="0"/>
<pin id="208" dir="0" index="2" bw="5" slack="0"/>
<pin id="209" dir="1" index="3" bw="4" slack="0"/>
</pin_list>
<bind>
<opcode="getelementptr(29) " fcode="getelementptr"/>
<opset="tA_7_addr/1 "/>
</bind>
</comp>

<comp id="212" class="1004" name="grp_access_fu_212">
<pin_list>
<pin id="213" dir="0" index="0" bw="4" slack="0"/>
<pin id="214" dir="0" index="1" bw="32" slack="2147483647"/>
<pin id="215" dir="0" index="2" bw="0" slack="2147483647"/>
<pin id="216" dir="1" index="3" bw="32" slack="0"/>
</pin_list>
<bind>
<opcode="load(27) " fcode="load"/>
<opset="tA_7_load/1 "/>
</bind>
</comp>

<comp id="218" class="1004" name="tA_8_addr_gep_fu_218">
<pin_list>
<pin id="219" dir="0" index="0" bw="32" slack="0"/>
<pin id="220" dir="0" index="1" bw="1" slack="0"/>
<pin id="221" dir="0" index="2" bw="5" slack="0"/>
<pin id="222" dir="1" index="3" bw="4" slack="0"/>
</pin_list>
<bind>
<opcode="getelementptr(29) " fcode="getelementptr"/>
<opset="tA_8_addr/1 "/>
</bind>
</comp>

<comp id="225" class="1004" name="grp_access_fu_225">
<pin_list>
<pin id="226" dir="0" index="0" bw="4" slack="0"/>
<pin id="227" dir="0" index="1" bw="32" slack="2147483647"/>
<pin id="228" dir="0" index="2" bw="0" slack="2147483647"/>
<pin id="229" dir="1" index="3" bw="32" slack="0"/>
</pin_list>
<bind>
<opcode="load(27) " fcode="load"/>
<opset="tA_8_load/1 "/>
</bind>
</comp>

<comp id="231" class="1004" name="tA_9_addr_gep_fu_231">
<pin_list>
<pin id="232" dir="0" index="0" bw="32" slack="0"/>
<pin id="233" dir="0" index="1" bw="1" slack="0"/>
<pin id="234" dir="0" index="2" bw="5" slack="0"/>
<pin id="235" dir="1" index="3" bw="4" slack="0"/>
</pin_list>
<bind>
<opcode="getelementptr(29) " fcode="getelementptr"/>
<opset="tA_9_addr/1 "/>
</bind>
</comp>

<comp id="238" class="1004" name="grp_access_fu_238">
<pin_list>
<pin id="239" dir="0" index="0" bw="4" slack="0"/>
<pin id="240" dir="0" index="1" bw="32" slack="2147483647"/>
<pin id="241" dir="0" index="2" bw="0" slack="2147483647"/>
<pin id="242" dir="1" index="3" bw="32" slack="0"/>
</pin_list>
<bind>
<opcode="load(27) " fcode="load"/>
<opset="tA_9_load/1 "/>
</bind>
</comp>

<comp id="244" class="1004" name="tA_10_addr_gep_fu_244">
<pin_list>
<pin id="245" dir="0" index="0" bw="32" slack="0"/>
<pin id="246" dir="0" index="1" bw="1" slack="0"/>
<pin id="247" dir="0" index="2" bw="5" slack="0"/>
<pin id="248" dir="1" index="3" bw="4" slack="0"/>
</pin_list>
<bind>
<opcode="getelementptr(29) " fcode="getelementptr"/>
<opset="tA_10_addr/1 "/>
</bind>
</comp>

<comp id="251" class="1004" name="grp_access_fu_251">
<pin_list>
<pin id="252" dir="0" index="0" bw="4" slack="0"/>
<pin id="253" dir="0" index="1" bw="32" slack="2147483647"/>
<pin id="254" dir="0" index="2" bw="0" slack="2147483647"/>
<pin id="255" dir="1" index="3" bw="32" slack="0"/>
</pin_list>
<bind>
<opcode="load(27) " fcode="load"/>
<opset="tA_10_load/1 "/>
</bind>
</comp>

<comp id="257" class="1004" name="tA_11_addr_gep_fu_257">
<pin_list>
<pin id="258" dir="0" index="0" bw="32" slack="0"/>
<pin id="259" dir="0" index="1" bw="1" slack="0"/>
<pin id="260" dir="0" index="2" bw="5" slack="0"/>
<pin id="261" dir="1" index="3" bw="4" slack="0"/>
</pin_list>
<bind>
<opcode="getelementptr(29) " fcode="getelementptr"/>
<opset="tA_11_addr/1 "/>
</bind>
</comp>

<comp id="264" class="1004" name="grp_access_fu_264">
<pin_list>
<pin id="265" dir="0" index="0" bw="4" slack="0"/>
<pin id="266" dir="0" index="1" bw="32" slack="2147483647"/>
<pin id="267" dir="0" index="2" bw="0" slack="2147483647"/>
<pin id="268" dir="1" index="3" bw="32" slack="0"/>
</pin_list>
<bind>
<opcode="load(27) " fcode="load"/>
<opset="tA_11_load/1 "/>
</bind>
</comp>

<comp id="270" class="1004" name="tA_12_addr_gep_fu_270">
<pin_list>
<pin id="271" dir="0" index="0" bw="32" slack="0"/>
<pin id="272" dir="0" index="1" bw="1" slack="0"/>
<pin id="273" dir="0" index="2" bw="5" slack="0"/>
<pin id="274" dir="1" index="3" bw="4" slack="0"/>
</pin_list>
<bind>
<opcode="getelementptr(29) " fcode="getelementptr"/>
<opset="tA_12_addr/1 "/>
</bind>
</comp>

<comp id="277" class="1004" name="grp_access_fu_277">
<pin_list>
<pin id="278" dir="0" index="0" bw="4" slack="0"/>
<pin id="279" dir="0" index="1" bw="32" slack="2147483647"/>
<pin id="280" dir="0" index="2" bw="0" slack="2147483647"/>
<pin id="281" dir="1" index="3" bw="32" slack="0"/>
</pin_list>
<bind>
<opcode="load(27) " fcode="load"/>
<opset="tA_12_load/1 "/>
</bind>
</comp>

<comp id="283" class="1004" name="tA_13_addr_gep_fu_283">
<pin_list>
<pin id="284" dir="0" index="0" bw="32" slack="0"/>
<pin id="285" dir="0" index="1" bw="1" slack="0"/>
<pin id="286" dir="0" index="2" bw="5" slack="0"/>
<pin id="287" dir="1" index="3" bw="4" slack="0"/>
</pin_list>
<bind>
<opcode="getelementptr(29) " fcode="getelementptr"/>
<opset="tA_13_addr/1 "/>
</bind>
</comp>

<comp id="290" class="1004" name="grp_access_fu_290">
<pin_list>
<pin id="291" dir="0" index="0" bw="4" slack="0"/>
<pin id="292" dir="0" index="1" bw="32" slack="2147483647"/>
<pin id="293" dir="0" index="2" bw="0" slack="2147483647"/>
<pin id="294" dir="1" index="3" bw="32" slack="0"/>
</pin_list>
<bind>
<opcode="load(27) " fcode="load"/>
<opset="tA_13_load/1 "/>
</bind>
</comp>

<comp id="296" class="1004" name="tA_14_addr_gep_fu_296">
<pin_list>
<pin id="297" dir="0" index="0" bw="32" slack="0"/>
<pin id="298" dir="0" index="1" bw="1" slack="0"/>
<pin id="299" dir="0" index="2" bw="5" slack="0"/>
<pin id="300" dir="1" index="3" bw="4" slack="0"/>
</pin_list>
<bind>
<opcode="getelementptr(29) " fcode="getelementptr"/>
<opset="tA_14_addr/1 "/>
</bind>
</comp>

<comp id="303" class="1004" name="grp_access_fu_303">
<pin_list>
<pin id="304" dir="0" index="0" bw="4" slack="0"/>
<pin id="305" dir="0" index="1" bw="32" slack="2147483647"/>
<pin id="306" dir="0" index="2" bw="0" slack="2147483647"/>
<pin id="307" dir="1" index="3" bw="32" slack="0"/>
</pin_list>
<bind>
<opcode="load(27) " fcode="load"/>
<opset="tA_14_load/1 "/>
</bind>
</comp>

<comp id="309" class="1004" name="tA_15_addr_gep_fu_309">
<pin_list>
<pin id="310" dir="0" index="0" bw="32" slack="0"/>
<pin id="311" dir="0" index="1" bw="1" slack="0"/>
<pin id="312" dir="0" index="2" bw="5" slack="0"/>
<pin id="313" dir="1" index="3" bw="4" slack="0"/>
</pin_list>
<bind>
<opcode="getelementptr(29) " fcode="getelementptr"/>
<opset="tA_15_addr/1 "/>
</bind>
</comp>

<comp id="316" class="1004" name="grp_access_fu_316">
<pin_list>
<pin id="317" dir="0" index="0" bw="4" slack="0"/>
<pin id="318" dir="0" index="1" bw="32" slack="2147483647"/>
<pin id="319" dir="0" index="2" bw="0" slack="2147483647"/>
<pin id="320" dir="1" index="3" bw="32" slack="0"/>
</pin_list>
<bind>
<opcode="load(27) " fcode="load"/>
<opset="tA_15_load/1 "/>
</bind>
</comp>

<comp id="322" class="1004" name="tB_addr_gep_fu_322">
<pin_list>
<pin id="323" dir="0" index="0" bw="32" slack="0"/>
<pin id="324" dir="0" index="1" bw="1" slack="0"/>
<pin id="325" dir="0" index="2" bw="5" slack="0"/>
<pin id="326" dir="1" index="3" bw="4" slack="0"/>
</pin_list>
<bind>
<opcode="getelementptr(29) " fcode="getelementptr"/>
<opset="tB_addr/1 "/>
</bind>
</comp>

<comp id="329" class="1004" name="grp_access_fu_329">
<pin_list>
<pin id="330" dir="0" index="0" bw="4" slack="0"/>
<pin id="331" dir="0" index="1" bw="32" slack="2147483647"/>
<pin id="332" dir="0" index="2" bw="0" slack="2147483647"/>
<pin id="333" dir="1" index="3" bw="32" slack="0"/>
</pin_list>
<bind>
<opcode="load(27) " fcode="load"/>
<opset="tB_load/1 "/>
</bind>
</comp>

<comp id="335" class="1004" name="tB_1_addr_gep_fu_335">
<pin_list>
<pin id="336" dir="0" index="0" bw="32" slack="0"/>
<pin id="337" dir="0" index="1" bw="1" slack="0"/>
<pin id="338" dir="0" index="2" bw="5" slack="0"/>
<pin id="339" dir="1" index="3" bw="4" slack="0"/>
</pin_list>
<bind>
<opcode="getelementptr(29) " fcode="getelementptr"/>
<opset="tB_1_addr/1 "/>
</bind>
</comp>

<comp id="342" class="1004" name="grp_access_fu_342">
<pin_list>
<pin id="343" dir="0" index="0" bw="4" slack="0"/>
<pin id="344" dir="0" index="1" bw="32" slack="2147483647"/>
<pin id="345" dir="0" index="2" bw="0" slack="2147483647"/>
<pin id="346" dir="1" index="3" bw="32" slack="0"/>
</pin_list>
<bind>
<opcode="load(27) " fcode="load"/>
<opset="tB_1_load/1 "/>
</bind>
</comp>

<comp id="348" class="1004" name="tB_2_addr_gep_fu_348">
<pin_list>
<pin id="349" dir="0" index="0" bw="32" slack="0"/>
<pin id="350" dir="0" index="1" bw="1" slack="0"/>
<pin id="351" dir="0" index="2" bw="5" slack="0"/>
<pin id="352" dir="1" index="3" bw="4" slack="0"/>
</pin_list>
<bind>
<opcode="getelementptr(29) " fcode="getelementptr"/>
<opset="tB_2_addr/1 "/>
</bind>
</comp>

<comp id="355" class="1004" name="grp_access_fu_355">
<pin_list>
<pin id="356" dir="0" index="0" bw="4" slack="0"/>
<pin id="357" dir="0" index="1" bw="32" slack="2147483647"/>
<pin id="358" dir="0" index="2" bw="0" slack="2147483647"/>
<pin id="359" dir="1" index="3" bw="32" slack="0"/>
</pin_list>
<bind>
<opcode="load(27) " fcode="load"/>
<opset="tB_2_load/1 "/>
</bind>
</comp>

<comp id="361" class="1004" name="tB_3_addr_gep_fu_361">
<pin_list>
<pin id="362" dir="0" index="0" bw="32" slack="0"/>
<pin id="363" dir="0" index="1" bw="1" slack="0"/>
<pin id="364" dir="0" index="2" bw="5" slack="0"/>
<pin id="365" dir="1" index="3" bw="4" slack="0"/>
</pin_list>
<bind>
<opcode="getelementptr(29) " fcode="getelementptr"/>
<opset="tB_3_addr/1 "/>
</bind>
</comp>

<comp id="368" class="1004" name="grp_access_fu_368">
<pin_list>
<pin id="369" dir="0" index="0" bw="4" slack="0"/>
<pin id="370" dir="0" index="1" bw="32" slack="2147483647"/>
<pin id="371" dir="0" index="2" bw="0" slack="2147483647"/>
<pin id="372" dir="1" index="3" bw="32" slack="0"/>
</pin_list>
<bind>
<opcode="load(27) " fcode="load"/>
<opset="tB_3_load/1 "/>
</bind>
</comp>

<comp id="374" class="1004" name="tB_4_addr_gep_fu_374">
<pin_list>
<pin id="375" dir="0" index="0" bw="32" slack="0"/>
<pin id="376" dir="0" index="1" bw="1" slack="0"/>
<pin id="377" dir="0" index="2" bw="5" slack="0"/>
<pin id="378" dir="1" index="3" bw="4" slack="0"/>
</pin_list>
<bind>
<opcode="getelementptr(29) " fcode="getelementptr"/>
<opset="tB_4_addr/1 "/>
</bind>
</comp>

<comp id="381" class="1004" name="grp_access_fu_381">
<pin_list>
<pin id="382" dir="0" index="0" bw="4" slack="0"/>
<pin id="383" dir="0" index="1" bw="32" slack="2147483647"/>
<pin id="384" dir="0" index="2" bw="0" slack="2147483647"/>
<pin id="385" dir="1" index="3" bw="32" slack="0"/>
</pin_list>
<bind>
<opcode="load(27) " fcode="load"/>
<opset="tB_4_load/1 "/>
</bind>
</comp>

<comp id="387" class="1004" name="tB_5_addr_gep_fu_387">
<pin_list>
<pin id="388" dir="0" index="0" bw="32" slack="0"/>
<pin id="389" dir="0" index="1" bw="1" slack="0"/>
<pin id="390" dir="0" index="2" bw="5" slack="0"/>
<pin id="391" dir="1" index="3" bw="4" slack="0"/>
</pin_list>
<bind>
<opcode="getelementptr(29) " fcode="getelementptr"/>
<opset="tB_5_addr/1 "/>
</bind>
</comp>

<comp id="394" class="1004" name="grp_access_fu_394">
<pin_list>
<pin id="395" dir="0" index="0" bw="4" slack="0"/>
<pin id="396" dir="0" index="1" bw="32" slack="2147483647"/>
<pin id="397" dir="0" index="2" bw="0" slack="2147483647"/>
<pin id="398" dir="1" index="3" bw="32" slack="0"/>
</pin_list>
<bind>
<opcode="load(27) " fcode="load"/>
<opset="tB_5_load/1 "/>
</bind>
</comp>

<comp id="400" class="1004" name="tB_6_addr_gep_fu_400">
<pin_list>
<pin id="401" dir="0" index="0" bw="32" slack="0"/>
<pin id="402" dir="0" index="1" bw="1" slack="0"/>
<pin id="403" dir="0" index="2" bw="5" slack="0"/>
<pin id="404" dir="1" index="3" bw="4" slack="0"/>
</pin_list>
<bind>
<opcode="getelementptr(29) " fcode="getelementptr"/>
<opset="tB_6_addr/1 "/>
</bind>
</comp>

<comp id="407" class="1004" name="grp_access_fu_407">
<pin_list>
<pin id="408" dir="0" index="0" bw="4" slack="0"/>
<pin id="409" dir="0" index="1" bw="32" slack="2147483647"/>
<pin id="410" dir="0" index="2" bw="0" slack="2147483647"/>
<pin id="411" dir="1" index="3" bw="32" slack="0"/>
</pin_list>
<bind>
<opcode="load(27) " fcode="load"/>
<opset="tB_6_load/1 "/>
</bind>
</comp>

<comp id="413" class="1004" name="tB_7_addr_gep_fu_413">
<pin_list>
<pin id="414" dir="0" index="0" bw="32" slack="0"/>
<pin id="415" dir="0" index="1" bw="1" slack="0"/>
<pin id="416" dir="0" index="2" bw="5" slack="0"/>
<pin id="417" dir="1" index="3" bw="4" slack="0"/>
</pin_list>
<bind>
<opcode="getelementptr(29) " fcode="getelementptr"/>
<opset="tB_7_addr/1 "/>
</bind>
</comp>

<comp id="420" class="1004" name="grp_access_fu_420">
<pin_list>
<pin id="421" dir="0" index="0" bw="4" slack="0"/>
<pin id="422" dir="0" index="1" bw="32" slack="2147483647"/>
<pin id="423" dir="0" index="2" bw="0" slack="2147483647"/>
<pin id="424" dir="1" index="3" bw="32" slack="0"/>
</pin_list>
<bind>
<opcode="load(27) " fcode="load"/>
<opset="tB_7_load/1 "/>
</bind>
</comp>

<comp id="426" class="1004" name="tB_8_addr_gep_fu_426">
<pin_list>
<pin id="427" dir="0" index="0" bw="32" slack="0"/>
<pin id="428" dir="0" index="1" bw="1" slack="0"/>
<pin id="429" dir="0" index="2" bw="5" slack="0"/>
<pin id="430" dir="1" index="3" bw="4" slack="0"/>
</pin_list>
<bind>
<opcode="getelementptr(29) " fcode="getelementptr"/>
<opset="tB_8_addr/1 "/>
</bind>
</comp>

<comp id="433" class="1004" name="grp_access_fu_433">
<pin_list>
<pin id="434" dir="0" index="0" bw="4" slack="0"/>
<pin id="435" dir="0" index="1" bw="32" slack="2147483647"/>
<pin id="436" dir="0" index="2" bw="0" slack="2147483647"/>
<pin id="437" dir="1" index="3" bw="32" slack="0"/>
</pin_list>
<bind>
<opcode="load(27) " fcode="load"/>
<opset="tB_8_load/1 "/>
</bind>
</comp>

<comp id="439" class="1004" name="tB_9_addr_gep_fu_439">
<pin_list>
<pin id="440" dir="0" index="0" bw="32" slack="0"/>
<pin id="441" dir="0" index="1" bw="1" slack="0"/>
<pin id="442" dir="0" index="2" bw="5" slack="0"/>
<pin id="443" dir="1" index="3" bw="4" slack="0"/>
</pin_list>
<bind>
<opcode="getelementptr(29) " fcode="getelementptr"/>
<opset="tB_9_addr/1 "/>
</bind>
</comp>

<comp id="446" class="1004" name="grp_access_fu_446">
<pin_list>
<pin id="447" dir="0" index="0" bw="4" slack="0"/>
<pin id="448" dir="0" index="1" bw="32" slack="2147483647"/>
<pin id="449" dir="0" index="2" bw="0" slack="2147483647"/>
<pin id="450" dir="1" index="3" bw="32" slack="0"/>
</pin_list>
<bind>
<opcode="load(27) " fcode="load"/>
<opset="tB_9_load/1 "/>
</bind>
</comp>

<comp id="452" class="1004" name="tB_10_addr_gep_fu_452">
<pin_list>
<pin id="453" dir="0" index="0" bw="32" slack="0"/>
<pin id="454" dir="0" index="1" bw="1" slack="0"/>
<pin id="455" dir="0" index="2" bw="5" slack="0"/>
<pin id="456" dir="1" index="3" bw="4" slack="0"/>
</pin_list>
<bind>
<opcode="getelementptr(29) " fcode="getelementptr"/>
<opset="tB_10_addr/1 "/>
</bind>
</comp>

<comp id="459" class="1004" name="grp_access_fu_459">
<pin_list>
<pin id="460" dir="0" index="0" bw="4" slack="0"/>
<pin id="461" dir="0" index="1" bw="32" slack="2147483647"/>
<pin id="462" dir="0" index="2" bw="0" slack="2147483647"/>
<pin id="463" dir="1" index="3" bw="32" slack="0"/>
</pin_list>
<bind>
<opcode="load(27) " fcode="load"/>
<opset="tB_10_load/1 "/>
</bind>
</comp>

<comp id="465" class="1004" name="tB_11_addr_gep_fu_465">
<pin_list>
<pin id="466" dir="0" index="0" bw="32" slack="0"/>
<pin id="467" dir="0" index="1" bw="1" slack="0"/>
<pin id="468" dir="0" index="2" bw="5" slack="0"/>
<pin id="469" dir="1" index="3" bw="4" slack="0"/>
</pin_list>
<bind>
<opcode="getelementptr(29) " fcode="getelementptr"/>
<opset="tB_11_addr/1 "/>
</bind>
</comp>

<comp id="472" class="1004" name="grp_access_fu_472">
<pin_list>
<pin id="473" dir="0" index="0" bw="4" slack="0"/>
<pin id="474" dir="0" index="1" bw="32" slack="2147483647"/>
<pin id="475" dir="0" index="2" bw="0" slack="2147483647"/>
<pin id="476" dir="1" index="3" bw="32" slack="0"/>
</pin_list>
<bind>
<opcode="load(27) " fcode="load"/>
<opset="tB_11_load/1 "/>
</bind>
</comp>

<comp id="478" class="1004" name="tB_12_addr_gep_fu_478">
<pin_list>
<pin id="479" dir="0" index="0" bw="32" slack="0"/>
<pin id="480" dir="0" index="1" bw="1" slack="0"/>
<pin id="481" dir="0" index="2" bw="5" slack="0"/>
<pin id="482" dir="1" index="3" bw="4" slack="0"/>
</pin_list>
<bind>
<opcode="getelementptr(29) " fcode="getelementptr"/>
<opset="tB_12_addr/1 "/>
</bind>
</comp>

<comp id="485" class="1004" name="grp_access_fu_485">
<pin_list>
<pin id="486" dir="0" index="0" bw="4" slack="0"/>
<pin id="487" dir="0" index="1" bw="32" slack="2147483647"/>
<pin id="488" dir="0" index="2" bw="0" slack="2147483647"/>
<pin id="489" dir="1" index="3" bw="32" slack="0"/>
</pin_list>
<bind>
<opcode="load(27) " fcode="load"/>
<opset="tB_12_load/1 "/>
</bind>
</comp>

<comp id="491" class="1004" name="tB_13_addr_gep_fu_491">
<pin_list>
<pin id="492" dir="0" index="0" bw="32" slack="0"/>
<pin id="493" dir="0" index="1" bw="1" slack="0"/>
<pin id="494" dir="0" index="2" bw="5" slack="0"/>
<pin id="495" dir="1" index="3" bw="4" slack="0"/>
</pin_list>
<bind>
<opcode="getelementptr(29) " fcode="getelementptr"/>
<opset="tB_13_addr/1 "/>
</bind>
</comp>

<comp id="498" class="1004" name="grp_access_fu_498">
<pin_list>
<pin id="499" dir="0" index="0" bw="4" slack="0"/>
<pin id="500" dir="0" index="1" bw="32" slack="2147483647"/>
<pin id="501" dir="0" index="2" bw="0" slack="2147483647"/>
<pin id="502" dir="1" index="3" bw="32" slack="0"/>
</pin_list>
<bind>
<opcode="load(27) " fcode="load"/>
<opset="tB_13_load/1 "/>
</bind>
</comp>

<comp id="504" class="1004" name="tB_14_addr_gep_fu_504">
<pin_list>
<pin id="505" dir="0" index="0" bw="32" slack="0"/>
<pin id="506" dir="0" index="1" bw="1" slack="0"/>
<pin id="507" dir="0" index="2" bw="5" slack="0"/>
<pin id="508" dir="1" index="3" bw="4" slack="0"/>
</pin_list>
<bind>
<opcode="getelementptr(29) " fcode="getelementptr"/>
<opset="tB_14_addr/1 "/>
</bind>
</comp>

<comp id="511" class="1004" name="grp_access_fu_511">
<pin_list>
<pin id="512" dir="0" index="0" bw="4" slack="0"/>
<pin id="513" dir="0" index="1" bw="32" slack="2147483647"/>
<pin id="514" dir="0" index="2" bw="0" slack="2147483647"/>
<pin id="515" dir="1" index="3" bw="32" slack="0"/>
</pin_list>
<bind>
<opcode="load(27) " fcode="load"/>
<opset="tB_14_load/1 "/>
</bind>
</comp>

<comp id="517" class="1004" name="tB_15_addr_gep_fu_517">
<pin_list>
<pin id="518" dir="0" index="0" bw="32" slack="0"/>
<pin id="519" dir="0" index="1" bw="1" slack="0"/>
<pin id="520" dir="0" index="2" bw="5" slack="0"/>
<pin id="521" dir="1" index="3" bw="4" slack="0"/>
</pin_list>
<bind>
<opcode="getelementptr(29) " fcode="getelementptr"/>
<opset="tB_15_addr/1 "/>
</bind>
</comp>

<comp id="524" class="1004" name="grp_access_fu_524">
<pin_list>
<pin id="525" dir="0" index="0" bw="4" slack="0"/>
<pin id="526" dir="0" index="1" bw="32" slack="2147483647"/>
<pin id="527" dir="0" index="2" bw="0" slack="2147483647"/>
<pin id="528" dir="1" index="3" bw="32" slack="0"/>
</pin_list>
<bind>
<opcode="load(27) " fcode="load"/>
<opset="tB_15_load/1 "/>
</bind>
</comp>

<comp id="530" class="1004" name="tC_addr_gep_fu_530">
<pin_list>
<pin id="531" dir="0" index="0" bw="32" slack="0"/>
<pin id="532" dir="0" index="1" bw="1" slack="0"/>
<pin id="533" dir="0" index="2" bw="8" slack="0"/>
<pin id="534" dir="1" index="3" bw="8" slack="0"/>
</pin_list>
<bind>
<opcode="getelementptr(29) " fcode="getelementptr"/>
<opset="tC_addr/2 "/>
</bind>
</comp>

<comp id="537" class="1004" name="grp_access_fu_537">
<pin_list>
<pin id="538" dir="0" index="0" bw="8" slack="1"/>
<pin id="539" dir="0" index="1" bw="32" slack="0"/>
<pin id="540" dir="0" index="2" bw="0" slack="0"/>
<pin id="542" dir="0" index="4" bw="8" slack="2147483647"/>
<pin id="543" dir="0" index="5" bw="32" slack="2147483647"/>
<pin id="544" dir="0" index="6" bw="0" slack="2147483647"/>
<pin id="541" dir="1" index="3" bw="32" slack="2147483647"/>
<pin id="545" dir="1" index="7" bw="32" slack="0"/>
</pin_list>
<bind>
<opcode="load(27) store(28) " fcode="store"/>
<opset="tC_load/2 store_ln33/3 "/>
</bind>
</comp>

<comp id="547" class="1004" name="mul_ln33_fu_547">
<pin_list>
<pin id="548" dir="0" index="0" bw="32" slack="0"/>
<pin id="549" dir="0" index="1" bw="32" slack="0"/>
<pin id="550" dir="1" index="2" bw="32" slack="0"/>
</pin_list>
<bind>
<opcode="mul(12) " fcode="mul"/>
<opset="mul_ln33/2 "/>
</bind>
</comp>

<comp id="553" class="1004" name="mul_ln33_1_fu_553">
<pin_list>
<pin id="554" dir="0" index="0" bw="32" slack="0"/>
<pin id="555" dir="0" index="1" bw="32" slack="0"/>
<pin id="556" dir="1" index="2" bw="32" slack="0"/>
</pin_list>
<bind>
<opcode="mul(12) " fcode="mul"/>
<opset="mul_ln33_1/2 "/>
</bind>
</comp>

<comp id="559" class="1004" name="mul_ln33_2_fu_559">
<pin_list>
<pin id="560" dir="0" index="0" bw="32" slack="0"/>
<pin id="561" dir="0" index="1" bw="32" slack="0"/>
<pin id="562" dir="1" index="2" bw="32" slack="0"/>
</pin_list>
<bind>
<opcode="mul(12) " fcode="mul"/>
<opset="mul_ln33_2/2 "/>
</bind>
</comp>

<comp id="565" class="1004" name="mul_ln33_3_fu_565">
<pin_list>
<pin id="566" dir="0" index="0" bw="32" slack="0"/>
<pin id="567" dir="0" index="1" bw="32" slack="0"/>
<pin id="568" dir="1" index="2" bw="32" slack="0"/>
</pin_list>
<bind>
<opcode="mul(12) " fcode="mul"/>
<opset="mul_ln33_3/2 "/>
</bind>
</comp>

<comp id="571" class="1004" name="mul_ln33_4_fu_571">
<pin_list>
<pin id="572" dir="0" index="0" bw="32" slack="0"/>
<pin id="573" dir="0" index="1" bw="32" slack="0"/>
<pin id="574" dir="1" index="2" bw="32" slack="0"/>
</pin_list>
<bind>
<opcode="mul(12) " fcode="mul"/>
<opset="mul_ln33_4/2 "/>
</bind>
</comp>

<comp id="577" class="1004" name="mul_ln33_5_fu_577">
<pin_list>
<pin id="578" dir="0" index="0" bw="32" slack="0"/>
<pin id="579" dir="0" index="1" bw="32" slack="0"/>
<pin id="580" dir="1" index="2" bw="32" slack="0"/>
</pin_list>
<bind>
<opcode="mul(12) " fcode="mul"/>
<opset="mul_ln33_5/2 "/>
</bind>
</comp>

<comp id="583" class="1004" name="mul_ln33_6_fu_583">
<pin_list>
<pin id="584" dir="0" index="0" bw="32" slack="0"/>
<pin id="585" dir="0" index="1" bw="32" slack="0"/>
<pin id="586" dir="1" index="2" bw="32" slack="0"/>
</pin_list>
<bind>
<opcode="mul(12) " fcode="mul"/>
<opset="mul_ln33_6/2 "/>
</bind>
</comp>

<comp id="589" class="1004" name="mul_ln33_7_fu_589">
<pin_list>
<pin id="590" dir="0" index="0" bw="32" slack="0"/>
<pin id="591" dir="0" index="1" bw="32" slack="0"/>
<pin id="592" dir="1" index="2" bw="32" slack="0"/>
</pin_list>
<bind>
<opcode="mul(12) " fcode="mul"/>
<opset="mul_ln33_7/2 "/>
</bind>
</comp>

<comp id="595" class="1004" name="mul_ln33_8_fu_595">
<pin_list>
<pin id="596" dir="0" index="0" bw="32" slack="0"/>
<pin id="597" dir="0" index="1" bw="32" slack="0"/>
<pin id="598" dir="1" index="2" bw="32" slack="1"/>
</pin_list>
<bind>
<opcode="mul(12) " fcode="mul"/>
<opset="mul_ln33_8/2 "/>
</bind>
</comp>

<comp id="601" class="1004" name="mul_ln33_9_fu_601">
<pin_list>
<pin id="602" dir="0" index="0" bw="32" slack="0"/>
<pin id="603" dir="0" index="1" bw="32" slack="0"/>
<pin id="604" dir="1" index="2" bw="32" slack="0"/>
</pin_list>
<bind>
<opcode="mul(12) " fcode="mul"/>
<opset="mul_ln33_9/2 "/>
</bind>
</comp>

<comp id="607" class="1004" name="mul_ln33_10_fu_607">
<pin_list>
<pin id="608" dir="0" index="0" bw="32" slack="0"/>
<pin id="609" dir="0" index="1" bw="32" slack="0"/>
<pin id="610" dir="1" index="2" bw="32" slack="0"/>
</pin_list>
<bind>
<opcode="mul(12) " fcode="mul"/>
<opset="mul_ln33_10/2 "/>
</bind>
</comp>

<comp id="613" class="1004" name="mul_ln33_11_fu_613">
<pin_list>
<pin id="614" dir="0" index="0" bw="32" slack="0"/>
<pin id="615" dir="0" index="1" bw="32" slack="0"/>
<pin id="616" dir="1" index="2" bw="32" slack="0"/>
</pin_list>
<bind>
<opcode="mul(12) " fcode="mul"/>
<opset="mul_ln33_11/2 "/>
</bind>
</comp>

<comp id="619" class="1004" name="mul_ln33_12_fu_619">
<pin_list>
<pin id="620" dir="0" index="0" bw="32" slack="0"/>
<pin id="621" dir="0" index="1" bw="32" slack="0"/>
<pin id="622" dir="1" index="2" bw="32" slack="0"/>
</pin_list>
<bind>
<opcode="mul(12) " fcode="mul"/>
<opset="mul_ln33_12/2 "/>
</bind>
</comp>

<comp id="625" class="1004" name="mul_ln33_13_fu_625">
<pin_list>
<pin id="626" dir="0" index="0" bw="32" slack="0"/>
<pin id="627" dir="0" index="1" bw="32" slack="0"/>
<pin id="628" dir="1" index="2" bw="32" slack="0"/>
</pin_list>
<bind>
<opcode="mul(12) " fcode="mul"/>
<opset="mul_ln33_13/2 "/>
</bind>
</comp>

<comp id="631" class="1004" name="mul_ln33_14_fu_631">
<pin_list>
<pin id="632" dir="0" index="0" bw="32" slack="0"/>
<pin id="633" dir="0" index="1" bw="32" slack="0"/>
<pin id="634" dir="1" index="2" bw="32" slack="0"/>
</pin_list>
<bind>
<opcode="mul(12) " fcode="mul"/>
<opset="mul_ln33_14/2 "/>
</bind>
</comp>

<comp id="637" class="1004" name="mul_ln33_15_fu_637">
<pin_list>
<pin id="638" dir="0" index="0" bw="32" slack="0"/>
<pin id="639" dir="0" index="1" bw="32" slack="0"/>
<pin id="640" dir="1" index="2" bw="32" slack="0"/>
</pin_list>
<bind>
<opcode="mul(12) " fcode="mul"/>
<opset="mul_ln33_15/2 "/>
</bind>
</comp>

<comp id="643" class="1004" name="store_ln0_store_fu_643">
<pin_list>
<pin id="644" dir="0" index="0" bw="1" slack="0"/>
<pin id="645" dir="0" index="1" bw="9" slack="0"/>
<pin id="646" dir="1" index="2" bw="0" slack="2147483647"/>
</pin_list>
<bind>
<opcode="store(28) " fcode="store"/>
<opset="store_ln0/1 "/>
</bind>
</comp>

<comp id="648" class="1004" name="store_ln30_store_fu_648">
<pin_list>
<pin id="649" dir="0" index="0" bw="1" slack="0"/>
<pin id="650" dir="0" index="1" bw="5" slack="0"/>
<pin id="651" dir="1" index="2" bw="0" slack="2147483647"/>
</pin_list>
<bind>
<opcode="store(28) " fcode="store"/>
<opset="store_ln30/1 "/>
</bind>
</comp>

<comp id="653" class="1004" name="store_ln31_store_fu_653">
<pin_list>
<pin id="654" dir="0" index="0" bw="1" slack="0"/>
<pin id="655" dir="0" index="1" bw="5" slack="0"/>
<pin id="656" dir="1" index="2" bw="0" slack="2147483647"/>
</pin_list>
<bind>
<opcode="store(28) " fcode="store"/>
<opset="store_ln31/1 "/>
</bind>
</comp>

<comp id="658" class="1004" name="indvar_flatten20_load_load_fu_658">
<pin_list>
<pin id="659" dir="0" index="0" bw="9" slack="0"/>
<pin id="660" dir="1" index="1" bw="9" slack="0"/>
</pin_list>
<bind>
<opcode="load(27) " fcode="load"/>
<opset="indvar_flatten20_load/1 "/>
</bind>
</comp>

<comp id="661" class="1004" name="icmp_ln30_fu_661">
<pin_list>
<pin id="662" dir="0" index="0" bw="9" slack="0"/>
<pin id="663" dir="0" index="1" bw="9" slack="0"/>
<pin id="664" dir="1" index="2" bw="1" slack="1"/>
</pin_list>
<bind>
<opcode="icmp(45) " fcode="icmp"/>
<opset="icmp_ln30/1 "/>
</bind>
</comp>

<comp id="667" class="1004" name="add_ln30_1_fu_667">
<pin_list>
<pin id="668" dir="0" index="0" bw="9" slack="0"/>
<pin id="669" dir="0" index="1" bw="1" slack="0"/>
<pin id="670" dir="1" index="2" bw="9" slack="0"/>
</pin_list>
<bind>
<opcode="add(8) " fcode="add"/>
<opset="add_ln30_1/1 "/>
</bind>
</comp>

<comp id="673" class="1004" name="j_load_load_fu_673">
<pin_list>
<pin id="674" dir="0" index="0" bw="5" slack="0"/>
<pin id="675" dir="1" index="1" bw="5" slack="0"/>
</pin_list>
<bind>
<opcode="load(27) " fcode="load"/>
<opset="j_load/1 "/>
</bind>
</comp>

<comp id="676" class="1004" name="i_load_load_fu_676">
<pin_list>
<pin id="677" dir="0" index="0" bw="5" slack="0"/>
<pin id="678" dir="1" index="1" bw="5" slack="0"/>
</pin_list>
<bind>
<opcode="load(27) " fcode="load"/>
<opset="i_load/1 "/>
</bind>
</comp>

<comp id="679" class="1004" name="add_ln30_fu_679">
<pin_list>
<pin id="680" dir="0" index="0" bw="5" slack="0"/>
<pin id="681" dir="0" index="1" bw="1" slack="0"/>
<pin id="682" dir="1" index="2" bw="5" slack="0"/>
</pin_list>
<bind>
<opcode="add(8) " fcode="add"/>
<opset="add_ln30/1 "/>
</bind>
</comp>

<comp id="685" class="1004" name="icmp_ln31_fu_685">
<pin_list>
<pin id="686" dir="0" index="0" bw="5" slack="0"/>
<pin id="687" dir="0" index="1" bw="5" slack="0"/>
<pin id="688" dir="1" index="2" bw="1" slack="0"/>
</pin_list>
<bind>
<opcode="icmp(45) " fcode="icmp"/>
<opset="icmp_ln31/1 "/>
</bind>
</comp>

<comp id="691" class="1004" name="select_ln30_fu_691">
<pin_list>
<pin id="692" dir="0" index="0" bw="1" slack="0"/>
<pin id="693" dir="0" index="1" bw="1" slack="0"/>
<pin id="694" dir="0" index="2" bw="5" slack="0"/>
<pin id="695" dir="1" index="3" bw="5" slack="0"/>
</pin_list>
<bind>
<opcode="select(49) " fcode="select"/>
<opset="select_ln30/1 "/>
</bind>
</comp>

<comp id="699" class="1004" name="select_ln30_1_fu_699">
<pin_list>
<pin id="700" dir="0" index="0" bw="1" slack="0"/>
<pin id="701" dir="0" index="1" bw="5" slack="0"/>
<pin id="702" dir="0" index="2" bw="5" slack="0"/>
<pin id="703" dir="1" index="3" bw="5" slack="0"/>
</pin_list>
<bind>
<opcode="select(49) " fcode="select"/>
<opset="select_ln30_1/1 "/>
</bind>
</comp>

<comp id="707" class="1004" name="trunc_ln30_fu_707">
<pin_list>
<pin id="708" dir="0" index="0" bw="5" slack="0"/>
<pin id="709" dir="1" index="1" bw="4" slack="0"/>
</pin_list>
<bind>
<opcode="trunc(33) " fcode="trunc"/>
<opset="trunc_ln30/1 "/>
</bind>
</comp>

<comp id="711" class="1004" name="zext_ln30_fu_711">
<pin_list>
<pin id="712" dir="0" index="0" bw="5" slack="0"/>
<pin id="713" dir="1" index="1" bw="64" slack="0"/>
</pin_list>
<bind>
<opcode="zext(34) " fcode="zext"/>
<opset="zext_ln30/1 "/>
</bind>
</comp>

<comp id="731" class="1004" name="tmp_s_fu_731">
<pin_list>
<pin id="732" dir="0" index="0" bw="8" slack="0"/>
<pin id="733" dir="0" index="1" bw="4" slack="0"/>
<pin id="734" dir="0" index="2" bw="1" slack="0"/>
<pin id="735" dir="1" index="3" bw="8" slack="0"/>
</pin_list>
<bind>
<opcode="bitconcatenate(1004) " fcode="bitconcatenate"/>
<opset="tmp_s/1 "/>
</bind>
</comp>

<comp id="739" class="1004" name="zext_ln31_fu_739">
<pin_list>
<pin id="740" dir="0" index="0" bw="5" slack="0"/>
<pin id="741" dir="1" index="1" bw="64" slack="0"/>
</pin_list>
<bind>
<opcode="zext(34) " fcode="zext"/>
<opset="zext_ln31/1 "/>
</bind>
</comp>

<comp id="759" class="1004" name="select_ln30_cast_fu_759">
<pin_list>
<pin id="760" dir="0" index="0" bw="5" slack="0"/>
<pin id="761" dir="1" index="1" bw="8" slack="0"/>
</pin_list>
<bind>
<opcode="zext(34) " fcode="zext"/>
<opset="select_ln30_cast/1 "/>
</bind>
</comp>

<comp id="763" class="1004" name="empty_fu_763">
<pin_list>
<pin id="764" dir="0" index="0" bw="8" slack="0"/>
<pin id="765" dir="0" index="1" bw="5" slack="0"/>
<pin id="766" dir="1" index="2" bw="8" slack="1"/>
</pin_list>
<bind>
<opcode="add(8) " fcode="add"/>
<opset="empty/1 "/>
</bind>
</comp>

<comp id="769" class="1004" name="add_ln31_fu_769">
<pin_list>
<pin id="770" dir="0" index="0" bw="5" slack="0"/>
<pin id="771" dir="0" index="1" bw="1" slack="0"/>
<pin id="772" dir="1" index="2" bw="5" slack="0"/>
</pin_list>
<bind>
<opcode="add(8) " fcode="add"/>
<opset="add_ln31/1 "/>
</bind>
</comp>

<comp id="775" class="1004" name="store_ln30_store_fu_775">
<pin_list>
<pin id="776" dir="0" index="0" bw="9" slack="0"/>
<pin id="777" dir="0" index="1" bw="9" slack="0"/>
<pin id="778" dir="1" index="2" bw="0" slack="2147483647"/>
</pin_list>
<bind>
<opcode="store(28) " fcode="store"/>
<opset="store_ln30/1 "/>
</bind>
</comp>

<comp id="780" class="1004" name="store_ln30_store_fu_780">
<pin_list>
<pin id="781" dir="0" index="0" bw="5" slack="0"/>
<pin id="782" dir="0" index="1" bw="5" slack="0"/>
<pin id="783" dir="1" index="2" bw="0" slack="2147483647"/>
</pin_list>
<bind>
<opcode="store(28) " fcode="store"/>
<opset="store_ln30/1 "/>
</bind>
</comp>

<comp id="785" class="1004" name="store_ln31_store_fu_785">
<pin_list>
<pin id="786" dir="0" index="0" bw="5" slack="0"/>
<pin id="787" dir="0" index="1" bw="5" slack="0"/>
<pin id="788" dir="1" index="2" bw="0" slack="2147483647"/>
</pin_list>
<bind>
<opcode="store(28) " fcode="store"/>
<opset="store_ln31/1 "/>
</bind>
</comp>

<comp id="790" class="1004" name="p_cast_fu_790">
<pin_list>
<pin id="791" dir="0" index="0" bw="8" slack="1"/>
<pin id="792" dir="1" index="1" bw="64" slack="0"/>
</pin_list>
<bind>
<opcode="zext(34) " fcode="zext"/>
<opset="p_cast/2 "/>
</bind>
</comp>

<comp id="794" class="1004" name="add_ln33_1_fu_794">
<pin_list>
<pin id="795" dir="0" index="0" bw="32" slack="0"/>
<pin id="796" dir="0" index="1" bw="32" slack="0"/>
<pin id="797" dir="1" index="2" bw="32" slack="1"/>
</pin_list>
<bind>
<opcode="add(8) " fcode="add"/>
<opset="add_ln33_1/2 "/>
</bind>
</comp>

<comp id="800" class="1004" name="add_ln33_3_fu_800">
<pin_list>
<pin id="801" dir="0" index="0" bw="32" slack="0"/>
<pin id="802" dir="0" index="1" bw="32" slack="0"/>
<pin id="803" dir="1" index="2" bw="32" slack="0"/>
</pin_list>
<bind>
<opcode="add(8) " fcode="add"/>
<opset="add_ln33_3/2 "/>
</bind>
</comp>

<comp id="806" class="1004" name="add_ln33_4_fu_806">
<pin_list>
<pin id="807" dir="0" index="0" bw="32" slack="0"/>
<pin id="808" dir="0" index="1" bw="32" slack="0"/>
<pin id="809" dir="1" index="2" bw="32" slack="0"/>
</pin_list>
<bind>
<opcode="add(8) " fcode="add"/>
<opset="add_ln33_4/2 "/>
</bind>
</comp>

<comp id="812" class="1004" name="add_ln33_5_fu_812">
<pin_list>
<pin id="813" dir="0" index="0" bw="32" slack="0"/>
<pin id="814" dir="0" index="1" bw="32" slack="0"/>
<pin id="815" dir="1" index="2" bw="32" slack="1"/>
</pin_list>
<bind>
<opcode="add(8) " fcode="add"/>
<opset="add_ln33_5/2 "/>
</bind>
</comp>

<comp id="818" class="1004" name="add_ln33_7_fu_818">
<pin_list>
<pin id="819" dir="0" index="0" bw="32" slack="0"/>
<pin id="820" dir="0" index="1" bw="32" slack="0"/>
<pin id="821" dir="1" index="2" bw="32" slack="1"/>
</pin_list>
<bind>
<opcode="add(8) " fcode="add"/>
<opset="add_ln33_7/2 "/>
</bind>
</comp>

<comp id="824" class="1004" name="add_ln33_8_fu_824">
<pin_list>
<pin id="825" dir="0" index="0" bw="32" slack="0"/>
<pin id="826" dir="0" index="1" bw="32" slack="0"/>
<pin id="827" dir="1" index="2" bw="32" slack="1"/>
</pin_list>
<bind>
<opcode="add(8) " fcode="add"/>
<opset="add_ln33_8/2 "/>
</bind>
</comp>

<comp id="830" class="1004" name="add_ln33_10_fu_830">
<pin_list>
<pin id="831" dir="0" index="0" bw="32" slack="0"/>
<pin id="832" dir="0" index="1" bw="32" slack="0"/>
<pin id="833" dir="1" index="2" bw="32" slack="0"/>
</pin_list>
<bind>
<opcode="add(8) " fcode="add"/>
<opset="add_ln33_10/2 "/>
</bind>
</comp>

<comp id="836" class="1004" name="add_ln33_11_fu_836">
<pin_list>
<pin id="837" dir="0" index="0" bw="32" slack="0"/>
<pin id="838" dir="0" index="1" bw="32" slack="0"/>
<pin id="839" dir="1" index="2" bw="32" slack="0"/>
</pin_list>
<bind>
<opcode="add(8) " fcode="add"/>
<opset="add_ln33_11/2 "/>
</bind>
</comp>

<comp id="842" class="1004" name="add_ln33_12_fu_842">
<pin_list>
<pin id="843" dir="0" index="0" bw="32" slack="0"/>
<pin id="844" dir="0" index="1" bw="32" slack="0"/>
<pin id="845" dir="1" index="2" bw="32" slack="0"/>
</pin_list>
<bind>
<opcode="add(8) " fcode="add"/>
<opset="add_ln33_12/2 "/>
</bind>
</comp>

<comp id="848" class="1004" name="add_ln33_13_fu_848">
<pin_list>
<pin id="849" dir="0" index="0" bw="32" slack="0"/>
<pin id="850" dir="0" index="1" bw="32" slack="0"/>
<pin id="851" dir="1" index="2" bw="32" slack="1"/>
</pin_list>
<bind>
<opcode="add(8) " fcode="add"/>
<opset="add_ln33_13/2 "/>
</bind>
</comp>

<comp id="854" class="1004" name="add_ln33_fu_854">
<pin_list>
<pin id="855" dir="0" index="0" bw="32" slack="0"/>
<pin id="856" dir="0" index="1" bw="32" slack="1"/>
<pin id="857" dir="1" index="2" bw="32" slack="0"/>
</pin_list>
<bind>
<opcode="add(8) " fcode="add"/>
<opset="add_ln33/3 "/>
</bind>
</comp>

<comp id="859" class="1004" name="add_ln33_2_fu_859">
<pin_list>
<pin id="860" dir="0" index="0" bw="32" slack="1"/>
<pin id="861" dir="0" index="1" bw="32" slack="0"/>
<pin id="862" dir="1" index="2" bw="32" slack="0"/>
</pin_list>
<bind>
<opcode="add(8) " fcode="add"/>
<opset="add_ln33_2/3 "/>
</bind>
</comp>

<comp id="864" class="1004" name="add_ln33_6_fu_864">
<pin_list>
<pin id="865" dir="0" index="0" bw="32" slack="1"/>
<pin id="866" dir="0" index="1" bw="32" slack="0"/>
<pin id="867" dir="1" index="2" bw="32" slack="0"/>
</pin_list>
<bind>
<opcode="add(8) " fcode="add"/>
<opset="add_ln33_6/3 "/>
</bind>
</comp>

<comp id="869" class="1004" name="add_ln33_9_fu_869">
<pin_list>
<pin id="870" dir="0" index="0" bw="32" slack="1"/>
<pin id="871" dir="0" index="1" bw="32" slack="1"/>
<pin id="872" dir="1" index="2" bw="32" slack="0"/>
</pin_list>
<bind>
<opcode="add(8) " fcode="add"/>
<opset="add_ln33_9/3 "/>
</bind>
</comp>

<comp id="873" class="1004" name="add_ln33_14_fu_873">
<pin_list>
<pin id="874" dir="0" index="0" bw="32" slack="1"/>
<pin id="875" dir="0" index="1" bw="32" slack="0"/>
<pin id="876" dir="1" index="2" bw="32" slack="0"/>
</pin_list>
<bind>
<opcode="add(8) " fcode="add"/>
<opset="add_ln33_14/3 "/>
</bind>
</comp>

<comp id="878" class="1004" name="add_ln33_15_fu_878">
<pin_list>
<pin id="879" dir="0" index="0" bw="32" slack="0"/>
<pin id="880" dir="0" index="1" bw="32" slack="0"/>
<pin id="881" dir="1" index="2" bw="32" slack="0"/>
</pin_list>
<bind>
<opcode="add(8) " fcode="add"/>
<opset="add_ln33_15/3 "/>
</bind>
</comp>

<comp id="885" class="1005" name="j_reg_885">
<pin_list>
<pin id="886" dir="0" index="0" bw="5" slack="0"/>
<pin id="887" dir="1" index="1" bw="5" slack="0"/>
</pin_list>
<bind>
<opset="j "/>
</bind>
</comp>

<comp id="892" class="1005" name="i_reg_892">
<pin_list>
<pin id="893" dir="0" index="0" bw="5" slack="0"/>
<pin id="894" dir="1" index="1" bw="5" slack="0"/>
</pin_list>
<bind>
<opset="i "/>
</bind>
</comp>

<comp id="899" class="1005" name="indvar_flatten20_reg_899">
<pin_list>
<pin id="900" dir="0" index="0" bw="9" slack="0"/>
<pin id="901" dir="1" index="1" bw="9" slack="0"/>
</pin_list>
<bind>
<opset="indvar_flatten20 "/>
</bind>
</comp>

<comp id="906" class="1005" name="icmp_ln30_reg_906">
<pin_list>
<pin id="907" dir="0" index="0" bw="1" slack="1"/>
<pin id="908" dir="1" index="1" bw="1" slack="2147483647"/>
</pin_list>
<bind>
<opset="icmp_ln30 "/>
</bind>
</comp>

<comp id="910" class="1005" name="tA_addr_reg_910">
<pin_list>
<pin id="911" dir="0" index="0" bw="4" slack="1"/>
<pin id="912" dir="1" index="1" bw="4" slack="1"/>
</pin_list>
<bind>
<opset="tA_addr "/>
</bind>
</comp>

<comp id="915" class="1005" name="tA_1_addr_reg_915">
<pin_list>
<pin id="916" dir="0" index="0" bw="4" slack="1"/>
<pin id="917" dir="1" index="1" bw="4" slack="1"/>
</pin_list>
<bind>
<opset="tA_1_addr "/>
</bind>
</comp>

<comp id="920" class="1005" name="tA_2_addr_reg_920">
<pin_list>
<pin id="921" dir="0" index="0" bw="4" slack="1"/>
<pin id="922" dir="1" index="1" bw="4" slack="1"/>
</pin_list>
<bind>
<opset="tA_2_addr "/>
</bind>
</comp>

<comp id="925" class="1005" name="tA_3_addr_reg_925">
<pin_list>
<pin id="926" dir="0" index="0" bw="4" slack="1"/>
<pin id="927" dir="1" index="1" bw="4" slack="1"/>
</pin_list>
<bind>
<opset="tA_3_addr "/>
</bind>
</comp>

<comp id="930" class="1005" name="tA_4_addr_reg_930">
<pin_list>
<pin id="931" dir="0" index="0" bw="4" slack="1"/>
<pin id="932" dir="1" index="1" bw="4" slack="1"/>
</pin_list>
<bind>
<opset="tA_4_addr "/>
</bind>
</comp>

<comp id="935" class="1005" name="tA_5_addr_reg_935">
<pin_list>
<pin id="936" dir="0" index="0" bw="4" slack="1"/>
<pin id="937" dir="1" index="1" bw="4" slack="1"/>
</pin_list>
<bind>
<opset="tA_5_addr "/>
</bind>
</comp>

<comp id="940" class="1005" name="tA_6_addr_reg_940">
<pin_list>
<pin id="941" dir="0" index="0" bw="4" slack="1"/>
<pin id="942" dir="1" index="1" bw="4" slack="1"/>
</pin_list>
<bind>
<opset="tA_6_addr "/>
</bind>
</comp>

<comp id="945" class="1005" name="tA_7_addr_reg_945">
<pin_list>
<pin id="946" dir="0" index="0" bw="4" slack="1"/>
<pin id="947" dir="1" index="1" bw="4" slack="1"/>
</pin_list>
<bind>
<opset="tA_7_addr "/>
</bind>
</comp>

<comp id="950" class="1005" name="tA_8_addr_reg_950">
<pin_list>
<pin id="951" dir="0" index="0" bw="4" slack="1"/>
<pin id="952" dir="1" index="1" bw="4" slack="1"/>
</pin_list>
<bind>
<opset="tA_8_addr "/>
</bind>
</comp>

<comp id="955" class="1005" name="tA_9_addr_reg_955">
<pin_list>
<pin id="956" dir="0" index="0" bw="4" slack="1"/>
<pin id="957" dir="1" index="1" bw="4" slack="1"/>
</pin_list>
<bind>
<opset="tA_9_addr "/>
</bind>
</comp>

<comp id="960" class="1005" name="tA_10_addr_reg_960">
<pin_list>
<pin id="961" dir="0" index="0" bw="4" slack="1"/>
<pin id="962" dir="1" index="1" bw="4" slack="1"/>
</pin_list>
<bind>
<opset="tA_10_addr "/>
</bind>
</comp>

<comp id="965" class="1005" name="tA_11_addr_reg_965">
<pin_list>
<pin id="966" dir="0" index="0" bw="4" slack="1"/>
<pin id="967" dir="1" index="1" bw="4" slack="1"/>
</pin_list>
<bind>
<opset="tA_11_addr "/>
</bind>
</comp>

<comp id="970" class="1005" name="tA_12_addr_reg_970">
<pin_list>
<pin id="971" dir="0" index="0" bw="4" slack="1"/>
<pin id="972" dir="1" index="1" bw="4" slack="1"/>
</pin_list>
<bind>
<opset="tA_12_addr "/>
</bind>
</comp>

<comp id="975" class="1005" name="tA_13_addr_reg_975">
<pin_list>
<pin id="976" dir="0" index="0" bw="4" slack="1"/>
<pin id="977" dir="1" index="1" bw="4" slack="1"/>
</pin_list>
<bind>
<opset="tA_13_addr "/>
</bind>
</comp>

<comp id="980" class="1005" name="tA_14_addr_reg_980">
<pin_list>
<pin id="981" dir="0" index="0" bw="4" slack="1"/>
<pin id="982" dir="1" index="1" bw="4" slack="1"/>
</pin_list>
<bind>
<opset="tA_14_addr "/>
</bind>
</comp>

<comp id="985" class="1005" name="tA_15_addr_reg_985">
<pin_list>
<pin id="986" dir="0" index="0" bw="4" slack="1"/>
<pin id="987" dir="1" index="1" bw="4" slack="1"/>
</pin_list>
<bind>
<opset="tA_15_addr "/>
</bind>
</comp>

<comp id="990" class="1005" name="empty_reg_990">
<pin_list>
<pin id="991" dir="0" index="0" bw="8" slack="1"/>
<pin id="992" dir="1" index="1" bw="8" slack="1"/>
</pin_list>
<bind>
<opset="empty "/>
</bind>
</comp>

<comp id="995" class="1005" name="tB_addr_reg_995">
<pin_list>
<pin id="996" dir="0" index="0" bw="4" slack="1"/>
<pin id="997" dir="1" index="1" bw="4" slack="1"/>
</pin_list>
<bind>
<opset="tB_addr "/>
</bind>
</comp>

<comp id="1000" class="1005" name="tB_1_addr_reg_1000">
<pin_list>
<pin id="1001" dir="0" index="0" bw="4" slack="1"/>
<pin id="1002" dir="1" index="1" bw="4" slack="1"/>
</pin_list>
<bind>
<opset="tB_1_addr "/>
</bind>
</comp>

<comp id="1005" class="1005" name="tB_2_addr_reg_1005">
<pin_list>
<pin id="1006" dir="0" index="0" bw="4" slack="1"/>
<pin id="1007" dir="1" index="1" bw="4" slack="1"/>
</pin_list>
<bind>
<opset="tB_2_addr "/>
</bind>
</comp>

<comp id="1010" class="1005" name="tB_3_addr_reg_1010">
<pin_list>
<pin id="1011" dir="0" index="0" bw="4" slack="1"/>
<pin id="1012" dir="1" index="1" bw="4" slack="1"/>
</pin_list>
<bind>
<opset="tB_3_addr "/>
</bind>
</comp>

<comp id="1015" class="1005" name="tB_4_addr_reg_1015">
<pin_list>
<pin id="1016" dir="0" index="0" bw="4" slack="1"/>
<pin id="1017" dir="1" index="1" bw="4" slack="1"/>
</pin_list>
<bind>
<opset="tB_4_addr "/>
</bind>
</comp>

<comp id="1020" class="1005" name="tB_5_addr_reg_1020">
<pin_list>
<pin id="1021" dir="0" index="0" bw="4" slack="1"/>
<pin id="1022" dir="1" index="1" bw="4" slack="1"/>
</pin_list>
<bind>
<opset="tB_5_addr "/>
</bind>
</comp>

<comp id="1025" class="1005" name="tB_6_addr_reg_1025">
<pin_list>
<pin id="1026" dir="0" index="0" bw="4" slack="1"/>
<pin id="1027" dir="1" index="1" bw="4" slack="1"/>
</pin_list>
<bind>
<opset="tB_6_addr "/>
</bind>
</comp>

<comp id="1030" class="1005" name="tB_7_addr_reg_1030">
<pin_list>
<pin id="1031" dir="0" index="0" bw="4" slack="1"/>
<pin id="1032" dir="1" index="1" bw="4" slack="1"/>
</pin_list>
<bind>
<opset="tB_7_addr "/>
</bind>
</comp>

<comp id="1035" class="1005" name="tB_8_addr_reg_1035">
<pin_list>
<pin id="1036" dir="0" index="0" bw="4" slack="1"/>
<pin id="1037" dir="1" index="1" bw="4" slack="1"/>
</pin_list>
<bind>
<opset="tB_8_addr "/>
</bind>
</comp>

<comp id="1040" class="1005" name="tB_9_addr_reg_1040">
<pin_list>
<pin id="1041" dir="0" index="0" bw="4" slack="1"/>
<pin id="1042" dir="1" index="1" bw="4" slack="1"/>
</pin_list>
<bind>
<opset="tB_9_addr "/>
</bind>
</comp>

<comp id="1045" class="1005" name="tB_10_addr_reg_1045">
<pin_list>
<pin id="1046" dir="0" index="0" bw="4" slack="1"/>
<pin id="1047" dir="1" index="1" bw="4" slack="1"/>
</pin_list>
<bind>
<opset="tB_10_addr "/>
</bind>
</comp>

<comp id="1050" class="1005" name="tB_11_addr_reg_1050">
<pin_list>
<pin id="1051" dir="0" index="0" bw="4" slack="1"/>
<pin id="1052" dir="1" index="1" bw="4" slack="1"/>
</pin_list>
<bind>
<opset="tB_11_addr "/>
</bind>
</comp>

<comp id="1055" class="1005" name="tB_12_addr_reg_1055">
<pin_list>
<pin id="1056" dir="0" index="0" bw="4" slack="1"/>
<pin id="1057" dir="1" index="1" bw="4" slack="1"/>
</pin_list>
<bind>
<opset="tB_12_addr "/>
</bind>
</comp>

<comp id="1060" class="1005" name="tB_13_addr_reg_1060">
<pin_list>
<pin id="1061" dir="0" index="0" bw="4" slack="1"/>
<pin id="1062" dir="1" index="1" bw="4" slack="1"/>
</pin_list>
<bind>
<opset="tB_13_addr "/>
</bind>
</comp>

<comp id="1065" class="1005" name="tB_14_addr_reg_1065">
<pin_list>
<pin id="1066" dir="0" index="0" bw="4" slack="1"/>
<pin id="1067" dir="1" index="1" bw="4" slack="1"/>
</pin_list>
<bind>
<opset="tB_14_addr "/>
</bind>
</comp>

<comp id="1070" class="1005" name="tB_15_addr_reg_1070">
<pin_list>
<pin id="1071" dir="0" index="0" bw="4" slack="1"/>
<pin id="1072" dir="1" index="1" bw="4" slack="1"/>
</pin_list>
<bind>
<opset="tB_15_addr "/>
</bind>
</comp>

<comp id="1075" class="1005" name="tC_addr_reg_1075">
<pin_list>
<pin id="1076" dir="0" index="0" bw="8" slack="1"/>
<pin id="1077" dir="1" index="1" bw="8" slack="1"/>
</pin_list>
<bind>
<opset="tC_addr "/>
</bind>
</comp>

<comp id="1081" class="1005" name="mul_ln33_8_reg_1081">
<pin_list>
<pin id="1082" dir="0" index="0" bw="32" slack="1"/>
<pin id="1083" dir="1" index="1" bw="32" slack="1"/>
</pin_list>
<bind>
<opset="mul_ln33_8 "/>
</bind>
</comp>

<comp id="1086" class="1005" name="add_ln33_1_reg_1086">
<pin_list>
<pin id="1087" dir="0" index="0" bw="32" slack="1"/>
<pin id="1088" dir="1" index="1" bw="32" slack="1"/>
</pin_list>
<bind>
<opset="add_ln33_1 "/>
</bind>
</comp>

<comp id="1091" class="1005" name="add_ln33_5_reg_1091">
<pin_list>
<pin id="1092" dir="0" index="0" bw="32" slack="1"/>
<pin id="1093" dir="1" index="1" bw="32" slack="1"/>
</pin_list>
<bind>
<opset="add_ln33_5 "/>
</bind>
</comp>

<comp id="1096" class="1005" name="add_ln33_7_reg_1096">
<pin_list>
<pin id="1097" dir="0" index="0" bw="32" slack="1"/>
<pin id="1098" dir="1" index="1" bw="32" slack="1"/>
</pin_list>
<bind>
<opset="add_ln33_7 "/>
</bind>
</comp>

<comp id="1101" class="1005" name="add_ln33_8_reg_1101">
<pin_list>
<pin id="1102" dir="0" index="0" bw="32" slack="1"/>
<pin id="1103" dir="1" index="1" bw="32" slack="1"/>
</pin_list>
<bind>
<opset="add_ln33_8 "/>
</bind>
</comp>

<comp id="1106" class="1005" name="add_ln33_13_reg_1106">
<pin_list>
<pin id="1107" dir="0" index="0" bw="32" slack="1"/>
<pin id="1108" dir="1" index="1" bw="32" slack="1"/>
</pin_list>
<bind>
<opset="add_ln33_13 "/>
</bind>
</comp>

</comp_list>

<net_list>
<net id="105"><net_src comp="66" pin="0"/><net_sink comp="102" pin=0"/></net>

<net id="109"><net_src comp="66" pin="0"/><net_sink comp="106" pin=0"/></net>

<net id="113"><net_src comp="66" pin="0"/><net_sink comp="110" pin=0"/></net>

<net id="119"><net_src comp="0" pin="0"/><net_sink comp="114" pin=0"/></net>

<net id="120"><net_src comp="84" pin="0"/><net_sink comp="114" pin=1"/></net>

<net id="126"><net_src comp="114" pin="3"/><net_sink comp="121" pin=0"/></net>

<net id="132"><net_src comp="2" pin="0"/><net_sink comp="127" pin=0"/></net>

<net id="133"><net_src comp="84" pin="0"/><net_sink comp="127" pin=1"/></net>

<net id="139"><net_src comp="127" pin="3"/><net_sink comp="134" pin=0"/></net>

<net id="145"><net_src comp="4" pin="0"/><net_sink comp="140" pin=0"/></net>

<net id="146"><net_src comp="84" pin="0"/><net_sink comp="140" pin=1"/></net>

<net id="152"><net_src comp="140" pin="3"/><net_sink comp="147" pin=0"/></net>

<net id="158"><net_src comp="6" pin="0"/><net_sink comp="153" pin=0"/></net>

<net id="159"><net_src comp="84" pin="0"/><net_sink comp="153" pin=1"/></net>

<net id="165"><net_src comp="153" pin="3"/><net_sink comp="160" pin=0"/></net>

<net id="171"><net_src comp="8" pin="0"/><net_sink comp="166" pin=0"/></net>

<net id="172"><net_src comp="84" pin="0"/><net_sink comp="166" pin=1"/></net>

<net id="178"><net_src comp="166" pin="3"/><net_sink comp="173" pin=0"/></net>

<net id="184"><net_src comp="10" pin="0"/><net_sink comp="179" pin=0"/></net>

<net id="185"><net_src comp="84" pin="0"/><net_sink comp="179" pin=1"/></net>

<net id="191"><net_src comp="179" pin="3"/><net_sink comp="186" pin=0"/></net>

<net id="197"><net_src comp="12" pin="0"/><net_sink comp="192" pin=0"/></net>

<net id="198"><net_src comp="84" pin="0"/><net_sink comp="192" pin=1"/></net>

<net id="204"><net_src comp="192" pin="3"/><net_sink comp="199" pin=0"/></net>

<net id="210"><net_src comp="14" pin="0"/><net_sink comp="205" pin=0"/></net>

<net id="211"><net_src comp="84" pin="0"/><net_sink comp="205" pin=1"/></net>

<net id="217"><net_src comp="205" pin="3"/><net_sink comp="212" pin=0"/></net>

<net id="223"><net_src comp="16" pin="0"/><net_sink comp="218" pin=0"/></net>

<net id="224"><net_src comp="84" pin="0"/><net_sink comp="218" pin=1"/></net>

<net id="230"><net_src comp="218" pin="3"/><net_sink comp="225" pin=0"/></net>

<net id="236"><net_src comp="18" pin="0"/><net_sink comp="231" pin=0"/></net>

<net id="237"><net_src comp="84" pin="0"/><net_sink comp="231" pin=1"/></net>

<net id="243"><net_src comp="231" pin="3"/><net_sink comp="238" pin=0"/></net>

<net id="249"><net_src comp="20" pin="0"/><net_sink comp="244" pin=0"/></net>

<net id="250"><net_src comp="84" pin="0"/><net_sink comp="244" pin=1"/></net>

<net id="256"><net_src comp="244" pin="3"/><net_sink comp="251" pin=0"/></net>

<net id="262"><net_src comp="22" pin="0"/><net_sink comp="257" pin=0"/></net>

<net id="263"><net_src comp="84" pin="0"/><net_sink comp="257" pin=1"/></net>

<net id="269"><net_src comp="257" pin="3"/><net_sink comp="264" pin=0"/></net>

<net id="275"><net_src comp="24" pin="0"/><net_sink comp="270" pin=0"/></net>

<net id="276"><net_src comp="84" pin="0"/><net_sink comp="270" pin=1"/></net>

<net id="282"><net_src comp="270" pin="3"/><net_sink comp="277" pin=0"/></net>

<net id="288"><net_src comp="26" pin="0"/><net_sink comp="283" pin=0"/></net>

<net id="289"><net_src comp="84" pin="0"/><net_sink comp="283" pin=1"/></net>

<net id="295"><net_src comp="283" pin="3"/><net_sink comp="290" pin=0"/></net>

<net id="301"><net_src comp="28" pin="0"/><net_sink comp="296" pin=0"/></net>

<net id="302"><net_src comp="84" pin="0"/><net_sink comp="296" pin=1"/></net>

<net id="308"><net_src comp="296" pin="3"/><net_sink comp="303" pin=0"/></net>

<net id="314"><net_src comp="30" pin="0"/><net_sink comp="309" pin=0"/></net>

<net id="315"><net_src comp="84" pin="0"/><net_sink comp="309" pin=1"/></net>

<net id="321"><net_src comp="309" pin="3"/><net_sink comp="316" pin=0"/></net>

<net id="327"><net_src comp="34" pin="0"/><net_sink comp="322" pin=0"/></net>

<net id="328"><net_src comp="84" pin="0"/><net_sink comp="322" pin=1"/></net>

<net id="334"><net_src comp="322" pin="3"/><net_sink comp="329" pin=0"/></net>

<net id="340"><net_src comp="36" pin="0"/><net_sink comp="335" pin=0"/></net>

<net id="341"><net_src comp="84" pin="0"/><net_sink comp="335" pin=1"/></net>

<net id="347"><net_src comp="335" pin="3"/><net_sink comp="342" pin=0"/></net>

<net id="353"><net_src comp="38" pin="0"/><net_sink comp="348" pin=0"/></net>

<net id="354"><net_src comp="84" pin="0"/><net_sink comp="348" pin=1"/></net>

<net id="360"><net_src comp="348" pin="3"/><net_sink comp="355" pin=0"/></net>

<net id="366"><net_src comp="40" pin="0"/><net_sink comp="361" pin=0"/></net>

<net id="367"><net_src comp="84" pin="0"/><net_sink comp="361" pin=1"/></net>

<net id="373"><net_src comp="361" pin="3"/><net_sink comp="368" pin=0"/></net>

<net id="379"><net_src comp="42" pin="0"/><net_sink comp="374" pin=0"/></net>

<net id="380"><net_src comp="84" pin="0"/><net_sink comp="374" pin=1"/></net>

<net id="386"><net_src comp="374" pin="3"/><net_sink comp="381" pin=0"/></net>

<net id="392"><net_src comp="44" pin="0"/><net_sink comp="387" pin=0"/></net>

<net id="393"><net_src comp="84" pin="0"/><net_sink comp="387" pin=1"/></net>

<net id="399"><net_src comp="387" pin="3"/><net_sink comp="394" pin=0"/></net>

<net id="405"><net_src comp="46" pin="0"/><net_sink comp="400" pin=0"/></net>

<net id="406"><net_src comp="84" pin="0"/><net_sink comp="400" pin=1"/></net>

<net id="412"><net_src comp="400" pin="3"/><net_sink comp="407" pin=0"/></net>

<net id="418"><net_src comp="48" pin="0"/><net_sink comp="413" pin=0"/></net>

<net id="419"><net_src comp="84" pin="0"/><net_sink comp="413" pin=1"/></net>

<net id="425"><net_src comp="413" pin="3"/><net_sink comp="420" pin=0"/></net>

<net id="431"><net_src comp="50" pin="0"/><net_sink comp="426" pin=0"/></net>

<net id="432"><net_src comp="84" pin="0"/><net_sink comp="426" pin=1"/></net>

<net id="438"><net_src comp="426" pin="3"/><net_sink comp="433" pin=0"/></net>

<net id="444"><net_src comp="52" pin="0"/><net_sink comp="439" pin=0"/></net>

<net id="445"><net_src comp="84" pin="0"/><net_sink comp="439" pin=1"/></net>

<net id="451"><net_src comp="439" pin="3"/><net_sink comp="446" pin=0"/></net>

<net id="457"><net_src comp="54" pin="0"/><net_sink comp="452" pin=0"/></net>

<net id="458"><net_src comp="84" pin="0"/><net_sink comp="452" pin=1"/></net>

<net id="464"><net_src comp="452" pin="3"/><net_sink comp="459" pin=0"/></net>

<net id="470"><net_src comp="56" pin="0"/><net_sink comp="465" pin=0"/></net>

<net id="471"><net_src comp="84" pin="0"/><net_sink comp="465" pin=1"/></net>

<net id="477"><net_src comp="465" pin="3"/><net_sink comp="472" pin=0"/></net>

<net id="483"><net_src comp="58" pin="0"/><net_sink comp="478" pin=0"/></net>

<net id="484"><net_src comp="84" pin="0"/><net_sink comp="478" pin=1"/></net>

<net id="490"><net_src comp="478" pin="3"/><net_sink comp="485" pin=0"/></net>

<net id="496"><net_src comp="60" pin="0"/><net_sink comp="491" pin=0"/></net>

<net id="497"><net_src comp="84" pin="0"/><net_sink comp="491" pin=1"/></net>

<net id="503"><net_src comp="491" pin="3"/><net_sink comp="498" pin=0"/></net>

<net id="509"><net_src comp="62" pin="0"/><net_sink comp="504" pin=0"/></net>

<net id="510"><net_src comp="84" pin="0"/><net_sink comp="504" pin=1"/></net>

<net id="516"><net_src comp="504" pin="3"/><net_sink comp="511" pin=0"/></net>

<net id="522"><net_src comp="64" pin="0"/><net_sink comp="517" pin=0"/></net>

<net id="523"><net_src comp="84" pin="0"/><net_sink comp="517" pin=1"/></net>

<net id="529"><net_src comp="517" pin="3"/><net_sink comp="524" pin=0"/></net>

<net id="535"><net_src comp="32" pin="0"/><net_sink comp="530" pin=0"/></net>

<net id="536"><net_src comp="84" pin="0"/><net_sink comp="530" pin=1"/></net>

<net id="546"><net_src comp="530" pin="3"/><net_sink comp="537" pin=2"/></net>

<net id="551"><net_src comp="524" pin="3"/><net_sink comp="547" pin=0"/></net>

<net id="552"><net_src comp="316" pin="3"/><net_sink comp="547" pin=1"/></net>

<net id="557"><net_src comp="459" pin="3"/><net_sink comp="553" pin=0"/></net>

<net id="558"><net_src comp="251" pin="3"/><net_sink comp="553" pin=1"/></net>

<net id="563"><net_src comp="381" pin="3"/><net_sink comp="559" pin=0"/></net>

<net id="564"><net_src comp="173" pin="3"/><net_sink comp="559" pin=1"/></net>

<net id="569"><net_src comp="368" pin="3"/><net_sink comp="565" pin=0"/></net>

<net id="570"><net_src comp="160" pin="3"/><net_sink comp="565" pin=1"/></net>

<net id="575"><net_src comp="342" pin="3"/><net_sink comp="571" pin=0"/></net>

<net id="576"><net_src comp="134" pin="3"/><net_sink comp="571" pin=1"/></net>

<net id="581"><net_src comp="394" pin="3"/><net_sink comp="577" pin=0"/></net>

<net id="582"><net_src comp="186" pin="3"/><net_sink comp="577" pin=1"/></net>

<net id="587"><net_src comp="472" pin="3"/><net_sink comp="583" pin=0"/></net>

<net id="588"><net_src comp="264" pin="3"/><net_sink comp="583" pin=1"/></net>

<net id="593"><net_src comp="446" pin="3"/><net_sink comp="589" pin=0"/></net>

<net id="594"><net_src comp="238" pin="3"/><net_sink comp="589" pin=1"/></net>

<net id="599"><net_src comp="329" pin="3"/><net_sink comp="595" pin=0"/></net>

<net id="600"><net_src comp="121" pin="3"/><net_sink comp="595" pin=1"/></net>

<net id="605"><net_src comp="407" pin="3"/><net_sink comp="601" pin=0"/></net>

<net id="606"><net_src comp="199" pin="3"/><net_sink comp="601" pin=1"/></net>

<net id="611"><net_src comp="485" pin="3"/><net_sink comp="607" pin=0"/></net>

<net id="612"><net_src comp="277" pin="3"/><net_sink comp="607" pin=1"/></net>

<net id="617"><net_src comp="433" pin="3"/><net_sink comp="613" pin=0"/></net>

<net id="618"><net_src comp="225" pin="3"/><net_sink comp="613" pin=1"/></net>

<net id="623"><net_src comp="420" pin="3"/><net_sink comp="619" pin=0"/></net>

<net id="624"><net_src comp="212" pin="3"/><net_sink comp="619" pin=1"/></net>

<net id="629"><net_src comp="498" pin="3"/><net_sink comp="625" pin=0"/></net>

<net id="630"><net_src comp="290" pin="3"/><net_sink comp="625" pin=1"/></net>

<net id="635"><net_src comp="355" pin="3"/><net_sink comp="631" pin=0"/></net>

<net id="636"><net_src comp="147" pin="3"/><net_sink comp="631" pin=1"/></net>

<net id="641"><net_src comp="511" pin="3"/><net_sink comp="637" pin=0"/></net>

<net id="642"><net_src comp="303" pin="3"/><net_sink comp="637" pin=1"/></net>

<net id="647"><net_src comp="68" pin="0"/><net_sink comp="643" pin=0"/></net>

<net id="652"><net_src comp="70" pin="0"/><net_sink comp="648" pin=0"/></net>

<net id="657"><net_src comp="70" pin="0"/><net_sink comp="653" pin=0"/></net>

<net id="665"><net_src comp="658" pin="1"/><net_sink comp="661" pin=0"/></net>

<net id="666"><net_src comp="72" pin="0"/><net_sink comp="661" pin=1"/></net>

<net id="671"><net_src comp="658" pin="1"/><net_sink comp="667" pin=0"/></net>

<net id="672"><net_src comp="74" pin="0"/><net_sink comp="667" pin=1"/></net>

<net id="683"><net_src comp="676" pin="1"/><net_sink comp="679" pin=0"/></net>

<net id="684"><net_src comp="76" pin="0"/><net_sink comp="679" pin=1"/></net>

<net id="689"><net_src comp="673" pin="1"/><net_sink comp="685" pin=0"/></net>

<net id="690"><net_src comp="78" pin="0"/><net_sink comp="685" pin=1"/></net>

<net id="696"><net_src comp="685" pin="2"/><net_sink comp="691" pin=0"/></net>

<net id="697"><net_src comp="70" pin="0"/><net_sink comp="691" pin=1"/></net>

<net id="698"><net_src comp="673" pin="1"/><net_sink comp="691" pin=2"/></net>

<net id="704"><net_src comp="685" pin="2"/><net_sink comp="699" pin=0"/></net>

<net id="705"><net_src comp="679" pin="2"/><net_sink comp="699" pin=1"/></net>

<net id="706"><net_src comp="676" pin="1"/><net_sink comp="699" pin=2"/></net>

<net id="710"><net_src comp="699" pin="3"/><net_sink comp="707" pin=0"/></net>

<net id="714"><net_src comp="699" pin="3"/><net_sink comp="711" pin=0"/></net>

<net id="715"><net_src comp="711" pin="1"/><net_sink comp="114" pin=2"/></net>

<net id="716"><net_src comp="711" pin="1"/><net_sink comp="127" pin=2"/></net>

<net id="717"><net_src comp="711" pin="1"/><net_sink comp="140" pin=2"/></net>

<net id="718"><net_src comp="711" pin="1"/><net_sink comp="153" pin=2"/></net>

<net id="719"><net_src comp="711" pin="1"/><net_sink comp="166" pin=2"/></net>

<net id="720"><net_src comp="711" pin="1"/><net_sink comp="179" pin=2"/></net>

<net id="721"><net_src comp="711" pin="1"/><net_sink comp="192" pin=2"/></net>

<net id="722"><net_src comp="711" pin="1"/><net_sink comp="205" pin=2"/></net>

<net id="723"><net_src comp="711" pin="1"/><net_sink comp="218" pin=2"/></net>

<net id="724"><net_src comp="711" pin="1"/><net_sink comp="231" pin=2"/></net>

<net id="725"><net_src comp="711" pin="1"/><net_sink comp="244" pin=2"/></net>

<net id="726"><net_src comp="711" pin="1"/><net_sink comp="257" pin=2"/></net>

<net id="727"><net_src comp="711" pin="1"/><net_sink comp="270" pin=2"/></net>

<net id="728"><net_src comp="711" pin="1"/><net_sink comp="283" pin=2"/></net>

<net id="729"><net_src comp="711" pin="1"/><net_sink comp="296" pin=2"/></net>

<net id="730"><net_src comp="711" pin="1"/><net_sink comp="309" pin=2"/></net>

<net id="736"><net_src comp="80" pin="0"/><net_sink comp="731" pin=0"/></net>

<net id="737"><net_src comp="707" pin="1"/><net_sink comp="731" pin=1"/></net>

<net id="738"><net_src comp="82" pin="0"/><net_sink comp="731" pin=2"/></net>

<net id="742"><net_src comp="691" pin="3"/><net_sink comp="739" pin=0"/></net>

<net id="743"><net_src comp="739" pin="1"/><net_sink comp="322" pin=2"/></net>

<net id="744"><net_src comp="739" pin="1"/><net_sink comp="335" pin=2"/></net>

<net id="745"><net_src comp="739" pin="1"/><net_sink comp="348" pin=2"/></net>

<net id="746"><net_src comp="739" pin="1"/><net_sink comp="361" pin=2"/></net>

<net id="747"><net_src comp="739" pin="1"/><net_sink comp="374" pin=2"/></net>

<net id="748"><net_src comp="739" pin="1"/><net_sink comp="387" pin=2"/></net>

<net id="749"><net_src comp="739" pin="1"/><net_sink comp="400" pin=2"/></net>

<net id="750"><net_src comp="739" pin="1"/><net_sink comp="413" pin=2"/></net>

<net id="751"><net_src comp="739" pin="1"/><net_sink comp="426" pin=2"/></net>

<net id="752"><net_src comp="739" pin="1"/><net_sink comp="439" pin=2"/></net>

<net id="753"><net_src comp="739" pin="1"/><net_sink comp="452" pin=2"/></net>

<net id="754"><net_src comp="739" pin="1"/><net_sink comp="465" pin=2"/></net>

<net id="755"><net_src comp="739" pin="1"/><net_sink comp="478" pin=2"/></net>

<net id="756"><net_src comp="739" pin="1"/><net_sink comp="491" pin=2"/></net>

<net id="757"><net_src comp="739" pin="1"/><net_sink comp="504" pin=2"/></net>

<net id="758"><net_src comp="739" pin="1"/><net_sink comp="517" pin=2"/></net>

<net id="762"><net_src comp="691" pin="3"/><net_sink comp="759" pin=0"/></net>

<net id="767"><net_src comp="731" pin="3"/><net_sink comp="763" pin=0"/></net>

<net id="768"><net_src comp="759" pin="1"/><net_sink comp="763" pin=1"/></net>

<net id="773"><net_src comp="691" pin="3"/><net_sink comp="769" pin=0"/></net>

<net id="774"><net_src comp="76" pin="0"/><net_sink comp="769" pin=1"/></net>

<net id="779"><net_src comp="667" pin="2"/><net_sink comp="775" pin=0"/></net>

<net id="784"><net_src comp="699" pin="3"/><net_sink comp="780" pin=0"/></net>

<net id="789"><net_src comp="769" pin="2"/><net_sink comp="785" pin=0"/></net>

<net id="793"><net_src comp="790" pin="1"/><net_sink comp="530" pin=2"/></net>

<net id="798"><net_src comp="571" pin="2"/><net_sink comp="794" pin=0"/></net>

<net id="799"><net_src comp="631" pin="2"/><net_sink comp="794" pin=1"/></net>

<net id="804"><net_src comp="565" pin="2"/><net_sink comp="800" pin=0"/></net>

<net id="805"><net_src comp="559" pin="2"/><net_sink comp="800" pin=1"/></net>

<net id="810"><net_src comp="577" pin="2"/><net_sink comp="806" pin=0"/></net>

<net id="811"><net_src comp="601" pin="2"/><net_sink comp="806" pin=1"/></net>

<net id="816"><net_src comp="806" pin="2"/><net_sink comp="812" pin=0"/></net>

<net id="817"><net_src comp="800" pin="2"/><net_sink comp="812" pin=1"/></net>

<net id="822"><net_src comp="619" pin="2"/><net_sink comp="818" pin=0"/></net>

<net id="823"><net_src comp="613" pin="2"/><net_sink comp="818" pin=1"/></net>

<net id="828"><net_src comp="589" pin="2"/><net_sink comp="824" pin=0"/></net>

<net id="829"><net_src comp="553" pin="2"/><net_sink comp="824" pin=1"/></net>

<net id="834"><net_src comp="583" pin="2"/><net_sink comp="830" pin=0"/></net>

<net id="835"><net_src comp="607" pin="2"/><net_sink comp="830" pin=1"/></net>

<net id="840"><net_src comp="637" pin="2"/><net_sink comp="836" pin=0"/></net>

<net id="841"><net_src comp="547" pin="2"/><net_sink comp="836" pin=1"/></net>

<net id="846"><net_src comp="836" pin="2"/><net_sink comp="842" pin=0"/></net>

<net id="847"><net_src comp="625" pin="2"/><net_sink comp="842" pin=1"/></net>

<net id="852"><net_src comp="842" pin="2"/><net_sink comp="848" pin=0"/></net>

<net id="853"><net_src comp="830" pin="2"/><net_sink comp="848" pin=1"/></net>

<net id="858"><net_src comp="537" pin="7"/><net_sink comp="854" pin=0"/></net>

<net id="863"><net_src comp="854" pin="2"/><net_sink comp="859" pin=1"/></net>

<net id="868"><net_src comp="859" pin="2"/><net_sink comp="864" pin=1"/></net>

<net id="877"><net_src comp="869" pin="2"/><net_sink comp="873" pin=1"/></net>

<net id="882"><net_src comp="873" pin="2"/><net_sink comp="878" pin=0"/></net>

<net id="883"><net_src comp="864" pin="2"/><net_sink comp="878" pin=1"/></net>

<net id="884"><net_src comp="878" pin="2"/><net_sink comp="537" pin=1"/></net>

<net id="888"><net_src comp="102" pin="1"/><net_sink comp="885" pin=0"/></net>

<net id="889"><net_src comp="885" pin="1"/><net_sink comp="653" pin=1"/></net>

<net id="890"><net_src comp="885" pin="1"/><net_sink comp="673" pin=0"/></net>

<net id="891"><net_src comp="885" pin="1"/><net_sink comp="785" pin=1"/></net>

<net id="895"><net_src comp="106" pin="1"/><net_sink comp="892" pin=0"/></net>

<net id="896"><net_src comp="892" pin="1"/><net_sink comp="648" pin=1"/></net>

<net id="897"><net_src comp="892" pin="1"/><net_sink comp="676" pin=0"/></net>

<net id="898"><net_src comp="892" pin="1"/><net_sink comp="780" pin=1"/></net>

<net id="902"><net_src comp="110" pin="1"/><net_sink comp="899" pin=0"/></net>

<net id="903"><net_src comp="899" pin="1"/><net_sink comp="643" pin=1"/></net>

<net id="904"><net_src comp="899" pin="1"/><net_sink comp="658" pin=0"/></net>

<net id="905"><net_src comp="899" pin="1"/><net_sink comp="775" pin=1"/></net>

<net id="909"><net_src comp="661" pin="2"/><net_sink comp="906" pin=0"/></net>

<net id="913"><net_src comp="114" pin="3"/><net_sink comp="910" pin=0"/></net>

<net id="914"><net_src comp="910" pin="1"/><net_sink comp="121" pin=0"/></net>

<net id="918"><net_src comp="127" pin="3"/><net_sink comp="915" pin=0"/></net>

<net id="919"><net_src comp="915" pin="1"/><net_sink comp="134" pin=0"/></net>

<net id="923"><net_src comp="140" pin="3"/><net_sink comp="920" pin=0"/></net>

<net id="924"><net_src comp="920" pin="1"/><net_sink comp="147" pin=0"/></net>

<net id="928"><net_src comp="153" pin="3"/><net_sink comp="925" pin=0"/></net>

<net id="929"><net_src comp="925" pin="1"/><net_sink comp="160" pin=0"/></net>

<net id="933"><net_src comp="166" pin="3"/><net_sink comp="930" pin=0"/></net>

<net id="934"><net_src comp="930" pin="1"/><net_sink comp="173" pin=0"/></net>

<net id="938"><net_src comp="179" pin="3"/><net_sink comp="935" pin=0"/></net>

<net id="939"><net_src comp="935" pin="1"/><net_sink comp="186" pin=0"/></net>

<net id="943"><net_src comp="192" pin="3"/><net_sink comp="940" pin=0"/></net>

<net id="944"><net_src comp="940" pin="1"/><net_sink comp="199" pin=0"/></net>

<net id="948"><net_src comp="205" pin="3"/><net_sink comp="945" pin=0"/></net>

<net id="949"><net_src comp="945" pin="1"/><net_sink comp="212" pin=0"/></net>

<net id="953"><net_src comp="218" pin="3"/><net_sink comp="950" pin=0"/></net>

<net id="954"><net_src comp="950" pin="1"/><net_sink comp="225" pin=0"/></net>

<net id="958"><net_src comp="231" pin="3"/><net_sink comp="955" pin=0"/></net>

<net id="959"><net_src comp="955" pin="1"/><net_sink comp="238" pin=0"/></net>

<net id="963"><net_src comp="244" pin="3"/><net_sink comp="960" pin=0"/></net>

<net id="964"><net_src comp="960" pin="1"/><net_sink comp="251" pin=0"/></net>

<net id="968"><net_src comp="257" pin="3"/><net_sink comp="965" pin=0"/></net>

<net id="969"><net_src comp="965" pin="1"/><net_sink comp="264" pin=0"/></net>

<net id="973"><net_src comp="270" pin="3"/><net_sink comp="970" pin=0"/></net>

<net id="974"><net_src comp="970" pin="1"/><net_sink comp="277" pin=0"/></net>

<net id="978"><net_src comp="283" pin="3"/><net_sink comp="975" pin=0"/></net>

<net id="979"><net_src comp="975" pin="1"/><net_sink comp="290" pin=0"/></net>

<net id="983"><net_src comp="296" pin="3"/><net_sink comp="980" pin=0"/></net>

<net id="984"><net_src comp="980" pin="1"/><net_sink comp="303" pin=0"/></net>

<net id="988"><net_src comp="309" pin="3"/><net_sink comp="985" pin=0"/></net>

<net id="989"><net_src comp="985" pin="1"/><net_sink comp="316" pin=0"/></net>

<net id="993"><net_src comp="763" pin="2"/><net_sink comp="990" pin=0"/></net>

<net id="994"><net_src comp="990" pin="1"/><net_sink comp="790" pin=0"/></net>

<net id="998"><net_src comp="322" pin="3"/><net_sink comp="995" pin=0"/></net>

<net id="999"><net_src comp="995" pin="1"/><net_sink comp="329" pin=0"/></net>

<net id="1003"><net_src comp="335" pin="3"/><net_sink comp="1000" pin=0"/></net>

<net id="1004"><net_src comp="1000" pin="1"/><net_sink comp="342" pin=0"/></net>

<net id="1008"><net_src comp="348" pin="3"/><net_sink comp="1005" pin=0"/></net>

<net id="1009"><net_src comp="1005" pin="1"/><net_sink comp="355" pin=0"/></net>

<net id="1013"><net_src comp="361" pin="3"/><net_sink comp="1010" pin=0"/></net>

<net id="1014"><net_src comp="1010" pin="1"/><net_sink comp="368" pin=0"/></net>

<net id="1018"><net_src comp="374" pin="3"/><net_sink comp="1015" pin=0"/></net>

<net id="1019"><net_src comp="1015" pin="1"/><net_sink comp="381" pin=0"/></net>

<net id="1023"><net_src comp="387" pin="3"/><net_sink comp="1020" pin=0"/></net>

<net id="1024"><net_src comp="1020" pin="1"/><net_sink comp="394" pin=0"/></net>

<net id="1028"><net_src comp="400" pin="3"/><net_sink comp="1025" pin=0"/></net>

<net id="1029"><net_src comp="1025" pin="1"/><net_sink comp="407" pin=0"/></net>

<net id="1033"><net_src comp="413" pin="3"/><net_sink comp="1030" pin=0"/></net>

<net id="1034"><net_src comp="1030" pin="1"/><net_sink comp="420" pin=0"/></net>

<net id="1038"><net_src comp="426" pin="3"/><net_sink comp="1035" pin=0"/></net>

<net id="1039"><net_src comp="1035" pin="1"/><net_sink comp="433" pin=0"/></net>

<net id="1043"><net_src comp="439" pin="3"/><net_sink comp="1040" pin=0"/></net>

<net id="1044"><net_src comp="1040" pin="1"/><net_sink comp="446" pin=0"/></net>

<net id="1048"><net_src comp="452" pin="3"/><net_sink comp="1045" pin=0"/></net>

<net id="1049"><net_src comp="1045" pin="1"/><net_sink comp="459" pin=0"/></net>

<net id="1053"><net_src comp="465" pin="3"/><net_sink comp="1050" pin=0"/></net>

<net id="1054"><net_src comp="1050" pin="1"/><net_sink comp="472" pin=0"/></net>

<net id="1058"><net_src comp="478" pin="3"/><net_sink comp="1055" pin=0"/></net>

<net id="1059"><net_src comp="1055" pin="1"/><net_sink comp="485" pin=0"/></net>

<net id="1063"><net_src comp="491" pin="3"/><net_sink comp="1060" pin=0"/></net>

<net id="1064"><net_src comp="1060" pin="1"/><net_sink comp="498" pin=0"/></net>

<net id="1068"><net_src comp="504" pin="3"/><net_sink comp="1065" pin=0"/></net>

<net id="1069"><net_src comp="1065" pin="1"/><net_sink comp="511" pin=0"/></net>

<net id="1073"><net_src comp="517" pin="3"/><net_sink comp="1070" pin=0"/></net>

<net id="1074"><net_src comp="1070" pin="1"/><net_sink comp="524" pin=0"/></net>

<net id="1078"><net_src comp="530" pin="3"/><net_sink comp="1075" pin=0"/></net>

<net id="1079"><net_src comp="1075" pin="1"/><net_sink comp="537" pin=2"/></net>

<net id="1080"><net_src comp="1075" pin="1"/><net_sink comp="537" pin=0"/></net>

<net id="1084"><net_src comp="595" pin="2"/><net_sink comp="1081" pin=0"/></net>

<net id="1085"><net_src comp="1081" pin="1"/><net_sink comp="854" pin=1"/></net>

<net id="1089"><net_src comp="794" pin="2"/><net_sink comp="1086" pin=0"/></net>

<net id="1090"><net_src comp="1086" pin="1"/><net_sink comp="859" pin=0"/></net>

<net id="1094"><net_src comp="812" pin="2"/><net_sink comp="1091" pin=0"/></net>

<net id="1095"><net_src comp="1091" pin="1"/><net_sink comp="864" pin=0"/></net>

<net id="1099"><net_src comp="818" pin="2"/><net_sink comp="1096" pin=0"/></net>

<net id="1100"><net_src comp="1096" pin="1"/><net_sink comp="869" pin=1"/></net>

<net id="1104"><net_src comp="824" pin="2"/><net_sink comp="1101" pin=0"/></net>

<net id="1105"><net_src comp="1101" pin="1"/><net_sink comp="869" pin=0"/></net>

<net id="1109"><net_src comp="848" pin="2"/><net_sink comp="1106" pin=0"/></net>

<net id="1110"><net_src comp="1106" pin="1"/><net_sink comp="873" pin=0"/></net>

</net_list>

</model> 
---------------- Datapath Model END ------------------

* FSMD analyzer results:
  - Output states:
	Port: tC | {3 }
 - Input state : 
	Port: mmult_hw_Pipeline_comp_i_comp_j : tA | {1 2 }
	Port: mmult_hw_Pipeline_comp_i_comp_j : tA_1 | {1 2 }
	Port: mmult_hw_Pipeline_comp_i_comp_j : tA_2 | {1 2 }
	Port: mmult_hw_Pipeline_comp_i_comp_j : tA_3 | {1 2 }
	Port: mmult_hw_Pipeline_comp_i_comp_j : tA_4 | {1 2 }
	Port: mmult_hw_Pipeline_comp_i_comp_j : tA_5 | {1 2 }
	Port: mmult_hw_Pipeline_comp_i_comp_j : tA_6 | {1 2 }
	Port: mmult_hw_Pipeline_comp_i_comp_j : tA_7 | {1 2 }
	Port: mmult_hw_Pipeline_comp_i_comp_j : tA_8 | {1 2 }
	Port: mmult_hw_Pipeline_comp_i_comp_j : tA_9 | {1 2 }
	Port: mmult_hw_Pipeline_comp_i_comp_j : tA_10 | {1 2 }
	Port: mmult_hw_Pipeline_comp_i_comp_j : tA_11 | {1 2 }
	Port: mmult_hw_Pipeline_comp_i_comp_j : tA_12 | {1 2 }
	Port: mmult_hw_Pipeline_comp_i_comp_j : tA_13 | {1 2 }
	Port: mmult_hw_Pipeline_comp_i_comp_j : tA_14 | {1 2 }
	Port: mmult_hw_Pipeline_comp_i_comp_j : tA_15 | {1 2 }
	Port: mmult_hw_Pipeline_comp_i_comp_j : tC | {2 3 }
	Port: mmult_hw_Pipeline_comp_i_comp_j : tB | {1 2 }
	Port: mmult_hw_Pipeline_comp_i_comp_j : tB_1 | {1 2 }
	Port: mmult_hw_Pipeline_comp_i_comp_j : tB_2 | {1 2 }
	Port: mmult_hw_Pipeline_comp_i_comp_j : tB_3 | {1 2 }
	Port: mmult_hw_Pipeline_comp_i_comp_j : tB_4 | {1 2 }
	Port: mmult_hw_Pipeline_comp_i_comp_j : tB_5 | {1 2 }
	Port: mmult_hw_Pipeline_comp_i_comp_j : tB_6 | {1 2 }
	Port: mmult_hw_Pipeline_comp_i_comp_j : tB_7 | {1 2 }
	Port: mmult_hw_Pipeline_comp_i_comp_j : tB_8 | {1 2 }
	Port: mmult_hw_Pipeline_comp_i_comp_j : tB_9 | {1 2 }
	Port: mmult_hw_Pipeline_comp_i_comp_j : tB_10 | {1 2 }
	Port: mmult_hw_Pipeline_comp_i_comp_j : tB_11 | {1 2 }
	Port: mmult_hw_Pipeline_comp_i_comp_j : tB_12 | {1 2 }
	Port: mmult_hw_Pipeline_comp_i_comp_j : tB_13 | {1 2 }
	Port: mmult_hw_Pipeline_comp_i_comp_j : tB_14 | {1 2 }
	Port: mmult_hw_Pipeline_comp_i_comp_j : tB_15 | {1 2 }
  - Chain level:
	State 1
		store_ln0 : 1
		store_ln30 : 1
		store_ln31 : 1
		indvar_flatten20_load : 1
		icmp_ln30 : 2
		add_ln30_1 : 2
		br_ln30 : 3
		j_load : 1
		i_load : 1
		add_ln30 : 2
		icmp_ln31 : 2
		select_ln30 : 3
		select_ln30_1 : 3
		trunc_ln30 : 4
		zext_ln30 : 4
		tmp_s : 5
		tA_addr : 5
		tA_load : 6
		tA_1_addr : 5
		tA_1_load : 6
		tA_2_addr : 5
		tA_2_load : 6
		tA_3_addr : 5
		tA_3_load : 6
		tA_4_addr : 5
		tA_4_load : 6
		tA_5_addr : 5
		tA_5_load : 6
		tA_6_addr : 5
		tA_6_load : 6
		tA_7_addr : 5
		tA_7_load : 6
		tA_8_addr : 5
		tA_8_load : 6
		tA_9_addr : 5
		tA_9_load : 6
		tA_10_addr : 5
		tA_10_load : 6
		tA_11_addr : 5
		tA_11_load : 6
		tA_12_addr : 5
		tA_12_load : 6
		tA_13_addr : 5
		tA_13_load : 6
		tA_14_addr : 5
		tA_14_load : 6
		tA_15_addr : 5
		tA_15_load : 6
		zext_ln31 : 4
		select_ln30_cast : 4
		empty : 6
		tB_addr : 5
		tB_load : 6
		tB_1_addr : 5
		tB_1_load : 6
		tB_2_addr : 5
		tB_2_load : 6
		tB_3_addr : 5
		tB_3_load : 6
		tB_4_addr : 5
		tB_4_load : 6
		tB_5_addr : 5
		tB_5_load : 6
		tB_6_addr : 5
		tB_6_load : 6
		tB_7_addr : 5
		tB_7_load : 6
		tB_8_addr : 5
		tB_8_load : 6
		tB_9_addr : 5
		tB_9_load : 6
		tB_10_addr : 5
		tB_10_load : 6
		tB_11_addr : 5
		tB_11_load : 6
		tB_12_addr : 5
		tB_12_load : 6
		tB_13_addr : 5
		tB_13_load : 6
		tB_14_addr : 5
		tB_14_load : 6
		tB_15_addr : 5
		tB_15_load : 6
		add_ln31 : 4
		store_ln30 : 3
		store_ln30 : 4
		store_ln31 : 5
	State 2
		tC_addr : 1
		tC_load : 2
		mul_ln33 : 1
		mul_ln33_1 : 1
		mul_ln33_2 : 1
		mul_ln33_3 : 1
		mul_ln33_4 : 1
		mul_ln33_5 : 1
		mul_ln33_6 : 1
		mul_ln33_7 : 1
		mul_ln33_8 : 1
		mul_ln33_9 : 1
		mul_ln33_10 : 1
		mul_ln33_11 : 1
		mul_ln33_12 : 1
		mul_ln33_13 : 1
		mul_ln33_14 : 1
		mul_ln33_15 : 1
		add_ln33_1 : 2
		add_ln33_3 : 2
		add_ln33_4 : 2
		add_ln33_5 : 3
		add_ln33_7 : 2
		add_ln33_8 : 2
		add_ln33_10 : 2
		add_ln33_11 : 2
		add_ln33_12 : 3
		add_ln33_13 : 4
	State 3
		add_ln33 : 1
		add_ln33_2 : 2
		add_ln33_6 : 3
		add_ln33_14 : 1
		add_ln33_15 : 4
		store_ln33 : 5


============================================================
+ Verbose Summary: Datapath Resource usage 
============================================================

* Functional unit list:
|----------|-------------------------|---------|---------|---------|
| Operation|     Functional Unit     |   DSP   |    FF   |   LUT   |
|----------|-------------------------|---------|---------|---------|
|          |    add_ln30_1_fu_667    |    0    |    0    |    16   |
|          |     add_ln30_fu_679     |    0    |    0    |    12   |
|          |       empty_fu_763      |    0    |    0    |    15   |
|          |     add_ln31_fu_769     |    0    |    0    |    12   |
|          |    add_ln33_1_fu_794    |    0    |    0    |    39   |
|          |    add_ln33_3_fu_800    |    0    |    0    |    32   |
|          |    add_ln33_4_fu_806    |    0    |    0    |    39   |
|          |    add_ln33_5_fu_812    |    0    |    0    |    32   |
|          |    add_ln33_7_fu_818    |    0    |    0    |    39   |
|    add   |    add_ln33_8_fu_824    |    0    |    0    |    39   |
|          |    add_ln33_10_fu_830   |    0    |    0    |    32   |
|          |    add_ln33_11_fu_836   |    0    |    0    |    32   |
|          |    add_ln33_12_fu_842   |    0    |    0    |    32   |
|          |    add_ln33_13_fu_848   |    0    |    0    |    32   |
|          |     add_ln33_fu_854     |    0    |    0    |    32   |
|          |    add_ln33_2_fu_859    |    0    |    0    |    32   |
|          |    add_ln33_6_fu_864    |    0    |    0    |    32   |
|          |    add_ln33_9_fu_869    |    0    |    0    |    32   |
|          |    add_ln33_14_fu_873   |    0    |    0    |    32   |
|          |    add_ln33_15_fu_878   |    0    |    0    |    32   |
|----------|-------------------------|---------|---------|---------|
|          |     mul_ln33_fu_547     |    3    |    0    |    20   |
|          |    mul_ln33_1_fu_553    |    3    |    0    |    20   |
|          |    mul_ln33_2_fu_559    |    3    |    0    |    20   |
|          |    mul_ln33_3_fu_565    |    3    |    0    |    20   |
|          |    mul_ln33_4_fu_571    |    3    |    0    |    20   |
|          |    mul_ln33_5_fu_577    |    3    |    0    |    20   |
|          |    mul_ln33_6_fu_583    |    3    |    0    |    20   |
|    mul   |    mul_ln33_7_fu_589    |    3    |    0    |    20   |
|          |    mul_ln33_8_fu_595    |    3    |    0    |    20   |
|          |    mul_ln33_9_fu_601    |    3    |    0    |    20   |
|          |    mul_ln33_10_fu_607   |    3    |    0    |    20   |
|          |    mul_ln33_11_fu_613   |    3    |    0    |    20   |
|          |    mul_ln33_12_fu_619   |    3    |    0    |    20   |
|          |    mul_ln33_13_fu_625   |    3    |    0    |    20   |
|          |    mul_ln33_14_fu_631   |    3    |    0    |    20   |
|          |    mul_ln33_15_fu_637   |    3    |    0    |    20   |
|----------|-------------------------|---------|---------|---------|
|   icmp   |     icmp_ln30_fu_661    |    0    |    0    |    16   |
|          |     icmp_ln31_fu_685    |    0    |    0    |    12   |
|----------|-------------------------|---------|---------|---------|
|  select  |    select_ln30_fu_691   |    0    |    0    |    5    |
|          |   select_ln30_1_fu_699  |    0    |    0    |    5    |
|----------|-------------------------|---------|---------|---------|
|   trunc  |    trunc_ln30_fu_707    |    0    |    0    |    0    |
|----------|-------------------------|---------|---------|---------|
|          |     zext_ln30_fu_711    |    0    |    0    |    0    |
|   zext   |     zext_ln31_fu_739    |    0    |    0    |    0    |
|          | select_ln30_cast_fu_759 |    0    |    0    |    0    |
|          |      p_cast_fu_790      |    0    |    0    |    0    |
|----------|-------------------------|---------|---------|---------|
|bitconcatenate|       tmp_s_fu_731      |    0    |    0    |    0    |
|----------|-------------------------|---------|---------|---------|
|   Total  |                         |    48   |    0    |   953   |
|----------|-------------------------|---------|---------|---------|

Memories:
N/A

* Register list:
+------------------------+--------+
|                        |   FF   |
+------------------------+--------+
|  add_ln33_13_reg_1106  |   32   |
|   add_ln33_1_reg_1086  |   32   |
|   add_ln33_5_reg_1091  |   32   |
|   add_ln33_7_reg_1096  |   32   |
|   add_ln33_8_reg_1101  |   32   |
|      empty_reg_990     |    8   |
|        i_reg_892       |    5   |
|    icmp_ln30_reg_906   |    1   |
|indvar_flatten20_reg_899|    9   |
|        j_reg_885       |    5   |
|   mul_ln33_8_reg_1081  |   32   |
|   tA_10_addr_reg_960   |    4   |
|   tA_11_addr_reg_965   |    4   |
|   tA_12_addr_reg_970   |    4   |
|   tA_13_addr_reg_975   |    4   |
|   tA_14_addr_reg_980   |    4   |
|   tA_15_addr_reg_985   |    4   |
|    tA_1_addr_reg_915   |    4   |
|    tA_2_addr_reg_920   |    4   |
|    tA_3_addr_reg_925   |    4   |
|    tA_4_addr_reg_930   |    4   |
|    tA_5_addr_reg_935   |    4   |
|    tA_6_addr_reg_940   |    4   |
|    tA_7_addr_reg_945   |    4   |
|    tA_8_addr_reg_950   |    4   |
|    tA_9_addr_reg_955   |    4   |
|     tA_addr_reg_910    |    4   |
|   tB_10_addr_reg_1045  |    4   |
|   tB_11_addr_reg_1050  |    4   |
|   tB_12_addr_reg_1055  |    4   |
|   tB_13_addr_reg_1060  |    4   |
|   tB_14_addr_reg_1065  |    4   |
|   tB_15_addr_reg_1070  |    4   |
|   tB_1_addr_reg_1000   |    4   |
|   tB_2_addr_reg_1005   |    4   |
|   tB_3_addr_reg_1010   |    4   |
|   tB_4_addr_reg_1015   |    4   |
|   tB_5_addr_reg_1020   |    4   |
|   tB_6_addr_reg_1025   |    4   |
|   tB_7_addr_reg_1030   |    4   |
|   tB_8_addr_reg_1035   |    4   |
|   tB_9_addr_reg_1040   |    4   |
|     tB_addr_reg_995    |    4   |
|    tC_addr_reg_1075    |    8   |
+------------------------+--------+
|          Total         |   356  |
+------------------------+--------+

* Multiplexer (MUX) list: 
|-------------------|------|------|------|--------||---------||---------||---------|
|        Comp       |  Pin | Size |  BW  | S x BW ||  Delay  ||    FF   ||   LUT   |
|-------------------|------|------|------|--------||---------||---------||---------|
| grp_access_fu_121 |  p0  |   2  |   4  |    8   ||    0    ||    9    |
| grp_access_fu_134 |  p0  |   2  |   4  |    8   ||    0    ||    9    |
| grp_access_fu_147 |  p0  |   2  |   4  |    8   ||    0    ||    9    |
| grp_access_fu_160 |  p0  |   2  |   4  |    8   ||    0    ||    9    |
| grp_access_fu_173 |  p0  |   2  |   4  |    8   ||    0    ||    9    |
| grp_access_fu_186 |  p0  |   2  |   4  |    8   ||    0    ||    9    |
| grp_access_fu_199 |  p0  |   2  |   4  |    8   ||    0    ||    9    |
| grp_access_fu_212 |  p0  |   2  |   4  |    8   ||    0    ||    9    |
| grp_access_fu_225 |  p0  |   2  |   4  |    8   ||    0    ||    9    |
| grp_access_fu_238 |  p0  |   2  |   4  |    8   ||    0    ||    9    |
| grp_access_fu_251 |  p0  |   2  |   4  |    8   ||    0    ||    9    |
| grp_access_fu_264 |  p0  |   2  |   4  |    8   ||    0    ||    9    |
| grp_access_fu_277 |  p0  |   2  |   4  |    8   ||    0    ||    9    |
| grp_access_fu_290 |  p0  |   2  |   4  |    8   ||    0    ||    9    |
| grp_access_fu_303 |  p0  |   2  |   4  |    8   ||    0    ||    9    |
| grp_access_fu_316 |  p0  |   2  |   4  |    8   ||    0    ||    9    |
| grp_access_fu_329 |  p0  |   2  |   4  |    8   ||    0    ||    9    |
| grp_access_fu_342 |  p0  |   2  |   4  |    8   ||    0    ||    9    |
| grp_access_fu_355 |  p0  |   2  |   4  |    8   ||    0    ||    9    |
| grp_access_fu_368 |  p0  |   2  |   4  |    8   ||    0    ||    9    |
| grp_access_fu_381 |  p0  |   2  |   4  |    8   ||    0    ||    9    |
| grp_access_fu_394 |  p0  |   2  |   4  |    8   ||    0    ||    9    |
| grp_access_fu_407 |  p0  |   2  |   4  |    8   ||    0    ||    9    |
| grp_access_fu_420 |  p0  |   2  |   4  |    8   ||    0    ||    9    |
| grp_access_fu_433 |  p0  |   2  |   4  |    8   ||    0    ||    9    |
| grp_access_fu_446 |  p0  |   2  |   4  |    8   ||    0    ||    9    |
| grp_access_fu_459 |  p0  |   2  |   4  |    8   ||    0    ||    9    |
| grp_access_fu_472 |  p0  |   2  |   4  |    8   ||    0    ||    9    |
| grp_access_fu_485 |  p0  |   2  |   4  |    8   ||    0    ||    9    |
| grp_access_fu_498 |  p0  |   2  |   4  |    8   ||    0    ||    9    |
| grp_access_fu_511 |  p0  |   2  |   4  |    8   ||    0    ||    9    |
| grp_access_fu_524 |  p0  |   2  |   4  |    8   ||    0    ||    9    |
| grp_access_fu_537 |  p2  |   2  |   0  |    0   ||    0    ||    9    |
|-------------------|------|------|------|--------||---------||---------||---------|
|       Total       |      |      |      |   256  ||  16.137 ||    0    ||   297   |
|-------------------|------|------|------|--------||---------||---------||---------|



* Summary:
+-----------+--------+--------+--------+--------+
|           |   DSP  |  Delay |   FF   |   LUT  |
+-----------+--------+--------+--------+--------+
|  Function |   48   |    -   |    0   |   953  |
|   Memory  |    -   |    -   |    -   |    -   |
|Multiplexer|    -   |   16   |    0   |   297  |
|  Register |    -   |    -   |   356  |    -   |
+-----------+--------+--------+--------+--------+
|   Total   |   48   |   16   |   356  |  1250  |
+-----------+--------+--------+--------+--------+
