

================================================================
== Vitis HLS Report for 'mmult_hw_Pipeline_store_i_store_j'
================================================================
* Date:           Mon Feb 23 03:06:54 2026

* Version:        2024.1 (Build 5069499 on May 21 2024)
* Project:        matmul_D15
* Solution:       hls (Vivado IP Flow Target)
* Product family: zynquplus
* Target device:  xczu3eg-sbva484-1-e


================================================================
== Performance Estimates
================================================================
+ Timing: 
    * Summary: 
    +--------+----------+----------+------------+
    |  Clock |  Target  | Estimated| Uncertainty|
    +--------+----------+----------+------------+
    |ap_clk  |  10.00 ns|  7.300 ns|     2.70 ns|
    +--------+----------+----------+------------+

+ Latency: 
    * Summary: 
    +---------+---------+----------+----------+-----+-----+-----------------------------------------------+
    |  Latency (cycles) |  Latency (absolute) |  Interval |                    Pipeline                   |
    |   min   |   max   |    min   |    max   | min | max |                      Type                     |
    +---------+---------+----------+----------+-----+-----+-----------------------------------------------+
    |      265|      265|  2.650 us|  2.650 us|  257|  257|  loop auto-rewind stp(delay=0 clock cycles(s))|
    +---------+---------+----------+----------+-----+-----+-----------------------------------------------+

    + Detail: 
        * Instance: 
        N/A

        * Loop: 
        +-------------------+---------+---------+----------+-----------+-----------+------+----------+
        |                   |  Latency (cycles) | Iteration|  Initiation Interval  | Trip |          |
        |     Loop Name     |   min   |   max   |  Latency |  achieved |   target  | Count| Pipelined|
        +-------------------+---------+---------+----------+-----------+-----------+------+----------+
        |- store_i_store_j  |      263|      263|         9|          1|          1|   256|       yes|
        +-------------------+---------+---------+----------+-----------+-----------+------+----------+



================================================================
== Utilization Estimates
================================================================
* Summary: 
+-----------------+---------+-----+--------+-------+-----+
|       Name      | BRAM_18K| DSP |   FF   |  LUT  | URAM|
+-----------------+---------+-----+--------+-------+-----+
|DSP              |        -|    -|       -|      -|    -|
|Expression       |        -|    -|       0|    266|    -|
|FIFO             |        -|    -|       -|      -|    -|
|Instance         |        -|    2|       0|     40|    -|
|Memory           |        -|    -|       -|      -|    -|
|Multiplexer      |        -|    -|       0|     99|    -|
|Register         |        -|    -|     298|     32|    -|
+-----------------+---------+-----+--------+-------+-----+
|Total            |        0|    2|     298|    437|    0|
+-----------------+---------+-----+--------+-------+-----+
|Available        |      432|  360|  141120|  70560|    0|
+-----------------+---------+-----+--------+-------+-----+
|Utilization (%)  |        0|   ~0|      ~0|     ~0|    0|
+-----------------+---------+-----+--------+-------+-----+

+ Detail: 
    * Instance: 
    +--------------------------+----------------------+---------+----+---+----+-----+
    |         Instance         |        Module        | BRAM_18K| DSP| FF| LUT| URAM|
    +--------------------------+----------------------+---------+----+---+----+-----+
    |mul_5ns_32s_37_1_1_U27    |mul_5ns_32s_37_1_1    |        0|   2|  0|  20|    0|
    |sparsemux_9_2_32_1_1_U28  |sparsemux_9_2_32_1_1  |        0|   0|  0|  20|    0|
    +--------------------------+----------------------+---------+----+---+----+-----+
    |Total                     |                      |        0|   2|  0|  40|    0|
    +--------------------------+----------------------+---------+----+---+----+-----+

    * DSP: 
    N/A

    * Memory: 
    N/A

    * FIFO: 
    N/A

    * Expression: 
    +----------------------------------+----------+----+---+----+------------+------------+
    |           Variable Name          | Operation| DSP| FF| LUT| Bitwidth P0| Bitwidth P1|
    +----------------------------------+----------+----+---+----+------------+------------+
    |add_ln44_1_fu_248_p2              |         +|   0|  0|  16|           9|           1|
    |add_ln44_fu_260_p2                |         +|   0|  0|  12|           5|           1|
    |add_ln45_fu_312_p2                |         +|   0|  0|  12|           5|           1|
    |empty_27_fu_356_p2                |         +|   0|  0|  40|          40|          40|
    |empty_28_fu_373_p2                |         +|   0|  0|  71|          64|          64|
    |tmp3843_fu_351_p2                 |         +|   0|  0|  40|          40|          40|
    |ap_block_pp0_stage0_01001         |       and|   0|  0|   2|           1|           1|
    |ap_block_state3_io                |       and|   0|  0|   2|           1|           1|
    |ap_block_state9_pp0_stage0_iter8  |       and|   0|  0|   2|           1|           1|
    |first_iter_3_fu_292_p2            |      icmp|   0|  0|  12|           5|           1|
    |icmp_ln44_fu_242_p2               |      icmp|   0|  0|  17|           9|          10|
    |icmp_ln45_1_fu_318_p2             |      icmp|   0|  0|  13|           5|           6|
    |icmp_ln45_fu_266_p2               |      icmp|   0|  0|  13|           5|           6|
    |ap_block_pp0_stage0_11001         |        or|   0|  0|   2|           1|           1|
    |select_ln44_1_fu_280_p3           |    select|   0|  0|   5|           1|           5|
    |select_ln44_fu_272_p3             |    select|   0|  0|   5|           1|           1|
    |ap_enable_pp0                     |       xor|   0|  0|   2|           1|           2|
    +----------------------------------+----------+----+---+----+------------+------------+
    |Total                             |          |   0|  0| 266|         194|         182|
    +----------------------------------+----------+----+---+----+------------+------------+

    * Multiplexer: 
    +----------------------------------------+----+-----------+-----+-----------+
    |                  Name                  | LUT| Input Size| Bits| Total Bits|
    +----------------------------------------+----+-----------+-----+-----------+
    |ap_done_int                             |   9|          2|    1|          2|
    |ap_enable_reg_pp0_iter1                 |   9|          2|    1|          2|
    |ap_sig_allocacmp_i_load                 |   9|          2|    5|         10|
    |ap_sig_allocacmp_indvar_flatten20_load  |   9|          2|    9|         18|
    |ap_sig_allocacmp_j_load                 |   9|          2|    5|         10|
    |gmem_blk_n_AW                           |   9|          2|    1|          2|
    |gmem_blk_n_B                            |   9|          2|    1|          2|
    |gmem_blk_n_W                            |   9|          2|    1|          2|
    |i_fu_112                                |   9|          2|    5|         10|
    |indvar_flatten20_fu_116                 |   9|          2|    9|         18|
    |j_fu_108                                |   9|          2|    5|         10|
    +----------------------------------------+----+-----------+-----+-----------+
    |Total                                   |  99|         22|   43|         86|
    +----------------------------------------+----+-----------+-----+-----------+

    * Register: 
    +------------------------------------+----+----+-----+-----------+
    |                Name                | FF | LUT| Bits| Const Bits|
    +------------------------------------+----+----+-----+-----------+
    |ap_CS_fsm                           |   1|   0|    1|          0|
    |ap_done_reg                         |   1|   0|    1|          0|
    |ap_enable_reg_pp0_iter1             |   1|   0|    1|          0|
    |ap_enable_reg_pp0_iter2             |   1|   0|    1|          0|
    |ap_enable_reg_pp0_iter3             |   1|   0|    1|          0|
    |ap_enable_reg_pp0_iter4             |   1|   0|    1|          0|
    |ap_enable_reg_pp0_iter5             |   1|   0|    1|          0|
    |ap_enable_reg_pp0_iter6             |   1|   0|    1|          0|
    |ap_enable_reg_pp0_iter7             |   1|   0|    1|          0|
    |ap_enable_reg_pp0_iter8             |   1|   0|    1|          0|
    |ap_loop_exit_ready_pp0_iter1_reg    |   1|   0|    1|          0|
    |ap_loop_exit_ready_pp0_iter2_reg    |   1|   0|    1|          0|
    |ap_loop_exit_ready_pp0_iter3_reg    |   1|   0|    1|          0|
    |ap_loop_exit_ready_pp0_iter4_reg    |   1|   0|    1|          0|
    |ap_loop_exit_ready_pp0_iter5_reg    |   1|   0|    1|          0|
    |ap_loop_exit_ready_pp0_iter6_reg    |   1|   0|    1|          0|
    |ap_loop_exit_ready_pp0_iter7_reg    |   1|   0|    1|          0|
    |dim_cast3846_cast_reg_461           |  37|   0|   37|          0|
    |empty_25_reg_485                    |   4|   0|    4|          0|
    |first_iter_3_reg_490                |   1|   0|    1|          0|
    |first_iter_3_reg_490_pp0_iter1_reg  |   1|   0|    1|          0|
    |gmem_addr_reg_508                   |  64|   0|   64|          0|
    |i_fu_112                            |   5|   0|    5|          0|
    |icmp_ln45_1_reg_504                 |   1|   0|    1|          0|
    |indvar_flatten20_fu_116             |   9|   0|    9|          0|
    |j_fu_108                            |   5|   0|    5|          0|
    |lshr_ln3_reg_499                    |   2|   0|    2|          0|
    |p_cast_reg_471                      |  40|   0|   40|          0|
    |select_ln44_1_reg_480               |   5|   0|    5|          0|
    |tmp_reg_534                         |  32|   0|   32|          0|
    |trunc_ln45_reg_494                  |   2|   0|    2|          0|
    |trunc_ln45_reg_494_pp0_iter1_reg    |   2|   0|    2|          0|
    |zext_ln25_cast_reg_466              |   7|   0|   40|         33|
    |icmp_ln45_1_reg_504                 |  64|  32|    1|          0|
    +------------------------------------+----+----+-----+-----------+
    |Total                               | 298|  32|  268|         33|
    +------------------------------------+----+----+-----+-----------+



================================================================
== Interface
================================================================
* Summary: 
+---------------------+-----+-----+------------+-----------------------------------+--------------+
|      RTL Ports      | Dir | Bits|  Protocol  |           Source Object           |    C Type    |
+---------------------+-----+-----+------------+-----------------------------------+--------------+
|ap_clk               |   in|    1|  ap_ctrl_hs|  mmult_hw_Pipeline_store_i_store_j|  return value|
|ap_rst               |   in|    1|  ap_ctrl_hs|  mmult_hw_Pipeline_store_i_store_j|  return value|
|ap_start             |   in|    1|  ap_ctrl_hs|  mmult_hw_Pipeline_store_i_store_j|  return value|
|ap_done              |  out|    1|  ap_ctrl_hs|  mmult_hw_Pipeline_store_i_store_j|  return value|
|ap_idle              |  out|    1|  ap_ctrl_hs|  mmult_hw_Pipeline_store_i_store_j|  return value|
|ap_ready             |  out|    1|  ap_ctrl_hs|  mmult_hw_Pipeline_store_i_store_j|  return value|
|m_axi_gmem_AWVALID   |  out|    1|       m_axi|                               gmem|       pointer|
|m_axi_gmem_AWREADY   |   in|    1|       m_axi|                               gmem|       pointer|
|m_axi_gmem_AWADDR    |  out|   64|       m_axi|                               gmem|       pointer|
|m_axi_gmem_AWID      |  out|    1|       m_axi|                               gmem|       pointer|
|m_axi_gmem_AWLEN     |  out|   32|       m_axi|                               gmem|       pointer|
|m_axi_gmem_AWSIZE    |  out|    3|       m_axi|                               gmem|       pointer|
|m_axi_gmem_AWBURST   |  out|    2|       m_axi|                               gmem|       pointer|
|m_axi_gmem_AWLOCK    |  out|    2|       m_axi|                               gmem|       pointer|
|m_axi_gmem_AWCACHE   |  out|    4|       m_axi|                               gmem|       pointer|
|m_axi_gmem_AWPROT    |  out|    3|       m_axi|                               gmem|       pointer|
|m_axi_gmem_AWQOS     |  out|    4|       m_axi|                               gmem|       pointer|
|m_axi_gmem_AWREGION  |  out|    4|       m_axi|                               gmem|       pointer|
|m_axi_gmem_AWUSER    |  out|    1|       m_axi|                               gmem|       pointer|
|m_axi_gmem_WVALID    |  out|    1|       m_axi|                               gmem|       pointer|
|m_axi_gmem_WREADY    |   in|    1|       m_axi|                               gmem|       pointer|
|m_axi_gmem_WDATA     |  out|   32|       m_axi|                               gmem|       pointer|
|m_axi_gmem_WSTRB     |  out|    4|       m_axi|                               gmem|       pointer|
|m_axi_gmem_WLAST     |  out|    1|       m_axi|                               gmem|       pointer|
|m_axi_gmem_WID       |  out|    1|       m_axi|                               gmem|       pointer|
|m_axi_gmem_WUSER     |  out|    1|       m_axi|                               gmem|       pointer|
|m_axi_gmem_ARVALID   |  out|    1|       m_axi|                               gmem|       pointer|
|m_axi_gmem_ARREADY   |   in|    1|       m_axi|                               gmem|       pointer|
|m_axi_gmem_ARADDR    |  out|   64|       m_axi|                               gmem|       pointer|
|m_axi_gmem_ARID      |  out|    1|       m_axi|                               gmem|       pointer|
|m_axi_gmem_ARLEN     |  out|   32|       m_axi|                               gmem|       pointer|
|m_axi_gmem_ARSIZE    |  out|    3|       m_axi|                               gmem|       pointer|
|m_axi_gmem_ARBURST   |  out|    2|       m_axi|                               gmem|       pointer|
|m_axi_gmem_ARLOCK    |  out|    2|       m_axi|                               gmem|       pointer|
|m_axi_gmem_ARCACHE   |  out|    4|       m_axi|                               gmem|       pointer|
|m_axi_gmem_ARPROT    |  out|    3|       m_axi|                               gmem|       pointer|
|m_axi_gmem_ARQOS     |  out|    4|       m_axi|                               gmem|       pointer|
|m_axi_gmem_ARREGION  |  out|    4|       m_axi|                               gmem|       pointer|
|m_axi_gmem_ARUSER    |  out|    1|       m_axi|                               gmem|       pointer|
|m_axi_gmem_RVALID    |   in|    1|       m_axi|                               gmem|       pointer|
|m_axi_gmem_RREADY    |  out|    1|       m_axi|                               gmem|       pointer|
|m_axi_gmem_RDATA     |   in|   32|       m_axi|                               gmem|       pointer|
|m_axi_gmem_RLAST     |   in|    1|       m_axi|                               gmem|       pointer|
|m_axi_gmem_RID       |   in|    1|       m_axi|                               gmem|       pointer|
|m_axi_gmem_RFIFONUM  |   in|    9|       m_axi|                               gmem|       pointer|
|m_axi_gmem_RUSER     |   in|    1|       m_axi|                               gmem|       pointer|
|m_axi_gmem_RRESP     |   in|    2|       m_axi|                               gmem|       pointer|
|m_axi_gmem_BVALID    |   in|    1|       m_axi|                               gmem|       pointer|
|m_axi_gmem_BREADY    |  out|    1|       m_axi|                               gmem|       pointer|
|m_axi_gmem_BRESP     |   in|    2|       m_axi|                               gmem|       pointer|
|m_axi_gmem_BID       |   in|    1|       m_axi|                               gmem|       pointer|
|m_axi_gmem_BUSER     |   in|    1|       m_axi|                               gmem|       pointer|
|tC_address0          |  out|    6|   ap_memory|                                 tC|         array|
|tC_ce0               |  out|    1|   ap_memory|                                 tC|         array|
|tC_q0                |   in|   32|   ap_memory|                                 tC|         array|
|tC_1_address0        |  out|    6|   ap_memory|                               tC_1|         array|
|tC_1_ce0             |  out|    1|   ap_memory|                               tC_1|         array|
|tC_1_q0              |   in|   32|   ap_memory|                               tC_1|         array|
|tC_2_address0        |  out|    6|   ap_memory|                               tC_2|         array|
|tC_2_ce0             |  out|    1|   ap_memory|                               tC_2|         array|
|tC_2_q0              |   in|   32|   ap_memory|                               tC_2|         array|
|tC_3_address0        |  out|    6|   ap_memory|                               tC_3|         array|
|tC_3_ce0             |  out|    1|   ap_memory|                               tC_3|         array|
|tC_3_q0              |   in|   32|   ap_memory|                               tC_3|         array|
|dim_cast3846         |   in|   32|     ap_none|                       dim_cast3846|        scalar|
|empty                |   in|   39|     ap_none|                              empty|        scalar|
|zext_ln25            |   in|    7|     ap_none|                          zext_ln25|        scalar|
|out_r                |   in|   64|     ap_none|                              out_r|        scalar|
+---------------------+-----+-----+------------+-----------------------------------+--------------+

============================================================
+ Verbose Summary: Synthesis Manager
============================================================
InlineROM: 1
ExposeGlobal: 0
============================================================
+ Verbose Summary: CDFG Model
============================================================
IsTopModel: 0
ResetActiveHigh: 1
IsCombinational: 2
IsDatapathOnly: 2
HasWiredReturn: 1
HasMFsm: 2
HasVarLatency: 1
IsPipeline: 0
IsRtlPipelined: 0
IsInstanceOverlapped: 0
IsDontTouch: 0
HasImplIP: 0
IsGatedGlobalClock: 0

+ Individual pipeline summary: 
  * Pipeline-0: initiation interval (II) = 1, depth = 9


============================================================
+ Verbose Summary: Schedule
============================================================
* Number of FSM states : 9
* Pipeline : 1
  Pipeline-0 : II = 1, D = 9, States = { 1 2 3 4 5 6 7 8 9 }
* Dataflow Pipeline: 0

* FSM state transitions: 
1 --> 2 
2 --> 3 
3 --> 4 
4 --> 5 
5 --> 6 
6 --> 7 
7 --> 8 
8 --> 9 
9 --> 

* FSM state operations: 

State 1 <SV = 0> <Delay = 3.60>
ST_1 : Operation 12 [1/1] (0.00ns)   --->   "%j = alloca i32 1" [mmult_baseline.cpp:45]   --->   Operation 12 'alloca' 'j' <Predicate = true> <Delay = 0.00>
ST_1 : Operation 13 [1/1] (0.00ns)   --->   "%i = alloca i32 1" [mmult_baseline.cpp:44]   --->   Operation 13 'alloca' 'i' <Predicate = true> <Delay = 0.00>
ST_1 : Operation 14 [1/1] (0.00ns)   --->   "%indvar_flatten20 = alloca i32 1"   --->   Operation 14 'alloca' 'indvar_flatten20' <Predicate = true> <Delay = 0.00>
ST_1 : Operation 15 [1/1] (0.00ns)   --->   "%out_r_read = read i64 @_ssdm_op_Read.ap_auto.i64, i64 %out_r"   --->   Operation 15 'read' 'out_r_read' <Predicate = true> <Delay = 0.00>
ST_1 : Operation 16 [1/1] (0.00ns)   --->   "%zext_ln25_read = read i7 @_ssdm_op_Read.ap_auto.i7, i7 %zext_ln25"   --->   Operation 16 'read' 'zext_ln25_read' <Predicate = true> <Delay = 0.00>
ST_1 : Operation 17 [1/1] (0.00ns)   --->   "%tmp_1 = read i39 @_ssdm_op_Read.ap_auto.i39, i39 %empty"   --->   Operation 17 'read' 'tmp_1' <Predicate = true> <Delay = 0.00>
ST_1 : Operation 18 [1/1] (0.00ns)   --->   "%dim_cast3846_read = read i32 @_ssdm_op_Read.ap_auto.i32, i32 %dim_cast3846"   --->   Operation 18 'read' 'dim_cast3846_read' <Predicate = true> <Delay = 0.00>
ST_1 : Operation 19 [1/1] (0.00ns)   --->   "%dim_cast3846_cast = sext i32 %dim_cast3846_read"   --->   Operation 19 'sext' 'dim_cast3846_cast' <Predicate = true> <Delay = 0.00>
ST_1 : Operation 20 [1/1] (0.00ns)   --->   "%zext_ln25_cast = zext i7 %zext_ln25_read"   --->   Operation 20 'zext' 'zext_ln25_cast' <Predicate = true> <Delay = 0.00>
ST_1 : Operation 21 [1/1] (0.00ns)   --->   "%p_cast = sext i39 %tmp_1"   --->   Operation 21 'sext' 'p_cast' <Predicate = true> <Delay = 0.00>
ST_1 : Operation 22 [1/1] (0.00ns)   --->   "%specinterface_ln0 = specinterface void @_ssdm_op_SpecInterface, i32 %gmem, void @empty, i32 0, i32 0, void @empty_0, i32 0, i32 16384, void @empty_1, void @empty_2, void @empty_0, i32 16, i32 16, i32 16, i32 16, void @empty_0, void @empty_0, i32 4294967295, i32 0, i32 0"   --->   Operation 22 'specinterface' 'specinterface_ln0' <Predicate = true> <Delay = 0.00>
ST_1 : Operation 23 [1/1] (0.48ns)   --->   "%store_ln0 = store i9 0, i9 %indvar_flatten20"   --->   Operation 23 'store' 'store_ln0' <Predicate = true> <Delay = 0.48>
ST_1 : Operation 24 [1/1] (0.48ns)   --->   "%store_ln44 = store i5 0, i5 %i" [mmult_baseline.cpp:44]   --->   Operation 24 'store' 'store_ln44' <Predicate = true> <Delay = 0.48>
ST_1 : Operation 25 [1/1] (0.48ns)   --->   "%store_ln45 = store i5 0, i5 %j" [mmult_baseline.cpp:45]   --->   Operation 25 'store' 'store_ln45' <Predicate = true> <Delay = 0.48>
ST_1 : Operation 26 [1/1] (0.00ns)   --->   "%br_ln0 = br void %for.inc139"   --->   Operation 26 'br' 'br_ln0' <Predicate = true> <Delay = 0.00>
ST_1 : Operation 27 [1/1] (0.00ns)   --->   "%indvar_flatten20_load = load i9 %indvar_flatten20" [mmult_baseline.cpp:44]   --->   Operation 27 'load' 'indvar_flatten20_load' <Predicate = true> <Delay = 0.00>
ST_1 : Operation 28 [1/1] (0.00ns)   --->   "%specbitsmap_ln0 = specbitsmap void @_ssdm_op_SpecBitsMap, i32 %gmem"   --->   Operation 28 'specbitsmap' 'specbitsmap_ln0' <Predicate = true> <Delay = 0.00>
ST_1 : Operation 29 [1/1] (0.92ns)   --->   "%icmp_ln44 = icmp_eq  i9 %indvar_flatten20_load, i9 256" [mmult_baseline.cpp:44]   --->   Operation 29 'icmp' 'icmp_ln44' <Predicate = true> <Delay = 0.92> <CoreInst = "Cmp">   --->   Core 9 'Cmp' <Latency = 0> <II = 1> <Delay = 0.93> <FuncUnit> <Opcode : 'seteq' 'setne' 'setle' 'setge' 'setlt' 'setgt'> <InPorts = 2> <OutPorts = 1>
ST_1 : Operation 30 [1/1] (0.92ns)   --->   "%add_ln44_1 = add i9 %indvar_flatten20_load, i9 1" [mmult_baseline.cpp:44]   --->   Operation 30 'add' 'add_ln44_1' <Predicate = true> <Delay = 0.92> <CoreInst = "Adder">   --->   Core 1 'Adder' <Latency = 0> <II = 1> <Delay = 0.92> <FuncUnit> <Opcode : 'add' 'sub'> <InPorts = 2> <OutPorts = 1>
ST_1 : Operation 31 [1/1] (0.00ns)   --->   "%br_ln44 = br i1 %icmp_ln44, void %for.inc142, void %for.inc145.exitStub" [mmult_baseline.cpp:44]   --->   Operation 31 'br' 'br_ln44' <Predicate = true> <Delay = 0.00>
ST_1 : Operation 32 [1/1] (0.00ns)   --->   "%j_load = load i5 %j" [mmult_baseline.cpp:45]   --->   Operation 32 'load' 'j_load' <Predicate = (!icmp_ln44)> <Delay = 0.00>
ST_1 : Operation 33 [1/1] (0.00ns)   --->   "%i_load = load i5 %i" [mmult_baseline.cpp:44]   --->   Operation 33 'load' 'i_load' <Predicate = (!icmp_ln44)> <Delay = 0.00>
ST_1 : Operation 34 [1/1] (0.87ns)   --->   "%add_ln44 = add i5 %i_load, i5 1" [mmult_baseline.cpp:44]   --->   Operation 34 'add' 'add_ln44' <Predicate = (!icmp_ln44)> <Delay = 0.87> <CoreInst = "Adder">   --->   Core 1 'Adder' <Latency = 0> <II = 1> <Delay = 0.87> <FuncUnit> <Opcode : 'add' 'sub'> <InPorts = 2> <OutPorts = 1>
ST_1 : Operation 35 [1/1] (0.87ns)   --->   "%icmp_ln45 = icmp_eq  i5 %j_load, i5 16" [mmult_baseline.cpp:45]   --->   Operation 35 'icmp' 'icmp_ln45' <Predicate = (!icmp_ln44)> <Delay = 0.87> <CoreInst = "Cmp">   --->   Core 9 'Cmp' <Latency = 0> <II = 1> <Delay = 0.88> <FuncUnit> <Opcode : 'seteq' 'setne' 'setle' 'setge' 'setlt' 'setgt'> <InPorts = 2> <OutPorts = 1>
ST_1 : Operation 36 [1/1] (0.48ns)   --->   "%select_ln44 = select i1 %icmp_ln45, i5 0, i5 %j_load" [mmult_baseline.cpp:44]   --->   Operation 36 'select' 'select_ln44' <Predicate = (!icmp_ln44)> <Delay = 0.48> <CoreInst = "Sel">   --->   Core 73 'Sel' <Latency = 0> <II = 1> <Delay = 0.48> <FuncUnit> <Opcode : 'select'> <InPorts = 3> <OutPorts = 1>
ST_1 : Operation 37 [1/1] (0.48ns)   --->   "%select_ln44_1 = select i1 %icmp_ln45, i5 %add_ln44, i5 %i_load" [mmult_baseline.cpp:44]   --->   Operation 37 'select' 'select_ln44_1' <Predicate = (!icmp_ln44)> <Delay = 0.48> <CoreInst = "Sel">   --->   Core 73 'Sel' <Latency = 0> <II = 1> <Delay = 0.48> <FuncUnit> <Opcode : 'select'> <InPorts = 3> <OutPorts = 1>
ST_1 : Operation 38 [1/1] (0.00ns)   --->   "%empty_25 = trunc i5 %select_ln44_1" [mmult_baseline.cpp:44]   --->   Operation 38 'trunc' 'empty_25' <Predicate = (!icmp_ln44)> <Delay = 0.00>
ST_1 : Operation 39 [1/1] (0.87ns)   --->   "%first_iter_3 = icmp_eq  i5 %select_ln44, i5 0" [mmult_baseline.cpp:44]   --->   Operation 39 'icmp' 'first_iter_3' <Predicate = (!icmp_ln44)> <Delay = 0.87> <CoreInst = "Cmp">   --->   Core 9 'Cmp' <Latency = 0> <II = 1> <Delay = 0.87> <FuncUnit> <Opcode : 'seteq' 'setne' 'setle' 'setge' 'setlt' 'setgt'> <InPorts = 2> <OutPorts = 1>
ST_1 : Operation 40 [1/1] (0.00ns)   --->   "%br_ln45 = br i1 %first_iter_3, void %for.inc139.split, void %for.first.iter.for.inc139" [mmult_baseline.cpp:45]   --->   Operation 40 'br' 'br_ln45' <Predicate = (!icmp_ln44)> <Delay = 0.00>
ST_1 : Operation 41 [1/1] (0.00ns)   --->   "%trunc_ln45 = trunc i5 %select_ln44" [mmult_baseline.cpp:45]   --->   Operation 41 'trunc' 'trunc_ln45' <Predicate = (!icmp_ln44)> <Delay = 0.00>
ST_1 : Operation 42 [1/1] (0.00ns)   --->   "%lshr_ln3 = partselect i2 @_ssdm_op_PartSelect.i2.i5.i32.i32, i5 %select_ln44, i32 2, i32 3" [mmult_baseline.cpp:45]   --->   Operation 42 'partselect' 'lshr_ln3' <Predicate = (!icmp_ln44)> <Delay = 0.00>
ST_1 : Operation 43 [1/1] (0.87ns)   --->   "%add_ln45 = add i5 %select_ln44, i5 1" [mmult_baseline.cpp:45]   --->   Operation 43 'add' 'add_ln45' <Predicate = (!icmp_ln44)> <Delay = 0.87> <CoreInst = "Adder">   --->   Core 1 'Adder' <Latency = 0> <II = 1> <Delay = 0.87> <FuncUnit> <Opcode : 'add' 'sub'> <InPorts = 2> <OutPorts = 1>
ST_1 : Operation 44 [1/1] (0.87ns)   --->   "%icmp_ln45_1 = icmp_eq  i5 %add_ln45, i5 16" [mmult_baseline.cpp:45]   --->   Operation 44 'icmp' 'icmp_ln45_1' <Predicate = (!icmp_ln44)> <Delay = 0.87> <CoreInst = "Cmp">   --->   Core 9 'Cmp' <Latency = 0> <II = 1> <Delay = 0.88> <FuncUnit> <Opcode : 'seteq' 'setne' 'setle' 'setge' 'setlt' 'setgt'> <InPorts = 2> <OutPorts = 1>
ST_1 : Operation 45 [1/1] (0.00ns)   --->   "%br_ln45 = br i1 %icmp_ln45_1, void %new.latch.for.inc139.split, void %last.iter.for.inc139.split" [mmult_baseline.cpp:45]   --->   Operation 45 'br' 'br_ln45' <Predicate = (!icmp_ln44)> <Delay = 0.00>
ST_1 : Operation 46 [1/1] (0.48ns)   --->   "%store_ln44 = store i9 %add_ln44_1, i9 %indvar_flatten20" [mmult_baseline.cpp:44]   --->   Operation 46 'store' 'store_ln44' <Predicate = (!icmp_ln44)> <Delay = 0.48>
ST_1 : Operation 47 [1/1] (0.48ns)   --->   "%store_ln44 = store i5 %select_ln44_1, i5 %i" [mmult_baseline.cpp:44]   --->   Operation 47 'store' 'store_ln44' <Predicate = (!icmp_ln44)> <Delay = 0.48>
ST_1 : Operation 48 [1/1] (0.48ns)   --->   "%store_ln45 = store i5 %add_ln45, i5 %j" [mmult_baseline.cpp:45]   --->   Operation 48 'store' 'store_ln45' <Predicate = (!icmp_ln44)> <Delay = 0.48>
ST_1 : Operation 49 [1/1] (0.00ns)   --->   "%br_ln45 = br void %for.inc139" [mmult_baseline.cpp:45]   --->   Operation 49 'br' 'br_ln45' <Predicate = (!icmp_ln44)> <Delay = 0.00>

State 2 <SV = 1> <Delay = 6.26>
ST_2 : Operation 50 [1/1] (0.00ns)   --->   "%specloopname_ln0 = specloopname void @_ssdm_op_SpecLoopName, void @store_i_store_j_str"   --->   Operation 50 'specloopname' 'specloopname_ln0' <Predicate = true> <Delay = 0.00>
ST_2 : Operation 51 [1/1] (0.00ns)   --->   "%speclooptripcount_ln0 = speclooptripcount void @_ssdm_op_SpecLoopTripCount, i64 256, i64 256, i64 256"   --->   Operation 51 'speclooptripcount' 'speclooptripcount_ln0' <Predicate = true> <Delay = 0.00>
ST_2 : Operation 52 [1/1] (0.00ns)   --->   "%zext_ln44 = zext i5 %select_ln44_1" [mmult_baseline.cpp:44]   --->   Operation 52 'zext' 'zext_ln44' <Predicate = true> <Delay = 0.00>
ST_2 : Operation 53 [1/1] (3.88ns)   --->   "%empty_26 = mul i37 %zext_ln44, i37 %dim_cast3846_cast" [mmult_baseline.cpp:44]   --->   Operation 53 'mul' 'empty_26' <Predicate = true> <Delay = 3.88> <CoreInst = "Multiplier">   --->   Core 3 'Multiplier' <Latency = 0> <II = 1> <Delay = 3.88> <FuncUnit> <Opcode : 'mul'> <InPorts = 2> <OutPorts = 1>
ST_2 : Operation 54 [1/1] (0.00ns)   --->   "%p_cast1 = sext i37 %empty_26" [mmult_baseline.cpp:44]   --->   Operation 54 'sext' 'p_cast1' <Predicate = true> <Delay = 0.00>
ST_2 : Operation 55 [1/1] (0.00ns) (grouped into TernaryAdder)   --->   "%tmp3843 = add i40 %p_cast, i40 %p_cast1" [mmult_baseline.cpp:44]   --->   Operation 55 'add' 'tmp3843' <Predicate = true> <Delay = 0.00> <CoreInst = "TAddSub">   --->   Core 10 'TAddSub' <Latency = 0> <II = 1> <Delay = 0.45> <IPBlock> <Opcode : '' 'add' 'sub'> <InPorts = 3> <OutPorts = 1> <Sync> <CReg>
ST_2 : Operation 56 [1/1] (0.91ns) (root node of TernaryAdder)   --->   "%empty_27 = add i40 %tmp3843, i40 %zext_ln25_cast" [mmult_baseline.cpp:44]   --->   Operation 56 'add' 'empty_27' <Predicate = true> <Delay = 0.91> <CoreInst = "TAddSub">   --->   Core 10 'TAddSub' <Latency = 0> <II = 1> <Delay = 0.45> <IPBlock> <Opcode : '' 'add' 'sub'> <InPorts = 3> <OutPorts = 1> <Sync> <CReg>
ST_2 : Operation 57 [1/1] (0.00ns)   --->   "%tmp_9 = bitconcatenate i42 @_ssdm_op_BitConcatenate.i42.i40.i2, i40 %empty_27, i2 0" [mmult_baseline.cpp:44]   --->   Operation 57 'bitconcatenate' 'tmp_9' <Predicate = true> <Delay = 0.00>
ST_2 : Operation 58 [1/1] (0.00ns)   --->   "%tmp_9_cast = sext i42 %tmp_9" [mmult_baseline.cpp:44]   --->   Operation 58 'sext' 'tmp_9_cast' <Predicate = true> <Delay = 0.00>
ST_2 : Operation 59 [1/1] (1.47ns)   --->   "%empty_28 = add i64 %tmp_9_cast, i64 %out_r_read" [mmult_baseline.cpp:44]   --->   Operation 59 'add' 'empty_28' <Predicate = true> <Delay = 1.47> <CoreInst = "Adder">   --->   Core 1 'Adder' <Latency = 0> <II = 1> <Delay = 1.47> <FuncUnit> <Opcode : 'add' 'sub'> <InPorts = 2> <OutPorts = 1>
ST_2 : Operation 60 [1/1] (0.00ns)   --->   "%trunc_ln2 = partselect i62 @_ssdm_op_PartSelect.i62.i64.i32.i32, i64 %empty_28, i32 2, i32 63" [mmult_baseline.cpp:45]   --->   Operation 60 'partselect' 'trunc_ln2' <Predicate = true> <Delay = 0.00>
ST_2 : Operation 61 [1/1] (0.00ns)   --->   "%sext_ln45 = sext i62 %trunc_ln2" [mmult_baseline.cpp:45]   --->   Operation 61 'sext' 'sext_ln45' <Predicate = true> <Delay = 0.00>
ST_2 : Operation 62 [1/1] (0.00ns)   --->   "%gmem_addr = getelementptr i32 %gmem, i64 %sext_ln45" [mmult_baseline.cpp:45]   --->   Operation 62 'getelementptr' 'gmem_addr' <Predicate = true> <Delay = 0.00>
ST_2 : Operation 63 [1/1] (0.00ns)   --->   "%tmp_s = bitconcatenate i6 @_ssdm_op_BitConcatenate.i6.i4.i2, i4 %empty_25, i2 %lshr_ln3" [mmult_baseline.cpp:47]   --->   Operation 63 'bitconcatenate' 'tmp_s' <Predicate = true> <Delay = 0.00>
ST_2 : Operation 64 [1/1] (0.00ns)   --->   "%zext_ln47 = zext i6 %tmp_s" [mmult_baseline.cpp:47]   --->   Operation 64 'zext' 'zext_ln47' <Predicate = true> <Delay = 0.00>
ST_2 : Operation 65 [1/1] (0.00ns)   --->   "%tC_addr = getelementptr i32 %tC, i64 0, i64 %zext_ln47" [mmult_baseline.cpp:47]   --->   Operation 65 'getelementptr' 'tC_addr' <Predicate = (trunc_ln45 == 0)> <Delay = 0.00>
ST_2 : Operation 66 [1/1] (0.00ns)   --->   "%tC_1_addr = getelementptr i32 %tC_1, i64 0, i64 %zext_ln47" [mmult_baseline.cpp:47]   --->   Operation 66 'getelementptr' 'tC_1_addr' <Predicate = (trunc_ln45 == 1)> <Delay = 0.00>
ST_2 : Operation 67 [1/1] (0.00ns)   --->   "%tC_2_addr = getelementptr i32 %tC_2, i64 0, i64 %zext_ln47" [mmult_baseline.cpp:47]   --->   Operation 67 'getelementptr' 'tC_2_addr' <Predicate = (trunc_ln45 == 2)> <Delay = 0.00>
ST_2 : Operation 68 [1/1] (0.00ns)   --->   "%tC_3_addr = getelementptr i32 %tC_3, i64 0, i64 %zext_ln47" [mmult_baseline.cpp:47]   --->   Operation 68 'getelementptr' 'tC_3_addr' <Predicate = (trunc_ln45 == 3)> <Delay = 0.00>
ST_2 : Operation 69 [2/2] (1.35ns)   --->   "%tC_load = load i6 %tC_addr" [mmult_baseline.cpp:47]   --->   Operation 69 'load' 'tC_load' <Predicate = (trunc_ln45 == 0)> <Delay = 1.35> <CoreInst = "RAM">   --->   Core 82 'RAM' <Latency = 1> <II = 1> <Delay = 1.35> <Storage> <Opcode : 'load' 'store'> <Ports = 2> <Width = 32> <Depth = 64> <RAM>
ST_2 : Operation 70 [2/2] (1.35ns)   --->   "%tC_1_load = load i6 %tC_1_addr" [mmult_baseline.cpp:47]   --->   Operation 70 'load' 'tC_1_load' <Predicate = (trunc_ln45 == 1)> <Delay = 1.35> <CoreInst = "RAM">   --->   Core 82 'RAM' <Latency = 1> <II = 1> <Delay = 1.35> <Storage> <Opcode : 'load' 'store'> <Ports = 2> <Width = 32> <Depth = 64> <RAM>
ST_2 : Operation 71 [2/2] (1.35ns)   --->   "%tC_2_load = load i6 %tC_2_addr" [mmult_baseline.cpp:47]   --->   Operation 71 'load' 'tC_2_load' <Predicate = (trunc_ln45 == 2)> <Delay = 1.35> <CoreInst = "RAM">   --->   Core 82 'RAM' <Latency = 1> <II = 1> <Delay = 1.35> <Storage> <Opcode : 'load' 'store'> <Ports = 2> <Width = 32> <Depth = 64> <RAM>
ST_2 : Operation 72 [2/2] (1.35ns)   --->   "%tC_3_load = load i6 %tC_3_addr" [mmult_baseline.cpp:47]   --->   Operation 72 'load' 'tC_3_load' <Predicate = (trunc_ln45 == 3)> <Delay = 1.35> <CoreInst = "RAM">   --->   Core 82 'RAM' <Latency = 1> <II = 1> <Delay = 1.35> <Storage> <Opcode : 'load' 'store'> <Ports = 2> <Width = 32> <Depth = 64> <RAM>

State 3 <SV = 2> <Delay = 7.30>
ST_3 : Operation 73 [1/1] (7.30ns)   --->   "%empty_24 = writereq i1 @_ssdm_op_WriteReq.m_axi.p1i32, i64 %gmem_addr, i64 16" [mmult_baseline.cpp:45]   --->   Operation 73 'writereq' 'empty_24' <Predicate = (first_iter_3)> <Delay = 7.30> <CoreInst = "m_axi">   --->   Core 119 'm_axi' <Latency = 0> <II = 1> <Delay = 1.00> <Adapter> <Opcode : 'read' 'write' 'readreq' 'writereq' 'writeresp'>
ST_3 : Operation 74 [1/1] (0.00ns)   --->   "%br_ln45 = br void %for.inc139.split" [mmult_baseline.cpp:45]   --->   Operation 74 'br' 'br_ln45' <Predicate = (first_iter_3)> <Delay = 0.00>
ST_3 : Operation 75 [1/2] (1.35ns)   --->   "%tC_load = load i6 %tC_addr" [mmult_baseline.cpp:47]   --->   Operation 75 'load' 'tC_load' <Predicate = (trunc_ln45 == 0)> <Delay = 1.35> <CoreInst = "RAM">   --->   Core 82 'RAM' <Latency = 1> <II = 1> <Delay = 1.35> <Storage> <Opcode : 'load' 'store'> <Ports = 2> <Width = 32> <Depth = 64> <RAM>
ST_3 : Operation 76 [1/2] (1.35ns)   --->   "%tC_1_load = load i6 %tC_1_addr" [mmult_baseline.cpp:47]   --->   Operation 76 'load' 'tC_1_load' <Predicate = (trunc_ln45 == 1)> <Delay = 1.35> <CoreInst = "RAM">   --->   Core 82 'RAM' <Latency = 1> <II = 1> <Delay = 1.35> <Storage> <Opcode : 'load' 'store'> <Ports = 2> <Width = 32> <Depth = 64> <RAM>
ST_3 : Operation 77 [1/2] (1.35ns)   --->   "%tC_2_load = load i6 %tC_2_addr" [mmult_baseline.cpp:47]   --->   Operation 77 'load' 'tC_2_load' <Predicate = (trunc_ln45 == 2)> <Delay = 1.35> <CoreInst = "RAM">   --->   Core 82 'RAM' <Latency = 1> <II = 1> <Delay = 1.35> <Storage> <Opcode : 'load' 'store'> <Ports = 2> <Width = 32> <Depth = 64> <RAM>
ST_3 : Operation 78 [1/2] (1.35ns)   --->   "%tC_3_load = load i6 %tC_3_addr" [mmult_baseline.cpp:47]   --->   Operation 78 'load' 'tC_3_load' <Predicate = (trunc_ln45 == 3)> <Delay = 1.35> <CoreInst = "RAM">   --->   Core 82 'RAM' <Latency = 1> <II = 1> <Delay = 1.35> <Storage> <Opcode : 'load' 'store'> <Ports = 2> <Width = 32> <Depth = 64> <RAM>
ST_3 : Operation 79 [1/1] (0.60ns)   --->   "%tmp = sparsemux i32 @_ssdm_op_SparseMux.ap_auto.4i32.i32.i2, i2 0, i32 %tC_load, i2 1, i32 %tC_1_load, i2 2, i32 %tC_2_load, i2 3, i32 %tC_3_load, i32 0, i2 %trunc_ln45" [mmult_baseline.cpp:47]   --->   Operation 79 'sparsemux' 'tmp' <Predicate = true> <Delay = 0.60> <CoreInst = "SparseMux">   --->   Core 144 'SparseMux' <Latency = 0> <II = 1> <Delay = 0.60> <FuncUnit> <Opcode : 'sparsemux'> <InPorts = 2> <OutPorts = 1>

State 4 <SV = 3> <Delay = 7.30>
ST_4 : Operation 80 [1/1] (0.00ns)   --->   "%specpipeline_ln46 = specpipeline void @_ssdm_op_SpecPipeline, i32 1, i32 0, i32 0, i32 0, void @empty_0" [mmult_baseline.cpp:46]   --->   Operation 80 'specpipeline' 'specpipeline_ln46' <Predicate = true> <Delay = 0.00>
ST_4 : Operation 81 [1/1] (7.30ns)   --->   "%write_ln47 = write void @_ssdm_op_Write.m_axi.p1i32, i64 %gmem_addr, i32 %tmp, i4 15" [mmult_baseline.cpp:47]   --->   Operation 81 'write' 'write_ln47' <Predicate = true> <Delay = 7.30> <CoreInst = "m_axi">   --->   Core 119 'm_axi' <Latency = 0> <II = 1> <Delay = 1.00> <Adapter> <Opcode : 'read' 'write' 'readreq' 'writereq' 'writeresp'>

State 5 <SV = 4> <Delay = 7.30>
ST_5 : Operation 82 [5/5] (7.30ns)   --->   "%empty_23 = writeresp i1 @_ssdm_op_WriteResp.m_axi.p1i32, i64 %gmem_addr" [mmult_baseline.cpp:44]   --->   Operation 82 'writeresp' 'empty_23' <Predicate = (icmp_ln45_1)> <Delay = 7.30> <CoreInst = "m_axi">   --->   Core 119 'm_axi' <Latency = 0> <II = 1> <Delay = 1.00> <Adapter> <Opcode : 'read' 'write' 'readreq' 'writereq' 'writeresp'>

State 6 <SV = 5> <Delay = 7.30>
ST_6 : Operation 83 [4/5] (7.30ns)   --->   "%empty_23 = writeresp i1 @_ssdm_op_WriteResp.m_axi.p1i32, i64 %gmem_addr" [mmult_baseline.cpp:44]   --->   Operation 83 'writeresp' 'empty_23' <Predicate = (icmp_ln45_1)> <Delay = 7.30> <CoreInst = "m_axi">   --->   Core 119 'm_axi' <Latency = 0> <II = 1> <Delay = 1.00> <Adapter> <Opcode : 'read' 'write' 'readreq' 'writereq' 'writeresp'>

State 7 <SV = 6> <Delay = 7.30>
ST_7 : Operation 84 [3/5] (7.30ns)   --->   "%empty_23 = writeresp i1 @_ssdm_op_WriteResp.m_axi.p1i32, i64 %gmem_addr" [mmult_baseline.cpp:44]   --->   Operation 84 'writeresp' 'empty_23' <Predicate = (icmp_ln45_1)> <Delay = 7.30> <CoreInst = "m_axi">   --->   Core 119 'm_axi' <Latency = 0> <II = 1> <Delay = 1.00> <Adapter> <Opcode : 'read' 'write' 'readreq' 'writereq' 'writeresp'>

State 8 <SV = 7> <Delay = 7.30>
ST_8 : Operation 85 [2/5] (7.30ns)   --->   "%empty_23 = writeresp i1 @_ssdm_op_WriteResp.m_axi.p1i32, i64 %gmem_addr" [mmult_baseline.cpp:44]   --->   Operation 85 'writeresp' 'empty_23' <Predicate = (icmp_ln45_1)> <Delay = 7.30> <CoreInst = "m_axi">   --->   Core 119 'm_axi' <Latency = 0> <II = 1> <Delay = 1.00> <Adapter> <Opcode : 'read' 'write' 'readreq' 'writereq' 'writeresp'>
ST_8 : Operation 88 [1/1] (0.48ns)   --->   "%ret_ln0 = ret"   --->   Operation 88 'ret' 'ret_ln0' <Predicate = (icmp_ln44)> <Delay = 0.48>

State 9 <SV = 8> <Delay = 7.30>
ST_9 : Operation 86 [1/5] (7.30ns)   --->   "%empty_23 = writeresp i1 @_ssdm_op_WriteResp.m_axi.p1i32, i64 %gmem_addr" [mmult_baseline.cpp:44]   --->   Operation 86 'writeresp' 'empty_23' <Predicate = (icmp_ln45_1)> <Delay = 7.30> <CoreInst = "m_axi">   --->   Core 119 'm_axi' <Latency = 0> <II = 1> <Delay = 1.00> <Adapter> <Opcode : 'read' 'write' 'readreq' 'writereq' 'writeresp'>
ST_9 : Operation 87 [1/1] (0.00ns)   --->   "%br_ln45 = br void %new.latch.for.inc139.split" [mmult_baseline.cpp:45]   --->   Operation 87 'br' 'br_ln45' <Predicate = (icmp_ln45_1)> <Delay = 0.00>


============================================================
+ Verbose Summary: Binding
============================================================
STG Binding: 
---------------- STG Properties BEGIN ----------------
- Is combinational: 0
- Is one-state seq: 0
- Is datapath-only: 0
- Is pipelined: 0
- Is top level: 0
Port [ Return ] is wired: 1; IO mode=ap_ctrl_hs:ce=0
Port [ gmem]:  wired=1; compound=1; hidden=0; nouse=0; global=0; static=0; extern=0; dir=1; type=4; pingpong=0; private_global=0; IO mode=m_axi:ce=0
Port [ tC]:  wired=1; compound=1; hidden=0; nouse=0; global=0; static=0; extern=0; dir=0; type=1; pingpong=0; private_global=0; MemPort=[13]; IO mode=ap_memory:ce=0
Port [ tC_1]:  wired=1; compound=1; hidden=0; nouse=0; global=0; static=0; extern=0; dir=0; type=1; pingpong=0; private_global=0; MemPort=[13]; IO mode=ap_memory:ce=0
Port [ tC_2]:  wired=1; compound=1; hidden=0; nouse=0; global=0; static=0; extern=0; dir=0; type=1; pingpong=0; private_global=0; MemPort=[13]; IO mode=ap_memory:ce=0
Port [ tC_3]:  wired=1; compound=1; hidden=0; nouse=0; global=0; static=0; extern=0; dir=0; type=1; pingpong=0; private_global=0; MemPort=[13]; IO mode=ap_memory:ce=0
Port [ dim_cast3846]:  wired=1; compound=0; hidden=0; nouse=0; global=0; static=0; extern=0; dir=0; type=0; pingpong=0; private_global=0; IO mode=ap_none:ce=0
Port [ empty]:  wired=1; compound=0; hidden=0; nouse=0; global=0; static=0; extern=0; dir=0; type=0; pingpong=0; private_global=0; IO mode=ap_none:ce=0
Port [ zext_ln25]:  wired=1; compound=0; hidden=0; nouse=0; global=0; static=0; extern=0; dir=0; type=0; pingpong=0; private_global=0; IO mode=ap_none:ce=0
Port [ out_r]:  wired=1; compound=0; hidden=0; nouse=0; global=0; static=0; extern=0; dir=0; type=0; pingpong=0; private_global=0; IO mode=ap_none:ce=0
---------------- STG Properties END ------------------

---------------- Datapath Model BEGIN ----------------

<LifeTime>
<method=bitvector/>
j                     (alloca           ) [ 0100000000]
i                     (alloca           ) [ 0100000000]
indvar_flatten20      (alloca           ) [ 0100000000]
out_r_read            (read             ) [ 0110000000]
zext_ln25_read        (read             ) [ 0000000000]
tmp_1                 (read             ) [ 0000000000]
dim_cast3846_read     (read             ) [ 0000000000]
dim_cast3846_cast     (sext             ) [ 0110000000]
zext_ln25_cast        (zext             ) [ 0110000000]
p_cast                (sext             ) [ 0110000000]
specinterface_ln0     (specinterface    ) [ 0000000000]
store_ln0             (store            ) [ 0000000000]
store_ln44            (store            ) [ 0000000000]
store_ln45            (store            ) [ 0000000000]
br_ln0                (br               ) [ 0000000000]
indvar_flatten20_load (load             ) [ 0000000000]
specbitsmap_ln0       (specbitsmap      ) [ 0000000000]
icmp_ln44             (icmp             ) [ 0111111110]
add_ln44_1            (add              ) [ 0000000000]
br_ln44               (br               ) [ 0000000000]
j_load                (load             ) [ 0000000000]
i_load                (load             ) [ 0000000000]
add_ln44              (add              ) [ 0000000000]
icmp_ln45             (icmp             ) [ 0000000000]
select_ln44           (select           ) [ 0000000000]
select_ln44_1         (select           ) [ 0110000000]
empty_25              (trunc            ) [ 0110000000]
first_iter_3          (icmp             ) [ 0111000000]
br_ln45               (br               ) [ 0000000000]
trunc_ln45            (trunc            ) [ 0111000000]
lshr_ln3              (partselect       ) [ 0110000000]
add_ln45              (add              ) [ 0000000000]
icmp_ln45_1           (icmp             ) [ 0111111111]
br_ln45               (br               ) [ 0000000000]
store_ln44            (store            ) [ 0000000000]
store_ln44            (store            ) [ 0000000000]
store_ln45            (store            ) [ 0000000000]
br_ln45               (br               ) [ 0000000000]
specloopname_ln0      (specloopname     ) [ 0000000000]
speclooptripcount_ln0 (speclooptripcount) [ 0000000000]
zext_ln44             (zext             ) [ 0000000000]
empty_26              (mul              ) [ 0000000000]
p_cast1               (sext             ) [ 0000000000]
tmp3843               (add              ) [ 0000000000]
empty_27              (add              ) [ 0000000000]
tmp_9                 (bitconcatenate   ) [ 0000000000]
tmp_9_cast            (sext             ) [ 0000000000]
empty_28              (add              ) [ 0000000000]
trunc_ln2             (partselect       ) [ 0000000000]
sext_ln45             (sext             ) [ 0000000000]
gmem_addr             (getelementptr    ) [ 0101111111]
tmp_s                 (bitconcatenate   ) [ 0000000000]
zext_ln47             (zext             ) [ 0000000000]
tC_addr               (getelementptr    ) [ 0101000000]
tC_1_addr             (getelementptr    ) [ 0101000000]
tC_2_addr             (getelementptr    ) [ 0101000000]
tC_3_addr             (getelementptr    ) [ 0101000000]
empty_24              (writereq         ) [ 0000000000]
br_ln45               (br               ) [ 0000000000]
tC_load               (load             ) [ 0000000000]
tC_1_load             (load             ) [ 0000000000]
tC_2_load             (load             ) [ 0000000000]
tC_3_load             (load             ) [ 0000000000]
tmp                   (sparsemux        ) [ 0100100000]
specpipeline_ln46     (specpipeline     ) [ 0000000000]
write_ln47            (write            ) [ 0000000000]
empty_23              (writeresp        ) [ 0000000000]
br_ln45               (br               ) [ 0000000000]
ret_ln0               (ret              ) [ 0000000000]
</LifeTime>

<model>

<comp_list>
<comp id="0" class="1000" name="gmem">
<pin_list>
<pin id="1" dir="1" index="0" bw="1" slack="0"/>
</pin_list>
<bind>
<StgValue><ssdm name="gmem"/></StgValue>
</bind>
</comp>

<comp id="2" class="1000" name="tC">
<pin_list>
<pin id="3" dir="1" index="0" bw="1" slack="0"/>
</pin_list>
<bind>
<StgValue><ssdm name="tC"/><MemPortTyVec>1 3 </MemPortTyVec>
</StgValue>
</bind>
</comp>

<comp id="4" class="1000" name="tC_1">
<pin_list>
<pin id="5" dir="1" index="0" bw="1" slack="0"/>
</pin_list>
<bind>
<StgValue><ssdm name="tC_1"/><MemPortTyVec>1 3 </MemPortTyVec>
</StgValue>
</bind>
</comp>

<comp id="6" class="1000" name="tC_2">
<pin_list>
<pin id="7" dir="1" index="0" bw="1" slack="0"/>
</pin_list>
<bind>
<StgValue><ssdm name="tC_2"/><MemPortTyVec>1 3 </MemPortTyVec>
</StgValue>
</bind>
</comp>

<comp id="8" class="1000" name="tC_3">
<pin_list>
<pin id="9" dir="1" index="0" bw="1" slack="0"/>
</pin_list>
<bind>
<StgValue><ssdm name="tC_3"/><MemPortTyVec>1 3 </MemPortTyVec>
</StgValue>
</bind>
</comp>

<comp id="10" class="1000" name="dim_cast3846">
<pin_list>
<pin id="11" dir="1" index="0" bw="1" slack="0"/>
</pin_list>
<bind>
<StgValue><ssdm name="dim_cast3846"/></StgValue>
</bind>
</comp>

<comp id="12" class="1000" name="empty">
<pin_list>
<pin id="13" dir="1" index="0" bw="1" slack="0"/>
</pin_list>
<bind>
<StgValue><ssdm name="empty"/></StgValue>
</bind>
</comp>

<comp id="14" class="1000" name="zext_ln25">
<pin_list>
<pin id="15" dir="1" index="0" bw="1" slack="0"/>
</pin_list>
<bind>
<StgValue><ssdm name="zext_ln25"/></StgValue>
</bind>
</comp>

<comp id="16" class="1000" name="out_r">
<pin_list>
<pin id="17" dir="1" index="0" bw="1" slack="0"/>
</pin_list>
<bind>
<StgValue><ssdm name="out_r"/></StgValue>
</bind>
</comp>

<comp id="18" class="1001" name="const_18">
<pin_list>
<pin id="19" dir="1" index="0" bw="1" slack="0"/>
</pin_list>
<bind>
<StgValue><ssdm name=""/></StgValue>
</bind>
</comp>

<comp id="20" class="1001" name="const_20">
<pin_list>
<pin id="21" dir="1" index="0" bw="1" slack="0"/>
</pin_list>
<bind>
<StgValue><ssdm name="_ssdm_op_Read.ap_auto.i64"/></StgValue>
</bind>
</comp>

<comp id="22" class="1001" name="const_22">
<pin_list>
<pin id="23" dir="1" index="0" bw="1" slack="0"/>
</pin_list>
<bind>
<StgValue><ssdm name="_ssdm_op_Read.ap_auto.i7"/></StgValue>
</bind>
</comp>

<comp id="24" class="1001" name="const_24">
<pin_list>
<pin id="25" dir="1" index="0" bw="1" slack="0"/>
</pin_list>
<bind>
<StgValue><ssdm name="_ssdm_op_Read.ap_auto.i39"/></StgValue>
</bind>
</comp>

<comp id="26" class="1001" name="const_26">
<pin_list>
<pin id="27" dir="1" index="0" bw="1" slack="0"/>
</pin_list>
<bind>
<StgValue><ssdm name="_ssdm_op_Read.ap_auto.i32"/></StgValue>
</bind>
</comp>

<comp id="28" class="1001" name="const_28">
<pin_list>
<pin id="29" dir="1" index="0" bw="1" slack="2147483647"/>
</pin_list>
<bind>
<StgValue><ssdm name="_ssdm_op_SpecInterface"/></StgValue>
</bind>
</comp>

<comp id="30" class="1001" name="const_30">
<pin_list>
<pin id="31" dir="1" index="0" bw="1" slack="2147483647"/>
</pin_list>
<bind>
<StgValue><ssdm name="empty"/></StgValue>
</bind>
</comp>

<comp id="32" class="1001" name="const_32">
<pin_list>
<pin id="33" dir="1" index="0" bw="1" slack="2147483647"/>
</pin_list>
<bind>
<StgValue><ssdm name=""/></StgValue>
</bind>
</comp>

<comp id="34" class="1001" name="const_34">
<pin_list>
<pin id="35" dir="1" index="0" bw="1" slack="2147483647"/>
</pin_list>
<bind>
<StgValue><ssdm name="empty_0"/></StgValue>
</bind>
</comp>

<comp id="36" class="1001" name="const_36">
<pin_list>
<pin id="37" dir="1" index="0" bw="1" slack="2147483647"/>
</pin_list>
<bind>
<StgValue><ssdm name=""/></StgValue>
</bind>
</comp>

<comp id="38" class="1001" name="const_38">
<pin_list>
<pin id="39" dir="1" index="0" bw="1" slack="2147483647"/>
</pin_list>
<bind>
<StgValue><ssdm name="empty_1"/></StgValue>
</bind>
</comp>

<comp id="40" class="1001" name="const_40">
<pin_list>
<pin id="41" dir="1" index="0" bw="1" slack="2147483647"/>
</pin_list>
<bind>
<StgValue><ssdm name="empty_2"/></StgValue>
</bind>
</comp>

<comp id="42" class="1001" name="const_42">
<pin_list>
<pin id="43" dir="1" index="0" bw="1" slack="2147483647"/>
</pin_list>
<bind>
<StgValue><ssdm name=""/></StgValue>
</bind>
</comp>

<comp id="44" class="1001" name="const_44">
<pin_list>
<pin id="45" dir="1" index="0" bw="1" slack="2147483647"/>
</pin_list>
<bind>
<StgValue><ssdm name=""/></StgValue>
</bind>
</comp>

<comp id="46" class="1001" name="const_46">
<pin_list>
<pin id="47" dir="1" index="0" bw="1" slack="0"/>
</pin_list>
<bind>
<StgValue><ssdm name=""/></StgValue>
</bind>
</comp>

<comp id="48" class="1001" name="const_48">
<pin_list>
<pin id="49" dir="1" index="0" bw="1" slack="0"/>
</pin_list>
<bind>
<StgValue><ssdm name=""/></StgValue>
</bind>
</comp>

<comp id="50" class="1001" name="const_50">
<pin_list>
<pin id="51" dir="1" index="0" bw="1" slack="2147483647"/>
</pin_list>
<bind>
<StgValue><ssdm name="_ssdm_op_SpecBitsMap"/></StgValue>
</bind>
</comp>

<comp id="52" class="1001" name="const_52">
<pin_list>
<pin id="53" dir="1" index="0" bw="1" slack="0"/>
</pin_list>
<bind>
<StgValue><ssdm name=""/></StgValue>
</bind>
</comp>

<comp id="54" class="1001" name="const_54">
<pin_list>
<pin id="55" dir="1" index="0" bw="1" slack="0"/>
</pin_list>
<bind>
<StgValue><ssdm name=""/></StgValue>
</bind>
</comp>

<comp id="56" class="1001" name="const_56">
<pin_list>
<pin id="57" dir="1" index="0" bw="1" slack="0"/>
</pin_list>
<bind>
<StgValue><ssdm name=""/></StgValue>
</bind>
</comp>

<comp id="58" class="1001" name="const_58">
<pin_list>
<pin id="59" dir="1" index="0" bw="1" slack="0"/>
</pin_list>
<bind>
<StgValue><ssdm name=""/></StgValue>
</bind>
</comp>

<comp id="60" class="1001" name="const_60">
<pin_list>
<pin id="61" dir="1" index="0" bw="1" slack="0"/>
</pin_list>
<bind>
<StgValue><ssdm name="_ssdm_op_PartSelect.i2.i5.i32.i32"/></StgValue>
</bind>
</comp>

<comp id="62" class="1001" name="const_62">
<pin_list>
<pin id="63" dir="1" index="0" bw="1" slack="0"/>
</pin_list>
<bind>
<StgValue><ssdm name=""/></StgValue>
</bind>
</comp>

<comp id="64" class="1001" name="const_64">
<pin_list>
<pin id="65" dir="1" index="0" bw="1" slack="0"/>
</pin_list>
<bind>
<StgValue><ssdm name=""/></StgValue>
</bind>
</comp>

<comp id="66" class="1001" name="const_66">
<pin_list>
<pin id="67" dir="1" index="0" bw="1" slack="2147483647"/>
</pin_list>
<bind>
<StgValue><ssdm name="_ssdm_op_SpecLoopName"/></StgValue>
</bind>
</comp>

<comp id="68" class="1001" name="const_68">
<pin_list>
<pin id="69" dir="1" index="0" bw="1" slack="2147483647"/>
</pin_list>
<bind>
<StgValue><ssdm name="store_i_store_j_str"/></StgValue>
</bind>
</comp>

<comp id="70" class="1001" name="const_70">
<pin_list>
<pin id="71" dir="1" index="0" bw="1" slack="2147483647"/>
</pin_list>
<bind>
<StgValue><ssdm name="_ssdm_op_SpecLoopTripCount"/></StgValue>
</bind>
</comp>

<comp id="72" class="1001" name="const_72">
<pin_list>
<pin id="73" dir="1" index="0" bw="1" slack="2147483647"/>
</pin_list>
<bind>
<StgValue><ssdm name=""/></StgValue>
</bind>
</comp>

<comp id="74" class="1001" name="const_74">
<pin_list>
<pin id="75" dir="1" index="0" bw="1" slack="0"/>
</pin_list>
<bind>
<StgValue><ssdm name="_ssdm_op_BitConcatenate.i42.i40.i2"/></StgValue>
</bind>
</comp>

<comp id="76" class="1001" name="const_76">
<pin_list>
<pin id="77" dir="1" index="0" bw="1" slack="0"/>
</pin_list>
<bind>
<StgValue><ssdm name=""/></StgValue>
</bind>
</comp>

<comp id="78" class="1001" name="const_78">
<pin_list>
<pin id="79" dir="1" index="0" bw="1" slack="0"/>
</pin_list>
<bind>
<StgValue><ssdm name="_ssdm_op_PartSelect.i62.i64.i32.i32"/></StgValue>
</bind>
</comp>

<comp id="80" class="1001" name="const_80">
<pin_list>
<pin id="81" dir="1" index="0" bw="1" slack="0"/>
</pin_list>
<bind>
<StgValue><ssdm name=""/></StgValue>
</bind>
</comp>

<comp id="82" class="1001" name="const_82">
<pin_list>
<pin id="83" dir="1" index="0" bw="1" slack="0"/>
</pin_list>
<bind>
<StgValue><ssdm name="_ssdm_op_BitConcatenate.i6.i4.i2"/></StgValue>
</bind>
</comp>

<comp id="84" class="1001" name="const_84">
<pin_list>
<pin id="85" dir="1" index="0" bw="1" slack="0"/>
</pin_list>
<bind>
<StgValue><ssdm name=""/></StgValue>
</bind>
</comp>

<comp id="86" class="1001" name="const_86">
<pin_list>
<pin id="87" dir="1" index="0" bw="1" slack="0"/>
</pin_list>
<bind>
<StgValue><ssdm name="_ssdm_op_WriteReq.m_axi.p1i32"/></StgValue>
</bind>
</comp>

<comp id="88" class="1001" name="const_88">
<pin_list>
<pin id="89" dir="1" index="0" bw="1" slack="0"/>
</pin_list>
<bind>
<StgValue><ssdm name=""/></StgValue>
</bind>
</comp>

<comp id="90" class="1001" name="const_90">
<pin_list>
<pin id="91" dir="1" index="0" bw="1" slack="0"/>
</pin_list>
<bind>
<StgValue><ssdm name="_ssdm_op_SparseMux.ap_auto.4i32.i32.i2"/></StgValue>
</bind>
</comp>

<comp id="92" class="1001" name="const_92">
<pin_list>
<pin id="93" dir="1" index="0" bw="1" slack="0"/>
</pin_list>
<bind>
<StgValue><ssdm name=""/></StgValue>
</bind>
</comp>

<comp id="94" class="1001" name="const_94">
<pin_list>
<pin id="95" dir="1" index="0" bw="1" slack="0"/>
</pin_list>
<bind>
<StgValue><ssdm name=""/></StgValue>
</bind>
</comp>

<comp id="96" class="1001" name="const_96">
<pin_list>
<pin id="97" dir="1" index="0" bw="1" slack="0"/>
</pin_list>
<bind>
<StgValue><ssdm name=""/></StgValue>
</bind>
</comp>

<comp id="98" class="1001" name="const_98">
<pin_list>
<pin id="99" dir="1" index="0" bw="1" slack="0"/>
</pin_list>
<bind>
<StgValue><ssdm name=""/></StgValue>
</bind>
</comp>

<comp id="100" class="1001" name="const_100">
<pin_list>
<pin id="101" dir="1" index="0" bw="1" slack="2147483647"/>
</pin_list>
<bind>
<StgValue><ssdm name="_ssdm_op_SpecPipeline"/></StgValue>
</bind>
</comp>

<comp id="102" class="1001" name="const_102">
<pin_list>
<pin id="103" dir="1" index="0" bw="1" slack="0"/>
</pin_list>
<bind>
<StgValue><ssdm name="_ssdm_op_Write.m_axi.p1i32"/></StgValue>
</bind>
</comp>

<comp id="104" class="1001" name="const_104">
<pin_list>
<pin id="105" dir="1" index="0" bw="1" slack="0"/>
</pin_list>
<bind>
<StgValue><ssdm name=""/></StgValue>
</bind>
</comp>

<comp id="106" class="1001" name="const_106">
<pin_list>
<pin id="107" dir="1" index="0" bw="1" slack="0"/>
</pin_list>
<bind>
<StgValue><ssdm name="_ssdm_op_WriteResp.m_axi.p1i32"/></StgValue>
</bind>
</comp>

<comp id="108" class="1004" name="j_fu_108">
<pin_list>
<pin id="109" dir="0" index="0" bw="1" slack="0"/>
<pin id="110" dir="1" index="1" bw="5" slack="0"/>
</pin_list>
<bind>
<opcode="alloca(26) " fcode="alloca"/>
<opset="j/1 "/>
</bind>
</comp>

<comp id="112" class="1004" name="i_fu_112">
<pin_list>
<pin id="113" dir="0" index="0" bw="1" slack="0"/>
<pin id="114" dir="1" index="1" bw="5" slack="0"/>
</pin_list>
<bind>
<opcode="alloca(26) " fcode="alloca"/>
<opset="i/1 "/>
</bind>
</comp>

<comp id="116" class="1004" name="indvar_flatten20_fu_116">
<pin_list>
<pin id="117" dir="0" index="0" bw="1" slack="0"/>
<pin id="118" dir="1" index="1" bw="9" slack="0"/>
</pin_list>
<bind>
<opcode="alloca(26) " fcode="alloca"/>
<opset="indvar_flatten20/1 "/>
</bind>
</comp>

<comp id="120" class="1004" name="out_r_read_read_fu_120">
<pin_list>
<pin id="121" dir="0" index="0" bw="64" slack="0"/>
<pin id="122" dir="0" index="1" bw="64" slack="0"/>
<pin id="123" dir="1" index="2" bw="64" slack="1"/>
</pin_list>
<bind>
<opcode="read(1150) " fcode="read"/>
<opset="out_r_read/1 "/>
</bind>
</comp>

<comp id="126" class="1004" name="zext_ln25_read_read_fu_126">
<pin_list>
<pin id="127" dir="0" index="0" bw="7" slack="0"/>
<pin id="128" dir="0" index="1" bw="7" slack="0"/>
<pin id="129" dir="1" index="2" bw="7" slack="0"/>
</pin_list>
<bind>
<opcode="read(1150) " fcode="read"/>
<opset="zext_ln25_read/1 "/>
</bind>
</comp>

<comp id="132" class="1004" name="tmp_1_read_fu_132">
<pin_list>
<pin id="133" dir="0" index="0" bw="39" slack="0"/>
<pin id="134" dir="0" index="1" bw="39" slack="0"/>
<pin id="135" dir="1" index="2" bw="39" slack="0"/>
</pin_list>
<bind>
<opcode="read(1150) " fcode="read"/>
<opset="tmp_1/1 "/>
</bind>
</comp>

<comp id="138" class="1004" name="dim_cast3846_read_read_fu_138">
<pin_list>
<pin id="139" dir="0" index="0" bw="32" slack="0"/>
<pin id="140" dir="0" index="1" bw="32" slack="0"/>
<pin id="141" dir="1" index="2" bw="32" slack="0"/>
</pin_list>
<bind>
<opcode="read(1150) " fcode="read"/>
<opset="dim_cast3846_read/1 "/>
</bind>
</comp>

<comp id="144" class="1004" name="grp_writeresp_fu_144">
<pin_list>
<pin id="145" dir="0" index="0" bw="1" slack="0"/>
<pin id="146" dir="0" index="1" bw="32" slack="1"/>
<pin id="147" dir="0" index="2" bw="6" slack="0"/>
<pin id="148" dir="1" index="3" bw="1" slack="2147483647"/>
</pin_list>
<bind>
<opcode="writereq(1155) writeresp(1158) " fcode="writeresp"/>
<opset="empty_24/3 empty_23/5 "/>
</bind>
</comp>

<comp id="151" class="1004" name="write_ln47_write_fu_151">
<pin_list>
<pin id="152" dir="0" index="0" bw="0" slack="0"/>
<pin id="153" dir="0" index="1" bw="32" slack="2"/>
<pin id="154" dir="0" index="2" bw="32" slack="1"/>
<pin id="155" dir="0" index="3" bw="1" slack="0"/>
<pin id="156" dir="1" index="4" bw="0" slack="2147483647"/>
</pin_list>
<bind>
<opcode="write(1151) " fcode="write"/>
<opset="write_ln47/4 "/>
</bind>
</comp>

<comp id="160" class="1004" name="tC_addr_gep_fu_160">
<pin_list>
<pin id="161" dir="0" index="0" bw="32" slack="0"/>
<pin id="162" dir="0" index="1" bw="1" slack="0"/>
<pin id="163" dir="0" index="2" bw="6" slack="0"/>
<pin id="164" dir="1" index="3" bw="6" slack="0"/>
</pin_list>
<bind>
<opcode="getelementptr(29) " fcode="getelementptr"/>
<opset="tC_addr/2 "/>
</bind>
</comp>

<comp id="167" class="1004" name="tC_1_addr_gep_fu_167">
<pin_list>
<pin id="168" dir="0" index="0" bw="32" slack="0"/>
<pin id="169" dir="0" index="1" bw="1" slack="0"/>
<pin id="170" dir="0" index="2" bw="6" slack="0"/>
<pin id="171" dir="1" index="3" bw="6" slack="0"/>
</pin_list>
<bind>
<opcode="getelementptr(29) " fcode="getelementptr"/>
<opset="tC_1_addr/2 "/>
</bind>
</comp>

<comp id="174" class="1004" name="tC_2_addr_gep_fu_174">
<pin_list>
<pin id="175" dir="0" index="0" bw="32" slack="0"/>
<pin id="176" dir="0" index="1" bw="1" slack="0"/>
<pin id="177" dir="0" index="2" bw="6" slack="0"/>
<pin id="178" dir="1" index="3" bw="6" slack="0"/>
</pin_list>
<bind>
<opcode="getelementptr(29) " fcode="getelementptr"/>
<opset="tC_2_addr/2 "/>
</bind>
</comp>

<comp id="181" class="1004" name="tC_3_addr_gep_fu_181">
<pin_list>
<pin id="182" dir="0" index="0" bw="32" slack="0"/>
<pin id="183" dir="0" index="1" bw="1" slack="0"/>
<pin id="184" dir="0" index="2" bw="6" slack="0"/>
<pin id="185" dir="1" index="3" bw="6" slack="0"/>
</pin_list>
<bind>
<opcode="getelementptr(29) " fcode="getelementptr"/>
<opset="tC_3_addr/2 "/>
</bind>
</comp>

<comp id="188" class="1004" name="grp_access_fu_188">
<pin_list>
<pin id="189" dir="0" index="0" bw="6" slack="0"/>
<pin id="190" dir="0" index="1" bw="32" slack="2147483647"/>
<pin id="191" dir="0" index="2" bw="0" slack="2147483647"/>
<pin id="192" dir="1" index="3" bw="32" slack="0"/>
</pin_list>
<bind>
<opcode="load(27) " fcode="load"/>
<opset="tC_load/2 "/>
</bind>
</comp>

<comp id="194" class="1004" name="grp_access_fu_194">
<pin_list>
<pin id="195" dir="0" index="0" bw="6" slack="0"/>
<pin id="196" dir="0" index="1" bw="32" slack="2147483647"/>
<pin id="197" dir="0" index="2" bw="0" slack="2147483647"/>
<pin id="198" dir="1" index="3" bw="32" slack="0"/>
</pin_list>
<bind>
<opcode="load(27) " fcode="load"/>
<opset="tC_1_load/2 "/>
</bind>
</comp>

<comp id="200" class="1004" name="grp_access_fu_200">
<pin_list>
<pin id="201" dir="0" index="0" bw="6" slack="0"/>
<pin id="202" dir="0" index="1" bw="32" slack="2147483647"/>
<pin id="203" dir="0" index="2" bw="0" slack="2147483647"/>
<pin id="204" dir="1" index="3" bw="32" slack="0"/>
</pin_list>
<bind>
<opcode="load(27) " fcode="load"/>
<opset="tC_2_load/2 "/>
</bind>
</comp>

<comp id="206" class="1004" name="grp_access_fu_206">
<pin_list>
<pin id="207" dir="0" index="0" bw="6" slack="0"/>
<pin id="208" dir="0" index="1" bw="32" slack="2147483647"/>
<pin id="209" dir="0" index="2" bw="0" slack="2147483647"/>
<pin id="210" dir="1" index="3" bw="32" slack="0"/>
</pin_list>
<bind>
<opcode="load(27) " fcode="load"/>
<opset="tC_3_load/2 "/>
</bind>
</comp>

<comp id="212" class="1004" name="dim_cast3846_cast_fu_212">
<pin_list>
<pin id="213" dir="0" index="0" bw="32" slack="0"/>
<pin id="214" dir="1" index="1" bw="37" slack="1"/>
</pin_list>
<bind>
<opcode="sext(35) " fcode="sext"/>
<opset="dim_cast3846_cast/1 "/>
</bind>
</comp>

<comp id="216" class="1004" name="zext_ln25_cast_fu_216">
<pin_list>
<pin id="217" dir="0" index="0" bw="7" slack="0"/>
<pin id="218" dir="1" index="1" bw="40" slack="1"/>
</pin_list>
<bind>
<opcode="zext(34) " fcode="zext"/>
<opset="zext_ln25_cast/1 "/>
</bind>
</comp>

<comp id="220" class="1004" name="p_cast_fu_220">
<pin_list>
<pin id="221" dir="0" index="0" bw="39" slack="0"/>
<pin id="222" dir="1" index="1" bw="40" slack="1"/>
</pin_list>
<bind>
<opcode="sext(35) " fcode="sext"/>
<opset="p_cast/1 "/>
</bind>
</comp>

<comp id="224" class="1004" name="store_ln0_store_fu_224">
<pin_list>
<pin id="225" dir="0" index="0" bw="1" slack="0"/>
<pin id="226" dir="0" index="1" bw="9" slack="0"/>
<pin id="227" dir="1" index="2" bw="0" slack="2147483647"/>
</pin_list>
<bind>
<opcode="store(28) " fcode="store"/>
<opset="store_ln0/1 "/>
</bind>
</comp>

<comp id="229" class="1004" name="store_ln44_store_fu_229">
<pin_list>
<pin id="230" dir="0" index="0" bw="1" slack="0"/>
<pin id="231" dir="0" index="1" bw="5" slack="0"/>
<pin id="232" dir="1" index="2" bw="0" slack="2147483647"/>
</pin_list>
<bind>
<opcode="store(28) " fcode="store"/>
<opset="store_ln44/1 "/>
</bind>
</comp>

<comp id="234" class="1004" name="store_ln45_store_fu_234">
<pin_list>
<pin id="235" dir="0" index="0" bw="1" slack="0"/>
<pin id="236" dir="0" index="1" bw="5" slack="0"/>
<pin id="237" dir="1" index="2" bw="0" slack="2147483647"/>
</pin_list>
<bind>
<opcode="store(28) " fcode="store"/>
<opset="store_ln45/1 "/>
</bind>
</comp>

<comp id="239" class="1004" name="indvar_flatten20_load_load_fu_239">
<pin_list>
<pin id="240" dir="0" index="0" bw="9" slack="0"/>
<pin id="241" dir="1" index="1" bw="9" slack="0"/>
</pin_list>
<bind>
<opcode="load(27) " fcode="load"/>
<opset="indvar_flatten20_load/1 "/>
</bind>
</comp>

<comp id="242" class="1004" name="icmp_ln44_fu_242">
<pin_list>
<pin id="243" dir="0" index="0" bw="9" slack="0"/>
<pin id="244" dir="0" index="1" bw="9" slack="0"/>
<pin id="245" dir="1" index="2" bw="1" slack="7"/>
</pin_list>
<bind>
<opcode="icmp(45) " fcode="icmp"/>
<opset="icmp_ln44/1 "/>
</bind>
</comp>

<comp id="248" class="1004" name="add_ln44_1_fu_248">
<pin_list>
<pin id="249" dir="0" index="0" bw="9" slack="0"/>
<pin id="250" dir="0" index="1" bw="1" slack="0"/>
<pin id="251" dir="1" index="2" bw="9" slack="0"/>
</pin_list>
<bind>
<opcode="add(8) " fcode="add"/>
<opset="add_ln44_1/1 "/>
</bind>
</comp>

<comp id="254" class="1004" name="j_load_load_fu_254">
<pin_list>
<pin id="255" dir="0" index="0" bw="5" slack="0"/>
<pin id="256" dir="1" index="1" bw="5" slack="0"/>
</pin_list>
<bind>
<opcode="load(27) " fcode="load"/>
<opset="j_load/1 "/>
</bind>
</comp>

<comp id="257" class="1004" name="i_load_load_fu_257">
<pin_list>
<pin id="258" dir="0" index="0" bw="5" slack="0"/>
<pin id="259" dir="1" index="1" bw="5" slack="0"/>
</pin_list>
<bind>
<opcode="load(27) " fcode="load"/>
<opset="i_load/1 "/>
</bind>
</comp>

<comp id="260" class="1004" name="add_ln44_fu_260">
<pin_list>
<pin id="261" dir="0" index="0" bw="5" slack="0"/>
<pin id="262" dir="0" index="1" bw="1" slack="0"/>
<pin id="263" dir="1" index="2" bw="5" slack="0"/>
</pin_list>
<bind>
<opcode="add(8) " fcode="add"/>
<opset="add_ln44/1 "/>
</bind>
</comp>

<comp id="266" class="1004" name="icmp_ln45_fu_266">
<pin_list>
<pin id="267" dir="0" index="0" bw="5" slack="0"/>
<pin id="268" dir="0" index="1" bw="5" slack="0"/>
<pin id="269" dir="1" index="2" bw="1" slack="0"/>
</pin_list>
<bind>
<opcode="icmp(45) " fcode="icmp"/>
<opset="icmp_ln45/1 "/>
</bind>
</comp>

<comp id="272" class="1004" name="select_ln44_fu_272">
<pin_list>
<pin id="273" dir="0" index="0" bw="1" slack="0"/>
<pin id="274" dir="0" index="1" bw="5" slack="0"/>
<pin id="275" dir="0" index="2" bw="5" slack="0"/>
<pin id="276" dir="1" index="3" bw="5" slack="0"/>
</pin_list>
<bind>
<opcode="select(49) " fcode="select"/>
<opset="select_ln44/1 "/>
</bind>
</comp>

<comp id="280" class="1004" name="select_ln44_1_fu_280">
<pin_list>
<pin id="281" dir="0" index="0" bw="1" slack="0"/>
<pin id="282" dir="0" index="1" bw="5" slack="0"/>
<pin id="283" dir="0" index="2" bw="5" slack="0"/>
<pin id="284" dir="1" index="3" bw="5" slack="0"/>
</pin_list>
<bind>
<opcode="select(49) " fcode="select"/>
<opset="select_ln44_1/1 "/>
</bind>
</comp>

<comp id="288" class="1004" name="empty_25_fu_288">
<pin_list>
<pin id="289" dir="0" index="0" bw="5" slack="0"/>
<pin id="290" dir="1" index="1" bw="4" slack="1"/>
</pin_list>
<bind>
<opcode="trunc(33) " fcode="trunc"/>
<opset="empty_25/1 "/>
</bind>
</comp>

<comp id="292" class="1004" name="first_iter_3_fu_292">
<pin_list>
<pin id="293" dir="0" index="0" bw="5" slack="0"/>
<pin id="294" dir="0" index="1" bw="5" slack="0"/>
<pin id="295" dir="1" index="2" bw="1" slack="2"/>
</pin_list>
<bind>
<opcode="icmp(45) " fcode="icmp"/>
<opset="first_iter_3/1 "/>
</bind>
</comp>

<comp id="298" class="1004" name="trunc_ln45_fu_298">
<pin_list>
<pin id="299" dir="0" index="0" bw="5" slack="0"/>
<pin id="300" dir="1" index="1" bw="2" slack="1"/>
</pin_list>
<bind>
<opcode="trunc(33) " fcode="trunc"/>
<opset="trunc_ln45/1 "/>
</bind>
</comp>

<comp id="302" class="1004" name="lshr_ln3_fu_302">
<pin_list>
<pin id="303" dir="0" index="0" bw="2" slack="0"/>
<pin id="304" dir="0" index="1" bw="5" slack="0"/>
<pin id="305" dir="0" index="2" bw="3" slack="0"/>
<pin id="306" dir="0" index="3" bw="3" slack="0"/>
<pin id="307" dir="1" index="4" bw="2" slack="1"/>
</pin_list>
<bind>
<opcode="partselect(1002) " fcode="partselect"/>
<opset="lshr_ln3/1 "/>
</bind>
</comp>

<comp id="312" class="1004" name="add_ln45_fu_312">
<pin_list>
<pin id="313" dir="0" index="0" bw="5" slack="0"/>
<pin id="314" dir="0" index="1" bw="1" slack="0"/>
<pin id="315" dir="1" index="2" bw="5" slack="0"/>
</pin_list>
<bind>
<opcode="add(8) " fcode="add"/>
<opset="add_ln45/1 "/>
</bind>
</comp>

<comp id="318" class="1004" name="icmp_ln45_1_fu_318">
<pin_list>
<pin id="319" dir="0" index="0" bw="5" slack="0"/>
<pin id="320" dir="0" index="1" bw="5" slack="0"/>
<pin id="321" dir="1" index="2" bw="1" slack="4"/>
</pin_list>
<bind>
<opcode="icmp(45) " fcode="icmp"/>
<opset="icmp_ln45_1/1 "/>
</bind>
</comp>

<comp id="324" class="1004" name="store_ln44_store_fu_324">
<pin_list>
<pin id="325" dir="0" index="0" bw="9" slack="0"/>
<pin id="326" dir="0" index="1" bw="9" slack="0"/>
<pin id="327" dir="1" index="2" bw="0" slack="2147483647"/>
</pin_list>
<bind>
<opcode="store(28) " fcode="store"/>
<opset="store_ln44/1 "/>
</bind>
</comp>

<comp id="329" class="1004" name="store_ln44_store_fu_329">
<pin_list>
<pin id="330" dir="0" index="0" bw="5" slack="0"/>
<pin id="331" dir="0" index="1" bw="5" slack="0"/>
<pin id="332" dir="1" index="2" bw="0" slack="2147483647"/>
</pin_list>
<bind>
<opcode="store(28) " fcode="store"/>
<opset="store_ln44/1 "/>
</bind>
</comp>

<comp id="334" class="1004" name="store_ln45_store_fu_334">
<pin_list>
<pin id="335" dir="0" index="0" bw="5" slack="0"/>
<pin id="336" dir="0" index="1" bw="5" slack="0"/>
<pin id="337" dir="1" index="2" bw="0" slack="2147483647"/>
</pin_list>
<bind>
<opcode="store(28) " fcode="store"/>
<opset="store_ln45/1 "/>
</bind>
</comp>

<comp id="339" class="1004" name="zext_ln44_fu_339">
<pin_list>
<pin id="340" dir="0" index="0" bw="5" slack="1"/>
<pin id="341" dir="1" index="1" bw="37" slack="0"/>
</pin_list>
<bind>
<opcode="zext(34) " fcode="zext"/>
<opset="zext_ln44/2 "/>
</bind>
</comp>

<comp id="342" class="1004" name="empty_26_fu_342">
<pin_list>
<pin id="343" dir="0" index="0" bw="5" slack="0"/>
<pin id="344" dir="0" index="1" bw="32" slack="1"/>
<pin id="345" dir="1" index="2" bw="37" slack="0"/>
</pin_list>
<bind>
<opcode="mul(12) " fcode="mul"/>
<opset="empty_26/2 "/>
</bind>
</comp>

<comp id="347" class="1004" name="p_cast1_fu_347">
<pin_list>
<pin id="348" dir="0" index="0" bw="37" slack="0"/>
<pin id="349" dir="1" index="1" bw="40" slack="0"/>
</pin_list>
<bind>
<opcode="sext(35) " fcode="sext"/>
<opset="p_cast1/2 "/>
</bind>
</comp>

<comp id="351" class="1004" name="tmp3843_fu_351">
<pin_list>
<pin id="352" dir="0" index="0" bw="39" slack="1"/>
<pin id="353" dir="0" index="1" bw="37" slack="0"/>
<pin id="354" dir="1" index="2" bw="40" slack="0"/>
</pin_list>
<bind>
<opcode="add(8) " fcode="add"/>
<opset="tmp3843/2 "/>
</bind>
</comp>

<comp id="356" class="1004" name="empty_27_fu_356">
<pin_list>
<pin id="357" dir="0" index="0" bw="40" slack="0"/>
<pin id="358" dir="0" index="1" bw="7" slack="1"/>
<pin id="359" dir="1" index="2" bw="40" slack="0"/>
</pin_list>
<bind>
<opcode="add(8) " fcode="add"/>
<opset="empty_27/2 "/>
</bind>
</comp>

<comp id="361" class="1004" name="tmp_9_fu_361">
<pin_list>
<pin id="362" dir="0" index="0" bw="42" slack="0"/>
<pin id="363" dir="0" index="1" bw="40" slack="0"/>
<pin id="364" dir="0" index="2" bw="1" slack="0"/>
<pin id="365" dir="1" index="3" bw="42" slack="0"/>
</pin_list>
<bind>
<opcode="bitconcatenate(1004) " fcode="bitconcatenate"/>
<opset="tmp_9/2 "/>
</bind>
</comp>

<comp id="369" class="1004" name="tmp_9_cast_fu_369">
<pin_list>
<pin id="370" dir="0" index="0" bw="42" slack="0"/>
<pin id="371" dir="1" index="1" bw="64" slack="0"/>
</pin_list>
<bind>
<opcode="sext(35) " fcode="sext"/>
<opset="tmp_9_cast/2 "/>
</bind>
</comp>

<comp id="373" class="1004" name="empty_28_fu_373">
<pin_list>
<pin id="374" dir="0" index="0" bw="42" slack="0"/>
<pin id="375" dir="0" index="1" bw="64" slack="1"/>
<pin id="376" dir="1" index="2" bw="64" slack="0"/>
</pin_list>
<bind>
<opcode="add(8) " fcode="add"/>
<opset="empty_28/2 "/>
</bind>
</comp>

<comp id="378" class="1004" name="trunc_ln2_fu_378">
<pin_list>
<pin id="379" dir="0" index="0" bw="62" slack="0"/>
<pin id="380" dir="0" index="1" bw="64" slack="0"/>
<pin id="381" dir="0" index="2" bw="3" slack="0"/>
<pin id="382" dir="0" index="3" bw="7" slack="0"/>
<pin id="383" dir="1" index="4" bw="62" slack="0"/>
</pin_list>
<bind>
<opcode="partselect(1002) " fcode="partselect"/>
<opset="trunc_ln2/2 "/>
</bind>
</comp>

<comp id="388" class="1004" name="sext_ln45_fu_388">
<pin_list>
<pin id="389" dir="0" index="0" bw="62" slack="0"/>
<pin id="390" dir="1" index="1" bw="64" slack="0"/>
</pin_list>
<bind>
<opcode="sext(35) " fcode="sext"/>
<opset="sext_ln45/2 "/>
</bind>
</comp>

<comp id="392" class="1004" name="gmem_addr_fu_392">
<pin_list>
<pin id="393" dir="0" index="0" bw="64" slack="0"/>
<pin id="394" dir="0" index="1" bw="64" slack="0"/>
<pin id="395" dir="1" index="2" bw="64" slack="1"/>
</pin_list>
<bind>
<opcode="getelementptr(29) " fcode="getelementptr"/>
<opset="gmem_addr/2 "/>
</bind>
</comp>

<comp id="398" class="1004" name="tmp_s_fu_398">
<pin_list>
<pin id="399" dir="0" index="0" bw="6" slack="0"/>
<pin id="400" dir="0" index="1" bw="4" slack="1"/>
<pin id="401" dir="0" index="2" bw="2" slack="1"/>
<pin id="402" dir="1" index="3" bw="6" slack="0"/>
</pin_list>
<bind>
<opcode="bitconcatenate(1004) " fcode="bitconcatenate"/>
<opset="tmp_s/2 "/>
</bind>
</comp>

<comp id="404" class="1004" name="zext_ln47_fu_404">
<pin_list>
<pin id="405" dir="0" index="0" bw="6" slack="0"/>
<pin id="406" dir="1" index="1" bw="64" slack="0"/>
</pin_list>
<bind>
<opcode="zext(34) " fcode="zext"/>
<opset="zext_ln47/2 "/>
</bind>
</comp>

<comp id="412" class="1004" name="tmp_fu_412">
<pin_list>
<pin id="413" dir="0" index="0" bw="32" slack="0"/>
<pin id="414" dir="0" index="1" bw="2" slack="0"/>
<pin id="415" dir="0" index="2" bw="32" slack="0"/>
<pin id="416" dir="0" index="3" bw="2" slack="0"/>
<pin id="417" dir="0" index="4" bw="32" slack="0"/>
<pin id="418" dir="0" index="5" bw="2" slack="0"/>
<pin id="419" dir="0" index="6" bw="32" slack="0"/>
<pin id="420" dir="0" index="7" bw="2" slack="0"/>
<pin id="421" dir="0" index="8" bw="32" slack="0"/>
<pin id="422" dir="0" index="9" bw="32" slack="0"/>
<pin id="423" dir="0" index="10" bw="2" slack="2"/>
<pin id="424" dir="1" index="11" bw="32" slack="1"/>
</pin_list>
<bind>
<opcode="sparsemux(1197) " fcode="sparsemux"/>
<opset="tmp/3 "/>
</bind>
</comp>

<comp id="435" class="1005" name="j_reg_435">
<pin_list>
<pin id="436" dir="0" index="0" bw="5" slack="0"/>
<pin id="437" dir="1" index="1" bw="5" slack="0"/>
</pin_list>
<bind>
<opset="j "/>
</bind>
</comp>

<comp id="442" class="1005" name="i_reg_442">
<pin_list>
<pin id="443" dir="0" index="0" bw="5" slack="0"/>
<pin id="444" dir="1" index="1" bw="5" slack="0"/>
</pin_list>
<bind>
<opset="i "/>
</bind>
</comp>

<comp id="449" class="1005" name="indvar_flatten20_reg_449">
<pin_list>
<pin id="450" dir="0" index="0" bw="9" slack="0"/>
<pin id="451" dir="1" index="1" bw="9" slack="0"/>
</pin_list>
<bind>
<opset="indvar_flatten20 "/>
</bind>
</comp>

<comp id="456" class="1005" name="out_r_read_reg_456">
<pin_list>
<pin id="457" dir="0" index="0" bw="64" slack="1"/>
<pin id="458" dir="1" index="1" bw="64" slack="1"/>
</pin_list>
<bind>
<opset="out_r_read "/>
</bind>
</comp>

<comp id="461" class="1005" name="dim_cast3846_cast_reg_461">
<pin_list>
<pin id="462" dir="0" index="0" bw="37" slack="1"/>
<pin id="463" dir="1" index="1" bw="37" slack="1"/>
</pin_list>
<bind>
<opset="dim_cast3846_cast "/>
</bind>
</comp>

<comp id="466" class="1005" name="zext_ln25_cast_reg_466">
<pin_list>
<pin id="467" dir="0" index="0" bw="40" slack="1"/>
<pin id="468" dir="1" index="1" bw="40" slack="1"/>
</pin_list>
<bind>
<opset="zext_ln25_cast "/>
</bind>
</comp>

<comp id="471" class="1005" name="p_cast_reg_471">
<pin_list>
<pin id="472" dir="0" index="0" bw="40" slack="1"/>
<pin id="473" dir="1" index="1" bw="40" slack="1"/>
</pin_list>
<bind>
<opset="p_cast "/>
</bind>
</comp>

<comp id="476" class="1005" name="icmp_ln44_reg_476">
<pin_list>
<pin id="477" dir="0" index="0" bw="1" slack="7"/>
<pin id="478" dir="1" index="1" bw="1" slack="2147483647"/>
</pin_list>
<bind>
<opset="icmp_ln44 "/>
</bind>
</comp>

<comp id="480" class="1005" name="select_ln44_1_reg_480">
<pin_list>
<pin id="481" dir="0" index="0" bw="5" slack="1"/>
<pin id="482" dir="1" index="1" bw="5" slack="1"/>
</pin_list>
<bind>
<opset="select_ln44_1 "/>
</bind>
</comp>

<comp id="485" class="1005" name="empty_25_reg_485">
<pin_list>
<pin id="486" dir="0" index="0" bw="4" slack="1"/>
<pin id="487" dir="1" index="1" bw="4" slack="1"/>
</pin_list>
<bind>
<opset="empty_25 "/>
</bind>
</comp>

<comp id="490" class="1005" name="first_iter_3_reg_490">
<pin_list>
<pin id="491" dir="0" index="0" bw="1" slack="2"/>
<pin id="492" dir="1" index="1" bw="1" slack="2147483647"/>
</pin_list>
<bind>
<opset="first_iter_3 "/>
</bind>
</comp>

<comp id="494" class="1005" name="trunc_ln45_reg_494">
<pin_list>
<pin id="495" dir="0" index="0" bw="2" slack="1"/>
<pin id="496" dir="1" index="1" bw="2" slack="2"/>
</pin_list>
<bind>
<opset="trunc_ln45 "/>
</bind>
</comp>

<comp id="499" class="1005" name="lshr_ln3_reg_499">
<pin_list>
<pin id="500" dir="0" index="0" bw="2" slack="1"/>
<pin id="501" dir="1" index="1" bw="2" slack="1"/>
</pin_list>
<bind>
<opset="lshr_ln3 "/>
</bind>
</comp>

<comp id="504" class="1005" name="icmp_ln45_1_reg_504">
<pin_list>
<pin id="505" dir="0" index="0" bw="1" slack="4"/>
<pin id="506" dir="1" index="1" bw="1" slack="2147483647"/>
</pin_list>
<bind>
<opset="icmp_ln45_1 "/>
</bind>
</comp>

<comp id="508" class="1005" name="gmem_addr_reg_508">
<pin_list>
<pin id="509" dir="0" index="0" bw="32" slack="1"/>
<pin id="510" dir="1" index="1" bw="32" slack="1"/>
</pin_list>
<bind>
<opset="gmem_addr "/>
</bind>
</comp>

<comp id="514" class="1005" name="tC_addr_reg_514">
<pin_list>
<pin id="515" dir="0" index="0" bw="6" slack="1"/>
<pin id="516" dir="1" index="1" bw="6" slack="1"/>
</pin_list>
<bind>
<opset="tC_addr "/>
</bind>
</comp>

<comp id="519" class="1005" name="tC_1_addr_reg_519">
<pin_list>
<pin id="520" dir="0" index="0" bw="6" slack="1"/>
<pin id="521" dir="1" index="1" bw="6" slack="1"/>
</pin_list>
<bind>
<opset="tC_1_addr "/>
</bind>
</comp>

<comp id="524" class="1005" name="tC_2_addr_reg_524">
<pin_list>
<pin id="525" dir="0" index="0" bw="6" slack="1"/>
<pin id="526" dir="1" index="1" bw="6" slack="1"/>
</pin_list>
<bind>
<opset="tC_2_addr "/>
</bind>
</comp>

<comp id="529" class="1005" name="tC_3_addr_reg_529">
<pin_list>
<pin id="530" dir="0" index="0" bw="6" slack="1"/>
<pin id="531" dir="1" index="1" bw="6" slack="1"/>
</pin_list>
<bind>
<opset="tC_3_addr "/>
</bind>
</comp>

<comp id="534" class="1005" name="tmp_reg_534">
<pin_list>
<pin id="535" dir="0" index="0" bw="32" slack="1"/>
<pin id="536" dir="1" index="1" bw="32" slack="1"/>
</pin_list>
<bind>
<opset="tmp "/>
</bind>
</comp>

</comp_list>

<net_list>
<net id="111"><net_src comp="18" pin="0"/><net_sink comp="108" pin=0"/></net>

<net id="115"><net_src comp="18" pin="0"/><net_sink comp="112" pin=0"/></net>

<net id="119"><net_src comp="18" pin="0"/><net_sink comp="116" pin=0"/></net>

<net id="124"><net_src comp="20" pin="0"/><net_sink comp="120" pin=0"/></net>

<net id="125"><net_src comp="16" pin="0"/><net_sink comp="120" pin=1"/></net>

<net id="130"><net_src comp="22" pin="0"/><net_sink comp="126" pin=0"/></net>

<net id="131"><net_src comp="14" pin="0"/><net_sink comp="126" pin=1"/></net>

<net id="136"><net_src comp="24" pin="0"/><net_sink comp="132" pin=0"/></net>

<net id="137"><net_src comp="12" pin="0"/><net_sink comp="132" pin=1"/></net>

<net id="142"><net_src comp="26" pin="0"/><net_sink comp="138" pin=0"/></net>

<net id="143"><net_src comp="10" pin="0"/><net_sink comp="138" pin=1"/></net>

<net id="149"><net_src comp="86" pin="0"/><net_sink comp="144" pin=0"/></net>

<net id="150"><net_src comp="88" pin="0"/><net_sink comp="144" pin=2"/></net>

<net id="157"><net_src comp="102" pin="0"/><net_sink comp="151" pin=0"/></net>

<net id="158"><net_src comp="104" pin="0"/><net_sink comp="151" pin=3"/></net>

<net id="159"><net_src comp="106" pin="0"/><net_sink comp="144" pin=0"/></net>

<net id="165"><net_src comp="2" pin="0"/><net_sink comp="160" pin=0"/></net>

<net id="166"><net_src comp="84" pin="0"/><net_sink comp="160" pin=1"/></net>

<net id="172"><net_src comp="4" pin="0"/><net_sink comp="167" pin=0"/></net>

<net id="173"><net_src comp="84" pin="0"/><net_sink comp="167" pin=1"/></net>

<net id="179"><net_src comp="6" pin="0"/><net_sink comp="174" pin=0"/></net>

<net id="180"><net_src comp="84" pin="0"/><net_sink comp="174" pin=1"/></net>

<net id="186"><net_src comp="8" pin="0"/><net_sink comp="181" pin=0"/></net>

<net id="187"><net_src comp="84" pin="0"/><net_sink comp="181" pin=1"/></net>

<net id="193"><net_src comp="160" pin="3"/><net_sink comp="188" pin=0"/></net>

<net id="199"><net_src comp="167" pin="3"/><net_sink comp="194" pin=0"/></net>

<net id="205"><net_src comp="174" pin="3"/><net_sink comp="200" pin=0"/></net>

<net id="211"><net_src comp="181" pin="3"/><net_sink comp="206" pin=0"/></net>

<net id="215"><net_src comp="138" pin="2"/><net_sink comp="212" pin=0"/></net>

<net id="219"><net_src comp="126" pin="2"/><net_sink comp="216" pin=0"/></net>

<net id="223"><net_src comp="132" pin="2"/><net_sink comp="220" pin=0"/></net>

<net id="228"><net_src comp="46" pin="0"/><net_sink comp="224" pin=0"/></net>

<net id="233"><net_src comp="48" pin="0"/><net_sink comp="229" pin=0"/></net>

<net id="238"><net_src comp="48" pin="0"/><net_sink comp="234" pin=0"/></net>

<net id="246"><net_src comp="239" pin="1"/><net_sink comp="242" pin=0"/></net>

<net id="247"><net_src comp="52" pin="0"/><net_sink comp="242" pin=1"/></net>

<net id="252"><net_src comp="239" pin="1"/><net_sink comp="248" pin=0"/></net>

<net id="253"><net_src comp="54" pin="0"/><net_sink comp="248" pin=1"/></net>

<net id="264"><net_src comp="257" pin="1"/><net_sink comp="260" pin=0"/></net>

<net id="265"><net_src comp="56" pin="0"/><net_sink comp="260" pin=1"/></net>

<net id="270"><net_src comp="254" pin="1"/><net_sink comp="266" pin=0"/></net>

<net id="271"><net_src comp="58" pin="0"/><net_sink comp="266" pin=1"/></net>

<net id="277"><net_src comp="266" pin="2"/><net_sink comp="272" pin=0"/></net>

<net id="278"><net_src comp="48" pin="0"/><net_sink comp="272" pin=1"/></net>

<net id="279"><net_src comp="254" pin="1"/><net_sink comp="272" pin=2"/></net>

<net id="285"><net_src comp="266" pin="2"/><net_sink comp="280" pin=0"/></net>

<net id="286"><net_src comp="260" pin="2"/><net_sink comp="280" pin=1"/></net>

<net id="287"><net_src comp="257" pin="1"/><net_sink comp="280" pin=2"/></net>

<net id="291"><net_src comp="280" pin="3"/><net_sink comp="288" pin=0"/></net>

<net id="296"><net_src comp="272" pin="3"/><net_sink comp="292" pin=0"/></net>

<net id="297"><net_src comp="48" pin="0"/><net_sink comp="292" pin=1"/></net>

<net id="301"><net_src comp="272" pin="3"/><net_sink comp="298" pin=0"/></net>

<net id="308"><net_src comp="60" pin="0"/><net_sink comp="302" pin=0"/></net>

<net id="309"><net_src comp="272" pin="3"/><net_sink comp="302" pin=1"/></net>

<net id="310"><net_src comp="62" pin="0"/><net_sink comp="302" pin=2"/></net>

<net id="311"><net_src comp="64" pin="0"/><net_sink comp="302" pin=3"/></net>

<net id="316"><net_src comp="272" pin="3"/><net_sink comp="312" pin=0"/></net>

<net id="317"><net_src comp="56" pin="0"/><net_sink comp="312" pin=1"/></net>

<net id="322"><net_src comp="312" pin="2"/><net_sink comp="318" pin=0"/></net>

<net id="323"><net_src comp="58" pin="0"/><net_sink comp="318" pin=1"/></net>

<net id="328"><net_src comp="248" pin="2"/><net_sink comp="324" pin=0"/></net>

<net id="333"><net_src comp="280" pin="3"/><net_sink comp="329" pin=0"/></net>

<net id="338"><net_src comp="312" pin="2"/><net_sink comp="334" pin=0"/></net>

<net id="346"><net_src comp="339" pin="1"/><net_sink comp="342" pin=0"/></net>

<net id="350"><net_src comp="342" pin="2"/><net_sink comp="347" pin=0"/></net>

<net id="355"><net_src comp="347" pin="1"/><net_sink comp="351" pin=1"/></net>

<net id="360"><net_src comp="351" pin="2"/><net_sink comp="356" pin=0"/></net>

<net id="366"><net_src comp="74" pin="0"/><net_sink comp="361" pin=0"/></net>

<net id="367"><net_src comp="356" pin="2"/><net_sink comp="361" pin=1"/></net>

<net id="368"><net_src comp="76" pin="0"/><net_sink comp="361" pin=2"/></net>

<net id="372"><net_src comp="361" pin="3"/><net_sink comp="369" pin=0"/></net>

<net id="377"><net_src comp="369" pin="1"/><net_sink comp="373" pin=0"/></net>

<net id="384"><net_src comp="78" pin="0"/><net_sink comp="378" pin=0"/></net>

<net id="385"><net_src comp="373" pin="2"/><net_sink comp="378" pin=1"/></net>

<net id="386"><net_src comp="62" pin="0"/><net_sink comp="378" pin=2"/></net>

<net id="387"><net_src comp="80" pin="0"/><net_sink comp="378" pin=3"/></net>

<net id="391"><net_src comp="378" pin="4"/><net_sink comp="388" pin=0"/></net>

<net id="396"><net_src comp="0" pin="0"/><net_sink comp="392" pin=0"/></net>

<net id="397"><net_src comp="388" pin="1"/><net_sink comp="392" pin=1"/></net>

<net id="403"><net_src comp="82" pin="0"/><net_sink comp="398" pin=0"/></net>

<net id="407"><net_src comp="398" pin="3"/><net_sink comp="404" pin=0"/></net>

<net id="408"><net_src comp="404" pin="1"/><net_sink comp="160" pin=2"/></net>

<net id="409"><net_src comp="404" pin="1"/><net_sink comp="167" pin=2"/></net>

<net id="410"><net_src comp="404" pin="1"/><net_sink comp="174" pin=2"/></net>

<net id="411"><net_src comp="404" pin="1"/><net_sink comp="181" pin=2"/></net>

<net id="425"><net_src comp="90" pin="0"/><net_sink comp="412" pin=0"/></net>

<net id="426"><net_src comp="76" pin="0"/><net_sink comp="412" pin=1"/></net>

<net id="427"><net_src comp="188" pin="3"/><net_sink comp="412" pin=2"/></net>

<net id="428"><net_src comp="92" pin="0"/><net_sink comp="412" pin=3"/></net>

<net id="429"><net_src comp="194" pin="3"/><net_sink comp="412" pin=4"/></net>

<net id="430"><net_src comp="94" pin="0"/><net_sink comp="412" pin=5"/></net>

<net id="431"><net_src comp="200" pin="3"/><net_sink comp="412" pin=6"/></net>

<net id="432"><net_src comp="96" pin="0"/><net_sink comp="412" pin=7"/></net>

<net id="433"><net_src comp="206" pin="3"/><net_sink comp="412" pin=8"/></net>

<net id="434"><net_src comp="98" pin="0"/><net_sink comp="412" pin=9"/></net>

<net id="438"><net_src comp="108" pin="1"/><net_sink comp="435" pin=0"/></net>

<net id="439"><net_src comp="435" pin="1"/><net_sink comp="234" pin=1"/></net>

<net id="440"><net_src comp="435" pin="1"/><net_sink comp="254" pin=0"/></net>

<net id="441"><net_src comp="435" pin="1"/><net_sink comp="334" pin=1"/></net>

<net id="445"><net_src comp="112" pin="1"/><net_sink comp="442" pin=0"/></net>

<net id="446"><net_src comp="442" pin="1"/><net_sink comp="229" pin=1"/></net>

<net id="447"><net_src comp="442" pin="1"/><net_sink comp="257" pin=0"/></net>

<net id="448"><net_src comp="442" pin="1"/><net_sink comp="329" pin=1"/></net>

<net id="452"><net_src comp="116" pin="1"/><net_sink comp="449" pin=0"/></net>

<net id="453"><net_src comp="449" pin="1"/><net_sink comp="224" pin=1"/></net>

<net id="454"><net_src comp="449" pin="1"/><net_sink comp="239" pin=0"/></net>

<net id="455"><net_src comp="449" pin="1"/><net_sink comp="324" pin=1"/></net>

<net id="459"><net_src comp="120" pin="2"/><net_sink comp="456" pin=0"/></net>

<net id="460"><net_src comp="456" pin="1"/><net_sink comp="373" pin=1"/></net>

<net id="464"><net_src comp="212" pin="1"/><net_sink comp="461" pin=0"/></net>

<net id="465"><net_src comp="461" pin="1"/><net_sink comp="342" pin=1"/></net>

<net id="469"><net_src comp="216" pin="1"/><net_sink comp="466" pin=0"/></net>

<net id="470"><net_src comp="466" pin="1"/><net_sink comp="356" pin=1"/></net>

<net id="474"><net_src comp="220" pin="1"/><net_sink comp="471" pin=0"/></net>

<net id="475"><net_src comp="471" pin="1"/><net_sink comp="351" pin=0"/></net>

<net id="479"><net_src comp="242" pin="2"/><net_sink comp="476" pin=0"/></net>

<net id="483"><net_src comp="280" pin="3"/><net_sink comp="480" pin=0"/></net>

<net id="484"><net_src comp="480" pin="1"/><net_sink comp="339" pin=0"/></net>

<net id="488"><net_src comp="288" pin="1"/><net_sink comp="485" pin=0"/></net>

<net id="489"><net_src comp="485" pin="1"/><net_sink comp="398" pin=1"/></net>

<net id="493"><net_src comp="292" pin="2"/><net_sink comp="490" pin=0"/></net>

<net id="497"><net_src comp="298" pin="1"/><net_sink comp="494" pin=0"/></net>

<net id="498"><net_src comp="494" pin="1"/><net_sink comp="412" pin=10"/></net>

<net id="502"><net_src comp="302" pin="4"/><net_sink comp="499" pin=0"/></net>

<net id="503"><net_src comp="499" pin="1"/><net_sink comp="398" pin=2"/></net>

<net id="507"><net_src comp="318" pin="2"/><net_sink comp="504" pin=0"/></net>

<net id="511"><net_src comp="392" pin="2"/><net_sink comp="508" pin=0"/></net>

<net id="512"><net_src comp="508" pin="1"/><net_sink comp="144" pin=1"/></net>

<net id="513"><net_src comp="508" pin="1"/><net_sink comp="151" pin=1"/></net>

<net id="517"><net_src comp="160" pin="3"/><net_sink comp="514" pin=0"/></net>

<net id="518"><net_src comp="514" pin="1"/><net_sink comp="188" pin=0"/></net>

<net id="522"><net_src comp="167" pin="3"/><net_sink comp="519" pin=0"/></net>

<net id="523"><net_src comp="519" pin="1"/><net_sink comp="194" pin=0"/></net>

<net id="527"><net_src comp="174" pin="3"/><net_sink comp="524" pin=0"/></net>

<net id="528"><net_src comp="524" pin="1"/><net_sink comp="200" pin=0"/></net>

<net id="532"><net_src comp="181" pin="3"/><net_sink comp="529" pin=0"/></net>

<net id="533"><net_src comp="529" pin="1"/><net_sink comp="206" pin=0"/></net>

<net id="537"><net_src comp="412" pin="11"/><net_sink comp="534" pin=0"/></net>

<net id="538"><net_src comp="534" pin="1"/><net_sink comp="151" pin=2"/></net>

</net_list>

</model> 
---------------- Datapath Model END ------------------

* FSMD analyzer results:
  - Output states:
	Port: gmem | {3 4 5 6 7 8 9 }
 - Input state : 
	Port: mmult_hw_Pipeline_store_i_store_j : gmem | {}
	Port: mmult_hw_Pipeline_store_i_store_j : tC | {2 3 }
	Port: mmult_hw_Pipeline_store_i_store_j : tC_1 | {2 3 }
	Port: mmult_hw_Pipeline_store_i_store_j : tC_2 | {2 3 }
	Port: mmult_hw_Pipeline_store_i_store_j : tC_3 | {2 3 }
	Port: mmult_hw_Pipeline_store_i_store_j : dim_cast3846 | {1 }
	Port: mmult_hw_Pipeline_store_i_store_j : empty | {1 }
	Port: mmult_hw_Pipeline_store_i_store_j : zext_ln25 | {1 }
	Port: mmult_hw_Pipeline_store_i_store_j : out_r | {1 }
  - Chain level:
	State 1
		store_ln0 : 1
		store_ln44 : 1
		store_ln45 : 1
		indvar_flatten20_load : 1
		icmp_ln44 : 2
		add_ln44_1 : 2
		br_ln44 : 3
		j_load : 1
		i_load : 1
		add_ln44 : 2
		icmp_ln45 : 2
		select_ln44 : 3
		select_ln44_1 : 3
		empty_25 : 4
		first_iter_3 : 4
		br_ln45 : 5
		trunc_ln45 : 4
		lshr_ln3 : 4
		add_ln45 : 4
		icmp_ln45_1 : 5
		br_ln45 : 6
		store_ln44 : 3
		store_ln44 : 4
		store_ln45 : 5
	State 2
		empty_26 : 1
		p_cast1 : 2
		tmp3843 : 3
		empty_27 : 4
		tmp_9 : 5
		tmp_9_cast : 6
		empty_28 : 7
		trunc_ln2 : 8
		sext_ln45 : 9
		gmem_addr : 10
		zext_ln47 : 1
		tC_addr : 2
		tC_1_addr : 2
		tC_2_addr : 2
		tC_3_addr : 2
		tC_load : 3
		tC_1_load : 3
		tC_2_load : 3
		tC_3_load : 3
	State 3
		tmp : 1
	State 4
	State 5
	State 6
	State 7
	State 8
	State 9


============================================================
+ Verbose Summary: Datapath Resource usage 
============================================================

* Functional unit list:
|----------|-------------------------------|---------|---------|---------|
| Operation|        Functional Unit        |   DSP   |    FF   |   LUT   |
|----------|-------------------------------|---------|---------|---------|
|          |       add_ln44_1_fu_248       |    0    |    0    |    16   |
|          |        add_ln44_fu_260        |    0    |    0    |    12   |
|    add   |        add_ln45_fu_312        |    0    |    0    |    12   |
|          |         tmp3843_fu_351        |    0    |    0    |    39   |
|          |        empty_27_fu_356        |    0    |    0    |    40   |
|          |        empty_28_fu_373        |    0    |    0    |    71   |
|----------|-------------------------------|---------|---------|---------|
|          |        icmp_ln44_fu_242       |    0    |    0    |    16   |
|   icmp   |        icmp_ln45_fu_266       |    0    |    0    |    12   |
|          |      first_iter_3_fu_292      |    0    |    0    |    12   |
|          |       icmp_ln45_1_fu_318      |    0    |    0    |    12   |
|----------|-------------------------------|---------|---------|---------|
|    mul   |        empty_26_fu_342        |    2    |    0    |    20   |
|----------|-------------------------------|---------|---------|---------|
| sparsemux|           tmp_fu_412          |    0    |    0    |    20   |
|----------|-------------------------------|---------|---------|---------|
|  select  |       select_ln44_fu_272      |    0    |    0    |    5    |
|          |      select_ln44_1_fu_280     |    0    |    0    |    5    |
|----------|-------------------------------|---------|---------|---------|
|          |     out_r_read_read_fu_120    |    0    |    0    |    0    |
|   read   |   zext_ln25_read_read_fu_126  |    0    |    0    |    0    |
|          |       tmp_1_read_fu_132       |    0    |    0    |    0    |
|          | dim_cast3846_read_read_fu_138 |    0    |    0    |    0    |
|----------|-------------------------------|---------|---------|---------|
| writeresp|      grp_writeresp_fu_144     |    0    |    0    |    0    |
|----------|-------------------------------|---------|---------|---------|
|   write  |    write_ln47_write_fu_151    |    0    |    0    |    0    |
|----------|-------------------------------|---------|---------|---------|
|          |    dim_cast3846_cast_fu_212   |    0    |    0    |    0    |
|          |         p_cast_fu_220         |    0    |    0    |    0    |
|   sext   |         p_cast1_fu_347        |    0    |    0    |    0    |
|          |       tmp_9_cast_fu_369       |    0    |    0    |    0    |
|          |        sext_ln45_fu_388       |    0    |    0    |    0    |
|----------|-------------------------------|---------|---------|---------|
|          |     zext_ln25_cast_fu_216     |    0    |    0    |    0    |
|   zext   |        zext_ln44_fu_339       |    0    |    0    |    0    |
|          |        zext_ln47_fu_404       |    0    |    0    |    0    |
|----------|-------------------------------|---------|---------|---------|
|   trunc  |        empty_25_fu_288        |    0    |    0    |    0    |
|          |       trunc_ln45_fu_298       |    0    |    0    |    0    |
|----------|-------------------------------|---------|---------|---------|
|partselect|        lshr_ln3_fu_302        |    0    |    0    |    0    |
|          |        trunc_ln2_fu_378       |    0    |    0    |    0    |
|----------|-------------------------------|---------|---------|---------|
|bitconcatenate|          tmp_9_fu_361         |    0    |    0    |    0    |
|          |          tmp_s_fu_398         |    0    |    0    |    0    |
|----------|-------------------------------|---------|---------|---------|
|   Total  |                               |    2    |    0    |   292   |
|----------|-------------------------------|---------|---------|---------|

Memories:
N/A

* Register list:
+-------------------------+--------+
|                         |   FF   |
+-------------------------+--------+
|dim_cast3846_cast_reg_461|   37   |
|     empty_25_reg_485    |    4   |
|   first_iter_3_reg_490  |    1   |
|    gmem_addr_reg_508    |   32   |
|        i_reg_442        |    5   |
|    icmp_ln44_reg_476    |    1   |
|   icmp_ln45_1_reg_504   |    1   |
| indvar_flatten20_reg_449|    9   |
|        j_reg_435        |    5   |
|     lshr_ln3_reg_499    |    2   |
|    out_r_read_reg_456   |   64   |
|      p_cast_reg_471     |   40   |
|  select_ln44_1_reg_480  |    5   |
|    tC_1_addr_reg_519    |    6   |
|    tC_2_addr_reg_524    |    6   |
|    tC_3_addr_reg_529    |    6   |
|     tC_addr_reg_514     |    6   |
|       tmp_reg_534       |   32   |
|    trunc_ln45_reg_494   |    2   |
|  zext_ln25_cast_reg_466 |   40   |
+-------------------------+--------+
|          Total          |   304  |
+-------------------------+--------+

* Multiplexer (MUX) list: 
|----------------------|------|------|------|--------||---------||---------||---------|
|         Comp         |  Pin | Size |  BW  | S x BW ||  Delay  ||    FF   ||   LUT   |
|----------------------|------|------|------|--------||---------||---------||---------|
| grp_writeresp_fu_144 |  p0  |   2  |   1  |    2   |
|   grp_access_fu_188  |  p0  |   2  |   6  |   12   ||    0    ||    9    |
|   grp_access_fu_194  |  p0  |   2  |   6  |   12   ||    0    ||    9    |
|   grp_access_fu_200  |  p0  |   2  |   6  |   12   ||    0    ||    9    |
|   grp_access_fu_206  |  p0  |   2  |   6  |   12   ||    0    ||    9    |
|----------------------|------|------|------|--------||---------||---------||---------|
|         Total        |      |      |      |   50   ||  2.445  ||    0    ||    36   |
|----------------------|------|------|------|--------||---------||---------||---------|



* Summary:
+-----------+--------+--------+--------+--------+
|           |   DSP  |  Delay |   FF   |   LUT  |
+-----------+--------+--------+--------+--------+
|  Function |    2   |    -   |    0   |   292  |
|   Memory  |    -   |    -   |    -   |    -   |
|Multiplexer|    -   |    2   |    0   |   36   |
|  Register |    -   |    -   |   304  |    -   |
+-----------+--------+--------+--------+--------+
|   Total   |    2   |    2   |   304  |   328  |
+-----------+--------+--------+--------+--------+
