

================================================================
== Vitis HLS Report for 'mmult_hw'
================================================================
* Date:           Wed Feb 18 15:53:10 2026

* Version:        2024.1 (Build 5069499 on May 21 2024)
* Project:        matmul_D5_Unroll_Inner
* Solution:       hls (Vivado IP Flow Target)
* Product family: zynquplus
* Target device:  xczu3eg-sbva484-1-e


================================================================
== Performance Estimates
================================================================
+ Timing: 
    * Summary: 
    +--------+----------+----------+------------+
    |  Clock |  Target  | Estimated| Uncertainty|
    +--------+----------+----------+------------+
    |ap_clk  |  10.00 ns|  7.300 ns|     2.70 ns|
    +--------+----------+----------+------------+

+ Latency: 
    * Summary: 
    +----------+----------+-----------+-----------+----------+----------+---------+
    |   Latency (cycles)  |   Latency (absolute)  |       Interval      | Pipeline|
    |    min   |    max   |    min    |    max    |    min   |    max   |   Type  |
    +----------+----------+-----------+-----------+----------+----------+---------+
    |  25493505|  25493505|  0.255 sec|  0.255 sec|  25493506|  25493506|       no|
    +----------+----------+-----------+-----------+----------+----------+---------+

    + Detail: 
        * Instance: 
        N/A

        * Loop: 
        +---------------+----------+----------+----------+-----------+-----------+-------+----------+
        |               |   Latency (cycles)  | Iteration|  Initiation Interval  |  Trip |          |
        |   Loop Name   |    min   |    max   |  Latency |  achieved |   target  | Count | Pipelined|
        +---------------+----------+----------+----------+-----------+-----------+-------+----------+
        |- loop1_loop2  |  25493504|  25493504|      1556|          -|          -|  16384|        no|
        | + loop3       |      1536|      1536|        12|          -|          -|    128|        no|
        +---------------+----------+----------+----------+-----------+-----------+-------+----------+



================================================================
== Utilization Estimates
================================================================
* Summary: 
+-----------------+---------+-----+--------+-------+-----+
|       Name      | BRAM_18K| DSP |   FF   |  LUT  | URAM|
+-----------------+---------+-----+--------+-------+-----+
|DSP              |        -|    -|       -|      -|    -|
|Expression       |        -|    -|       0|    927|    -|
|FIFO             |        -|    -|       -|      -|    -|
|Instance         |        4|   15|    1108|   1251|    0|
|Memory           |        -|    -|       -|      -|    -|
|Multiplexer      |        -|    -|       0|    271|    -|
|Register         |        -|    -|    1364|      -|    -|
+-----------------+---------+-----+--------+-------+-----+
|Total            |        4|   15|    2472|   2449|    0|
+-----------------+---------+-----+--------+-------+-----+
|Available        |      432|  360|  141120|  70560|    0|
+-----------------+---------+-----+--------+-------+-----+
|Utilization (%)  |       ~0|    4|       1|      3|    0|
+-----------------+---------+-----+--------+-------+-----+

+ Detail: 
    * Instance: 
    +-------------------------+----------------------+---------+----+-----+-----+-----+
    |         Instance        |        Module        | BRAM_18K| DSP|  FF | LUT | URAM|
    +-------------------------+----------------------+---------+----+-----+-----+-----+
    |CTRL_s_axi_U             |CTRL_s_axi            |        0|   0|  284|  488|    0|
    |gmem_m_axi_U             |gmem_m_axi            |        4|   0|  824|  683|    0|
    |mul_31ns_32ns_62_1_1_U1  |mul_31ns_32ns_62_1_1  |        0|   4|    0|   20|    0|
    |mul_31ns_32s_62_1_1_U2   |mul_31ns_32s_62_1_1   |        0|   4|    0|   20|    0|
    |mul_32ns_32ns_64_1_1_U3  |mul_32ns_32ns_64_1_1  |        0|   4|    0|   20|    0|
    |mul_32s_32s_32_1_1_U4    |mul_32s_32s_32_1_1    |        0|   3|    0|   20|    0|
    +-------------------------+----------------------+---------+----+-----+-----+-----+
    |Total                    |                      |        4|  15| 1108| 1251|    0|
    +-------------------------+----------------------+---------+----+-----+-----+-----+

    * DSP: 
    N/A

    * Memory: 
    N/A

    * FIFO: 
    N/A

    * Expression: 
    +-------------------------+----------+----+---+----+------------+------------+
    |      Variable Name      | Operation| DSP| FF| LUT| Bitwidth P0| Bitwidth P1|
    +-------------------------+----------+----+---+----+------------+------------+
    |add_ln15_1_fu_324_p2     |         +|   0|  0|  71|          64|          64|
    |add_ln15_2_fu_297_p2     |         +|   0|  0|  38|          31|           1|
    |add_ln15_fu_272_p2       |         +|   0|  0|  71|          64|           1|
    |add_ln17_fu_457_p2       |         +|   0|  0|  39|          32|           1|
    |add_ln19_fu_389_p2       |         +|   0|  0|  39|          32|           1|
    |add_ln22_1_fu_419_p2     |         +|   0|  0|  69|          62|          62|
    |add_ln22_2_fu_432_p2     |         +|   0|  0|  71|          64|          64|
    |add_ln22_3_fu_475_p2     |         +|   0|  0|  39|          32|          32|
    |add_ln22_4_fu_414_p2     |         +|   0|  0|  69|          62|          62|
    |add_ln22_fu_399_p2       |         +|   0|  0|  70|          63|          63|
    |empty_19_fu_356_p2       |         +|   0|  0|  71|          64|          64|
    |empty_fu_342_p2          |         +|   0|  0|  69|          62|          62|
    |icmp_ln15_fu_267_p2      |      icmp|   0|  0|  71|          64|          64|
    |icmp_ln17_fu_284_p2      |      icmp|   0|  0|  39|          32|          32|
    |icmp_ln19_fu_384_p2      |      icmp|   0|  0|  39|          32|          32|
    |select_ln15_1_fu_303_p3  |    select|   0|  0|  30|           1|          31|
    |select_ln15_fu_289_p3    |    select|   0|  0|  32|           1|           1|
    +-------------------------+----------+----+---+----+------------+------------+
    |Total                    |          |   0|  0| 927|         762|         637|
    +-------------------------+----------+----+---+----+------------+------------+

    * Multiplexer: 
    +-----------------------+-----+-----------+-----+-----------+
    |          Name         | LUT | Input Size| Bits| Total Bits|
    +-----------------------+-----+-----------+-----+-----------+
    |add187_reg_197         |    9|          2|   32|         64|
    |ap_NS_fsm              |  152|         33|    1|         33|
    |gmem_ARADDR            |   20|          4|   64|        256|
    |gmem_blk_n_AR          |    9|          2|    1|          2|
    |gmem_blk_n_AW          |    9|          2|    1|          2|
    |gmem_blk_n_B           |    9|          2|    1|          2|
    |gmem_blk_n_R           |    9|          2|    1|          2|
    |gmem_blk_n_W           |    9|          2|    1|          2|
    |i_fu_108               |    9|          2|   31|         62|
    |indvar_flatten_fu_112  |    9|          2|   64|        128|
    |j_fu_104               |    9|          2|   32|         64|
    |k_reg_186              |    9|          2|   32|         64|
    |phi_mul_reg_208        |    9|          2|   62|        124|
    +-----------------------+-----+-----------+-----+-----------+
    |Total                  |  271|         59|  323|        805|
    +-----------------------+-----+-----------+-----+-----------+

    * Register: 
    +--------------------------+----+----+-----+-----------+
    |           Name           | FF | LUT| Bits| Const Bits|
    +--------------------------+----+----+-----+-----------+
    |add187_reg_197            |  32|   0|   32|          0|
    |add_ln15_reg_542          |  64|   0|   64|          0|
    |add_ln19_reg_593          |  32|   0|   32|          0|
    |add_ln22_4_reg_604        |  62|   0|   62|          0|
    |ap_CS_fsm                 |  32|   0|   32|          0|
    |dim_cast3_reg_529         |  32|   0|   62|         30|
    |dim_cast_reg_523          |  62|   0|   62|          0|
    |dim_read_reg_502          |  32|   0|   32|          0|
    |gmem_addr_1_read_reg_615  |  32|   0|   32|          0|
    |gmem_addr_1_reg_598       |  64|   0|   64|          0|
    |gmem_addr_2_read_reg_620  |  32|   0|   32|          0|
    |gmem_addr_2_reg_609       |  64|   0|   64|          0|
    |gmem_addr_read_reg_580    |  32|   0|   32|          0|
    |gmem_addr_reg_573         |  64|   0|   64|          0|
    |i_fu_108                  |  31|   0|   31|          0|
    |in1_read_reg_518          |  64|   0|   64|          0|
    |in2_read_reg_513          |  64|   0|   64|          0|
    |indvar_flatten_fu_112     |  64|   0|   64|          0|
    |j_fu_104                  |  32|   0|   32|          0|
    |k_reg_186                 |  32|   0|   32|          0|
    |mul_ln7_reg_534           |  64|   0|   64|          0|
    |out_r_read_reg_508        |  64|   0|   64|          0|
    |phi_mul_reg_208           |  62|   0|   62|          0|
    |select_ln15_1_reg_553     |  31|   0|   31|          0|
    |select_ln15_reg_547       |  32|   0|   32|          0|
    |sext_ln15_reg_585         |  63|   0|   63|          0|
    |sext_ln17_mid2_v_reg_563  |  62|   0|   62|          0|
    |zext_ln15_reg_558         |  31|   0|   62|         31|
    |zext_ln17_reg_568         |  32|   0|   62|         30|
    +--------------------------+----+----+-----+-----------+
    |Total                     |1364|   0| 1455|         91|
    +--------------------------+----+----+-----+-----------+



================================================================
== Interface
================================================================
* Summary: 
+---------------------+-----+-----+------------+--------------+--------------+
|      RTL Ports      | Dir | Bits|  Protocol  | Source Object|    C Type    |
+---------------------+-----+-----+------------+--------------+--------------+
|s_axi_CTRL_AWVALID   |   in|    1|       s_axi|          CTRL|        scalar|
|s_axi_CTRL_AWREADY   |  out|    1|       s_axi|          CTRL|        scalar|
|s_axi_CTRL_AWADDR    |   in|    6|       s_axi|          CTRL|        scalar|
|s_axi_CTRL_WVALID    |   in|    1|       s_axi|          CTRL|        scalar|
|s_axi_CTRL_WREADY    |  out|    1|       s_axi|          CTRL|        scalar|
|s_axi_CTRL_WDATA     |   in|   32|       s_axi|          CTRL|        scalar|
|s_axi_CTRL_WSTRB     |   in|    4|       s_axi|          CTRL|        scalar|
|s_axi_CTRL_ARVALID   |   in|    1|       s_axi|          CTRL|        scalar|
|s_axi_CTRL_ARREADY   |  out|    1|       s_axi|          CTRL|        scalar|
|s_axi_CTRL_ARADDR    |   in|    6|       s_axi|          CTRL|        scalar|
|s_axi_CTRL_RVALID    |  out|    1|       s_axi|          CTRL|        scalar|
|s_axi_CTRL_RREADY    |   in|    1|       s_axi|          CTRL|        scalar|
|s_axi_CTRL_RDATA     |  out|   32|       s_axi|          CTRL|        scalar|
|s_axi_CTRL_RRESP     |  out|    2|       s_axi|          CTRL|        scalar|
|s_axi_CTRL_BVALID    |  out|    1|       s_axi|          CTRL|        scalar|
|s_axi_CTRL_BREADY    |   in|    1|       s_axi|          CTRL|        scalar|
|s_axi_CTRL_BRESP     |  out|    2|       s_axi|          CTRL|        scalar|
|ap_clk               |   in|    1|  ap_ctrl_hs|      mmult_hw|  return value|
|ap_rst_n             |   in|    1|  ap_ctrl_hs|      mmult_hw|  return value|
|interrupt            |  out|    1|  ap_ctrl_hs|      mmult_hw|  return value|
|m_axi_gmem_AWVALID   |  out|    1|       m_axi|          gmem|       pointer|
|m_axi_gmem_AWREADY   |   in|    1|       m_axi|          gmem|       pointer|
|m_axi_gmem_AWADDR    |  out|   64|       m_axi|          gmem|       pointer|
|m_axi_gmem_AWID      |  out|    1|       m_axi|          gmem|       pointer|
|m_axi_gmem_AWLEN     |  out|    8|       m_axi|          gmem|       pointer|
|m_axi_gmem_AWSIZE    |  out|    3|       m_axi|          gmem|       pointer|
|m_axi_gmem_AWBURST   |  out|    2|       m_axi|          gmem|       pointer|
|m_axi_gmem_AWLOCK    |  out|    2|       m_axi|          gmem|       pointer|
|m_axi_gmem_AWCACHE   |  out|    4|       m_axi|          gmem|       pointer|
|m_axi_gmem_AWPROT    |  out|    3|       m_axi|          gmem|       pointer|
|m_axi_gmem_AWQOS     |  out|    4|       m_axi|          gmem|       pointer|
|m_axi_gmem_AWREGION  |  out|    4|       m_axi|          gmem|       pointer|
|m_axi_gmem_AWUSER    |  out|    1|       m_axi|          gmem|       pointer|
|m_axi_gmem_WVALID    |  out|    1|       m_axi|          gmem|       pointer|
|m_axi_gmem_WREADY    |   in|    1|       m_axi|          gmem|       pointer|
|m_axi_gmem_WDATA     |  out|   32|       m_axi|          gmem|       pointer|
|m_axi_gmem_WSTRB     |  out|    4|       m_axi|          gmem|       pointer|
|m_axi_gmem_WLAST     |  out|    1|       m_axi|          gmem|       pointer|
|m_axi_gmem_WID       |  out|    1|       m_axi|          gmem|       pointer|
|m_axi_gmem_WUSER     |  out|    1|       m_axi|          gmem|       pointer|
|m_axi_gmem_ARVALID   |  out|    1|       m_axi|          gmem|       pointer|
|m_axi_gmem_ARREADY   |   in|    1|       m_axi|          gmem|       pointer|
|m_axi_gmem_ARADDR    |  out|   64|       m_axi|          gmem|       pointer|
|m_axi_gmem_ARID      |  out|    1|       m_axi|          gmem|       pointer|
|m_axi_gmem_ARLEN     |  out|    8|       m_axi|          gmem|       pointer|
|m_axi_gmem_ARSIZE    |  out|    3|       m_axi|          gmem|       pointer|
|m_axi_gmem_ARBURST   |  out|    2|       m_axi|          gmem|       pointer|
|m_axi_gmem_ARLOCK    |  out|    2|       m_axi|          gmem|       pointer|
|m_axi_gmem_ARCACHE   |  out|    4|       m_axi|          gmem|       pointer|
|m_axi_gmem_ARPROT    |  out|    3|       m_axi|          gmem|       pointer|
|m_axi_gmem_ARQOS     |  out|    4|       m_axi|          gmem|       pointer|
|m_axi_gmem_ARREGION  |  out|    4|       m_axi|          gmem|       pointer|
|m_axi_gmem_ARUSER    |  out|    1|       m_axi|          gmem|       pointer|
|m_axi_gmem_RVALID    |   in|    1|       m_axi|          gmem|       pointer|
|m_axi_gmem_RREADY    |  out|    1|       m_axi|          gmem|       pointer|
|m_axi_gmem_RDATA     |   in|   32|       m_axi|          gmem|       pointer|
|m_axi_gmem_RLAST     |   in|    1|       m_axi|          gmem|       pointer|
|m_axi_gmem_RID       |   in|    1|       m_axi|          gmem|       pointer|
|m_axi_gmem_RUSER     |   in|    1|       m_axi|          gmem|       pointer|
|m_axi_gmem_RRESP     |   in|    2|       m_axi|          gmem|       pointer|
|m_axi_gmem_BVALID    |   in|    1|       m_axi|          gmem|       pointer|
|m_axi_gmem_BREADY    |  out|    1|       m_axi|          gmem|       pointer|
|m_axi_gmem_BRESP     |   in|    2|       m_axi|          gmem|       pointer|
|m_axi_gmem_BID       |   in|    1|       m_axi|          gmem|       pointer|
|m_axi_gmem_BUSER     |   in|    1|       m_axi|          gmem|       pointer|
+---------------------+-----+-----+------------+--------------+--------------+

============================================================
+ Verbose Summary: Synthesis Manager
============================================================
InlineROM: 1
ExposeGlobal: 0
============================================================
+ Verbose Summary: CDFG Model
============================================================
IsTopModel: 1
ResetActiveHigh: 1
IsCombinational: 2
IsDatapathOnly: 2
HasWiredReturn: 1
HasMFsm: 0
HasVarLatency: 1
IsPipeline: 0
IsRtlPipelined: 0
IsInstanceOverlapped: 0
IsDontTouch: 0
HasImplIP: 0
IsGatedGlobalClock: 0


============================================================
+ Verbose Summary: Schedule
============================================================
* Number of FSM states : 32
* Pipeline : 0
* Dataflow Pipeline: 0

* FSM state transitions: 
1 --> 2 
2 --> 3 
3 --> 4 
4 --> 5 
5 --> 6 
6 --> 7 
7 --> 8 
8 --> 9 
9 --> 10 
10 --> 11 
11 --> 12 
12 --> 13 
13 --> 14 
14 --> 15 26 
15 --> 16 
16 --> 17 
17 --> 18 
18 --> 19 
19 --> 20 
20 --> 21 
21 --> 22 
22 --> 23 
23 --> 24 
24 --> 25 
25 --> 14 
26 --> 27 
27 --> 28 
28 --> 29 
29 --> 30 
30 --> 31 
31 --> 32 
32 --> 2 

* FSM state operations: 

State 1 <SV = 0> <Delay = 4.88>
ST_1 : Operation 33 [1/1] (0.00ns)   --->   "%j = alloca i32 1" [mmult_baseline.cpp:17]   --->   Operation 33 'alloca' 'j' <Predicate = true> <Delay = 0.00>
ST_1 : Operation 34 [1/1] (0.00ns)   --->   "%i = alloca i32 1" [mmult_baseline.cpp:15]   --->   Operation 34 'alloca' 'i' <Predicate = true> <Delay = 0.00>
ST_1 : Operation 35 [1/1] (0.00ns)   --->   "%indvar_flatten = alloca i32 1"   --->   Operation 35 'alloca' 'indvar_flatten' <Predicate = true> <Delay = 0.00>
ST_1 : Operation 36 [1/1] (0.00ns)   --->   "%spectopmodule_ln7 = spectopmodule void @_ssdm_op_SpecTopModule, void @empty_12" [mmult_baseline.cpp:7]   --->   Operation 36 'spectopmodule' 'spectopmodule_ln7' <Predicate = true> <Delay = 0.00>
ST_1 : Operation 37 [1/1] (0.00ns)   --->   "%specinterface_ln0 = specinterface void @_ssdm_op_SpecInterface, i32 %gmem, void @empty, i32 0, i32 0, void @empty_0, i32 0, i32 16384, void @empty_1, void @empty_2, void @empty_0, i32 16, i32 16, i32 16, i32 16, void @empty_0, void @empty_0, i32 4294967295, i32 0, i32 0"   --->   Operation 37 'specinterface' 'specinterface_ln0' <Predicate = true> <Delay = 0.00>
ST_1 : Operation 38 [1/1] (0.00ns)   --->   "%specbitsmap_ln0 = specbitsmap void @_ssdm_op_SpecBitsMap, i32 %gmem"   --->   Operation 38 'specbitsmap' 'specbitsmap_ln0' <Predicate = true> <Delay = 0.00>
ST_1 : Operation 39 [1/1] (0.00ns)   --->   "%specinterface_ln0 = specinterface void @_ssdm_op_SpecInterface, i64 %in1, void @empty_3, i32 0, i32 0, void @empty_0, i32 0, i32 0, void @empty_4, void @empty_5, void @empty_0, i32 0, i32 0, i32 0, i32 0, void @empty_0, void @empty_6, i32 4294967295, i32 0, i32 0"   --->   Operation 39 'specinterface' 'specinterface_ln0' <Predicate = true> <Delay = 0.00>
ST_1 : Operation 40 [1/1] (0.00ns)   --->   "%specinterface_ln0 = specinterface void @_ssdm_op_SpecInterface, i64 %in1, void @empty_7, i32 0, i32 0, void @empty_0, i32 0, i32 0, void @empty_0, void @empty_0, void @empty_0, i32 0, i32 0, i32 0, i32 0, void @empty_0, void @empty_6, i32 4294967295, i32 0, i32 0"   --->   Operation 40 'specinterface' 'specinterface_ln0' <Predicate = true> <Delay = 0.00>
ST_1 : Operation 41 [1/1] (0.00ns)   --->   "%specinterface_ln0 = specinterface void @_ssdm_op_SpecInterface, i64 %in2, void @empty_3, i32 0, i32 0, void @empty_0, i32 0, i32 0, void @empty_4, void @empty_8, void @empty_0, i32 0, i32 0, i32 0, i32 0, void @empty_0, void @empty_6, i32 4294967295, i32 0, i32 0"   --->   Operation 41 'specinterface' 'specinterface_ln0' <Predicate = true> <Delay = 0.00>
ST_1 : Operation 42 [1/1] (0.00ns)   --->   "%specinterface_ln0 = specinterface void @_ssdm_op_SpecInterface, i64 %in2, void @empty_7, i32 0, i32 0, void @empty_0, i32 0, i32 0, void @empty_0, void @empty_0, void @empty_0, i32 0, i32 0, i32 0, i32 0, void @empty_0, void @empty_6, i32 4294967295, i32 0, i32 0"   --->   Operation 42 'specinterface' 'specinterface_ln0' <Predicate = true> <Delay = 0.00>
ST_1 : Operation 43 [1/1] (0.00ns)   --->   "%specinterface_ln0 = specinterface void @_ssdm_op_SpecInterface, i64 %out_r, void @empty_3, i32 0, i32 0, void @empty_0, i32 0, i32 0, void @empty_4, void @empty_9, void @empty_0, i32 0, i32 0, i32 0, i32 0, void @empty_0, void @empty_6, i32 4294967295, i32 0, i32 0"   --->   Operation 43 'specinterface' 'specinterface_ln0' <Predicate = true> <Delay = 0.00>
ST_1 : Operation 44 [1/1] (0.00ns)   --->   "%specinterface_ln0 = specinterface void @_ssdm_op_SpecInterface, i64 %out_r, void @empty_7, i32 0, i32 0, void @empty_0, i32 0, i32 0, void @empty_0, void @empty_0, void @empty_0, i32 0, i32 0, i32 0, i32 0, void @empty_0, void @empty_6, i32 4294967295, i32 0, i32 0"   --->   Operation 44 'specinterface' 'specinterface_ln0' <Predicate = true> <Delay = 0.00>
ST_1 : Operation 45 [1/1] (0.00ns)   --->   "%specbitsmap_ln0 = specbitsmap void @_ssdm_op_SpecBitsMap, i32 %dim"   --->   Operation 45 'specbitsmap' 'specbitsmap_ln0' <Predicate = true> <Delay = 0.00>
ST_1 : Operation 46 [1/1] (0.00ns)   --->   "%specinterface_ln0 = specinterface void @_ssdm_op_SpecInterface, i32 %dim, void @empty_3, i32 4294967295, i32 4294967295, void @empty_10, i32 0, i32 0, void @empty_4, void @empty_11, void @empty_0, i32 0, i32 0, i32 0, i32 0, void @empty_0, void @empty_0, i32 4294967295, i32 0, i32 0"   --->   Operation 46 'specinterface' 'specinterface_ln0' <Predicate = true> <Delay = 0.00>
ST_1 : Operation 47 [1/1] (0.00ns)   --->   "%specinterface_ln0 = specinterface void @_ssdm_op_SpecInterface, i32 %dim, void @empty_7, i32 4294967295, i32 4294967295, void @empty_0, i32 0, i32 0, void @empty_0, void @empty_0, void @empty_0, i32 0, i32 0, i32 0, i32 0, void @empty_0, void @empty_0, i32 4294967295, i32 0, i32 0"   --->   Operation 47 'specinterface' 'specinterface_ln0' <Predicate = true> <Delay = 0.00>
ST_1 : Operation 48 [1/1] (0.00ns)   --->   "%specinterface_ln0 = specinterface void @_ssdm_op_SpecInterface, i32 0, void @empty_3, i32 0, i32 0, void @empty_0, i32 0, i32 0, void @empty_4, void @empty_0, void @empty_0, i32 0, i32 0, i32 0, i32 0, void @empty_0, void @empty_0, i32 4294967295, i32 0, i32 0"   --->   Operation 48 'specinterface' 'specinterface_ln0' <Predicate = true> <Delay = 0.00>
ST_1 : Operation 49 [1/1] (1.00ns)   --->   "%dim_read = read i32 @_ssdm_op_Read.s_axilite.i32, i32 %dim" [mmult_baseline.cpp:7]   --->   Operation 49 'read' 'dim_read' <Predicate = true> <Delay = 1.00> <CoreInst = "s_axilite">   --->   Core 120 's_axilite' <Latency = 0> <II = 1> <Delay = 1.00> <Adapter> <Opcode : 'read' 'write'>
ST_1 : Operation 50 [1/1] (1.00ns)   --->   "%out_r_read = read i64 @_ssdm_op_Read.s_axilite.i64, i64 %out_r" [mmult_baseline.cpp:7]   --->   Operation 50 'read' 'out_r_read' <Predicate = true> <Delay = 1.00> <CoreInst = "s_axilite">   --->   Core 120 's_axilite' <Latency = 0> <II = 1> <Delay = 1.00> <Adapter> <Opcode : 'read' 'write'>
ST_1 : Operation 51 [1/1] (1.00ns)   --->   "%in2_read = read i64 @_ssdm_op_Read.s_axilite.i64, i64 %in2" [mmult_baseline.cpp:7]   --->   Operation 51 'read' 'in2_read' <Predicate = true> <Delay = 1.00> <CoreInst = "s_axilite">   --->   Core 120 's_axilite' <Latency = 0> <II = 1> <Delay = 1.00> <Adapter> <Opcode : 'read' 'write'>
ST_1 : Operation 52 [1/1] (1.00ns)   --->   "%in1_read = read i64 @_ssdm_op_Read.s_axilite.i64, i64 %in1" [mmult_baseline.cpp:7]   --->   Operation 52 'read' 'in1_read' <Predicate = true> <Delay = 1.00> <CoreInst = "s_axilite">   --->   Core 120 's_axilite' <Latency = 0> <II = 1> <Delay = 1.00> <Adapter> <Opcode : 'read' 'write'>
ST_1 : Operation 53 [1/1] (0.00ns)   --->   "%dim_cast = sext i32 %dim_read" [mmult_baseline.cpp:7]   --->   Operation 53 'sext' 'dim_cast' <Predicate = true> <Delay = 0.00>
ST_1 : Operation 54 [1/1] (0.00ns)   --->   "%dim_cast3 = zext i32 %dim_read" [mmult_baseline.cpp:7]   --->   Operation 54 'zext' 'dim_cast3' <Predicate = true> <Delay = 0.00>
ST_1 : Operation 55 [1/1] (0.00ns)   --->   "%zext_ln7 = zext i32 %dim_read" [mmult_baseline.cpp:7]   --->   Operation 55 'zext' 'zext_ln7' <Predicate = true> <Delay = 0.00>
ST_1 : Operation 56 [1/1] (3.88ns)   --->   "%mul_ln7 = mul i64 %zext_ln7, i64 %zext_ln7" [mmult_baseline.cpp:7]   --->   Operation 56 'mul' 'mul_ln7' <Predicate = true> <Delay = 3.88> <CoreInst = "Multiplier">   --->   Core 3 'Multiplier' <Latency = 0> <II = 1> <Delay = 3.88> <FuncUnit> <Opcode : 'mul'> <InPorts = 2> <OutPorts = 1>
ST_1 : Operation 57 [1/1] (0.48ns)   --->   "%store_ln0 = store i64 0, i64 %indvar_flatten"   --->   Operation 57 'store' 'store_ln0' <Predicate = true> <Delay = 0.48>
ST_1 : Operation 58 [1/1] (0.48ns)   --->   "%store_ln15 = store i31 0, i31 %i" [mmult_baseline.cpp:15]   --->   Operation 58 'store' 'store_ln15' <Predicate = true> <Delay = 0.48>
ST_1 : Operation 59 [1/1] (0.48ns)   --->   "%store_ln17 = store i32 0, i32 %j" [mmult_baseline.cpp:17]   --->   Operation 59 'store' 'store_ln17' <Predicate = true> <Delay = 0.48>
ST_1 : Operation 60 [1/1] (0.00ns)   --->   "%br_ln15 = br void %loop3" [mmult_baseline.cpp:15]   --->   Operation 60 'br' 'br_ln15' <Predicate = true> <Delay = 0.00>

State 2 <SV = 1> <Delay = 7.04>
ST_2 : Operation 61 [1/1] (0.00ns)   --->   "%indvar_flatten_load = load i64 %indvar_flatten" [mmult_baseline.cpp:15]   --->   Operation 61 'load' 'indvar_flatten_load' <Predicate = true> <Delay = 0.00>
ST_2 : Operation 62 [1/1] (1.47ns)   --->   "%icmp_ln15 = icmp_eq  i64 %indvar_flatten_load, i64 %mul_ln7" [mmult_baseline.cpp:15]   --->   Operation 62 'icmp' 'icmp_ln15' <Predicate = true> <Delay = 1.47> <CoreInst = "Cmp">   --->   Core 9 'Cmp' <Latency = 0> <II = 1> <Delay = 1.47> <FuncUnit> <Opcode : 'seteq' 'setne' 'setle' 'setge' 'setlt' 'setgt'> <InPorts = 2> <OutPorts = 1>
ST_2 : Operation 63 [1/1] (1.47ns)   --->   "%add_ln15 = add i64 %indvar_flatten_load, i64 1" [mmult_baseline.cpp:15]   --->   Operation 63 'add' 'add_ln15' <Predicate = true> <Delay = 1.47> <CoreInst = "Adder">   --->   Core 1 'Adder' <Latency = 0> <II = 1> <Delay = 1.47> <FuncUnit> <Opcode : 'add' 'sub'> <InPorts = 2> <OutPorts = 1>
ST_2 : Operation 64 [1/1] (0.00ns)   --->   "%br_ln15 = br i1 %icmp_ln15, void %for.inc22, void %for.end24.loopexit" [mmult_baseline.cpp:15]   --->   Operation 64 'br' 'br_ln15' <Predicate = true> <Delay = 0.00>
ST_2 : Operation 65 [1/1] (0.00ns)   --->   "%j_load = load i32 %j" [mmult_baseline.cpp:17]   --->   Operation 65 'load' 'j_load' <Predicate = (!icmp_ln15)> <Delay = 0.00>
ST_2 : Operation 66 [1/1] (0.00ns)   --->   "%i_load = load i31 %i" [mmult_baseline.cpp:15]   --->   Operation 66 'load' 'i_load' <Predicate = (!icmp_ln15)> <Delay = 0.00>
ST_2 : Operation 67 [1/1] (1.20ns)   --->   "%icmp_ln17 = icmp_eq  i32 %j_load, i32 %dim_read" [mmult_baseline.cpp:17]   --->   Operation 67 'icmp' 'icmp_ln17' <Predicate = (!icmp_ln15)> <Delay = 1.20> <CoreInst = "Cmp">   --->   Core 9 'Cmp' <Latency = 0> <II = 1> <Delay = 1.20> <FuncUnit> <Opcode : 'seteq' 'setne' 'setle' 'setge' 'setlt' 'setgt'> <InPorts = 2> <OutPorts = 1>
ST_2 : Operation 68 [1/1] (0.52ns)   --->   "%select_ln15 = select i1 %icmp_ln17, i32 0, i32 %j_load" [mmult_baseline.cpp:15]   --->   Operation 68 'select' 'select_ln15' <Predicate = (!icmp_ln15)> <Delay = 0.52> <CoreInst = "Sel">   --->   Core 73 'Sel' <Latency = 0> <II = 1> <Delay = 0.52> <FuncUnit> <Opcode : 'select'> <InPorts = 3> <OutPorts = 1>
ST_2 : Operation 69 [1/1] (1.19ns)   --->   "%add_ln15_2 = add i31 %i_load, i31 1" [mmult_baseline.cpp:15]   --->   Operation 69 'add' 'add_ln15_2' <Predicate = (!icmp_ln15)> <Delay = 1.19> <CoreInst = "Adder">   --->   Core 1 'Adder' <Latency = 0> <II = 1> <Delay = 1.19> <FuncUnit> <Opcode : 'add' 'sub'> <InPorts = 2> <OutPorts = 1>
ST_2 : Operation 70 [1/1] (0.49ns)   --->   "%select_ln15_1 = select i1 %icmp_ln17, i31 %add_ln15_2, i31 %i_load" [mmult_baseline.cpp:15]   --->   Operation 70 'select' 'select_ln15_1' <Predicate = (!icmp_ln15)> <Delay = 0.49> <CoreInst = "Sel">   --->   Core 73 'Sel' <Latency = 0> <II = 1> <Delay = 0.49> <FuncUnit> <Opcode : 'select'> <InPorts = 3> <OutPorts = 1>
ST_2 : Operation 71 [1/1] (0.00ns)   --->   "%zext_ln15 = zext i31 %select_ln15_1" [mmult_baseline.cpp:15]   --->   Operation 71 'zext' 'zext_ln15' <Predicate = (!icmp_ln15)> <Delay = 0.00>
ST_2 : Operation 72 [1/1] (3.88ns)   --->   "%mul_ln15_1 = mul i62 %zext_ln15, i62 %dim_cast3" [mmult_baseline.cpp:15]   --->   Operation 72 'mul' 'mul_ln15_1' <Predicate = (!icmp_ln15)> <Delay = 3.88> <CoreInst = "Multiplier">   --->   Core 3 'Multiplier' <Latency = 0> <II = 1> <Delay = 3.88> <FuncUnit> <Opcode : 'mul'> <InPorts = 2> <OutPorts = 1>
ST_2 : Operation 73 [1/1] (0.00ns)   --->   "%sext_ln17_mid2_v_v_v_v = bitconcatenate i64 @_ssdm_op_BitConcatenate.i64.i62.i2, i62 %mul_ln15_1, i2 0" [mmult_baseline.cpp:15]   --->   Operation 73 'bitconcatenate' 'sext_ln17_mid2_v_v_v_v' <Predicate = (!icmp_ln15)> <Delay = 0.00>
ST_2 : Operation 74 [1/1] (1.47ns)   --->   "%add_ln15_1 = add i64 %sext_ln17_mid2_v_v_v_v, i64 %in1_read" [mmult_baseline.cpp:15]   --->   Operation 74 'add' 'add_ln15_1' <Predicate = (!icmp_ln15)> <Delay = 1.47> <CoreInst = "Adder">   --->   Core 1 'Adder' <Latency = 0> <II = 1> <Delay = 1.47> <FuncUnit> <Opcode : 'add' 'sub'> <InPorts = 2> <OutPorts = 1>
ST_2 : Operation 75 [1/1] (0.00ns)   --->   "%sext_ln17_mid2_v = partselect i62 @_ssdm_op_PartSelect.i62.i64.i32.i32, i64 %add_ln15_1, i32 2, i32 63" [mmult_baseline.cpp:15]   --->   Operation 75 'partselect' 'sext_ln17_mid2_v' <Predicate = (!icmp_ln15)> <Delay = 0.00>
ST_2 : Operation 76 [1/1] (0.00ns)   --->   "%ret_ln26 = ret" [mmult_baseline.cpp:26]   --->   Operation 76 'ret' 'ret_ln26' <Predicate = (icmp_ln15)> <Delay = 0.00>

State 3 <SV = 2> <Delay = 6.79>
ST_3 : Operation 77 [1/1] (3.88ns)   --->   "%mul_ln15 = mul i62 %zext_ln15, i62 %dim_cast" [mmult_baseline.cpp:15]   --->   Operation 77 'mul' 'mul_ln15' <Predicate = true> <Delay = 3.88> <CoreInst = "Multiplier">   --->   Core 3 'Multiplier' <Latency = 0> <II = 1> <Delay = 3.88> <FuncUnit> <Opcode : 'mul'> <InPorts = 2> <OutPorts = 1>
ST_3 : Operation 78 [1/1] (0.00ns)   --->   "%zext_ln17 = zext i32 %select_ln15" [mmult_baseline.cpp:17]   --->   Operation 78 'zext' 'zext_ln17' <Predicate = true> <Delay = 0.00>
ST_3 : Operation 79 [1/1] (1.44ns)   --->   "%empty = add i62 %zext_ln17, i62 %mul_ln15" [mmult_baseline.cpp:17]   --->   Operation 79 'add' 'empty' <Predicate = true> <Delay = 1.44> <CoreInst = "Adder">   --->   Core 1 'Adder' <Latency = 0> <II = 1> <Delay = 1.44> <FuncUnit> <Opcode : 'add' 'sub'> <InPorts = 2> <OutPorts = 1>
ST_3 : Operation 80 [1/1] (0.00ns)   --->   "%tmp = bitconcatenate i64 @_ssdm_op_BitConcatenate.i64.i62.i2, i62 %empty, i2 0" [mmult_baseline.cpp:17]   --->   Operation 80 'bitconcatenate' 'tmp' <Predicate = true> <Delay = 0.00>
ST_3 : Operation 81 [1/1] (1.47ns)   --->   "%empty_19 = add i64 %tmp, i64 %out_r_read" [mmult_baseline.cpp:17]   --->   Operation 81 'add' 'empty_19' <Predicate = true> <Delay = 1.47> <CoreInst = "Adder">   --->   Core 1 'Adder' <Latency = 0> <II = 1> <Delay = 1.47> <FuncUnit> <Opcode : 'add' 'sub'> <InPorts = 2> <OutPorts = 1>
ST_3 : Operation 82 [1/1] (0.00ns)   --->   "%trunc_ln = partselect i62 @_ssdm_op_PartSelect.i62.i64.i32.i32, i64 %empty_19, i32 2, i32 63" [mmult_baseline.cpp:22]   --->   Operation 82 'partselect' 'trunc_ln' <Predicate = true> <Delay = 0.00>
ST_3 : Operation 83 [1/1] (0.00ns)   --->   "%sext_ln22 = sext i62 %trunc_ln" [mmult_baseline.cpp:22]   --->   Operation 83 'sext' 'sext_ln22' <Predicate = true> <Delay = 0.00>
ST_3 : Operation 84 [1/1] (0.00ns)   --->   "%gmem_addr = getelementptr i32 %gmem, i64 %sext_ln22" [mmult_baseline.cpp:22]   --->   Operation 84 'getelementptr' 'gmem_addr' <Predicate = true> <Delay = 0.00>

State 4 <SV = 3> <Delay = 7.30>
ST_4 : Operation 85 [8/8] (7.30ns)   --->   "%gmem_load_req = readreq i1 @_ssdm_op_ReadReq.m_axi.i32P1A, i64 %gmem_addr, i64 1" [mmult_baseline.cpp:22]   --->   Operation 85 'readreq' 'gmem_load_req' <Predicate = true> <Delay = 7.30> <CoreInst = "m_axi">   --->   Core 119 'm_axi' <Latency = 0> <II = 1> <Delay = 1.00> <Adapter> <Opcode : 'read' 'write' 'readreq' 'writereq' 'writeresp'>

State 5 <SV = 4> <Delay = 7.30>
ST_5 : Operation 86 [7/8] (7.30ns)   --->   "%gmem_load_req = readreq i1 @_ssdm_op_ReadReq.m_axi.i32P1A, i64 %gmem_addr, i64 1" [mmult_baseline.cpp:22]   --->   Operation 86 'readreq' 'gmem_load_req' <Predicate = true> <Delay = 7.30> <CoreInst = "m_axi">   --->   Core 119 'm_axi' <Latency = 0> <II = 1> <Delay = 1.00> <Adapter> <Opcode : 'read' 'write' 'readreq' 'writereq' 'writeresp'>

State 6 <SV = 5> <Delay = 7.30>
ST_6 : Operation 87 [6/8] (7.30ns)   --->   "%gmem_load_req = readreq i1 @_ssdm_op_ReadReq.m_axi.i32P1A, i64 %gmem_addr, i64 1" [mmult_baseline.cpp:22]   --->   Operation 87 'readreq' 'gmem_load_req' <Predicate = true> <Delay = 7.30> <CoreInst = "m_axi">   --->   Core 119 'm_axi' <Latency = 0> <II = 1> <Delay = 1.00> <Adapter> <Opcode : 'read' 'write' 'readreq' 'writereq' 'writeresp'>

State 7 <SV = 6> <Delay = 7.30>
ST_7 : Operation 88 [5/8] (7.30ns)   --->   "%gmem_load_req = readreq i1 @_ssdm_op_ReadReq.m_axi.i32P1A, i64 %gmem_addr, i64 1" [mmult_baseline.cpp:22]   --->   Operation 88 'readreq' 'gmem_load_req' <Predicate = true> <Delay = 7.30> <CoreInst = "m_axi">   --->   Core 119 'm_axi' <Latency = 0> <II = 1> <Delay = 1.00> <Adapter> <Opcode : 'read' 'write' 'readreq' 'writereq' 'writeresp'>

State 8 <SV = 7> <Delay = 7.30>
ST_8 : Operation 89 [4/8] (7.30ns)   --->   "%gmem_load_req = readreq i1 @_ssdm_op_ReadReq.m_axi.i32P1A, i64 %gmem_addr, i64 1" [mmult_baseline.cpp:22]   --->   Operation 89 'readreq' 'gmem_load_req' <Predicate = true> <Delay = 7.30> <CoreInst = "m_axi">   --->   Core 119 'm_axi' <Latency = 0> <II = 1> <Delay = 1.00> <Adapter> <Opcode : 'read' 'write' 'readreq' 'writereq' 'writeresp'>

State 9 <SV = 8> <Delay = 7.30>
ST_9 : Operation 90 [3/8] (7.30ns)   --->   "%gmem_load_req = readreq i1 @_ssdm_op_ReadReq.m_axi.i32P1A, i64 %gmem_addr, i64 1" [mmult_baseline.cpp:22]   --->   Operation 90 'readreq' 'gmem_load_req' <Predicate = true> <Delay = 7.30> <CoreInst = "m_axi">   --->   Core 119 'm_axi' <Latency = 0> <II = 1> <Delay = 1.00> <Adapter> <Opcode : 'read' 'write' 'readreq' 'writereq' 'writeresp'>

State 10 <SV = 9> <Delay = 7.30>
ST_10 : Operation 91 [2/8] (7.30ns)   --->   "%gmem_load_req = readreq i1 @_ssdm_op_ReadReq.m_axi.i32P1A, i64 %gmem_addr, i64 1" [mmult_baseline.cpp:22]   --->   Operation 91 'readreq' 'gmem_load_req' <Predicate = true> <Delay = 7.30> <CoreInst = "m_axi">   --->   Core 119 'm_axi' <Latency = 0> <II = 1> <Delay = 1.00> <Adapter> <Opcode : 'read' 'write' 'readreq' 'writereq' 'writeresp'>

State 11 <SV = 10> <Delay = 7.30>
ST_11 : Operation 92 [1/8] (7.30ns)   --->   "%gmem_load_req = readreq i1 @_ssdm_op_ReadReq.m_axi.i32P1A, i64 %gmem_addr, i64 1" [mmult_baseline.cpp:22]   --->   Operation 92 'readreq' 'gmem_load_req' <Predicate = true> <Delay = 7.30> <CoreInst = "m_axi">   --->   Core 119 'm_axi' <Latency = 0> <II = 1> <Delay = 1.00> <Adapter> <Opcode : 'read' 'write' 'readreq' 'writereq' 'writeresp'>

State 12 <SV = 11> <Delay = 7.30>
ST_12 : Operation 93 [1/1] (7.30ns)   --->   "%gmem_addr_read = read i32 @_ssdm_op_Read.m_axi.i32P1A, i64 %gmem_addr" [mmult_baseline.cpp:22]   --->   Operation 93 'read' 'gmem_addr_read' <Predicate = true> <Delay = 7.30> <CoreInst = "m_axi">   --->   Core 119 'm_axi' <Latency = 0> <II = 1> <Delay = 1.00> <Adapter> <Opcode : 'read' 'write' 'readreq' 'writereq' 'writeresp'>

State 13 <SV = 12> <Delay = 0.48>
ST_13 : Operation 94 [1/1] (0.00ns)   --->   "%specloopname_ln0 = specloopname void @_ssdm_op_SpecLoopName, void @loop1_loop2_str"   --->   Operation 94 'specloopname' 'specloopname_ln0' <Predicate = true> <Delay = 0.00>
ST_13 : Operation 95 [1/1] (0.00ns)   --->   "%speclooptripcount_ln0 = speclooptripcount void @_ssdm_op_SpecLoopTripCount, i64 16384, i64 16384, i64 16384"   --->   Operation 95 'speclooptripcount' 'speclooptripcount_ln0' <Predicate = true> <Delay = 0.00>
ST_13 : Operation 96 [1/1] (0.00ns)   --->   "%sext_ln15 = sext i62 %sext_ln17_mid2_v" [mmult_baseline.cpp:15]   --->   Operation 96 'sext' 'sext_ln15' <Predicate = true> <Delay = 0.00>
ST_13 : Operation 97 [1/1] (0.00ns)   --->   "%specpipeline_ln17 = specpipeline void @_ssdm_op_SpecPipeline, i32 4294967295, i32 0, i32 0, i32 0, void @empty_0" [mmult_baseline.cpp:17]   --->   Operation 97 'specpipeline' 'specpipeline_ln17' <Predicate = true> <Delay = 0.00>
ST_13 : Operation 98 [1/1] (0.48ns)   --->   "%br_ln19 = br void %for.inc" [mmult_baseline.cpp:19]   --->   Operation 98 'br' 'br_ln19' <Predicate = true> <Delay = 0.48>

State 14 <SV = 13> <Delay = 2.91>
ST_14 : Operation 99 [1/1] (0.00ns)   --->   "%k = phi i32 0, void %for.inc22, i32 %add_ln19, void %for.inc.split" [mmult_baseline.cpp:19]   --->   Operation 99 'phi' 'k' <Predicate = true> <Delay = 0.00>
ST_14 : Operation 100 [1/1] (0.00ns)   --->   "%add187 = phi i32 %gmem_addr_read, void %for.inc22, i32 %add_ln22_3, void %for.inc.split" [mmult_baseline.cpp:22]   --->   Operation 100 'phi' 'add187' <Predicate = true> <Delay = 0.00>
ST_14 : Operation 101 [1/1] (0.00ns)   --->   "%phi_mul = phi i62 0, void %for.inc22, i62 %add_ln22_4, void %for.inc.split" [mmult_baseline.cpp:22]   --->   Operation 101 'phi' 'phi_mul' <Predicate = true> <Delay = 0.00>
ST_14 : Operation 102 [1/1] (1.20ns)   --->   "%icmp_ln19 = icmp_eq  i32 %k, i32 %dim_read" [mmult_baseline.cpp:19]   --->   Operation 102 'icmp' 'icmp_ln19' <Predicate = true> <Delay = 1.20> <CoreInst = "Cmp">   --->   Core 9 'Cmp' <Latency = 0> <II = 1> <Delay = 1.20> <FuncUnit> <Opcode : 'seteq' 'setne' 'setle' 'setge' 'setlt' 'setgt'> <InPorts = 2> <OutPorts = 1>
ST_14 : Operation 103 [1/1] (1.20ns)   --->   "%add_ln19 = add i32 %k, i32 1" [mmult_baseline.cpp:19]   --->   Operation 103 'add' 'add_ln19' <Predicate = true> <Delay = 1.20> <CoreInst = "Adder">   --->   Core 1 'Adder' <Latency = 0> <II = 1> <Delay = 1.20> <FuncUnit> <Opcode : 'add' 'sub'> <InPorts = 2> <OutPorts = 1>
ST_14 : Operation 104 [1/1] (0.00ns)   --->   "%br_ln19 = br i1 %icmp_ln19, void %for.inc.split, void %for.cond5.for.inc19_crit_edge" [mmult_baseline.cpp:19]   --->   Operation 104 'br' 'br_ln19' <Predicate = true> <Delay = 0.00>
ST_14 : Operation 105 [1/1] (0.00ns)   --->   "%zext_ln19 = zext i32 %k" [mmult_baseline.cpp:19]   --->   Operation 105 'zext' 'zext_ln19' <Predicate = (!icmp_ln19)> <Delay = 0.00>
ST_14 : Operation 106 [1/1] (1.44ns)   --->   "%add_ln22 = add i63 %zext_ln19, i63 %sext_ln15" [mmult_baseline.cpp:22]   --->   Operation 106 'add' 'add_ln22' <Predicate = (!icmp_ln19)> <Delay = 1.44> <CoreInst = "Adder">   --->   Core 1 'Adder' <Latency = 0> <II = 1> <Delay = 1.45> <FuncUnit> <Opcode : 'add' 'sub'> <InPorts = 2> <OutPorts = 1>
ST_14 : Operation 107 [1/1] (0.00ns)   --->   "%sext_ln22_2 = sext i63 %add_ln22" [mmult_baseline.cpp:22]   --->   Operation 107 'sext' 'sext_ln22_2' <Predicate = (!icmp_ln19)> <Delay = 0.00>
ST_14 : Operation 108 [1/1] (0.00ns)   --->   "%gmem_addr_1 = getelementptr i32 %gmem, i64 %sext_ln22_2" [mmult_baseline.cpp:22]   --->   Operation 108 'getelementptr' 'gmem_addr_1' <Predicate = (!icmp_ln19)> <Delay = 0.00>
ST_14 : Operation 109 [1/1] (1.44ns)   --->   "%add_ln22_4 = add i62 %phi_mul, i62 %dim_cast" [mmult_baseline.cpp:22]   --->   Operation 109 'add' 'add_ln22_4' <Predicate = (!icmp_ln19)> <Delay = 1.44> <CoreInst = "Adder">   --->   Core 1 'Adder' <Latency = 0> <II = 1> <Delay = 1.44> <FuncUnit> <Opcode : 'add' 'sub'> <InPorts = 2> <OutPorts = 1>
ST_14 : Operation 110 [1/1] (1.44ns)   --->   "%add_ln22_1 = add i62 %phi_mul, i62 %zext_ln17" [mmult_baseline.cpp:22]   --->   Operation 110 'add' 'add_ln22_1' <Predicate = (!icmp_ln19)> <Delay = 1.44> <CoreInst = "Adder">   --->   Core 1 'Adder' <Latency = 0> <II = 1> <Delay = 1.44> <FuncUnit> <Opcode : 'add' 'sub'> <InPorts = 2> <OutPorts = 1>
ST_14 : Operation 111 [1/1] (0.00ns)   --->   "%shl_ln = bitconcatenate i64 @_ssdm_op_BitConcatenate.i64.i62.i2, i62 %add_ln22_1, i2 0" [mmult_baseline.cpp:22]   --->   Operation 111 'bitconcatenate' 'shl_ln' <Predicate = (!icmp_ln19)> <Delay = 0.00>
ST_14 : Operation 112 [1/1] (1.47ns)   --->   "%add_ln22_2 = add i64 %shl_ln, i64 %in2_read" [mmult_baseline.cpp:22]   --->   Operation 112 'add' 'add_ln22_2' <Predicate = (!icmp_ln19)> <Delay = 1.47> <CoreInst = "Adder">   --->   Core 1 'Adder' <Latency = 0> <II = 1> <Delay = 1.47> <FuncUnit> <Opcode : 'add' 'sub'> <InPorts = 2> <OutPorts = 1>
ST_14 : Operation 113 [1/1] (0.00ns)   --->   "%trunc_ln22_1 = partselect i62 @_ssdm_op_PartSelect.i62.i64.i32.i32, i64 %add_ln22_2, i32 2, i32 63" [mmult_baseline.cpp:22]   --->   Operation 113 'partselect' 'trunc_ln22_1' <Predicate = (!icmp_ln19)> <Delay = 0.00>
ST_14 : Operation 114 [1/1] (0.00ns)   --->   "%sext_ln22_1 = sext i62 %trunc_ln22_1" [mmult_baseline.cpp:22]   --->   Operation 114 'sext' 'sext_ln22_1' <Predicate = (!icmp_ln19)> <Delay = 0.00>
ST_14 : Operation 115 [1/1] (0.00ns)   --->   "%gmem_addr_2 = getelementptr i32 %gmem, i64 %sext_ln22_1" [mmult_baseline.cpp:22]   --->   Operation 115 'getelementptr' 'gmem_addr_2' <Predicate = (!icmp_ln19)> <Delay = 0.00>
ST_14 : Operation 116 [1/1] (1.20ns)   --->   "%add_ln17 = add i32 %select_ln15, i32 1" [mmult_baseline.cpp:17]   --->   Operation 116 'add' 'add_ln17' <Predicate = (icmp_ln19)> <Delay = 1.20> <CoreInst = "Adder">   --->   Core 1 'Adder' <Latency = 0> <II = 1> <Delay = 1.20> <FuncUnit> <Opcode : 'add' 'sub'> <InPorts = 2> <OutPorts = 1>
ST_14 : Operation 117 [1/1] (0.48ns)   --->   "%store_ln15 = store i64 %add_ln15, i64 %indvar_flatten" [mmult_baseline.cpp:15]   --->   Operation 117 'store' 'store_ln15' <Predicate = (icmp_ln19)> <Delay = 0.48>
ST_14 : Operation 118 [1/1] (0.48ns)   --->   "%store_ln15 = store i31 %select_ln15_1, i31 %i" [mmult_baseline.cpp:15]   --->   Operation 118 'store' 'store_ln15' <Predicate = (icmp_ln19)> <Delay = 0.48>
ST_14 : Operation 119 [1/1] (0.48ns)   --->   "%store_ln17 = store i32 %add_ln17, i32 %j" [mmult_baseline.cpp:17]   --->   Operation 119 'store' 'store_ln17' <Predicate = (icmp_ln19)> <Delay = 0.48>

State 15 <SV = 14> <Delay = 7.30>
ST_15 : Operation 120 [8/8] (7.30ns)   --->   "%gmem_load_1_req = readreq i1 @_ssdm_op_ReadReq.m_axi.i32P1A, i64 %gmem_addr_1, i64 1" [mmult_baseline.cpp:22]   --->   Operation 120 'readreq' 'gmem_load_1_req' <Predicate = true> <Delay = 7.30> <CoreInst = "m_axi">   --->   Core 119 'm_axi' <Latency = 0> <II = 1> <Delay = 1.00> <Adapter> <Opcode : 'read' 'write' 'readreq' 'writereq' 'writeresp'>

State 16 <SV = 15> <Delay = 7.30>
ST_16 : Operation 121 [7/8] (7.30ns)   --->   "%gmem_load_1_req = readreq i1 @_ssdm_op_ReadReq.m_axi.i32P1A, i64 %gmem_addr_1, i64 1" [mmult_baseline.cpp:22]   --->   Operation 121 'readreq' 'gmem_load_1_req' <Predicate = true> <Delay = 7.30> <CoreInst = "m_axi">   --->   Core 119 'm_axi' <Latency = 0> <II = 1> <Delay = 1.00> <Adapter> <Opcode : 'read' 'write' 'readreq' 'writereq' 'writeresp'>
ST_16 : Operation 122 [8/8] (7.30ns)   --->   "%gmem_load_2_req = readreq i1 @_ssdm_op_ReadReq.m_axi.i32P1A, i64 %gmem_addr_2, i64 1" [mmult_baseline.cpp:22]   --->   Operation 122 'readreq' 'gmem_load_2_req' <Predicate = true> <Delay = 7.30> <CoreInst = "m_axi">   --->   Core 119 'm_axi' <Latency = 0> <II = 1> <Delay = 1.00> <Adapter> <Opcode : 'read' 'write' 'readreq' 'writereq' 'writeresp'>

State 17 <SV = 16> <Delay = 7.30>
ST_17 : Operation 123 [6/8] (7.30ns)   --->   "%gmem_load_1_req = readreq i1 @_ssdm_op_ReadReq.m_axi.i32P1A, i64 %gmem_addr_1, i64 1" [mmult_baseline.cpp:22]   --->   Operation 123 'readreq' 'gmem_load_1_req' <Predicate = true> <Delay = 7.30> <CoreInst = "m_axi">   --->   Core 119 'm_axi' <Latency = 0> <II = 1> <Delay = 1.00> <Adapter> <Opcode : 'read' 'write' 'readreq' 'writereq' 'writeresp'>
ST_17 : Operation 124 [7/8] (7.30ns)   --->   "%gmem_load_2_req = readreq i1 @_ssdm_op_ReadReq.m_axi.i32P1A, i64 %gmem_addr_2, i64 1" [mmult_baseline.cpp:22]   --->   Operation 124 'readreq' 'gmem_load_2_req' <Predicate = true> <Delay = 7.30> <CoreInst = "m_axi">   --->   Core 119 'm_axi' <Latency = 0> <II = 1> <Delay = 1.00> <Adapter> <Opcode : 'read' 'write' 'readreq' 'writereq' 'writeresp'>

State 18 <SV = 17> <Delay = 7.30>
ST_18 : Operation 125 [5/8] (7.30ns)   --->   "%gmem_load_1_req = readreq i1 @_ssdm_op_ReadReq.m_axi.i32P1A, i64 %gmem_addr_1, i64 1" [mmult_baseline.cpp:22]   --->   Operation 125 'readreq' 'gmem_load_1_req' <Predicate = true> <Delay = 7.30> <CoreInst = "m_axi">   --->   Core 119 'm_axi' <Latency = 0> <II = 1> <Delay = 1.00> <Adapter> <Opcode : 'read' 'write' 'readreq' 'writereq' 'writeresp'>
ST_18 : Operation 126 [6/8] (7.30ns)   --->   "%gmem_load_2_req = readreq i1 @_ssdm_op_ReadReq.m_axi.i32P1A, i64 %gmem_addr_2, i64 1" [mmult_baseline.cpp:22]   --->   Operation 126 'readreq' 'gmem_load_2_req' <Predicate = true> <Delay = 7.30> <CoreInst = "m_axi">   --->   Core 119 'm_axi' <Latency = 0> <II = 1> <Delay = 1.00> <Adapter> <Opcode : 'read' 'write' 'readreq' 'writereq' 'writeresp'>

State 19 <SV = 18> <Delay = 7.30>
ST_19 : Operation 127 [4/8] (7.30ns)   --->   "%gmem_load_1_req = readreq i1 @_ssdm_op_ReadReq.m_axi.i32P1A, i64 %gmem_addr_1, i64 1" [mmult_baseline.cpp:22]   --->   Operation 127 'readreq' 'gmem_load_1_req' <Predicate = true> <Delay = 7.30> <CoreInst = "m_axi">   --->   Core 119 'm_axi' <Latency = 0> <II = 1> <Delay = 1.00> <Adapter> <Opcode : 'read' 'write' 'readreq' 'writereq' 'writeresp'>
ST_19 : Operation 128 [5/8] (7.30ns)   --->   "%gmem_load_2_req = readreq i1 @_ssdm_op_ReadReq.m_axi.i32P1A, i64 %gmem_addr_2, i64 1" [mmult_baseline.cpp:22]   --->   Operation 128 'readreq' 'gmem_load_2_req' <Predicate = true> <Delay = 7.30> <CoreInst = "m_axi">   --->   Core 119 'm_axi' <Latency = 0> <II = 1> <Delay = 1.00> <Adapter> <Opcode : 'read' 'write' 'readreq' 'writereq' 'writeresp'>

State 20 <SV = 19> <Delay = 7.30>
ST_20 : Operation 129 [3/8] (7.30ns)   --->   "%gmem_load_1_req = readreq i1 @_ssdm_op_ReadReq.m_axi.i32P1A, i64 %gmem_addr_1, i64 1" [mmult_baseline.cpp:22]   --->   Operation 129 'readreq' 'gmem_load_1_req' <Predicate = true> <Delay = 7.30> <CoreInst = "m_axi">   --->   Core 119 'm_axi' <Latency = 0> <II = 1> <Delay = 1.00> <Adapter> <Opcode : 'read' 'write' 'readreq' 'writereq' 'writeresp'>
ST_20 : Operation 130 [4/8] (7.30ns)   --->   "%gmem_load_2_req = readreq i1 @_ssdm_op_ReadReq.m_axi.i32P1A, i64 %gmem_addr_2, i64 1" [mmult_baseline.cpp:22]   --->   Operation 130 'readreq' 'gmem_load_2_req' <Predicate = true> <Delay = 7.30> <CoreInst = "m_axi">   --->   Core 119 'm_axi' <Latency = 0> <II = 1> <Delay = 1.00> <Adapter> <Opcode : 'read' 'write' 'readreq' 'writereq' 'writeresp'>

State 21 <SV = 20> <Delay = 7.30>
ST_21 : Operation 131 [2/8] (7.30ns)   --->   "%gmem_load_1_req = readreq i1 @_ssdm_op_ReadReq.m_axi.i32P1A, i64 %gmem_addr_1, i64 1" [mmult_baseline.cpp:22]   --->   Operation 131 'readreq' 'gmem_load_1_req' <Predicate = true> <Delay = 7.30> <CoreInst = "m_axi">   --->   Core 119 'm_axi' <Latency = 0> <II = 1> <Delay = 1.00> <Adapter> <Opcode : 'read' 'write' 'readreq' 'writereq' 'writeresp'>
ST_21 : Operation 132 [3/8] (7.30ns)   --->   "%gmem_load_2_req = readreq i1 @_ssdm_op_ReadReq.m_axi.i32P1A, i64 %gmem_addr_2, i64 1" [mmult_baseline.cpp:22]   --->   Operation 132 'readreq' 'gmem_load_2_req' <Predicate = true> <Delay = 7.30> <CoreInst = "m_axi">   --->   Core 119 'm_axi' <Latency = 0> <II = 1> <Delay = 1.00> <Adapter> <Opcode : 'read' 'write' 'readreq' 'writereq' 'writeresp'>

State 22 <SV = 21> <Delay = 7.30>
ST_22 : Operation 133 [1/8] (7.30ns)   --->   "%gmem_load_1_req = readreq i1 @_ssdm_op_ReadReq.m_axi.i32P1A, i64 %gmem_addr_1, i64 1" [mmult_baseline.cpp:22]   --->   Operation 133 'readreq' 'gmem_load_1_req' <Predicate = true> <Delay = 7.30> <CoreInst = "m_axi">   --->   Core 119 'm_axi' <Latency = 0> <II = 1> <Delay = 1.00> <Adapter> <Opcode : 'read' 'write' 'readreq' 'writereq' 'writeresp'>
ST_22 : Operation 134 [2/8] (7.30ns)   --->   "%gmem_load_2_req = readreq i1 @_ssdm_op_ReadReq.m_axi.i32P1A, i64 %gmem_addr_2, i64 1" [mmult_baseline.cpp:22]   --->   Operation 134 'readreq' 'gmem_load_2_req' <Predicate = true> <Delay = 7.30> <CoreInst = "m_axi">   --->   Core 119 'm_axi' <Latency = 0> <II = 1> <Delay = 1.00> <Adapter> <Opcode : 'read' 'write' 'readreq' 'writereq' 'writeresp'>

State 23 <SV = 22> <Delay = 7.30>
ST_23 : Operation 135 [1/1] (7.30ns)   --->   "%gmem_addr_1_read = read i32 @_ssdm_op_Read.m_axi.i32P1A, i64 %gmem_addr_1" [mmult_baseline.cpp:22]   --->   Operation 135 'read' 'gmem_addr_1_read' <Predicate = true> <Delay = 7.30> <CoreInst = "m_axi">   --->   Core 119 'm_axi' <Latency = 0> <II = 1> <Delay = 1.00> <Adapter> <Opcode : 'read' 'write' 'readreq' 'writereq' 'writeresp'>
ST_23 : Operation 136 [1/8] (7.30ns)   --->   "%gmem_load_2_req = readreq i1 @_ssdm_op_ReadReq.m_axi.i32P1A, i64 %gmem_addr_2, i64 1" [mmult_baseline.cpp:22]   --->   Operation 136 'readreq' 'gmem_load_2_req' <Predicate = true> <Delay = 7.30> <CoreInst = "m_axi">   --->   Core 119 'm_axi' <Latency = 0> <II = 1> <Delay = 1.00> <Adapter> <Opcode : 'read' 'write' 'readreq' 'writereq' 'writeresp'>

State 24 <SV = 23> <Delay = 7.30>
ST_24 : Operation 137 [1/1] (7.30ns)   --->   "%gmem_addr_2_read = read i32 @_ssdm_op_Read.m_axi.i32P1A, i64 %gmem_addr_2" [mmult_baseline.cpp:22]   --->   Operation 137 'read' 'gmem_addr_2_read' <Predicate = true> <Delay = 7.30> <CoreInst = "m_axi">   --->   Core 119 'm_axi' <Latency = 0> <II = 1> <Delay = 1.00> <Adapter> <Opcode : 'read' 'write' 'readreq' 'writereq' 'writeresp'>

State 25 <SV = 24> <Delay = 5.08>
ST_25 : Operation 138 [1/1] (0.00ns)   --->   "%speclooptripcount_ln20 = speclooptripcount void @_ssdm_op_SpecLoopTripCount, i64 128, i64 128, i64 128" [mmult_baseline.cpp:20]   --->   Operation 138 'speclooptripcount' 'speclooptripcount_ln20' <Predicate = true> <Delay = 0.00>
ST_25 : Operation 139 [1/1] (0.00ns)   --->   "%specloopname_ln19 = specloopname void @_ssdm_op_SpecLoopName, void @empty_13" [mmult_baseline.cpp:19]   --->   Operation 139 'specloopname' 'specloopname_ln19' <Predicate = true> <Delay = 0.00>
ST_25 : Operation 140 [1/1] (3.88ns)   --->   "%mul_ln22 = mul i32 %gmem_addr_2_read, i32 %gmem_addr_1_read" [mmult_baseline.cpp:22]   --->   Operation 140 'mul' 'mul_ln22' <Predicate = true> <Delay = 3.88> <CoreInst = "Multiplier">   --->   Core 3 'Multiplier' <Latency = 0> <II = 1> <Delay = 3.88> <FuncUnit> <Opcode : 'mul'> <InPorts = 2> <OutPorts = 1>
ST_25 : Operation 141 [1/1] (1.20ns)   --->   "%add_ln22_3 = add i32 %mul_ln22, i32 %add187" [mmult_baseline.cpp:22]   --->   Operation 141 'add' 'add_ln22_3' <Predicate = true> <Delay = 1.20> <CoreInst = "Adder">   --->   Core 1 'Adder' <Latency = 0> <II = 1> <Delay = 1.20> <FuncUnit> <Opcode : 'add' 'sub'> <InPorts = 2> <OutPorts = 1>
ST_25 : Operation 142 [1/1] (0.00ns)   --->   "%br_ln19 = br void %for.inc" [mmult_baseline.cpp:19]   --->   Operation 142 'br' 'br_ln19' <Predicate = true> <Delay = 0.00>

State 26 <SV = 14> <Delay = 7.30>
ST_26 : Operation 143 [1/1] (7.30ns)   --->   "%gmem_addr_req = writereq i1 @_ssdm_op_WriteReq.m_axi.i32P1A, i64 %gmem_addr, i64 1" [mmult_baseline.cpp:22]   --->   Operation 143 'writereq' 'gmem_addr_req' <Predicate = true> <Delay = 7.30> <CoreInst = "m_axi">   --->   Core 119 'm_axi' <Latency = 0> <II = 1> <Delay = 1.00> <Adapter> <Opcode : 'read' 'write' 'readreq' 'writereq' 'writeresp'>

State 27 <SV = 15> <Delay = 7.30>
ST_27 : Operation 144 [1/1] (7.30ns)   --->   "%write_ln22 = write void @_ssdm_op_Write.m_axi.i32P1A, i64 %gmem_addr, i32 %add187, i4 15" [mmult_baseline.cpp:22]   --->   Operation 144 'write' 'write_ln22' <Predicate = true> <Delay = 7.30> <CoreInst = "m_axi">   --->   Core 119 'm_axi' <Latency = 0> <II = 1> <Delay = 1.00> <Adapter> <Opcode : 'read' 'write' 'readreq' 'writereq' 'writeresp'>

State 28 <SV = 16> <Delay = 7.30>
ST_28 : Operation 145 [5/5] (7.30ns)   --->   "%gmem_addr_resp = writeresp i1 @_ssdm_op_WriteResp.m_axi.i32P1A, i64 %gmem_addr" [mmult_baseline.cpp:22]   --->   Operation 145 'writeresp' 'gmem_addr_resp' <Predicate = true> <Delay = 7.30> <CoreInst = "m_axi">   --->   Core 119 'm_axi' <Latency = 0> <II = 1> <Delay = 1.00> <Adapter> <Opcode : 'read' 'write' 'readreq' 'writereq' 'writeresp'>

State 29 <SV = 17> <Delay = 7.30>
ST_29 : Operation 146 [4/5] (7.30ns)   --->   "%gmem_addr_resp = writeresp i1 @_ssdm_op_WriteResp.m_axi.i32P1A, i64 %gmem_addr" [mmult_baseline.cpp:22]   --->   Operation 146 'writeresp' 'gmem_addr_resp' <Predicate = true> <Delay = 7.30> <CoreInst = "m_axi">   --->   Core 119 'm_axi' <Latency = 0> <II = 1> <Delay = 1.00> <Adapter> <Opcode : 'read' 'write' 'readreq' 'writereq' 'writeresp'>

State 30 <SV = 18> <Delay = 7.30>
ST_30 : Operation 147 [3/5] (7.30ns)   --->   "%gmem_addr_resp = writeresp i1 @_ssdm_op_WriteResp.m_axi.i32P1A, i64 %gmem_addr" [mmult_baseline.cpp:22]   --->   Operation 147 'writeresp' 'gmem_addr_resp' <Predicate = true> <Delay = 7.30> <CoreInst = "m_axi">   --->   Core 119 'm_axi' <Latency = 0> <II = 1> <Delay = 1.00> <Adapter> <Opcode : 'read' 'write' 'readreq' 'writereq' 'writeresp'>

State 31 <SV = 19> <Delay = 7.30>
ST_31 : Operation 148 [2/5] (7.30ns)   --->   "%gmem_addr_resp = writeresp i1 @_ssdm_op_WriteResp.m_axi.i32P1A, i64 %gmem_addr" [mmult_baseline.cpp:22]   --->   Operation 148 'writeresp' 'gmem_addr_resp' <Predicate = true> <Delay = 7.30> <CoreInst = "m_axi">   --->   Core 119 'm_axi' <Latency = 0> <II = 1> <Delay = 1.00> <Adapter> <Opcode : 'read' 'write' 'readreq' 'writereq' 'writeresp'>

State 32 <SV = 20> <Delay = 7.30>
ST_32 : Operation 149 [1/5] (7.30ns)   --->   "%gmem_addr_resp = writeresp i1 @_ssdm_op_WriteResp.m_axi.i32P1A, i64 %gmem_addr" [mmult_baseline.cpp:22]   --->   Operation 149 'writeresp' 'gmem_addr_resp' <Predicate = true> <Delay = 7.30> <CoreInst = "m_axi">   --->   Core 119 'm_axi' <Latency = 0> <II = 1> <Delay = 1.00> <Adapter> <Opcode : 'read' 'write' 'readreq' 'writereq' 'writeresp'>
ST_32 : Operation 150 [1/1] (0.00ns)   --->   "%br_ln17 = br void %loop3" [mmult_baseline.cpp:17]   --->   Operation 150 'br' 'br_ln17' <Predicate = true> <Delay = 0.00>


============================================================
+ Verbose Summary: Binding
============================================================
STG Binding: 
---------------- STG Properties BEGIN ----------------
- Is combinational: 0
- Is one-state seq: 0
- Is datapath-only: 0
- Is pipelined: 0
- Is top level: 1
Port [ Return ] is wired: 1; IO mode=ap_ctrl_hs:ce=0
Port [ gmem]:  wired=1; compound=1; hidden=0; nouse=0; global=0; static=0; extern=0; dir=2; type=4; pingpong=0; private_global=0; IO mode=m_axi:ce=0
Port [ in1]:  wired=1; compound=0; hidden=0; nouse=0; global=0; static=0; extern=0; dir=0; type=0; pingpong=0; private_global=0; IO mode=ap_none:ce=0
Port [ in2]:  wired=1; compound=0; hidden=0; nouse=0; global=0; static=0; extern=0; dir=0; type=0; pingpong=0; private_global=0; IO mode=ap_none:ce=0
Port [ out_r]:  wired=1; compound=0; hidden=0; nouse=0; global=0; static=0; extern=0; dir=0; type=0; pingpong=0; private_global=0; IO mode=ap_none:ce=0
Port [ dim]:  wired=1; compound=0; hidden=0; nouse=0; global=0; static=0; extern=0; dir=0; type=0; pingpong=0; private_global=0; IO mode=ap_none:ce=0
---------------- STG Properties END ------------------

---------------- Datapath Model BEGIN ----------------

<LifeTime>
<method=bitvector/>
j                      (alloca           ) [ 011111111111111111111111111111111]
i                      (alloca           ) [ 011111111111111111111111111111111]
indvar_flatten         (alloca           ) [ 011111111111111111111111111111111]
spectopmodule_ln7      (spectopmodule    ) [ 000000000000000000000000000000000]
specinterface_ln0      (specinterface    ) [ 000000000000000000000000000000000]
specbitsmap_ln0        (specbitsmap      ) [ 000000000000000000000000000000000]
specinterface_ln0      (specinterface    ) [ 000000000000000000000000000000000]
specinterface_ln0      (specinterface    ) [ 000000000000000000000000000000000]
specinterface_ln0      (specinterface    ) [ 000000000000000000000000000000000]
specinterface_ln0      (specinterface    ) [ 000000000000000000000000000000000]
specinterface_ln0      (specinterface    ) [ 000000000000000000000000000000000]
specinterface_ln0      (specinterface    ) [ 000000000000000000000000000000000]
specbitsmap_ln0        (specbitsmap      ) [ 000000000000000000000000000000000]
specinterface_ln0      (specinterface    ) [ 000000000000000000000000000000000]
specinterface_ln0      (specinterface    ) [ 000000000000000000000000000000000]
specinterface_ln0      (specinterface    ) [ 000000000000000000000000000000000]
dim_read               (read             ) [ 001111111111111111111111111111111]
out_r_read             (read             ) [ 001111111111111111111111111111111]
in2_read               (read             ) [ 001111111111111111111111111111111]
in1_read               (read             ) [ 001111111111111111111111111111111]
dim_cast               (sext             ) [ 001111111111111111111111111111111]
dim_cast3              (zext             ) [ 001111111111111111111111111111111]
zext_ln7               (zext             ) [ 000000000000000000000000000000000]
mul_ln7                (mul              ) [ 001111111111111111111111111111111]
store_ln0              (store            ) [ 000000000000000000000000000000000]
store_ln15             (store            ) [ 000000000000000000000000000000000]
store_ln17             (store            ) [ 000000000000000000000000000000000]
br_ln15                (br               ) [ 000000000000000000000000000000000]
indvar_flatten_load    (load             ) [ 000000000000000000000000000000000]
icmp_ln15              (icmp             ) [ 001111111111111111111111111111111]
add_ln15               (add              ) [ 000111111111111111111111110000000]
br_ln15                (br               ) [ 000000000000000000000000000000000]
j_load                 (load             ) [ 000000000000000000000000000000000]
i_load                 (load             ) [ 000000000000000000000000000000000]
icmp_ln17              (icmp             ) [ 000000000000000000000000000000000]
select_ln15            (select           ) [ 000111111111111111111111110000000]
add_ln15_2             (add              ) [ 000000000000000000000000000000000]
select_ln15_1          (select           ) [ 000111111111111111111111110000000]
zext_ln15              (zext             ) [ 000100000000000000000000000000000]
mul_ln15_1             (mul              ) [ 000000000000000000000000000000000]
sext_ln17_mid2_v_v_v_v (bitconcatenate   ) [ 000000000000000000000000000000000]
add_ln15_1             (add              ) [ 000000000000000000000000000000000]
sext_ln17_mid2_v       (partselect       ) [ 000111111111110000000000000000000]
ret_ln26               (ret              ) [ 000000000000000000000000000000000]
mul_ln15               (mul              ) [ 000000000000000000000000000000000]
zext_ln17              (zext             ) [ 000011111111111111111111110000000]
empty                  (add              ) [ 000000000000000000000000000000000]
tmp                    (bitconcatenate   ) [ 000000000000000000000000000000000]
empty_19               (add              ) [ 000000000000000000000000000000000]
trunc_ln               (partselect       ) [ 000000000000000000000000000000000]
sext_ln22              (sext             ) [ 000000000000000000000000000000000]
gmem_addr              (getelementptr    ) [ 000011111111111111111111111111111]
gmem_load_req          (readreq          ) [ 000000000000000000000000000000000]
gmem_addr_read         (read             ) [ 000000000000011111111111110000000]
specloopname_ln0       (specloopname     ) [ 000000000000000000000000000000000]
speclooptripcount_ln0  (speclooptripcount) [ 000000000000000000000000000000000]
sext_ln15              (sext             ) [ 000000000000001111111111110000000]
specpipeline_ln17      (specpipeline     ) [ 000000000000000000000000000000000]
br_ln19                (br               ) [ 001111111111111111111111111111111]
k                      (phi              ) [ 000000000000001000000000000000000]
add187                 (phi              ) [ 000000000000001111111111111100000]
phi_mul                (phi              ) [ 000000000000001000000000000000000]
icmp_ln19              (icmp             ) [ 001111111111111111111111111111111]
add_ln19               (add              ) [ 001111111111111111111111111111111]
br_ln19                (br               ) [ 000000000000000000000000000000000]
zext_ln19              (zext             ) [ 000000000000000000000000000000000]
add_ln22               (add              ) [ 000000000000000000000000000000000]
sext_ln22_2            (sext             ) [ 000000000000000000000000000000000]
gmem_addr_1            (getelementptr    ) [ 000000000000000111111111000000000]
add_ln22_4             (add              ) [ 001111111111111111111111111111111]
add_ln22_1             (add              ) [ 000000000000000000000000000000000]
shl_ln                 (bitconcatenate   ) [ 000000000000000000000000000000000]
add_ln22_2             (add              ) [ 000000000000000000000000000000000]
trunc_ln22_1           (partselect       ) [ 000000000000000000000000000000000]
sext_ln22_1            (sext             ) [ 000000000000000000000000000000000]
gmem_addr_2            (getelementptr    ) [ 000000000000000111111111100000000]
add_ln17               (add              ) [ 000000000000000000000000000000000]
store_ln15             (store            ) [ 000000000000000000000000000000000]
store_ln15             (store            ) [ 000000000000000000000000000000000]
store_ln17             (store            ) [ 000000000000000000000000000000000]
gmem_load_1_req        (readreq          ) [ 000000000000000000000000000000000]
gmem_addr_1_read       (read             ) [ 000000000000000000000000110000000]
gmem_load_2_req        (readreq          ) [ 000000000000000000000000000000000]
gmem_addr_2_read       (read             ) [ 000000000000000000000000010000000]
speclooptripcount_ln20 (speclooptripcount) [ 000000000000000000000000000000000]
specloopname_ln19      (specloopname     ) [ 000000000000000000000000000000000]
mul_ln22               (mul              ) [ 000000000000000000000000000000000]
add_ln22_3             (add              ) [ 001111111111111111111111111111111]
br_ln19                (br               ) [ 001111111111111111111111111111111]
gmem_addr_req          (writereq         ) [ 000000000000000000000000000000000]
write_ln22             (write            ) [ 000000000000000000000000000000000]
gmem_addr_resp         (writeresp        ) [ 000000000000000000000000000000000]
br_ln17                (br               ) [ 000000000000000000000000000000000]
</LifeTime>

<model>

<comp_list>
<comp id="0" class="1000" name="gmem">
<pin_list>
<pin id="1" dir="1" index="0" bw="1" slack="0"/>
</pin_list>
<bind>
<StgValue><ssdm name="gmem"/></StgValue>
</bind>
</comp>

<comp id="2" class="1000" name="in1">
<pin_list>
<pin id="3" dir="1" index="0" bw="1" slack="0"/>
</pin_list>
<bind>
<StgValue><ssdm name="in1"/></StgValue>
</bind>
</comp>

<comp id="4" class="1000" name="in2">
<pin_list>
<pin id="5" dir="1" index="0" bw="1" slack="0"/>
</pin_list>
<bind>
<StgValue><ssdm name="in2"/></StgValue>
</bind>
</comp>

<comp id="6" class="1000" name="out_r">
<pin_list>
<pin id="7" dir="1" index="0" bw="1" slack="0"/>
</pin_list>
<bind>
<StgValue><ssdm name="out_r"/></StgValue>
</bind>
</comp>

<comp id="8" class="1000" name="dim">
<pin_list>
<pin id="9" dir="1" index="0" bw="1" slack="0"/>
</pin_list>
<bind>
<StgValue><ssdm name="dim"/></StgValue>
</bind>
</comp>

<comp id="10" class="1001" name="const_10">
<pin_list>
<pin id="11" dir="1" index="0" bw="1" slack="0"/>
</pin_list>
<bind>
<StgValue><ssdm name=""/></StgValue>
</bind>
</comp>

<comp id="12" class="1001" name="const_12">
<pin_list>
<pin id="13" dir="1" index="0" bw="1" slack="2147483647"/>
</pin_list>
<bind>
<StgValue><ssdm name="_ssdm_op_SpecTopModule"/></StgValue>
</bind>
</comp>

<comp id="14" class="1001" name="const_14">
<pin_list>
<pin id="15" dir="1" index="0" bw="1" slack="2147483647"/>
</pin_list>
<bind>
<StgValue><ssdm name="empty_12"/></StgValue>
</bind>
</comp>

<comp id="16" class="1001" name="const_16">
<pin_list>
<pin id="17" dir="1" index="0" bw="1" slack="2147483647"/>
</pin_list>
<bind>
<StgValue><ssdm name="_ssdm_op_SpecInterface"/></StgValue>
</bind>
</comp>

<comp id="18" class="1001" name="const_18">
<pin_list>
<pin id="19" dir="1" index="0" bw="1" slack="2147483647"/>
</pin_list>
<bind>
<StgValue><ssdm name="empty"/></StgValue>
</bind>
</comp>

<comp id="20" class="1001" name="const_20">
<pin_list>
<pin id="21" dir="1" index="0" bw="1" slack="0"/>
</pin_list>
<bind>
<StgValue><ssdm name=""/></StgValue>
</bind>
</comp>

<comp id="22" class="1001" name="const_22">
<pin_list>
<pin id="23" dir="1" index="0" bw="1" slack="2147483647"/>
</pin_list>
<bind>
<StgValue><ssdm name="empty_0"/></StgValue>
</bind>
</comp>

<comp id="24" class="1001" name="const_24">
<pin_list>
<pin id="25" dir="1" index="0" bw="1" slack="2147483647"/>
</pin_list>
<bind>
<StgValue><ssdm name=""/></StgValue>
</bind>
</comp>

<comp id="26" class="1001" name="const_26">
<pin_list>
<pin id="27" dir="1" index="0" bw="1" slack="2147483647"/>
</pin_list>
<bind>
<StgValue><ssdm name="empty_1"/></StgValue>
</bind>
</comp>

<comp id="28" class="1001" name="const_28">
<pin_list>
<pin id="29" dir="1" index="0" bw="1" slack="2147483647"/>
</pin_list>
<bind>
<StgValue><ssdm name="empty_2"/></StgValue>
</bind>
</comp>

<comp id="30" class="1001" name="const_30">
<pin_list>
<pin id="31" dir="1" index="0" bw="1" slack="2147483647"/>
</pin_list>
<bind>
<StgValue><ssdm name=""/></StgValue>
</bind>
</comp>

<comp id="32" class="1001" name="const_32">
<pin_list>
<pin id="33" dir="1" index="0" bw="1" slack="2147483647"/>
</pin_list>
<bind>
<StgValue><ssdm name=""/></StgValue>
</bind>
</comp>

<comp id="34" class="1001" name="const_34">
<pin_list>
<pin id="35" dir="1" index="0" bw="1" slack="2147483647"/>
</pin_list>
<bind>
<StgValue><ssdm name="_ssdm_op_SpecBitsMap"/></StgValue>
</bind>
</comp>

<comp id="36" class="1001" name="const_36">
<pin_list>
<pin id="37" dir="1" index="0" bw="1" slack="2147483647"/>
</pin_list>
<bind>
<StgValue><ssdm name="empty_3"/></StgValue>
</bind>
</comp>

<comp id="38" class="1001" name="const_38">
<pin_list>
<pin id="39" dir="1" index="0" bw="1" slack="2147483647"/>
</pin_list>
<bind>
<StgValue><ssdm name="empty_4"/></StgValue>
</bind>
</comp>

<comp id="40" class="1001" name="const_40">
<pin_list>
<pin id="41" dir="1" index="0" bw="1" slack="2147483647"/>
</pin_list>
<bind>
<StgValue><ssdm name="empty_5"/></StgValue>
</bind>
</comp>

<comp id="42" class="1001" name="const_42">
<pin_list>
<pin id="43" dir="1" index="0" bw="1" slack="2147483647"/>
</pin_list>
<bind>
<StgValue><ssdm name="empty_6"/></StgValue>
</bind>
</comp>

<comp id="44" class="1001" name="const_44">
<pin_list>
<pin id="45" dir="1" index="0" bw="1" slack="2147483647"/>
</pin_list>
<bind>
<StgValue><ssdm name="empty_7"/></StgValue>
</bind>
</comp>

<comp id="46" class="1001" name="const_46">
<pin_list>
<pin id="47" dir="1" index="0" bw="1" slack="2147483647"/>
</pin_list>
<bind>
<StgValue><ssdm name="empty_8"/></StgValue>
</bind>
</comp>

<comp id="48" class="1001" name="const_48">
<pin_list>
<pin id="49" dir="1" index="0" bw="1" slack="2147483647"/>
</pin_list>
<bind>
<StgValue><ssdm name="empty_9"/></StgValue>
</bind>
</comp>

<comp id="50" class="1001" name="const_50">
<pin_list>
<pin id="51" dir="1" index="0" bw="1" slack="2147483647"/>
</pin_list>
<bind>
<StgValue><ssdm name="empty_10"/></StgValue>
</bind>
</comp>

<comp id="52" class="1001" name="const_52">
<pin_list>
<pin id="53" dir="1" index="0" bw="1" slack="2147483647"/>
</pin_list>
<bind>
<StgValue><ssdm name="empty_11"/></StgValue>
</bind>
</comp>

<comp id="54" class="1001" name="const_54">
<pin_list>
<pin id="55" dir="1" index="0" bw="1" slack="0"/>
</pin_list>
<bind>
<StgValue><ssdm name="_ssdm_op_Read.s_axilite.i32"/></StgValue>
</bind>
</comp>

<comp id="56" class="1001" name="const_56">
<pin_list>
<pin id="57" dir="1" index="0" bw="1" slack="0"/>
</pin_list>
<bind>
<StgValue><ssdm name="_ssdm_op_Read.s_axilite.i64"/></StgValue>
</bind>
</comp>

<comp id="58" class="1001" name="const_58">
<pin_list>
<pin id="59" dir="1" index="0" bw="1" slack="0"/>
</pin_list>
<bind>
<StgValue><ssdm name=""/></StgValue>
</bind>
</comp>

<comp id="60" class="1001" name="const_60">
<pin_list>
<pin id="61" dir="1" index="0" bw="1" slack="0"/>
</pin_list>
<bind>
<StgValue><ssdm name=""/></StgValue>
</bind>
</comp>

<comp id="62" class="1001" name="const_62">
<pin_list>
<pin id="63" dir="1" index="0" bw="1" slack="0"/>
</pin_list>
<bind>
<StgValue><ssdm name=""/></StgValue>
</bind>
</comp>

<comp id="64" class="1001" name="const_64">
<pin_list>
<pin id="65" dir="1" index="0" bw="1" slack="0"/>
</pin_list>
<bind>
<StgValue><ssdm name=""/></StgValue>
</bind>
</comp>

<comp id="66" class="1001" name="const_66">
<pin_list>
<pin id="67" dir="1" index="0" bw="1" slack="0"/>
</pin_list>
<bind>
<StgValue><ssdm name="_ssdm_op_BitConcatenate.i64.i62.i2"/></StgValue>
</bind>
</comp>

<comp id="68" class="1001" name="const_68">
<pin_list>
<pin id="69" dir="1" index="0" bw="1" slack="0"/>
</pin_list>
<bind>
<StgValue><ssdm name=""/></StgValue>
</bind>
</comp>

<comp id="70" class="1001" name="const_70">
<pin_list>
<pin id="71" dir="1" index="0" bw="1" slack="0"/>
</pin_list>
<bind>
<StgValue><ssdm name="_ssdm_op_PartSelect.i62.i64.i32.i32"/></StgValue>
</bind>
</comp>

<comp id="72" class="1001" name="const_72">
<pin_list>
<pin id="73" dir="1" index="0" bw="1" slack="0"/>
</pin_list>
<bind>
<StgValue><ssdm name=""/></StgValue>
</bind>
</comp>

<comp id="74" class="1001" name="const_74">
<pin_list>
<pin id="75" dir="1" index="0" bw="1" slack="0"/>
</pin_list>
<bind>
<StgValue><ssdm name=""/></StgValue>
</bind>
</comp>

<comp id="76" class="1001" name="const_76">
<pin_list>
<pin id="77" dir="1" index="0" bw="1" slack="0"/>
</pin_list>
<bind>
<StgValue><ssdm name="_ssdm_op_ReadReq.m_axi.i32P1A"/></StgValue>
</bind>
</comp>

<comp id="78" class="1001" name="const_78">
<pin_list>
<pin id="79" dir="1" index="0" bw="1" slack="0"/>
</pin_list>
<bind>
<StgValue><ssdm name="_ssdm_op_Read.m_axi.i32P1A"/></StgValue>
</bind>
</comp>

<comp id="80" class="1001" name="const_80">
<pin_list>
<pin id="81" dir="1" index="0" bw="1" slack="2147483647"/>
</pin_list>
<bind>
<StgValue><ssdm name="_ssdm_op_SpecLoopName"/></StgValue>
</bind>
</comp>

<comp id="82" class="1001" name="const_82">
<pin_list>
<pin id="83" dir="1" index="0" bw="1" slack="2147483647"/>
</pin_list>
<bind>
<StgValue><ssdm name="loop1_loop2_str"/></StgValue>
</bind>
</comp>

<comp id="84" class="1001" name="const_84">
<pin_list>
<pin id="85" dir="1" index="0" bw="1" slack="2147483647"/>
</pin_list>
<bind>
<StgValue><ssdm name="_ssdm_op_SpecLoopTripCount"/></StgValue>
</bind>
</comp>

<comp id="86" class="1001" name="const_86">
<pin_list>
<pin id="87" dir="1" index="0" bw="1" slack="2147483647"/>
</pin_list>
<bind>
<StgValue><ssdm name=""/></StgValue>
</bind>
</comp>

<comp id="88" class="1001" name="const_88">
<pin_list>
<pin id="89" dir="1" index="0" bw="1" slack="2147483647"/>
</pin_list>
<bind>
<StgValue><ssdm name="_ssdm_op_SpecPipeline"/></StgValue>
</bind>
</comp>

<comp id="90" class="1001" name="const_90">
<pin_list>
<pin id="91" dir="1" index="0" bw="1" slack="1"/>
</pin_list>
<bind>
<StgValue><ssdm name=""/></StgValue>
</bind>
</comp>

<comp id="92" class="1001" name="const_92">
<pin_list>
<pin id="93" dir="1" index="0" bw="1" slack="2147483647"/>
</pin_list>
<bind>
<StgValue><ssdm name=""/></StgValue>
</bind>
</comp>

<comp id="94" class="1001" name="const_94">
<pin_list>
<pin id="95" dir="1" index="0" bw="1" slack="2147483647"/>
</pin_list>
<bind>
<StgValue><ssdm name="empty_13"/></StgValue>
</bind>
</comp>

<comp id="96" class="1001" name="const_96">
<pin_list>
<pin id="97" dir="1" index="0" bw="1" slack="0"/>
</pin_list>
<bind>
<StgValue><ssdm name="_ssdm_op_WriteReq.m_axi.i32P1A"/></StgValue>
</bind>
</comp>

<comp id="98" class="1001" name="const_98">
<pin_list>
<pin id="99" dir="1" index="0" bw="1" slack="0"/>
</pin_list>
<bind>
<StgValue><ssdm name="_ssdm_op_Write.m_axi.i32P1A"/></StgValue>
</bind>
</comp>

<comp id="100" class="1001" name="const_100">
<pin_list>
<pin id="101" dir="1" index="0" bw="1" slack="0"/>
</pin_list>
<bind>
<StgValue><ssdm name=""/></StgValue>
</bind>
</comp>

<comp id="102" class="1001" name="const_102">
<pin_list>
<pin id="103" dir="1" index="0" bw="1" slack="0"/>
</pin_list>
<bind>
<StgValue><ssdm name="_ssdm_op_WriteResp.m_axi.i32P1A"/></StgValue>
</bind>
</comp>

<comp id="104" class="1004" name="j_fu_104">
<pin_list>
<pin id="105" dir="0" index="0" bw="1" slack="0"/>
<pin id="106" dir="1" index="1" bw="32" slack="0"/>
</pin_list>
<bind>
<opcode="alloca(26) " fcode="alloca"/>
<opset="j/1 "/>
</bind>
</comp>

<comp id="108" class="1004" name="i_fu_108">
<pin_list>
<pin id="109" dir="0" index="0" bw="1" slack="0"/>
<pin id="110" dir="1" index="1" bw="31" slack="0"/>
</pin_list>
<bind>
<opcode="alloca(26) " fcode="alloca"/>
<opset="i/1 "/>
</bind>
</comp>

<comp id="112" class="1004" name="indvar_flatten_fu_112">
<pin_list>
<pin id="113" dir="0" index="0" bw="1" slack="0"/>
<pin id="114" dir="1" index="1" bw="64" slack="0"/>
</pin_list>
<bind>
<opcode="alloca(26) " fcode="alloca"/>
<opset="indvar_flatten/1 "/>
</bind>
</comp>

<comp id="116" class="1004" name="dim_read_read_fu_116">
<pin_list>
<pin id="117" dir="0" index="0" bw="32" slack="0"/>
<pin id="118" dir="0" index="1" bw="32" slack="0"/>
<pin id="119" dir="1" index="2" bw="32" slack="0"/>
</pin_list>
<bind>
<opcode="read(1150) " fcode="read"/>
<opset="dim_read/1 "/>
</bind>
</comp>

<comp id="122" class="1004" name="out_r_read_read_fu_122">
<pin_list>
<pin id="123" dir="0" index="0" bw="64" slack="0"/>
<pin id="124" dir="0" index="1" bw="64" slack="0"/>
<pin id="125" dir="1" index="2" bw="64" slack="2"/>
</pin_list>
<bind>
<opcode="read(1150) " fcode="read"/>
<opset="out_r_read/1 "/>
</bind>
</comp>

<comp id="128" class="1004" name="in2_read_read_fu_128">
<pin_list>
<pin id="129" dir="0" index="0" bw="64" slack="0"/>
<pin id="130" dir="0" index="1" bw="64" slack="0"/>
<pin id="131" dir="1" index="2" bw="64" slack="13"/>
</pin_list>
<bind>
<opcode="read(1150) " fcode="read"/>
<opset="in2_read/1 "/>
</bind>
</comp>

<comp id="134" class="1004" name="in1_read_read_fu_134">
<pin_list>
<pin id="135" dir="0" index="0" bw="64" slack="0"/>
<pin id="136" dir="0" index="1" bw="64" slack="0"/>
<pin id="137" dir="1" index="2" bw="64" slack="1"/>
</pin_list>
<bind>
<opcode="read(1150) " fcode="read"/>
<opset="in1_read/1 "/>
</bind>
</comp>

<comp id="140" class="1004" name="grp_writeresp_fu_140">
<pin_list>
<pin id="141" dir="0" index="0" bw="1" slack="0"/>
<pin id="142" dir="0" index="1" bw="32" slack="1"/>
<pin id="143" dir="0" index="2" bw="1" slack="0"/>
<pin id="144" dir="1" index="3" bw="1" slack="2147483647"/>
</pin_list>
<bind>
<opcode="readreq(1154) writereq(1155) writeresp(1158) " fcode="writeresp"/>
<opset="gmem_load_req/4 gmem_addr_req/26 gmem_addr_resp/28 "/>
</bind>
</comp>

<comp id="147" class="1004" name="gmem_addr_read_read_fu_147">
<pin_list>
<pin id="148" dir="0" index="0" bw="32" slack="0"/>
<pin id="149" dir="0" index="1" bw="32" slack="9"/>
<pin id="150" dir="1" index="2" bw="32" slack="2"/>
</pin_list>
<bind>
<opcode="read(1150) " fcode="read"/>
<opset="gmem_addr_read/12 "/>
</bind>
</comp>

<comp id="152" class="1004" name="grp_readreq_fu_152">
<pin_list>
<pin id="153" dir="0" index="0" bw="1" slack="0"/>
<pin id="154" dir="0" index="1" bw="32" slack="1"/>
<pin id="155" dir="0" index="2" bw="1" slack="0"/>
<pin id="156" dir="1" index="3" bw="1" slack="2147483647"/>
</pin_list>
<bind>
<opcode="readreq(1154) " fcode="readreq"/>
<opset="gmem_load_1_req/15 "/>
</bind>
</comp>

<comp id="159" class="1004" name="grp_readreq_fu_159">
<pin_list>
<pin id="160" dir="0" index="0" bw="1" slack="0"/>
<pin id="161" dir="0" index="1" bw="32" slack="2"/>
<pin id="162" dir="0" index="2" bw="1" slack="0"/>
<pin id="163" dir="1" index="3" bw="1" slack="2147483647"/>
</pin_list>
<bind>
<opcode="readreq(1154) " fcode="readreq"/>
<opset="gmem_load_2_req/16 "/>
</bind>
</comp>

<comp id="166" class="1004" name="gmem_addr_1_read_read_fu_166">
<pin_list>
<pin id="167" dir="0" index="0" bw="32" slack="0"/>
<pin id="168" dir="0" index="1" bw="32" slack="9"/>
<pin id="169" dir="1" index="2" bw="32" slack="2"/>
</pin_list>
<bind>
<opcode="read(1150) " fcode="read"/>
<opset="gmem_addr_1_read/23 "/>
</bind>
</comp>

<comp id="171" class="1004" name="gmem_addr_2_read_read_fu_171">
<pin_list>
<pin id="172" dir="0" index="0" bw="32" slack="0"/>
<pin id="173" dir="0" index="1" bw="32" slack="10"/>
<pin id="174" dir="1" index="2" bw="32" slack="1"/>
</pin_list>
<bind>
<opcode="read(1150) " fcode="read"/>
<opset="gmem_addr_2_read/24 "/>
</bind>
</comp>

<comp id="177" class="1004" name="write_ln22_write_fu_177">
<pin_list>
<pin id="178" dir="0" index="0" bw="0" slack="0"/>
<pin id="179" dir="0" index="1" bw="32" slack="13"/>
<pin id="180" dir="0" index="2" bw="32" slack="2"/>
<pin id="181" dir="0" index="3" bw="1" slack="0"/>
<pin id="182" dir="1" index="4" bw="0" slack="2147483647"/>
</pin_list>
<bind>
<opcode="write(1151) " fcode="write"/>
<opset="write_ln22/27 "/>
</bind>
</comp>

<comp id="186" class="1005" name="k_reg_186">
<pin_list>
<pin id="187" dir="0" index="0" bw="32" slack="1"/>
<pin id="188" dir="1" index="1" bw="32" slack="1"/>
</pin_list>
<bind>
<opset="k (phireg) "/>
</bind>
</comp>

<comp id="190" class="1004" name="k_phi_fu_190">
<pin_list>
<pin id="191" dir="0" index="0" bw="1" slack="1"/>
<pin id="192" dir="0" index="1" bw="0" slack="2147483647"/>
<pin id="193" dir="0" index="2" bw="32" slack="0"/>
<pin id="194" dir="0" index="3" bw="0" slack="2147483647"/>
<pin id="195" dir="1" index="4" bw="32" slack="0"/>
</pin_list>
<bind>
<opcode="phi(47) " fcode="phi"/>
<opset="k/14 "/>
</bind>
</comp>

<comp id="197" class="1005" name="add187_reg_197">
<pin_list>
<pin id="198" dir="0" index="0" bw="32" slack="2"/>
<pin id="199" dir="1" index="1" bw="32" slack="2"/>
</pin_list>
<bind>
<opset="add187 (phireg) "/>
</bind>
</comp>

<comp id="201" class="1004" name="add187_phi_fu_201">
<pin_list>
<pin id="202" dir="0" index="0" bw="32" slack="2"/>
<pin id="203" dir="0" index="1" bw="0" slack="2147483647"/>
<pin id="204" dir="0" index="2" bw="32" slack="1"/>
<pin id="205" dir="0" index="3" bw="0" slack="2147483647"/>
<pin id="206" dir="1" index="4" bw="32" slack="2"/>
</pin_list>
<bind>
<opcode="phi(47) " fcode="phi"/>
<opset="add187/14 "/>
</bind>
</comp>

<comp id="208" class="1005" name="phi_mul_reg_208">
<pin_list>
<pin id="209" dir="0" index="0" bw="62" slack="1"/>
<pin id="210" dir="1" index="1" bw="62" slack="1"/>
</pin_list>
<bind>
<opset="phi_mul (phireg) "/>
</bind>
</comp>

<comp id="212" class="1004" name="phi_mul_phi_fu_212">
<pin_list>
<pin id="213" dir="0" index="0" bw="1" slack="1"/>
<pin id="214" dir="0" index="1" bw="0" slack="2147483647"/>
<pin id="215" dir="0" index="2" bw="62" slack="0"/>
<pin id="216" dir="0" index="3" bw="0" slack="2147483647"/>
<pin id="217" dir="1" index="4" bw="62" slack="0"/>
</pin_list>
<bind>
<opcode="phi(47) " fcode="phi"/>
<opset="phi_mul/14 "/>
</bind>
</comp>

<comp id="219" class="1004" name="mul_ln15_1_fu_219">
<pin_list>
<pin id="220" dir="0" index="0" bw="31" slack="0"/>
<pin id="221" dir="0" index="1" bw="32" slack="1"/>
<pin id="222" dir="1" index="2" bw="62" slack="0"/>
</pin_list>
<bind>
<opcode="mul(12) " fcode="mul"/>
<opset="mul_ln15_1/2 "/>
</bind>
</comp>

<comp id="223" class="1004" name="mul_ln15_fu_223">
<pin_list>
<pin id="224" dir="0" index="0" bw="31" slack="1"/>
<pin id="225" dir="0" index="1" bw="32" slack="2"/>
<pin id="226" dir="1" index="2" bw="62" slack="0"/>
</pin_list>
<bind>
<opcode="mul(12) " fcode="mul"/>
<opset="mul_ln15/3 "/>
</bind>
</comp>

<comp id="227" class="1004" name="mul_ln7_fu_227">
<pin_list>
<pin id="228" dir="0" index="0" bw="32" slack="0"/>
<pin id="229" dir="0" index="1" bw="32" slack="0"/>
<pin id="230" dir="1" index="2" bw="64" slack="1"/>
</pin_list>
<bind>
<opcode="mul(12) " fcode="mul"/>
<opset="mul_ln7/1 "/>
</bind>
</comp>

<comp id="231" class="1004" name="mul_ln22_fu_231">
<pin_list>
<pin id="232" dir="0" index="0" bw="32" slack="1"/>
<pin id="233" dir="0" index="1" bw="32" slack="2"/>
<pin id="234" dir="1" index="2" bw="32" slack="0"/>
</pin_list>
<bind>
<opcode="mul(12) " fcode="mul"/>
<opset="mul_ln22/25 "/>
</bind>
</comp>

<comp id="235" class="1004" name="dim_cast_fu_235">
<pin_list>
<pin id="236" dir="0" index="0" bw="32" slack="0"/>
<pin id="237" dir="1" index="1" bw="62" slack="2"/>
</pin_list>
<bind>
<opcode="sext(35) " fcode="sext"/>
<opset="dim_cast/1 "/>
</bind>
</comp>

<comp id="239" class="1004" name="dim_cast3_fu_239">
<pin_list>
<pin id="240" dir="0" index="0" bw="32" slack="0"/>
<pin id="241" dir="1" index="1" bw="62" slack="1"/>
</pin_list>
<bind>
<opcode="zext(34) " fcode="zext"/>
<opset="dim_cast3/1 "/>
</bind>
</comp>

<comp id="243" class="1004" name="zext_ln7_fu_243">
<pin_list>
<pin id="244" dir="0" index="0" bw="32" slack="0"/>
<pin id="245" dir="1" index="1" bw="64" slack="0"/>
</pin_list>
<bind>
<opcode="zext(34) " fcode="zext"/>
<opset="zext_ln7/1 "/>
</bind>
</comp>

<comp id="249" class="1004" name="store_ln0_store_fu_249">
<pin_list>
<pin id="250" dir="0" index="0" bw="1" slack="0"/>
<pin id="251" dir="0" index="1" bw="64" slack="0"/>
<pin id="252" dir="1" index="2" bw="0" slack="2147483647"/>
</pin_list>
<bind>
<opcode="store(28) " fcode="store"/>
<opset="store_ln0/1 "/>
</bind>
</comp>

<comp id="254" class="1004" name="store_ln15_store_fu_254">
<pin_list>
<pin id="255" dir="0" index="0" bw="1" slack="0"/>
<pin id="256" dir="0" index="1" bw="31" slack="0"/>
<pin id="257" dir="1" index="2" bw="0" slack="2147483647"/>
</pin_list>
<bind>
<opcode="store(28) " fcode="store"/>
<opset="store_ln15/1 "/>
</bind>
</comp>

<comp id="259" class="1004" name="store_ln17_store_fu_259">
<pin_list>
<pin id="260" dir="0" index="0" bw="1" slack="0"/>
<pin id="261" dir="0" index="1" bw="32" slack="0"/>
<pin id="262" dir="1" index="2" bw="0" slack="2147483647"/>
</pin_list>
<bind>
<opcode="store(28) " fcode="store"/>
<opset="store_ln17/1 "/>
</bind>
</comp>

<comp id="264" class="1004" name="indvar_flatten_load_load_fu_264">
<pin_list>
<pin id="265" dir="0" index="0" bw="64" slack="1"/>
<pin id="266" dir="1" index="1" bw="64" slack="0"/>
</pin_list>
<bind>
<opcode="load(27) " fcode="load"/>
<opset="indvar_flatten_load/2 "/>
</bind>
</comp>

<comp id="267" class="1004" name="icmp_ln15_fu_267">
<pin_list>
<pin id="268" dir="0" index="0" bw="64" slack="0"/>
<pin id="269" dir="0" index="1" bw="64" slack="1"/>
<pin id="270" dir="1" index="2" bw="1" slack="2147483647"/>
</pin_list>
<bind>
<opcode="icmp(45) " fcode="icmp"/>
<opset="icmp_ln15/2 "/>
</bind>
</comp>

<comp id="272" class="1004" name="add_ln15_fu_272">
<pin_list>
<pin id="273" dir="0" index="0" bw="64" slack="0"/>
<pin id="274" dir="0" index="1" bw="1" slack="0"/>
<pin id="275" dir="1" index="2" bw="64" slack="12"/>
</pin_list>
<bind>
<opcode="add(8) " fcode="add"/>
<opset="add_ln15/2 "/>
</bind>
</comp>

<comp id="278" class="1004" name="j_load_load_fu_278">
<pin_list>
<pin id="279" dir="0" index="0" bw="32" slack="1"/>
<pin id="280" dir="1" index="1" bw="32" slack="0"/>
</pin_list>
<bind>
<opcode="load(27) " fcode="load"/>
<opset="j_load/2 "/>
</bind>
</comp>

<comp id="281" class="1004" name="i_load_load_fu_281">
<pin_list>
<pin id="282" dir="0" index="0" bw="31" slack="1"/>
<pin id="283" dir="1" index="1" bw="31" slack="0"/>
</pin_list>
<bind>
<opcode="load(27) " fcode="load"/>
<opset="i_load/2 "/>
</bind>
</comp>

<comp id="284" class="1004" name="icmp_ln17_fu_284">
<pin_list>
<pin id="285" dir="0" index="0" bw="32" slack="0"/>
<pin id="286" dir="0" index="1" bw="32" slack="1"/>
<pin id="287" dir="1" index="2" bw="1" slack="0"/>
</pin_list>
<bind>
<opcode="icmp(45) " fcode="icmp"/>
<opset="icmp_ln17/2 "/>
</bind>
</comp>

<comp id="289" class="1004" name="select_ln15_fu_289">
<pin_list>
<pin id="290" dir="0" index="0" bw="1" slack="0"/>
<pin id="291" dir="0" index="1" bw="32" slack="0"/>
<pin id="292" dir="0" index="2" bw="32" slack="0"/>
<pin id="293" dir="1" index="3" bw="32" slack="1"/>
</pin_list>
<bind>
<opcode="select(49) " fcode="select"/>
<opset="select_ln15/2 "/>
</bind>
</comp>

<comp id="297" class="1004" name="add_ln15_2_fu_297">
<pin_list>
<pin id="298" dir="0" index="0" bw="31" slack="0"/>
<pin id="299" dir="0" index="1" bw="1" slack="0"/>
<pin id="300" dir="1" index="2" bw="31" slack="0"/>
</pin_list>
<bind>
<opcode="add(8) " fcode="add"/>
<opset="add_ln15_2/2 "/>
</bind>
</comp>

<comp id="303" class="1004" name="select_ln15_1_fu_303">
<pin_list>
<pin id="304" dir="0" index="0" bw="1" slack="0"/>
<pin id="305" dir="0" index="1" bw="31" slack="0"/>
<pin id="306" dir="0" index="2" bw="31" slack="0"/>
<pin id="307" dir="1" index="3" bw="31" slack="0"/>
</pin_list>
<bind>
<opcode="select(49) " fcode="select"/>
<opset="select_ln15_1/2 "/>
</bind>
</comp>

<comp id="311" class="1004" name="zext_ln15_fu_311">
<pin_list>
<pin id="312" dir="0" index="0" bw="31" slack="0"/>
<pin id="313" dir="1" index="1" bw="62" slack="0"/>
</pin_list>
<bind>
<opcode="zext(34) " fcode="zext"/>
<opset="zext_ln15/2 "/>
</bind>
</comp>

<comp id="316" class="1004" name="sext_ln17_mid2_v_v_v_v_fu_316">
<pin_list>
<pin id="317" dir="0" index="0" bw="64" slack="0"/>
<pin id="318" dir="0" index="1" bw="62" slack="0"/>
<pin id="319" dir="0" index="2" bw="1" slack="0"/>
<pin id="320" dir="1" index="3" bw="64" slack="0"/>
</pin_list>
<bind>
<opcode="bitconcatenate(1004) " fcode="bitconcatenate"/>
<opset="sext_ln17_mid2_v_v_v_v/2 "/>
</bind>
</comp>

<comp id="324" class="1004" name="add_ln15_1_fu_324">
<pin_list>
<pin id="325" dir="0" index="0" bw="64" slack="0"/>
<pin id="326" dir="0" index="1" bw="64" slack="1"/>
<pin id="327" dir="1" index="2" bw="64" slack="0"/>
</pin_list>
<bind>
<opcode="add(8) " fcode="add"/>
<opset="add_ln15_1/2 "/>
</bind>
</comp>

<comp id="329" class="1004" name="sext_ln17_mid2_v_fu_329">
<pin_list>
<pin id="330" dir="0" index="0" bw="62" slack="0"/>
<pin id="331" dir="0" index="1" bw="64" slack="0"/>
<pin id="332" dir="0" index="2" bw="3" slack="0"/>
<pin id="333" dir="0" index="3" bw="7" slack="0"/>
<pin id="334" dir="1" index="4" bw="62" slack="11"/>
</pin_list>
<bind>
<opcode="partselect(1002) " fcode="partselect"/>
<opset="sext_ln17_mid2_v/2 "/>
</bind>
</comp>

<comp id="339" class="1004" name="zext_ln17_fu_339">
<pin_list>
<pin id="340" dir="0" index="0" bw="32" slack="1"/>
<pin id="341" dir="1" index="1" bw="62" slack="0"/>
</pin_list>
<bind>
<opcode="zext(34) " fcode="zext"/>
<opset="zext_ln17/3 "/>
</bind>
</comp>

<comp id="342" class="1004" name="empty_fu_342">
<pin_list>
<pin id="343" dir="0" index="0" bw="32" slack="0"/>
<pin id="344" dir="0" index="1" bw="62" slack="0"/>
<pin id="345" dir="1" index="2" bw="62" slack="0"/>
</pin_list>
<bind>
<opcode="add(8) " fcode="add"/>
<opset="empty/3 "/>
</bind>
</comp>

<comp id="348" class="1004" name="tmp_fu_348">
<pin_list>
<pin id="349" dir="0" index="0" bw="64" slack="0"/>
<pin id="350" dir="0" index="1" bw="62" slack="0"/>
<pin id="351" dir="0" index="2" bw="1" slack="0"/>
<pin id="352" dir="1" index="3" bw="64" slack="0"/>
</pin_list>
<bind>
<opcode="bitconcatenate(1004) " fcode="bitconcatenate"/>
<opset="tmp/3 "/>
</bind>
</comp>

<comp id="356" class="1004" name="empty_19_fu_356">
<pin_list>
<pin id="357" dir="0" index="0" bw="64" slack="0"/>
<pin id="358" dir="0" index="1" bw="64" slack="2"/>
<pin id="359" dir="1" index="2" bw="64" slack="0"/>
</pin_list>
<bind>
<opcode="add(8) " fcode="add"/>
<opset="empty_19/3 "/>
</bind>
</comp>

<comp id="361" class="1004" name="trunc_ln_fu_361">
<pin_list>
<pin id="362" dir="0" index="0" bw="62" slack="0"/>
<pin id="363" dir="0" index="1" bw="64" slack="0"/>
<pin id="364" dir="0" index="2" bw="3" slack="0"/>
<pin id="365" dir="0" index="3" bw="7" slack="0"/>
<pin id="366" dir="1" index="4" bw="62" slack="0"/>
</pin_list>
<bind>
<opcode="partselect(1002) " fcode="partselect"/>
<opset="trunc_ln/3 "/>
</bind>
</comp>

<comp id="371" class="1004" name="sext_ln22_fu_371">
<pin_list>
<pin id="372" dir="0" index="0" bw="62" slack="0"/>
<pin id="373" dir="1" index="1" bw="64" slack="0"/>
</pin_list>
<bind>
<opcode="sext(35) " fcode="sext"/>
<opset="sext_ln22/3 "/>
</bind>
</comp>

<comp id="375" class="1004" name="gmem_addr_fu_375">
<pin_list>
<pin id="376" dir="0" index="0" bw="64" slack="0"/>
<pin id="377" dir="0" index="1" bw="64" slack="0"/>
<pin id="378" dir="1" index="2" bw="64" slack="1"/>
</pin_list>
<bind>
<opcode="getelementptr(29) " fcode="getelementptr"/>
<opset="gmem_addr/3 "/>
</bind>
</comp>

<comp id="381" class="1004" name="sext_ln15_fu_381">
<pin_list>
<pin id="382" dir="0" index="0" bw="62" slack="11"/>
<pin id="383" dir="1" index="1" bw="63" slack="1"/>
</pin_list>
<bind>
<opcode="sext(35) " fcode="sext"/>
<opset="sext_ln15/13 "/>
</bind>
</comp>

<comp id="384" class="1004" name="icmp_ln19_fu_384">
<pin_list>
<pin id="385" dir="0" index="0" bw="32" slack="0"/>
<pin id="386" dir="0" index="1" bw="32" slack="13"/>
<pin id="387" dir="1" index="2" bw="1" slack="2147483647"/>
</pin_list>
<bind>
<opcode="icmp(45) " fcode="icmp"/>
<opset="icmp_ln19/14 "/>
</bind>
</comp>

<comp id="389" class="1004" name="add_ln19_fu_389">
<pin_list>
<pin id="390" dir="0" index="0" bw="32" slack="0"/>
<pin id="391" dir="0" index="1" bw="1" slack="0"/>
<pin id="392" dir="1" index="2" bw="32" slack="0"/>
</pin_list>
<bind>
<opcode="add(8) " fcode="add"/>
<opset="add_ln19/14 "/>
</bind>
</comp>

<comp id="395" class="1004" name="zext_ln19_fu_395">
<pin_list>
<pin id="396" dir="0" index="0" bw="32" slack="0"/>
<pin id="397" dir="1" index="1" bw="63" slack="0"/>
</pin_list>
<bind>
<opcode="zext(34) " fcode="zext"/>
<opset="zext_ln19/14 "/>
</bind>
</comp>

<comp id="399" class="1004" name="add_ln22_fu_399">
<pin_list>
<pin id="400" dir="0" index="0" bw="32" slack="0"/>
<pin id="401" dir="0" index="1" bw="62" slack="1"/>
<pin id="402" dir="1" index="2" bw="63" slack="0"/>
</pin_list>
<bind>
<opcode="add(8) " fcode="add"/>
<opset="add_ln22/14 "/>
</bind>
</comp>

<comp id="404" class="1004" name="sext_ln22_2_fu_404">
<pin_list>
<pin id="405" dir="0" index="0" bw="63" slack="0"/>
<pin id="406" dir="1" index="1" bw="64" slack="0"/>
</pin_list>
<bind>
<opcode="sext(35) " fcode="sext"/>
<opset="sext_ln22_2/14 "/>
</bind>
</comp>

<comp id="408" class="1004" name="gmem_addr_1_fu_408">
<pin_list>
<pin id="409" dir="0" index="0" bw="64" slack="0"/>
<pin id="410" dir="0" index="1" bw="64" slack="0"/>
<pin id="411" dir="1" index="2" bw="64" slack="1"/>
</pin_list>
<bind>
<opcode="getelementptr(29) " fcode="getelementptr"/>
<opset="gmem_addr_1/14 "/>
</bind>
</comp>

<comp id="414" class="1004" name="add_ln22_4_fu_414">
<pin_list>
<pin id="415" dir="0" index="0" bw="62" slack="0"/>
<pin id="416" dir="0" index="1" bw="32" slack="13"/>
<pin id="417" dir="1" index="2" bw="62" slack="0"/>
</pin_list>
<bind>
<opcode="add(8) " fcode="add"/>
<opset="add_ln22_4/14 "/>
</bind>
</comp>

<comp id="419" class="1004" name="add_ln22_1_fu_419">
<pin_list>
<pin id="420" dir="0" index="0" bw="62" slack="0"/>
<pin id="421" dir="0" index="1" bw="32" slack="11"/>
<pin id="422" dir="1" index="2" bw="62" slack="0"/>
</pin_list>
<bind>
<opcode="add(8) " fcode="add"/>
<opset="add_ln22_1/14 "/>
</bind>
</comp>

<comp id="424" class="1004" name="shl_ln_fu_424">
<pin_list>
<pin id="425" dir="0" index="0" bw="64" slack="0"/>
<pin id="426" dir="0" index="1" bw="62" slack="0"/>
<pin id="427" dir="0" index="2" bw="1" slack="0"/>
<pin id="428" dir="1" index="3" bw="64" slack="0"/>
</pin_list>
<bind>
<opcode="bitconcatenate(1004) " fcode="bitconcatenate"/>
<opset="shl_ln/14 "/>
</bind>
</comp>

<comp id="432" class="1004" name="add_ln22_2_fu_432">
<pin_list>
<pin id="433" dir="0" index="0" bw="64" slack="0"/>
<pin id="434" dir="0" index="1" bw="64" slack="13"/>
<pin id="435" dir="1" index="2" bw="64" slack="0"/>
</pin_list>
<bind>
<opcode="add(8) " fcode="add"/>
<opset="add_ln22_2/14 "/>
</bind>
</comp>

<comp id="437" class="1004" name="trunc_ln22_1_fu_437">
<pin_list>
<pin id="438" dir="0" index="0" bw="62" slack="0"/>
<pin id="439" dir="0" index="1" bw="64" slack="0"/>
<pin id="440" dir="0" index="2" bw="3" slack="0"/>
<pin id="441" dir="0" index="3" bw="7" slack="0"/>
<pin id="442" dir="1" index="4" bw="62" slack="0"/>
</pin_list>
<bind>
<opcode="partselect(1002) " fcode="partselect"/>
<opset="trunc_ln22_1/14 "/>
</bind>
</comp>

<comp id="447" class="1004" name="sext_ln22_1_fu_447">
<pin_list>
<pin id="448" dir="0" index="0" bw="62" slack="0"/>
<pin id="449" dir="1" index="1" bw="64" slack="0"/>
</pin_list>
<bind>
<opcode="sext(35) " fcode="sext"/>
<opset="sext_ln22_1/14 "/>
</bind>
</comp>

<comp id="451" class="1004" name="gmem_addr_2_fu_451">
<pin_list>
<pin id="452" dir="0" index="0" bw="64" slack="0"/>
<pin id="453" dir="0" index="1" bw="64" slack="0"/>
<pin id="454" dir="1" index="2" bw="64" slack="2"/>
</pin_list>
<bind>
<opcode="getelementptr(29) " fcode="getelementptr"/>
<opset="gmem_addr_2/14 "/>
</bind>
</comp>

<comp id="457" class="1004" name="add_ln17_fu_457">
<pin_list>
<pin id="458" dir="0" index="0" bw="32" slack="12"/>
<pin id="459" dir="0" index="1" bw="1" slack="0"/>
<pin id="460" dir="1" index="2" bw="32" slack="0"/>
</pin_list>
<bind>
<opcode="add(8) " fcode="add"/>
<opset="add_ln17/14 "/>
</bind>
</comp>

<comp id="462" class="1004" name="store_ln15_store_fu_462">
<pin_list>
<pin id="463" dir="0" index="0" bw="64" slack="12"/>
<pin id="464" dir="0" index="1" bw="64" slack="13"/>
<pin id="465" dir="1" index="2" bw="0" slack="2147483647"/>
</pin_list>
<bind>
<opcode="store(28) " fcode="store"/>
<opset="store_ln15/14 "/>
</bind>
</comp>

<comp id="466" class="1004" name="store_ln15_store_fu_466">
<pin_list>
<pin id="467" dir="0" index="0" bw="31" slack="12"/>
<pin id="468" dir="0" index="1" bw="31" slack="13"/>
<pin id="469" dir="1" index="2" bw="0" slack="2147483647"/>
</pin_list>
<bind>
<opcode="store(28) " fcode="store"/>
<opset="store_ln15/14 "/>
</bind>
</comp>

<comp id="470" class="1004" name="store_ln17_store_fu_470">
<pin_list>
<pin id="471" dir="0" index="0" bw="32" slack="0"/>
<pin id="472" dir="0" index="1" bw="32" slack="13"/>
<pin id="473" dir="1" index="2" bw="0" slack="2147483647"/>
</pin_list>
<bind>
<opcode="store(28) " fcode="store"/>
<opset="store_ln17/14 "/>
</bind>
</comp>

<comp id="475" class="1004" name="add_ln22_3_fu_475">
<pin_list>
<pin id="476" dir="0" index="0" bw="32" slack="0"/>
<pin id="477" dir="0" index="1" bw="32" slack="11"/>
<pin id="478" dir="1" index="2" bw="32" slack="1"/>
</pin_list>
<bind>
<opcode="add(8) " fcode="add"/>
<opset="add_ln22_3/25 "/>
</bind>
</comp>

<comp id="481" class="1005" name="j_reg_481">
<pin_list>
<pin id="482" dir="0" index="0" bw="32" slack="0"/>
<pin id="483" dir="1" index="1" bw="32" slack="0"/>
</pin_list>
<bind>
<opset="j "/>
</bind>
</comp>

<comp id="488" class="1005" name="i_reg_488">
<pin_list>
<pin id="489" dir="0" index="0" bw="31" slack="0"/>
<pin id="490" dir="1" index="1" bw="31" slack="0"/>
</pin_list>
<bind>
<opset="i "/>
</bind>
</comp>

<comp id="495" class="1005" name="indvar_flatten_reg_495">
<pin_list>
<pin id="496" dir="0" index="0" bw="64" slack="0"/>
<pin id="497" dir="1" index="1" bw="64" slack="0"/>
</pin_list>
<bind>
<opset="indvar_flatten "/>
</bind>
</comp>

<comp id="502" class="1005" name="dim_read_reg_502">
<pin_list>
<pin id="503" dir="0" index="0" bw="32" slack="1"/>
<pin id="504" dir="1" index="1" bw="32" slack="1"/>
</pin_list>
<bind>
<opset="dim_read "/>
</bind>
</comp>

<comp id="508" class="1005" name="out_r_read_reg_508">
<pin_list>
<pin id="509" dir="0" index="0" bw="64" slack="2"/>
<pin id="510" dir="1" index="1" bw="64" slack="2"/>
</pin_list>
<bind>
<opset="out_r_read "/>
</bind>
</comp>

<comp id="513" class="1005" name="in2_read_reg_513">
<pin_list>
<pin id="514" dir="0" index="0" bw="64" slack="13"/>
<pin id="515" dir="1" index="1" bw="64" slack="13"/>
</pin_list>
<bind>
<opset="in2_read "/>
</bind>
</comp>

<comp id="518" class="1005" name="in1_read_reg_518">
<pin_list>
<pin id="519" dir="0" index="0" bw="64" slack="1"/>
<pin id="520" dir="1" index="1" bw="64" slack="1"/>
</pin_list>
<bind>
<opset="in1_read "/>
</bind>
</comp>

<comp id="523" class="1005" name="dim_cast_reg_523">
<pin_list>
<pin id="524" dir="0" index="0" bw="62" slack="2"/>
<pin id="525" dir="1" index="1" bw="62" slack="2"/>
</pin_list>
<bind>
<opset="dim_cast "/>
</bind>
</comp>

<comp id="529" class="1005" name="dim_cast3_reg_529">
<pin_list>
<pin id="530" dir="0" index="0" bw="62" slack="1"/>
<pin id="531" dir="1" index="1" bw="62" slack="1"/>
</pin_list>
<bind>
<opset="dim_cast3 "/>
</bind>
</comp>

<comp id="534" class="1005" name="mul_ln7_reg_534">
<pin_list>
<pin id="535" dir="0" index="0" bw="64" slack="1"/>
<pin id="536" dir="1" index="1" bw="64" slack="1"/>
</pin_list>
<bind>
<opset="mul_ln7 "/>
</bind>
</comp>

<comp id="542" class="1005" name="add_ln15_reg_542">
<pin_list>
<pin id="543" dir="0" index="0" bw="64" slack="12"/>
<pin id="544" dir="1" index="1" bw="64" slack="12"/>
</pin_list>
<bind>
<opset="add_ln15 "/>
</bind>
</comp>

<comp id="547" class="1005" name="select_ln15_reg_547">
<pin_list>
<pin id="548" dir="0" index="0" bw="32" slack="1"/>
<pin id="549" dir="1" index="1" bw="32" slack="1"/>
</pin_list>
<bind>
<opset="select_ln15 "/>
</bind>
</comp>

<comp id="553" class="1005" name="select_ln15_1_reg_553">
<pin_list>
<pin id="554" dir="0" index="0" bw="31" slack="12"/>
<pin id="555" dir="1" index="1" bw="31" slack="12"/>
</pin_list>
<bind>
<opset="select_ln15_1 "/>
</bind>
</comp>

<comp id="558" class="1005" name="zext_ln15_reg_558">
<pin_list>
<pin id="559" dir="0" index="0" bw="62" slack="1"/>
<pin id="560" dir="1" index="1" bw="62" slack="1"/>
</pin_list>
<bind>
<opset="zext_ln15 "/>
</bind>
</comp>

<comp id="563" class="1005" name="sext_ln17_mid2_v_reg_563">
<pin_list>
<pin id="564" dir="0" index="0" bw="62" slack="11"/>
<pin id="565" dir="1" index="1" bw="62" slack="11"/>
</pin_list>
<bind>
<opset="sext_ln17_mid2_v "/>
</bind>
</comp>

<comp id="568" class="1005" name="zext_ln17_reg_568">
<pin_list>
<pin id="569" dir="0" index="0" bw="62" slack="11"/>
<pin id="570" dir="1" index="1" bw="62" slack="11"/>
</pin_list>
<bind>
<opset="zext_ln17 "/>
</bind>
</comp>

<comp id="573" class="1005" name="gmem_addr_reg_573">
<pin_list>
<pin id="574" dir="0" index="0" bw="32" slack="1"/>
<pin id="575" dir="1" index="1" bw="32" slack="1"/>
</pin_list>
<bind>
<opset="gmem_addr "/>
</bind>
</comp>

<comp id="580" class="1005" name="gmem_addr_read_reg_580">
<pin_list>
<pin id="581" dir="0" index="0" bw="32" slack="2"/>
<pin id="582" dir="1" index="1" bw="32" slack="2"/>
</pin_list>
<bind>
<opset="gmem_addr_read "/>
</bind>
</comp>

<comp id="585" class="1005" name="sext_ln15_reg_585">
<pin_list>
<pin id="586" dir="0" index="0" bw="63" slack="1"/>
<pin id="587" dir="1" index="1" bw="63" slack="1"/>
</pin_list>
<bind>
<opset="sext_ln15 "/>
</bind>
</comp>

<comp id="593" class="1005" name="add_ln19_reg_593">
<pin_list>
<pin id="594" dir="0" index="0" bw="32" slack="0"/>
<pin id="595" dir="1" index="1" bw="32" slack="0"/>
</pin_list>
<bind>
<opset="add_ln19 "/>
</bind>
</comp>

<comp id="598" class="1005" name="gmem_addr_1_reg_598">
<pin_list>
<pin id="599" dir="0" index="0" bw="32" slack="1"/>
<pin id="600" dir="1" index="1" bw="32" slack="1"/>
</pin_list>
<bind>
<opset="gmem_addr_1 "/>
</bind>
</comp>

<comp id="604" class="1005" name="add_ln22_4_reg_604">
<pin_list>
<pin id="605" dir="0" index="0" bw="62" slack="0"/>
<pin id="606" dir="1" index="1" bw="62" slack="0"/>
</pin_list>
<bind>
<opset="add_ln22_4 "/>
</bind>
</comp>

<comp id="609" class="1005" name="gmem_addr_2_reg_609">
<pin_list>
<pin id="610" dir="0" index="0" bw="32" slack="2"/>
<pin id="611" dir="1" index="1" bw="32" slack="2"/>
</pin_list>
<bind>
<opset="gmem_addr_2 "/>
</bind>
</comp>

<comp id="615" class="1005" name="gmem_addr_1_read_reg_615">
<pin_list>
<pin id="616" dir="0" index="0" bw="32" slack="2"/>
<pin id="617" dir="1" index="1" bw="32" slack="2"/>
</pin_list>
<bind>
<opset="gmem_addr_1_read "/>
</bind>
</comp>

<comp id="620" class="1005" name="gmem_addr_2_read_reg_620">
<pin_list>
<pin id="621" dir="0" index="0" bw="32" slack="1"/>
<pin id="622" dir="1" index="1" bw="32" slack="1"/>
</pin_list>
<bind>
<opset="gmem_addr_2_read "/>
</bind>
</comp>

<comp id="625" class="1005" name="add_ln22_3_reg_625">
<pin_list>
<pin id="626" dir="0" index="0" bw="32" slack="1"/>
<pin id="627" dir="1" index="1" bw="32" slack="1"/>
</pin_list>
<bind>
<opset="add_ln22_3 "/>
</bind>
</comp>

</comp_list>

<net_list>
<net id="107"><net_src comp="10" pin="0"/><net_sink comp="104" pin=0"/></net>

<net id="111"><net_src comp="10" pin="0"/><net_sink comp="108" pin=0"/></net>

<net id="115"><net_src comp="10" pin="0"/><net_sink comp="112" pin=0"/></net>

<net id="120"><net_src comp="54" pin="0"/><net_sink comp="116" pin=0"/></net>

<net id="121"><net_src comp="8" pin="0"/><net_sink comp="116" pin=1"/></net>

<net id="126"><net_src comp="56" pin="0"/><net_sink comp="122" pin=0"/></net>

<net id="127"><net_src comp="6" pin="0"/><net_sink comp="122" pin=1"/></net>

<net id="132"><net_src comp="56" pin="0"/><net_sink comp="128" pin=0"/></net>

<net id="133"><net_src comp="4" pin="0"/><net_sink comp="128" pin=1"/></net>

<net id="138"><net_src comp="56" pin="0"/><net_sink comp="134" pin=0"/></net>

<net id="139"><net_src comp="2" pin="0"/><net_sink comp="134" pin=1"/></net>

<net id="145"><net_src comp="76" pin="0"/><net_sink comp="140" pin=0"/></net>

<net id="146"><net_src comp="62" pin="0"/><net_sink comp="140" pin=2"/></net>

<net id="151"><net_src comp="78" pin="0"/><net_sink comp="147" pin=0"/></net>

<net id="157"><net_src comp="76" pin="0"/><net_sink comp="152" pin=0"/></net>

<net id="158"><net_src comp="62" pin="0"/><net_sink comp="152" pin=2"/></net>

<net id="164"><net_src comp="76" pin="0"/><net_sink comp="159" pin=0"/></net>

<net id="165"><net_src comp="62" pin="0"/><net_sink comp="159" pin=2"/></net>

<net id="170"><net_src comp="78" pin="0"/><net_sink comp="166" pin=0"/></net>

<net id="175"><net_src comp="78" pin="0"/><net_sink comp="171" pin=0"/></net>

<net id="176"><net_src comp="96" pin="0"/><net_sink comp="140" pin=0"/></net>

<net id="183"><net_src comp="98" pin="0"/><net_sink comp="177" pin=0"/></net>

<net id="184"><net_src comp="100" pin="0"/><net_sink comp="177" pin=3"/></net>

<net id="185"><net_src comp="102" pin="0"/><net_sink comp="140" pin=0"/></net>

<net id="189"><net_src comp="20" pin="0"/><net_sink comp="186" pin=0"/></net>

<net id="196"><net_src comp="186" pin="1"/><net_sink comp="190" pin=0"/></net>

<net id="200"><net_src comp="197" pin="1"/><net_sink comp="177" pin=2"/></net>

<net id="207"><net_src comp="201" pin="4"/><net_sink comp="197" pin=0"/></net>

<net id="211"><net_src comp="90" pin="0"/><net_sink comp="208" pin=0"/></net>

<net id="218"><net_src comp="208" pin="1"/><net_sink comp="212" pin=0"/></net>

<net id="238"><net_src comp="116" pin="2"/><net_sink comp="235" pin=0"/></net>

<net id="242"><net_src comp="116" pin="2"/><net_sink comp="239" pin=0"/></net>

<net id="246"><net_src comp="116" pin="2"/><net_sink comp="243" pin=0"/></net>

<net id="247"><net_src comp="243" pin="1"/><net_sink comp="227" pin=0"/></net>

<net id="248"><net_src comp="243" pin="1"/><net_sink comp="227" pin=1"/></net>

<net id="253"><net_src comp="58" pin="0"/><net_sink comp="249" pin=0"/></net>

<net id="258"><net_src comp="60" pin="0"/><net_sink comp="254" pin=0"/></net>

<net id="263"><net_src comp="20" pin="0"/><net_sink comp="259" pin=0"/></net>

<net id="271"><net_src comp="264" pin="1"/><net_sink comp="267" pin=0"/></net>

<net id="276"><net_src comp="264" pin="1"/><net_sink comp="272" pin=0"/></net>

<net id="277"><net_src comp="62" pin="0"/><net_sink comp="272" pin=1"/></net>

<net id="288"><net_src comp="278" pin="1"/><net_sink comp="284" pin=0"/></net>

<net id="294"><net_src comp="284" pin="2"/><net_sink comp="289" pin=0"/></net>

<net id="295"><net_src comp="20" pin="0"/><net_sink comp="289" pin=1"/></net>

<net id="296"><net_src comp="278" pin="1"/><net_sink comp="289" pin=2"/></net>

<net id="301"><net_src comp="281" pin="1"/><net_sink comp="297" pin=0"/></net>

<net id="302"><net_src comp="64" pin="0"/><net_sink comp="297" pin=1"/></net>

<net id="308"><net_src comp="284" pin="2"/><net_sink comp="303" pin=0"/></net>

<net id="309"><net_src comp="297" pin="2"/><net_sink comp="303" pin=1"/></net>

<net id="310"><net_src comp="281" pin="1"/><net_sink comp="303" pin=2"/></net>

<net id="314"><net_src comp="303" pin="3"/><net_sink comp="311" pin=0"/></net>

<net id="315"><net_src comp="311" pin="1"/><net_sink comp="219" pin=0"/></net>

<net id="321"><net_src comp="66" pin="0"/><net_sink comp="316" pin=0"/></net>

<net id="322"><net_src comp="219" pin="2"/><net_sink comp="316" pin=1"/></net>

<net id="323"><net_src comp="68" pin="0"/><net_sink comp="316" pin=2"/></net>

<net id="328"><net_src comp="316" pin="3"/><net_sink comp="324" pin=0"/></net>

<net id="335"><net_src comp="70" pin="0"/><net_sink comp="329" pin=0"/></net>

<net id="336"><net_src comp="324" pin="2"/><net_sink comp="329" pin=1"/></net>

<net id="337"><net_src comp="72" pin="0"/><net_sink comp="329" pin=2"/></net>

<net id="338"><net_src comp="74" pin="0"/><net_sink comp="329" pin=3"/></net>

<net id="346"><net_src comp="339" pin="1"/><net_sink comp="342" pin=0"/></net>

<net id="347"><net_src comp="223" pin="2"/><net_sink comp="342" pin=1"/></net>

<net id="353"><net_src comp="66" pin="0"/><net_sink comp="348" pin=0"/></net>

<net id="354"><net_src comp="342" pin="2"/><net_sink comp="348" pin=1"/></net>

<net id="355"><net_src comp="68" pin="0"/><net_sink comp="348" pin=2"/></net>

<net id="360"><net_src comp="348" pin="3"/><net_sink comp="356" pin=0"/></net>

<net id="367"><net_src comp="70" pin="0"/><net_sink comp="361" pin=0"/></net>

<net id="368"><net_src comp="356" pin="2"/><net_sink comp="361" pin=1"/></net>

<net id="369"><net_src comp="72" pin="0"/><net_sink comp="361" pin=2"/></net>

<net id="370"><net_src comp="74" pin="0"/><net_sink comp="361" pin=3"/></net>

<net id="374"><net_src comp="361" pin="4"/><net_sink comp="371" pin=0"/></net>

<net id="379"><net_src comp="0" pin="0"/><net_sink comp="375" pin=0"/></net>

<net id="380"><net_src comp="371" pin="1"/><net_sink comp="375" pin=1"/></net>

<net id="388"><net_src comp="190" pin="4"/><net_sink comp="384" pin=0"/></net>

<net id="393"><net_src comp="190" pin="4"/><net_sink comp="389" pin=0"/></net>

<net id="394"><net_src comp="10" pin="0"/><net_sink comp="389" pin=1"/></net>

<net id="398"><net_src comp="190" pin="4"/><net_sink comp="395" pin=0"/></net>

<net id="403"><net_src comp="395" pin="1"/><net_sink comp="399" pin=0"/></net>

<net id="407"><net_src comp="399" pin="2"/><net_sink comp="404" pin=0"/></net>

<net id="412"><net_src comp="0" pin="0"/><net_sink comp="408" pin=0"/></net>

<net id="413"><net_src comp="404" pin="1"/><net_sink comp="408" pin=1"/></net>

<net id="418"><net_src comp="212" pin="4"/><net_sink comp="414" pin=0"/></net>

<net id="423"><net_src comp="212" pin="4"/><net_sink comp="419" pin=0"/></net>

<net id="429"><net_src comp="66" pin="0"/><net_sink comp="424" pin=0"/></net>

<net id="430"><net_src comp="419" pin="2"/><net_sink comp="424" pin=1"/></net>

<net id="431"><net_src comp="68" pin="0"/><net_sink comp="424" pin=2"/></net>

<net id="436"><net_src comp="424" pin="3"/><net_sink comp="432" pin=0"/></net>

<net id="443"><net_src comp="70" pin="0"/><net_sink comp="437" pin=0"/></net>

<net id="444"><net_src comp="432" pin="2"/><net_sink comp="437" pin=1"/></net>

<net id="445"><net_src comp="72" pin="0"/><net_sink comp="437" pin=2"/></net>

<net id="446"><net_src comp="74" pin="0"/><net_sink comp="437" pin=3"/></net>

<net id="450"><net_src comp="437" pin="4"/><net_sink comp="447" pin=0"/></net>

<net id="455"><net_src comp="0" pin="0"/><net_sink comp="451" pin=0"/></net>

<net id="456"><net_src comp="447" pin="1"/><net_sink comp="451" pin=1"/></net>

<net id="461"><net_src comp="10" pin="0"/><net_sink comp="457" pin=1"/></net>

<net id="474"><net_src comp="457" pin="2"/><net_sink comp="470" pin=0"/></net>

<net id="479"><net_src comp="231" pin="2"/><net_sink comp="475" pin=0"/></net>

<net id="480"><net_src comp="197" pin="1"/><net_sink comp="475" pin=1"/></net>

<net id="484"><net_src comp="104" pin="1"/><net_sink comp="481" pin=0"/></net>

<net id="485"><net_src comp="481" pin="1"/><net_sink comp="259" pin=1"/></net>

<net id="486"><net_src comp="481" pin="1"/><net_sink comp="278" pin=0"/></net>

<net id="487"><net_src comp="481" pin="1"/><net_sink comp="470" pin=1"/></net>

<net id="491"><net_src comp="108" pin="1"/><net_sink comp="488" pin=0"/></net>

<net id="492"><net_src comp="488" pin="1"/><net_sink comp="254" pin=1"/></net>

<net id="493"><net_src comp="488" pin="1"/><net_sink comp="281" pin=0"/></net>

<net id="494"><net_src comp="488" pin="1"/><net_sink comp="466" pin=1"/></net>

<net id="498"><net_src comp="112" pin="1"/><net_sink comp="495" pin=0"/></net>

<net id="499"><net_src comp="495" pin="1"/><net_sink comp="249" pin=1"/></net>

<net id="500"><net_src comp="495" pin="1"/><net_sink comp="264" pin=0"/></net>

<net id="501"><net_src comp="495" pin="1"/><net_sink comp="462" pin=1"/></net>

<net id="505"><net_src comp="116" pin="2"/><net_sink comp="502" pin=0"/></net>

<net id="506"><net_src comp="502" pin="1"/><net_sink comp="284" pin=1"/></net>

<net id="507"><net_src comp="502" pin="1"/><net_sink comp="384" pin=1"/></net>

<net id="511"><net_src comp="122" pin="2"/><net_sink comp="508" pin=0"/></net>

<net id="512"><net_src comp="508" pin="1"/><net_sink comp="356" pin=1"/></net>

<net id="516"><net_src comp="128" pin="2"/><net_sink comp="513" pin=0"/></net>

<net id="517"><net_src comp="513" pin="1"/><net_sink comp="432" pin=1"/></net>

<net id="521"><net_src comp="134" pin="2"/><net_sink comp="518" pin=0"/></net>

<net id="522"><net_src comp="518" pin="1"/><net_sink comp="324" pin=1"/></net>

<net id="526"><net_src comp="235" pin="1"/><net_sink comp="523" pin=0"/></net>

<net id="527"><net_src comp="523" pin="1"/><net_sink comp="223" pin=1"/></net>

<net id="528"><net_src comp="523" pin="1"/><net_sink comp="414" pin=1"/></net>

<net id="532"><net_src comp="239" pin="1"/><net_sink comp="529" pin=0"/></net>

<net id="533"><net_src comp="529" pin="1"/><net_sink comp="219" pin=1"/></net>

<net id="537"><net_src comp="227" pin="2"/><net_sink comp="534" pin=0"/></net>

<net id="538"><net_src comp="534" pin="1"/><net_sink comp="267" pin=1"/></net>

<net id="545"><net_src comp="272" pin="2"/><net_sink comp="542" pin=0"/></net>

<net id="546"><net_src comp="542" pin="1"/><net_sink comp="462" pin=0"/></net>

<net id="550"><net_src comp="289" pin="3"/><net_sink comp="547" pin=0"/></net>

<net id="551"><net_src comp="547" pin="1"/><net_sink comp="339" pin=0"/></net>

<net id="552"><net_src comp="547" pin="1"/><net_sink comp="457" pin=0"/></net>

<net id="556"><net_src comp="303" pin="3"/><net_sink comp="553" pin=0"/></net>

<net id="557"><net_src comp="553" pin="1"/><net_sink comp="466" pin=0"/></net>

<net id="561"><net_src comp="311" pin="1"/><net_sink comp="558" pin=0"/></net>

<net id="562"><net_src comp="558" pin="1"/><net_sink comp="223" pin=0"/></net>

<net id="566"><net_src comp="329" pin="4"/><net_sink comp="563" pin=0"/></net>

<net id="567"><net_src comp="563" pin="1"/><net_sink comp="381" pin=0"/></net>

<net id="571"><net_src comp="339" pin="1"/><net_sink comp="568" pin=0"/></net>

<net id="572"><net_src comp="568" pin="1"/><net_sink comp="419" pin=1"/></net>

<net id="576"><net_src comp="375" pin="2"/><net_sink comp="573" pin=0"/></net>

<net id="577"><net_src comp="573" pin="1"/><net_sink comp="140" pin=1"/></net>

<net id="578"><net_src comp="573" pin="1"/><net_sink comp="147" pin=1"/></net>

<net id="579"><net_src comp="573" pin="1"/><net_sink comp="177" pin=1"/></net>

<net id="583"><net_src comp="147" pin="2"/><net_sink comp="580" pin=0"/></net>

<net id="584"><net_src comp="580" pin="1"/><net_sink comp="201" pin=0"/></net>

<net id="588"><net_src comp="381" pin="1"/><net_sink comp="585" pin=0"/></net>

<net id="589"><net_src comp="585" pin="1"/><net_sink comp="399" pin=1"/></net>

<net id="596"><net_src comp="389" pin="2"/><net_sink comp="593" pin=0"/></net>

<net id="597"><net_src comp="593" pin="1"/><net_sink comp="190" pin=2"/></net>

<net id="601"><net_src comp="408" pin="2"/><net_sink comp="598" pin=0"/></net>

<net id="602"><net_src comp="598" pin="1"/><net_sink comp="152" pin=1"/></net>

<net id="603"><net_src comp="598" pin="1"/><net_sink comp="166" pin=1"/></net>

<net id="607"><net_src comp="414" pin="2"/><net_sink comp="604" pin=0"/></net>

<net id="608"><net_src comp="604" pin="1"/><net_sink comp="212" pin=2"/></net>

<net id="612"><net_src comp="451" pin="2"/><net_sink comp="609" pin=0"/></net>

<net id="613"><net_src comp="609" pin="1"/><net_sink comp="159" pin=1"/></net>

<net id="614"><net_src comp="609" pin="1"/><net_sink comp="171" pin=1"/></net>

<net id="618"><net_src comp="166" pin="2"/><net_sink comp="615" pin=0"/></net>

<net id="619"><net_src comp="615" pin="1"/><net_sink comp="231" pin=1"/></net>

<net id="623"><net_src comp="171" pin="2"/><net_sink comp="620" pin=0"/></net>

<net id="624"><net_src comp="620" pin="1"/><net_sink comp="231" pin=0"/></net>

<net id="628"><net_src comp="475" pin="2"/><net_sink comp="625" pin=0"/></net>

<net id="629"><net_src comp="625" pin="1"/><net_sink comp="201" pin=2"/></net>

</net_list>

</model> 
---------------- Datapath Model END ------------------

* FSMD analyzer results:
  - Output states:
	Port: gmem | {26 27 28 29 30 31 32 }
 - Input state : 
	Port: mmult_hw : gmem | {4 5 6 7 8 9 10 11 12 15 16 17 18 19 20 21 22 23 24 }
	Port: mmult_hw : in1 | {1 }
	Port: mmult_hw : in2 | {1 }
	Port: mmult_hw : out_r | {1 }
	Port: mmult_hw : dim | {1 }
  - Chain level:
	State 1
		mul_ln7 : 1
		store_ln0 : 1
		store_ln15 : 1
		store_ln17 : 1
	State 2
		icmp_ln15 : 1
		add_ln15 : 1
		br_ln15 : 2
		icmp_ln17 : 1
		select_ln15 : 2
		add_ln15_2 : 1
		select_ln15_1 : 2
		zext_ln15 : 3
		mul_ln15_1 : 4
		sext_ln17_mid2_v_v_v_v : 5
		add_ln15_1 : 6
		sext_ln17_mid2_v : 7
	State 3
		empty : 1
		tmp : 2
		empty_19 : 3
		trunc_ln : 4
		sext_ln22 : 5
		gmem_addr : 6
	State 4
	State 5
	State 6
	State 7
	State 8
	State 9
	State 10
	State 11
	State 12
	State 13
	State 14
		icmp_ln19 : 1
		add_ln19 : 1
		br_ln19 : 2
		zext_ln19 : 1
		add_ln22 : 2
		sext_ln22_2 : 3
		gmem_addr_1 : 4
		add_ln22_4 : 1
		add_ln22_1 : 1
		shl_ln : 2
		add_ln22_2 : 3
		trunc_ln22_1 : 4
		sext_ln22_1 : 5
		gmem_addr_2 : 6
		store_ln17 : 1
	State 15
	State 16
	State 17
	State 18
	State 19
	State 20
	State 21
	State 22
	State 23
	State 24
	State 25
		add_ln22_3 : 1
	State 26
	State 27
	State 28
	State 29
	State 30
	State 31
	State 32


============================================================
+ Verbose Summary: Datapath Resource usage 
============================================================

* Functional unit list:
|----------|-------------------------------|---------|---------|---------|
| Operation|        Functional Unit        |   DSP   |    FF   |   LUT   |
|----------|-------------------------------|---------|---------|---------|
|          |        add_ln15_fu_272        |    0    |    0    |    71   |
|          |       add_ln15_2_fu_297       |    0    |    0    |    38   |
|          |       add_ln15_1_fu_324       |    0    |    0    |    71   |
|          |          empty_fu_342         |    0    |    0    |    69   |
|          |        empty_19_fu_356        |    0    |    0    |    71   |
|    add   |        add_ln19_fu_389        |    0    |    0    |    39   |
|          |        add_ln22_fu_399        |    0    |    0    |    69   |
|          |       add_ln22_4_fu_414       |    0    |    0    |    69   |
|          |       add_ln22_1_fu_419       |    0    |    0    |    69   |
|          |       add_ln22_2_fu_432       |    0    |    0    |    71   |
|          |        add_ln17_fu_457        |    0    |    0    |    39   |
|          |       add_ln22_3_fu_475       |    0    |    0    |    39   |
|----------|-------------------------------|---------|---------|---------|
|          |        icmp_ln15_fu_267       |    0    |    0    |    71   |
|   icmp   |        icmp_ln17_fu_284       |    0    |    0    |    39   |
|          |        icmp_ln19_fu_384       |    0    |    0    |    39   |
|----------|-------------------------------|---------|---------|---------|
|          |       mul_ln15_1_fu_219       |    4    |    0    |    20   |
|    mul   |        mul_ln15_fu_223        |    4    |    0    |    20   |
|          |         mul_ln7_fu_227        |    4    |    0    |    20   |
|          |        mul_ln22_fu_231        |    3    |    0    |    20   |
|----------|-------------------------------|---------|---------|---------|
|  select  |       select_ln15_fu_289      |    0    |    0    |    32   |
|          |      select_ln15_1_fu_303     |    0    |    0    |    30   |
|----------|-------------------------------|---------|---------|---------|
|          |      dim_read_read_fu_116     |    0    |    0    |    0    |
|          |     out_r_read_read_fu_122    |    0    |    0    |    0    |
|          |      in2_read_read_fu_128     |    0    |    0    |    0    |
|   read   |      in1_read_read_fu_134     |    0    |    0    |    0    |
|          |   gmem_addr_read_read_fu_147  |    0    |    0    |    0    |
|          |  gmem_addr_1_read_read_fu_166 |    0    |    0    |    0    |
|          |  gmem_addr_2_read_read_fu_171 |    0    |    0    |    0    |
|----------|-------------------------------|---------|---------|---------|
| writeresp|      grp_writeresp_fu_140     |    0    |    0    |    0    |
|----------|-------------------------------|---------|---------|---------|
|  readreq |       grp_readreq_fu_152      |    0    |    0    |    0    |
|          |       grp_readreq_fu_159      |    0    |    0    |    0    |
|----------|-------------------------------|---------|---------|---------|
|   write  |    write_ln22_write_fu_177    |    0    |    0    |    0    |
|----------|-------------------------------|---------|---------|---------|
|          |        dim_cast_fu_235        |    0    |    0    |    0    |
|          |        sext_ln22_fu_371       |    0    |    0    |    0    |
|   sext   |        sext_ln15_fu_381       |    0    |    0    |    0    |
|          |       sext_ln22_2_fu_404      |    0    |    0    |    0    |
|          |       sext_ln22_1_fu_447      |    0    |    0    |    0    |
|----------|-------------------------------|---------|---------|---------|
|          |        dim_cast3_fu_239       |    0    |    0    |    0    |
|          |        zext_ln7_fu_243        |    0    |    0    |    0    |
|   zext   |        zext_ln15_fu_311       |    0    |    0    |    0    |
|          |        zext_ln17_fu_339       |    0    |    0    |    0    |
|          |        zext_ln19_fu_395       |    0    |    0    |    0    |
|----------|-------------------------------|---------|---------|---------|
|          | sext_ln17_mid2_v_v_v_v_fu_316 |    0    |    0    |    0    |
|bitconcatenate|           tmp_fu_348          |    0    |    0    |    0    |
|          |         shl_ln_fu_424         |    0    |    0    |    0    |
|----------|-------------------------------|---------|---------|---------|
|          |    sext_ln17_mid2_v_fu_329    |    0    |    0    |    0    |
|partselect|        trunc_ln_fu_361        |    0    |    0    |    0    |
|          |      trunc_ln22_1_fu_437      |    0    |    0    |    0    |
|----------|-------------------------------|---------|---------|---------|
|   Total  |                               |    15   |    0    |   1006  |
|----------|-------------------------------|---------|---------|---------|

Memories:
N/A

* Register list:
+------------------------+--------+
|                        |   FF   |
+------------------------+--------+
|     add187_reg_197     |   32   |
|    add_ln15_reg_542    |   64   |
|    add_ln19_reg_593    |   32   |
|   add_ln22_3_reg_625   |   32   |
|   add_ln22_4_reg_604   |   62   |
|    dim_cast3_reg_529   |   62   |
|    dim_cast_reg_523    |   62   |
|    dim_read_reg_502    |   32   |
|gmem_addr_1_read_reg_615|   32   |
|   gmem_addr_1_reg_598  |   32   |
|gmem_addr_2_read_reg_620|   32   |
|   gmem_addr_2_reg_609  |   32   |
| gmem_addr_read_reg_580 |   32   |
|    gmem_addr_reg_573   |   32   |
|        i_reg_488       |   31   |
|    in1_read_reg_518    |   64   |
|    in2_read_reg_513    |   64   |
| indvar_flatten_reg_495 |   64   |
|        j_reg_481       |   32   |
|        k_reg_186       |   32   |
|     mul_ln7_reg_534    |   64   |
|   out_r_read_reg_508   |   64   |
|     phi_mul_reg_208    |   62   |
|  select_ln15_1_reg_553 |   31   |
|   select_ln15_reg_547  |   32   |
|    sext_ln15_reg_585   |   63   |
|sext_ln17_mid2_v_reg_563|   62   |
|    zext_ln15_reg_558   |   62   |
|    zext_ln17_reg_568   |   62   |
+------------------------+--------+
|          Total         |  1359  |
+------------------------+--------+

* Multiplexer (MUX) list: 
|----------------------|------|------|------|--------||---------|
|         Comp         |  Pin | Size |  BW  | S x BW ||  Delay  |
|----------------------|------|------|------|--------||---------|
| grp_writeresp_fu_140 |  p0  |   3  |   1  |    3   |
|----------------------|------|------|------|--------||---------|
|         Total        |      |      |      |    3   ||  0.547  |
|----------------------|------|------|------|--------||---------|



* Summary:
+-----------+--------+--------+--------+--------+
|           |   DSP  |  Delay |   FF   |   LUT  |
+-----------+--------+--------+--------+--------+
|  Function |   15   |    -   |    0   |  1006  |
|   Memory  |    -   |    -   |    -   |    -   |
|Multiplexer|    -   |    0   |    -   |    -   |
|  Register |    -   |    -   |  1359  |    -   |
+-----------+--------+--------+--------+--------+
|   Total   |   15   |    0   |  1359  |  1006  |
+-----------+--------+--------+--------+--------+
