

================================================================
== Vitis HLS Report for 'dct'
================================================================
* Date:           Thu Jan 29 20:29:38 2026

* Version:        2024.1 (Build 5069499 on May 21 2024)
* Project:        dct
* Solution:       hls (Vitis Kernel Flow Target)
* Product family: zynquplus
* Target device:  xczu3eg-sfvc784-2-e


================================================================
== Performance Estimates
================================================================
+ Timing: 
    * Summary: 
    +--------+---------+----------+------------+
    |  Clock |  Target | Estimated| Uncertainty|
    +--------+---------+----------+------------+
    |ap_clk  |  8.00 ns|  7.040 ns|     0.96 ns|
    +--------+---------+----------+------------+

+ Latency: 
    * Summary: 
    +---------+---------+----------+----------+-----+-----+---------+
    |  Latency (cycles) |  Latency (absolute) |  Interval | Pipeline|
    |   min   |   max   |    min   |    max   | min | max |   Type  |
    +---------+---------+----------+----------+-----+-----+---------+
    |      188|      188|  1.504 us|  1.504 us|  189|  189|       no|
    +---------+---------+----------+----------+-----+-----+---------+

    + Detail: 
        * Instance: 
        +-------------------------------------+--------------------------+---------+---------+-----------+-----------+-----+-----+-----------------------------------------------+
        |                                     |                          |  Latency (cycles) |   Latency (absolute)  |  Interval |                    Pipeline                   |
        |               Instance              |          Module          |   min   |   max   |    min    |    max    | min | max |                      Type                     |
        +-------------------------------------+--------------------------+---------+---------+-----------+-----------+-----+-----+-----------------------------------------------+
        |grp_dct_Pipeline_RD_Loop_Row_fu_159  |dct_Pipeline_RD_Loop_Row  |       11|       11|  88.000 ns|  88.000 ns|    9|    9|  loop auto-rewind stp(delay=0 clock cycles(s))|
        |grp_dct_2d_fu_174                    |dct_2d                    |       20|       20|   0.160 us|   0.160 us|    4|    4|                                            yes|
        |grp_dct_Pipeline_WR_Loop_Row_fu_194  |dct_Pipeline_WR_Loop_Row  |       11|       11|  88.000 ns|  88.000 ns|    9|    9|  loop auto-rewind stp(delay=0 clock cycles(s))|
        +-------------------------------------+--------------------------+---------+---------+-----------+-----------+-----+-----+-----------------------------------------------+

        * Loop: 
        N/A



================================================================
== Utilization Estimates
================================================================
* Summary: 
+-----------------+---------+-----+--------+-------+-----+
|       Name      | BRAM_18K| DSP |   FF   |  LUT  | URAM|
+-----------------+---------+-----+--------+-------+-----+
|DSP              |        -|    -|       -|      -|    -|
|Expression       |        -|    -|       0|      2|    -|
|FIFO             |        -|    -|       -|      -|    -|
|Instance         |       58|  112|    8933|   8741|    0|
|Memory           |        0|    -|     512|     32|    0|
|Multiplexer      |        -|    -|       0|   1848|    -|
|Register         |        -|    -|     290|      -|    -|
+-----------------+---------+-----+--------+-------+-----+
|Total            |       58|  112|    9735|  10623|    0|
+-----------------+---------+-----+--------+-------+-----+
|Available        |      432|  360|  141120|  70560|    0|
+-----------------+---------+-----+--------+-------+-----+
|Utilization (%)  |       13|   31|       6|     15|    0|
+-----------------+---------+-----+--------+-------+-----+

+ Detail: 
    * Instance: 
    +-------------------------------------+--------------------------+---------+-----+------+------+-----+
    |               Instance              |          Module          | BRAM_18K| DSP |  FF  |  LUT | URAM|
    +-------------------------------------+--------------------------+---------+-----+------+------+-----+
    |control_s_axi_U                      |control_s_axi             |        0|    0|   176|   296|    0|
    |grp_dct_2d_fu_174                    |dct_2d                    |        0|  112|  5590|  6222|    0|
    |grp_dct_Pipeline_RD_Loop_Row_fu_159  |dct_Pipeline_RD_Loop_Row  |        0|    0|   917|   109|    0|
    |grp_dct_Pipeline_WR_Loop_Row_fu_194  |dct_Pipeline_WR_Loop_Row  |        0|    0|   523|   427|    0|
    |gmem_m_axi_U                         |gmem_m_axi                |       58|    0|  1727|  1687|    0|
    +-------------------------------------+--------------------------+---------+-----+------+------+-----+
    |Total                                |                          |       58|  112|  8933|  8741|    0|
    +-------------------------------------+--------------------------+---------+-----+------+------+-----+

    * DSP: 
    N/A

    * Memory: 
    +----------------+--------------------------+---------+----+----+-----+------+-----+------+-------------+
    |     Memory     |          Module          | BRAM_18K| FF | LUT| URAM| Words| Bits| Banks| W*Bits*Banks|
    +----------------+--------------------------+---------+----+----+-----+------+-----+------+-------------+
    |buf_2d_in_U     |buf_2d_in_RAM_AUTO_1R1W   |        0|  32|   2|    0|     8|   16|     1|          128|
    |buf_2d_in_1_U   |buf_2d_in_RAM_AUTO_1R1W   |        0|  32|   2|    0|     8|   16|     1|          128|
    |buf_2d_in_2_U   |buf_2d_in_RAM_AUTO_1R1W   |        0|  32|   2|    0|     8|   16|     1|          128|
    |buf_2d_in_3_U   |buf_2d_in_RAM_AUTO_1R1W   |        0|  32|   2|    0|     8|   16|     1|          128|
    |buf_2d_in_4_U   |buf_2d_in_RAM_AUTO_1R1W   |        0|  32|   2|    0|     8|   16|     1|          128|
    |buf_2d_in_5_U   |buf_2d_in_RAM_AUTO_1R1W   |        0|  32|   2|    0|     8|   16|     1|          128|
    |buf_2d_in_6_U   |buf_2d_in_RAM_AUTO_1R1W   |        0|  32|   2|    0|     8|   16|     1|          128|
    |buf_2d_in_7_U   |buf_2d_in_RAM_AUTO_1R1W   |        0|  32|   2|    0|     8|   16|     1|          128|
    |buf_2d_out_U    |buf_2d_out_RAM_AUTO_1R1W  |        0|  32|   2|    0|     8|   16|     1|          128|
    |buf_2d_out_1_U  |buf_2d_out_RAM_AUTO_1R1W  |        0|  32|   2|    0|     8|   16|     1|          128|
    |buf_2d_out_2_U  |buf_2d_out_RAM_AUTO_1R1W  |        0|  32|   2|    0|     8|   16|     1|          128|
    |buf_2d_out_3_U  |buf_2d_out_RAM_AUTO_1R1W  |        0|  32|   2|    0|     8|   16|     1|          128|
    |buf_2d_out_4_U  |buf_2d_out_RAM_AUTO_1R1W  |        0|  32|   2|    0|     8|   16|     1|          128|
    |buf_2d_out_5_U  |buf_2d_out_RAM_AUTO_1R1W  |        0|  32|   2|    0|     8|   16|     1|          128|
    |buf_2d_out_6_U  |buf_2d_out_RAM_AUTO_1R1W  |        0|  32|   2|    0|     8|   16|     1|          128|
    |buf_2d_out_7_U  |buf_2d_out_RAM_AUTO_1R1W  |        0|  32|   2|    0|     8|   16|     1|          128|
    +----------------+--------------------------+---------+----+----+-----+------+-----+------+-------------+
    |Total           |                          |        0| 512|  32|    0|   128|  256|    16|         2048|
    +----------------+--------------------------+---------+----+----+-----+------+-----+------+-------------+

    * FIFO: 
    N/A

    * Expression: 
    +-----------------+----------+----+---+----+------------+------------+
    |  Variable Name  | Operation| DSP| FF| LUT| Bitwidth P0| Bitwidth P1|
    +-----------------+----------+----+---+----+------------+------------+
    |ap_block_state1  |        or|   0|  0|   2|           1|           1|
    +-----------------+----------+----+---+----+------------+------------+
    |Total            |          |   0|  0|   2|           1|           1|
    +-----------------+----------+----+---+----+------------+------------+

    * Multiplexer: 
    +-----------------------+-----+-----------+-----+-----------+
    |          Name         | LUT | Input Size| Bits| Total Bits|
    +-----------------------+-----+-----------+-----+-----------+
    |ap_NS_fsm              |  888|        168|    1|        168|
    |ap_done                |    9|          2|    1|          2|
    |buf_2d_in_1_address0   |   14|          3|    3|          9|
    |buf_2d_in_1_ce0        |   14|          3|    1|          3|
    |buf_2d_in_1_ce1        |    9|          2|    1|          2|
    |buf_2d_in_1_we0        |    9|          2|    1|          2|
    |buf_2d_in_2_address0   |   14|          3|    3|          9|
    |buf_2d_in_2_ce0        |   14|          3|    1|          3|
    |buf_2d_in_2_ce1        |    9|          2|    1|          2|
    |buf_2d_in_2_we0        |    9|          2|    1|          2|
    |buf_2d_in_3_address0   |   14|          3|    3|          9|
    |buf_2d_in_3_ce0        |   14|          3|    1|          3|
    |buf_2d_in_3_ce1        |    9|          2|    1|          2|
    |buf_2d_in_3_we0        |    9|          2|    1|          2|
    |buf_2d_in_4_address0   |   14|          3|    3|          9|
    |buf_2d_in_4_ce0        |   14|          3|    1|          3|
    |buf_2d_in_4_ce1        |    9|          2|    1|          2|
    |buf_2d_in_4_we0        |    9|          2|    1|          2|
    |buf_2d_in_5_address0   |   14|          3|    3|          9|
    |buf_2d_in_5_ce0        |   14|          3|    1|          3|
    |buf_2d_in_5_ce1        |    9|          2|    1|          2|
    |buf_2d_in_5_we0        |    9|          2|    1|          2|
    |buf_2d_in_6_address0   |   14|          3|    3|          9|
    |buf_2d_in_6_ce0        |   14|          3|    1|          3|
    |buf_2d_in_6_ce1        |    9|          2|    1|          2|
    |buf_2d_in_6_we0        |    9|          2|    1|          2|
    |buf_2d_in_7_address0   |   14|          3|    3|          9|
    |buf_2d_in_7_ce0        |   14|          3|    1|          3|
    |buf_2d_in_7_ce1        |    9|          2|    1|          2|
    |buf_2d_in_7_we0        |    9|          2|    1|          2|
    |buf_2d_in_address0     |   14|          3|    3|          9|
    |buf_2d_in_ce0          |   14|          3|    1|          3|
    |buf_2d_in_ce1          |    9|          2|    1|          2|
    |buf_2d_in_we0          |    9|          2|    1|          2|
    |buf_2d_out_1_address0  |   14|          3|    3|          9|
    |buf_2d_out_1_ce0       |   14|          3|    1|          3|
    |buf_2d_out_1_ce1       |    9|          2|    1|          2|
    |buf_2d_out_1_we0       |    9|          2|    1|          2|
    |buf_2d_out_1_we1       |    9|          2|    1|          2|
    |buf_2d_out_2_address0  |   14|          3|    3|          9|
    |buf_2d_out_2_ce0       |   14|          3|    1|          3|
    |buf_2d_out_2_ce1       |    9|          2|    1|          2|
    |buf_2d_out_2_we0       |    9|          2|    1|          2|
    |buf_2d_out_2_we1       |    9|          2|    1|          2|
    |buf_2d_out_3_address0  |   14|          3|    3|          9|
    |buf_2d_out_3_ce0       |   14|          3|    1|          3|
    |buf_2d_out_3_ce1       |    9|          2|    1|          2|
    |buf_2d_out_3_we0       |    9|          2|    1|          2|
    |buf_2d_out_3_we1       |    9|          2|    1|          2|
    |buf_2d_out_4_address0  |   14|          3|    3|          9|
    |buf_2d_out_4_ce0       |   14|          3|    1|          3|
    |buf_2d_out_4_ce1       |    9|          2|    1|          2|
    |buf_2d_out_4_we0       |    9|          2|    1|          2|
    |buf_2d_out_4_we1       |    9|          2|    1|          2|
    |buf_2d_out_5_address0  |   14|          3|    3|          9|
    |buf_2d_out_5_ce0       |   14|          3|    1|          3|
    |buf_2d_out_5_ce1       |    9|          2|    1|          2|
    |buf_2d_out_5_we0       |    9|          2|    1|          2|
    |buf_2d_out_5_we1       |    9|          2|    1|          2|
    |buf_2d_out_6_address0  |   14|          3|    3|          9|
    |buf_2d_out_6_ce0       |   14|          3|    1|          3|
    |buf_2d_out_6_ce1       |    9|          2|    1|          2|
    |buf_2d_out_6_we0       |    9|          2|    1|          2|
    |buf_2d_out_6_we1       |    9|          2|    1|          2|
    |buf_2d_out_7_address0  |   14|          3|    3|          9|
    |buf_2d_out_7_ce0       |   14|          3|    1|          3|
    |buf_2d_out_7_ce1       |    9|          2|    1|          2|
    |buf_2d_out_7_we0       |    9|          2|    1|          2|
    |buf_2d_out_7_we1       |    9|          2|    1|          2|
    |buf_2d_out_address0    |   14|          3|    3|          9|
    |buf_2d_out_ce0         |   14|          3|    1|          3|
    |buf_2d_out_ce1         |    9|          2|    1|          2|
    |buf_2d_out_we0         |    9|          2|    1|          2|
    |buf_2d_out_we1         |    9|          2|    1|          2|
    |gmem_ARADDR            |   14|          3|   64|        192|
    |gmem_ARLEN             |   14|          3|   32|         96|
    |gmem_ARVALID           |   14|          3|    1|          3|
    |gmem_AWADDR            |   14|          3|   64|        192|
    |gmem_AWLEN             |   14|          3|   32|         96|
    |gmem_AWVALID           |   14|          3|    1|          3|
    |gmem_BREADY            |   14|          3|    1|          3|
    |gmem_RREADY            |    9|          2|    1|          2|
    |gmem_WVALID            |    9|          2|    1|          2|
    |gmem_blk_n_AR          |    9|          2|    1|          2|
    |gmem_blk_n_AW          |    9|          2|    1|          2|
    |gmem_blk_n_B           |    9|          2|    1|          2|
    +-----------------------+-----+-----------+-----+-----------+
    |Total                  | 1848|        377|  306|       1037|
    +-----------------------+-----+-----------+-----+-----------+

    * Register: 
    +--------------------------------------------------+-----+----+-----+-----------+
    |                       Name                       |  FF | LUT| Bits| Const Bits|
    +--------------------------------------------------+-----+----+-----+-----------+
    |ap_CS_fsm                                         |  167|   0|  167|          0|
    |ap_done_reg                                       |    1|   0|    1|          0|
    |ap_rst_n_inv                                      |    1|   0|    1|          0|
    |ap_rst_reg_1                                      |    1|   0|    1|          0|
    |ap_rst_reg_2                                      |    1|   0|    1|          0|
    |grp_dct_2d_fu_174_ap_start_reg                    |    1|   0|    1|          0|
    |grp_dct_Pipeline_RD_Loop_Row_fu_159_ap_start_reg  |    1|   0|    1|          0|
    |grp_dct_Pipeline_WR_Loop_Row_fu_194_ap_start_reg  |    1|   0|    1|          0|
    |trunc_ln1_reg_255                                 |   58|   0|   58|          0|
    |trunc_ln_reg_249                                  |   58|   0|   58|          0|
    +--------------------------------------------------+-----+----+-----+-----------+
    |Total                                             |  290|   0|  290|          0|
    +--------------------------------------------------+-----+----+-----+-----------+



================================================================
== Interface
================================================================
* Summary: 
+-----------------------+-----+-----+---------------+--------------+--------------+
|       RTL Ports       | Dir | Bits|    Protocol   | Source Object|    C Type    |
+-----------------------+-----+-----+---------------+--------------+--------------+
|s_axi_control_AWVALID  |   in|    1|          s_axi|       control|        scalar|
|s_axi_control_AWREADY  |  out|    1|          s_axi|       control|        scalar|
|s_axi_control_AWADDR   |   in|    6|          s_axi|       control|        scalar|
|s_axi_control_WVALID   |   in|    1|          s_axi|       control|        scalar|
|s_axi_control_WREADY   |  out|    1|          s_axi|       control|        scalar|
|s_axi_control_WDATA    |   in|   32|          s_axi|       control|        scalar|
|s_axi_control_WSTRB    |   in|    4|          s_axi|       control|        scalar|
|s_axi_control_ARVALID  |   in|    1|          s_axi|       control|        scalar|
|s_axi_control_ARREADY  |  out|    1|          s_axi|       control|        scalar|
|s_axi_control_ARADDR   |   in|    6|          s_axi|       control|        scalar|
|s_axi_control_RVALID   |  out|    1|          s_axi|       control|        scalar|
|s_axi_control_RREADY   |   in|    1|          s_axi|       control|        scalar|
|s_axi_control_RDATA    |  out|   32|          s_axi|       control|        scalar|
|s_axi_control_RRESP    |  out|    2|          s_axi|       control|        scalar|
|s_axi_control_BVALID   |  out|    1|          s_axi|       control|        scalar|
|s_axi_control_BREADY   |   in|    1|          s_axi|       control|        scalar|
|s_axi_control_BRESP    |  out|    2|          s_axi|       control|        scalar|
|ap_clk                 |   in|    1|  ap_ctrl_chain|           dct|  return value|
|ap_rst_n               |   in|    1|  ap_ctrl_chain|           dct|  return value|
|interrupt              |  out|    1|  ap_ctrl_chain|           dct|  return value|
|m_axi_gmem_AWVALID     |  out|    1|          m_axi|          gmem|       pointer|
|m_axi_gmem_AWREADY     |   in|    1|          m_axi|          gmem|       pointer|
|m_axi_gmem_AWADDR      |  out|   64|          m_axi|          gmem|       pointer|
|m_axi_gmem_AWID        |  out|    1|          m_axi|          gmem|       pointer|
|m_axi_gmem_AWLEN       |  out|    8|          m_axi|          gmem|       pointer|
|m_axi_gmem_AWSIZE      |  out|    3|          m_axi|          gmem|       pointer|
|m_axi_gmem_AWBURST     |  out|    2|          m_axi|          gmem|       pointer|
|m_axi_gmem_AWLOCK      |  out|    2|          m_axi|          gmem|       pointer|
|m_axi_gmem_AWCACHE     |  out|    4|          m_axi|          gmem|       pointer|
|m_axi_gmem_AWPROT      |  out|    3|          m_axi|          gmem|       pointer|
|m_axi_gmem_AWQOS       |  out|    4|          m_axi|          gmem|       pointer|
|m_axi_gmem_AWREGION    |  out|    4|          m_axi|          gmem|       pointer|
|m_axi_gmem_AWUSER      |  out|    1|          m_axi|          gmem|       pointer|
|m_axi_gmem_WVALID      |  out|    1|          m_axi|          gmem|       pointer|
|m_axi_gmem_WREADY      |   in|    1|          m_axi|          gmem|       pointer|
|m_axi_gmem_WDATA       |  out|  512|          m_axi|          gmem|       pointer|
|m_axi_gmem_WSTRB       |  out|   64|          m_axi|          gmem|       pointer|
|m_axi_gmem_WLAST       |  out|    1|          m_axi|          gmem|       pointer|
|m_axi_gmem_WID         |  out|    1|          m_axi|          gmem|       pointer|
|m_axi_gmem_WUSER       |  out|    1|          m_axi|          gmem|       pointer|
|m_axi_gmem_ARVALID     |  out|    1|          m_axi|          gmem|       pointer|
|m_axi_gmem_ARREADY     |   in|    1|          m_axi|          gmem|       pointer|
|m_axi_gmem_ARADDR      |  out|   64|          m_axi|          gmem|       pointer|
|m_axi_gmem_ARID        |  out|    1|          m_axi|          gmem|       pointer|
|m_axi_gmem_ARLEN       |  out|    8|          m_axi|          gmem|       pointer|
|m_axi_gmem_ARSIZE      |  out|    3|          m_axi|          gmem|       pointer|
|m_axi_gmem_ARBURST     |  out|    2|          m_axi|          gmem|       pointer|
|m_axi_gmem_ARLOCK      |  out|    2|          m_axi|          gmem|       pointer|
|m_axi_gmem_ARCACHE     |  out|    4|          m_axi|          gmem|       pointer|
|m_axi_gmem_ARPROT      |  out|    3|          m_axi|          gmem|       pointer|
|m_axi_gmem_ARQOS       |  out|    4|          m_axi|          gmem|       pointer|
|m_axi_gmem_ARREGION    |  out|    4|          m_axi|          gmem|       pointer|
|m_axi_gmem_ARUSER      |  out|    1|          m_axi|          gmem|       pointer|
|m_axi_gmem_RVALID      |   in|    1|          m_axi|          gmem|       pointer|
|m_axi_gmem_RREADY      |  out|    1|          m_axi|          gmem|       pointer|
|m_axi_gmem_RDATA       |   in|  512|          m_axi|          gmem|       pointer|
|m_axi_gmem_RLAST       |   in|    1|          m_axi|          gmem|       pointer|
|m_axi_gmem_RID         |   in|    1|          m_axi|          gmem|       pointer|
|m_axi_gmem_RUSER       |   in|    1|          m_axi|          gmem|       pointer|
|m_axi_gmem_RRESP       |   in|    2|          m_axi|          gmem|       pointer|
|m_axi_gmem_BVALID      |   in|    1|          m_axi|          gmem|       pointer|
|m_axi_gmem_BREADY      |  out|    1|          m_axi|          gmem|       pointer|
|m_axi_gmem_BRESP       |   in|    2|          m_axi|          gmem|       pointer|
|m_axi_gmem_BID         |   in|    1|          m_axi|          gmem|       pointer|
|m_axi_gmem_BUSER       |   in|    1|          m_axi|          gmem|       pointer|
+-----------------------+-----+-----+---------------+--------------+--------------+

============================================================
+ Verbose Summary: Synthesis Manager
============================================================
InlineROM: 1
ExposeGlobal: 0
============================================================
+ Verbose Summary: CDFG Model
============================================================
IsTopModel: 1
ResetActiveHigh: 1
IsCombinational: 2
IsDatapathOnly: 2
HasWiredReturn: 1
HasMFsm: 0
HasVarLatency: 1
IsPipeline: 0
IsRtlPipelined: 0
IsInstanceOverlapped: 0
IsDontTouch: 0
HasImplIP: 0
IsGatedGlobalClock: 0


============================================================
+ Verbose Summary: Schedule
============================================================
* Number of FSM states : 167
* Pipeline : 0
* Dataflow Pipeline: 0

* FSM state transitions: 
1 --> 2 
2 --> 3 
3 --> 4 
4 --> 5 
5 --> 6 
6 --> 7 
7 --> 8 
8 --> 9 
9 --> 10 
10 --> 11 
11 --> 12 
12 --> 13 
13 --> 14 
14 --> 15 
15 --> 16 
16 --> 17 
17 --> 18 
18 --> 19 
19 --> 20 
20 --> 21 
21 --> 22 
22 --> 23 
23 --> 24 
24 --> 25 
25 --> 26 
26 --> 27 
27 --> 28 
28 --> 29 
29 --> 30 
30 --> 31 
31 --> 32 
32 --> 33 
33 --> 34 
34 --> 35 
35 --> 36 
36 --> 37 
37 --> 38 
38 --> 39 
39 --> 40 
40 --> 41 
41 --> 42 
42 --> 43 
43 --> 44 
44 --> 45 
45 --> 46 
46 --> 47 
47 --> 48 
48 --> 49 
49 --> 50 
50 --> 51 
51 --> 52 
52 --> 53 
53 --> 54 
54 --> 55 
55 --> 56 
56 --> 57 
57 --> 58 
58 --> 59 
59 --> 60 
60 --> 61 
61 --> 62 
62 --> 63 
63 --> 64 
64 --> 65 
65 --> 66 
66 --> 67 
67 --> 68 
68 --> 69 
69 --> 70 
70 --> 71 
71 --> 72 
72 --> 73 
73 --> 74 
74 --> 75 
75 --> 76 
76 --> 77 
77 --> 78 
78 --> 79 
79 --> 80 
80 --> 81 
81 --> 82 
82 --> 83 
83 --> 84 
84 --> 85 
85 --> 86 
86 --> 87 
87 --> 88 
88 --> 89 
89 --> 90 
90 --> 91 
91 --> 92 
92 --> 93 
93 --> 94 
94 --> 95 
95 --> 96 
96 --> 97 
97 --> 98 
98 --> 99 
99 --> 100 
100 --> 101 
101 --> 102 
102 --> 103 
103 --> 104 
104 --> 105 
105 --> 106 
106 --> 107 
107 --> 108 
108 --> 109 
109 --> 110 
110 --> 111 
111 --> 112 
112 --> 113 
113 --> 114 
114 --> 115 
115 --> 116 
116 --> 117 
117 --> 118 
118 --> 119 
119 --> 120 
120 --> 121 
121 --> 122 
122 --> 123 
123 --> 124 
124 --> 125 
125 --> 126 
126 --> 127 
127 --> 128 
128 --> 129 
129 --> 130 
130 --> 131 
131 --> 132 
132 --> 133 
133 --> 134 
134 --> 135 
135 --> 136 
136 --> 137 
137 --> 138 
138 --> 139 
139 --> 140 
140 --> 141 
141 --> 142 
142 --> 143 
143 --> 144 
144 --> 145 
145 --> 146 
146 --> 147 
147 --> 148 
148 --> 149 
149 --> 150 
150 --> 151 
151 --> 152 
152 --> 153 
153 --> 154 
154 --> 155 
155 --> 156 
156 --> 157 
157 --> 158 
158 --> 159 
159 --> 160 
160 --> 161 
161 --> 162 
162 --> 163 
163 --> 164 
164 --> 165 
165 --> 166 
166 --> 167 
167 --> 

* FSM state operations: 

State 1 <SV = 0> <Delay = 0.67>
ST_1 : Operation 168 [1/1] (0.67ns)   --->   "%buf_2d_in = alloca i64 1" [../dct_ref/dct.cpp:87]   --->   Operation 168 'alloca' 'buf_2d_in' <Predicate = true> <Delay = 0.67>
ST_1 : Operation 169 [1/1] (0.67ns)   --->   "%buf_2d_in_1 = alloca i64 1" [../dct_ref/dct.cpp:87]   --->   Operation 169 'alloca' 'buf_2d_in_1' <Predicate = true> <Delay = 0.67>
ST_1 : Operation 170 [1/1] (0.67ns)   --->   "%buf_2d_in_2 = alloca i64 1" [../dct_ref/dct.cpp:87]   --->   Operation 170 'alloca' 'buf_2d_in_2' <Predicate = true> <Delay = 0.67>
ST_1 : Operation 171 [1/1] (0.67ns)   --->   "%buf_2d_in_3 = alloca i64 1" [../dct_ref/dct.cpp:87]   --->   Operation 171 'alloca' 'buf_2d_in_3' <Predicate = true> <Delay = 0.67>
ST_1 : Operation 172 [1/1] (0.67ns)   --->   "%buf_2d_in_4 = alloca i64 1" [../dct_ref/dct.cpp:87]   --->   Operation 172 'alloca' 'buf_2d_in_4' <Predicate = true> <Delay = 0.67>
ST_1 : Operation 173 [1/1] (0.67ns)   --->   "%buf_2d_in_5 = alloca i64 1" [../dct_ref/dct.cpp:87]   --->   Operation 173 'alloca' 'buf_2d_in_5' <Predicate = true> <Delay = 0.67>
ST_1 : Operation 174 [1/1] (0.67ns)   --->   "%buf_2d_in_6 = alloca i64 1" [../dct_ref/dct.cpp:87]   --->   Operation 174 'alloca' 'buf_2d_in_6' <Predicate = true> <Delay = 0.67>
ST_1 : Operation 175 [1/1] (0.67ns)   --->   "%buf_2d_in_7 = alloca i64 1" [../dct_ref/dct.cpp:87]   --->   Operation 175 'alloca' 'buf_2d_in_7' <Predicate = true> <Delay = 0.67>
ST_1 : Operation 176 [1/1] (0.67ns)   --->   "%buf_2d_out = alloca i64 1" [../dct_ref/dct.cpp:88]   --->   Operation 176 'alloca' 'buf_2d_out' <Predicate = true> <Delay = 0.67>
ST_1 : Operation 177 [1/1] (0.67ns)   --->   "%buf_2d_out_1 = alloca i64 1" [../dct_ref/dct.cpp:88]   --->   Operation 177 'alloca' 'buf_2d_out_1' <Predicate = true> <Delay = 0.67>
ST_1 : Operation 178 [1/1] (0.67ns)   --->   "%buf_2d_out_2 = alloca i64 1" [../dct_ref/dct.cpp:88]   --->   Operation 178 'alloca' 'buf_2d_out_2' <Predicate = true> <Delay = 0.67>
ST_1 : Operation 179 [1/1] (0.67ns)   --->   "%buf_2d_out_3 = alloca i64 1" [../dct_ref/dct.cpp:88]   --->   Operation 179 'alloca' 'buf_2d_out_3' <Predicate = true> <Delay = 0.67>
ST_1 : Operation 180 [1/1] (0.67ns)   --->   "%buf_2d_out_4 = alloca i64 1" [../dct_ref/dct.cpp:88]   --->   Operation 180 'alloca' 'buf_2d_out_4' <Predicate = true> <Delay = 0.67>
ST_1 : Operation 181 [1/1] (0.67ns)   --->   "%buf_2d_out_5 = alloca i64 1" [../dct_ref/dct.cpp:88]   --->   Operation 181 'alloca' 'buf_2d_out_5' <Predicate = true> <Delay = 0.67>
ST_1 : Operation 182 [1/1] (0.67ns)   --->   "%buf_2d_out_6 = alloca i64 1" [../dct_ref/dct.cpp:88]   --->   Operation 182 'alloca' 'buf_2d_out_6' <Predicate = true> <Delay = 0.67>
ST_1 : Operation 183 [1/1] (0.67ns)   --->   "%buf_2d_out_7 = alloca i64 1" [../dct_ref/dct.cpp:88]   --->   Operation 183 'alloca' 'buf_2d_out_7' <Predicate = true> <Delay = 0.67>

State 2 <SV = 1> <Delay = 0.00>

State 3 <SV = 2> <Delay = 1.00>
ST_3 : Operation 184 [1/1] (1.00ns)   --->   "%output_r_read = read i64 @_ssdm_op_Read.s_axilite.i64, i64 %output_r"   --->   Operation 184 'read' 'output_r_read' <Predicate = true> <Delay = 1.00> <CoreInst = "s_axilite">   --->   Core 120 's_axilite' <Latency = 0> <II = 1> <Delay = 1.00> <Adapter> <Opcode : 'read' 'write'>
ST_3 : Operation 185 [1/1] (1.00ns)   --->   "%input_r_read = read i64 @_ssdm_op_Read.s_axilite.i64, i64 %input_r"   --->   Operation 185 'read' 'input_r_read' <Predicate = true> <Delay = 1.00> <CoreInst = "s_axilite">   --->   Core 120 's_axilite' <Latency = 0> <II = 1> <Delay = 1.00> <Adapter> <Opcode : 'read' 'write'>
ST_3 : Operation 186 [1/1] (0.00ns)   --->   "%trunc_ln = partselect i58 @_ssdm_op_PartSelect.i58.i64.i32.i32, i64 %input_r_read, i32 6, i32 63" [../dct_ref/dct.cpp:64->../dct_ref/dct.cpp:91]   --->   Operation 186 'partselect' 'trunc_ln' <Predicate = true> <Delay = 0.00>
ST_3 : Operation 187 [1/1] (0.00ns)   --->   "%trunc_ln1 = partselect i58 @_ssdm_op_PartSelect.i58.i64.i32.i32, i64 %output_r_read, i32 6, i32 63" [../dct_ref/dct.cpp:77->../dct_ref/dct.cpp:97]   --->   Operation 187 'partselect' 'trunc_ln1' <Predicate = true> <Delay = 0.00>

State 4 <SV = 3> <Delay = 7.04>
ST_4 : Operation 188 [1/1] (0.00ns)   --->   "%sext_ln64 = sext i58 %trunc_ln" [../dct_ref/dct.cpp:64->../dct_ref/dct.cpp:91]   --->   Operation 188 'sext' 'sext_ln64' <Predicate = true> <Delay = 0.00>
ST_4 : Operation 189 [1/1] (0.00ns)   --->   "%gmem_addr = getelementptr i512 %gmem, i64 %sext_ln64" [../dct_ref/dct.cpp:64->../dct_ref/dct.cpp:91]   --->   Operation 189 'getelementptr' 'gmem_addr' <Predicate = true> <Delay = 0.00>
ST_4 : Operation 190 [71/71] (7.04ns)   --->   "%empty = readreq i1 @_ssdm_op_ReadReq.m_axi.p1i512, i64 %gmem_addr, i64 2" [../dct_ref/dct.cpp:64->../dct_ref/dct.cpp:91]   --->   Operation 190 'readreq' 'empty' <Predicate = true> <Delay = 7.04> <CoreInst = "m_axi">   --->   Core 119 'm_axi' <Latency = 0> <II = 1> <Delay = 1.00> <Adapter> <Opcode : 'read' 'write' 'readreq' 'writereq' 'writeresp'>

State 5 <SV = 4> <Delay = 7.04>
ST_5 : Operation 191 [70/71] (7.04ns)   --->   "%empty = readreq i1 @_ssdm_op_ReadReq.m_axi.p1i512, i64 %gmem_addr, i64 2" [../dct_ref/dct.cpp:64->../dct_ref/dct.cpp:91]   --->   Operation 191 'readreq' 'empty' <Predicate = true> <Delay = 7.04> <CoreInst = "m_axi">   --->   Core 119 'm_axi' <Latency = 0> <II = 1> <Delay = 1.00> <Adapter> <Opcode : 'read' 'write' 'readreq' 'writereq' 'writeresp'>

State 6 <SV = 5> <Delay = 7.04>
ST_6 : Operation 192 [69/71] (7.04ns)   --->   "%empty = readreq i1 @_ssdm_op_ReadReq.m_axi.p1i512, i64 %gmem_addr, i64 2" [../dct_ref/dct.cpp:64->../dct_ref/dct.cpp:91]   --->   Operation 192 'readreq' 'empty' <Predicate = true> <Delay = 7.04> <CoreInst = "m_axi">   --->   Core 119 'm_axi' <Latency = 0> <II = 1> <Delay = 1.00> <Adapter> <Opcode : 'read' 'write' 'readreq' 'writereq' 'writeresp'>

State 7 <SV = 6> <Delay = 7.04>
ST_7 : Operation 193 [68/71] (7.04ns)   --->   "%empty = readreq i1 @_ssdm_op_ReadReq.m_axi.p1i512, i64 %gmem_addr, i64 2" [../dct_ref/dct.cpp:64->../dct_ref/dct.cpp:91]   --->   Operation 193 'readreq' 'empty' <Predicate = true> <Delay = 7.04> <CoreInst = "m_axi">   --->   Core 119 'm_axi' <Latency = 0> <II = 1> <Delay = 1.00> <Adapter> <Opcode : 'read' 'write' 'readreq' 'writereq' 'writeresp'>

State 8 <SV = 7> <Delay = 7.04>
ST_8 : Operation 194 [67/71] (7.04ns)   --->   "%empty = readreq i1 @_ssdm_op_ReadReq.m_axi.p1i512, i64 %gmem_addr, i64 2" [../dct_ref/dct.cpp:64->../dct_ref/dct.cpp:91]   --->   Operation 194 'readreq' 'empty' <Predicate = true> <Delay = 7.04> <CoreInst = "m_axi">   --->   Core 119 'm_axi' <Latency = 0> <II = 1> <Delay = 1.00> <Adapter> <Opcode : 'read' 'write' 'readreq' 'writereq' 'writeresp'>

State 9 <SV = 8> <Delay = 7.04>
ST_9 : Operation 195 [66/71] (7.04ns)   --->   "%empty = readreq i1 @_ssdm_op_ReadReq.m_axi.p1i512, i64 %gmem_addr, i64 2" [../dct_ref/dct.cpp:64->../dct_ref/dct.cpp:91]   --->   Operation 195 'readreq' 'empty' <Predicate = true> <Delay = 7.04> <CoreInst = "m_axi">   --->   Core 119 'm_axi' <Latency = 0> <II = 1> <Delay = 1.00> <Adapter> <Opcode : 'read' 'write' 'readreq' 'writereq' 'writeresp'>

State 10 <SV = 9> <Delay = 7.04>
ST_10 : Operation 196 [65/71] (7.04ns)   --->   "%empty = readreq i1 @_ssdm_op_ReadReq.m_axi.p1i512, i64 %gmem_addr, i64 2" [../dct_ref/dct.cpp:64->../dct_ref/dct.cpp:91]   --->   Operation 196 'readreq' 'empty' <Predicate = true> <Delay = 7.04> <CoreInst = "m_axi">   --->   Core 119 'm_axi' <Latency = 0> <II = 1> <Delay = 1.00> <Adapter> <Opcode : 'read' 'write' 'readreq' 'writereq' 'writeresp'>

State 11 <SV = 10> <Delay = 7.04>
ST_11 : Operation 197 [64/71] (7.04ns)   --->   "%empty = readreq i1 @_ssdm_op_ReadReq.m_axi.p1i512, i64 %gmem_addr, i64 2" [../dct_ref/dct.cpp:64->../dct_ref/dct.cpp:91]   --->   Operation 197 'readreq' 'empty' <Predicate = true> <Delay = 7.04> <CoreInst = "m_axi">   --->   Core 119 'm_axi' <Latency = 0> <II = 1> <Delay = 1.00> <Adapter> <Opcode : 'read' 'write' 'readreq' 'writereq' 'writeresp'>

State 12 <SV = 11> <Delay = 7.04>
ST_12 : Operation 198 [63/71] (7.04ns)   --->   "%empty = readreq i1 @_ssdm_op_ReadReq.m_axi.p1i512, i64 %gmem_addr, i64 2" [../dct_ref/dct.cpp:64->../dct_ref/dct.cpp:91]   --->   Operation 198 'readreq' 'empty' <Predicate = true> <Delay = 7.04> <CoreInst = "m_axi">   --->   Core 119 'm_axi' <Latency = 0> <II = 1> <Delay = 1.00> <Adapter> <Opcode : 'read' 'write' 'readreq' 'writereq' 'writeresp'>

State 13 <SV = 12> <Delay = 7.04>
ST_13 : Operation 199 [62/71] (7.04ns)   --->   "%empty = readreq i1 @_ssdm_op_ReadReq.m_axi.p1i512, i64 %gmem_addr, i64 2" [../dct_ref/dct.cpp:64->../dct_ref/dct.cpp:91]   --->   Operation 199 'readreq' 'empty' <Predicate = true> <Delay = 7.04> <CoreInst = "m_axi">   --->   Core 119 'm_axi' <Latency = 0> <II = 1> <Delay = 1.00> <Adapter> <Opcode : 'read' 'write' 'readreq' 'writereq' 'writeresp'>

State 14 <SV = 13> <Delay = 7.04>
ST_14 : Operation 200 [61/71] (7.04ns)   --->   "%empty = readreq i1 @_ssdm_op_ReadReq.m_axi.p1i512, i64 %gmem_addr, i64 2" [../dct_ref/dct.cpp:64->../dct_ref/dct.cpp:91]   --->   Operation 200 'readreq' 'empty' <Predicate = true> <Delay = 7.04> <CoreInst = "m_axi">   --->   Core 119 'm_axi' <Latency = 0> <II = 1> <Delay = 1.00> <Adapter> <Opcode : 'read' 'write' 'readreq' 'writereq' 'writeresp'>

State 15 <SV = 14> <Delay = 7.04>
ST_15 : Operation 201 [60/71] (7.04ns)   --->   "%empty = readreq i1 @_ssdm_op_ReadReq.m_axi.p1i512, i64 %gmem_addr, i64 2" [../dct_ref/dct.cpp:64->../dct_ref/dct.cpp:91]   --->   Operation 201 'readreq' 'empty' <Predicate = true> <Delay = 7.04> <CoreInst = "m_axi">   --->   Core 119 'm_axi' <Latency = 0> <II = 1> <Delay = 1.00> <Adapter> <Opcode : 'read' 'write' 'readreq' 'writereq' 'writeresp'>

State 16 <SV = 15> <Delay = 7.04>
ST_16 : Operation 202 [59/71] (7.04ns)   --->   "%empty = readreq i1 @_ssdm_op_ReadReq.m_axi.p1i512, i64 %gmem_addr, i64 2" [../dct_ref/dct.cpp:64->../dct_ref/dct.cpp:91]   --->   Operation 202 'readreq' 'empty' <Predicate = true> <Delay = 7.04> <CoreInst = "m_axi">   --->   Core 119 'm_axi' <Latency = 0> <II = 1> <Delay = 1.00> <Adapter> <Opcode : 'read' 'write' 'readreq' 'writereq' 'writeresp'>

State 17 <SV = 16> <Delay = 7.04>
ST_17 : Operation 203 [58/71] (7.04ns)   --->   "%empty = readreq i1 @_ssdm_op_ReadReq.m_axi.p1i512, i64 %gmem_addr, i64 2" [../dct_ref/dct.cpp:64->../dct_ref/dct.cpp:91]   --->   Operation 203 'readreq' 'empty' <Predicate = true> <Delay = 7.04> <CoreInst = "m_axi">   --->   Core 119 'm_axi' <Latency = 0> <II = 1> <Delay = 1.00> <Adapter> <Opcode : 'read' 'write' 'readreq' 'writereq' 'writeresp'>

State 18 <SV = 17> <Delay = 7.04>
ST_18 : Operation 204 [57/71] (7.04ns)   --->   "%empty = readreq i1 @_ssdm_op_ReadReq.m_axi.p1i512, i64 %gmem_addr, i64 2" [../dct_ref/dct.cpp:64->../dct_ref/dct.cpp:91]   --->   Operation 204 'readreq' 'empty' <Predicate = true> <Delay = 7.04> <CoreInst = "m_axi">   --->   Core 119 'm_axi' <Latency = 0> <II = 1> <Delay = 1.00> <Adapter> <Opcode : 'read' 'write' 'readreq' 'writereq' 'writeresp'>

State 19 <SV = 18> <Delay = 7.04>
ST_19 : Operation 205 [56/71] (7.04ns)   --->   "%empty = readreq i1 @_ssdm_op_ReadReq.m_axi.p1i512, i64 %gmem_addr, i64 2" [../dct_ref/dct.cpp:64->../dct_ref/dct.cpp:91]   --->   Operation 205 'readreq' 'empty' <Predicate = true> <Delay = 7.04> <CoreInst = "m_axi">   --->   Core 119 'm_axi' <Latency = 0> <II = 1> <Delay = 1.00> <Adapter> <Opcode : 'read' 'write' 'readreq' 'writereq' 'writeresp'>

State 20 <SV = 19> <Delay = 7.04>
ST_20 : Operation 206 [55/71] (7.04ns)   --->   "%empty = readreq i1 @_ssdm_op_ReadReq.m_axi.p1i512, i64 %gmem_addr, i64 2" [../dct_ref/dct.cpp:64->../dct_ref/dct.cpp:91]   --->   Operation 206 'readreq' 'empty' <Predicate = true> <Delay = 7.04> <CoreInst = "m_axi">   --->   Core 119 'm_axi' <Latency = 0> <II = 1> <Delay = 1.00> <Adapter> <Opcode : 'read' 'write' 'readreq' 'writereq' 'writeresp'>

State 21 <SV = 20> <Delay = 7.04>
ST_21 : Operation 207 [54/71] (7.04ns)   --->   "%empty = readreq i1 @_ssdm_op_ReadReq.m_axi.p1i512, i64 %gmem_addr, i64 2" [../dct_ref/dct.cpp:64->../dct_ref/dct.cpp:91]   --->   Operation 207 'readreq' 'empty' <Predicate = true> <Delay = 7.04> <CoreInst = "m_axi">   --->   Core 119 'm_axi' <Latency = 0> <II = 1> <Delay = 1.00> <Adapter> <Opcode : 'read' 'write' 'readreq' 'writereq' 'writeresp'>

State 22 <SV = 21> <Delay = 7.04>
ST_22 : Operation 208 [53/71] (7.04ns)   --->   "%empty = readreq i1 @_ssdm_op_ReadReq.m_axi.p1i512, i64 %gmem_addr, i64 2" [../dct_ref/dct.cpp:64->../dct_ref/dct.cpp:91]   --->   Operation 208 'readreq' 'empty' <Predicate = true> <Delay = 7.04> <CoreInst = "m_axi">   --->   Core 119 'm_axi' <Latency = 0> <II = 1> <Delay = 1.00> <Adapter> <Opcode : 'read' 'write' 'readreq' 'writereq' 'writeresp'>

State 23 <SV = 22> <Delay = 7.04>
ST_23 : Operation 209 [52/71] (7.04ns)   --->   "%empty = readreq i1 @_ssdm_op_ReadReq.m_axi.p1i512, i64 %gmem_addr, i64 2" [../dct_ref/dct.cpp:64->../dct_ref/dct.cpp:91]   --->   Operation 209 'readreq' 'empty' <Predicate = true> <Delay = 7.04> <CoreInst = "m_axi">   --->   Core 119 'm_axi' <Latency = 0> <II = 1> <Delay = 1.00> <Adapter> <Opcode : 'read' 'write' 'readreq' 'writereq' 'writeresp'>

State 24 <SV = 23> <Delay = 7.04>
ST_24 : Operation 210 [51/71] (7.04ns)   --->   "%empty = readreq i1 @_ssdm_op_ReadReq.m_axi.p1i512, i64 %gmem_addr, i64 2" [../dct_ref/dct.cpp:64->../dct_ref/dct.cpp:91]   --->   Operation 210 'readreq' 'empty' <Predicate = true> <Delay = 7.04> <CoreInst = "m_axi">   --->   Core 119 'm_axi' <Latency = 0> <II = 1> <Delay = 1.00> <Adapter> <Opcode : 'read' 'write' 'readreq' 'writereq' 'writeresp'>

State 25 <SV = 24> <Delay = 7.04>
ST_25 : Operation 211 [50/71] (7.04ns)   --->   "%empty = readreq i1 @_ssdm_op_ReadReq.m_axi.p1i512, i64 %gmem_addr, i64 2" [../dct_ref/dct.cpp:64->../dct_ref/dct.cpp:91]   --->   Operation 211 'readreq' 'empty' <Predicate = true> <Delay = 7.04> <CoreInst = "m_axi">   --->   Core 119 'm_axi' <Latency = 0> <II = 1> <Delay = 1.00> <Adapter> <Opcode : 'read' 'write' 'readreq' 'writereq' 'writeresp'>

State 26 <SV = 25> <Delay = 7.04>
ST_26 : Operation 212 [49/71] (7.04ns)   --->   "%empty = readreq i1 @_ssdm_op_ReadReq.m_axi.p1i512, i64 %gmem_addr, i64 2" [../dct_ref/dct.cpp:64->../dct_ref/dct.cpp:91]   --->   Operation 212 'readreq' 'empty' <Predicate = true> <Delay = 7.04> <CoreInst = "m_axi">   --->   Core 119 'm_axi' <Latency = 0> <II = 1> <Delay = 1.00> <Adapter> <Opcode : 'read' 'write' 'readreq' 'writereq' 'writeresp'>

State 27 <SV = 26> <Delay = 7.04>
ST_27 : Operation 213 [48/71] (7.04ns)   --->   "%empty = readreq i1 @_ssdm_op_ReadReq.m_axi.p1i512, i64 %gmem_addr, i64 2" [../dct_ref/dct.cpp:64->../dct_ref/dct.cpp:91]   --->   Operation 213 'readreq' 'empty' <Predicate = true> <Delay = 7.04> <CoreInst = "m_axi">   --->   Core 119 'm_axi' <Latency = 0> <II = 1> <Delay = 1.00> <Adapter> <Opcode : 'read' 'write' 'readreq' 'writereq' 'writeresp'>

State 28 <SV = 27> <Delay = 7.04>
ST_28 : Operation 214 [47/71] (7.04ns)   --->   "%empty = readreq i1 @_ssdm_op_ReadReq.m_axi.p1i512, i64 %gmem_addr, i64 2" [../dct_ref/dct.cpp:64->../dct_ref/dct.cpp:91]   --->   Operation 214 'readreq' 'empty' <Predicate = true> <Delay = 7.04> <CoreInst = "m_axi">   --->   Core 119 'm_axi' <Latency = 0> <II = 1> <Delay = 1.00> <Adapter> <Opcode : 'read' 'write' 'readreq' 'writereq' 'writeresp'>

State 29 <SV = 28> <Delay = 7.04>
ST_29 : Operation 215 [46/71] (7.04ns)   --->   "%empty = readreq i1 @_ssdm_op_ReadReq.m_axi.p1i512, i64 %gmem_addr, i64 2" [../dct_ref/dct.cpp:64->../dct_ref/dct.cpp:91]   --->   Operation 215 'readreq' 'empty' <Predicate = true> <Delay = 7.04> <CoreInst = "m_axi">   --->   Core 119 'm_axi' <Latency = 0> <II = 1> <Delay = 1.00> <Adapter> <Opcode : 'read' 'write' 'readreq' 'writereq' 'writeresp'>

State 30 <SV = 29> <Delay = 7.04>
ST_30 : Operation 216 [45/71] (7.04ns)   --->   "%empty = readreq i1 @_ssdm_op_ReadReq.m_axi.p1i512, i64 %gmem_addr, i64 2" [../dct_ref/dct.cpp:64->../dct_ref/dct.cpp:91]   --->   Operation 216 'readreq' 'empty' <Predicate = true> <Delay = 7.04> <CoreInst = "m_axi">   --->   Core 119 'm_axi' <Latency = 0> <II = 1> <Delay = 1.00> <Adapter> <Opcode : 'read' 'write' 'readreq' 'writereq' 'writeresp'>

State 31 <SV = 30> <Delay = 7.04>
ST_31 : Operation 217 [44/71] (7.04ns)   --->   "%empty = readreq i1 @_ssdm_op_ReadReq.m_axi.p1i512, i64 %gmem_addr, i64 2" [../dct_ref/dct.cpp:64->../dct_ref/dct.cpp:91]   --->   Operation 217 'readreq' 'empty' <Predicate = true> <Delay = 7.04> <CoreInst = "m_axi">   --->   Core 119 'm_axi' <Latency = 0> <II = 1> <Delay = 1.00> <Adapter> <Opcode : 'read' 'write' 'readreq' 'writereq' 'writeresp'>

State 32 <SV = 31> <Delay = 7.04>
ST_32 : Operation 218 [43/71] (7.04ns)   --->   "%empty = readreq i1 @_ssdm_op_ReadReq.m_axi.p1i512, i64 %gmem_addr, i64 2" [../dct_ref/dct.cpp:64->../dct_ref/dct.cpp:91]   --->   Operation 218 'readreq' 'empty' <Predicate = true> <Delay = 7.04> <CoreInst = "m_axi">   --->   Core 119 'm_axi' <Latency = 0> <II = 1> <Delay = 1.00> <Adapter> <Opcode : 'read' 'write' 'readreq' 'writereq' 'writeresp'>

State 33 <SV = 32> <Delay = 7.04>
ST_33 : Operation 219 [42/71] (7.04ns)   --->   "%empty = readreq i1 @_ssdm_op_ReadReq.m_axi.p1i512, i64 %gmem_addr, i64 2" [../dct_ref/dct.cpp:64->../dct_ref/dct.cpp:91]   --->   Operation 219 'readreq' 'empty' <Predicate = true> <Delay = 7.04> <CoreInst = "m_axi">   --->   Core 119 'm_axi' <Latency = 0> <II = 1> <Delay = 1.00> <Adapter> <Opcode : 'read' 'write' 'readreq' 'writereq' 'writeresp'>

State 34 <SV = 33> <Delay = 7.04>
ST_34 : Operation 220 [41/71] (7.04ns)   --->   "%empty = readreq i1 @_ssdm_op_ReadReq.m_axi.p1i512, i64 %gmem_addr, i64 2" [../dct_ref/dct.cpp:64->../dct_ref/dct.cpp:91]   --->   Operation 220 'readreq' 'empty' <Predicate = true> <Delay = 7.04> <CoreInst = "m_axi">   --->   Core 119 'm_axi' <Latency = 0> <II = 1> <Delay = 1.00> <Adapter> <Opcode : 'read' 'write' 'readreq' 'writereq' 'writeresp'>

State 35 <SV = 34> <Delay = 7.04>
ST_35 : Operation 221 [40/71] (7.04ns)   --->   "%empty = readreq i1 @_ssdm_op_ReadReq.m_axi.p1i512, i64 %gmem_addr, i64 2" [../dct_ref/dct.cpp:64->../dct_ref/dct.cpp:91]   --->   Operation 221 'readreq' 'empty' <Predicate = true> <Delay = 7.04> <CoreInst = "m_axi">   --->   Core 119 'm_axi' <Latency = 0> <II = 1> <Delay = 1.00> <Adapter> <Opcode : 'read' 'write' 'readreq' 'writereq' 'writeresp'>

State 36 <SV = 35> <Delay = 7.04>
ST_36 : Operation 222 [39/71] (7.04ns)   --->   "%empty = readreq i1 @_ssdm_op_ReadReq.m_axi.p1i512, i64 %gmem_addr, i64 2" [../dct_ref/dct.cpp:64->../dct_ref/dct.cpp:91]   --->   Operation 222 'readreq' 'empty' <Predicate = true> <Delay = 7.04> <CoreInst = "m_axi">   --->   Core 119 'm_axi' <Latency = 0> <II = 1> <Delay = 1.00> <Adapter> <Opcode : 'read' 'write' 'readreq' 'writereq' 'writeresp'>

State 37 <SV = 36> <Delay = 7.04>
ST_37 : Operation 223 [38/71] (7.04ns)   --->   "%empty = readreq i1 @_ssdm_op_ReadReq.m_axi.p1i512, i64 %gmem_addr, i64 2" [../dct_ref/dct.cpp:64->../dct_ref/dct.cpp:91]   --->   Operation 223 'readreq' 'empty' <Predicate = true> <Delay = 7.04> <CoreInst = "m_axi">   --->   Core 119 'm_axi' <Latency = 0> <II = 1> <Delay = 1.00> <Adapter> <Opcode : 'read' 'write' 'readreq' 'writereq' 'writeresp'>

State 38 <SV = 37> <Delay = 7.04>
ST_38 : Operation 224 [37/71] (7.04ns)   --->   "%empty = readreq i1 @_ssdm_op_ReadReq.m_axi.p1i512, i64 %gmem_addr, i64 2" [../dct_ref/dct.cpp:64->../dct_ref/dct.cpp:91]   --->   Operation 224 'readreq' 'empty' <Predicate = true> <Delay = 7.04> <CoreInst = "m_axi">   --->   Core 119 'm_axi' <Latency = 0> <II = 1> <Delay = 1.00> <Adapter> <Opcode : 'read' 'write' 'readreq' 'writereq' 'writeresp'>

State 39 <SV = 38> <Delay = 7.04>
ST_39 : Operation 225 [36/71] (7.04ns)   --->   "%empty = readreq i1 @_ssdm_op_ReadReq.m_axi.p1i512, i64 %gmem_addr, i64 2" [../dct_ref/dct.cpp:64->../dct_ref/dct.cpp:91]   --->   Operation 225 'readreq' 'empty' <Predicate = true> <Delay = 7.04> <CoreInst = "m_axi">   --->   Core 119 'm_axi' <Latency = 0> <II = 1> <Delay = 1.00> <Adapter> <Opcode : 'read' 'write' 'readreq' 'writereq' 'writeresp'>

State 40 <SV = 39> <Delay = 7.04>
ST_40 : Operation 226 [35/71] (7.04ns)   --->   "%empty = readreq i1 @_ssdm_op_ReadReq.m_axi.p1i512, i64 %gmem_addr, i64 2" [../dct_ref/dct.cpp:64->../dct_ref/dct.cpp:91]   --->   Operation 226 'readreq' 'empty' <Predicate = true> <Delay = 7.04> <CoreInst = "m_axi">   --->   Core 119 'm_axi' <Latency = 0> <II = 1> <Delay = 1.00> <Adapter> <Opcode : 'read' 'write' 'readreq' 'writereq' 'writeresp'>

State 41 <SV = 40> <Delay = 7.04>
ST_41 : Operation 227 [34/71] (7.04ns)   --->   "%empty = readreq i1 @_ssdm_op_ReadReq.m_axi.p1i512, i64 %gmem_addr, i64 2" [../dct_ref/dct.cpp:64->../dct_ref/dct.cpp:91]   --->   Operation 227 'readreq' 'empty' <Predicate = true> <Delay = 7.04> <CoreInst = "m_axi">   --->   Core 119 'm_axi' <Latency = 0> <II = 1> <Delay = 1.00> <Adapter> <Opcode : 'read' 'write' 'readreq' 'writereq' 'writeresp'>

State 42 <SV = 41> <Delay = 7.04>
ST_42 : Operation 228 [33/71] (7.04ns)   --->   "%empty = readreq i1 @_ssdm_op_ReadReq.m_axi.p1i512, i64 %gmem_addr, i64 2" [../dct_ref/dct.cpp:64->../dct_ref/dct.cpp:91]   --->   Operation 228 'readreq' 'empty' <Predicate = true> <Delay = 7.04> <CoreInst = "m_axi">   --->   Core 119 'm_axi' <Latency = 0> <II = 1> <Delay = 1.00> <Adapter> <Opcode : 'read' 'write' 'readreq' 'writereq' 'writeresp'>

State 43 <SV = 42> <Delay = 7.04>
ST_43 : Operation 229 [32/71] (7.04ns)   --->   "%empty = readreq i1 @_ssdm_op_ReadReq.m_axi.p1i512, i64 %gmem_addr, i64 2" [../dct_ref/dct.cpp:64->../dct_ref/dct.cpp:91]   --->   Operation 229 'readreq' 'empty' <Predicate = true> <Delay = 7.04> <CoreInst = "m_axi">   --->   Core 119 'm_axi' <Latency = 0> <II = 1> <Delay = 1.00> <Adapter> <Opcode : 'read' 'write' 'readreq' 'writereq' 'writeresp'>

State 44 <SV = 43> <Delay = 7.04>
ST_44 : Operation 230 [31/71] (7.04ns)   --->   "%empty = readreq i1 @_ssdm_op_ReadReq.m_axi.p1i512, i64 %gmem_addr, i64 2" [../dct_ref/dct.cpp:64->../dct_ref/dct.cpp:91]   --->   Operation 230 'readreq' 'empty' <Predicate = true> <Delay = 7.04> <CoreInst = "m_axi">   --->   Core 119 'm_axi' <Latency = 0> <II = 1> <Delay = 1.00> <Adapter> <Opcode : 'read' 'write' 'readreq' 'writereq' 'writeresp'>

State 45 <SV = 44> <Delay = 7.04>
ST_45 : Operation 231 [30/71] (7.04ns)   --->   "%empty = readreq i1 @_ssdm_op_ReadReq.m_axi.p1i512, i64 %gmem_addr, i64 2" [../dct_ref/dct.cpp:64->../dct_ref/dct.cpp:91]   --->   Operation 231 'readreq' 'empty' <Predicate = true> <Delay = 7.04> <CoreInst = "m_axi">   --->   Core 119 'm_axi' <Latency = 0> <II = 1> <Delay = 1.00> <Adapter> <Opcode : 'read' 'write' 'readreq' 'writereq' 'writeresp'>

State 46 <SV = 45> <Delay = 7.04>
ST_46 : Operation 232 [29/71] (7.04ns)   --->   "%empty = readreq i1 @_ssdm_op_ReadReq.m_axi.p1i512, i64 %gmem_addr, i64 2" [../dct_ref/dct.cpp:64->../dct_ref/dct.cpp:91]   --->   Operation 232 'readreq' 'empty' <Predicate = true> <Delay = 7.04> <CoreInst = "m_axi">   --->   Core 119 'm_axi' <Latency = 0> <II = 1> <Delay = 1.00> <Adapter> <Opcode : 'read' 'write' 'readreq' 'writereq' 'writeresp'>

State 47 <SV = 46> <Delay = 7.04>
ST_47 : Operation 233 [28/71] (7.04ns)   --->   "%empty = readreq i1 @_ssdm_op_ReadReq.m_axi.p1i512, i64 %gmem_addr, i64 2" [../dct_ref/dct.cpp:64->../dct_ref/dct.cpp:91]   --->   Operation 233 'readreq' 'empty' <Predicate = true> <Delay = 7.04> <CoreInst = "m_axi">   --->   Core 119 'm_axi' <Latency = 0> <II = 1> <Delay = 1.00> <Adapter> <Opcode : 'read' 'write' 'readreq' 'writereq' 'writeresp'>

State 48 <SV = 47> <Delay = 7.04>
ST_48 : Operation 234 [27/71] (7.04ns)   --->   "%empty = readreq i1 @_ssdm_op_ReadReq.m_axi.p1i512, i64 %gmem_addr, i64 2" [../dct_ref/dct.cpp:64->../dct_ref/dct.cpp:91]   --->   Operation 234 'readreq' 'empty' <Predicate = true> <Delay = 7.04> <CoreInst = "m_axi">   --->   Core 119 'm_axi' <Latency = 0> <II = 1> <Delay = 1.00> <Adapter> <Opcode : 'read' 'write' 'readreq' 'writereq' 'writeresp'>

State 49 <SV = 48> <Delay = 7.04>
ST_49 : Operation 235 [26/71] (7.04ns)   --->   "%empty = readreq i1 @_ssdm_op_ReadReq.m_axi.p1i512, i64 %gmem_addr, i64 2" [../dct_ref/dct.cpp:64->../dct_ref/dct.cpp:91]   --->   Operation 235 'readreq' 'empty' <Predicate = true> <Delay = 7.04> <CoreInst = "m_axi">   --->   Core 119 'm_axi' <Latency = 0> <II = 1> <Delay = 1.00> <Adapter> <Opcode : 'read' 'write' 'readreq' 'writereq' 'writeresp'>

State 50 <SV = 49> <Delay = 7.04>
ST_50 : Operation 236 [25/71] (7.04ns)   --->   "%empty = readreq i1 @_ssdm_op_ReadReq.m_axi.p1i512, i64 %gmem_addr, i64 2" [../dct_ref/dct.cpp:64->../dct_ref/dct.cpp:91]   --->   Operation 236 'readreq' 'empty' <Predicate = true> <Delay = 7.04> <CoreInst = "m_axi">   --->   Core 119 'm_axi' <Latency = 0> <II = 1> <Delay = 1.00> <Adapter> <Opcode : 'read' 'write' 'readreq' 'writereq' 'writeresp'>

State 51 <SV = 50> <Delay = 7.04>
ST_51 : Operation 237 [24/71] (7.04ns)   --->   "%empty = readreq i1 @_ssdm_op_ReadReq.m_axi.p1i512, i64 %gmem_addr, i64 2" [../dct_ref/dct.cpp:64->../dct_ref/dct.cpp:91]   --->   Operation 237 'readreq' 'empty' <Predicate = true> <Delay = 7.04> <CoreInst = "m_axi">   --->   Core 119 'm_axi' <Latency = 0> <II = 1> <Delay = 1.00> <Adapter> <Opcode : 'read' 'write' 'readreq' 'writereq' 'writeresp'>

State 52 <SV = 51> <Delay = 7.04>
ST_52 : Operation 238 [23/71] (7.04ns)   --->   "%empty = readreq i1 @_ssdm_op_ReadReq.m_axi.p1i512, i64 %gmem_addr, i64 2" [../dct_ref/dct.cpp:64->../dct_ref/dct.cpp:91]   --->   Operation 238 'readreq' 'empty' <Predicate = true> <Delay = 7.04> <CoreInst = "m_axi">   --->   Core 119 'm_axi' <Latency = 0> <II = 1> <Delay = 1.00> <Adapter> <Opcode : 'read' 'write' 'readreq' 'writereq' 'writeresp'>

State 53 <SV = 52> <Delay = 7.04>
ST_53 : Operation 239 [22/71] (7.04ns)   --->   "%empty = readreq i1 @_ssdm_op_ReadReq.m_axi.p1i512, i64 %gmem_addr, i64 2" [../dct_ref/dct.cpp:64->../dct_ref/dct.cpp:91]   --->   Operation 239 'readreq' 'empty' <Predicate = true> <Delay = 7.04> <CoreInst = "m_axi">   --->   Core 119 'm_axi' <Latency = 0> <II = 1> <Delay = 1.00> <Adapter> <Opcode : 'read' 'write' 'readreq' 'writereq' 'writeresp'>

State 54 <SV = 53> <Delay = 7.04>
ST_54 : Operation 240 [21/71] (7.04ns)   --->   "%empty = readreq i1 @_ssdm_op_ReadReq.m_axi.p1i512, i64 %gmem_addr, i64 2" [../dct_ref/dct.cpp:64->../dct_ref/dct.cpp:91]   --->   Operation 240 'readreq' 'empty' <Predicate = true> <Delay = 7.04> <CoreInst = "m_axi">   --->   Core 119 'm_axi' <Latency = 0> <II = 1> <Delay = 1.00> <Adapter> <Opcode : 'read' 'write' 'readreq' 'writereq' 'writeresp'>

State 55 <SV = 54> <Delay = 7.04>
ST_55 : Operation 241 [20/71] (7.04ns)   --->   "%empty = readreq i1 @_ssdm_op_ReadReq.m_axi.p1i512, i64 %gmem_addr, i64 2" [../dct_ref/dct.cpp:64->../dct_ref/dct.cpp:91]   --->   Operation 241 'readreq' 'empty' <Predicate = true> <Delay = 7.04> <CoreInst = "m_axi">   --->   Core 119 'm_axi' <Latency = 0> <II = 1> <Delay = 1.00> <Adapter> <Opcode : 'read' 'write' 'readreq' 'writereq' 'writeresp'>

State 56 <SV = 55> <Delay = 7.04>
ST_56 : Operation 242 [19/71] (7.04ns)   --->   "%empty = readreq i1 @_ssdm_op_ReadReq.m_axi.p1i512, i64 %gmem_addr, i64 2" [../dct_ref/dct.cpp:64->../dct_ref/dct.cpp:91]   --->   Operation 242 'readreq' 'empty' <Predicate = true> <Delay = 7.04> <CoreInst = "m_axi">   --->   Core 119 'm_axi' <Latency = 0> <II = 1> <Delay = 1.00> <Adapter> <Opcode : 'read' 'write' 'readreq' 'writereq' 'writeresp'>

State 57 <SV = 56> <Delay = 7.04>
ST_57 : Operation 243 [18/71] (7.04ns)   --->   "%empty = readreq i1 @_ssdm_op_ReadReq.m_axi.p1i512, i64 %gmem_addr, i64 2" [../dct_ref/dct.cpp:64->../dct_ref/dct.cpp:91]   --->   Operation 243 'readreq' 'empty' <Predicate = true> <Delay = 7.04> <CoreInst = "m_axi">   --->   Core 119 'm_axi' <Latency = 0> <II = 1> <Delay = 1.00> <Adapter> <Opcode : 'read' 'write' 'readreq' 'writereq' 'writeresp'>

State 58 <SV = 57> <Delay = 7.04>
ST_58 : Operation 244 [17/71] (7.04ns)   --->   "%empty = readreq i1 @_ssdm_op_ReadReq.m_axi.p1i512, i64 %gmem_addr, i64 2" [../dct_ref/dct.cpp:64->../dct_ref/dct.cpp:91]   --->   Operation 244 'readreq' 'empty' <Predicate = true> <Delay = 7.04> <CoreInst = "m_axi">   --->   Core 119 'm_axi' <Latency = 0> <II = 1> <Delay = 1.00> <Adapter> <Opcode : 'read' 'write' 'readreq' 'writereq' 'writeresp'>

State 59 <SV = 58> <Delay = 7.04>
ST_59 : Operation 245 [16/71] (7.04ns)   --->   "%empty = readreq i1 @_ssdm_op_ReadReq.m_axi.p1i512, i64 %gmem_addr, i64 2" [../dct_ref/dct.cpp:64->../dct_ref/dct.cpp:91]   --->   Operation 245 'readreq' 'empty' <Predicate = true> <Delay = 7.04> <CoreInst = "m_axi">   --->   Core 119 'm_axi' <Latency = 0> <II = 1> <Delay = 1.00> <Adapter> <Opcode : 'read' 'write' 'readreq' 'writereq' 'writeresp'>

State 60 <SV = 59> <Delay = 7.04>
ST_60 : Operation 246 [15/71] (7.04ns)   --->   "%empty = readreq i1 @_ssdm_op_ReadReq.m_axi.p1i512, i64 %gmem_addr, i64 2" [../dct_ref/dct.cpp:64->../dct_ref/dct.cpp:91]   --->   Operation 246 'readreq' 'empty' <Predicate = true> <Delay = 7.04> <CoreInst = "m_axi">   --->   Core 119 'm_axi' <Latency = 0> <II = 1> <Delay = 1.00> <Adapter> <Opcode : 'read' 'write' 'readreq' 'writereq' 'writeresp'>

State 61 <SV = 60> <Delay = 7.04>
ST_61 : Operation 247 [14/71] (7.04ns)   --->   "%empty = readreq i1 @_ssdm_op_ReadReq.m_axi.p1i512, i64 %gmem_addr, i64 2" [../dct_ref/dct.cpp:64->../dct_ref/dct.cpp:91]   --->   Operation 247 'readreq' 'empty' <Predicate = true> <Delay = 7.04> <CoreInst = "m_axi">   --->   Core 119 'm_axi' <Latency = 0> <II = 1> <Delay = 1.00> <Adapter> <Opcode : 'read' 'write' 'readreq' 'writereq' 'writeresp'>

State 62 <SV = 61> <Delay = 7.04>
ST_62 : Operation 248 [13/71] (7.04ns)   --->   "%empty = readreq i1 @_ssdm_op_ReadReq.m_axi.p1i512, i64 %gmem_addr, i64 2" [../dct_ref/dct.cpp:64->../dct_ref/dct.cpp:91]   --->   Operation 248 'readreq' 'empty' <Predicate = true> <Delay = 7.04> <CoreInst = "m_axi">   --->   Core 119 'm_axi' <Latency = 0> <II = 1> <Delay = 1.00> <Adapter> <Opcode : 'read' 'write' 'readreq' 'writereq' 'writeresp'>

State 63 <SV = 62> <Delay = 7.04>
ST_63 : Operation 249 [12/71] (7.04ns)   --->   "%empty = readreq i1 @_ssdm_op_ReadReq.m_axi.p1i512, i64 %gmem_addr, i64 2" [../dct_ref/dct.cpp:64->../dct_ref/dct.cpp:91]   --->   Operation 249 'readreq' 'empty' <Predicate = true> <Delay = 7.04> <CoreInst = "m_axi">   --->   Core 119 'm_axi' <Latency = 0> <II = 1> <Delay = 1.00> <Adapter> <Opcode : 'read' 'write' 'readreq' 'writereq' 'writeresp'>

State 64 <SV = 63> <Delay = 7.04>
ST_64 : Operation 250 [11/71] (7.04ns)   --->   "%empty = readreq i1 @_ssdm_op_ReadReq.m_axi.p1i512, i64 %gmem_addr, i64 2" [../dct_ref/dct.cpp:64->../dct_ref/dct.cpp:91]   --->   Operation 250 'readreq' 'empty' <Predicate = true> <Delay = 7.04> <CoreInst = "m_axi">   --->   Core 119 'm_axi' <Latency = 0> <II = 1> <Delay = 1.00> <Adapter> <Opcode : 'read' 'write' 'readreq' 'writereq' 'writeresp'>

State 65 <SV = 64> <Delay = 7.04>
ST_65 : Operation 251 [10/71] (7.04ns)   --->   "%empty = readreq i1 @_ssdm_op_ReadReq.m_axi.p1i512, i64 %gmem_addr, i64 2" [../dct_ref/dct.cpp:64->../dct_ref/dct.cpp:91]   --->   Operation 251 'readreq' 'empty' <Predicate = true> <Delay = 7.04> <CoreInst = "m_axi">   --->   Core 119 'm_axi' <Latency = 0> <II = 1> <Delay = 1.00> <Adapter> <Opcode : 'read' 'write' 'readreq' 'writereq' 'writeresp'>

State 66 <SV = 65> <Delay = 7.04>
ST_66 : Operation 252 [9/71] (7.04ns)   --->   "%empty = readreq i1 @_ssdm_op_ReadReq.m_axi.p1i512, i64 %gmem_addr, i64 2" [../dct_ref/dct.cpp:64->../dct_ref/dct.cpp:91]   --->   Operation 252 'readreq' 'empty' <Predicate = true> <Delay = 7.04> <CoreInst = "m_axi">   --->   Core 119 'm_axi' <Latency = 0> <II = 1> <Delay = 1.00> <Adapter> <Opcode : 'read' 'write' 'readreq' 'writereq' 'writeresp'>

State 67 <SV = 66> <Delay = 7.04>
ST_67 : Operation 253 [8/71] (7.04ns)   --->   "%empty = readreq i1 @_ssdm_op_ReadReq.m_axi.p1i512, i64 %gmem_addr, i64 2" [../dct_ref/dct.cpp:64->../dct_ref/dct.cpp:91]   --->   Operation 253 'readreq' 'empty' <Predicate = true> <Delay = 7.04> <CoreInst = "m_axi">   --->   Core 119 'm_axi' <Latency = 0> <II = 1> <Delay = 1.00> <Adapter> <Opcode : 'read' 'write' 'readreq' 'writereq' 'writeresp'>

State 68 <SV = 67> <Delay = 7.04>
ST_68 : Operation 254 [7/71] (7.04ns)   --->   "%empty = readreq i1 @_ssdm_op_ReadReq.m_axi.p1i512, i64 %gmem_addr, i64 2" [../dct_ref/dct.cpp:64->../dct_ref/dct.cpp:91]   --->   Operation 254 'readreq' 'empty' <Predicate = true> <Delay = 7.04> <CoreInst = "m_axi">   --->   Core 119 'm_axi' <Latency = 0> <II = 1> <Delay = 1.00> <Adapter> <Opcode : 'read' 'write' 'readreq' 'writereq' 'writeresp'>

State 69 <SV = 68> <Delay = 7.04>
ST_69 : Operation 255 [6/71] (7.04ns)   --->   "%empty = readreq i1 @_ssdm_op_ReadReq.m_axi.p1i512, i64 %gmem_addr, i64 2" [../dct_ref/dct.cpp:64->../dct_ref/dct.cpp:91]   --->   Operation 255 'readreq' 'empty' <Predicate = true> <Delay = 7.04> <CoreInst = "m_axi">   --->   Core 119 'm_axi' <Latency = 0> <II = 1> <Delay = 1.00> <Adapter> <Opcode : 'read' 'write' 'readreq' 'writereq' 'writeresp'>

State 70 <SV = 69> <Delay = 7.04>
ST_70 : Operation 256 [5/71] (7.04ns)   --->   "%empty = readreq i1 @_ssdm_op_ReadReq.m_axi.p1i512, i64 %gmem_addr, i64 2" [../dct_ref/dct.cpp:64->../dct_ref/dct.cpp:91]   --->   Operation 256 'readreq' 'empty' <Predicate = true> <Delay = 7.04> <CoreInst = "m_axi">   --->   Core 119 'm_axi' <Latency = 0> <II = 1> <Delay = 1.00> <Adapter> <Opcode : 'read' 'write' 'readreq' 'writereq' 'writeresp'>

State 71 <SV = 70> <Delay = 7.04>
ST_71 : Operation 257 [4/71] (7.04ns)   --->   "%empty = readreq i1 @_ssdm_op_ReadReq.m_axi.p1i512, i64 %gmem_addr, i64 2" [../dct_ref/dct.cpp:64->../dct_ref/dct.cpp:91]   --->   Operation 257 'readreq' 'empty' <Predicate = true> <Delay = 7.04> <CoreInst = "m_axi">   --->   Core 119 'm_axi' <Latency = 0> <II = 1> <Delay = 1.00> <Adapter> <Opcode : 'read' 'write' 'readreq' 'writereq' 'writeresp'>

State 72 <SV = 71> <Delay = 7.04>
ST_72 : Operation 258 [3/71] (7.04ns)   --->   "%empty = readreq i1 @_ssdm_op_ReadReq.m_axi.p1i512, i64 %gmem_addr, i64 2" [../dct_ref/dct.cpp:64->../dct_ref/dct.cpp:91]   --->   Operation 258 'readreq' 'empty' <Predicate = true> <Delay = 7.04> <CoreInst = "m_axi">   --->   Core 119 'm_axi' <Latency = 0> <II = 1> <Delay = 1.00> <Adapter> <Opcode : 'read' 'write' 'readreq' 'writereq' 'writeresp'>

State 73 <SV = 72> <Delay = 7.04>
ST_73 : Operation 259 [2/71] (7.04ns)   --->   "%empty = readreq i1 @_ssdm_op_ReadReq.m_axi.p1i512, i64 %gmem_addr, i64 2" [../dct_ref/dct.cpp:64->../dct_ref/dct.cpp:91]   --->   Operation 259 'readreq' 'empty' <Predicate = true> <Delay = 7.04> <CoreInst = "m_axi">   --->   Core 119 'm_axi' <Latency = 0> <II = 1> <Delay = 1.00> <Adapter> <Opcode : 'read' 'write' 'readreq' 'writereq' 'writeresp'>

State 74 <SV = 73> <Delay = 7.04>
ST_74 : Operation 260 [1/71] (7.04ns)   --->   "%empty = readreq i1 @_ssdm_op_ReadReq.m_axi.p1i512, i64 %gmem_addr, i64 2" [../dct_ref/dct.cpp:64->../dct_ref/dct.cpp:91]   --->   Operation 260 'readreq' 'empty' <Predicate = true> <Delay = 7.04> <CoreInst = "m_axi">   --->   Core 119 'm_axi' <Latency = 0> <II = 1> <Delay = 1.00> <Adapter> <Opcode : 'read' 'write' 'readreq' 'writereq' 'writeresp'>

State 75 <SV = 74> <Delay = 0.00>
ST_75 : Operation 261 [2/2] (0.00ns)   --->   "%call_ln64 = call void @dct_Pipeline_RD_Loop_Row, i512 %gmem, i16 %buf_2d_in, i16 %buf_2d_in_1, i16 %buf_2d_in_2, i16 %buf_2d_in_3, i16 %buf_2d_in_4, i16 %buf_2d_in_5, i16 %buf_2d_in_6, i16 %buf_2d_in_7, i58 %trunc_ln" [../dct_ref/dct.cpp:64->../dct_ref/dct.cpp:91]   --->   Operation 261 'call' 'call_ln64' <Predicate = true> <Delay = 0.00> <CoreType = "Generic">   --->   Core 0 '' <Latency = 0> <II = 1> <Delay = 1.00> <Generic> <Opcode : >

State 76 <SV = 75> <Delay = 0.00>
ST_76 : Operation 262 [1/2] (0.00ns)   --->   "%call_ln64 = call void @dct_Pipeline_RD_Loop_Row, i512 %gmem, i16 %buf_2d_in, i16 %buf_2d_in_1, i16 %buf_2d_in_2, i16 %buf_2d_in_3, i16 %buf_2d_in_4, i16 %buf_2d_in_5, i16 %buf_2d_in_6, i16 %buf_2d_in_7, i58 %trunc_ln" [../dct_ref/dct.cpp:64->../dct_ref/dct.cpp:91]   --->   Operation 262 'call' 'call_ln64' <Predicate = true> <Delay = 0.00> <CoreType = "Generic">   --->   Core 0 '' <Latency = 0> <II = 1> <Delay = 1.00> <Generic> <Opcode : >

State 77 <SV = 76> <Delay = 0.00>
ST_77 : Operation 263 [21/21] (0.00ns)   --->   "%call_ln93 = call void @dct_2d, i16 %buf_2d_in, i16 %buf_2d_in_1, i16 %buf_2d_in_2, i16 %buf_2d_in_3, i16 %buf_2d_in_4, i16 %buf_2d_in_5, i16 %buf_2d_in_6, i16 %buf_2d_in_7, i16 %buf_2d_out, i16 %buf_2d_out_1, i16 %buf_2d_out_2, i16 %buf_2d_out_3, i16 %buf_2d_out_4, i16 %buf_2d_out_5, i16 %buf_2d_out_6, i16 %buf_2d_out_7" [../dct_ref/dct.cpp:93]   --->   Operation 263 'call' 'call_ln93' <Predicate = true> <Delay = 0.00> <CoreType = "Generic">   --->   Core 0 '' <Latency = 0> <II = 1> <Delay = 1.00> <Generic> <Opcode : >

State 78 <SV = 77> <Delay = 4.40>
ST_78 : Operation 264 [20/21] (4.40ns)   --->   "%call_ln93 = call void @dct_2d, i16 %buf_2d_in, i16 %buf_2d_in_1, i16 %buf_2d_in_2, i16 %buf_2d_in_3, i16 %buf_2d_in_4, i16 %buf_2d_in_5, i16 %buf_2d_in_6, i16 %buf_2d_in_7, i16 %buf_2d_out, i16 %buf_2d_out_1, i16 %buf_2d_out_2, i16 %buf_2d_out_3, i16 %buf_2d_out_4, i16 %buf_2d_out_5, i16 %buf_2d_out_6, i16 %buf_2d_out_7" [../dct_ref/dct.cpp:93]   --->   Operation 264 'call' 'call_ln93' <Predicate = true> <Delay = 4.40> <CoreType = "Generic">   --->   Core 0 '' <Latency = 0> <II = 1> <Delay = 1.00> <Generic> <Opcode : >

State 79 <SV = 78> <Delay = 4.40>
ST_79 : Operation 265 [19/21] (4.40ns)   --->   "%call_ln93 = call void @dct_2d, i16 %buf_2d_in, i16 %buf_2d_in_1, i16 %buf_2d_in_2, i16 %buf_2d_in_3, i16 %buf_2d_in_4, i16 %buf_2d_in_5, i16 %buf_2d_in_6, i16 %buf_2d_in_7, i16 %buf_2d_out, i16 %buf_2d_out_1, i16 %buf_2d_out_2, i16 %buf_2d_out_3, i16 %buf_2d_out_4, i16 %buf_2d_out_5, i16 %buf_2d_out_6, i16 %buf_2d_out_7" [../dct_ref/dct.cpp:93]   --->   Operation 265 'call' 'call_ln93' <Predicate = true> <Delay = 4.40> <CoreType = "Generic">   --->   Core 0 '' <Latency = 0> <II = 1> <Delay = 1.00> <Generic> <Opcode : >

State 80 <SV = 79> <Delay = 4.40>
ST_80 : Operation 266 [18/21] (4.40ns)   --->   "%call_ln93 = call void @dct_2d, i16 %buf_2d_in, i16 %buf_2d_in_1, i16 %buf_2d_in_2, i16 %buf_2d_in_3, i16 %buf_2d_in_4, i16 %buf_2d_in_5, i16 %buf_2d_in_6, i16 %buf_2d_in_7, i16 %buf_2d_out, i16 %buf_2d_out_1, i16 %buf_2d_out_2, i16 %buf_2d_out_3, i16 %buf_2d_out_4, i16 %buf_2d_out_5, i16 %buf_2d_out_6, i16 %buf_2d_out_7" [../dct_ref/dct.cpp:93]   --->   Operation 266 'call' 'call_ln93' <Predicate = true> <Delay = 4.40> <CoreType = "Generic">   --->   Core 0 '' <Latency = 0> <II = 1> <Delay = 1.00> <Generic> <Opcode : >

State 81 <SV = 80> <Delay = 4.40>
ST_81 : Operation 267 [17/21] (4.40ns)   --->   "%call_ln93 = call void @dct_2d, i16 %buf_2d_in, i16 %buf_2d_in_1, i16 %buf_2d_in_2, i16 %buf_2d_in_3, i16 %buf_2d_in_4, i16 %buf_2d_in_5, i16 %buf_2d_in_6, i16 %buf_2d_in_7, i16 %buf_2d_out, i16 %buf_2d_out_1, i16 %buf_2d_out_2, i16 %buf_2d_out_3, i16 %buf_2d_out_4, i16 %buf_2d_out_5, i16 %buf_2d_out_6, i16 %buf_2d_out_7" [../dct_ref/dct.cpp:93]   --->   Operation 267 'call' 'call_ln93' <Predicate = true> <Delay = 4.40> <CoreType = "Generic">   --->   Core 0 '' <Latency = 0> <II = 1> <Delay = 1.00> <Generic> <Opcode : >

State 82 <SV = 81> <Delay = 4.40>
ST_82 : Operation 268 [16/21] (4.40ns)   --->   "%call_ln93 = call void @dct_2d, i16 %buf_2d_in, i16 %buf_2d_in_1, i16 %buf_2d_in_2, i16 %buf_2d_in_3, i16 %buf_2d_in_4, i16 %buf_2d_in_5, i16 %buf_2d_in_6, i16 %buf_2d_in_7, i16 %buf_2d_out, i16 %buf_2d_out_1, i16 %buf_2d_out_2, i16 %buf_2d_out_3, i16 %buf_2d_out_4, i16 %buf_2d_out_5, i16 %buf_2d_out_6, i16 %buf_2d_out_7" [../dct_ref/dct.cpp:93]   --->   Operation 268 'call' 'call_ln93' <Predicate = true> <Delay = 4.40> <CoreType = "Generic">   --->   Core 0 '' <Latency = 0> <II = 1> <Delay = 1.00> <Generic> <Opcode : >

State 83 <SV = 82> <Delay = 4.40>
ST_83 : Operation 269 [15/21] (4.40ns)   --->   "%call_ln93 = call void @dct_2d, i16 %buf_2d_in, i16 %buf_2d_in_1, i16 %buf_2d_in_2, i16 %buf_2d_in_3, i16 %buf_2d_in_4, i16 %buf_2d_in_5, i16 %buf_2d_in_6, i16 %buf_2d_in_7, i16 %buf_2d_out, i16 %buf_2d_out_1, i16 %buf_2d_out_2, i16 %buf_2d_out_3, i16 %buf_2d_out_4, i16 %buf_2d_out_5, i16 %buf_2d_out_6, i16 %buf_2d_out_7" [../dct_ref/dct.cpp:93]   --->   Operation 269 'call' 'call_ln93' <Predicate = true> <Delay = 4.40> <CoreType = "Generic">   --->   Core 0 '' <Latency = 0> <II = 1> <Delay = 1.00> <Generic> <Opcode : >

State 84 <SV = 83> <Delay = 4.40>
ST_84 : Operation 270 [14/21] (4.40ns)   --->   "%call_ln93 = call void @dct_2d, i16 %buf_2d_in, i16 %buf_2d_in_1, i16 %buf_2d_in_2, i16 %buf_2d_in_3, i16 %buf_2d_in_4, i16 %buf_2d_in_5, i16 %buf_2d_in_6, i16 %buf_2d_in_7, i16 %buf_2d_out, i16 %buf_2d_out_1, i16 %buf_2d_out_2, i16 %buf_2d_out_3, i16 %buf_2d_out_4, i16 %buf_2d_out_5, i16 %buf_2d_out_6, i16 %buf_2d_out_7" [../dct_ref/dct.cpp:93]   --->   Operation 270 'call' 'call_ln93' <Predicate = true> <Delay = 4.40> <CoreType = "Generic">   --->   Core 0 '' <Latency = 0> <II = 1> <Delay = 1.00> <Generic> <Opcode : >

State 85 <SV = 84> <Delay = 4.40>
ST_85 : Operation 271 [13/21] (4.40ns)   --->   "%call_ln93 = call void @dct_2d, i16 %buf_2d_in, i16 %buf_2d_in_1, i16 %buf_2d_in_2, i16 %buf_2d_in_3, i16 %buf_2d_in_4, i16 %buf_2d_in_5, i16 %buf_2d_in_6, i16 %buf_2d_in_7, i16 %buf_2d_out, i16 %buf_2d_out_1, i16 %buf_2d_out_2, i16 %buf_2d_out_3, i16 %buf_2d_out_4, i16 %buf_2d_out_5, i16 %buf_2d_out_6, i16 %buf_2d_out_7" [../dct_ref/dct.cpp:93]   --->   Operation 271 'call' 'call_ln93' <Predicate = true> <Delay = 4.40> <CoreType = "Generic">   --->   Core 0 '' <Latency = 0> <II = 1> <Delay = 1.00> <Generic> <Opcode : >

State 86 <SV = 85> <Delay = 4.40>
ST_86 : Operation 272 [12/21] (4.40ns)   --->   "%call_ln93 = call void @dct_2d, i16 %buf_2d_in, i16 %buf_2d_in_1, i16 %buf_2d_in_2, i16 %buf_2d_in_3, i16 %buf_2d_in_4, i16 %buf_2d_in_5, i16 %buf_2d_in_6, i16 %buf_2d_in_7, i16 %buf_2d_out, i16 %buf_2d_out_1, i16 %buf_2d_out_2, i16 %buf_2d_out_3, i16 %buf_2d_out_4, i16 %buf_2d_out_5, i16 %buf_2d_out_6, i16 %buf_2d_out_7" [../dct_ref/dct.cpp:93]   --->   Operation 272 'call' 'call_ln93' <Predicate = true> <Delay = 4.40> <CoreType = "Generic">   --->   Core 0 '' <Latency = 0> <II = 1> <Delay = 1.00> <Generic> <Opcode : >

State 87 <SV = 86> <Delay = 4.40>
ST_87 : Operation 273 [11/21] (4.40ns)   --->   "%call_ln93 = call void @dct_2d, i16 %buf_2d_in, i16 %buf_2d_in_1, i16 %buf_2d_in_2, i16 %buf_2d_in_3, i16 %buf_2d_in_4, i16 %buf_2d_in_5, i16 %buf_2d_in_6, i16 %buf_2d_in_7, i16 %buf_2d_out, i16 %buf_2d_out_1, i16 %buf_2d_out_2, i16 %buf_2d_out_3, i16 %buf_2d_out_4, i16 %buf_2d_out_5, i16 %buf_2d_out_6, i16 %buf_2d_out_7" [../dct_ref/dct.cpp:93]   --->   Operation 273 'call' 'call_ln93' <Predicate = true> <Delay = 4.40> <CoreType = "Generic">   --->   Core 0 '' <Latency = 0> <II = 1> <Delay = 1.00> <Generic> <Opcode : >

State 88 <SV = 87> <Delay = 4.40>
ST_88 : Operation 274 [10/21] (4.40ns)   --->   "%call_ln93 = call void @dct_2d, i16 %buf_2d_in, i16 %buf_2d_in_1, i16 %buf_2d_in_2, i16 %buf_2d_in_3, i16 %buf_2d_in_4, i16 %buf_2d_in_5, i16 %buf_2d_in_6, i16 %buf_2d_in_7, i16 %buf_2d_out, i16 %buf_2d_out_1, i16 %buf_2d_out_2, i16 %buf_2d_out_3, i16 %buf_2d_out_4, i16 %buf_2d_out_5, i16 %buf_2d_out_6, i16 %buf_2d_out_7" [../dct_ref/dct.cpp:93]   --->   Operation 274 'call' 'call_ln93' <Predicate = true> <Delay = 4.40> <CoreType = "Generic">   --->   Core 0 '' <Latency = 0> <II = 1> <Delay = 1.00> <Generic> <Opcode : >

State 89 <SV = 88> <Delay = 4.40>
ST_89 : Operation 275 [9/21] (4.40ns)   --->   "%call_ln93 = call void @dct_2d, i16 %buf_2d_in, i16 %buf_2d_in_1, i16 %buf_2d_in_2, i16 %buf_2d_in_3, i16 %buf_2d_in_4, i16 %buf_2d_in_5, i16 %buf_2d_in_6, i16 %buf_2d_in_7, i16 %buf_2d_out, i16 %buf_2d_out_1, i16 %buf_2d_out_2, i16 %buf_2d_out_3, i16 %buf_2d_out_4, i16 %buf_2d_out_5, i16 %buf_2d_out_6, i16 %buf_2d_out_7" [../dct_ref/dct.cpp:93]   --->   Operation 275 'call' 'call_ln93' <Predicate = true> <Delay = 4.40> <CoreType = "Generic">   --->   Core 0 '' <Latency = 0> <II = 1> <Delay = 1.00> <Generic> <Opcode : >

State 90 <SV = 89> <Delay = 4.40>
ST_90 : Operation 276 [8/21] (4.40ns)   --->   "%call_ln93 = call void @dct_2d, i16 %buf_2d_in, i16 %buf_2d_in_1, i16 %buf_2d_in_2, i16 %buf_2d_in_3, i16 %buf_2d_in_4, i16 %buf_2d_in_5, i16 %buf_2d_in_6, i16 %buf_2d_in_7, i16 %buf_2d_out, i16 %buf_2d_out_1, i16 %buf_2d_out_2, i16 %buf_2d_out_3, i16 %buf_2d_out_4, i16 %buf_2d_out_5, i16 %buf_2d_out_6, i16 %buf_2d_out_7" [../dct_ref/dct.cpp:93]   --->   Operation 276 'call' 'call_ln93' <Predicate = true> <Delay = 4.40> <CoreType = "Generic">   --->   Core 0 '' <Latency = 0> <II = 1> <Delay = 1.00> <Generic> <Opcode : >

State 91 <SV = 90> <Delay = 4.40>
ST_91 : Operation 277 [7/21] (4.40ns)   --->   "%call_ln93 = call void @dct_2d, i16 %buf_2d_in, i16 %buf_2d_in_1, i16 %buf_2d_in_2, i16 %buf_2d_in_3, i16 %buf_2d_in_4, i16 %buf_2d_in_5, i16 %buf_2d_in_6, i16 %buf_2d_in_7, i16 %buf_2d_out, i16 %buf_2d_out_1, i16 %buf_2d_out_2, i16 %buf_2d_out_3, i16 %buf_2d_out_4, i16 %buf_2d_out_5, i16 %buf_2d_out_6, i16 %buf_2d_out_7" [../dct_ref/dct.cpp:93]   --->   Operation 277 'call' 'call_ln93' <Predicate = true> <Delay = 4.40> <CoreType = "Generic">   --->   Core 0 '' <Latency = 0> <II = 1> <Delay = 1.00> <Generic> <Opcode : >

State 92 <SV = 91> <Delay = 4.40>
ST_92 : Operation 278 [6/21] (4.40ns)   --->   "%call_ln93 = call void @dct_2d, i16 %buf_2d_in, i16 %buf_2d_in_1, i16 %buf_2d_in_2, i16 %buf_2d_in_3, i16 %buf_2d_in_4, i16 %buf_2d_in_5, i16 %buf_2d_in_6, i16 %buf_2d_in_7, i16 %buf_2d_out, i16 %buf_2d_out_1, i16 %buf_2d_out_2, i16 %buf_2d_out_3, i16 %buf_2d_out_4, i16 %buf_2d_out_5, i16 %buf_2d_out_6, i16 %buf_2d_out_7" [../dct_ref/dct.cpp:93]   --->   Operation 278 'call' 'call_ln93' <Predicate = true> <Delay = 4.40> <CoreType = "Generic">   --->   Core 0 '' <Latency = 0> <II = 1> <Delay = 1.00> <Generic> <Opcode : >

State 93 <SV = 92> <Delay = 4.40>
ST_93 : Operation 279 [5/21] (4.40ns)   --->   "%call_ln93 = call void @dct_2d, i16 %buf_2d_in, i16 %buf_2d_in_1, i16 %buf_2d_in_2, i16 %buf_2d_in_3, i16 %buf_2d_in_4, i16 %buf_2d_in_5, i16 %buf_2d_in_6, i16 %buf_2d_in_7, i16 %buf_2d_out, i16 %buf_2d_out_1, i16 %buf_2d_out_2, i16 %buf_2d_out_3, i16 %buf_2d_out_4, i16 %buf_2d_out_5, i16 %buf_2d_out_6, i16 %buf_2d_out_7" [../dct_ref/dct.cpp:93]   --->   Operation 279 'call' 'call_ln93' <Predicate = true> <Delay = 4.40> <CoreType = "Generic">   --->   Core 0 '' <Latency = 0> <II = 1> <Delay = 1.00> <Generic> <Opcode : >

State 94 <SV = 93> <Delay = 4.40>
ST_94 : Operation 280 [4/21] (4.40ns)   --->   "%call_ln93 = call void @dct_2d, i16 %buf_2d_in, i16 %buf_2d_in_1, i16 %buf_2d_in_2, i16 %buf_2d_in_3, i16 %buf_2d_in_4, i16 %buf_2d_in_5, i16 %buf_2d_in_6, i16 %buf_2d_in_7, i16 %buf_2d_out, i16 %buf_2d_out_1, i16 %buf_2d_out_2, i16 %buf_2d_out_3, i16 %buf_2d_out_4, i16 %buf_2d_out_5, i16 %buf_2d_out_6, i16 %buf_2d_out_7" [../dct_ref/dct.cpp:93]   --->   Operation 280 'call' 'call_ln93' <Predicate = true> <Delay = 4.40> <CoreType = "Generic">   --->   Core 0 '' <Latency = 0> <II = 1> <Delay = 1.00> <Generic> <Opcode : >

State 95 <SV = 94> <Delay = 4.40>
ST_95 : Operation 281 [3/21] (4.40ns)   --->   "%call_ln93 = call void @dct_2d, i16 %buf_2d_in, i16 %buf_2d_in_1, i16 %buf_2d_in_2, i16 %buf_2d_in_3, i16 %buf_2d_in_4, i16 %buf_2d_in_5, i16 %buf_2d_in_6, i16 %buf_2d_in_7, i16 %buf_2d_out, i16 %buf_2d_out_1, i16 %buf_2d_out_2, i16 %buf_2d_out_3, i16 %buf_2d_out_4, i16 %buf_2d_out_5, i16 %buf_2d_out_6, i16 %buf_2d_out_7" [../dct_ref/dct.cpp:93]   --->   Operation 281 'call' 'call_ln93' <Predicate = true> <Delay = 4.40> <CoreType = "Generic">   --->   Core 0 '' <Latency = 0> <II = 1> <Delay = 1.00> <Generic> <Opcode : >

State 96 <SV = 95> <Delay = 4.40>
ST_96 : Operation 282 [2/21] (4.40ns)   --->   "%call_ln93 = call void @dct_2d, i16 %buf_2d_in, i16 %buf_2d_in_1, i16 %buf_2d_in_2, i16 %buf_2d_in_3, i16 %buf_2d_in_4, i16 %buf_2d_in_5, i16 %buf_2d_in_6, i16 %buf_2d_in_7, i16 %buf_2d_out, i16 %buf_2d_out_1, i16 %buf_2d_out_2, i16 %buf_2d_out_3, i16 %buf_2d_out_4, i16 %buf_2d_out_5, i16 %buf_2d_out_6, i16 %buf_2d_out_7" [../dct_ref/dct.cpp:93]   --->   Operation 282 'call' 'call_ln93' <Predicate = true> <Delay = 4.40> <CoreType = "Generic">   --->   Core 0 '' <Latency = 0> <II = 1> <Delay = 1.00> <Generic> <Opcode : >

State 97 <SV = 96> <Delay = 7.04>
ST_97 : Operation 283 [1/21] (0.00ns)   --->   "%call_ln93 = call void @dct_2d, i16 %buf_2d_in, i16 %buf_2d_in_1, i16 %buf_2d_in_2, i16 %buf_2d_in_3, i16 %buf_2d_in_4, i16 %buf_2d_in_5, i16 %buf_2d_in_6, i16 %buf_2d_in_7, i16 %buf_2d_out, i16 %buf_2d_out_1, i16 %buf_2d_out_2, i16 %buf_2d_out_3, i16 %buf_2d_out_4, i16 %buf_2d_out_5, i16 %buf_2d_out_6, i16 %buf_2d_out_7" [../dct_ref/dct.cpp:93]   --->   Operation 283 'call' 'call_ln93' <Predicate = true> <Delay = 0.00> <CoreType = "Generic">   --->   Core 0 '' <Latency = 0> <II = 1> <Delay = 1.00> <Generic> <Opcode : >
ST_97 : Operation 284 [1/1] (0.00ns)   --->   "%sext_ln77 = sext i58 %trunc_ln1" [../dct_ref/dct.cpp:77->../dct_ref/dct.cpp:97]   --->   Operation 284 'sext' 'sext_ln77' <Predicate = true> <Delay = 0.00>
ST_97 : Operation 285 [1/1] (0.00ns)   --->   "%gmem_addr_1 = getelementptr i512 %gmem, i64 %sext_ln77" [../dct_ref/dct.cpp:77->../dct_ref/dct.cpp:97]   --->   Operation 285 'getelementptr' 'gmem_addr_1' <Predicate = true> <Delay = 0.00>
ST_97 : Operation 286 [1/1] (7.04ns)   --->   "%empty_24 = writereq i1 @_ssdm_op_WriteReq.m_axi.p1i512, i64 %gmem_addr_1, i64 2" [../dct_ref/dct.cpp:77->../dct_ref/dct.cpp:97]   --->   Operation 286 'writereq' 'empty_24' <Predicate = true> <Delay = 7.04> <CoreInst = "m_axi">   --->   Core 119 'm_axi' <Latency = 0> <II = 1> <Delay = 1.00> <Adapter> <Opcode : 'read' 'write' 'readreq' 'writereq' 'writeresp'>

State 98 <SV = 97> <Delay = 0.00>
ST_98 : Operation 287 [2/2] (0.00ns)   --->   "%call_ln77 = call void @dct_Pipeline_WR_Loop_Row, i512 %gmem, i58 %trunc_ln1, i16 %buf_2d_out, i16 %buf_2d_out_1, i16 %buf_2d_out_2, i16 %buf_2d_out_3, i16 %buf_2d_out_4, i16 %buf_2d_out_5, i16 %buf_2d_out_6, i16 %buf_2d_out_7" [../dct_ref/dct.cpp:77->../dct_ref/dct.cpp:97]   --->   Operation 287 'call' 'call_ln77' <Predicate = true> <Delay = 0.00> <CoreType = "Generic">   --->   Core 0 '' <Latency = 0> <II = 1> <Delay = 1.00> <Generic> <Opcode : >

State 99 <SV = 98> <Delay = 0.00>
ST_99 : Operation 288 [1/2] (0.00ns)   --->   "%call_ln77 = call void @dct_Pipeline_WR_Loop_Row, i512 %gmem, i58 %trunc_ln1, i16 %buf_2d_out, i16 %buf_2d_out_1, i16 %buf_2d_out_2, i16 %buf_2d_out_3, i16 %buf_2d_out_4, i16 %buf_2d_out_5, i16 %buf_2d_out_6, i16 %buf_2d_out_7" [../dct_ref/dct.cpp:77->../dct_ref/dct.cpp:97]   --->   Operation 288 'call' 'call_ln77' <Predicate = true> <Delay = 0.00> <CoreType = "Generic">   --->   Core 0 '' <Latency = 0> <II = 1> <Delay = 1.00> <Generic> <Opcode : >

State 100 <SV = 99> <Delay = 7.04>
ST_100 : Operation 289 [68/68] (7.04ns)   --->   "%empty_25 = writeresp i1 @_ssdm_op_WriteResp.m_axi.p1i512, i64 %gmem_addr_1" [../dct_ref/dct.cpp:99]   --->   Operation 289 'writeresp' 'empty_25' <Predicate = true> <Delay = 7.04> <CoreInst = "m_axi">   --->   Core 119 'm_axi' <Latency = 0> <II = 1> <Delay = 1.00> <Adapter> <Opcode : 'read' 'write' 'readreq' 'writereq' 'writeresp'>

State 101 <SV = 100> <Delay = 7.04>
ST_101 : Operation 290 [67/68] (7.04ns)   --->   "%empty_25 = writeresp i1 @_ssdm_op_WriteResp.m_axi.p1i512, i64 %gmem_addr_1" [../dct_ref/dct.cpp:99]   --->   Operation 290 'writeresp' 'empty_25' <Predicate = true> <Delay = 7.04> <CoreInst = "m_axi">   --->   Core 119 'm_axi' <Latency = 0> <II = 1> <Delay = 1.00> <Adapter> <Opcode : 'read' 'write' 'readreq' 'writereq' 'writeresp'>

State 102 <SV = 101> <Delay = 7.04>
ST_102 : Operation 291 [66/68] (7.04ns)   --->   "%empty_25 = writeresp i1 @_ssdm_op_WriteResp.m_axi.p1i512, i64 %gmem_addr_1" [../dct_ref/dct.cpp:99]   --->   Operation 291 'writeresp' 'empty_25' <Predicate = true> <Delay = 7.04> <CoreInst = "m_axi">   --->   Core 119 'm_axi' <Latency = 0> <II = 1> <Delay = 1.00> <Adapter> <Opcode : 'read' 'write' 'readreq' 'writereq' 'writeresp'>

State 103 <SV = 102> <Delay = 7.04>
ST_103 : Operation 292 [65/68] (7.04ns)   --->   "%empty_25 = writeresp i1 @_ssdm_op_WriteResp.m_axi.p1i512, i64 %gmem_addr_1" [../dct_ref/dct.cpp:99]   --->   Operation 292 'writeresp' 'empty_25' <Predicate = true> <Delay = 7.04> <CoreInst = "m_axi">   --->   Core 119 'm_axi' <Latency = 0> <II = 1> <Delay = 1.00> <Adapter> <Opcode : 'read' 'write' 'readreq' 'writereq' 'writeresp'>

State 104 <SV = 103> <Delay = 7.04>
ST_104 : Operation 293 [64/68] (7.04ns)   --->   "%empty_25 = writeresp i1 @_ssdm_op_WriteResp.m_axi.p1i512, i64 %gmem_addr_1" [../dct_ref/dct.cpp:99]   --->   Operation 293 'writeresp' 'empty_25' <Predicate = true> <Delay = 7.04> <CoreInst = "m_axi">   --->   Core 119 'm_axi' <Latency = 0> <II = 1> <Delay = 1.00> <Adapter> <Opcode : 'read' 'write' 'readreq' 'writereq' 'writeresp'>

State 105 <SV = 104> <Delay = 7.04>
ST_105 : Operation 294 [63/68] (7.04ns)   --->   "%empty_25 = writeresp i1 @_ssdm_op_WriteResp.m_axi.p1i512, i64 %gmem_addr_1" [../dct_ref/dct.cpp:99]   --->   Operation 294 'writeresp' 'empty_25' <Predicate = true> <Delay = 7.04> <CoreInst = "m_axi">   --->   Core 119 'm_axi' <Latency = 0> <II = 1> <Delay = 1.00> <Adapter> <Opcode : 'read' 'write' 'readreq' 'writereq' 'writeresp'>

State 106 <SV = 105> <Delay = 7.04>
ST_106 : Operation 295 [62/68] (7.04ns)   --->   "%empty_25 = writeresp i1 @_ssdm_op_WriteResp.m_axi.p1i512, i64 %gmem_addr_1" [../dct_ref/dct.cpp:99]   --->   Operation 295 'writeresp' 'empty_25' <Predicate = true> <Delay = 7.04> <CoreInst = "m_axi">   --->   Core 119 'm_axi' <Latency = 0> <II = 1> <Delay = 1.00> <Adapter> <Opcode : 'read' 'write' 'readreq' 'writereq' 'writeresp'>

State 107 <SV = 106> <Delay = 7.04>
ST_107 : Operation 296 [61/68] (7.04ns)   --->   "%empty_25 = writeresp i1 @_ssdm_op_WriteResp.m_axi.p1i512, i64 %gmem_addr_1" [../dct_ref/dct.cpp:99]   --->   Operation 296 'writeresp' 'empty_25' <Predicate = true> <Delay = 7.04> <CoreInst = "m_axi">   --->   Core 119 'm_axi' <Latency = 0> <II = 1> <Delay = 1.00> <Adapter> <Opcode : 'read' 'write' 'readreq' 'writereq' 'writeresp'>

State 108 <SV = 107> <Delay = 7.04>
ST_108 : Operation 297 [60/68] (7.04ns)   --->   "%empty_25 = writeresp i1 @_ssdm_op_WriteResp.m_axi.p1i512, i64 %gmem_addr_1" [../dct_ref/dct.cpp:99]   --->   Operation 297 'writeresp' 'empty_25' <Predicate = true> <Delay = 7.04> <CoreInst = "m_axi">   --->   Core 119 'm_axi' <Latency = 0> <II = 1> <Delay = 1.00> <Adapter> <Opcode : 'read' 'write' 'readreq' 'writereq' 'writeresp'>

State 109 <SV = 108> <Delay = 7.04>
ST_109 : Operation 298 [59/68] (7.04ns)   --->   "%empty_25 = writeresp i1 @_ssdm_op_WriteResp.m_axi.p1i512, i64 %gmem_addr_1" [../dct_ref/dct.cpp:99]   --->   Operation 298 'writeresp' 'empty_25' <Predicate = true> <Delay = 7.04> <CoreInst = "m_axi">   --->   Core 119 'm_axi' <Latency = 0> <II = 1> <Delay = 1.00> <Adapter> <Opcode : 'read' 'write' 'readreq' 'writereq' 'writeresp'>

State 110 <SV = 109> <Delay = 7.04>
ST_110 : Operation 299 [58/68] (7.04ns)   --->   "%empty_25 = writeresp i1 @_ssdm_op_WriteResp.m_axi.p1i512, i64 %gmem_addr_1" [../dct_ref/dct.cpp:99]   --->   Operation 299 'writeresp' 'empty_25' <Predicate = true> <Delay = 7.04> <CoreInst = "m_axi">   --->   Core 119 'm_axi' <Latency = 0> <II = 1> <Delay = 1.00> <Adapter> <Opcode : 'read' 'write' 'readreq' 'writereq' 'writeresp'>

State 111 <SV = 110> <Delay = 7.04>
ST_111 : Operation 300 [57/68] (7.04ns)   --->   "%empty_25 = writeresp i1 @_ssdm_op_WriteResp.m_axi.p1i512, i64 %gmem_addr_1" [../dct_ref/dct.cpp:99]   --->   Operation 300 'writeresp' 'empty_25' <Predicate = true> <Delay = 7.04> <CoreInst = "m_axi">   --->   Core 119 'm_axi' <Latency = 0> <II = 1> <Delay = 1.00> <Adapter> <Opcode : 'read' 'write' 'readreq' 'writereq' 'writeresp'>

State 112 <SV = 111> <Delay = 7.04>
ST_112 : Operation 301 [56/68] (7.04ns)   --->   "%empty_25 = writeresp i1 @_ssdm_op_WriteResp.m_axi.p1i512, i64 %gmem_addr_1" [../dct_ref/dct.cpp:99]   --->   Operation 301 'writeresp' 'empty_25' <Predicate = true> <Delay = 7.04> <CoreInst = "m_axi">   --->   Core 119 'm_axi' <Latency = 0> <II = 1> <Delay = 1.00> <Adapter> <Opcode : 'read' 'write' 'readreq' 'writereq' 'writeresp'>

State 113 <SV = 112> <Delay = 7.04>
ST_113 : Operation 302 [55/68] (7.04ns)   --->   "%empty_25 = writeresp i1 @_ssdm_op_WriteResp.m_axi.p1i512, i64 %gmem_addr_1" [../dct_ref/dct.cpp:99]   --->   Operation 302 'writeresp' 'empty_25' <Predicate = true> <Delay = 7.04> <CoreInst = "m_axi">   --->   Core 119 'm_axi' <Latency = 0> <II = 1> <Delay = 1.00> <Adapter> <Opcode : 'read' 'write' 'readreq' 'writereq' 'writeresp'>

State 114 <SV = 113> <Delay = 7.04>
ST_114 : Operation 303 [54/68] (7.04ns)   --->   "%empty_25 = writeresp i1 @_ssdm_op_WriteResp.m_axi.p1i512, i64 %gmem_addr_1" [../dct_ref/dct.cpp:99]   --->   Operation 303 'writeresp' 'empty_25' <Predicate = true> <Delay = 7.04> <CoreInst = "m_axi">   --->   Core 119 'm_axi' <Latency = 0> <II = 1> <Delay = 1.00> <Adapter> <Opcode : 'read' 'write' 'readreq' 'writereq' 'writeresp'>

State 115 <SV = 114> <Delay = 7.04>
ST_115 : Operation 304 [53/68] (7.04ns)   --->   "%empty_25 = writeresp i1 @_ssdm_op_WriteResp.m_axi.p1i512, i64 %gmem_addr_1" [../dct_ref/dct.cpp:99]   --->   Operation 304 'writeresp' 'empty_25' <Predicate = true> <Delay = 7.04> <CoreInst = "m_axi">   --->   Core 119 'm_axi' <Latency = 0> <II = 1> <Delay = 1.00> <Adapter> <Opcode : 'read' 'write' 'readreq' 'writereq' 'writeresp'>

State 116 <SV = 115> <Delay = 7.04>
ST_116 : Operation 305 [52/68] (7.04ns)   --->   "%empty_25 = writeresp i1 @_ssdm_op_WriteResp.m_axi.p1i512, i64 %gmem_addr_1" [../dct_ref/dct.cpp:99]   --->   Operation 305 'writeresp' 'empty_25' <Predicate = true> <Delay = 7.04> <CoreInst = "m_axi">   --->   Core 119 'm_axi' <Latency = 0> <II = 1> <Delay = 1.00> <Adapter> <Opcode : 'read' 'write' 'readreq' 'writereq' 'writeresp'>

State 117 <SV = 116> <Delay = 7.04>
ST_117 : Operation 306 [51/68] (7.04ns)   --->   "%empty_25 = writeresp i1 @_ssdm_op_WriteResp.m_axi.p1i512, i64 %gmem_addr_1" [../dct_ref/dct.cpp:99]   --->   Operation 306 'writeresp' 'empty_25' <Predicate = true> <Delay = 7.04> <CoreInst = "m_axi">   --->   Core 119 'm_axi' <Latency = 0> <II = 1> <Delay = 1.00> <Adapter> <Opcode : 'read' 'write' 'readreq' 'writereq' 'writeresp'>

State 118 <SV = 117> <Delay = 7.04>
ST_118 : Operation 307 [50/68] (7.04ns)   --->   "%empty_25 = writeresp i1 @_ssdm_op_WriteResp.m_axi.p1i512, i64 %gmem_addr_1" [../dct_ref/dct.cpp:99]   --->   Operation 307 'writeresp' 'empty_25' <Predicate = true> <Delay = 7.04> <CoreInst = "m_axi">   --->   Core 119 'm_axi' <Latency = 0> <II = 1> <Delay = 1.00> <Adapter> <Opcode : 'read' 'write' 'readreq' 'writereq' 'writeresp'>

State 119 <SV = 118> <Delay = 7.04>
ST_119 : Operation 308 [49/68] (7.04ns)   --->   "%empty_25 = writeresp i1 @_ssdm_op_WriteResp.m_axi.p1i512, i64 %gmem_addr_1" [../dct_ref/dct.cpp:99]   --->   Operation 308 'writeresp' 'empty_25' <Predicate = true> <Delay = 7.04> <CoreInst = "m_axi">   --->   Core 119 'm_axi' <Latency = 0> <II = 1> <Delay = 1.00> <Adapter> <Opcode : 'read' 'write' 'readreq' 'writereq' 'writeresp'>

State 120 <SV = 119> <Delay = 7.04>
ST_120 : Operation 309 [48/68] (7.04ns)   --->   "%empty_25 = writeresp i1 @_ssdm_op_WriteResp.m_axi.p1i512, i64 %gmem_addr_1" [../dct_ref/dct.cpp:99]   --->   Operation 309 'writeresp' 'empty_25' <Predicate = true> <Delay = 7.04> <CoreInst = "m_axi">   --->   Core 119 'm_axi' <Latency = 0> <II = 1> <Delay = 1.00> <Adapter> <Opcode : 'read' 'write' 'readreq' 'writereq' 'writeresp'>

State 121 <SV = 120> <Delay = 7.04>
ST_121 : Operation 310 [47/68] (7.04ns)   --->   "%empty_25 = writeresp i1 @_ssdm_op_WriteResp.m_axi.p1i512, i64 %gmem_addr_1" [../dct_ref/dct.cpp:99]   --->   Operation 310 'writeresp' 'empty_25' <Predicate = true> <Delay = 7.04> <CoreInst = "m_axi">   --->   Core 119 'm_axi' <Latency = 0> <II = 1> <Delay = 1.00> <Adapter> <Opcode : 'read' 'write' 'readreq' 'writereq' 'writeresp'>

State 122 <SV = 121> <Delay = 7.04>
ST_122 : Operation 311 [46/68] (7.04ns)   --->   "%empty_25 = writeresp i1 @_ssdm_op_WriteResp.m_axi.p1i512, i64 %gmem_addr_1" [../dct_ref/dct.cpp:99]   --->   Operation 311 'writeresp' 'empty_25' <Predicate = true> <Delay = 7.04> <CoreInst = "m_axi">   --->   Core 119 'm_axi' <Latency = 0> <II = 1> <Delay = 1.00> <Adapter> <Opcode : 'read' 'write' 'readreq' 'writereq' 'writeresp'>

State 123 <SV = 122> <Delay = 7.04>
ST_123 : Operation 312 [45/68] (7.04ns)   --->   "%empty_25 = writeresp i1 @_ssdm_op_WriteResp.m_axi.p1i512, i64 %gmem_addr_1" [../dct_ref/dct.cpp:99]   --->   Operation 312 'writeresp' 'empty_25' <Predicate = true> <Delay = 7.04> <CoreInst = "m_axi">   --->   Core 119 'm_axi' <Latency = 0> <II = 1> <Delay = 1.00> <Adapter> <Opcode : 'read' 'write' 'readreq' 'writereq' 'writeresp'>

State 124 <SV = 123> <Delay = 7.04>
ST_124 : Operation 313 [44/68] (7.04ns)   --->   "%empty_25 = writeresp i1 @_ssdm_op_WriteResp.m_axi.p1i512, i64 %gmem_addr_1" [../dct_ref/dct.cpp:99]   --->   Operation 313 'writeresp' 'empty_25' <Predicate = true> <Delay = 7.04> <CoreInst = "m_axi">   --->   Core 119 'm_axi' <Latency = 0> <II = 1> <Delay = 1.00> <Adapter> <Opcode : 'read' 'write' 'readreq' 'writereq' 'writeresp'>

State 125 <SV = 124> <Delay = 7.04>
ST_125 : Operation 314 [43/68] (7.04ns)   --->   "%empty_25 = writeresp i1 @_ssdm_op_WriteResp.m_axi.p1i512, i64 %gmem_addr_1" [../dct_ref/dct.cpp:99]   --->   Operation 314 'writeresp' 'empty_25' <Predicate = true> <Delay = 7.04> <CoreInst = "m_axi">   --->   Core 119 'm_axi' <Latency = 0> <II = 1> <Delay = 1.00> <Adapter> <Opcode : 'read' 'write' 'readreq' 'writereq' 'writeresp'>

State 126 <SV = 125> <Delay = 7.04>
ST_126 : Operation 315 [42/68] (7.04ns)   --->   "%empty_25 = writeresp i1 @_ssdm_op_WriteResp.m_axi.p1i512, i64 %gmem_addr_1" [../dct_ref/dct.cpp:99]   --->   Operation 315 'writeresp' 'empty_25' <Predicate = true> <Delay = 7.04> <CoreInst = "m_axi">   --->   Core 119 'm_axi' <Latency = 0> <II = 1> <Delay = 1.00> <Adapter> <Opcode : 'read' 'write' 'readreq' 'writereq' 'writeresp'>

State 127 <SV = 126> <Delay = 7.04>
ST_127 : Operation 316 [41/68] (7.04ns)   --->   "%empty_25 = writeresp i1 @_ssdm_op_WriteResp.m_axi.p1i512, i64 %gmem_addr_1" [../dct_ref/dct.cpp:99]   --->   Operation 316 'writeresp' 'empty_25' <Predicate = true> <Delay = 7.04> <CoreInst = "m_axi">   --->   Core 119 'm_axi' <Latency = 0> <II = 1> <Delay = 1.00> <Adapter> <Opcode : 'read' 'write' 'readreq' 'writereq' 'writeresp'>

State 128 <SV = 127> <Delay = 7.04>
ST_128 : Operation 317 [40/68] (7.04ns)   --->   "%empty_25 = writeresp i1 @_ssdm_op_WriteResp.m_axi.p1i512, i64 %gmem_addr_1" [../dct_ref/dct.cpp:99]   --->   Operation 317 'writeresp' 'empty_25' <Predicate = true> <Delay = 7.04> <CoreInst = "m_axi">   --->   Core 119 'm_axi' <Latency = 0> <II = 1> <Delay = 1.00> <Adapter> <Opcode : 'read' 'write' 'readreq' 'writereq' 'writeresp'>

State 129 <SV = 128> <Delay = 7.04>
ST_129 : Operation 318 [39/68] (7.04ns)   --->   "%empty_25 = writeresp i1 @_ssdm_op_WriteResp.m_axi.p1i512, i64 %gmem_addr_1" [../dct_ref/dct.cpp:99]   --->   Operation 318 'writeresp' 'empty_25' <Predicate = true> <Delay = 7.04> <CoreInst = "m_axi">   --->   Core 119 'm_axi' <Latency = 0> <II = 1> <Delay = 1.00> <Adapter> <Opcode : 'read' 'write' 'readreq' 'writereq' 'writeresp'>

State 130 <SV = 129> <Delay = 7.04>
ST_130 : Operation 319 [38/68] (7.04ns)   --->   "%empty_25 = writeresp i1 @_ssdm_op_WriteResp.m_axi.p1i512, i64 %gmem_addr_1" [../dct_ref/dct.cpp:99]   --->   Operation 319 'writeresp' 'empty_25' <Predicate = true> <Delay = 7.04> <CoreInst = "m_axi">   --->   Core 119 'm_axi' <Latency = 0> <II = 1> <Delay = 1.00> <Adapter> <Opcode : 'read' 'write' 'readreq' 'writereq' 'writeresp'>

State 131 <SV = 130> <Delay = 7.04>
ST_131 : Operation 320 [37/68] (7.04ns)   --->   "%empty_25 = writeresp i1 @_ssdm_op_WriteResp.m_axi.p1i512, i64 %gmem_addr_1" [../dct_ref/dct.cpp:99]   --->   Operation 320 'writeresp' 'empty_25' <Predicate = true> <Delay = 7.04> <CoreInst = "m_axi">   --->   Core 119 'm_axi' <Latency = 0> <II = 1> <Delay = 1.00> <Adapter> <Opcode : 'read' 'write' 'readreq' 'writereq' 'writeresp'>

State 132 <SV = 131> <Delay = 7.04>
ST_132 : Operation 321 [36/68] (7.04ns)   --->   "%empty_25 = writeresp i1 @_ssdm_op_WriteResp.m_axi.p1i512, i64 %gmem_addr_1" [../dct_ref/dct.cpp:99]   --->   Operation 321 'writeresp' 'empty_25' <Predicate = true> <Delay = 7.04> <CoreInst = "m_axi">   --->   Core 119 'm_axi' <Latency = 0> <II = 1> <Delay = 1.00> <Adapter> <Opcode : 'read' 'write' 'readreq' 'writereq' 'writeresp'>

State 133 <SV = 132> <Delay = 7.04>
ST_133 : Operation 322 [35/68] (7.04ns)   --->   "%empty_25 = writeresp i1 @_ssdm_op_WriteResp.m_axi.p1i512, i64 %gmem_addr_1" [../dct_ref/dct.cpp:99]   --->   Operation 322 'writeresp' 'empty_25' <Predicate = true> <Delay = 7.04> <CoreInst = "m_axi">   --->   Core 119 'm_axi' <Latency = 0> <II = 1> <Delay = 1.00> <Adapter> <Opcode : 'read' 'write' 'readreq' 'writereq' 'writeresp'>

State 134 <SV = 133> <Delay = 7.04>
ST_134 : Operation 323 [34/68] (7.04ns)   --->   "%empty_25 = writeresp i1 @_ssdm_op_WriteResp.m_axi.p1i512, i64 %gmem_addr_1" [../dct_ref/dct.cpp:99]   --->   Operation 323 'writeresp' 'empty_25' <Predicate = true> <Delay = 7.04> <CoreInst = "m_axi">   --->   Core 119 'm_axi' <Latency = 0> <II = 1> <Delay = 1.00> <Adapter> <Opcode : 'read' 'write' 'readreq' 'writereq' 'writeresp'>

State 135 <SV = 134> <Delay = 7.04>
ST_135 : Operation 324 [33/68] (7.04ns)   --->   "%empty_25 = writeresp i1 @_ssdm_op_WriteResp.m_axi.p1i512, i64 %gmem_addr_1" [../dct_ref/dct.cpp:99]   --->   Operation 324 'writeresp' 'empty_25' <Predicate = true> <Delay = 7.04> <CoreInst = "m_axi">   --->   Core 119 'm_axi' <Latency = 0> <II = 1> <Delay = 1.00> <Adapter> <Opcode : 'read' 'write' 'readreq' 'writereq' 'writeresp'>

State 136 <SV = 135> <Delay = 7.04>
ST_136 : Operation 325 [32/68] (7.04ns)   --->   "%empty_25 = writeresp i1 @_ssdm_op_WriteResp.m_axi.p1i512, i64 %gmem_addr_1" [../dct_ref/dct.cpp:99]   --->   Operation 325 'writeresp' 'empty_25' <Predicate = true> <Delay = 7.04> <CoreInst = "m_axi">   --->   Core 119 'm_axi' <Latency = 0> <II = 1> <Delay = 1.00> <Adapter> <Opcode : 'read' 'write' 'readreq' 'writereq' 'writeresp'>

State 137 <SV = 136> <Delay = 7.04>
ST_137 : Operation 326 [31/68] (7.04ns)   --->   "%empty_25 = writeresp i1 @_ssdm_op_WriteResp.m_axi.p1i512, i64 %gmem_addr_1" [../dct_ref/dct.cpp:99]   --->   Operation 326 'writeresp' 'empty_25' <Predicate = true> <Delay = 7.04> <CoreInst = "m_axi">   --->   Core 119 'm_axi' <Latency = 0> <II = 1> <Delay = 1.00> <Adapter> <Opcode : 'read' 'write' 'readreq' 'writereq' 'writeresp'>

State 138 <SV = 137> <Delay = 7.04>
ST_138 : Operation 327 [30/68] (7.04ns)   --->   "%empty_25 = writeresp i1 @_ssdm_op_WriteResp.m_axi.p1i512, i64 %gmem_addr_1" [../dct_ref/dct.cpp:99]   --->   Operation 327 'writeresp' 'empty_25' <Predicate = true> <Delay = 7.04> <CoreInst = "m_axi">   --->   Core 119 'm_axi' <Latency = 0> <II = 1> <Delay = 1.00> <Adapter> <Opcode : 'read' 'write' 'readreq' 'writereq' 'writeresp'>

State 139 <SV = 138> <Delay = 7.04>
ST_139 : Operation 328 [29/68] (7.04ns)   --->   "%empty_25 = writeresp i1 @_ssdm_op_WriteResp.m_axi.p1i512, i64 %gmem_addr_1" [../dct_ref/dct.cpp:99]   --->   Operation 328 'writeresp' 'empty_25' <Predicate = true> <Delay = 7.04> <CoreInst = "m_axi">   --->   Core 119 'm_axi' <Latency = 0> <II = 1> <Delay = 1.00> <Adapter> <Opcode : 'read' 'write' 'readreq' 'writereq' 'writeresp'>

State 140 <SV = 139> <Delay = 7.04>
ST_140 : Operation 329 [28/68] (7.04ns)   --->   "%empty_25 = writeresp i1 @_ssdm_op_WriteResp.m_axi.p1i512, i64 %gmem_addr_1" [../dct_ref/dct.cpp:99]   --->   Operation 329 'writeresp' 'empty_25' <Predicate = true> <Delay = 7.04> <CoreInst = "m_axi">   --->   Core 119 'm_axi' <Latency = 0> <II = 1> <Delay = 1.00> <Adapter> <Opcode : 'read' 'write' 'readreq' 'writereq' 'writeresp'>

State 141 <SV = 140> <Delay = 7.04>
ST_141 : Operation 330 [27/68] (7.04ns)   --->   "%empty_25 = writeresp i1 @_ssdm_op_WriteResp.m_axi.p1i512, i64 %gmem_addr_1" [../dct_ref/dct.cpp:99]   --->   Operation 330 'writeresp' 'empty_25' <Predicate = true> <Delay = 7.04> <CoreInst = "m_axi">   --->   Core 119 'm_axi' <Latency = 0> <II = 1> <Delay = 1.00> <Adapter> <Opcode : 'read' 'write' 'readreq' 'writereq' 'writeresp'>

State 142 <SV = 141> <Delay = 7.04>
ST_142 : Operation 331 [26/68] (7.04ns)   --->   "%empty_25 = writeresp i1 @_ssdm_op_WriteResp.m_axi.p1i512, i64 %gmem_addr_1" [../dct_ref/dct.cpp:99]   --->   Operation 331 'writeresp' 'empty_25' <Predicate = true> <Delay = 7.04> <CoreInst = "m_axi">   --->   Core 119 'm_axi' <Latency = 0> <II = 1> <Delay = 1.00> <Adapter> <Opcode : 'read' 'write' 'readreq' 'writereq' 'writeresp'>

State 143 <SV = 142> <Delay = 7.04>
ST_143 : Operation 332 [25/68] (7.04ns)   --->   "%empty_25 = writeresp i1 @_ssdm_op_WriteResp.m_axi.p1i512, i64 %gmem_addr_1" [../dct_ref/dct.cpp:99]   --->   Operation 332 'writeresp' 'empty_25' <Predicate = true> <Delay = 7.04> <CoreInst = "m_axi">   --->   Core 119 'm_axi' <Latency = 0> <II = 1> <Delay = 1.00> <Adapter> <Opcode : 'read' 'write' 'readreq' 'writereq' 'writeresp'>

State 144 <SV = 143> <Delay = 7.04>
ST_144 : Operation 333 [24/68] (7.04ns)   --->   "%empty_25 = writeresp i1 @_ssdm_op_WriteResp.m_axi.p1i512, i64 %gmem_addr_1" [../dct_ref/dct.cpp:99]   --->   Operation 333 'writeresp' 'empty_25' <Predicate = true> <Delay = 7.04> <CoreInst = "m_axi">   --->   Core 119 'm_axi' <Latency = 0> <II = 1> <Delay = 1.00> <Adapter> <Opcode : 'read' 'write' 'readreq' 'writereq' 'writeresp'>

State 145 <SV = 144> <Delay = 7.04>
ST_145 : Operation 334 [23/68] (7.04ns)   --->   "%empty_25 = writeresp i1 @_ssdm_op_WriteResp.m_axi.p1i512, i64 %gmem_addr_1" [../dct_ref/dct.cpp:99]   --->   Operation 334 'writeresp' 'empty_25' <Predicate = true> <Delay = 7.04> <CoreInst = "m_axi">   --->   Core 119 'm_axi' <Latency = 0> <II = 1> <Delay = 1.00> <Adapter> <Opcode : 'read' 'write' 'readreq' 'writereq' 'writeresp'>

State 146 <SV = 145> <Delay = 7.04>
ST_146 : Operation 335 [22/68] (7.04ns)   --->   "%empty_25 = writeresp i1 @_ssdm_op_WriteResp.m_axi.p1i512, i64 %gmem_addr_1" [../dct_ref/dct.cpp:99]   --->   Operation 335 'writeresp' 'empty_25' <Predicate = true> <Delay = 7.04> <CoreInst = "m_axi">   --->   Core 119 'm_axi' <Latency = 0> <II = 1> <Delay = 1.00> <Adapter> <Opcode : 'read' 'write' 'readreq' 'writereq' 'writeresp'>

State 147 <SV = 146> <Delay = 7.04>
ST_147 : Operation 336 [21/68] (7.04ns)   --->   "%empty_25 = writeresp i1 @_ssdm_op_WriteResp.m_axi.p1i512, i64 %gmem_addr_1" [../dct_ref/dct.cpp:99]   --->   Operation 336 'writeresp' 'empty_25' <Predicate = true> <Delay = 7.04> <CoreInst = "m_axi">   --->   Core 119 'm_axi' <Latency = 0> <II = 1> <Delay = 1.00> <Adapter> <Opcode : 'read' 'write' 'readreq' 'writereq' 'writeresp'>

State 148 <SV = 147> <Delay = 7.04>
ST_148 : Operation 337 [20/68] (7.04ns)   --->   "%empty_25 = writeresp i1 @_ssdm_op_WriteResp.m_axi.p1i512, i64 %gmem_addr_1" [../dct_ref/dct.cpp:99]   --->   Operation 337 'writeresp' 'empty_25' <Predicate = true> <Delay = 7.04> <CoreInst = "m_axi">   --->   Core 119 'm_axi' <Latency = 0> <II = 1> <Delay = 1.00> <Adapter> <Opcode : 'read' 'write' 'readreq' 'writereq' 'writeresp'>

State 149 <SV = 148> <Delay = 7.04>
ST_149 : Operation 338 [19/68] (7.04ns)   --->   "%empty_25 = writeresp i1 @_ssdm_op_WriteResp.m_axi.p1i512, i64 %gmem_addr_1" [../dct_ref/dct.cpp:99]   --->   Operation 338 'writeresp' 'empty_25' <Predicate = true> <Delay = 7.04> <CoreInst = "m_axi">   --->   Core 119 'm_axi' <Latency = 0> <II = 1> <Delay = 1.00> <Adapter> <Opcode : 'read' 'write' 'readreq' 'writereq' 'writeresp'>

State 150 <SV = 149> <Delay = 7.04>
ST_150 : Operation 339 [18/68] (7.04ns)   --->   "%empty_25 = writeresp i1 @_ssdm_op_WriteResp.m_axi.p1i512, i64 %gmem_addr_1" [../dct_ref/dct.cpp:99]   --->   Operation 339 'writeresp' 'empty_25' <Predicate = true> <Delay = 7.04> <CoreInst = "m_axi">   --->   Core 119 'm_axi' <Latency = 0> <II = 1> <Delay = 1.00> <Adapter> <Opcode : 'read' 'write' 'readreq' 'writereq' 'writeresp'>

State 151 <SV = 150> <Delay = 7.04>
ST_151 : Operation 340 [17/68] (7.04ns)   --->   "%empty_25 = writeresp i1 @_ssdm_op_WriteResp.m_axi.p1i512, i64 %gmem_addr_1" [../dct_ref/dct.cpp:99]   --->   Operation 340 'writeresp' 'empty_25' <Predicate = true> <Delay = 7.04> <CoreInst = "m_axi">   --->   Core 119 'm_axi' <Latency = 0> <II = 1> <Delay = 1.00> <Adapter> <Opcode : 'read' 'write' 'readreq' 'writereq' 'writeresp'>

State 152 <SV = 151> <Delay = 7.04>
ST_152 : Operation 341 [16/68] (7.04ns)   --->   "%empty_25 = writeresp i1 @_ssdm_op_WriteResp.m_axi.p1i512, i64 %gmem_addr_1" [../dct_ref/dct.cpp:99]   --->   Operation 341 'writeresp' 'empty_25' <Predicate = true> <Delay = 7.04> <CoreInst = "m_axi">   --->   Core 119 'm_axi' <Latency = 0> <II = 1> <Delay = 1.00> <Adapter> <Opcode : 'read' 'write' 'readreq' 'writereq' 'writeresp'>

State 153 <SV = 152> <Delay = 7.04>
ST_153 : Operation 342 [15/68] (7.04ns)   --->   "%empty_25 = writeresp i1 @_ssdm_op_WriteResp.m_axi.p1i512, i64 %gmem_addr_1" [../dct_ref/dct.cpp:99]   --->   Operation 342 'writeresp' 'empty_25' <Predicate = true> <Delay = 7.04> <CoreInst = "m_axi">   --->   Core 119 'm_axi' <Latency = 0> <II = 1> <Delay = 1.00> <Adapter> <Opcode : 'read' 'write' 'readreq' 'writereq' 'writeresp'>

State 154 <SV = 153> <Delay = 7.04>
ST_154 : Operation 343 [14/68] (7.04ns)   --->   "%empty_25 = writeresp i1 @_ssdm_op_WriteResp.m_axi.p1i512, i64 %gmem_addr_1" [../dct_ref/dct.cpp:99]   --->   Operation 343 'writeresp' 'empty_25' <Predicate = true> <Delay = 7.04> <CoreInst = "m_axi">   --->   Core 119 'm_axi' <Latency = 0> <II = 1> <Delay = 1.00> <Adapter> <Opcode : 'read' 'write' 'readreq' 'writereq' 'writeresp'>

State 155 <SV = 154> <Delay = 7.04>
ST_155 : Operation 344 [13/68] (7.04ns)   --->   "%empty_25 = writeresp i1 @_ssdm_op_WriteResp.m_axi.p1i512, i64 %gmem_addr_1" [../dct_ref/dct.cpp:99]   --->   Operation 344 'writeresp' 'empty_25' <Predicate = true> <Delay = 7.04> <CoreInst = "m_axi">   --->   Core 119 'm_axi' <Latency = 0> <II = 1> <Delay = 1.00> <Adapter> <Opcode : 'read' 'write' 'readreq' 'writereq' 'writeresp'>

State 156 <SV = 155> <Delay = 7.04>
ST_156 : Operation 345 [12/68] (7.04ns)   --->   "%empty_25 = writeresp i1 @_ssdm_op_WriteResp.m_axi.p1i512, i64 %gmem_addr_1" [../dct_ref/dct.cpp:99]   --->   Operation 345 'writeresp' 'empty_25' <Predicate = true> <Delay = 7.04> <CoreInst = "m_axi">   --->   Core 119 'm_axi' <Latency = 0> <II = 1> <Delay = 1.00> <Adapter> <Opcode : 'read' 'write' 'readreq' 'writereq' 'writeresp'>

State 157 <SV = 156> <Delay = 7.04>
ST_157 : Operation 346 [11/68] (7.04ns)   --->   "%empty_25 = writeresp i1 @_ssdm_op_WriteResp.m_axi.p1i512, i64 %gmem_addr_1" [../dct_ref/dct.cpp:99]   --->   Operation 346 'writeresp' 'empty_25' <Predicate = true> <Delay = 7.04> <CoreInst = "m_axi">   --->   Core 119 'm_axi' <Latency = 0> <II = 1> <Delay = 1.00> <Adapter> <Opcode : 'read' 'write' 'readreq' 'writereq' 'writeresp'>

State 158 <SV = 157> <Delay = 7.04>
ST_158 : Operation 347 [10/68] (7.04ns)   --->   "%empty_25 = writeresp i1 @_ssdm_op_WriteResp.m_axi.p1i512, i64 %gmem_addr_1" [../dct_ref/dct.cpp:99]   --->   Operation 347 'writeresp' 'empty_25' <Predicate = true> <Delay = 7.04> <CoreInst = "m_axi">   --->   Core 119 'm_axi' <Latency = 0> <II = 1> <Delay = 1.00> <Adapter> <Opcode : 'read' 'write' 'readreq' 'writereq' 'writeresp'>

State 159 <SV = 158> <Delay = 7.04>
ST_159 : Operation 348 [9/68] (7.04ns)   --->   "%empty_25 = writeresp i1 @_ssdm_op_WriteResp.m_axi.p1i512, i64 %gmem_addr_1" [../dct_ref/dct.cpp:99]   --->   Operation 348 'writeresp' 'empty_25' <Predicate = true> <Delay = 7.04> <CoreInst = "m_axi">   --->   Core 119 'm_axi' <Latency = 0> <II = 1> <Delay = 1.00> <Adapter> <Opcode : 'read' 'write' 'readreq' 'writereq' 'writeresp'>

State 160 <SV = 159> <Delay = 7.04>
ST_160 : Operation 349 [8/68] (7.04ns)   --->   "%empty_25 = writeresp i1 @_ssdm_op_WriteResp.m_axi.p1i512, i64 %gmem_addr_1" [../dct_ref/dct.cpp:99]   --->   Operation 349 'writeresp' 'empty_25' <Predicate = true> <Delay = 7.04> <CoreInst = "m_axi">   --->   Core 119 'm_axi' <Latency = 0> <II = 1> <Delay = 1.00> <Adapter> <Opcode : 'read' 'write' 'readreq' 'writereq' 'writeresp'>

State 161 <SV = 160> <Delay = 7.04>
ST_161 : Operation 350 [7/68] (7.04ns)   --->   "%empty_25 = writeresp i1 @_ssdm_op_WriteResp.m_axi.p1i512, i64 %gmem_addr_1" [../dct_ref/dct.cpp:99]   --->   Operation 350 'writeresp' 'empty_25' <Predicate = true> <Delay = 7.04> <CoreInst = "m_axi">   --->   Core 119 'm_axi' <Latency = 0> <II = 1> <Delay = 1.00> <Adapter> <Opcode : 'read' 'write' 'readreq' 'writereq' 'writeresp'>

State 162 <SV = 161> <Delay = 7.04>
ST_162 : Operation 351 [6/68] (7.04ns)   --->   "%empty_25 = writeresp i1 @_ssdm_op_WriteResp.m_axi.p1i512, i64 %gmem_addr_1" [../dct_ref/dct.cpp:99]   --->   Operation 351 'writeresp' 'empty_25' <Predicate = true> <Delay = 7.04> <CoreInst = "m_axi">   --->   Core 119 'm_axi' <Latency = 0> <II = 1> <Delay = 1.00> <Adapter> <Opcode : 'read' 'write' 'readreq' 'writereq' 'writeresp'>

State 163 <SV = 162> <Delay = 7.04>
ST_163 : Operation 352 [5/68] (7.04ns)   --->   "%empty_25 = writeresp i1 @_ssdm_op_WriteResp.m_axi.p1i512, i64 %gmem_addr_1" [../dct_ref/dct.cpp:99]   --->   Operation 352 'writeresp' 'empty_25' <Predicate = true> <Delay = 7.04> <CoreInst = "m_axi">   --->   Core 119 'm_axi' <Latency = 0> <II = 1> <Delay = 1.00> <Adapter> <Opcode : 'read' 'write' 'readreq' 'writereq' 'writeresp'>

State 164 <SV = 163> <Delay = 7.04>
ST_164 : Operation 353 [4/68] (7.04ns)   --->   "%empty_25 = writeresp i1 @_ssdm_op_WriteResp.m_axi.p1i512, i64 %gmem_addr_1" [../dct_ref/dct.cpp:99]   --->   Operation 353 'writeresp' 'empty_25' <Predicate = true> <Delay = 7.04> <CoreInst = "m_axi">   --->   Core 119 'm_axi' <Latency = 0> <II = 1> <Delay = 1.00> <Adapter> <Opcode : 'read' 'write' 'readreq' 'writereq' 'writeresp'>

State 165 <SV = 164> <Delay = 7.04>
ST_165 : Operation 354 [3/68] (7.04ns)   --->   "%empty_25 = writeresp i1 @_ssdm_op_WriteResp.m_axi.p1i512, i64 %gmem_addr_1" [../dct_ref/dct.cpp:99]   --->   Operation 354 'writeresp' 'empty_25' <Predicate = true> <Delay = 7.04> <CoreInst = "m_axi">   --->   Core 119 'm_axi' <Latency = 0> <II = 1> <Delay = 1.00> <Adapter> <Opcode : 'read' 'write' 'readreq' 'writereq' 'writeresp'>

State 166 <SV = 165> <Delay = 7.04>
ST_166 : Operation 355 [2/68] (7.04ns)   --->   "%empty_25 = writeresp i1 @_ssdm_op_WriteResp.m_axi.p1i512, i64 %gmem_addr_1" [../dct_ref/dct.cpp:99]   --->   Operation 355 'writeresp' 'empty_25' <Predicate = true> <Delay = 7.04> <CoreInst = "m_axi">   --->   Core 119 'm_axi' <Latency = 0> <II = 1> <Delay = 1.00> <Adapter> <Opcode : 'read' 'write' 'readreq' 'writereq' 'writeresp'>

State 167 <SV = 166> <Delay = 7.04>
ST_167 : Operation 356 [1/1] (0.00ns)   --->   "%spectopmodule_ln84 = spectopmodule void @_ssdm_op_SpecTopModule, void @empty_9" [../dct_ref/dct.cpp:84]   --->   Operation 356 'spectopmodule' 'spectopmodule_ln84' <Predicate = true> <Delay = 0.00>
ST_167 : Operation 357 [1/1] (0.00ns)   --->   "%specinterface_ln84 = specinterface void @_ssdm_op_SpecInterface, i32 0, void @empty_10, i32 0, i32 0, void @empty_0, i32 0, i32 0, void @empty_0, void @empty_0, void @empty_0, i32 0, i32 0, i32 0, i32 0, void @empty_0, void @empty_0, i32 4294967295, i32 0, i32 0" [../dct_ref/dct.cpp:84]   --->   Operation 357 'specinterface' 'specinterface_ln84' <Predicate = true> <Delay = 0.00>
ST_167 : Operation 358 [1/1] (0.00ns)   --->   "%specinterface_ln0 = specinterface void @_ssdm_op_SpecInterface, i512 %gmem, void @empty, i32 0, i32 0, void @empty_0, i32 64, i32 0, void @empty_1, void @empty_2, void @empty_0, i32 16, i32 16, i32 16, i32 16, void @empty_0, void @empty_0, i32 4294967295, i32 0, i32 0"   --->   Operation 358 'specinterface' 'specinterface_ln0' <Predicate = true> <Delay = 0.00>
ST_167 : Operation 359 [1/1] (0.00ns)   --->   "%specbitsmap_ln0 = specbitsmap void @_ssdm_op_SpecBitsMap, i512 %gmem"   --->   Operation 359 'specbitsmap' 'specbitsmap_ln0' <Predicate = true> <Delay = 0.00>
ST_167 : Operation 360 [1/1] (0.00ns)   --->   "%specinterface_ln0 = specinterface void @_ssdm_op_SpecInterface, i64 %input_r, void @empty_3, i32 0, i32 0, void @empty_0, i32 0, i32 0, void @empty_4, void @empty_5, void @empty_0, i32 0, i32 0, i32 0, i32 0, void @empty_0, void @empty_6, i32 4294967295, i32 0, i32 0"   --->   Operation 360 'specinterface' 'specinterface_ln0' <Predicate = true> <Delay = 0.00>
ST_167 : Operation 361 [1/1] (0.00ns)   --->   "%specinterface_ln0 = specinterface void @_ssdm_op_SpecInterface, i64 %input_r, void @empty_7, i32 0, i32 0, void @empty_0, i32 0, i32 0, void @empty_0, void @empty_0, void @empty_0, i32 0, i32 0, i32 0, i32 0, void @empty_0, void @empty_6, i32 4294967295, i32 0, i32 0"   --->   Operation 361 'specinterface' 'specinterface_ln0' <Predicate = true> <Delay = 0.00>
ST_167 : Operation 362 [1/1] (0.00ns)   --->   "%specinterface_ln0 = specinterface void @_ssdm_op_SpecInterface, i64 %output_r, void @empty_3, i32 0, i32 0, void @empty_0, i32 0, i32 0, void @empty_4, void @empty_8, void @empty_0, i32 0, i32 0, i32 0, i32 0, void @empty_0, void @empty_6, i32 4294967295, i32 0, i32 0"   --->   Operation 362 'specinterface' 'specinterface_ln0' <Predicate = true> <Delay = 0.00>
ST_167 : Operation 363 [1/1] (0.00ns)   --->   "%specinterface_ln0 = specinterface void @_ssdm_op_SpecInterface, i64 %output_r, void @empty_7, i32 0, i32 0, void @empty_0, i32 0, i32 0, void @empty_0, void @empty_0, void @empty_0, i32 0, i32 0, i32 0, i32 0, void @empty_0, void @empty_6, i32 4294967295, i32 0, i32 0"   --->   Operation 363 'specinterface' 'specinterface_ln0' <Predicate = true> <Delay = 0.00>
ST_167 : Operation 364 [1/1] (0.00ns)   --->   "%specinterface_ln0 = specinterface void @_ssdm_op_SpecInterface, i32 0, void @empty_3, i32 0, i32 0, void @empty_0, i32 0, i32 0, void @empty_4, void @empty_0, void @empty_0, i32 0, i32 0, i32 0, i32 0, void @empty_0, void @empty_0, i32 4294967295, i32 0, i32 0"   --->   Operation 364 'specinterface' 'specinterface_ln0' <Predicate = true> <Delay = 0.00>
ST_167 : Operation 365 [1/68] (7.04ns)   --->   "%empty_25 = writeresp i1 @_ssdm_op_WriteResp.m_axi.p1i512, i64 %gmem_addr_1" [../dct_ref/dct.cpp:99]   --->   Operation 365 'writeresp' 'empty_25' <Predicate = true> <Delay = 7.04> <CoreInst = "m_axi">   --->   Core 119 'm_axi' <Latency = 0> <II = 1> <Delay = 1.00> <Adapter> <Opcode : 'read' 'write' 'readreq' 'writereq' 'writeresp'>
ST_167 : Operation 366 [1/1] (0.00ns)   --->   "%ret_ln99 = ret" [../dct_ref/dct.cpp:99]   --->   Operation 366 'ret' 'ret_ln99' <Predicate = true> <Delay = 0.00>


============================================================
+ Verbose Summary: Binding
============================================================
STG Binding: 
---------------- STG Properties BEGIN ----------------
- Is combinational: 0
- Is one-state seq: 0
- Is datapath-only: 0
- Is pipelined: 0
- Is top level: 1
Port [ Return ] is wired: 1; IO mode=ap_ctrl_chain:ce=0
Port [ gmem]:  wired=1; compound=1; hidden=0; nouse=0; global=0; static=0; extern=0; dir=2; type=4; pingpong=0; private_global=0; IO mode=m_axi:ce=0
Port [ input_r]:  wired=1; compound=0; hidden=0; nouse=0; global=0; static=0; extern=0; dir=0; type=0; pingpong=0; private_global=0; IO mode=ap_none:ce=0
Port [ output_r]:  wired=1; compound=0; hidden=0; nouse=0; global=0; static=0; extern=0; dir=0; type=0; pingpong=0; private_global=0; IO mode=ap_none:ce=0
---------------- STG Properties END ------------------

---------------- Datapath Model BEGIN ----------------

<LifeTime>
<method=bitvector/>
buf_2d_in          (alloca       ) [ 001111111111111111111111111111111111111111111111111111111111111111111111111111111100000000000000000000000000000000000000000000000000000000000000000000000000000000000000]
buf_2d_in_1        (alloca       ) [ 001111111111111111111111111111111111111111111111111111111111111111111111111111111100000000000000000000000000000000000000000000000000000000000000000000000000000000000000]
buf_2d_in_2        (alloca       ) [ 001111111111111111111111111111111111111111111111111111111111111111111111111111111100000000000000000000000000000000000000000000000000000000000000000000000000000000000000]
buf_2d_in_3        (alloca       ) [ 001111111111111111111111111111111111111111111111111111111111111111111111111111111100000000000000000000000000000000000000000000000000000000000000000000000000000000000000]
buf_2d_in_4        (alloca       ) [ 001111111111111111111111111111111111111111111111111111111111111111111111111111111100000000000000000000000000000000000000000000000000000000000000000000000000000000000000]
buf_2d_in_5        (alloca       ) [ 001111111111111111111111111111111111111111111111111111111111111111111111111111111100000000000000000000000000000000000000000000000000000000000000000000000000000000000000]
buf_2d_in_6        (alloca       ) [ 001111111111111111111111111111111111111111111111111111111111111111111111111111111100000000000000000000000000000000000000000000000000000000000000000000000000000000000000]
buf_2d_in_7        (alloca       ) [ 001111111111111111111111111111111111111111111111111111111111111111111111111111111100000000000000000000000000000000000000000000000000000000000000000000000000000000000000]
buf_2d_out         (alloca       ) [ 001111111111111111111111111111111111111111111111111111111111111111111111111111111111111111111111111100000000000000000000000000000000000000000000000000000000000000000000]
buf_2d_out_1       (alloca       ) [ 001111111111111111111111111111111111111111111111111111111111111111111111111111111111111111111111111100000000000000000000000000000000000000000000000000000000000000000000]
buf_2d_out_2       (alloca       ) [ 001111111111111111111111111111111111111111111111111111111111111111111111111111111111111111111111111100000000000000000000000000000000000000000000000000000000000000000000]
buf_2d_out_3       (alloca       ) [ 001111111111111111111111111111111111111111111111111111111111111111111111111111111111111111111111111100000000000000000000000000000000000000000000000000000000000000000000]
buf_2d_out_4       (alloca       ) [ 001111111111111111111111111111111111111111111111111111111111111111111111111111111111111111111111111100000000000000000000000000000000000000000000000000000000000000000000]
buf_2d_out_5       (alloca       ) [ 001111111111111111111111111111111111111111111111111111111111111111111111111111111111111111111111111100000000000000000000000000000000000000000000000000000000000000000000]
buf_2d_out_6       (alloca       ) [ 001111111111111111111111111111111111111111111111111111111111111111111111111111111111111111111111111100000000000000000000000000000000000000000000000000000000000000000000]
buf_2d_out_7       (alloca       ) [ 001111111111111111111111111111111111111111111111111111111111111111111111111111111111111111111111111100000000000000000000000000000000000000000000000000000000000000000000]
output_r_read      (read         ) [ 000000000000000000000000000000000000000000000000000000000000000000000000000000000000000000000000000000000000000000000000000000000000000000000000000000000000000000000000]
input_r_read       (read         ) [ 000000000000000000000000000000000000000000000000000000000000000000000000000000000000000000000000000000000000000000000000000000000000000000000000000000000000000000000000]
trunc_ln           (partselect   ) [ 000011111111111111111111111111111111111111111111111111111111111111111111111110000000000000000000000000000000000000000000000000000000000000000000000000000000000000000000]
trunc_ln1          (partselect   ) [ 000011111111111111111111111111111111111111111111111111111111111111111111111111111111111111111111111100000000000000000000000000000000000000000000000000000000000000000000]
sext_ln64          (sext         ) [ 000000000000000000000000000000000000000000000000000000000000000000000000000000000000000000000000000000000000000000000000000000000000000000000000000000000000000000000000]
gmem_addr          (getelementptr) [ 000001111111111111111111111111111111111111111111111111111111111111111111111000000000000000000000000000000000000000000000000000000000000000000000000000000000000000000000]
empty              (readreq      ) [ 000000000000000000000000000000000000000000000000000000000000000000000000000000000000000000000000000000000000000000000000000000000000000000000000000000000000000000000000]
call_ln64          (call         ) [ 000000000000000000000000000000000000000000000000000000000000000000000000000000000000000000000000000000000000000000000000000000000000000000000000000000000000000000000000]
call_ln93          (call         ) [ 000000000000000000000000000000000000000000000000000000000000000000000000000000000000000000000000000000000000000000000000000000000000000000000000000000000000000000000000]
sext_ln77          (sext         ) [ 000000000000000000000000000000000000000000000000000000000000000000000000000000000000000000000000000000000000000000000000000000000000000000000000000000000000000000000000]
gmem_addr_1        (getelementptr) [ 000000000000000000000000000000000000000000000000000000000000000000000000000000000000000000000000001111111111111111111111111111111111111111111111111111111111111111111111]
empty_24           (writereq     ) [ 000000000000000000000000000000000000000000000000000000000000000000000000000000000000000000000000000000000000000000000000000000000000000000000000000000000000000000000000]
call_ln77          (call         ) [ 000000000000000000000000000000000000000000000000000000000000000000000000000000000000000000000000000000000000000000000000000000000000000000000000000000000000000000000000]
spectopmodule_ln84 (spectopmodule) [ 000000000000000000000000000000000000000000000000000000000000000000000000000000000000000000000000000000000000000000000000000000000000000000000000000000000000000000000000]
specinterface_ln84 (specinterface) [ 000000000000000000000000000000000000000000000000000000000000000000000000000000000000000000000000000000000000000000000000000000000000000000000000000000000000000000000000]
specinterface_ln0  (specinterface) [ 000000000000000000000000000000000000000000000000000000000000000000000000000000000000000000000000000000000000000000000000000000000000000000000000000000000000000000000000]
specbitsmap_ln0    (specbitsmap  ) [ 000000000000000000000000000000000000000000000000000000000000000000000000000000000000000000000000000000000000000000000000000000000000000000000000000000000000000000000000]
specinterface_ln0  (specinterface) [ 000000000000000000000000000000000000000000000000000000000000000000000000000000000000000000000000000000000000000000000000000000000000000000000000000000000000000000000000]
specinterface_ln0  (specinterface) [ 000000000000000000000000000000000000000000000000000000000000000000000000000000000000000000000000000000000000000000000000000000000000000000000000000000000000000000000000]
specinterface_ln0  (specinterface) [ 000000000000000000000000000000000000000000000000000000000000000000000000000000000000000000000000000000000000000000000000000000000000000000000000000000000000000000000000]
specinterface_ln0  (specinterface) [ 000000000000000000000000000000000000000000000000000000000000000000000000000000000000000000000000000000000000000000000000000000000000000000000000000000000000000000000000]
specinterface_ln0  (specinterface) [ 000000000000000000000000000000000000000000000000000000000000000000000000000000000000000000000000000000000000000000000000000000000000000000000000000000000000000000000000]
empty_25           (writeresp    ) [ 000000000000000000000000000000000000000000000000000000000000000000000000000000000000000000000000000000000000000000000000000000000000000000000000000000000000000000000000]
ret_ln99           (ret          ) [ 000000000000000000000000000000000000000000000000000000000000000000000000000000000000000000000000000000000000000000000000000000000000000000000000000000000000000000000000]
</LifeTime>

<model>

<comp_list>
<comp id="0" class="1000" name="gmem">
<pin_list>
<pin id="1" dir="1" index="0" bw="1" slack="0"/>
</pin_list>
<bind>
<StgValue><ssdm name="gmem"/></StgValue>
</bind>
</comp>

<comp id="2" class="1000" name="input_r">
<pin_list>
<pin id="3" dir="1" index="0" bw="1" slack="0"/>
</pin_list>
<bind>
<StgValue><ssdm name="input_r"/></StgValue>
</bind>
</comp>

<comp id="4" class="1000" name="output_r">
<pin_list>
<pin id="5" dir="1" index="0" bw="1" slack="0"/>
</pin_list>
<bind>
<StgValue><ssdm name="output_r"/></StgValue>
</bind>
</comp>

<comp id="6" class="1001" name="const_6">
<pin_list>
<pin id="7" dir="1" index="0" bw="1" slack="0"/>
</pin_list>
<bind>
<StgValue><ssdm name=""/></StgValue>
</bind>
</comp>

<comp id="8" class="1001" name="const_8">
<pin_list>
<pin id="9" dir="1" index="0" bw="1" slack="0"/>
</pin_list>
<bind>
<StgValue><ssdm name="_ssdm_op_Read.s_axilite.i64"/></StgValue>
</bind>
</comp>

<comp id="10" class="1001" name="const_10">
<pin_list>
<pin id="11" dir="1" index="0" bw="1" slack="0"/>
</pin_list>
<bind>
<StgValue><ssdm name="_ssdm_op_PartSelect.i58.i64.i32.i32"/></StgValue>
</bind>
</comp>

<comp id="12" class="1001" name="const_12">
<pin_list>
<pin id="13" dir="1" index="0" bw="1" slack="0"/>
</pin_list>
<bind>
<StgValue><ssdm name=""/></StgValue>
</bind>
</comp>

<comp id="14" class="1001" name="const_14">
<pin_list>
<pin id="15" dir="1" index="0" bw="1" slack="0"/>
</pin_list>
<bind>
<StgValue><ssdm name=""/></StgValue>
</bind>
</comp>

<comp id="16" class="1001" name="const_16">
<pin_list>
<pin id="17" dir="1" index="0" bw="1" slack="0"/>
</pin_list>
<bind>
<StgValue><ssdm name="_ssdm_op_ReadReq.m_axi.p1i512"/></StgValue>
</bind>
</comp>

<comp id="18" class="1001" name="const_18">
<pin_list>
<pin id="19" dir="1" index="0" bw="1" slack="0"/>
</pin_list>
<bind>
<StgValue><ssdm name=""/></StgValue>
</bind>
</comp>

<comp id="20" class="1001" name="const_20">
<pin_list>
<pin id="21" dir="1" index="0" bw="1" slack="0"/>
</pin_list>
<bind>
<StgValue><ssdm name="dct_Pipeline_RD_Loop_Row"/></StgValue>
</bind>
</comp>

<comp id="22" class="1001" name="const_22">
<pin_list>
<pin id="23" dir="1" index="0" bw="1" slack="0"/>
</pin_list>
<bind>
<StgValue><ssdm name="dct_2d"/></StgValue>
</bind>
</comp>

<comp id="24" class="1001" name="const_24">
<pin_list>
<pin id="25" dir="1" index="0" bw="1" slack="0"/>
</pin_list>
<bind>
<StgValue><ssdm name="_ssdm_op_WriteReq.m_axi.p1i512"/></StgValue>
</bind>
</comp>

<comp id="26" class="1001" name="const_26">
<pin_list>
<pin id="27" dir="1" index="0" bw="1" slack="0"/>
</pin_list>
<bind>
<StgValue><ssdm name="dct_Pipeline_WR_Loop_Row"/></StgValue>
</bind>
</comp>

<comp id="28" class="1001" name="const_28">
<pin_list>
<pin id="29" dir="1" index="0" bw="1" slack="0"/>
</pin_list>
<bind>
<StgValue><ssdm name="_ssdm_op_WriteResp.m_axi.p1i512"/></StgValue>
</bind>
</comp>

<comp id="30" class="1001" name="const_30">
<pin_list>
<pin id="31" dir="1" index="0" bw="1" slack="2147483647"/>
</pin_list>
<bind>
<StgValue><ssdm name="_ssdm_op_SpecTopModule"/></StgValue>
</bind>
</comp>

<comp id="32" class="1001" name="const_32">
<pin_list>
<pin id="33" dir="1" index="0" bw="1" slack="2147483647"/>
</pin_list>
<bind>
<StgValue><ssdm name="empty_9"/></StgValue>
</bind>
</comp>

<comp id="34" class="1001" name="const_34">
<pin_list>
<pin id="35" dir="1" index="0" bw="1" slack="2147483647"/>
</pin_list>
<bind>
<StgValue><ssdm name="_ssdm_op_SpecInterface"/></StgValue>
</bind>
</comp>

<comp id="36" class="1001" name="const_36">
<pin_list>
<pin id="37" dir="1" index="0" bw="1" slack="2147483647"/>
</pin_list>
<bind>
<StgValue><ssdm name=""/></StgValue>
</bind>
</comp>

<comp id="38" class="1001" name="const_38">
<pin_list>
<pin id="39" dir="1" index="0" bw="1" slack="2147483647"/>
</pin_list>
<bind>
<StgValue><ssdm name="empty_10"/></StgValue>
</bind>
</comp>

<comp id="40" class="1001" name="const_40">
<pin_list>
<pin id="41" dir="1" index="0" bw="1" slack="2147483647"/>
</pin_list>
<bind>
<StgValue><ssdm name="empty_0"/></StgValue>
</bind>
</comp>

<comp id="42" class="1001" name="const_42">
<pin_list>
<pin id="43" dir="1" index="0" bw="1" slack="2147483647"/>
</pin_list>
<bind>
<StgValue><ssdm name=""/></StgValue>
</bind>
</comp>

<comp id="44" class="1001" name="const_44">
<pin_list>
<pin id="45" dir="1" index="0" bw="1" slack="2147483647"/>
</pin_list>
<bind>
<StgValue><ssdm name="empty"/></StgValue>
</bind>
</comp>

<comp id="46" class="1001" name="const_46">
<pin_list>
<pin id="47" dir="1" index="0" bw="1" slack="2147483647"/>
</pin_list>
<bind>
<StgValue><ssdm name=""/></StgValue>
</bind>
</comp>

<comp id="48" class="1001" name="const_48">
<pin_list>
<pin id="49" dir="1" index="0" bw="1" slack="2147483647"/>
</pin_list>
<bind>
<StgValue><ssdm name="empty_1"/></StgValue>
</bind>
</comp>

<comp id="50" class="1001" name="const_50">
<pin_list>
<pin id="51" dir="1" index="0" bw="1" slack="2147483647"/>
</pin_list>
<bind>
<StgValue><ssdm name="empty_2"/></StgValue>
</bind>
</comp>

<comp id="52" class="1001" name="const_52">
<pin_list>
<pin id="53" dir="1" index="0" bw="1" slack="2147483647"/>
</pin_list>
<bind>
<StgValue><ssdm name=""/></StgValue>
</bind>
</comp>

<comp id="54" class="1001" name="const_54">
<pin_list>
<pin id="55" dir="1" index="0" bw="1" slack="2147483647"/>
</pin_list>
<bind>
<StgValue><ssdm name="_ssdm_op_SpecBitsMap"/></StgValue>
</bind>
</comp>

<comp id="56" class="1001" name="const_56">
<pin_list>
<pin id="57" dir="1" index="0" bw="1" slack="2147483647"/>
</pin_list>
<bind>
<StgValue><ssdm name="empty_3"/></StgValue>
</bind>
</comp>

<comp id="58" class="1001" name="const_58">
<pin_list>
<pin id="59" dir="1" index="0" bw="1" slack="2147483647"/>
</pin_list>
<bind>
<StgValue><ssdm name="empty_4"/></StgValue>
</bind>
</comp>

<comp id="60" class="1001" name="const_60">
<pin_list>
<pin id="61" dir="1" index="0" bw="1" slack="2147483647"/>
</pin_list>
<bind>
<StgValue><ssdm name="empty_5"/></StgValue>
</bind>
</comp>

<comp id="62" class="1001" name="const_62">
<pin_list>
<pin id="63" dir="1" index="0" bw="1" slack="2147483647"/>
</pin_list>
<bind>
<StgValue><ssdm name="empty_6"/></StgValue>
</bind>
</comp>

<comp id="64" class="1001" name="const_64">
<pin_list>
<pin id="65" dir="1" index="0" bw="1" slack="2147483647"/>
</pin_list>
<bind>
<StgValue><ssdm name="empty_7"/></StgValue>
</bind>
</comp>

<comp id="66" class="1001" name="const_66">
<pin_list>
<pin id="67" dir="1" index="0" bw="1" slack="2147483647"/>
</pin_list>
<bind>
<StgValue><ssdm name="empty_8"/></StgValue>
</bind>
</comp>

<comp id="68" class="1004" name="buf_2d_in_alloca_fu_68">
<pin_list>
<pin id="69" dir="0" index="0" bw="1" slack="0"/>
<pin id="70" dir="1" index="1" bw="16" slack="2147483647"/>
</pin_list>
<bind>
<opcode="alloca(26) " fcode="alloca"/>
<opset="buf_2d_in/1 "/>
</bind>
</comp>

<comp id="72" class="1004" name="buf_2d_in_1_alloca_fu_72">
<pin_list>
<pin id="73" dir="0" index="0" bw="1" slack="0"/>
<pin id="74" dir="1" index="1" bw="16" slack="2147483647"/>
</pin_list>
<bind>
<opcode="alloca(26) " fcode="alloca"/>
<opset="buf_2d_in_1/1 "/>
</bind>
</comp>

<comp id="76" class="1004" name="buf_2d_in_2_alloca_fu_76">
<pin_list>
<pin id="77" dir="0" index="0" bw="1" slack="0"/>
<pin id="78" dir="1" index="1" bw="16" slack="2147483647"/>
</pin_list>
<bind>
<opcode="alloca(26) " fcode="alloca"/>
<opset="buf_2d_in_2/1 "/>
</bind>
</comp>

<comp id="80" class="1004" name="buf_2d_in_3_alloca_fu_80">
<pin_list>
<pin id="81" dir="0" index="0" bw="1" slack="0"/>
<pin id="82" dir="1" index="1" bw="16" slack="2147483647"/>
</pin_list>
<bind>
<opcode="alloca(26) " fcode="alloca"/>
<opset="buf_2d_in_3/1 "/>
</bind>
</comp>

<comp id="84" class="1004" name="buf_2d_in_4_alloca_fu_84">
<pin_list>
<pin id="85" dir="0" index="0" bw="1" slack="0"/>
<pin id="86" dir="1" index="1" bw="16" slack="2147483647"/>
</pin_list>
<bind>
<opcode="alloca(26) " fcode="alloca"/>
<opset="buf_2d_in_4/1 "/>
</bind>
</comp>

<comp id="88" class="1004" name="buf_2d_in_5_alloca_fu_88">
<pin_list>
<pin id="89" dir="0" index="0" bw="1" slack="0"/>
<pin id="90" dir="1" index="1" bw="16" slack="2147483647"/>
</pin_list>
<bind>
<opcode="alloca(26) " fcode="alloca"/>
<opset="buf_2d_in_5/1 "/>
</bind>
</comp>

<comp id="92" class="1004" name="buf_2d_in_6_alloca_fu_92">
<pin_list>
<pin id="93" dir="0" index="0" bw="1" slack="0"/>
<pin id="94" dir="1" index="1" bw="16" slack="2147483647"/>
</pin_list>
<bind>
<opcode="alloca(26) " fcode="alloca"/>
<opset="buf_2d_in_6/1 "/>
</bind>
</comp>

<comp id="96" class="1004" name="buf_2d_in_7_alloca_fu_96">
<pin_list>
<pin id="97" dir="0" index="0" bw="1" slack="0"/>
<pin id="98" dir="1" index="1" bw="16" slack="2147483647"/>
</pin_list>
<bind>
<opcode="alloca(26) " fcode="alloca"/>
<opset="buf_2d_in_7/1 "/>
</bind>
</comp>

<comp id="100" class="1004" name="buf_2d_out_alloca_fu_100">
<pin_list>
<pin id="101" dir="0" index="0" bw="1" slack="0"/>
<pin id="102" dir="1" index="1" bw="16" slack="2147483647"/>
</pin_list>
<bind>
<opcode="alloca(26) " fcode="alloca"/>
<opset="buf_2d_out/1 "/>
</bind>
</comp>

<comp id="104" class="1004" name="buf_2d_out_1_alloca_fu_104">
<pin_list>
<pin id="105" dir="0" index="0" bw="1" slack="0"/>
<pin id="106" dir="1" index="1" bw="16" slack="2147483647"/>
</pin_list>
<bind>
<opcode="alloca(26) " fcode="alloca"/>
<opset="buf_2d_out_1/1 "/>
</bind>
</comp>

<comp id="108" class="1004" name="buf_2d_out_2_alloca_fu_108">
<pin_list>
<pin id="109" dir="0" index="0" bw="1" slack="0"/>
<pin id="110" dir="1" index="1" bw="16" slack="2147483647"/>
</pin_list>
<bind>
<opcode="alloca(26) " fcode="alloca"/>
<opset="buf_2d_out_2/1 "/>
</bind>
</comp>

<comp id="112" class="1004" name="buf_2d_out_3_alloca_fu_112">
<pin_list>
<pin id="113" dir="0" index="0" bw="1" slack="0"/>
<pin id="114" dir="1" index="1" bw="16" slack="2147483647"/>
</pin_list>
<bind>
<opcode="alloca(26) " fcode="alloca"/>
<opset="buf_2d_out_3/1 "/>
</bind>
</comp>

<comp id="116" class="1004" name="buf_2d_out_4_alloca_fu_116">
<pin_list>
<pin id="117" dir="0" index="0" bw="1" slack="0"/>
<pin id="118" dir="1" index="1" bw="16" slack="2147483647"/>
</pin_list>
<bind>
<opcode="alloca(26) " fcode="alloca"/>
<opset="buf_2d_out_4/1 "/>
</bind>
</comp>

<comp id="120" class="1004" name="buf_2d_out_5_alloca_fu_120">
<pin_list>
<pin id="121" dir="0" index="0" bw="1" slack="0"/>
<pin id="122" dir="1" index="1" bw="16" slack="2147483647"/>
</pin_list>
<bind>
<opcode="alloca(26) " fcode="alloca"/>
<opset="buf_2d_out_5/1 "/>
</bind>
</comp>

<comp id="124" class="1004" name="buf_2d_out_6_alloca_fu_124">
<pin_list>
<pin id="125" dir="0" index="0" bw="1" slack="0"/>
<pin id="126" dir="1" index="1" bw="16" slack="2147483647"/>
</pin_list>
<bind>
<opcode="alloca(26) " fcode="alloca"/>
<opset="buf_2d_out_6/1 "/>
</bind>
</comp>

<comp id="128" class="1004" name="buf_2d_out_7_alloca_fu_128">
<pin_list>
<pin id="129" dir="0" index="0" bw="1" slack="0"/>
<pin id="130" dir="1" index="1" bw="16" slack="2147483647"/>
</pin_list>
<bind>
<opcode="alloca(26) " fcode="alloca"/>
<opset="buf_2d_out_7/1 "/>
</bind>
</comp>

<comp id="132" class="1004" name="output_r_read_read_fu_132">
<pin_list>
<pin id="133" dir="0" index="0" bw="64" slack="0"/>
<pin id="134" dir="0" index="1" bw="64" slack="0"/>
<pin id="135" dir="1" index="2" bw="64" slack="0"/>
</pin_list>
<bind>
<opcode="read(1150) " fcode="read"/>
<opset="output_r_read/3 "/>
</bind>
</comp>

<comp id="138" class="1004" name="input_r_read_read_fu_138">
<pin_list>
<pin id="139" dir="0" index="0" bw="64" slack="0"/>
<pin id="140" dir="0" index="1" bw="64" slack="0"/>
<pin id="141" dir="1" index="2" bw="64" slack="0"/>
</pin_list>
<bind>
<opcode="read(1150) " fcode="read"/>
<opset="input_r_read/3 "/>
</bind>
</comp>

<comp id="144" class="1004" name="grp_readreq_fu_144">
<pin_list>
<pin id="145" dir="0" index="0" bw="1" slack="0"/>
<pin id="146" dir="0" index="1" bw="512" slack="0"/>
<pin id="147" dir="0" index="2" bw="3" slack="0"/>
<pin id="148" dir="1" index="3" bw="1" slack="2147483647"/>
</pin_list>
<bind>
<opcode="readreq(1154) " fcode="readreq"/>
<opset="empty/4 "/>
</bind>
</comp>

<comp id="151" class="1004" name="grp_writeresp_fu_151">
<pin_list>
<pin id="152" dir="0" index="0" bw="1" slack="0"/>
<pin id="153" dir="0" index="1" bw="512" slack="0"/>
<pin id="154" dir="0" index="2" bw="3" slack="0"/>
<pin id="155" dir="1" index="3" bw="1" slack="2147483647"/>
</pin_list>
<bind>
<opcode="writereq(1155) writeresp(1158) " fcode="writeresp"/>
<opset="empty_24/97 empty_25/100 "/>
</bind>
</comp>

<comp id="159" class="1004" name="grp_dct_Pipeline_RD_Loop_Row_fu_159">
<pin_list>
<pin id="160" dir="0" index="0" bw="0" slack="0"/>
<pin id="161" dir="0" index="1" bw="512" slack="0"/>
<pin id="162" dir="0" index="2" bw="16" slack="2147483647"/>
<pin id="163" dir="0" index="3" bw="16" slack="2147483647"/>
<pin id="164" dir="0" index="4" bw="16" slack="2147483647"/>
<pin id="165" dir="0" index="5" bw="16" slack="2147483647"/>
<pin id="166" dir="0" index="6" bw="16" slack="2147483647"/>
<pin id="167" dir="0" index="7" bw="16" slack="2147483647"/>
<pin id="168" dir="0" index="8" bw="16" slack="2147483647"/>
<pin id="169" dir="0" index="9" bw="16" slack="2147483647"/>
<pin id="170" dir="0" index="10" bw="58" slack="72"/>
<pin id="171" dir="1" index="11" bw="0" slack="2147483647"/>
</pin_list>
<bind>
<opcode="call(48) " fcode="call"/>
<opset="call_ln64/75 "/>
</bind>
</comp>

<comp id="174" class="1004" name="grp_dct_2d_fu_174">
<pin_list>
<pin id="175" dir="0" index="0" bw="0" slack="0"/>
<pin id="176" dir="0" index="1" bw="16" slack="2147483647"/>
<pin id="177" dir="0" index="2" bw="16" slack="2147483647"/>
<pin id="178" dir="0" index="3" bw="16" slack="2147483647"/>
<pin id="179" dir="0" index="4" bw="16" slack="2147483647"/>
<pin id="180" dir="0" index="5" bw="16" slack="2147483647"/>
<pin id="181" dir="0" index="6" bw="16" slack="2147483647"/>
<pin id="182" dir="0" index="7" bw="16" slack="2147483647"/>
<pin id="183" dir="0" index="8" bw="16" slack="2147483647"/>
<pin id="184" dir="0" index="9" bw="16" slack="2147483647"/>
<pin id="185" dir="0" index="10" bw="16" slack="2147483647"/>
<pin id="186" dir="0" index="11" bw="16" slack="2147483647"/>
<pin id="187" dir="0" index="12" bw="16" slack="2147483647"/>
<pin id="188" dir="0" index="13" bw="16" slack="2147483647"/>
<pin id="189" dir="0" index="14" bw="16" slack="2147483647"/>
<pin id="190" dir="0" index="15" bw="16" slack="2147483647"/>
<pin id="191" dir="0" index="16" bw="16" slack="2147483647"/>
<pin id="192" dir="1" index="17" bw="0" slack="2147483647"/>
</pin_list>
<bind>
<opcode="call(48) " fcode="call"/>
<opset="call_ln93/77 "/>
</bind>
</comp>

<comp id="194" class="1004" name="grp_dct_Pipeline_WR_Loop_Row_fu_194">
<pin_list>
<pin id="195" dir="0" index="0" bw="0" slack="0"/>
<pin id="196" dir="0" index="1" bw="512" slack="0"/>
<pin id="197" dir="0" index="2" bw="58" slack="95"/>
<pin id="198" dir="0" index="3" bw="16" slack="2147483647"/>
<pin id="199" dir="0" index="4" bw="16" slack="2147483647"/>
<pin id="200" dir="0" index="5" bw="16" slack="2147483647"/>
<pin id="201" dir="0" index="6" bw="16" slack="2147483647"/>
<pin id="202" dir="0" index="7" bw="16" slack="2147483647"/>
<pin id="203" dir="0" index="8" bw="16" slack="2147483647"/>
<pin id="204" dir="0" index="9" bw="16" slack="2147483647"/>
<pin id="205" dir="0" index="10" bw="16" slack="2147483647"/>
<pin id="206" dir="1" index="11" bw="0" slack="2147483647"/>
</pin_list>
<bind>
<opcode="call(48) " fcode="call"/>
<opset="call_ln77/98 "/>
</bind>
</comp>

<comp id="209" class="1004" name="trunc_ln_fu_209">
<pin_list>
<pin id="210" dir="0" index="0" bw="58" slack="0"/>
<pin id="211" dir="0" index="1" bw="64" slack="0"/>
<pin id="212" dir="0" index="2" bw="4" slack="0"/>
<pin id="213" dir="0" index="3" bw="7" slack="0"/>
<pin id="214" dir="1" index="4" bw="58" slack="1"/>
</pin_list>
<bind>
<opcode="partselect(1002) " fcode="partselect"/>
<opset="trunc_ln/3 "/>
</bind>
</comp>

<comp id="219" class="1004" name="trunc_ln1_fu_219">
<pin_list>
<pin id="220" dir="0" index="0" bw="58" slack="0"/>
<pin id="221" dir="0" index="1" bw="64" slack="0"/>
<pin id="222" dir="0" index="2" bw="4" slack="0"/>
<pin id="223" dir="0" index="3" bw="7" slack="0"/>
<pin id="224" dir="1" index="4" bw="58" slack="94"/>
</pin_list>
<bind>
<opcode="partselect(1002) " fcode="partselect"/>
<opset="trunc_ln1/3 "/>
</bind>
</comp>

<comp id="229" class="1004" name="sext_ln64_fu_229">
<pin_list>
<pin id="230" dir="0" index="0" bw="58" slack="1"/>
<pin id="231" dir="1" index="1" bw="64" slack="0"/>
</pin_list>
<bind>
<opcode="sext(35) " fcode="sext"/>
<opset="sext_ln64/4 "/>
</bind>
</comp>

<comp id="232" class="1004" name="gmem_addr_fu_232">
<pin_list>
<pin id="233" dir="0" index="0" bw="64" slack="0"/>
<pin id="234" dir="0" index="1" bw="64" slack="0"/>
<pin id="235" dir="1" index="2" bw="64" slack="0"/>
</pin_list>
<bind>
<opcode="getelementptr(29) " fcode="getelementptr"/>
<opset="gmem_addr/4 "/>
</bind>
</comp>

<comp id="239" class="1004" name="sext_ln77_fu_239">
<pin_list>
<pin id="240" dir="0" index="0" bw="58" slack="94"/>
<pin id="241" dir="1" index="1" bw="64" slack="0"/>
</pin_list>
<bind>
<opcode="sext(35) " fcode="sext"/>
<opset="sext_ln77/97 "/>
</bind>
</comp>

<comp id="242" class="1004" name="gmem_addr_1_fu_242">
<pin_list>
<pin id="243" dir="0" index="0" bw="64" slack="0"/>
<pin id="244" dir="0" index="1" bw="64" slack="0"/>
<pin id="245" dir="1" index="2" bw="64" slack="0"/>
</pin_list>
<bind>
<opcode="getelementptr(29) " fcode="getelementptr"/>
<opset="gmem_addr_1/97 "/>
</bind>
</comp>

<comp id="249" class="1005" name="trunc_ln_reg_249">
<pin_list>
<pin id="250" dir="0" index="0" bw="58" slack="1"/>
<pin id="251" dir="1" index="1" bw="58" slack="1"/>
</pin_list>
<bind>
<opset="trunc_ln "/>
</bind>
</comp>

<comp id="255" class="1005" name="trunc_ln1_reg_255">
<pin_list>
<pin id="256" dir="0" index="0" bw="58" slack="94"/>
<pin id="257" dir="1" index="1" bw="58" slack="94"/>
</pin_list>
<bind>
<opset="trunc_ln1 "/>
</bind>
</comp>

<comp id="261" class="1005" name="gmem_addr_reg_261">
<pin_list>
<pin id="262" dir="0" index="0" bw="512" slack="1"/>
<pin id="263" dir="1" index="1" bw="512" slack="1"/>
</pin_list>
<bind>
<opset="gmem_addr "/>
</bind>
</comp>

<comp id="266" class="1005" name="gmem_addr_1_reg_266">
<pin_list>
<pin id="267" dir="0" index="0" bw="512" slack="3"/>
<pin id="268" dir="1" index="1" bw="512" slack="3"/>
</pin_list>
<bind>
<opset="gmem_addr_1 "/>
</bind>
</comp>

</comp_list>

<net_list>
<net id="71"><net_src comp="6" pin="0"/><net_sink comp="68" pin=0"/></net>

<net id="75"><net_src comp="6" pin="0"/><net_sink comp="72" pin=0"/></net>

<net id="79"><net_src comp="6" pin="0"/><net_sink comp="76" pin=0"/></net>

<net id="83"><net_src comp="6" pin="0"/><net_sink comp="80" pin=0"/></net>

<net id="87"><net_src comp="6" pin="0"/><net_sink comp="84" pin=0"/></net>

<net id="91"><net_src comp="6" pin="0"/><net_sink comp="88" pin=0"/></net>

<net id="95"><net_src comp="6" pin="0"/><net_sink comp="92" pin=0"/></net>

<net id="99"><net_src comp="6" pin="0"/><net_sink comp="96" pin=0"/></net>

<net id="103"><net_src comp="6" pin="0"/><net_sink comp="100" pin=0"/></net>

<net id="107"><net_src comp="6" pin="0"/><net_sink comp="104" pin=0"/></net>

<net id="111"><net_src comp="6" pin="0"/><net_sink comp="108" pin=0"/></net>

<net id="115"><net_src comp="6" pin="0"/><net_sink comp="112" pin=0"/></net>

<net id="119"><net_src comp="6" pin="0"/><net_sink comp="116" pin=0"/></net>

<net id="123"><net_src comp="6" pin="0"/><net_sink comp="120" pin=0"/></net>

<net id="127"><net_src comp="6" pin="0"/><net_sink comp="124" pin=0"/></net>

<net id="131"><net_src comp="6" pin="0"/><net_sink comp="128" pin=0"/></net>

<net id="136"><net_src comp="8" pin="0"/><net_sink comp="132" pin=0"/></net>

<net id="137"><net_src comp="4" pin="0"/><net_sink comp="132" pin=1"/></net>

<net id="142"><net_src comp="8" pin="0"/><net_sink comp="138" pin=0"/></net>

<net id="143"><net_src comp="2" pin="0"/><net_sink comp="138" pin=1"/></net>

<net id="149"><net_src comp="16" pin="0"/><net_sink comp="144" pin=0"/></net>

<net id="150"><net_src comp="18" pin="0"/><net_sink comp="144" pin=2"/></net>

<net id="156"><net_src comp="24" pin="0"/><net_sink comp="151" pin=0"/></net>

<net id="157"><net_src comp="18" pin="0"/><net_sink comp="151" pin=2"/></net>

<net id="158"><net_src comp="28" pin="0"/><net_sink comp="151" pin=0"/></net>

<net id="172"><net_src comp="20" pin="0"/><net_sink comp="159" pin=0"/></net>

<net id="173"><net_src comp="0" pin="0"/><net_sink comp="159" pin=1"/></net>

<net id="193"><net_src comp="22" pin="0"/><net_sink comp="174" pin=0"/></net>

<net id="207"><net_src comp="26" pin="0"/><net_sink comp="194" pin=0"/></net>

<net id="208"><net_src comp="0" pin="0"/><net_sink comp="194" pin=1"/></net>

<net id="215"><net_src comp="10" pin="0"/><net_sink comp="209" pin=0"/></net>

<net id="216"><net_src comp="138" pin="2"/><net_sink comp="209" pin=1"/></net>

<net id="217"><net_src comp="12" pin="0"/><net_sink comp="209" pin=2"/></net>

<net id="218"><net_src comp="14" pin="0"/><net_sink comp="209" pin=3"/></net>

<net id="225"><net_src comp="10" pin="0"/><net_sink comp="219" pin=0"/></net>

<net id="226"><net_src comp="132" pin="2"/><net_sink comp="219" pin=1"/></net>

<net id="227"><net_src comp="12" pin="0"/><net_sink comp="219" pin=2"/></net>

<net id="228"><net_src comp="14" pin="0"/><net_sink comp="219" pin=3"/></net>

<net id="236"><net_src comp="0" pin="0"/><net_sink comp="232" pin=0"/></net>

<net id="237"><net_src comp="229" pin="1"/><net_sink comp="232" pin=1"/></net>

<net id="238"><net_src comp="232" pin="2"/><net_sink comp="144" pin=1"/></net>

<net id="246"><net_src comp="0" pin="0"/><net_sink comp="242" pin=0"/></net>

<net id="247"><net_src comp="239" pin="1"/><net_sink comp="242" pin=1"/></net>

<net id="248"><net_src comp="242" pin="2"/><net_sink comp="151" pin=1"/></net>

<net id="252"><net_src comp="209" pin="4"/><net_sink comp="249" pin=0"/></net>

<net id="253"><net_src comp="249" pin="1"/><net_sink comp="229" pin=0"/></net>

<net id="254"><net_src comp="249" pin="1"/><net_sink comp="159" pin=10"/></net>

<net id="258"><net_src comp="219" pin="4"/><net_sink comp="255" pin=0"/></net>

<net id="259"><net_src comp="255" pin="1"/><net_sink comp="239" pin=0"/></net>

<net id="260"><net_src comp="255" pin="1"/><net_sink comp="194" pin=2"/></net>

<net id="264"><net_src comp="232" pin="2"/><net_sink comp="261" pin=0"/></net>

<net id="265"><net_src comp="261" pin="1"/><net_sink comp="144" pin=1"/></net>

<net id="269"><net_src comp="242" pin="2"/><net_sink comp="266" pin=0"/></net>

<net id="270"><net_src comp="266" pin="1"/><net_sink comp="151" pin=1"/></net>

</net_list>

</model> 
---------------- Datapath Model END ------------------

* FSMD analyzer results:
  - Output states:
	Port: gmem | {97 98 99 100 101 102 103 104 105 106 107 108 109 110 111 112 113 114 115 116 117 118 119 120 121 122 123 124 125 126 127 128 129 130 131 132 133 134 135 136 137 138 139 140 141 142 143 144 145 146 147 148 149 150 151 152 153 154 155 156 157 158 159 160 161 162 163 164 165 166 167 }
 - Input state : 
	Port: dct : gmem | {4 5 6 7 8 9 10 11 12 13 14 15 16 17 18 19 20 21 22 23 24 25 26 27 28 29 30 31 32 33 34 35 36 37 38 39 40 41 42 43 44 45 46 47 48 49 50 51 52 53 54 55 56 57 58 59 60 61 62 63 64 65 66 67 68 69 70 71 72 73 74 75 76 }
	Port: dct : input_r | {3 }
	Port: dct : output_r | {3 }
  - Chain level:
	State 1
	State 2
	State 3
	State 4
		gmem_addr : 1
		empty : 2
	State 5
	State 6
	State 7
	State 8
	State 9
	State 10
	State 11
	State 12
	State 13
	State 14
	State 15
	State 16
	State 17
	State 18
	State 19
	State 20
	State 21
	State 22
	State 23
	State 24
	State 25
	State 26
	State 27
	State 28
	State 29
	State 30
	State 31
	State 32
	State 33
	State 34
	State 35
	State 36
	State 37
	State 38
	State 39
	State 40
	State 41
	State 42
	State 43
	State 44
	State 45
	State 46
	State 47
	State 48
	State 49
	State 50
	State 51
	State 52
	State 53
	State 54
	State 55
	State 56
	State 57
	State 58
	State 59
	State 60
	State 61
	State 62
	State 63
	State 64
	State 65
	State 66
	State 67
	State 68
	State 69
	State 70
	State 71
	State 72
	State 73
	State 74
	State 75
	State 76
	State 77
	State 78
	State 79
	State 80
	State 81
	State 82
	State 83
	State 84
	State 85
	State 86
	State 87
	State 88
	State 89
	State 90
	State 91
	State 92
	State 93
	State 94
	State 95
	State 96
	State 97
		gmem_addr_1 : 1
		empty_24 : 2
	State 98
	State 99
	State 100
	State 101
	State 102
	State 103
	State 104
	State 105
	State 106
	State 107
	State 108
	State 109
	State 110
	State 111
	State 112
	State 113
	State 114
	State 115
	State 116
	State 117
	State 118
	State 119
	State 120
	State 121
	State 122
	State 123
	State 124
	State 125
	State 126
	State 127
	State 128
	State 129
	State 130
	State 131
	State 132
	State 133
	State 134
	State 135
	State 136
	State 137
	State 138
	State 139
	State 140
	State 141
	State 142
	State 143
	State 144
	State 145
	State 146
	State 147
	State 148
	State 149
	State 150
	State 151
	State 152
	State 153
	State 154
	State 155
	State 156
	State 157
	State 158
	State 159
	State 160
	State 161
	State 162
	State 163
	State 164
	State 165
	State 166
	State 167


============================================================
+ Verbose Summary: Datapath Resource usage 
============================================================

* Functional unit list:
|----------|-------------------------------------|---------|---------|---------|---------|
| Operation|           Functional Unit           |   DSP   |  Delay  |    FF   |   LUT   |
|----------|-------------------------------------|---------|---------|---------|---------|
|          | grp_dct_Pipeline_RD_Loop_Row_fu_159 |    0    |    0    |   1482  |    33   |
|   call   |          grp_dct_2d_fu_174          |   112   |  82.236 |   6296  |   6136  |
|          | grp_dct_Pipeline_WR_Loop_Row_fu_194 |    0    |  3.416  |   606   |   439   |
|----------|-------------------------------------|---------|---------|---------|---------|
|   read   |      output_r_read_read_fu_132      |    0    |    0    |    0    |    0    |
|          |       input_r_read_read_fu_138      |    0    |    0    |    0    |    0    |
|----------|-------------------------------------|---------|---------|---------|---------|
|  readreq |          grp_readreq_fu_144         |    0    |    0    |    0    |    0    |
|----------|-------------------------------------|---------|---------|---------|---------|
| writeresp|         grp_writeresp_fu_151        |    0    |    0    |    0    |    0    |
|----------|-------------------------------------|---------|---------|---------|---------|
|partselect|           trunc_ln_fu_209           |    0    |    0    |    0    |    0    |
|          |           trunc_ln1_fu_219          |    0    |    0    |    0    |    0    |
|----------|-------------------------------------|---------|---------|---------|---------|
|   sext   |           sext_ln64_fu_229          |    0    |    0    |    0    |    0    |
|          |           sext_ln77_fu_239          |    0    |    0    |    0    |    0    |
|----------|-------------------------------------|---------|---------|---------|---------|
|   Total  |                                     |   112   |  85.652 |   8384  |   6608  |
|----------|-------------------------------------|---------|---------|---------|---------|

Memories:
+------------+--------+--------+--------+--------+
|            |  BRAM  |   FF   |   LUT  |  URAM  |
+------------+--------+--------+--------+--------+
|  buf_2d_in |    0   |   32   |    2   |    0   |
| buf_2d_in_1|    0   |   32   |    2   |    0   |
| buf_2d_in_2|    0   |   32   |    2   |    0   |
| buf_2d_in_3|    0   |   32   |    2   |    0   |
| buf_2d_in_4|    0   |   32   |    2   |    0   |
| buf_2d_in_5|    0   |   32   |    2   |    0   |
| buf_2d_in_6|    0   |   32   |    2   |    0   |
| buf_2d_in_7|    0   |   32   |    2   |    0   |
| buf_2d_out |    0   |   32   |    2   |    0   |
|buf_2d_out_1|    0   |   32   |    2   |    0   |
|buf_2d_out_2|    0   |   32   |    2   |    0   |
|buf_2d_out_3|    0   |   32   |    2   |    0   |
|buf_2d_out_4|    0   |   32   |    2   |    0   |
|buf_2d_out_5|    0   |   32   |    2   |    0   |
|buf_2d_out_6|    0   |   32   |    2   |    0   |
|buf_2d_out_7|    0   |   32   |    2   |    0   |
+------------+--------+--------+--------+--------+
|    Total   |    0   |   512  |   32   |    0   |
+------------+--------+--------+--------+--------+

* Register list:
+-------------------+--------+
|                   |   FF   |
+-------------------+--------+
|gmem_addr_1_reg_266|   512  |
| gmem_addr_reg_261 |   512  |
| trunc_ln1_reg_255 |   58   |
|  trunc_ln_reg_249 |   58   |
+-------------------+--------+
|       Total       |  1140  |
+-------------------+--------+

* Multiplexer (MUX) list: 
|----------------------|------|------|------|--------||---------||---------||---------|
|         Comp         |  Pin | Size |  BW  | S x BW ||  Delay  ||    FF   ||   LUT   |
|----------------------|------|------|------|--------||---------||---------||---------|
|  grp_readreq_fu_144  |  p1  |   2  |  512 |  1024  ||    0    ||    9    |
| grp_writeresp_fu_151 |  p0  |   2  |   1  |    2   |
| grp_writeresp_fu_151 |  p1  |   2  |  512 |  1024  ||    0    ||    9    |
|----------------------|------|------|------|--------||---------||---------||---------|
|         Total        |      |      |      |  2050  ||  1.281  ||    0    ||    18   |
|----------------------|------|------|------|--------||---------||---------||---------|



* Summary:
+-----------+--------+--------+--------+--------+--------+--------+
|           |  BRAM  |   DSP  |  Delay |   FF   |   LUT  |  URAM  |
+-----------+--------+--------+--------+--------+--------+--------+
|  Function |    -   |   112  |   85   |  8384  |  6608  |    -   |
|   Memory  |    0   |    -   |    -   |   512  |   32   |    0   |
|Multiplexer|    -   |    -   |    1   |    0   |   18   |    -   |
|  Register |    -   |    -   |    -   |  1140  |    -   |    -   |
+-----------+--------+--------+--------+--------+--------+--------+
|   Total   |    0   |   112  |   86   |  10036 |  6658  |    0   |
+-----------+--------+--------+--------+--------+--------+--------+
