

================================================================
== Vitis HLS Report for 'dct_1d'
================================================================
* Date:           Thu Jan 29 20:29:36 2026

* Version:        2024.1 (Build 5069499 on May 21 2024)
* Project:        dct
* Solution:       hls (Vitis Kernel Flow Target)
* Product family: zynquplus
* Target device:  xczu3eg-sfvc784-2-e


================================================================
== Performance Estimates
================================================================
+ Timing: 
    * Summary: 
    +--------+---------+----------+------------+
    |  Clock |  Target | Estimated| Uncertainty|
    +--------+---------+----------+------------+
    |ap_clk  |  8.00 ns|  4.408 ns|     0.96 ns|
    +--------+---------+----------+------------+

+ Latency: 
    * Summary: 
    +---------+---------+-----------+-----------+-----+-----+---------+
    |  Latency (cycles) |   Latency (absolute)  |  Interval | Pipeline|
    |   min   |   max   |    min    |    max    | min | max |   Type  |
    +---------+---------+-----------+-----------+-----+-----+---------+
    |        4|        4|  32.000 ns|  32.000 ns|    1|    1|      yes|
    +---------+---------+-----------+-----------+-----+-----+---------+

    + Detail: 
        * Instance: 
        N/A

        * Loop: 
        N/A



================================================================
== Utilization Estimates
================================================================
* Summary: 
+-----------------+---------+-----+--------+-------+-----+
|       Name      | BRAM_18K| DSP |   FF   |  LUT  | URAM|
+-----------------+---------+-----+--------+-------+-----+
|DSP              |        -|   20|       -|      -|    -|
|Expression       |        -|    -|       0|    752|    -|
|FIFO             |        -|    -|       -|      -|    -|
|Instance         |        -|    8|       0|     40|    -|
|Memory           |        -|    -|       -|      -|    -|
|Multiplexer      |        -|    -|       0|    112|    -|
|Register         |        -|    -|     851|    128|    -|
+-----------------+---------+-----+--------+-------+-----+
|Total            |        0|   28|     851|   1032|    0|
+-----------------+---------+-----+--------+-------+-----+
|Available        |      432|  360|  141120|  70560|    0|
+-----------------+---------+-----+--------+-------+-----+
|Utilization (%)  |        0|    7|      ~0|      1|    0|
+-----------------+---------+-----+--------+-------+-----+

+ Detail: 
    * Instance: 
    +-------------------------+---------------------+---------+----+---+----+-----+
    |         Instance        |        Module       | BRAM_18K| DSP| FF| LUT| URAM|
    +-------------------------+---------------------+---------+----+---+----+-----+
    |mul_16s_15ns_29_1_0_U11  |mul_16s_15ns_29_1_0  |        0|   1|  0|   5|    0|
    |mul_16s_15ns_29_1_0_U14  |mul_16s_15ns_29_1_0  |        0|   1|  0|   5|    0|
    |mul_16s_15ns_29_1_0_U17  |mul_16s_15ns_29_1_0  |        0|   1|  0|   5|    0|
    |mul_16s_15s_29_1_0_U12   |mul_16s_15s_29_1_0   |        0|   1|  0|   5|    0|
    |mul_16s_15s_29_1_0_U13   |mul_16s_15s_29_1_0   |        0|   1|  0|   5|    0|
    |mul_16s_15s_29_1_0_U15   |mul_16s_15s_29_1_0   |        0|   1|  0|   5|    0|
    |mul_16s_15s_29_1_0_U16   |mul_16s_15s_29_1_0   |        0|   1|  0|   5|    0|
    |mul_16s_15s_29_1_0_U18   |mul_16s_15s_29_1_0   |        0|   1|  0|   5|    0|
    +-------------------------+---------------------+---------+----+---+----+-----+
    |Total                    |                     |        0|   8|  0|  40|    0|
    +-------------------------+---------------------+---------+----+---+----+-----+

    * DSP: 
    +--------------------------------------------+----------------------------------------+---------------------+
    |                  Instance                  |                 Module                 |      Expression     |
    +--------------------------------------------+----------------------------------------+---------------------+
    |ama_addmuladd_18s_16s_13ns_29ns_29_4_0_U29  |ama_addmuladd_18s_16s_13ns_29ns_29_4_0  |  i0 + (i1 + i2) * i3|
    |ama_submuladd_16s_16s_12ns_29s_29_4_0_U19   |ama_submuladd_16s_16s_12ns_29s_29_4_0   |  i0 + (i1 - i2) * i3|
    |ama_submuladd_16s_16s_13ns_29s_29_4_0_U22   |ama_submuladd_16s_16s_13ns_29s_29_4_0   |  (i0 - i1) * i2 + i3|
    |ama_submuladd_18s_16s_14ns_29ns_29_4_0_U35  |ama_submuladd_18s_16s_14ns_29ns_29_4_0  |  i0 + (i1 - i2) * i3|
    |mac_muladd_16s_14ns_29ns_29_4_0_U26         |mac_muladd_16s_14ns_29ns_29_4_0         |         i0 + i1 * i2|
    |mac_muladd_16s_14ns_29ns_29_4_0_U30         |mac_muladd_16s_14ns_29ns_29_4_0         |         i0 + i1 * i2|
    |mac_muladd_16s_14ns_29ns_29_4_0_U36         |mac_muladd_16s_14ns_29ns_29_4_0         |         i0 + i1 * i2|
    |mac_muladd_16s_14ns_29s_29_4_0_U21          |mac_muladd_16s_14ns_29s_29_4_0          |         i0 + i1 * i2|
    |mac_muladd_16s_14ns_29s_29_4_0_U25          |mac_muladd_16s_14ns_29s_29_4_0          |         i0 + i1 * i2|
    |mac_muladd_16s_15s_13ns_29_4_0_U27          |mac_muladd_16s_15s_13ns_29_4_0          |         i0 * i1 + i2|
    |mac_muladd_16s_15s_29ns_29_4_0_U32          |mac_muladd_16s_15s_29ns_29_4_0          |         i0 + i1 * i2|
    |mac_muladd_16s_15s_29s_29_4_0_U23           |mac_muladd_16s_15s_29s_29_4_0           |         i0 + i1 * i2|
    |mac_muladd_17s_12ns_13ns_29_4_0_U31         |mac_muladd_17s_12ns_13ns_29_4_0         |         i0 * i1 + i2|
    |mac_muladd_17s_12ns_13ns_29_4_0_U38         |mac_muladd_17s_12ns_13ns_29_4_0         |         i0 * i1 + i2|
    |mac_muladd_17s_12ns_29s_29_4_0_U33          |mac_muladd_17s_12ns_29s_29_4_0          |         i0 + i1 * i2|
    |mac_muladd_17s_13ns_13ns_29_4_0_U34         |mac_muladd_17s_13ns_13ns_29_4_0         |         i0 * i1 + i2|
    |mac_muladd_17s_13ns_29s_29_4_0_U28          |mac_muladd_17s_13ns_29s_29_4_0          |         i0 + i1 * i2|
    |mac_muladd_17s_13ns_29s_29_4_0_U37          |mac_muladd_17s_13ns_29s_29_4_0          |         i0 + i1 * i2|
    |mac_muladd_18s_13ns_13ns_29_4_0_U24         |mac_muladd_18s_13ns_13ns_29_4_0         |         i0 * i1 + i2|
    |mac_muladd_18s_14ns_13ns_29_4_0_U20         |mac_muladd_18s_14ns_13ns_29_4_0         |         i0 * i1 + i2|
    +--------------------------------------------+----------------------------------------+---------------------+

    * Memory: 
    N/A

    * FIFO: 
    N/A

    * Expression: 
    +-----------------------+----------+----+---+----+------------+------------+
    |     Variable Name     | Operation| DSP| FF| LUT| Bitwidth P0| Bitwidth P1|
    +-----------------------+----------+----+---+----+------------+------------+
    |add_ln21_fu_227_p2     |         +|   0|  0|  29|          29|          29|
    |add_ln23_12_fu_430_p2  |         +|   0|  0|  29|          29|          29|
    |add_ln23_18_fu_458_p2  |         +|   0|  0|  29|          29|          29|
    |add_ln23_1_fu_434_p2   |         +|   0|  0|  29|          29|          29|
    |add_ln23_23_fu_477_p2  |         +|   0|  0|  29|          29|          29|
    |add_ln23_29_fu_505_p2  |         +|   0|  0|  29|          29|          29|
    |add_ln23_3_fu_462_p2   |         +|   0|  0|  29|          29|          29|
    |add_ln23_4_fu_339_p2   |         +|   0|  0|  29|          29|          29|
    |add_ln23_5_fu_481_p2   |         +|   0|  0|  29|          29|          29|
    |add_ln23_7_fu_509_p2   |         +|   0|  0|  29|          29|          29|
    |add_ln23_fu_239_p2     |         +|   0|  0|  36|          29|          29|
    |grp_fu_713_p0          |         +|   0|  0|  25|          18|          18|
    |tmp19_fu_134_p2        |         +|   0|  0|  18|          18|          18|
    |tmp1_fu_190_p2         |         +|   0|  0|  16|          16|          16|
    |tmp218_fu_194_p2       |         +|   0|  0|  16|          16|          16|
    |tmp27_fu_297_p2        |         +|   0|  0|  24|          17|          17|
    |tmp5716_fu_215_p2      |         +|   0|  0|  23|          16|          16|
    |tmp_3_fu_233_p2        |         +|   0|  0|  29|          29|          29|
    |tmp_fu_186_p2          |         +|   0|  0|  23|          16|          16|
    |grp_fu_657_p0          |         -|   0|  0|  25|          18|          18|
    |sub_ln23_fu_333_p2     |         -|   0|  0|  36|          29|          29|
    |tmp11_fu_268_p2        |         -|   0|  0|  24|          17|          17|
    |tmp17_fu_118_p2        |         -|   0|  0|  24|          17|          17|
    |tmp18_fu_128_p2        |         -|   0|  0|  18|          18|          18|
    |tmp25_fu_287_p2        |         -|   0|  0|  24|          17|          17|
    |tmp28_fu_319_p2        |         -|   0|  0|  29|          29|          29|
    |tmp35_fu_355_p2        |         -|   0|  0|  24|          17|          17|
    |tmp39_fu_364_p2        |         -|   0|  0|  24|          17|          17|
    |tmp7_fu_258_p2         |         -|   0|  0|  24|          17|          17|
    +-----------------------+----------+----+---+----+------------+------------+
    |Total                  |          |   0|  0| 752|         661|         661|
    +-----------------------+----------+----+---+----+------------+------------+

    * Multiplexer: 
    +-------------+----+-----------+-----+-----------+
    |     Name    | LUT| Input Size| Bits| Total Bits|
    +-------------+----+-----------+-----+-----------+
    |ap_return_0  |  14|          3|   16|         48|
    |ap_return_1  |  14|          3|   16|         48|
    |ap_return_2  |  14|          3|   16|         48|
    |ap_return_3  |  14|          3|   16|         48|
    |ap_return_4  |  14|          3|   16|         48|
    |ap_return_5  |  14|          3|   16|         48|
    |ap_return_6  |  14|          3|   16|         48|
    |ap_return_7  |  14|          3|   16|         48|
    +-------------+----+-----------+-----+-----------+
    |Total        | 112|         24|  128|        384|
    +-------------+----+-----------+-----+-----------+

    * Register: 
    +--------------------------------+----+----+-----+-----------+
    |              Name              | FF | LUT| Bits| Const Bits|
    +--------------------------------+----+----+-----+-----------+
    |add_ln23_16_reg_924             |  29|   0|   29|          0|
    |ap_ce_reg                       |   1|   0|    1|          0|
    |ap_return_0_int_reg             |  16|   0|   16|          0|
    |ap_return_1_int_reg             |  16|   0|   16|          0|
    |ap_return_2_int_reg             |  16|   0|   16|          0|
    |ap_return_3_int_reg             |  16|   0|   16|          0|
    |ap_return_4_int_reg             |  16|   0|   16|          0|
    |ap_return_5_int_reg             |  16|   0|   16|          0|
    |ap_return_6_int_reg             |  16|   0|   16|          0|
    |ap_return_7_int_reg             |  16|   0|   16|          0|
    |p_read1_int_reg                 |  16|   0|   16|          0|
    |p_read21_reg_798                |  16|   0|   16|          0|
    |p_read2_int_reg                 |  16|   0|   16|          0|
    |p_read3_int_reg                 |  16|   0|   16|          0|
    |p_read4_int_reg                 |  16|   0|   16|          0|
    |p_read5_int_reg                 |  16|   0|   16|          0|
    |p_read6_int_reg                 |  16|   0|   16|          0|
    |p_read7_int_reg                 |  16|   0|   16|          0|
    |p_read_1_reg_751                |  16|   0|   16|          0|
    |p_read_2_reg_758                |  16|   0|   16|          0|
    |p_read_3_reg_766                |  16|   0|   16|          0|
    |p_read_4_reg_773                |  16|   0|   16|          0|
    |p_read_5_reg_778                |  16|   0|   16|          0|
    |p_read_5_reg_778_pp0_iter1_reg  |  16|   0|   16|          0|
    |p_read_6_reg_784                |  16|   0|   16|          0|
    |p_read_7_reg_791                |  16|   0|   16|          0|
    |p_read_int_reg                  |  16|   0|   16|          0|
    |sext_ln21_11_reg_833            |  29|   0|   29|          0|
    |sext_ln21_12_reg_844            |  29|   0|   29|          0|
    |sext_ln21_14_reg_856            |  29|   0|   29|          0|
    |sext_ln21_15_reg_815            |  29|   0|   29|          0|
    |sext_ln21_reg_804               |  17|   0|   17|          0|
    |trunc_ln23_4_reg_868            |  16|   0|   16|          0|
    |trunc_ln_reg_839                |  16|   0|   16|          0|
    |p_read_2_reg_758                |  64|  32|   16|          0|
    |sext_ln21_15_reg_815            |  64|  32|   29|          0|
    |trunc_ln23_4_reg_868            |  64|  32|   16|          0|
    |trunc_ln_reg_839                |  64|  32|   16|          0|
    +--------------------------------+----+----+-----+-----------+
    |Total                           | 851| 128|  672|          0|
    +--------------------------------+----+----+-----+-----------+



================================================================
== Interface
================================================================
* Summary: 
+-------------+-----+-----+------------+--------------+--------------+
|  RTL Ports  | Dir | Bits|  Protocol  | Source Object|    C Type    |
+-------------+-----+-----+------------+--------------+--------------+
|ap_clk       |   in|    1|  ap_ctrl_hs|        dct_1d|  return value|
|ap_rst       |   in|    1|  ap_ctrl_hs|        dct_1d|  return value|
|ap_return_0  |  out|   16|  ap_ctrl_hs|        dct_1d|  return value|
|ap_return_1  |  out|   16|  ap_ctrl_hs|        dct_1d|  return value|
|ap_return_2  |  out|   16|  ap_ctrl_hs|        dct_1d|  return value|
|ap_return_3  |  out|   16|  ap_ctrl_hs|        dct_1d|  return value|
|ap_return_4  |  out|   16|  ap_ctrl_hs|        dct_1d|  return value|
|ap_return_5  |  out|   16|  ap_ctrl_hs|        dct_1d|  return value|
|ap_return_6  |  out|   16|  ap_ctrl_hs|        dct_1d|  return value|
|ap_return_7  |  out|   16|  ap_ctrl_hs|        dct_1d|  return value|
|ap_ce        |   in|    1|  ap_ctrl_hs|        dct_1d|  return value|
|p_read       |   in|   16|     ap_none|        p_read|        scalar|
|p_read1      |   in|   16|     ap_none|       p_read1|        scalar|
|p_read2      |   in|   16|     ap_none|       p_read2|        scalar|
|p_read3      |   in|   16|     ap_none|       p_read3|        scalar|
|p_read4      |   in|   16|     ap_none|       p_read4|        scalar|
|p_read5      |   in|   16|     ap_none|       p_read5|        scalar|
|p_read6      |   in|   16|     ap_none|       p_read6|        scalar|
|p_read7      |   in|   16|     ap_none|       p_read7|        scalar|
+-------------+-----+-----+------------+--------------+--------------+

============================================================
+ Verbose Summary: Synthesis Manager
============================================================
InlineROM: 1
ExposeGlobal: 0
============================================================
+ Verbose Summary: CDFG Model
============================================================
IsTopModel: 0
ResetActiveHigh: 1
IsCombinational: 2
IsDatapathOnly: 1
HasWiredReturn: 1
HasMFsm: 2
HasVarLatency: 0
IsPipeline: 1
IsRtlPipelined: 1
IsInstanceOverlapped: 1
IsDontTouch: 0
HasImplIP: 0
IsGatedGlobalClock: 0

+ Individual pipeline summary: 
  * Pipeline-0: initiation interval (II) = 1, depth = 5


============================================================
+ Verbose Summary: Schedule
============================================================
* Number of FSM states : 5
* Pipeline : 1
  Pipeline-0 : II = 1, D = 5, States = { 1 2 3 4 5 }
* Dataflow Pipeline: 0

* FSM state transitions: 
1 --> 2 
2 --> 3 
3 --> 4 
4 --> 5 
5 --> 

* FSM state operations: 

State 1 <SV = 0> <Delay = 2.69>
ST_1 : Operation 6 [1/1] (0.00ns)   --->   "%p_read_1 = read i16 @_ssdm_op_Read.ap_auto.i16, i16 %p_read7" [../dct_ref/dct.cpp:21]   --->   Operation 6 'read' 'p_read_1' <Predicate = true> <Delay = 0.00>
ST_1 : Operation 7 [1/1] (0.00ns)   --->   "%p_read_2 = read i16 @_ssdm_op_Read.ap_auto.i16, i16 %p_read6" [../dct_ref/dct.cpp:21]   --->   Operation 7 'read' 'p_read_2' <Predicate = true> <Delay = 0.00>
ST_1 : Operation 8 [1/1] (0.00ns)   --->   "%p_read_3 = read i16 @_ssdm_op_Read.ap_auto.i16, i16 %p_read5" [../dct_ref/dct.cpp:21]   --->   Operation 8 'read' 'p_read_3' <Predicate = true> <Delay = 0.00>
ST_1 : Operation 9 [1/1] (0.00ns)   --->   "%p_read_4 = read i16 @_ssdm_op_Read.ap_auto.i16, i16 %p_read4" [../dct_ref/dct.cpp:21]   --->   Operation 9 'read' 'p_read_4' <Predicate = true> <Delay = 0.00>
ST_1 : Operation 10 [1/1] (0.00ns)   --->   "%p_read_5 = read i16 @_ssdm_op_Read.ap_auto.i16, i16 %p_read3" [../dct_ref/dct.cpp:21]   --->   Operation 10 'read' 'p_read_5' <Predicate = true> <Delay = 0.00>
ST_1 : Operation 11 [1/1] (0.00ns)   --->   "%p_read_6 = read i16 @_ssdm_op_Read.ap_auto.i16, i16 %p_read2" [../dct_ref/dct.cpp:21]   --->   Operation 11 'read' 'p_read_6' <Predicate = true> <Delay = 0.00>
ST_1 : Operation 12 [1/1] (0.00ns)   --->   "%p_read_7 = read i16 @_ssdm_op_Read.ap_auto.i16, i16 %p_read1" [../dct_ref/dct.cpp:21]   --->   Operation 12 'read' 'p_read_7' <Predicate = true> <Delay = 0.00>
ST_1 : Operation 13 [1/1] (0.00ns)   --->   "%p_read21 = read i16 @_ssdm_op_Read.ap_auto.i16, i16 %p_read" [../dct_ref/dct.cpp:21]   --->   Operation 13 'read' 'p_read21' <Predicate = true> <Delay = 0.00>
ST_1 : Operation 14 [1/1] (0.00ns)   --->   "%sext_ln21 = sext i16 %p_read21" [../dct_ref/dct.cpp:21]   --->   Operation 14 'sext' 'sext_ln21' <Predicate = true> <Delay = 0.00>
ST_1 : Operation 15 [1/1] (0.00ns)   --->   "%sext_ln21_4 = sext i16 %p_read_5" [../dct_ref/dct.cpp:21]   --->   Operation 15 'sext' 'sext_ln21_4' <Predicate = true> <Delay = 0.00>
ST_1 : Operation 16 [1/1] (0.00ns)   --->   "%sext_ln11 = sext i16 %p_read_4" [../dct_ref/dct.cpp:11]   --->   Operation 16 'sext' 'sext_ln11' <Predicate = true> <Delay = 0.00>
ST_1 : Operation 17 [1/1] (0.00ns)   --->   "%sext_ln11_1 = sext i16 %p_read_4" [../dct_ref/dct.cpp:11]   --->   Operation 17 'sext' 'sext_ln11_1' <Predicate = true> <Delay = 0.00>
ST_1 : Operation 18 [1/1] (0.00ns)   --->   "%sext_ln21_10 = sext i16 %p_read_1" [../dct_ref/dct.cpp:21]   --->   Operation 18 'sext' 'sext_ln21_10' <Predicate = true> <Delay = 0.00>
ST_1 : Operation 19 [1/1] (1.69ns) (grouped into DSP with root node add_ln23_8)   --->   "%tmp4 = sub i17 %sext_ln21_4, i17 %sext_ln11_1" [../dct_ref/dct.cpp:21]   --->   Operation 19 'sub' 'tmp4' <Predicate = true> <Delay = 1.69> <CoreInst = "DSP48">   --->   Core 124 'DSP48' <Latency = 3> <II = 1> <Delay = 0.53> <IPBlock> <Opcode : '' 'add' 'sub' 'mul' 'select'> <InPorts = 0> <OutPorts = 1> <Sync> <CReg>
ST_1 : Operation 20 [1/1] (0.00ns) (grouped into DSP with root node add_ln23_8)   --->   "%tmp4_cast = sext i17 %tmp4" [../dct_ref/dct.cpp:21]   --->   Operation 20 'sext' 'tmp4_cast' <Predicate = true> <Delay = 0.00>
ST_1 : Operation 21 [3/3] (0.99ns) (grouped into DSP with root node add_ln23_8)   --->   "%tmp5 = mul i29 %tmp4_cast, i29 2260" [../dct_ref/dct.cpp:21]   --->   Operation 21 'mul' 'tmp5' <Predicate = true> <Delay = 0.99> <CoreInst = "DSP48">   --->   Core 124 'DSP48' <Latency = 3> <II = 1> <Delay = 0.53> <IPBlock> <Opcode : '' 'add' 'sub' 'mul' 'select'> <InPorts = 0> <OutPorts = 1> <Sync> <CReg>
ST_1 : Operation 22 [1/1] (0.85ns)   --->   "%tmp17 = sub i17 %sext_ln21, i17 %sext_ln21_4" [../dct_ref/dct.cpp:21]   --->   Operation 22 'sub' 'tmp17' <Predicate = true> <Delay = 0.85> <CoreInst = "Adder">   --->   Core 1 'Adder' <Latency = 0> <II = 1> <Delay = 0.86> <FuncUnit> <Opcode : 'add' 'sub'> <InPorts = 2> <OutPorts = 1>
ST_1 : Operation 23 [1/1] (0.00ns)   --->   "%tmp17_cast = sext i17 %tmp17" [../dct_ref/dct.cpp:21]   --->   Operation 23 'sext' 'tmp17_cast' <Predicate = true> <Delay = 0.00>
ST_1 : Operation 24 [1/1] (0.00ns) (grouped into TernaryAdder)   --->   "%tmp18 = sub i18 %tmp17_cast, i18 %sext_ln11" [../dct_ref/dct.cpp:21]   --->   Operation 24 'sub' 'tmp18' <Predicate = true> <Delay = 0.00> <CoreInst = "TAddSub">   --->   Core 10 'TAddSub' <Latency = 0> <II = 1> <Delay = 0.36> <IPBlock> <Opcode : '' 'add' 'sub'> <InPorts = 3> <OutPorts = 1> <Sync> <CReg>
ST_1 : Operation 25 [1/1] (0.69ns) (root node of TernaryAdder)   --->   "%tmp19 = add i18 %tmp18, i18 %sext_ln21_10" [../dct_ref/dct.cpp:21]   --->   Operation 25 'add' 'tmp19' <Predicate = true> <Delay = 0.69> <CoreInst = "TAddSub">   --->   Core 10 'TAddSub' <Latency = 0> <II = 1> <Delay = 0.36> <IPBlock> <Opcode : '' 'add' 'sub'> <InPorts = 3> <OutPorts = 1> <Sync> <CReg>
ST_1 : Operation 26 [1/1] (0.00ns)   --->   "%tmp19_cast = sext i18 %tmp19" [../dct_ref/dct.cpp:21]   --->   Operation 26 'sext' 'tmp19_cast' <Predicate = true> <Delay = 0.00>
ST_1 : Operation 27 [3/3] (0.99ns) (grouped into DSP with root node add_ln23_13)   --->   "%mul_ln23_1 = mul i29 %tmp19_cast, i29 10703" [../dct_ref/dct.cpp:23]   --->   Operation 27 'mul' 'mul_ln23_1' <Predicate = true> <Delay = 0.99> <CoreInst = "DSP48">   --->   Core 124 'DSP48' <Latency = 3> <II = 1> <Delay = 0.53> <IPBlock> <Opcode : '' 'add' 'sub' 'mul' 'select'> <InPorts = 0> <OutPorts = 1> <Sync> <CReg>
ST_1 : Operation 28 [1/1] (0.00ns)   --->   "%sext_ln21_15 = sext i16 %p_read_3" [../dct_ref/dct.cpp:21]   --->   Operation 28 'sext' 'sext_ln21_15' <Predicate = true> <Delay = 0.00>
ST_1 : Operation 29 [3/3] (0.99ns) (grouped into DSP with root node add_ln23_14)   --->   "%mul_ln21_4 = mul i29 %sext_ln21_15, i29 11363" [../dct_ref/dct.cpp:21]   --->   Operation 29 'mul' 'mul_ln21_4' <Predicate = true> <Delay = 0.99> <CoreInst = "DSP48">   --->   Core 124 'DSP48' <Latency = 3> <II = 1> <Delay = 0.53> <IPBlock> <Opcode : '' 'add' 'sub' 'mul' 'select'> <InPorts = 0> <OutPorts = 1> <Sync> <CReg>
ST_1 : Operation 30 [1/1] (1.69ns) (grouped into DSP with root node add_ln23_16)   --->   "%tmp22 = sub i17 %sext_ln11_1, i17 %sext_ln21_4" [../dct_ref/dct.cpp:11]   --->   Operation 30 'sub' 'tmp22' <Predicate = true> <Delay = 1.69> <CoreInst = "DSP48">   --->   Core 124 'DSP48' <Latency = 3> <II = 1> <Delay = 0.53> <IPBlock> <Opcode : '' 'add' 'sub' 'mul' 'select'> <InPorts = 0> <OutPorts = 1> <Sync> <CReg>
ST_1 : Operation 31 [1/1] (0.00ns) (grouped into DSP with root node add_ln23_16)   --->   "%tmp22_cast = sext i17 %tmp22" [../dct_ref/dct.cpp:11]   --->   Operation 31 'sext' 'tmp22_cast' <Predicate = true> <Delay = 0.00>
ST_1 : Operation 32 [3/3] (0.99ns) (grouped into DSP with root node add_ln23_16)   --->   "%tmp23 = mul i29 %tmp22_cast, i29 6436" [../dct_ref/dct.cpp:11]   --->   Operation 32 'mul' 'tmp23' <Predicate = true> <Delay = 0.99> <CoreInst = "DSP48">   --->   Core 124 'DSP48' <Latency = 3> <II = 1> <Delay = 0.53> <IPBlock> <Opcode : '' 'add' 'sub' 'mul' 'select'> <InPorts = 0> <OutPorts = 1> <Sync> <CReg>
ST_1 : Operation 33 [1/1] (0.00ns)   --->   "%sext_ln21_17 = sext i16 %p_read_4" [../dct_ref/dct.cpp:21]   --->   Operation 33 'sext' 'sext_ln21_17' <Predicate = true> <Delay = 0.00>
ST_1 : Operation 34 [3/3] (0.99ns) (grouped into DSP with root node add_ln23_19)   --->   "%mul_ln21_8 = mul i29 %sext_ln21_17, i29 536861280" [../dct_ref/dct.cpp:21]   --->   Operation 34 'mul' 'mul_ln21_8' <Predicate = true> <Delay = 0.99> <CoreInst = "DSP48">   --->   Core 124 'DSP48' <Latency = 3> <II = 1> <Delay = 0.53> <IPBlock> <Opcode : '' 'add' 'sub' 'mul' 'select'> <InPorts = 0> <OutPorts = 1> <Sync> <CReg>
ST_1 : Operation 35 [3/3] (0.99ns) (grouped into DSP with root node add_ln23_24)   --->   "%mul_ln23_4 = mul i29 %tmp19_cast, i29 4433" [../dct_ref/dct.cpp:23]   --->   Operation 35 'mul' 'mul_ln23_4' <Predicate = true> <Delay = 0.99> <CoreInst = "DSP48">   --->   Core 124 'DSP48' <Latency = 3> <II = 1> <Delay = 0.53> <IPBlock> <Opcode : '' 'add' 'sub' 'mul' 'select'> <InPorts = 0> <OutPorts = 1> <Sync> <CReg>
ST_1 : Operation 36 [3/3] (0.99ns) (grouped into DSP with root node add_ln23_25)   --->   "%mul_ln21_12 = mul i29 %sext_ln21_17, i29 11363" [../dct_ref/dct.cpp:21]   --->   Operation 36 'mul' 'mul_ln21_12' <Predicate = true> <Delay = 0.99> <CoreInst = "DSP48">   --->   Core 124 'DSP48' <Latency = 3> <II = 1> <Delay = 0.53> <IPBlock> <Opcode : '' 'add' 'sub' 'mul' 'select'> <InPorts = 0> <OutPorts = 1> <Sync> <CReg>

State 2 <SV = 1> <Delay = 4.40>
ST_2 : Operation 37 [1/1] (0.00ns)   --->   "%sext_ln21_1 = sext i16 %p_read21" [../dct_ref/dct.cpp:21]   --->   Operation 37 'sext' 'sext_ln21_1' <Predicate = true> <Delay = 0.00>
ST_2 : Operation 38 [1/1] (0.00ns)   --->   "%sext_ln21_2 = sext i16 %p_read_7" [../dct_ref/dct.cpp:21]   --->   Operation 38 'sext' 'sext_ln21_2' <Predicate = true> <Delay = 0.00>
ST_2 : Operation 39 [1/1] (0.00ns)   --->   "%sext_ln21_3 = sext i16 %p_read_6" [../dct_ref/dct.cpp:21]   --->   Operation 39 'sext' 'sext_ln21_3' <Predicate = true> <Delay = 0.00>
ST_2 : Operation 40 [1/1] (0.00ns)   --->   "%sext_ln21_5 = sext i16 %p_read_3" [../dct_ref/dct.cpp:21]   --->   Operation 40 'sext' 'sext_ln21_5' <Predicate = true> <Delay = 0.00>
ST_2 : Operation 41 [1/1] (0.00ns)   --->   "%sext_ln21_6 = sext i16 %p_read_3" [../dct_ref/dct.cpp:21]   --->   Operation 41 'sext' 'sext_ln21_6' <Predicate = true> <Delay = 0.00>
ST_2 : Operation 42 [1/1] (0.00ns)   --->   "%sext_ln21_7 = sext i16 %p_read_2" [../dct_ref/dct.cpp:21]   --->   Operation 42 'sext' 'sext_ln21_7' <Predicate = true> <Delay = 0.00>
ST_2 : Operation 43 [1/1] (0.00ns)   --->   "%sext_ln21_8 = sext i16 %p_read_2" [../dct_ref/dct.cpp:21]   --->   Operation 43 'sext' 'sext_ln21_8' <Predicate = true> <Delay = 0.00>
ST_2 : Operation 44 [1/1] (0.00ns)   --->   "%sext_ln21_9 = sext i16 %p_read_1" [../dct_ref/dct.cpp:21]   --->   Operation 44 'sext' 'sext_ln21_9' <Predicate = true> <Delay = 0.00>
ST_2 : Operation 45 [1/1] (0.00ns)   --->   "%sext_ln21_11 = sext i16 %p_read_1" [../dct_ref/dct.cpp:21]   --->   Operation 45 'sext' 'sext_ln21_11' <Predicate = true> <Delay = 0.00>
ST_2 : Operation 46 [1/1] (0.00ns)   --->   "%shl_ln = bitconcatenate i29 @_ssdm_op_BitConcatenate.i29.i16.i13, i16 %p_read_1, i13 0" [../dct_ref/dct.cpp:21]   --->   Operation 46 'bitconcatenate' 'shl_ln' <Predicate = true> <Delay = 0.00>
ST_2 : Operation 47 [1/1] (0.85ns)   --->   "%tmp = add i16 %p_read_6, i16 %p_read_7" [../dct_ref/dct.cpp:21]   --->   Operation 47 'add' 'tmp' <Predicate = true> <Delay = 0.85> <CoreInst = "Adder">   --->   Core 1 'Adder' <Latency = 0> <II = 1> <Delay = 0.85> <FuncUnit> <Opcode : 'add' 'sub'> <InPorts = 2> <OutPorts = 1>
ST_2 : Operation 48 [1/1] (0.00ns) (grouped into TernaryAdder)   --->   "%tmp1 = add i16 %p_read_3, i16 %p_read_2" [../dct_ref/dct.cpp:21]   --->   Operation 48 'add' 'tmp1' <Predicate = true> <Delay = 0.00> <CoreInst = "TAddSub">   --->   Core 10 'TAddSub' <Latency = 0> <II = 1> <Delay = 0.36> <IPBlock> <Opcode : '' 'add' 'sub'> <InPorts = 3> <OutPorts = 1> <Sync> <CReg>
ST_2 : Operation 49 [1/1] (0.68ns) (root node of TernaryAdder)   --->   "%tmp218 = add i16 %tmp1, i16 %tmp" [../dct_ref/dct.cpp:21]   --->   Operation 49 'add' 'tmp218' <Predicate = true> <Delay = 0.68> <CoreInst = "TAddSub">   --->   Core 10 'TAddSub' <Latency = 0> <II = 1> <Delay = 0.36> <IPBlock> <Opcode : '' 'add' 'sub'> <InPorts = 3> <OutPorts = 1> <Sync> <CReg>
ST_2 : Operation 50 [1/1] (0.00ns)   --->   "%tmp3 = bitconcatenate i29 @_ssdm_op_BitConcatenate.i29.i16.i13, i16 %tmp218, i13 0" [../dct_ref/dct.cpp:21]   --->   Operation 50 'bitconcatenate' 'tmp3' <Predicate = true> <Delay = 0.00>
ST_2 : Operation 51 [1/1] (0.00ns)   --->   "%tmp_1 = bitconcatenate i29 @_ssdm_op_BitConcatenate.i29.i16.i13, i16 %p_read21, i13 4096" [../dct_ref/dct.cpp:21]   --->   Operation 51 'bitconcatenate' 'tmp_1' <Predicate = true> <Delay = 0.00>
ST_2 : Operation 52 [1/1] (0.85ns)   --->   "%tmp5716 = add i16 %p_read_4, i16 %p_read_5" [../dct_ref/dct.cpp:21]   --->   Operation 52 'add' 'tmp5716' <Predicate = true> <Delay = 0.85> <CoreInst = "Adder">   --->   Core 1 'Adder' <Latency = 0> <II = 1> <Delay = 0.85> <FuncUnit> <Opcode : 'add' 'sub'> <InPorts = 2> <OutPorts = 1>
ST_2 : Operation 53 [1/1] (0.00ns)   --->   "%tmp6 = bitconcatenate i29 @_ssdm_op_BitConcatenate.i29.i16.i13, i16 %tmp5716, i13 0" [../dct_ref/dct.cpp:21]   --->   Operation 53 'bitconcatenate' 'tmp6' <Predicate = true> <Delay = 0.00>
ST_2 : Operation 54 [1/1] (0.00ns) (grouped into TernaryAdder)   --->   "%add_ln21 = add i29 %tmp_1, i29 %shl_ln" [../dct_ref/dct.cpp:21]   --->   Operation 54 'add' 'add_ln21' <Predicate = true> <Delay = 0.00> <CoreInst = "TAddSub">   --->   Core 10 'TAddSub' <Latency = 0> <II = 1> <Delay = 0.36> <IPBlock> <Opcode : '' 'add' 'sub'> <InPorts = 3> <OutPorts = 1> <Sync> <CReg>
ST_2 : Operation 55 [1/1] (0.72ns) (root node of TernaryAdder)   --->   "%tmp_3 = add i29 %add_ln21, i29 %tmp6" [../dct_ref/dct.cpp:21]   --->   Operation 55 'add' 'tmp_3' <Predicate = true> <Delay = 0.72> <CoreInst = "TAddSub">   --->   Core 10 'TAddSub' <Latency = 0> <II = 1> <Delay = 0.36> <IPBlock> <Opcode : '' 'add' 'sub'> <InPorts = 3> <OutPorts = 1> <Sync> <CReg>
ST_2 : Operation 56 [1/1] (0.98ns)   --->   "%add_ln23 = add i29 %tmp_3, i29 %tmp3" [../dct_ref/dct.cpp:23]   --->   Operation 56 'add' 'add_ln23' <Predicate = true> <Delay = 0.98> <CoreInst = "Adder">   --->   Core 1 'Adder' <Latency = 0> <II = 1> <Delay = 0.98> <FuncUnit> <Opcode : 'add' 'sub'> <InPorts = 2> <OutPorts = 1>
ST_2 : Operation 57 [1/1] (0.00ns)   --->   "%trunc_ln = partselect i16 @_ssdm_op_PartSelect.i16.i29.i32.i32, i29 %add_ln23, i32 13, i32 28" [../dct_ref/dct.cpp:23]   --->   Operation 57 'partselect' 'trunc_ln' <Predicate = true> <Delay = 0.00>
ST_2 : Operation 58 [3/3] (0.99ns) (grouped into DSP with root node add_ln23_9)   --->   "%mul_ln11 = mul i29 %sext_ln21_1, i29 11363" [../dct_ref/dct.cpp:11]   --->   Operation 58 'mul' 'mul_ln11' <Predicate = true> <Delay = 0.99> <CoreInst = "DSP48">   --->   Core 124 'DSP48' <Latency = 3> <II = 1> <Delay = 0.53> <IPBlock> <Opcode : '' 'add' 'sub' 'mul' 'select'> <InPorts = 0> <OutPorts = 1> <Sync> <CReg>
ST_2 : Operation 59 [1/1] (0.00ns)   --->   "%sext_ln21_12 = sext i16 %p_read_7" [../dct_ref/dct.cpp:21]   --->   Operation 59 'sext' 'sext_ln21_12' <Predicate = true> <Delay = 0.00>
ST_2 : Operation 60 [3/3] (0.99ns) (grouped into DSP with root node add_ln23_11)   --->   "%mul_ln21_2 = mul i29 %sext_ln21_11, i29 536859550" [../dct_ref/dct.cpp:21]   --->   Operation 60 'mul' 'mul_ln21_2' <Predicate = true> <Delay = 0.99> <CoreInst = "DSP48">   --->   Core 124 'DSP48' <Latency = 3> <II = 1> <Delay = 0.53> <IPBlock> <Opcode : '' 'add' 'sub' 'mul' 'select'> <InPorts = 0> <OutPorts = 1> <Sync> <CReg>
ST_2 : Operation 61 [2/3] (0.99ns) (grouped into DSP with root node add_ln23_8)   --->   "%tmp5 = mul i29 %tmp4_cast, i29 2260" [../dct_ref/dct.cpp:21]   --->   Operation 61 'mul' 'tmp5' <Predicate = true> <Delay = 0.99> <CoreInst = "DSP48">   --->   Core 124 'DSP48' <Latency = 3> <II = 1> <Delay = 0.53> <IPBlock> <Opcode : '' 'add' 'sub' 'mul' 'select'> <InPorts = 0> <OutPorts = 1> <Sync> <CReg>
ST_2 : Operation 62 [1/1] (0.85ns)   --->   "%tmp7 = sub i17 %sext_ln21_3, i17 %sext_ln21_6" [../dct_ref/dct.cpp:21]   --->   Operation 62 'sub' 'tmp7' <Predicate = true> <Delay = 0.85> <CoreInst = "Adder">   --->   Core 1 'Adder' <Latency = 0> <II = 1> <Delay = 0.86> <FuncUnit> <Opcode : 'add' 'sub'> <InPorts = 2> <OutPorts = 1>
ST_2 : Operation 63 [1/1] (0.00ns)   --->   "%tmp7_cast70 = sext i17 %tmp7" [../dct_ref/dct.cpp:21]   --->   Operation 63 'sext' 'tmp7_cast70' <Predicate = true> <Delay = 0.00>
ST_2 : Operation 64 [3/3] (0.99ns) (grouped into DSP with root node add_ln23_10)   --->   "%mul_ln23 = mul i29 %tmp7_cast70, i29 6436" [../dct_ref/dct.cpp:23]   --->   Operation 64 'mul' 'mul_ln23' <Predicate = true> <Delay = 0.99> <CoreInst = "DSP48">   --->   Core 124 'DSP48' <Latency = 3> <II = 1> <Delay = 0.53> <IPBlock> <Opcode : '' 'add' 'sub' 'mul' 'select'> <InPorts = 0> <OutPorts = 1> <Sync> <CReg>
ST_2 : Operation 65 [1/1] (0.85ns)   --->   "%tmp11 = sub i17 %sext_ln21_2, i17 %sext_ln21_3" [../dct_ref/dct.cpp:21]   --->   Operation 65 'sub' 'tmp11' <Predicate = true> <Delay = 0.85> <CoreInst = "Adder">   --->   Core 1 'Adder' <Latency = 0> <II = 1> <Delay = 0.86> <FuncUnit> <Opcode : 'add' 'sub'> <InPorts = 2> <OutPorts = 1>
ST_2 : Operation 66 [1/1] (0.00ns)   --->   "%tmp11_cast = sext i17 %tmp11" [../dct_ref/dct.cpp:21]   --->   Operation 66 'sext' 'tmp11_cast' <Predicate = true> <Delay = 0.00>
ST_2 : Operation 67 [1/1] (0.86ns)   --->   "%tmp12 = sub i18 %tmp11_cast, i18 %sext_ln21_5" [../dct_ref/dct.cpp:21]   --->   Operation 67 'sub' 'tmp12' <Predicate = true> <Delay = 0.86> <CoreInst = "Adder">   --->   Core 1 'Adder' <Latency = 0> <II = 1> <Delay = 0.87> <FuncUnit> <Opcode : 'add' 'sub'> <InPorts = 2> <OutPorts = 1>
ST_2 : Operation 68 [1/1] (1.69ns) (grouped into DSP with root node add_ln23_2)   --->   "%tmp13 = add i18 %tmp12, i18 %sext_ln21_8" [../dct_ref/dct.cpp:21]   --->   Operation 68 'add' 'tmp13' <Predicate = true> <Delay = 1.69> <CoreInst = "DSP48">   --->   Core 124 'DSP48' <Latency = 3> <II = 1> <Delay = 0.53> <IPBlock> <Opcode : '' 'add' 'sub' 'mul' 'select'> <InPorts = 0> <OutPorts = 1> <Sync> <CReg>
ST_2 : Operation 69 [1/1] (0.00ns) (grouped into DSP with root node add_ln23_2)   --->   "%tmp13_cast = sext i18 %tmp13" [../dct_ref/dct.cpp:21]   --->   Operation 69 'sext' 'tmp13_cast' <Predicate = true> <Delay = 0.00>
ST_2 : Operation 70 [3/3] (0.99ns) (grouped into DSP with root node add_ln23_2)   --->   "%tmp14 = mul i29 %tmp13_cast, i29 4433" [../dct_ref/dct.cpp:21]   --->   Operation 70 'mul' 'tmp14' <Predicate = true> <Delay = 0.99> <CoreInst = "DSP48">   --->   Core 124 'DSP48' <Latency = 3> <II = 1> <Delay = 0.53> <IPBlock> <Opcode : '' 'add' 'sub' 'mul' 'select'> <InPorts = 0> <OutPorts = 1> <Sync> <CReg>
ST_2 : Operation 71 [2/3] (0.99ns) (grouped into DSP with root node add_ln23_13)   --->   "%mul_ln23_1 = mul i29 %tmp19_cast, i29 10703" [../dct_ref/dct.cpp:23]   --->   Operation 71 'mul' 'mul_ln23_1' <Predicate = true> <Delay = 0.99> <CoreInst = "DSP48">   --->   Core 124 'DSP48' <Latency = 3> <II = 1> <Delay = 0.53> <IPBlock> <Opcode : '' 'add' 'sub' 'mul' 'select'> <InPorts = 0> <OutPorts = 1> <Sync> <CReg>
ST_2 : Operation 72 [3/3] (0.99ns) (grouped into DSP with root node add_ln23_15)   --->   "%mul_ln11_1 = mul i29 %sext_ln21_1, i29 9633" [../dct_ref/dct.cpp:11]   --->   Operation 72 'mul' 'mul_ln11_1' <Predicate = true> <Delay = 0.99> <CoreInst = "DSP48">   --->   Core 124 'DSP48' <Latency = 3> <II = 1> <Delay = 0.53> <IPBlock> <Opcode : '' 'add' 'sub' 'mul' 'select'> <InPorts = 0> <OutPorts = 1> <Sync> <CReg>
ST_2 : Operation 73 [1/1] (0.00ns)   --->   "%sext_ln21_14 = sext i16 %p_read_6" [../dct_ref/dct.cpp:21]   --->   Operation 73 'sext' 'sext_ln21_14' <Predicate = true> <Delay = 0.00>
ST_2 : Operation 74 [2/3] (0.99ns) (grouped into DSP with root node add_ln23_14)   --->   "%mul_ln21_4 = mul i29 %sext_ln21_15, i29 11363" [../dct_ref/dct.cpp:21]   --->   Operation 74 'mul' 'mul_ln21_4' <Predicate = true> <Delay = 0.99> <CoreInst = "DSP48">   --->   Core 124 'DSP48' <Latency = 3> <II = 1> <Delay = 0.53> <IPBlock> <Opcode : '' 'add' 'sub' 'mul' 'select'> <InPorts = 0> <OutPorts = 1> <Sync> <CReg>
ST_2 : Operation 75 [2/3] (0.99ns) (grouped into DSP with root node add_ln23_16)   --->   "%tmp23 = mul i29 %tmp22_cast, i29 6436" [../dct_ref/dct.cpp:11]   --->   Operation 75 'mul' 'tmp23' <Predicate = true> <Delay = 0.99> <CoreInst = "DSP48">   --->   Core 124 'DSP48' <Latency = 3> <II = 1> <Delay = 0.53> <IPBlock> <Opcode : '' 'add' 'sub' 'mul' 'select'> <InPorts = 0> <OutPorts = 1> <Sync> <CReg>
ST_2 : Operation 76 [1/1] (0.85ns)   --->   "%tmp25 = sub i17 %sext_ln21_7, i17 %sext_ln21_2" [../dct_ref/dct.cpp:21]   --->   Operation 76 'sub' 'tmp25' <Predicate = true> <Delay = 0.85> <CoreInst = "Adder">   --->   Core 1 'Adder' <Latency = 0> <II = 1> <Delay = 0.86> <FuncUnit> <Opcode : 'add' 'sub'> <InPorts = 2> <OutPorts = 1>
ST_2 : Operation 77 [1/1] (0.00ns)   --->   "%tmp25_cast72 = sext i17 %tmp25" [../dct_ref/dct.cpp:21]   --->   Operation 77 'sext' 'tmp25_cast72' <Predicate = true> <Delay = 0.00>
ST_2 : Operation 78 [3/3] (0.99ns) (grouped into DSP with root node add_ln23_17)   --->   "%mul_ln23_2 = mul i29 %tmp25_cast72, i29 2260" [../dct_ref/dct.cpp:23]   --->   Operation 78 'mul' 'mul_ln23_2' <Predicate = true> <Delay = 0.99> <CoreInst = "DSP48">   --->   Core 124 'DSP48' <Latency = 3> <II = 1> <Delay = 0.53> <IPBlock> <Opcode : '' 'add' 'sub' 'mul' 'select'> <InPorts = 0> <OutPorts = 1> <Sync> <CReg>
ST_2 : Operation 79 [1/1] (0.85ns)   --->   "%tmp27 = add i17 %sext_ln21_7, i17 %sext_ln21_6" [../dct_ref/dct.cpp:21]   --->   Operation 79 'add' 'tmp27' <Predicate = true> <Delay = 0.85> <CoreInst = "Adder">   --->   Core 1 'Adder' <Latency = 0> <II = 1> <Delay = 0.86> <FuncUnit> <Opcode : 'add' 'sub'> <InPorts = 2> <OutPorts = 1>
ST_2 : Operation 80 [1/1] (0.00ns)   --->   "%tmp27_cast = sext i17 %tmp27" [../dct_ref/dct.cpp:21]   --->   Operation 80 'sext' 'tmp27_cast' <Predicate = true> <Delay = 0.00>
ST_2 : Operation 81 [1/1] (0.00ns)   --->   "%empty = trunc i17 %tmp27" [../dct_ref/dct.cpp:21]   --->   Operation 81 'trunc' 'empty' <Predicate = true> <Delay = 0.00>
ST_2 : Operation 82 [1/1] (0.00ns)   --->   "%p_shl1 = bitconcatenate i29 @_ssdm_op_BitConcatenate.i29.i16.i13, i16 %empty, i13 0" [../dct_ref/dct.cpp:21]   --->   Operation 82 'bitconcatenate' 'p_shl1' <Predicate = true> <Delay = 0.00>
ST_2 : Operation 83 [1/1] (0.00ns) (grouped into TernaryAdder)   --->   "%tmp28 = sub i29 %tmp27_cast, i29 %p_shl1" [../dct_ref/dct.cpp:21]   --->   Operation 83 'sub' 'tmp28' <Predicate = true> <Delay = 0.00> <CoreInst = "TAddSub">   --->   Core 10 'TAddSub' <Latency = 0> <II = 1> <Delay = 0.36> <IPBlock> <Opcode : '' 'add' 'sub'> <InPorts = 3> <OutPorts = 1> <Sync> <CReg>
ST_2 : Operation 84 [1/1] (0.00ns)   --->   "%p_shl = bitconcatenate i29 @_ssdm_op_BitConcatenate.i29.i16.i13, i16 %tmp, i13 0" [../dct_ref/dct.cpp:23]   --->   Operation 84 'bitconcatenate' 'p_shl' <Predicate = true> <Delay = 0.00>
ST_2 : Operation 85 [1/1] (0.98ns)   --->   "%sub_ln23 = sub i29 %tmp_3, i29 %p_shl" [../dct_ref/dct.cpp:23]   --->   Operation 85 'sub' 'sub_ln23' <Predicate = true> <Delay = 0.98> <CoreInst = "Adder">   --->   Core 1 'Adder' <Latency = 0> <II = 1> <Delay = 0.98> <FuncUnit> <Opcode : 'add' 'sub'> <InPorts = 2> <OutPorts = 1>
ST_2 : Operation 86 [1/1] (0.72ns) (root node of TernaryAdder)   --->   "%add_ln23_4 = add i29 %sub_ln23, i29 %tmp28" [../dct_ref/dct.cpp:23]   --->   Operation 86 'add' 'add_ln23_4' <Predicate = true> <Delay = 0.72> <CoreInst = "TAddSub">   --->   Core 10 'TAddSub' <Latency = 0> <II = 1> <Delay = 0.36> <IPBlock> <Opcode : '' 'add' 'sub'> <InPorts = 3> <OutPorts = 1> <Sync> <CReg>
ST_2 : Operation 87 [1/1] (0.00ns)   --->   "%trunc_ln23_4 = partselect i16 @_ssdm_op_PartSelect.i16.i29.i32.i32, i29 %add_ln23_4, i32 13, i32 28" [../dct_ref/dct.cpp:23]   --->   Operation 87 'partselect' 'trunc_ln23_4' <Predicate = true> <Delay = 0.00>
ST_2 : Operation 88 [3/3] (0.99ns) (grouped into DSP with root node add_ln23_20)   --->   "%mul_ln21_6 = mul i29 %sext_ln21_12, i29 536859550" [../dct_ref/dct.cpp:21]   --->   Operation 88 'mul' 'mul_ln21_6' <Predicate = true> <Delay = 0.99> <CoreInst = "DSP48">   --->   Core 124 'DSP48' <Latency = 3> <II = 1> <Delay = 0.53> <IPBlock> <Opcode : '' 'add' 'sub' 'mul' 'select'> <InPorts = 0> <OutPorts = 1> <Sync> <CReg>
ST_2 : Operation 89 [2/3] (0.99ns) (grouped into DSP with root node add_ln23_19)   --->   "%mul_ln21_8 = mul i29 %sext_ln21_17, i29 536861280" [../dct_ref/dct.cpp:21]   --->   Operation 89 'mul' 'mul_ln21_8' <Predicate = true> <Delay = 0.99> <CoreInst = "DSP48">   --->   Core 124 'DSP48' <Latency = 3> <II = 1> <Delay = 0.53> <IPBlock> <Opcode : '' 'add' 'sub' 'mul' 'select'> <InPorts = 0> <OutPorts = 1> <Sync> <CReg>
ST_2 : Operation 90 [3/3] (0.99ns) (grouped into DSP with root node add_ln23_21)   --->   "%tmp33 = mul i29 %tmp7_cast70, i29 2260" [../dct_ref/dct.cpp:21]   --->   Operation 90 'mul' 'tmp33' <Predicate = true> <Delay = 0.99> <CoreInst = "DSP48">   --->   Core 124 'DSP48' <Latency = 3> <II = 1> <Delay = 0.53> <IPBlock> <Opcode : '' 'add' 'sub' 'mul' 'select'> <InPorts = 0> <OutPorts = 1> <Sync> <CReg>
ST_2 : Operation 91 [1/1] (0.85ns)   --->   "%tmp35 = sub i17 %sext_ln21, i17 %sext_ln21_9" [../dct_ref/dct.cpp:21]   --->   Operation 91 'sub' 'tmp35' <Predicate = true> <Delay = 0.85> <CoreInst = "Adder">   --->   Core 1 'Adder' <Latency = 0> <II = 1> <Delay = 0.86> <FuncUnit> <Opcode : 'add' 'sub'> <InPorts = 2> <OutPorts = 1>
ST_2 : Operation 92 [1/1] (0.00ns)   --->   "%sext_ln23 = sext i17 %tmp35" [../dct_ref/dct.cpp:23]   --->   Operation 92 'sext' 'sext_ln23' <Predicate = true> <Delay = 0.00>
ST_2 : Operation 93 [3/3] (0.99ns) (grouped into DSP with root node add_ln23_22)   --->   "%mul_ln23_3 = mul i29 %sext_ln23, i29 6436" [../dct_ref/dct.cpp:23]   --->   Operation 93 'mul' 'mul_ln23_3' <Predicate = true> <Delay = 0.99> <CoreInst = "DSP48">   --->   Core 124 'DSP48' <Latency = 3> <II = 1> <Delay = 0.53> <IPBlock> <Opcode : '' 'add' 'sub' 'mul' 'select'> <InPorts = 0> <OutPorts = 1> <Sync> <CReg>
ST_2 : Operation 94 [1/1] (0.85ns)   --->   "%tmp39 = sub i17 %sext_ln21_3, i17 %sext_ln21_2" [../dct_ref/dct.cpp:21]   --->   Operation 94 'sub' 'tmp39' <Predicate = true> <Delay = 0.85> <CoreInst = "Adder">   --->   Core 1 'Adder' <Latency = 0> <II = 1> <Delay = 0.86> <FuncUnit> <Opcode : 'add' 'sub'> <InPorts = 2> <OutPorts = 1>
ST_2 : Operation 95 [1/1] (0.00ns)   --->   "%tmp39_cast = sext i17 %tmp39" [../dct_ref/dct.cpp:21]   --->   Operation 95 'sext' 'tmp39_cast' <Predicate = true> <Delay = 0.00>
ST_2 : Operation 96 [1/1] (0.86ns)   --->   "%tmp40 = add i18 %tmp39_cast, i18 %sext_ln21_5" [../dct_ref/dct.cpp:21]   --->   Operation 96 'add' 'tmp40' <Predicate = true> <Delay = 0.86> <CoreInst = "Adder">   --->   Core 1 'Adder' <Latency = 0> <II = 1> <Delay = 0.87> <FuncUnit> <Opcode : 'add' 'sub'> <InPorts = 2> <OutPorts = 1>
ST_2 : Operation 97 [1/1] (1.69ns) (grouped into DSP with root node add_ln23_6)   --->   "%tmp41 = sub i18 %tmp40, i18 %sext_ln21_8" [../dct_ref/dct.cpp:21]   --->   Operation 97 'sub' 'tmp41' <Predicate = true> <Delay = 1.69> <CoreInst = "DSP48">   --->   Core 124 'DSP48' <Latency = 3> <II = 1> <Delay = 0.53> <IPBlock> <Opcode : '' 'add' 'sub' 'mul' 'select'> <InPorts = 0> <OutPorts = 1> <Sync> <CReg>
ST_2 : Operation 98 [1/1] (0.00ns) (grouped into DSP with root node add_ln23_6)   --->   "%tmp41_cast = sext i18 %tmp41" [../dct_ref/dct.cpp:21]   --->   Operation 98 'sext' 'tmp41_cast' <Predicate = true> <Delay = 0.00>
ST_2 : Operation 99 [3/3] (0.99ns) (grouped into DSP with root node add_ln23_6)   --->   "%tmp42 = mul i29 %tmp41_cast, i29 10703" [../dct_ref/dct.cpp:21]   --->   Operation 99 'mul' 'tmp42' <Predicate = true> <Delay = 0.99> <CoreInst = "DSP48">   --->   Core 124 'DSP48' <Latency = 3> <II = 1> <Delay = 0.53> <IPBlock> <Opcode : '' 'add' 'sub' 'mul' 'select'> <InPorts = 0> <OutPorts = 1> <Sync> <CReg>
ST_2 : Operation 100 [2/3] (0.99ns) (grouped into DSP with root node add_ln23_24)   --->   "%mul_ln23_4 = mul i29 %tmp19_cast, i29 4433" [../dct_ref/dct.cpp:23]   --->   Operation 100 'mul' 'mul_ln23_4' <Predicate = true> <Delay = 0.99> <CoreInst = "DSP48">   --->   Core 124 'DSP48' <Latency = 3> <II = 1> <Delay = 0.53> <IPBlock> <Opcode : '' 'add' 'sub' 'mul' 'select'> <InPorts = 0> <OutPorts = 1> <Sync> <CReg>
ST_2 : Operation 101 [3/3] (0.99ns) (grouped into DSP with root node add_ln23_26)   --->   "%mul_ln21_10 = mul i29 %sext_ln21_14, i29 9633" [../dct_ref/dct.cpp:21]   --->   Operation 101 'mul' 'mul_ln21_10' <Predicate = true> <Delay = 0.99> <CoreInst = "DSP48">   --->   Core 124 'DSP48' <Latency = 3> <II = 1> <Delay = 0.53> <IPBlock> <Opcode : '' 'add' 'sub' 'mul' 'select'> <InPorts = 0> <OutPorts = 1> <Sync> <CReg>
ST_2 : Operation 102 [2/3] (0.99ns) (grouped into DSP with root node add_ln23_25)   --->   "%mul_ln21_12 = mul i29 %sext_ln21_17, i29 11363" [../dct_ref/dct.cpp:21]   --->   Operation 102 'mul' 'mul_ln21_12' <Predicate = true> <Delay = 0.99> <CoreInst = "DSP48">   --->   Core 124 'DSP48' <Latency = 3> <II = 1> <Delay = 0.53> <IPBlock> <Opcode : '' 'add' 'sub' 'mul' 'select'> <InPorts = 0> <OutPorts = 1> <Sync> <CReg>
ST_2 : Operation 103 [3/3] (0.99ns) (grouped into DSP with root node add_ln23_27)   --->   "%tmp51 = mul i29 %tmp25_cast72, i29 6436" [../dct_ref/dct.cpp:21]   --->   Operation 103 'mul' 'tmp51' <Predicate = true> <Delay = 0.99> <CoreInst = "DSP48">   --->   Core 124 'DSP48' <Latency = 3> <II = 1> <Delay = 0.53> <IPBlock> <Opcode : '' 'add' 'sub' 'mul' 'select'> <InPorts = 0> <OutPorts = 1> <Sync> <CReg>
ST_2 : Operation 104 [3/3] (0.99ns) (grouped into DSP with root node add_ln23_28)   --->   "%mul_ln23_5 = mul i29 %sext_ln23, i29 2260" [../dct_ref/dct.cpp:23]   --->   Operation 104 'mul' 'mul_ln23_5' <Predicate = true> <Delay = 0.99> <CoreInst = "DSP48">   --->   Core 124 'DSP48' <Latency = 3> <II = 1> <Delay = 0.53> <IPBlock> <Opcode : '' 'add' 'sub' 'mul' 'select'> <InPorts = 0> <OutPorts = 1> <Sync> <CReg>

State 3 <SV = 2> <Delay = 3.02>
ST_3 : Operation 105 [2/3] (0.99ns) (grouped into DSP with root node add_ln23_9)   --->   "%mul_ln11 = mul i29 %sext_ln21_1, i29 11363" [../dct_ref/dct.cpp:11]   --->   Operation 105 'mul' 'mul_ln11' <Predicate = true> <Delay = 0.99> <CoreInst = "DSP48">   --->   Core 124 'DSP48' <Latency = 3> <II = 1> <Delay = 0.53> <IPBlock> <Opcode : '' 'add' 'sub' 'mul' 'select'> <InPorts = 0> <OutPorts = 1> <Sync> <CReg>
ST_3 : Operation 106 [1/1] (2.38ns)   --->   "%mul_ln21 = mul i29 %sext_ln21_12, i29 9633" [../dct_ref/dct.cpp:21]   --->   Operation 106 'mul' 'mul_ln21' <Predicate = true> <Delay = 2.38> <CoreInst = "Multiplier">   --->   Core 3 'Multiplier' <Latency = 0> <II = 1> <Delay = 2.38> <FuncUnit> <Opcode : 'mul'> <InPorts = 2> <OutPorts = 1>
ST_3 : Operation 107 [2/3] (0.99ns) (grouped into DSP with root node add_ln23_11)   --->   "%mul_ln21_2 = mul i29 %sext_ln21_11, i29 536859550" [../dct_ref/dct.cpp:21]   --->   Operation 107 'mul' 'mul_ln21_2' <Predicate = true> <Delay = 0.99> <CoreInst = "DSP48">   --->   Core 124 'DSP48' <Latency = 3> <II = 1> <Delay = 0.53> <IPBlock> <Opcode : '' 'add' 'sub' 'mul' 'select'> <InPorts = 0> <OutPorts = 1> <Sync> <CReg>
ST_3 : Operation 108 [1/3] (0.00ns) (grouped into DSP with root node add_ln23_8)   --->   "%tmp5 = mul i29 %tmp4_cast, i29 2260" [../dct_ref/dct.cpp:21]   --->   Operation 108 'mul' 'tmp5' <Predicate = true> <Delay = 0.00> <CoreInst = "DSP48">   --->   Core 124 'DSP48' <Latency = 3> <II = 1> <Delay = 0.53> <IPBlock> <Opcode : '' 'add' 'sub' 'mul' 'select'> <InPorts = 0> <OutPorts = 1> <Sync> <CReg>
ST_3 : Operation 109 [2/3] (0.99ns) (grouped into DSP with root node add_ln23_10)   --->   "%mul_ln23 = mul i29 %tmp7_cast70, i29 6436" [../dct_ref/dct.cpp:23]   --->   Operation 109 'mul' 'mul_ln23' <Predicate = true> <Delay = 0.99> <CoreInst = "DSP48">   --->   Core 124 'DSP48' <Latency = 3> <II = 1> <Delay = 0.53> <IPBlock> <Opcode : '' 'add' 'sub' 'mul' 'select'> <InPorts = 0> <OutPorts = 1> <Sync> <CReg>
ST_3 : Operation 110 [2/2] (0.64ns) (root node of the DSP)   --->   "%add_ln23_8 = add i29 %mul_ln21, i29 %tmp5" [../dct_ref/dct.cpp:23]   --->   Operation 110 'add' 'add_ln23_8' <Predicate = true> <Delay = 0.64> <CoreInst = "DSP48">   --->   Core 124 'DSP48' <Latency = 3> <II = 1> <Delay = 0.53> <IPBlock> <Opcode : '' 'add' 'sub' 'mul' 'select'> <InPorts = 0> <OutPorts = 1> <Sync> <CReg>
ST_3 : Operation 111 [2/3] (0.99ns) (grouped into DSP with root node add_ln23_2)   --->   "%tmp14 = mul i29 %tmp13_cast, i29 4433" [../dct_ref/dct.cpp:21]   --->   Operation 111 'mul' 'tmp14' <Predicate = true> <Delay = 0.99> <CoreInst = "DSP48">   --->   Core 124 'DSP48' <Latency = 3> <II = 1> <Delay = 0.53> <IPBlock> <Opcode : '' 'add' 'sub' 'mul' 'select'> <InPorts = 0> <OutPorts = 1> <Sync> <CReg>
ST_3 : Operation 112 [1/3] (0.00ns) (grouped into DSP with root node add_ln23_13)   --->   "%mul_ln23_1 = mul i29 %tmp19_cast, i29 10703" [../dct_ref/dct.cpp:23]   --->   Operation 112 'mul' 'mul_ln23_1' <Predicate = true> <Delay = 0.00> <CoreInst = "DSP48">   --->   Core 124 'DSP48' <Latency = 3> <II = 1> <Delay = 0.53> <IPBlock> <Opcode : '' 'add' 'sub' 'mul' 'select'> <InPorts = 0> <OutPorts = 1> <Sync> <CReg>
ST_3 : Operation 113 [2/2] (0.64ns) (root node of the DSP)   --->   "%add_ln23_13 = add i29 %mul_ln23_1, i29 4096" [../dct_ref/dct.cpp:23]   --->   Operation 113 'add' 'add_ln23_13' <Predicate = true> <Delay = 0.64> <CoreInst = "DSP48">   --->   Core 124 'DSP48' <Latency = 3> <II = 1> <Delay = 0.53> <IPBlock> <Opcode : '' 'add' 'sub' 'mul' 'select'> <InPorts = 0> <OutPorts = 1> <Sync> <CReg>
ST_3 : Operation 114 [2/3] (0.99ns) (grouped into DSP with root node add_ln23_15)   --->   "%mul_ln11_1 = mul i29 %sext_ln21_1, i29 9633" [../dct_ref/dct.cpp:11]   --->   Operation 114 'mul' 'mul_ln11_1' <Predicate = true> <Delay = 0.99> <CoreInst = "DSP48">   --->   Core 124 'DSP48' <Latency = 3> <II = 1> <Delay = 0.53> <IPBlock> <Opcode : '' 'add' 'sub' 'mul' 'select'> <InPorts = 0> <OutPorts = 1> <Sync> <CReg>
ST_3 : Operation 115 [1/1] (2.38ns)   --->   "%mul_ln21_3 = mul i29 %sext_ln21_14, i29 536859550" [../dct_ref/dct.cpp:21]   --->   Operation 115 'mul' 'mul_ln21_3' <Predicate = true> <Delay = 2.38> <CoreInst = "Multiplier">   --->   Core 3 'Multiplier' <Latency = 0> <II = 1> <Delay = 2.38> <FuncUnit> <Opcode : 'mul'> <InPorts = 2> <OutPorts = 1>
ST_3 : Operation 116 [1/3] (0.00ns) (grouped into DSP with root node add_ln23_14)   --->   "%mul_ln21_4 = mul i29 %sext_ln21_15, i29 11363" [../dct_ref/dct.cpp:21]   --->   Operation 116 'mul' 'mul_ln21_4' <Predicate = true> <Delay = 0.00> <CoreInst = "DSP48">   --->   Core 124 'DSP48' <Latency = 3> <II = 1> <Delay = 0.53> <IPBlock> <Opcode : '' 'add' 'sub' 'mul' 'select'> <InPorts = 0> <OutPorts = 1> <Sync> <CReg>
ST_3 : Operation 117 [1/1] (2.38ns)   --->   "%mul_ln21_5 = mul i29 %sext_ln21_11, i29 536861280" [../dct_ref/dct.cpp:21]   --->   Operation 117 'mul' 'mul_ln21_5' <Predicate = true> <Delay = 2.38> <CoreInst = "Multiplier">   --->   Core 3 'Multiplier' <Latency = 0> <II = 1> <Delay = 2.38> <FuncUnit> <Opcode : 'mul'> <InPorts = 2> <OutPorts = 1>
ST_3 : Operation 118 [1/3] (0.00ns) (grouped into DSP with root node add_ln23_16)   --->   "%tmp23 = mul i29 %tmp22_cast, i29 6436" [../dct_ref/dct.cpp:11]   --->   Operation 118 'mul' 'tmp23' <Predicate = true> <Delay = 0.00> <CoreInst = "DSP48">   --->   Core 124 'DSP48' <Latency = 3> <II = 1> <Delay = 0.53> <IPBlock> <Opcode : '' 'add' 'sub' 'mul' 'select'> <InPorts = 0> <OutPorts = 1> <Sync> <CReg>
ST_3 : Operation 119 [2/3] (0.99ns) (grouped into DSP with root node add_ln23_17)   --->   "%mul_ln23_2 = mul i29 %tmp25_cast72, i29 2260" [../dct_ref/dct.cpp:23]   --->   Operation 119 'mul' 'mul_ln23_2' <Predicate = true> <Delay = 0.99> <CoreInst = "DSP48">   --->   Core 124 'DSP48' <Latency = 3> <II = 1> <Delay = 0.53> <IPBlock> <Opcode : '' 'add' 'sub' 'mul' 'select'> <InPorts = 0> <OutPorts = 1> <Sync> <CReg>
ST_3 : Operation 120 [2/2] (0.64ns) (root node of the DSP)   --->   "%add_ln23_14 = add i29 %mul_ln21_3, i29 %mul_ln21_4" [../dct_ref/dct.cpp:23]   --->   Operation 120 'add' 'add_ln23_14' <Predicate = true> <Delay = 0.64> <CoreInst = "DSP48">   --->   Core 124 'DSP48' <Latency = 3> <II = 1> <Delay = 0.53> <IPBlock> <Opcode : '' 'add' 'sub' 'mul' 'select'> <InPorts = 0> <OutPorts = 1> <Sync> <CReg>
ST_3 : Operation 121 [2/2] (0.64ns) (root node of the DSP)   --->   "%add_ln23_16 = add i29 %tmp23, i29 %mul_ln21_5" [../dct_ref/dct.cpp:23]   --->   Operation 121 'add' 'add_ln23_16' <Predicate = true> <Delay = 0.64> <CoreInst = "DSP48">   --->   Core 124 'DSP48' <Latency = 3> <II = 1> <Delay = 0.53> <IPBlock> <Opcode : '' 'add' 'sub' 'mul' 'select'> <InPorts = 0> <OutPorts = 1> <Sync> <CReg>
ST_3 : Operation 122 [2/3] (0.99ns) (grouped into DSP with root node add_ln23_20)   --->   "%mul_ln21_6 = mul i29 %sext_ln21_12, i29 536859550" [../dct_ref/dct.cpp:21]   --->   Operation 122 'mul' 'mul_ln21_6' <Predicate = true> <Delay = 0.99> <CoreInst = "DSP48">   --->   Core 124 'DSP48' <Latency = 3> <II = 1> <Delay = 0.53> <IPBlock> <Opcode : '' 'add' 'sub' 'mul' 'select'> <InPorts = 0> <OutPorts = 1> <Sync> <CReg>
ST_3 : Operation 123 [1/1] (0.00ns)   --->   "%sext_ln21_16 = sext i16 %p_read_5" [../dct_ref/dct.cpp:21]   --->   Operation 123 'sext' 'sext_ln21_16' <Predicate = true> <Delay = 0.00>
ST_3 : Operation 124 [1/1] (2.38ns)   --->   "%mul_ln21_7 = mul i29 %sext_ln21_16, i29 9633" [../dct_ref/dct.cpp:21]   --->   Operation 124 'mul' 'mul_ln21_7' <Predicate = true> <Delay = 2.38> <CoreInst = "Multiplier">   --->   Core 3 'Multiplier' <Latency = 0> <II = 1> <Delay = 2.38> <FuncUnit> <Opcode : 'mul'> <InPorts = 2> <OutPorts = 1>
ST_3 : Operation 125 [1/3] (0.00ns) (grouped into DSP with root node add_ln23_19)   --->   "%mul_ln21_8 = mul i29 %sext_ln21_17, i29 536861280" [../dct_ref/dct.cpp:21]   --->   Operation 125 'mul' 'mul_ln21_8' <Predicate = true> <Delay = 0.00> <CoreInst = "DSP48">   --->   Core 124 'DSP48' <Latency = 3> <II = 1> <Delay = 0.53> <IPBlock> <Opcode : '' 'add' 'sub' 'mul' 'select'> <InPorts = 0> <OutPorts = 1> <Sync> <CReg>
ST_3 : Operation 126 [2/3] (0.99ns) (grouped into DSP with root node add_ln23_21)   --->   "%tmp33 = mul i29 %tmp7_cast70, i29 2260" [../dct_ref/dct.cpp:21]   --->   Operation 126 'mul' 'tmp33' <Predicate = true> <Delay = 0.99> <CoreInst = "DSP48">   --->   Core 124 'DSP48' <Latency = 3> <II = 1> <Delay = 0.53> <IPBlock> <Opcode : '' 'add' 'sub' 'mul' 'select'> <InPorts = 0> <OutPorts = 1> <Sync> <CReg>
ST_3 : Operation 127 [2/3] (0.99ns) (grouped into DSP with root node add_ln23_22)   --->   "%mul_ln23_3 = mul i29 %sext_ln23, i29 6436" [../dct_ref/dct.cpp:23]   --->   Operation 127 'mul' 'mul_ln23_3' <Predicate = true> <Delay = 0.99> <CoreInst = "DSP48">   --->   Core 124 'DSP48' <Latency = 3> <II = 1> <Delay = 0.53> <IPBlock> <Opcode : '' 'add' 'sub' 'mul' 'select'> <InPorts = 0> <OutPorts = 1> <Sync> <CReg>
ST_3 : Operation 128 [2/2] (0.64ns) (root node of the DSP)   --->   "%add_ln23_19 = add i29 %mul_ln21_7, i29 %mul_ln21_8" [../dct_ref/dct.cpp:23]   --->   Operation 128 'add' 'add_ln23_19' <Predicate = true> <Delay = 0.64> <CoreInst = "DSP48">   --->   Core 124 'DSP48' <Latency = 3> <II = 1> <Delay = 0.53> <IPBlock> <Opcode : '' 'add' 'sub' 'mul' 'select'> <InPorts = 0> <OutPorts = 1> <Sync> <CReg>
ST_3 : Operation 129 [2/3] (0.99ns) (grouped into DSP with root node add_ln23_6)   --->   "%tmp42 = mul i29 %tmp41_cast, i29 10703" [../dct_ref/dct.cpp:21]   --->   Operation 129 'mul' 'tmp42' <Predicate = true> <Delay = 0.99> <CoreInst = "DSP48">   --->   Core 124 'DSP48' <Latency = 3> <II = 1> <Delay = 0.53> <IPBlock> <Opcode : '' 'add' 'sub' 'mul' 'select'> <InPorts = 0> <OutPorts = 1> <Sync> <CReg>
ST_3 : Operation 130 [1/3] (0.00ns) (grouped into DSP with root node add_ln23_24)   --->   "%mul_ln23_4 = mul i29 %tmp19_cast, i29 4433" [../dct_ref/dct.cpp:23]   --->   Operation 130 'mul' 'mul_ln23_4' <Predicate = true> <Delay = 0.00> <CoreInst = "DSP48">   --->   Core 124 'DSP48' <Latency = 3> <II = 1> <Delay = 0.53> <IPBlock> <Opcode : '' 'add' 'sub' 'mul' 'select'> <InPorts = 0> <OutPorts = 1> <Sync> <CReg>
ST_3 : Operation 131 [2/2] (0.64ns) (root node of the DSP)   --->   "%add_ln23_24 = add i29 %mul_ln23_4, i29 4096" [../dct_ref/dct.cpp:23]   --->   Operation 131 'add' 'add_ln23_24' <Predicate = true> <Delay = 0.64> <CoreInst = "DSP48">   --->   Core 124 'DSP48' <Latency = 3> <II = 1> <Delay = 0.53> <IPBlock> <Opcode : '' 'add' 'sub' 'mul' 'select'> <InPorts = 0> <OutPorts = 1> <Sync> <CReg>
ST_3 : Operation 132 [2/3] (0.99ns) (grouped into DSP with root node add_ln23_26)   --->   "%mul_ln21_10 = mul i29 %sext_ln21_14, i29 9633" [../dct_ref/dct.cpp:21]   --->   Operation 132 'mul' 'mul_ln21_10' <Predicate = true> <Delay = 0.99> <CoreInst = "DSP48">   --->   Core 124 'DSP48' <Latency = 3> <II = 1> <Delay = 0.53> <IPBlock> <Opcode : '' 'add' 'sub' 'mul' 'select'> <InPorts = 0> <OutPorts = 1> <Sync> <CReg>
ST_3 : Operation 133 [1/1] (2.38ns)   --->   "%mul_ln21_11 = mul i29 %sext_ln21_16, i29 536859550" [../dct_ref/dct.cpp:21]   --->   Operation 133 'mul' 'mul_ln21_11' <Predicate = true> <Delay = 2.38> <CoreInst = "Multiplier">   --->   Core 3 'Multiplier' <Latency = 0> <II = 1> <Delay = 2.38> <FuncUnit> <Opcode : 'mul'> <InPorts = 2> <OutPorts = 1>
ST_3 : Operation 134 [1/3] (0.00ns) (grouped into DSP with root node add_ln23_25)   --->   "%mul_ln21_12 = mul i29 %sext_ln21_17, i29 11363" [../dct_ref/dct.cpp:21]   --->   Operation 134 'mul' 'mul_ln21_12' <Predicate = true> <Delay = 0.00> <CoreInst = "DSP48">   --->   Core 124 'DSP48' <Latency = 3> <II = 1> <Delay = 0.53> <IPBlock> <Opcode : '' 'add' 'sub' 'mul' 'select'> <InPorts = 0> <OutPorts = 1> <Sync> <CReg>
ST_3 : Operation 135 [2/3] (0.99ns) (grouped into DSP with root node add_ln23_27)   --->   "%tmp51 = mul i29 %tmp25_cast72, i29 6436" [../dct_ref/dct.cpp:21]   --->   Operation 135 'mul' 'tmp51' <Predicate = true> <Delay = 0.99> <CoreInst = "DSP48">   --->   Core 124 'DSP48' <Latency = 3> <II = 1> <Delay = 0.53> <IPBlock> <Opcode : '' 'add' 'sub' 'mul' 'select'> <InPorts = 0> <OutPorts = 1> <Sync> <CReg>
ST_3 : Operation 136 [2/3] (0.99ns) (grouped into DSP with root node add_ln23_28)   --->   "%mul_ln23_5 = mul i29 %sext_ln23, i29 2260" [../dct_ref/dct.cpp:23]   --->   Operation 136 'mul' 'mul_ln23_5' <Predicate = true> <Delay = 0.99> <CoreInst = "DSP48">   --->   Core 124 'DSP48' <Latency = 3> <II = 1> <Delay = 0.53> <IPBlock> <Opcode : '' 'add' 'sub' 'mul' 'select'> <InPorts = 0> <OutPorts = 1> <Sync> <CReg>
ST_3 : Operation 137 [2/2] (0.64ns) (root node of the DSP)   --->   "%add_ln23_25 = add i29 %mul_ln21_11, i29 %mul_ln21_12" [../dct_ref/dct.cpp:23]   --->   Operation 137 'add' 'add_ln23_25' <Predicate = true> <Delay = 0.64> <CoreInst = "DSP48">   --->   Core 124 'DSP48' <Latency = 3> <II = 1> <Delay = 0.53> <IPBlock> <Opcode : '' 'add' 'sub' 'mul' 'select'> <InPorts = 0> <OutPorts = 1> <Sync> <CReg>

State 4 <SV = 3> <Delay = 3.02>
ST_4 : Operation 138 [1/3] (0.00ns) (grouped into DSP with root node add_ln23_9)   --->   "%mul_ln11 = mul i29 %sext_ln21_1, i29 11363" [../dct_ref/dct.cpp:11]   --->   Operation 138 'mul' 'mul_ln11' <Predicate = true> <Delay = 0.00> <CoreInst = "DSP48">   --->   Core 124 'DSP48' <Latency = 3> <II = 1> <Delay = 0.53> <IPBlock> <Opcode : '' 'add' 'sub' 'mul' 'select'> <InPorts = 0> <OutPorts = 1> <Sync> <CReg>
ST_4 : Operation 139 [1/1] (0.00ns)   --->   "%sext_ln21_13 = sext i16 %p_read_2" [../dct_ref/dct.cpp:21]   --->   Operation 139 'sext' 'sext_ln21_13' <Predicate = true> <Delay = 0.00>
ST_4 : Operation 140 [1/1] (2.38ns)   --->   "%mul_ln21_1 = mul i29 %sext_ln21_13, i29 536861280" [../dct_ref/dct.cpp:21]   --->   Operation 140 'mul' 'mul_ln21_1' <Predicate = true> <Delay = 2.38> <CoreInst = "Multiplier">   --->   Core 3 'Multiplier' <Latency = 0> <II = 1> <Delay = 2.38> <FuncUnit> <Opcode : 'mul'> <InPorts = 2> <OutPorts = 1>
ST_4 : Operation 141 [1/3] (0.00ns) (grouped into DSP with root node add_ln23_11)   --->   "%mul_ln21_2 = mul i29 %sext_ln21_11, i29 536859550" [../dct_ref/dct.cpp:21]   --->   Operation 141 'mul' 'mul_ln21_2' <Predicate = true> <Delay = 0.00> <CoreInst = "DSP48">   --->   Core 124 'DSP48' <Latency = 3> <II = 1> <Delay = 0.53> <IPBlock> <Opcode : '' 'add' 'sub' 'mul' 'select'> <InPorts = 0> <OutPorts = 1> <Sync> <CReg>
ST_4 : Operation 142 [1/3] (0.00ns) (grouped into DSP with root node add_ln23_10)   --->   "%mul_ln23 = mul i29 %tmp7_cast70, i29 6436" [../dct_ref/dct.cpp:23]   --->   Operation 142 'mul' 'mul_ln23' <Predicate = true> <Delay = 0.00> <CoreInst = "DSP48">   --->   Core 124 'DSP48' <Latency = 3> <II = 1> <Delay = 0.53> <IPBlock> <Opcode : '' 'add' 'sub' 'mul' 'select'> <InPorts = 0> <OutPorts = 1> <Sync> <CReg>
ST_4 : Operation 143 [1/2] (0.64ns) (root node of the DSP)   --->   "%add_ln23_8 = add i29 %mul_ln21, i29 %tmp5" [../dct_ref/dct.cpp:23]   --->   Operation 143 'add' 'add_ln23_8' <Predicate = true> <Delay = 0.64> <CoreInst = "DSP48">   --->   Core 124 'DSP48' <Latency = 3> <II = 1> <Delay = 0.53> <IPBlock> <Opcode : '' 'add' 'sub' 'mul' 'select'> <InPorts = 0> <OutPorts = 1> <Sync> <CReg>
ST_4 : Operation 144 [2/2] (0.64ns) (root node of the DSP)   --->   "%add_ln23_9 = add i29 %add_ln23_8, i29 %mul_ln11" [../dct_ref/dct.cpp:23]   --->   Operation 144 'add' 'add_ln23_9' <Predicate = true> <Delay = 0.64> <CoreInst = "DSP48">   --->   Core 124 'DSP48' <Latency = 3> <II = 1> <Delay = 0.53> <IPBlock> <Opcode : '' 'add' 'sub' 'mul' 'select'> <InPorts = 0> <OutPorts = 1> <Sync> <CReg>
ST_4 : Operation 145 [2/2] (0.64ns) (root node of the DSP)   --->   "%add_ln23_10 = add i29 %mul_ln21_1, i29 %mul_ln23" [../dct_ref/dct.cpp:23]   --->   Operation 145 'add' 'add_ln23_10' <Predicate = true> <Delay = 0.64> <CoreInst = "DSP48">   --->   Core 124 'DSP48' <Latency = 3> <II = 1> <Delay = 0.53> <IPBlock> <Opcode : '' 'add' 'sub' 'mul' 'select'> <InPorts = 0> <OutPorts = 1> <Sync> <CReg>
ST_4 : Operation 146 [2/2] (0.64ns) (root node of the DSP)   --->   "%add_ln23_11 = add i29 %mul_ln21_2, i29 4096" [../dct_ref/dct.cpp:23]   --->   Operation 146 'add' 'add_ln23_11' <Predicate = true> <Delay = 0.64> <CoreInst = "DSP48">   --->   Core 124 'DSP48' <Latency = 3> <II = 1> <Delay = 0.53> <IPBlock> <Opcode : '' 'add' 'sub' 'mul' 'select'> <InPorts = 0> <OutPorts = 1> <Sync> <CReg>
ST_4 : Operation 147 [1/3] (0.00ns) (grouped into DSP with root node add_ln23_2)   --->   "%tmp14 = mul i29 %tmp13_cast, i29 4433" [../dct_ref/dct.cpp:21]   --->   Operation 147 'mul' 'tmp14' <Predicate = true> <Delay = 0.00> <CoreInst = "DSP48">   --->   Core 124 'DSP48' <Latency = 3> <II = 1> <Delay = 0.53> <IPBlock> <Opcode : '' 'add' 'sub' 'mul' 'select'> <InPorts = 0> <OutPorts = 1> <Sync> <CReg>
ST_4 : Operation 148 [1/2] (0.64ns) (root node of the DSP)   --->   "%add_ln23_13 = add i29 %mul_ln23_1, i29 4096" [../dct_ref/dct.cpp:23]   --->   Operation 148 'add' 'add_ln23_13' <Predicate = true> <Delay = 0.64> <CoreInst = "DSP48">   --->   Core 124 'DSP48' <Latency = 3> <II = 1> <Delay = 0.53> <IPBlock> <Opcode : '' 'add' 'sub' 'mul' 'select'> <InPorts = 0> <OutPorts = 1> <Sync> <CReg>
ST_4 : Operation 149 [2/2] (0.64ns) (root node of the DSP)   --->   "%add_ln23_2 = add i29 %add_ln23_13, i29 %tmp14" [../dct_ref/dct.cpp:23]   --->   Operation 149 'add' 'add_ln23_2' <Predicate = true> <Delay = 0.64> <CoreInst = "DSP48">   --->   Core 124 'DSP48' <Latency = 3> <II = 1> <Delay = 0.53> <IPBlock> <Opcode : '' 'add' 'sub' 'mul' 'select'> <InPorts = 0> <OutPorts = 1> <Sync> <CReg>
ST_4 : Operation 150 [1/3] (0.00ns) (grouped into DSP with root node add_ln23_15)   --->   "%mul_ln11_1 = mul i29 %sext_ln21_1, i29 9633" [../dct_ref/dct.cpp:11]   --->   Operation 150 'mul' 'mul_ln11_1' <Predicate = true> <Delay = 0.00> <CoreInst = "DSP48">   --->   Core 124 'DSP48' <Latency = 3> <II = 1> <Delay = 0.53> <IPBlock> <Opcode : '' 'add' 'sub' 'mul' 'select'> <InPorts = 0> <OutPorts = 1> <Sync> <CReg>
ST_4 : Operation 151 [1/3] (0.00ns) (grouped into DSP with root node add_ln23_17)   --->   "%mul_ln23_2 = mul i29 %tmp25_cast72, i29 2260" [../dct_ref/dct.cpp:23]   --->   Operation 151 'mul' 'mul_ln23_2' <Predicate = true> <Delay = 0.00> <CoreInst = "DSP48">   --->   Core 124 'DSP48' <Latency = 3> <II = 1> <Delay = 0.53> <IPBlock> <Opcode : '' 'add' 'sub' 'mul' 'select'> <InPorts = 0> <OutPorts = 1> <Sync> <CReg>
ST_4 : Operation 152 [1/2] (0.64ns) (root node of the DSP)   --->   "%add_ln23_14 = add i29 %mul_ln21_3, i29 %mul_ln21_4" [../dct_ref/dct.cpp:23]   --->   Operation 152 'add' 'add_ln23_14' <Predicate = true> <Delay = 0.64> <CoreInst = "DSP48">   --->   Core 124 'DSP48' <Latency = 3> <II = 1> <Delay = 0.53> <IPBlock> <Opcode : '' 'add' 'sub' 'mul' 'select'> <InPorts = 0> <OutPorts = 1> <Sync> <CReg>
ST_4 : Operation 153 [2/2] (0.64ns) (root node of the DSP)   --->   "%add_ln23_15 = add i29 %add_ln23_14, i29 %mul_ln11_1" [../dct_ref/dct.cpp:23]   --->   Operation 153 'add' 'add_ln23_15' <Predicate = true> <Delay = 0.64> <CoreInst = "DSP48">   --->   Core 124 'DSP48' <Latency = 3> <II = 1> <Delay = 0.53> <IPBlock> <Opcode : '' 'add' 'sub' 'mul' 'select'> <InPorts = 0> <OutPorts = 1> <Sync> <CReg>
ST_4 : Operation 154 [1/2] (0.64ns) (root node of the DSP)   --->   "%add_ln23_16 = add i29 %tmp23, i29 %mul_ln21_5" [../dct_ref/dct.cpp:23]   --->   Operation 154 'add' 'add_ln23_16' <Predicate = true> <Delay = 0.64> <CoreInst = "DSP48">   --->   Core 124 'DSP48' <Latency = 3> <II = 1> <Delay = 0.53> <IPBlock> <Opcode : '' 'add' 'sub' 'mul' 'select'> <InPorts = 0> <OutPorts = 1> <Sync> <CReg>
ST_4 : Operation 155 [2/2] (0.64ns) (root node of the DSP)   --->   "%add_ln23_17 = add i29 %mul_ln23_2, i29 4096" [../dct_ref/dct.cpp:23]   --->   Operation 155 'add' 'add_ln23_17' <Predicate = true> <Delay = 0.64> <CoreInst = "DSP48">   --->   Core 124 'DSP48' <Latency = 3> <II = 1> <Delay = 0.53> <IPBlock> <Opcode : '' 'add' 'sub' 'mul' 'select'> <InPorts = 0> <OutPorts = 1> <Sync> <CReg>
ST_4 : Operation 156 [1/3] (0.00ns) (grouped into DSP with root node add_ln23_20)   --->   "%mul_ln21_6 = mul i29 %sext_ln21_12, i29 536859550" [../dct_ref/dct.cpp:21]   --->   Operation 156 'mul' 'mul_ln21_6' <Predicate = true> <Delay = 0.00> <CoreInst = "DSP48">   --->   Core 124 'DSP48' <Latency = 3> <II = 1> <Delay = 0.53> <IPBlock> <Opcode : '' 'add' 'sub' 'mul' 'select'> <InPorts = 0> <OutPorts = 1> <Sync> <CReg>
ST_4 : Operation 157 [1/1] (2.38ns)   --->   "%mul_ln21_9 = mul i29 %sext_ln21_13, i29 11363" [../dct_ref/dct.cpp:21]   --->   Operation 157 'mul' 'mul_ln21_9' <Predicate = true> <Delay = 2.38> <CoreInst = "Multiplier">   --->   Core 3 'Multiplier' <Latency = 0> <II = 1> <Delay = 2.38> <FuncUnit> <Opcode : 'mul'> <InPorts = 2> <OutPorts = 1>
ST_4 : Operation 158 [1/3] (0.00ns) (grouped into DSP with root node add_ln23_21)   --->   "%tmp33 = mul i29 %tmp7_cast70, i29 2260" [../dct_ref/dct.cpp:21]   --->   Operation 158 'mul' 'tmp33' <Predicate = true> <Delay = 0.00> <CoreInst = "DSP48">   --->   Core 124 'DSP48' <Latency = 3> <II = 1> <Delay = 0.53> <IPBlock> <Opcode : '' 'add' 'sub' 'mul' 'select'> <InPorts = 0> <OutPorts = 1> <Sync> <CReg>
ST_4 : Operation 159 [1/3] (0.00ns) (grouped into DSP with root node add_ln23_22)   --->   "%mul_ln23_3 = mul i29 %sext_ln23, i29 6436" [../dct_ref/dct.cpp:23]   --->   Operation 159 'mul' 'mul_ln23_3' <Predicate = true> <Delay = 0.00> <CoreInst = "DSP48">   --->   Core 124 'DSP48' <Latency = 3> <II = 1> <Delay = 0.53> <IPBlock> <Opcode : '' 'add' 'sub' 'mul' 'select'> <InPorts = 0> <OutPorts = 1> <Sync> <CReg>
ST_4 : Operation 160 [1/2] (0.64ns) (root node of the DSP)   --->   "%add_ln23_19 = add i29 %mul_ln21_7, i29 %mul_ln21_8" [../dct_ref/dct.cpp:23]   --->   Operation 160 'add' 'add_ln23_19' <Predicate = true> <Delay = 0.64> <CoreInst = "DSP48">   --->   Core 124 'DSP48' <Latency = 3> <II = 1> <Delay = 0.53> <IPBlock> <Opcode : '' 'add' 'sub' 'mul' 'select'> <InPorts = 0> <OutPorts = 1> <Sync> <CReg>
ST_4 : Operation 161 [2/2] (0.64ns) (root node of the DSP)   --->   "%add_ln23_20 = add i29 %add_ln23_19, i29 %mul_ln21_6" [../dct_ref/dct.cpp:23]   --->   Operation 161 'add' 'add_ln23_20' <Predicate = true> <Delay = 0.64> <CoreInst = "DSP48">   --->   Core 124 'DSP48' <Latency = 3> <II = 1> <Delay = 0.53> <IPBlock> <Opcode : '' 'add' 'sub' 'mul' 'select'> <InPorts = 0> <OutPorts = 1> <Sync> <CReg>
ST_4 : Operation 162 [2/2] (0.64ns) (root node of the DSP)   --->   "%add_ln23_21 = add i29 %mul_ln21_9, i29 %tmp33" [../dct_ref/dct.cpp:23]   --->   Operation 162 'add' 'add_ln23_21' <Predicate = true> <Delay = 0.64> <CoreInst = "DSP48">   --->   Core 124 'DSP48' <Latency = 3> <II = 1> <Delay = 0.53> <IPBlock> <Opcode : '' 'add' 'sub' 'mul' 'select'> <InPorts = 0> <OutPorts = 1> <Sync> <CReg>
ST_4 : Operation 163 [2/2] (0.64ns) (root node of the DSP)   --->   "%add_ln23_22 = add i29 %mul_ln23_3, i29 4096" [../dct_ref/dct.cpp:23]   --->   Operation 163 'add' 'add_ln23_22' <Predicate = true> <Delay = 0.64> <CoreInst = "DSP48">   --->   Core 124 'DSP48' <Latency = 3> <II = 1> <Delay = 0.53> <IPBlock> <Opcode : '' 'add' 'sub' 'mul' 'select'> <InPorts = 0> <OutPorts = 1> <Sync> <CReg>
ST_4 : Operation 164 [1/3] (0.00ns) (grouped into DSP with root node add_ln23_6)   --->   "%tmp42 = mul i29 %tmp41_cast, i29 10703" [../dct_ref/dct.cpp:21]   --->   Operation 164 'mul' 'tmp42' <Predicate = true> <Delay = 0.00> <CoreInst = "DSP48">   --->   Core 124 'DSP48' <Latency = 3> <II = 1> <Delay = 0.53> <IPBlock> <Opcode : '' 'add' 'sub' 'mul' 'select'> <InPorts = 0> <OutPorts = 1> <Sync> <CReg>
ST_4 : Operation 165 [1/2] (0.64ns) (root node of the DSP)   --->   "%add_ln23_24 = add i29 %mul_ln23_4, i29 4096" [../dct_ref/dct.cpp:23]   --->   Operation 165 'add' 'add_ln23_24' <Predicate = true> <Delay = 0.64> <CoreInst = "DSP48">   --->   Core 124 'DSP48' <Latency = 3> <II = 1> <Delay = 0.53> <IPBlock> <Opcode : '' 'add' 'sub' 'mul' 'select'> <InPorts = 0> <OutPorts = 1> <Sync> <CReg>
ST_4 : Operation 166 [2/2] (0.64ns) (root node of the DSP)   --->   "%add_ln23_6 = add i29 %add_ln23_24, i29 %tmp42" [../dct_ref/dct.cpp:23]   --->   Operation 166 'add' 'add_ln23_6' <Predicate = true> <Delay = 0.64> <CoreInst = "DSP48">   --->   Core 124 'DSP48' <Latency = 3> <II = 1> <Delay = 0.53> <IPBlock> <Opcode : '' 'add' 'sub' 'mul' 'select'> <InPorts = 0> <OutPorts = 1> <Sync> <CReg>
ST_4 : Operation 167 [1/3] (0.00ns) (grouped into DSP with root node add_ln23_26)   --->   "%mul_ln21_10 = mul i29 %sext_ln21_14, i29 9633" [../dct_ref/dct.cpp:21]   --->   Operation 167 'mul' 'mul_ln21_10' <Predicate = true> <Delay = 0.00> <CoreInst = "DSP48">   --->   Core 124 'DSP48' <Latency = 3> <II = 1> <Delay = 0.53> <IPBlock> <Opcode : '' 'add' 'sub' 'mul' 'select'> <InPorts = 0> <OutPorts = 1> <Sync> <CReg>
ST_4 : Operation 168 [1/1] (2.38ns)   --->   "%mul_ln21_13 = mul i29 %sext_ln21_15, i29 536861280" [../dct_ref/dct.cpp:21]   --->   Operation 168 'mul' 'mul_ln21_13' <Predicate = true> <Delay = 2.38> <CoreInst = "Multiplier">   --->   Core 3 'Multiplier' <Latency = 0> <II = 1> <Delay = 2.38> <FuncUnit> <Opcode : 'mul'> <InPorts = 2> <OutPorts = 1>
ST_4 : Operation 169 [1/3] (0.00ns) (grouped into DSP with root node add_ln23_27)   --->   "%tmp51 = mul i29 %tmp25_cast72, i29 6436" [../dct_ref/dct.cpp:21]   --->   Operation 169 'mul' 'tmp51' <Predicate = true> <Delay = 0.00> <CoreInst = "DSP48">   --->   Core 124 'DSP48' <Latency = 3> <II = 1> <Delay = 0.53> <IPBlock> <Opcode : '' 'add' 'sub' 'mul' 'select'> <InPorts = 0> <OutPorts = 1> <Sync> <CReg>
ST_4 : Operation 170 [1/3] (0.00ns) (grouped into DSP with root node add_ln23_28)   --->   "%mul_ln23_5 = mul i29 %sext_ln23, i29 2260" [../dct_ref/dct.cpp:23]   --->   Operation 170 'mul' 'mul_ln23_5' <Predicate = true> <Delay = 0.00> <CoreInst = "DSP48">   --->   Core 124 'DSP48' <Latency = 3> <II = 1> <Delay = 0.53> <IPBlock> <Opcode : '' 'add' 'sub' 'mul' 'select'> <InPorts = 0> <OutPorts = 1> <Sync> <CReg>
ST_4 : Operation 171 [1/2] (0.64ns) (root node of the DSP)   --->   "%add_ln23_25 = add i29 %mul_ln21_11, i29 %mul_ln21_12" [../dct_ref/dct.cpp:23]   --->   Operation 171 'add' 'add_ln23_25' <Predicate = true> <Delay = 0.64> <CoreInst = "DSP48">   --->   Core 124 'DSP48' <Latency = 3> <II = 1> <Delay = 0.53> <IPBlock> <Opcode : '' 'add' 'sub' 'mul' 'select'> <InPorts = 0> <OutPorts = 1> <Sync> <CReg>
ST_4 : Operation 172 [2/2] (0.64ns) (root node of the DSP)   --->   "%add_ln23_26 = add i29 %add_ln23_25, i29 %mul_ln21_10" [../dct_ref/dct.cpp:23]   --->   Operation 172 'add' 'add_ln23_26' <Predicate = true> <Delay = 0.64> <CoreInst = "DSP48">   --->   Core 124 'DSP48' <Latency = 3> <II = 1> <Delay = 0.53> <IPBlock> <Opcode : '' 'add' 'sub' 'mul' 'select'> <InPorts = 0> <OutPorts = 1> <Sync> <CReg>
ST_4 : Operation 173 [2/2] (0.64ns) (root node of the DSP)   --->   "%add_ln23_27 = add i29 %mul_ln21_13, i29 %tmp51" [../dct_ref/dct.cpp:23]   --->   Operation 173 'add' 'add_ln23_27' <Predicate = true> <Delay = 0.64> <CoreInst = "DSP48">   --->   Core 124 'DSP48' <Latency = 3> <II = 1> <Delay = 0.53> <IPBlock> <Opcode : '' 'add' 'sub' 'mul' 'select'> <InPorts = 0> <OutPorts = 1> <Sync> <CReg>
ST_4 : Operation 174 [2/2] (0.64ns) (root node of the DSP)   --->   "%add_ln23_28 = add i29 %mul_ln23_5, i29 4096" [../dct_ref/dct.cpp:23]   --->   Operation 174 'add' 'add_ln23_28' <Predicate = true> <Delay = 0.64> <CoreInst = "DSP48">   --->   Core 124 'DSP48' <Latency = 3> <II = 1> <Delay = 0.53> <IPBlock> <Opcode : '' 'add' 'sub' 'mul' 'select'> <InPorts = 0> <OutPorts = 1> <Sync> <CReg>

State 5 <SV = 4> <Delay = 1.36>
ST_5 : Operation 175 [1/2] (0.64ns) (root node of the DSP)   --->   "%add_ln23_9 = add i29 %add_ln23_8, i29 %mul_ln11" [../dct_ref/dct.cpp:23]   --->   Operation 175 'add' 'add_ln23_9' <Predicate = true> <Delay = 0.64> <CoreInst = "DSP48">   --->   Core 124 'DSP48' <Latency = 3> <II = 1> <Delay = 0.53> <IPBlock> <Opcode : '' 'add' 'sub' 'mul' 'select'> <InPorts = 0> <OutPorts = 1> <Sync> <CReg>
ST_5 : Operation 176 [1/2] (0.64ns) (root node of the DSP)   --->   "%add_ln23_10 = add i29 %mul_ln21_1, i29 %mul_ln23" [../dct_ref/dct.cpp:23]   --->   Operation 176 'add' 'add_ln23_10' <Predicate = true> <Delay = 0.64> <CoreInst = "DSP48">   --->   Core 124 'DSP48' <Latency = 3> <II = 1> <Delay = 0.53> <IPBlock> <Opcode : '' 'add' 'sub' 'mul' 'select'> <InPorts = 0> <OutPorts = 1> <Sync> <CReg>
ST_5 : Operation 177 [1/2] (0.64ns) (root node of the DSP)   --->   "%add_ln23_11 = add i29 %mul_ln21_2, i29 4096" [../dct_ref/dct.cpp:23]   --->   Operation 177 'add' 'add_ln23_11' <Predicate = true> <Delay = 0.64> <CoreInst = "DSP48">   --->   Core 124 'DSP48' <Latency = 3> <II = 1> <Delay = 0.53> <IPBlock> <Opcode : '' 'add' 'sub' 'mul' 'select'> <InPorts = 0> <OutPorts = 1> <Sync> <CReg>
ST_5 : Operation 178 [1/1] (0.00ns) (grouped into TernaryAdder)   --->   "%add_ln23_12 = add i29 %add_ln23_11, i29 %add_ln23_10" [../dct_ref/dct.cpp:23]   --->   Operation 178 'add' 'add_ln23_12' <Predicate = true> <Delay = 0.00> <CoreInst = "TAddSub">   --->   Core 10 'TAddSub' <Latency = 0> <II = 1> <Delay = 0.36> <IPBlock> <Opcode : '' 'add' 'sub'> <InPorts = 3> <OutPorts = 1> <Sync> <CReg>
ST_5 : Operation 179 [1/1] (0.72ns) (root node of TernaryAdder)   --->   "%add_ln23_1 = add i29 %add_ln23_12, i29 %add_ln23_9" [../dct_ref/dct.cpp:23]   --->   Operation 179 'add' 'add_ln23_1' <Predicate = true> <Delay = 0.72> <CoreInst = "TAddSub">   --->   Core 10 'TAddSub' <Latency = 0> <II = 1> <Delay = 0.36> <IPBlock> <Opcode : '' 'add' 'sub'> <InPorts = 3> <OutPorts = 1> <Sync> <CReg>
ST_5 : Operation 180 [1/1] (0.00ns)   --->   "%trunc_ln23_1 = partselect i16 @_ssdm_op_PartSelect.i16.i29.i32.i32, i29 %add_ln23_1, i32 13, i32 28" [../dct_ref/dct.cpp:23]   --->   Operation 180 'partselect' 'trunc_ln23_1' <Predicate = true> <Delay = 0.00>
ST_5 : Operation 181 [1/2] (0.64ns) (root node of the DSP)   --->   "%add_ln23_2 = add i29 %add_ln23_13, i29 %tmp14" [../dct_ref/dct.cpp:23]   --->   Operation 181 'add' 'add_ln23_2' <Predicate = true> <Delay = 0.64> <CoreInst = "DSP48">   --->   Core 124 'DSP48' <Latency = 3> <II = 1> <Delay = 0.53> <IPBlock> <Opcode : '' 'add' 'sub' 'mul' 'select'> <InPorts = 0> <OutPorts = 1> <Sync> <CReg>
ST_5 : Operation 182 [1/1] (0.00ns)   --->   "%trunc_ln23_2 = partselect i16 @_ssdm_op_PartSelect.i16.i29.i32.i32, i29 %add_ln23_2, i32 13, i32 28" [../dct_ref/dct.cpp:23]   --->   Operation 182 'partselect' 'trunc_ln23_2' <Predicate = true> <Delay = 0.00>
ST_5 : Operation 183 [1/2] (0.64ns) (root node of the DSP)   --->   "%add_ln23_15 = add i29 %add_ln23_14, i29 %mul_ln11_1" [../dct_ref/dct.cpp:23]   --->   Operation 183 'add' 'add_ln23_15' <Predicate = true> <Delay = 0.64> <CoreInst = "DSP48">   --->   Core 124 'DSP48' <Latency = 3> <II = 1> <Delay = 0.53> <IPBlock> <Opcode : '' 'add' 'sub' 'mul' 'select'> <InPorts = 0> <OutPorts = 1> <Sync> <CReg>
ST_5 : Operation 184 [1/2] (0.64ns) (root node of the DSP)   --->   "%add_ln23_17 = add i29 %mul_ln23_2, i29 4096" [../dct_ref/dct.cpp:23]   --->   Operation 184 'add' 'add_ln23_17' <Predicate = true> <Delay = 0.64> <CoreInst = "DSP48">   --->   Core 124 'DSP48' <Latency = 3> <II = 1> <Delay = 0.53> <IPBlock> <Opcode : '' 'add' 'sub' 'mul' 'select'> <InPorts = 0> <OutPorts = 1> <Sync> <CReg>
ST_5 : Operation 185 [1/1] (0.00ns) (grouped into TernaryAdder)   --->   "%add_ln23_18 = add i29 %add_ln23_17, i29 %add_ln23_16" [../dct_ref/dct.cpp:23]   --->   Operation 185 'add' 'add_ln23_18' <Predicate = true> <Delay = 0.00> <CoreInst = "TAddSub">   --->   Core 10 'TAddSub' <Latency = 0> <II = 1> <Delay = 0.36> <IPBlock> <Opcode : '' 'add' 'sub'> <InPorts = 3> <OutPorts = 1> <Sync> <CReg>
ST_5 : Operation 186 [1/1] (0.72ns) (root node of TernaryAdder)   --->   "%add_ln23_3 = add i29 %add_ln23_18, i29 %add_ln23_15" [../dct_ref/dct.cpp:23]   --->   Operation 186 'add' 'add_ln23_3' <Predicate = true> <Delay = 0.72> <CoreInst = "TAddSub">   --->   Core 10 'TAddSub' <Latency = 0> <II = 1> <Delay = 0.36> <IPBlock> <Opcode : '' 'add' 'sub'> <InPorts = 3> <OutPorts = 1> <Sync> <CReg>
ST_5 : Operation 187 [1/1] (0.00ns)   --->   "%trunc_ln23_3 = partselect i16 @_ssdm_op_PartSelect.i16.i29.i32.i32, i29 %add_ln23_3, i32 13, i32 28" [../dct_ref/dct.cpp:23]   --->   Operation 187 'partselect' 'trunc_ln23_3' <Predicate = true> <Delay = 0.00>
ST_5 : Operation 188 [1/2] (0.64ns) (root node of the DSP)   --->   "%add_ln23_20 = add i29 %add_ln23_19, i29 %mul_ln21_6" [../dct_ref/dct.cpp:23]   --->   Operation 188 'add' 'add_ln23_20' <Predicate = true> <Delay = 0.64> <CoreInst = "DSP48">   --->   Core 124 'DSP48' <Latency = 3> <II = 1> <Delay = 0.53> <IPBlock> <Opcode : '' 'add' 'sub' 'mul' 'select'> <InPorts = 0> <OutPorts = 1> <Sync> <CReg>
ST_5 : Operation 189 [1/2] (0.64ns) (root node of the DSP)   --->   "%add_ln23_21 = add i29 %mul_ln21_9, i29 %tmp33" [../dct_ref/dct.cpp:23]   --->   Operation 189 'add' 'add_ln23_21' <Predicate = true> <Delay = 0.64> <CoreInst = "DSP48">   --->   Core 124 'DSP48' <Latency = 3> <II = 1> <Delay = 0.53> <IPBlock> <Opcode : '' 'add' 'sub' 'mul' 'select'> <InPorts = 0> <OutPorts = 1> <Sync> <CReg>
ST_5 : Operation 190 [1/2] (0.64ns) (root node of the DSP)   --->   "%add_ln23_22 = add i29 %mul_ln23_3, i29 4096" [../dct_ref/dct.cpp:23]   --->   Operation 190 'add' 'add_ln23_22' <Predicate = true> <Delay = 0.64> <CoreInst = "DSP48">   --->   Core 124 'DSP48' <Latency = 3> <II = 1> <Delay = 0.53> <IPBlock> <Opcode : '' 'add' 'sub' 'mul' 'select'> <InPorts = 0> <OutPorts = 1> <Sync> <CReg>
ST_5 : Operation 191 [1/1] (0.00ns) (grouped into TernaryAdder)   --->   "%add_ln23_23 = add i29 %add_ln23_22, i29 %add_ln23_21" [../dct_ref/dct.cpp:23]   --->   Operation 191 'add' 'add_ln23_23' <Predicate = true> <Delay = 0.00> <CoreInst = "TAddSub">   --->   Core 10 'TAddSub' <Latency = 0> <II = 1> <Delay = 0.36> <IPBlock> <Opcode : '' 'add' 'sub'> <InPorts = 3> <OutPorts = 1> <Sync> <CReg>
ST_5 : Operation 192 [1/1] (0.72ns) (root node of TernaryAdder)   --->   "%add_ln23_5 = add i29 %add_ln23_23, i29 %add_ln23_20" [../dct_ref/dct.cpp:23]   --->   Operation 192 'add' 'add_ln23_5' <Predicate = true> <Delay = 0.72> <CoreInst = "TAddSub">   --->   Core 10 'TAddSub' <Latency = 0> <II = 1> <Delay = 0.36> <IPBlock> <Opcode : '' 'add' 'sub'> <InPorts = 3> <OutPorts = 1> <Sync> <CReg>
ST_5 : Operation 193 [1/1] (0.00ns)   --->   "%trunc_ln23_5 = partselect i16 @_ssdm_op_PartSelect.i16.i29.i32.i32, i29 %add_ln23_5, i32 13, i32 28" [../dct_ref/dct.cpp:23]   --->   Operation 193 'partselect' 'trunc_ln23_5' <Predicate = true> <Delay = 0.00>
ST_5 : Operation 194 [1/2] (0.64ns) (root node of the DSP)   --->   "%add_ln23_6 = add i29 %add_ln23_24, i29 %tmp42" [../dct_ref/dct.cpp:23]   --->   Operation 194 'add' 'add_ln23_6' <Predicate = true> <Delay = 0.64> <CoreInst = "DSP48">   --->   Core 124 'DSP48' <Latency = 3> <II = 1> <Delay = 0.53> <IPBlock> <Opcode : '' 'add' 'sub' 'mul' 'select'> <InPorts = 0> <OutPorts = 1> <Sync> <CReg>
ST_5 : Operation 195 [1/1] (0.00ns)   --->   "%trunc_ln23_6 = partselect i16 @_ssdm_op_PartSelect.i16.i29.i32.i32, i29 %add_ln23_6, i32 13, i32 28" [../dct_ref/dct.cpp:23]   --->   Operation 195 'partselect' 'trunc_ln23_6' <Predicate = true> <Delay = 0.00>
ST_5 : Operation 196 [1/2] (0.64ns) (root node of the DSP)   --->   "%add_ln23_26 = add i29 %add_ln23_25, i29 %mul_ln21_10" [../dct_ref/dct.cpp:23]   --->   Operation 196 'add' 'add_ln23_26' <Predicate = true> <Delay = 0.64> <CoreInst = "DSP48">   --->   Core 124 'DSP48' <Latency = 3> <II = 1> <Delay = 0.53> <IPBlock> <Opcode : '' 'add' 'sub' 'mul' 'select'> <InPorts = 0> <OutPorts = 1> <Sync> <CReg>
ST_5 : Operation 197 [1/2] (0.64ns) (root node of the DSP)   --->   "%add_ln23_27 = add i29 %mul_ln21_13, i29 %tmp51" [../dct_ref/dct.cpp:23]   --->   Operation 197 'add' 'add_ln23_27' <Predicate = true> <Delay = 0.64> <CoreInst = "DSP48">   --->   Core 124 'DSP48' <Latency = 3> <II = 1> <Delay = 0.53> <IPBlock> <Opcode : '' 'add' 'sub' 'mul' 'select'> <InPorts = 0> <OutPorts = 1> <Sync> <CReg>
ST_5 : Operation 198 [1/2] (0.64ns) (root node of the DSP)   --->   "%add_ln23_28 = add i29 %mul_ln23_5, i29 4096" [../dct_ref/dct.cpp:23]   --->   Operation 198 'add' 'add_ln23_28' <Predicate = true> <Delay = 0.64> <CoreInst = "DSP48">   --->   Core 124 'DSP48' <Latency = 3> <II = 1> <Delay = 0.53> <IPBlock> <Opcode : '' 'add' 'sub' 'mul' 'select'> <InPorts = 0> <OutPorts = 1> <Sync> <CReg>
ST_5 : Operation 199 [1/1] (0.00ns) (grouped into TernaryAdder)   --->   "%add_ln23_29 = add i29 %add_ln23_28, i29 %add_ln23_27" [../dct_ref/dct.cpp:23]   --->   Operation 199 'add' 'add_ln23_29' <Predicate = true> <Delay = 0.00> <CoreInst = "TAddSub">   --->   Core 10 'TAddSub' <Latency = 0> <II = 1> <Delay = 0.36> <IPBlock> <Opcode : '' 'add' 'sub'> <InPorts = 3> <OutPorts = 1> <Sync> <CReg>
ST_5 : Operation 200 [1/1] (0.72ns) (root node of TernaryAdder)   --->   "%add_ln23_7 = add i29 %add_ln23_29, i29 %add_ln23_26" [../dct_ref/dct.cpp:23]   --->   Operation 200 'add' 'add_ln23_7' <Predicate = true> <Delay = 0.72> <CoreInst = "TAddSub">   --->   Core 10 'TAddSub' <Latency = 0> <II = 1> <Delay = 0.36> <IPBlock> <Opcode : '' 'add' 'sub'> <InPorts = 3> <OutPorts = 1> <Sync> <CReg>
ST_5 : Operation 201 [1/1] (0.00ns)   --->   "%trunc_ln23_7 = partselect i16 @_ssdm_op_PartSelect.i16.i29.i32.i32, i29 %add_ln23_7, i32 13, i32 28" [../dct_ref/dct.cpp:23]   --->   Operation 201 'partselect' 'trunc_ln23_7' <Predicate = true> <Delay = 0.00>
ST_5 : Operation 202 [1/1] (0.00ns)   --->   "%mrv = insertvalue i128 <undef>, i16 %trunc_ln" [../dct_ref/dct.cpp:25]   --->   Operation 202 'insertvalue' 'mrv' <Predicate = true> <Delay = 0.00>
ST_5 : Operation 203 [1/1] (0.00ns)   --->   "%mrv_1 = insertvalue i128 %mrv, i16 %trunc_ln23_1" [../dct_ref/dct.cpp:25]   --->   Operation 203 'insertvalue' 'mrv_1' <Predicate = true> <Delay = 0.00>
ST_5 : Operation 204 [1/1] (0.00ns)   --->   "%mrv_2 = insertvalue i128 %mrv_1, i16 %trunc_ln23_2" [../dct_ref/dct.cpp:25]   --->   Operation 204 'insertvalue' 'mrv_2' <Predicate = true> <Delay = 0.00>
ST_5 : Operation 205 [1/1] (0.00ns)   --->   "%mrv_3 = insertvalue i128 %mrv_2, i16 %trunc_ln23_3" [../dct_ref/dct.cpp:25]   --->   Operation 205 'insertvalue' 'mrv_3' <Predicate = true> <Delay = 0.00>
ST_5 : Operation 206 [1/1] (0.00ns)   --->   "%mrv_4 = insertvalue i128 %mrv_3, i16 %trunc_ln23_4" [../dct_ref/dct.cpp:25]   --->   Operation 206 'insertvalue' 'mrv_4' <Predicate = true> <Delay = 0.00>
ST_5 : Operation 207 [1/1] (0.00ns)   --->   "%mrv_5 = insertvalue i128 %mrv_4, i16 %trunc_ln23_5" [../dct_ref/dct.cpp:25]   --->   Operation 207 'insertvalue' 'mrv_5' <Predicate = true> <Delay = 0.00>
ST_5 : Operation 208 [1/1] (0.00ns)   --->   "%mrv_6 = insertvalue i128 %mrv_5, i16 %trunc_ln23_6" [../dct_ref/dct.cpp:25]   --->   Operation 208 'insertvalue' 'mrv_6' <Predicate = true> <Delay = 0.00>
ST_5 : Operation 209 [1/1] (0.00ns)   --->   "%mrv_7 = insertvalue i128 %mrv_6, i16 %trunc_ln23_7" [../dct_ref/dct.cpp:25]   --->   Operation 209 'insertvalue' 'mrv_7' <Predicate = true> <Delay = 0.00>
ST_5 : Operation 210 [1/1] (0.00ns)   --->   "%ret_ln25 = ret i128 %mrv_7" [../dct_ref/dct.cpp:25]   --->   Operation 210 'ret' 'ret_ln25' <Predicate = true> <Delay = 0.00>


============================================================
+ Verbose Summary: Binding
============================================================
STG Binding: 
---------------- STG Properties BEGIN ----------------
- Is combinational: 0
- Is one-state seq: 0
- Is datapath-only: 1
- Is pipelined: 1
- Is top level: 0
Port [ Return ] is wired: 1; IO mode=ap_ctrl_hs:ce=0
Port [ p_read]:  wired=1; compound=0; hidden=0; nouse=0; global=0; static=0; extern=0; dir=0; type=0; pingpong=0; private_global=0; IO mode=ap_none:ce=0
Port [ p_read1]:  wired=1; compound=0; hidden=0; nouse=0; global=0; static=0; extern=0; dir=0; type=0; pingpong=0; private_global=0; IO mode=ap_none:ce=0
Port [ p_read2]:  wired=1; compound=0; hidden=0; nouse=0; global=0; static=0; extern=0; dir=0; type=0; pingpong=0; private_global=0; IO mode=ap_none:ce=0
Port [ p_read3]:  wired=1; compound=0; hidden=0; nouse=0; global=0; static=0; extern=0; dir=0; type=0; pingpong=0; private_global=0; IO mode=ap_none:ce=0
Port [ p_read4]:  wired=1; compound=0; hidden=0; nouse=0; global=0; static=0; extern=0; dir=0; type=0; pingpong=0; private_global=0; IO mode=ap_none:ce=0
Port [ p_read5]:  wired=1; compound=0; hidden=0; nouse=0; global=0; static=0; extern=0; dir=0; type=0; pingpong=0; private_global=0; IO mode=ap_none:ce=0
Port [ p_read6]:  wired=1; compound=0; hidden=0; nouse=0; global=0; static=0; extern=0; dir=0; type=0; pingpong=0; private_global=0; IO mode=ap_none:ce=0
Port [ p_read7]:  wired=1; compound=0; hidden=0; nouse=0; global=0; static=0; extern=0; dir=0; type=0; pingpong=0; private_global=0; IO mode=ap_none:ce=0
---------------- STG Properties END ------------------

---------------- Datapath Model BEGIN ----------------

<LifeTime>
<method=bitvector/>
p_read_1     (read          ) [ 011000]
p_read_2     (read          ) [ 011110]
p_read_3     (read          ) [ 011000]
p_read_4     (read          ) [ 011000]
p_read_5     (read          ) [ 011100]
p_read_6     (read          ) [ 011000]
p_read_7     (read          ) [ 011000]
p_read21     (read          ) [ 011000]
sext_ln21    (sext          ) [ 011000]
sext_ln21_4  (sext          ) [ 000000]
sext_ln11    (sext          ) [ 000000]
sext_ln11_1  (sext          ) [ 000000]
sext_ln21_10 (sext          ) [ 000000]
tmp4         (sub           ) [ 000000]
tmp4_cast    (sext          ) [ 011100]
tmp17        (sub           ) [ 000000]
tmp17_cast   (sext          ) [ 000000]
tmp18        (sub           ) [ 000000]
tmp19        (add           ) [ 000000]
tmp19_cast   (sext          ) [ 011100]
sext_ln21_15 (sext          ) [ 011110]
tmp22        (sub           ) [ 000000]
tmp22_cast   (sext          ) [ 011100]
sext_ln21_17 (sext          ) [ 011100]
sext_ln21_1  (sext          ) [ 010110]
sext_ln21_2  (sext          ) [ 000000]
sext_ln21_3  (sext          ) [ 000000]
sext_ln21_5  (sext          ) [ 000000]
sext_ln21_6  (sext          ) [ 000000]
sext_ln21_7  (sext          ) [ 000000]
sext_ln21_8  (sext          ) [ 000000]
sext_ln21_9  (sext          ) [ 000000]
sext_ln21_11 (sext          ) [ 010110]
shl_ln       (bitconcatenate) [ 000000]
tmp          (add           ) [ 000000]
tmp1         (add           ) [ 000000]
tmp218       (add           ) [ 000000]
tmp3         (bitconcatenate) [ 000000]
tmp_1        (bitconcatenate) [ 000000]
tmp5716      (add           ) [ 000000]
tmp6         (bitconcatenate) [ 000000]
add_ln21     (add           ) [ 000000]
tmp_3        (add           ) [ 000000]
add_ln23     (add           ) [ 000000]
trunc_ln     (partselect    ) [ 010111]
sext_ln21_12 (sext          ) [ 010110]
tmp7         (sub           ) [ 000000]
tmp7_cast70  (sext          ) [ 010110]
tmp11        (sub           ) [ 000000]
tmp11_cast   (sext          ) [ 000000]
tmp12        (sub           ) [ 000000]
tmp13        (add           ) [ 000000]
tmp13_cast   (sext          ) [ 010110]
sext_ln21_14 (sext          ) [ 010110]
tmp25        (sub           ) [ 000000]
tmp25_cast72 (sext          ) [ 010110]
tmp27        (add           ) [ 000000]
tmp27_cast   (sext          ) [ 000000]
empty        (trunc         ) [ 000000]
p_shl1       (bitconcatenate) [ 000000]
tmp28        (sub           ) [ 000000]
p_shl        (bitconcatenate) [ 000000]
sub_ln23     (sub           ) [ 000000]
add_ln23_4   (add           ) [ 000000]
trunc_ln23_4 (partselect    ) [ 010111]
tmp35        (sub           ) [ 000000]
sext_ln23    (sext          ) [ 010110]
tmp39        (sub           ) [ 000000]
tmp39_cast   (sext          ) [ 000000]
tmp40        (add           ) [ 000000]
tmp41        (sub           ) [ 000000]
tmp41_cast   (sext          ) [ 010110]
mul_ln21     (mul           ) [ 010010]
tmp5         (mul           ) [ 010010]
mul_ln23_1   (mul           ) [ 010010]
mul_ln21_3   (mul           ) [ 010010]
mul_ln21_4   (mul           ) [ 010010]
mul_ln21_5   (mul           ) [ 010010]
tmp23        (mul           ) [ 010010]
sext_ln21_16 (sext          ) [ 000000]
mul_ln21_7   (mul           ) [ 010010]
mul_ln21_8   (mul           ) [ 010010]
mul_ln23_4   (mul           ) [ 010010]
mul_ln21_11  (mul           ) [ 010010]
mul_ln21_12  (mul           ) [ 010010]
mul_ln11     (mul           ) [ 010001]
sext_ln21_13 (sext          ) [ 000000]
mul_ln21_1   (mul           ) [ 010001]
mul_ln21_2   (mul           ) [ 010001]
mul_ln23     (mul           ) [ 010001]
add_ln23_8   (add           ) [ 010001]
tmp14        (mul           ) [ 010001]
add_ln23_13  (add           ) [ 010001]
mul_ln11_1   (mul           ) [ 010001]
mul_ln23_2   (mul           ) [ 010001]
add_ln23_14  (add           ) [ 010001]
add_ln23_16  (add           ) [ 010001]
mul_ln21_6   (mul           ) [ 010001]
mul_ln21_9   (mul           ) [ 010001]
tmp33        (mul           ) [ 010001]
mul_ln23_3   (mul           ) [ 010001]
add_ln23_19  (add           ) [ 010001]
tmp42        (mul           ) [ 010001]
add_ln23_24  (add           ) [ 010001]
mul_ln21_10  (mul           ) [ 010001]
mul_ln21_13  (mul           ) [ 010001]
tmp51        (mul           ) [ 010001]
mul_ln23_5   (mul           ) [ 010001]
add_ln23_25  (add           ) [ 010001]
add_ln23_9   (add           ) [ 000000]
add_ln23_10  (add           ) [ 000000]
add_ln23_11  (add           ) [ 000000]
add_ln23_12  (add           ) [ 000000]
add_ln23_1   (add           ) [ 000000]
trunc_ln23_1 (partselect    ) [ 000000]
add_ln23_2   (add           ) [ 000000]
trunc_ln23_2 (partselect    ) [ 000000]
add_ln23_15  (add           ) [ 000000]
add_ln23_17  (add           ) [ 000000]
add_ln23_18  (add           ) [ 000000]
add_ln23_3   (add           ) [ 000000]
trunc_ln23_3 (partselect    ) [ 000000]
add_ln23_20  (add           ) [ 000000]
add_ln23_21  (add           ) [ 000000]
add_ln23_22  (add           ) [ 000000]
add_ln23_23  (add           ) [ 000000]
add_ln23_5   (add           ) [ 000000]
trunc_ln23_5 (partselect    ) [ 000000]
add_ln23_6   (add           ) [ 000000]
trunc_ln23_6 (partselect    ) [ 000000]
add_ln23_26  (add           ) [ 000000]
add_ln23_27  (add           ) [ 000000]
add_ln23_28  (add           ) [ 000000]
add_ln23_29  (add           ) [ 000000]
add_ln23_7   (add           ) [ 000000]
trunc_ln23_7 (partselect    ) [ 000000]
mrv          (insertvalue   ) [ 000000]
mrv_1        (insertvalue   ) [ 000000]
mrv_2        (insertvalue   ) [ 000000]
mrv_3        (insertvalue   ) [ 000000]
mrv_4        (insertvalue   ) [ 000000]
mrv_5        (insertvalue   ) [ 000000]
mrv_6        (insertvalue   ) [ 000000]
mrv_7        (insertvalue   ) [ 000000]
ret_ln25     (ret           ) [ 000000]
</LifeTime>

<model>

<comp_list>
<comp id="0" class="1000" name="p_read">
<pin_list>
<pin id="1" dir="1" index="0" bw="1" slack="0"/>
</pin_list>
<bind>
<StgValue><ssdm name="p_read"/></StgValue>
</bind>
</comp>

<comp id="2" class="1000" name="p_read1">
<pin_list>
<pin id="3" dir="1" index="0" bw="1" slack="0"/>
</pin_list>
<bind>
<StgValue><ssdm name="p_read1"/></StgValue>
</bind>
</comp>

<comp id="4" class="1000" name="p_read2">
<pin_list>
<pin id="5" dir="1" index="0" bw="1" slack="0"/>
</pin_list>
<bind>
<StgValue><ssdm name="p_read2"/></StgValue>
</bind>
</comp>

<comp id="6" class="1000" name="p_read3">
<pin_list>
<pin id="7" dir="1" index="0" bw="1" slack="0"/>
</pin_list>
<bind>
<StgValue><ssdm name="p_read3"/></StgValue>
</bind>
</comp>

<comp id="8" class="1000" name="p_read4">
<pin_list>
<pin id="9" dir="1" index="0" bw="1" slack="0"/>
</pin_list>
<bind>
<StgValue><ssdm name="p_read4"/></StgValue>
</bind>
</comp>

<comp id="10" class="1000" name="p_read5">
<pin_list>
<pin id="11" dir="1" index="0" bw="1" slack="0"/>
</pin_list>
<bind>
<StgValue><ssdm name="p_read5"/></StgValue>
</bind>
</comp>

<comp id="12" class="1000" name="p_read6">
<pin_list>
<pin id="13" dir="1" index="0" bw="1" slack="0"/>
</pin_list>
<bind>
<StgValue><ssdm name="p_read6"/></StgValue>
</bind>
</comp>

<comp id="14" class="1000" name="p_read7">
<pin_list>
<pin id="15" dir="1" index="0" bw="1" slack="0"/>
</pin_list>
<bind>
<StgValue><ssdm name="p_read7"/></StgValue>
</bind>
</comp>

<comp id="16" class="1001" name="const_16">
<pin_list>
<pin id="17" dir="1" index="0" bw="1" slack="0"/>
</pin_list>
<bind>
<StgValue><ssdm name="_ssdm_op_Read.ap_auto.i16"/></StgValue>
</bind>
</comp>

<comp id="18" class="1001" name="const_18">
<pin_list>
<pin id="19" dir="1" index="0" bw="1" slack="0"/>
</pin_list>
<bind>
<StgValue><ssdm name=""/></StgValue>
</bind>
</comp>

<comp id="20" class="1001" name="const_20">
<pin_list>
<pin id="21" dir="1" index="0" bw="1" slack="0"/>
</pin_list>
<bind>
<StgValue><ssdm name=""/></StgValue>
</bind>
</comp>

<comp id="22" class="1001" name="const_22">
<pin_list>
<pin id="23" dir="1" index="0" bw="1" slack="0"/>
</pin_list>
<bind>
<StgValue><ssdm name=""/></StgValue>
</bind>
</comp>

<comp id="24" class="1001" name="const_24">
<pin_list>
<pin id="25" dir="1" index="0" bw="1" slack="0"/>
</pin_list>
<bind>
<StgValue><ssdm name=""/></StgValue>
</bind>
</comp>

<comp id="26" class="1001" name="const_26">
<pin_list>
<pin id="27" dir="1" index="0" bw="1" slack="0"/>
</pin_list>
<bind>
<StgValue><ssdm name=""/></StgValue>
</bind>
</comp>

<comp id="28" class="1001" name="const_28">
<pin_list>
<pin id="29" dir="1" index="0" bw="1" slack="0"/>
</pin_list>
<bind>
<StgValue><ssdm name=""/></StgValue>
</bind>
</comp>

<comp id="30" class="1001" name="const_30">
<pin_list>
<pin id="31" dir="1" index="0" bw="1" slack="0"/>
</pin_list>
<bind>
<StgValue><ssdm name="_ssdm_op_BitConcatenate.i29.i16.i13"/></StgValue>
</bind>
</comp>

<comp id="32" class="1001" name="const_32">
<pin_list>
<pin id="33" dir="1" index="0" bw="1" slack="0"/>
</pin_list>
<bind>
<StgValue><ssdm name=""/></StgValue>
</bind>
</comp>

<comp id="34" class="1001" name="const_34">
<pin_list>
<pin id="35" dir="1" index="0" bw="1" slack="0"/>
</pin_list>
<bind>
<StgValue><ssdm name=""/></StgValue>
</bind>
</comp>

<comp id="36" class="1001" name="const_36">
<pin_list>
<pin id="37" dir="1" index="0" bw="1" slack="0"/>
</pin_list>
<bind>
<StgValue><ssdm name="_ssdm_op_PartSelect.i16.i29.i32.i32"/></StgValue>
</bind>
</comp>

<comp id="38" class="1001" name="const_38">
<pin_list>
<pin id="39" dir="1" index="0" bw="1" slack="0"/>
</pin_list>
<bind>
<StgValue><ssdm name=""/></StgValue>
</bind>
</comp>

<comp id="40" class="1001" name="const_40">
<pin_list>
<pin id="41" dir="1" index="0" bw="1" slack="0"/>
</pin_list>
<bind>
<StgValue><ssdm name=""/></StgValue>
</bind>
</comp>

<comp id="42" class="1001" name="const_42">
<pin_list>
<pin id="43" dir="1" index="0" bw="1" slack="0"/>
</pin_list>
<bind>
<StgValue><ssdm name=""/></StgValue>
</bind>
</comp>

<comp id="44" class="1001" name="const_44">
<pin_list>
<pin id="45" dir="1" index="0" bw="1" slack="0"/>
</pin_list>
<bind>
<StgValue><ssdm name=""/></StgValue>
</bind>
</comp>

<comp id="46" class="1001" name="const_46">
<pin_list>
<pin id="47" dir="1" index="0" bw="1" slack="0"/>
</pin_list>
<bind>
<StgValue><ssdm name=""/></StgValue>
</bind>
</comp>

<comp id="48" class="1001" name="const_48">
<pin_list>
<pin id="49" dir="1" index="0" bw="1" slack="0"/>
</pin_list>
<bind>
<StgValue><ssdm name=""/></StgValue>
</bind>
</comp>

<comp id="50" class="1004" name="p_read_1_read_fu_50">
<pin_list>
<pin id="51" dir="0" index="0" bw="16" slack="0"/>
<pin id="52" dir="0" index="1" bw="16" slack="0"/>
<pin id="53" dir="1" index="2" bw="16" slack="0"/>
</pin_list>
<bind>
<opcode="read(1150) " fcode="read"/>
<opset="p_read_1/1 "/>
</bind>
</comp>

<comp id="56" class="1004" name="p_read_2_read_fu_56">
<pin_list>
<pin id="57" dir="0" index="0" bw="16" slack="0"/>
<pin id="58" dir="0" index="1" bw="16" slack="0"/>
<pin id="59" dir="1" index="2" bw="16" slack="1"/>
</pin_list>
<bind>
<opcode="read(1150) " fcode="read"/>
<opset="p_read_2/1 "/>
</bind>
</comp>

<comp id="62" class="1004" name="p_read_3_read_fu_62">
<pin_list>
<pin id="63" dir="0" index="0" bw="16" slack="0"/>
<pin id="64" dir="0" index="1" bw="16" slack="0"/>
<pin id="65" dir="1" index="2" bw="16" slack="0"/>
</pin_list>
<bind>
<opcode="read(1150) " fcode="read"/>
<opset="p_read_3/1 "/>
</bind>
</comp>

<comp id="68" class="1004" name="p_read_4_read_fu_68">
<pin_list>
<pin id="69" dir="0" index="0" bw="16" slack="0"/>
<pin id="70" dir="0" index="1" bw="16" slack="0"/>
<pin id="71" dir="1" index="2" bw="16" slack="0"/>
</pin_list>
<bind>
<opcode="read(1150) " fcode="read"/>
<opset="p_read_4/1 "/>
</bind>
</comp>

<comp id="74" class="1004" name="p_read_5_read_fu_74">
<pin_list>
<pin id="75" dir="0" index="0" bw="16" slack="0"/>
<pin id="76" dir="0" index="1" bw="16" slack="0"/>
<pin id="77" dir="1" index="2" bw="16" slack="0"/>
</pin_list>
<bind>
<opcode="read(1150) " fcode="read"/>
<opset="p_read_5/1 "/>
</bind>
</comp>

<comp id="80" class="1004" name="p_read_6_read_fu_80">
<pin_list>
<pin id="81" dir="0" index="0" bw="16" slack="0"/>
<pin id="82" dir="0" index="1" bw="16" slack="0"/>
<pin id="83" dir="1" index="2" bw="16" slack="1"/>
</pin_list>
<bind>
<opcode="read(1150) " fcode="read"/>
<opset="p_read_6/1 "/>
</bind>
</comp>

<comp id="86" class="1004" name="p_read_7_read_fu_86">
<pin_list>
<pin id="87" dir="0" index="0" bw="16" slack="0"/>
<pin id="88" dir="0" index="1" bw="16" slack="0"/>
<pin id="89" dir="1" index="2" bw="16" slack="1"/>
</pin_list>
<bind>
<opcode="read(1150) " fcode="read"/>
<opset="p_read_7/1 "/>
</bind>
</comp>

<comp id="92" class="1004" name="p_read21_read_fu_92">
<pin_list>
<pin id="93" dir="0" index="0" bw="16" slack="0"/>
<pin id="94" dir="0" index="1" bw="16" slack="0"/>
<pin id="95" dir="1" index="2" bw="16" slack="0"/>
</pin_list>
<bind>
<opcode="read(1150) " fcode="read"/>
<opset="p_read21/1 "/>
</bind>
</comp>

<comp id="98" class="1004" name="sext_ln21_fu_98">
<pin_list>
<pin id="99" dir="0" index="0" bw="16" slack="0"/>
<pin id="100" dir="1" index="1" bw="17" slack="0"/>
</pin_list>
<bind>
<opcode="sext(35) " fcode="sext"/>
<opset="sext_ln21/1 "/>
</bind>
</comp>

<comp id="102" class="1004" name="sext_ln21_4_fu_102">
<pin_list>
<pin id="103" dir="0" index="0" bw="16" slack="0"/>
<pin id="104" dir="1" index="1" bw="17" slack="0"/>
</pin_list>
<bind>
<opcode="sext(35) " fcode="sext"/>
<opset="sext_ln21_4/1 "/>
</bind>
</comp>

<comp id="106" class="1004" name="sext_ln11_fu_106">
<pin_list>
<pin id="107" dir="0" index="0" bw="16" slack="0"/>
<pin id="108" dir="1" index="1" bw="18" slack="0"/>
</pin_list>
<bind>
<opcode="sext(35) " fcode="sext"/>
<opset="sext_ln11/1 "/>
</bind>
</comp>

<comp id="110" class="1004" name="sext_ln11_1_fu_110">
<pin_list>
<pin id="111" dir="0" index="0" bw="16" slack="0"/>
<pin id="112" dir="1" index="1" bw="17" slack="0"/>
</pin_list>
<bind>
<opcode="sext(35) " fcode="sext"/>
<opset="sext_ln11_1/1 "/>
</bind>
</comp>

<comp id="114" class="1004" name="sext_ln21_10_fu_114">
<pin_list>
<pin id="115" dir="0" index="0" bw="16" slack="0"/>
<pin id="116" dir="1" index="1" bw="18" slack="0"/>
</pin_list>
<bind>
<opcode="sext(35) " fcode="sext"/>
<opset="sext_ln21_10/1 "/>
</bind>
</comp>

<comp id="118" class="1004" name="tmp17_fu_118">
<pin_list>
<pin id="119" dir="0" index="0" bw="16" slack="0"/>
<pin id="120" dir="0" index="1" bw="16" slack="0"/>
<pin id="121" dir="1" index="2" bw="17" slack="0"/>
</pin_list>
<bind>
<opcode="sub(10) " fcode="sub"/>
<opset="tmp17/1 "/>
</bind>
</comp>

<comp id="124" class="1004" name="tmp17_cast_fu_124">
<pin_list>
<pin id="125" dir="0" index="0" bw="17" slack="0"/>
<pin id="126" dir="1" index="1" bw="18" slack="0"/>
</pin_list>
<bind>
<opcode="sext(35) " fcode="sext"/>
<opset="tmp17_cast/1 "/>
</bind>
</comp>

<comp id="128" class="1004" name="tmp18_fu_128">
<pin_list>
<pin id="129" dir="0" index="0" bw="17" slack="0"/>
<pin id="130" dir="0" index="1" bw="16" slack="0"/>
<pin id="131" dir="1" index="2" bw="18" slack="0"/>
</pin_list>
<bind>
<opcode="sub(10) " fcode="sub"/>
<opset="tmp18/1 "/>
</bind>
</comp>

<comp id="134" class="1004" name="tmp19_fu_134">
<pin_list>
<pin id="135" dir="0" index="0" bw="18" slack="0"/>
<pin id="136" dir="0" index="1" bw="16" slack="0"/>
<pin id="137" dir="1" index="2" bw="18" slack="0"/>
</pin_list>
<bind>
<opcode="add(8) " fcode="add"/>
<opset="tmp19/1 "/>
</bind>
</comp>

<comp id="140" class="1004" name="tmp19_cast_fu_140">
<pin_list>
<pin id="141" dir="0" index="0" bw="18" slack="0"/>
<pin id="142" dir="1" index="1" bw="29" slack="0"/>
</pin_list>
<bind>
<opcode="sext(35) " fcode="sext"/>
<opset="tmp19_cast/1 "/>
</bind>
</comp>

<comp id="144" class="1004" name="sext_ln21_15_fu_144">
<pin_list>
<pin id="145" dir="0" index="0" bw="16" slack="0"/>
<pin id="146" dir="1" index="1" bw="29" slack="0"/>
</pin_list>
<bind>
<opcode="sext(35) " fcode="sext"/>
<opset="sext_ln21_15/1 "/>
</bind>
</comp>

<comp id="148" class="1004" name="sext_ln21_17_fu_148">
<pin_list>
<pin id="149" dir="0" index="0" bw="16" slack="0"/>
<pin id="150" dir="1" index="1" bw="29" slack="0"/>
</pin_list>
<bind>
<opcode="sext(35) " fcode="sext"/>
<opset="sext_ln21_17/1 "/>
</bind>
</comp>

<comp id="152" class="1004" name="sext_ln21_1_fu_152">
<pin_list>
<pin id="153" dir="0" index="0" bw="16" slack="1"/>
<pin id="154" dir="1" index="1" bw="29" slack="0"/>
</pin_list>
<bind>
<opcode="sext(35) " fcode="sext"/>
<opset="sext_ln21_1/2 "/>
</bind>
</comp>

<comp id="155" class="1004" name="sext_ln21_2_fu_155">
<pin_list>
<pin id="156" dir="0" index="0" bw="16" slack="1"/>
<pin id="157" dir="1" index="1" bw="17" slack="0"/>
</pin_list>
<bind>
<opcode="sext(35) " fcode="sext"/>
<opset="sext_ln21_2/2 "/>
</bind>
</comp>

<comp id="158" class="1004" name="sext_ln21_3_fu_158">
<pin_list>
<pin id="159" dir="0" index="0" bw="16" slack="1"/>
<pin id="160" dir="1" index="1" bw="17" slack="0"/>
</pin_list>
<bind>
<opcode="sext(35) " fcode="sext"/>
<opset="sext_ln21_3/2 "/>
</bind>
</comp>

<comp id="161" class="1004" name="sext_ln21_5_fu_161">
<pin_list>
<pin id="162" dir="0" index="0" bw="16" slack="1"/>
<pin id="163" dir="1" index="1" bw="18" slack="0"/>
</pin_list>
<bind>
<opcode="sext(35) " fcode="sext"/>
<opset="sext_ln21_5/2 "/>
</bind>
</comp>

<comp id="164" class="1004" name="sext_ln21_6_fu_164">
<pin_list>
<pin id="165" dir="0" index="0" bw="16" slack="1"/>
<pin id="166" dir="1" index="1" bw="17" slack="0"/>
</pin_list>
<bind>
<opcode="sext(35) " fcode="sext"/>
<opset="sext_ln21_6/2 "/>
</bind>
</comp>

<comp id="167" class="1004" name="sext_ln21_7_fu_167">
<pin_list>
<pin id="168" dir="0" index="0" bw="16" slack="1"/>
<pin id="169" dir="1" index="1" bw="17" slack="0"/>
</pin_list>
<bind>
<opcode="sext(35) " fcode="sext"/>
<opset="sext_ln21_7/2 "/>
</bind>
</comp>

<comp id="170" class="1004" name="sext_ln21_8_fu_170">
<pin_list>
<pin id="171" dir="0" index="0" bw="16" slack="1"/>
<pin id="172" dir="1" index="1" bw="18" slack="0"/>
</pin_list>
<bind>
<opcode="sext(35) " fcode="sext"/>
<opset="sext_ln21_8/2 "/>
</bind>
</comp>

<comp id="173" class="1004" name="sext_ln21_9_fu_173">
<pin_list>
<pin id="174" dir="0" index="0" bw="16" slack="1"/>
<pin id="175" dir="1" index="1" bw="17" slack="0"/>
</pin_list>
<bind>
<opcode="sext(35) " fcode="sext"/>
<opset="sext_ln21_9/2 "/>
</bind>
</comp>

<comp id="176" class="1004" name="sext_ln21_11_fu_176">
<pin_list>
<pin id="177" dir="0" index="0" bw="16" slack="1"/>
<pin id="178" dir="1" index="1" bw="29" slack="0"/>
</pin_list>
<bind>
<opcode="sext(35) " fcode="sext"/>
<opset="sext_ln21_11/2 "/>
</bind>
</comp>

<comp id="179" class="1004" name="shl_ln_fu_179">
<pin_list>
<pin id="180" dir="0" index="0" bw="29" slack="0"/>
<pin id="181" dir="0" index="1" bw="16" slack="1"/>
<pin id="182" dir="0" index="2" bw="1" slack="0"/>
<pin id="183" dir="1" index="3" bw="29" slack="0"/>
</pin_list>
<bind>
<opcode="bitconcatenate(1004) " fcode="bitconcatenate"/>
<opset="shl_ln/2 "/>
</bind>
</comp>

<comp id="186" class="1004" name="tmp_fu_186">
<pin_list>
<pin id="187" dir="0" index="0" bw="16" slack="1"/>
<pin id="188" dir="0" index="1" bw="16" slack="1"/>
<pin id="189" dir="1" index="2" bw="16" slack="0"/>
</pin_list>
<bind>
<opcode="add(8) " fcode="add"/>
<opset="tmp/2 "/>
</bind>
</comp>

<comp id="190" class="1004" name="tmp1_fu_190">
<pin_list>
<pin id="191" dir="0" index="0" bw="16" slack="1"/>
<pin id="192" dir="0" index="1" bw="16" slack="1"/>
<pin id="193" dir="1" index="2" bw="16" slack="0"/>
</pin_list>
<bind>
<opcode="add(8) " fcode="add"/>
<opset="tmp1/2 "/>
</bind>
</comp>

<comp id="194" class="1004" name="tmp218_fu_194">
<pin_list>
<pin id="195" dir="0" index="0" bw="16" slack="0"/>
<pin id="196" dir="0" index="1" bw="16" slack="0"/>
<pin id="197" dir="1" index="2" bw="16" slack="0"/>
</pin_list>
<bind>
<opcode="add(8) " fcode="add"/>
<opset="tmp218/2 "/>
</bind>
</comp>

<comp id="200" class="1004" name="tmp3_fu_200">
<pin_list>
<pin id="201" dir="0" index="0" bw="29" slack="0"/>
<pin id="202" dir="0" index="1" bw="16" slack="0"/>
<pin id="203" dir="0" index="2" bw="1" slack="0"/>
<pin id="204" dir="1" index="3" bw="29" slack="0"/>
</pin_list>
<bind>
<opcode="bitconcatenate(1004) " fcode="bitconcatenate"/>
<opset="tmp3/2 "/>
</bind>
</comp>

<comp id="208" class="1004" name="tmp_1_fu_208">
<pin_list>
<pin id="209" dir="0" index="0" bw="29" slack="0"/>
<pin id="210" dir="0" index="1" bw="16" slack="1"/>
<pin id="211" dir="0" index="2" bw="13" slack="0"/>
<pin id="212" dir="1" index="3" bw="29" slack="0"/>
</pin_list>
<bind>
<opcode="bitconcatenate(1004) " fcode="bitconcatenate"/>
<opset="tmp_1/2 "/>
</bind>
</comp>

<comp id="215" class="1004" name="tmp5716_fu_215">
<pin_list>
<pin id="216" dir="0" index="0" bw="16" slack="1"/>
<pin id="217" dir="0" index="1" bw="16" slack="1"/>
<pin id="218" dir="1" index="2" bw="16" slack="0"/>
</pin_list>
<bind>
<opcode="add(8) " fcode="add"/>
<opset="tmp5716/2 "/>
</bind>
</comp>

<comp id="219" class="1004" name="tmp6_fu_219">
<pin_list>
<pin id="220" dir="0" index="0" bw="29" slack="0"/>
<pin id="221" dir="0" index="1" bw="16" slack="0"/>
<pin id="222" dir="0" index="2" bw="1" slack="0"/>
<pin id="223" dir="1" index="3" bw="29" slack="0"/>
</pin_list>
<bind>
<opcode="bitconcatenate(1004) " fcode="bitconcatenate"/>
<opset="tmp6/2 "/>
</bind>
</comp>

<comp id="227" class="1004" name="add_ln21_fu_227">
<pin_list>
<pin id="228" dir="0" index="0" bw="29" slack="0"/>
<pin id="229" dir="0" index="1" bw="29" slack="0"/>
<pin id="230" dir="1" index="2" bw="29" slack="0"/>
</pin_list>
<bind>
<opcode="add(8) " fcode="add"/>
<opset="add_ln21/2 "/>
</bind>
</comp>

<comp id="233" class="1004" name="tmp_3_fu_233">
<pin_list>
<pin id="234" dir="0" index="0" bw="29" slack="0"/>
<pin id="235" dir="0" index="1" bw="29" slack="0"/>
<pin id="236" dir="1" index="2" bw="29" slack="0"/>
</pin_list>
<bind>
<opcode="add(8) " fcode="add"/>
<opset="tmp_3/2 "/>
</bind>
</comp>

<comp id="239" class="1004" name="add_ln23_fu_239">
<pin_list>
<pin id="240" dir="0" index="0" bw="29" slack="0"/>
<pin id="241" dir="0" index="1" bw="29" slack="0"/>
<pin id="242" dir="1" index="2" bw="29" slack="0"/>
</pin_list>
<bind>
<opcode="add(8) " fcode="add"/>
<opset="add_ln23/2 "/>
</bind>
</comp>

<comp id="245" class="1004" name="trunc_ln_fu_245">
<pin_list>
<pin id="246" dir="0" index="0" bw="16" slack="0"/>
<pin id="247" dir="0" index="1" bw="29" slack="0"/>
<pin id="248" dir="0" index="2" bw="5" slack="0"/>
<pin id="249" dir="0" index="3" bw="6" slack="0"/>
<pin id="250" dir="1" index="4" bw="16" slack="3"/>
</pin_list>
<bind>
<opcode="partselect(1002) " fcode="partselect"/>
<opset="trunc_ln/2 "/>
</bind>
</comp>

<comp id="255" class="1004" name="sext_ln21_12_fu_255">
<pin_list>
<pin id="256" dir="0" index="0" bw="16" slack="1"/>
<pin id="257" dir="1" index="1" bw="29" slack="0"/>
</pin_list>
<bind>
<opcode="sext(35) " fcode="sext"/>
<opset="sext_ln21_12/2 "/>
</bind>
</comp>

<comp id="258" class="1004" name="tmp7_fu_258">
<pin_list>
<pin id="259" dir="0" index="0" bw="16" slack="0"/>
<pin id="260" dir="0" index="1" bw="16" slack="0"/>
<pin id="261" dir="1" index="2" bw="17" slack="0"/>
</pin_list>
<bind>
<opcode="sub(10) " fcode="sub"/>
<opset="tmp7/2 "/>
</bind>
</comp>

<comp id="264" class="1004" name="tmp7_cast70_fu_264">
<pin_list>
<pin id="265" dir="0" index="0" bw="17" slack="0"/>
<pin id="266" dir="1" index="1" bw="29" slack="0"/>
</pin_list>
<bind>
<opcode="sext(35) " fcode="sext"/>
<opset="tmp7_cast70/2 "/>
</bind>
</comp>

<comp id="268" class="1004" name="tmp11_fu_268">
<pin_list>
<pin id="269" dir="0" index="0" bw="16" slack="0"/>
<pin id="270" dir="0" index="1" bw="16" slack="0"/>
<pin id="271" dir="1" index="2" bw="17" slack="0"/>
</pin_list>
<bind>
<opcode="sub(10) " fcode="sub"/>
<opset="tmp11/2 "/>
</bind>
</comp>

<comp id="274" class="1004" name="tmp11_cast_fu_274">
<pin_list>
<pin id="275" dir="0" index="0" bw="17" slack="0"/>
<pin id="276" dir="1" index="1" bw="18" slack="0"/>
</pin_list>
<bind>
<opcode="sext(35) " fcode="sext"/>
<opset="tmp11_cast/2 "/>
</bind>
</comp>

<comp id="278" class="1004" name="tmp12_fu_278">
<pin_list>
<pin id="279" dir="0" index="0" bw="17" slack="0"/>
<pin id="280" dir="0" index="1" bw="16" slack="0"/>
<pin id="281" dir="1" index="2" bw="18" slack="0"/>
</pin_list>
<bind>
<opcode="sub(10) " fcode="sub"/>
<opset="tmp12/2 "/>
</bind>
</comp>

<comp id="284" class="1004" name="sext_ln21_14_fu_284">
<pin_list>
<pin id="285" dir="0" index="0" bw="16" slack="1"/>
<pin id="286" dir="1" index="1" bw="29" slack="0"/>
</pin_list>
<bind>
<opcode="sext(35) " fcode="sext"/>
<opset="sext_ln21_14/2 "/>
</bind>
</comp>

<comp id="287" class="1004" name="tmp25_fu_287">
<pin_list>
<pin id="288" dir="0" index="0" bw="16" slack="0"/>
<pin id="289" dir="0" index="1" bw="16" slack="0"/>
<pin id="290" dir="1" index="2" bw="17" slack="0"/>
</pin_list>
<bind>
<opcode="sub(10) " fcode="sub"/>
<opset="tmp25/2 "/>
</bind>
</comp>

<comp id="293" class="1004" name="tmp25_cast72_fu_293">
<pin_list>
<pin id="294" dir="0" index="0" bw="17" slack="0"/>
<pin id="295" dir="1" index="1" bw="29" slack="0"/>
</pin_list>
<bind>
<opcode="sext(35) " fcode="sext"/>
<opset="tmp25_cast72/2 "/>
</bind>
</comp>

<comp id="297" class="1004" name="tmp27_fu_297">
<pin_list>
<pin id="298" dir="0" index="0" bw="16" slack="0"/>
<pin id="299" dir="0" index="1" bw="16" slack="0"/>
<pin id="300" dir="1" index="2" bw="17" slack="0"/>
</pin_list>
<bind>
<opcode="add(8) " fcode="add"/>
<opset="tmp27/2 "/>
</bind>
</comp>

<comp id="303" class="1004" name="tmp27_cast_fu_303">
<pin_list>
<pin id="304" dir="0" index="0" bw="17" slack="0"/>
<pin id="305" dir="1" index="1" bw="29" slack="0"/>
</pin_list>
<bind>
<opcode="sext(35) " fcode="sext"/>
<opset="tmp27_cast/2 "/>
</bind>
</comp>

<comp id="307" class="1004" name="empty_fu_307">
<pin_list>
<pin id="308" dir="0" index="0" bw="17" slack="0"/>
<pin id="309" dir="1" index="1" bw="16" slack="0"/>
</pin_list>
<bind>
<opcode="trunc(33) " fcode="trunc"/>
<opset="empty/2 "/>
</bind>
</comp>

<comp id="311" class="1004" name="p_shl1_fu_311">
<pin_list>
<pin id="312" dir="0" index="0" bw="29" slack="0"/>
<pin id="313" dir="0" index="1" bw="16" slack="0"/>
<pin id="314" dir="0" index="2" bw="1" slack="0"/>
<pin id="315" dir="1" index="3" bw="29" slack="0"/>
</pin_list>
<bind>
<opcode="bitconcatenate(1004) " fcode="bitconcatenate"/>
<opset="p_shl1/2 "/>
</bind>
</comp>

<comp id="319" class="1004" name="tmp28_fu_319">
<pin_list>
<pin id="320" dir="0" index="0" bw="17" slack="0"/>
<pin id="321" dir="0" index="1" bw="29" slack="0"/>
<pin id="322" dir="1" index="2" bw="29" slack="0"/>
</pin_list>
<bind>
<opcode="sub(10) " fcode="sub"/>
<opset="tmp28/2 "/>
</bind>
</comp>

<comp id="325" class="1004" name="p_shl_fu_325">
<pin_list>
<pin id="326" dir="0" index="0" bw="29" slack="0"/>
<pin id="327" dir="0" index="1" bw="16" slack="0"/>
<pin id="328" dir="0" index="2" bw="1" slack="0"/>
<pin id="329" dir="1" index="3" bw="29" slack="0"/>
</pin_list>
<bind>
<opcode="bitconcatenate(1004) " fcode="bitconcatenate"/>
<opset="p_shl/2 "/>
</bind>
</comp>

<comp id="333" class="1004" name="sub_ln23_fu_333">
<pin_list>
<pin id="334" dir="0" index="0" bw="29" slack="0"/>
<pin id="335" dir="0" index="1" bw="29" slack="0"/>
<pin id="336" dir="1" index="2" bw="29" slack="0"/>
</pin_list>
<bind>
<opcode="sub(10) " fcode="sub"/>
<opset="sub_ln23/2 "/>
</bind>
</comp>

<comp id="339" class="1004" name="add_ln23_4_fu_339">
<pin_list>
<pin id="340" dir="0" index="0" bw="29" slack="0"/>
<pin id="341" dir="0" index="1" bw="29" slack="0"/>
<pin id="342" dir="1" index="2" bw="29" slack="0"/>
</pin_list>
<bind>
<opcode="add(8) " fcode="add"/>
<opset="add_ln23_4/2 "/>
</bind>
</comp>

<comp id="345" class="1004" name="trunc_ln23_4_fu_345">
<pin_list>
<pin id="346" dir="0" index="0" bw="16" slack="0"/>
<pin id="347" dir="0" index="1" bw="29" slack="0"/>
<pin id="348" dir="0" index="2" bw="5" slack="0"/>
<pin id="349" dir="0" index="3" bw="6" slack="0"/>
<pin id="350" dir="1" index="4" bw="16" slack="3"/>
</pin_list>
<bind>
<opcode="partselect(1002) " fcode="partselect"/>
<opset="trunc_ln23_4/2 "/>
</bind>
</comp>

<comp id="355" class="1004" name="tmp35_fu_355">
<pin_list>
<pin id="356" dir="0" index="0" bw="16" slack="1"/>
<pin id="357" dir="0" index="1" bw="16" slack="0"/>
<pin id="358" dir="1" index="2" bw="17" slack="0"/>
</pin_list>
<bind>
<opcode="sub(10) " fcode="sub"/>
<opset="tmp35/2 "/>
</bind>
</comp>

<comp id="360" class="1004" name="sext_ln23_fu_360">
<pin_list>
<pin id="361" dir="0" index="0" bw="17" slack="0"/>
<pin id="362" dir="1" index="1" bw="29" slack="0"/>
</pin_list>
<bind>
<opcode="sext(35) " fcode="sext"/>
<opset="sext_ln23/2 "/>
</bind>
</comp>

<comp id="364" class="1004" name="tmp39_fu_364">
<pin_list>
<pin id="365" dir="0" index="0" bw="16" slack="0"/>
<pin id="366" dir="0" index="1" bw="16" slack="0"/>
<pin id="367" dir="1" index="2" bw="17" slack="0"/>
</pin_list>
<bind>
<opcode="sub(10) " fcode="sub"/>
<opset="tmp39/2 "/>
</bind>
</comp>

<comp id="370" class="1004" name="tmp39_cast_fu_370">
<pin_list>
<pin id="371" dir="0" index="0" bw="17" slack="0"/>
<pin id="372" dir="1" index="1" bw="18" slack="0"/>
</pin_list>
<bind>
<opcode="sext(35) " fcode="sext"/>
<opset="tmp39_cast/2 "/>
</bind>
</comp>

<comp id="374" class="1004" name="tmp40_fu_374">
<pin_list>
<pin id="375" dir="0" index="0" bw="17" slack="0"/>
<pin id="376" dir="0" index="1" bw="16" slack="0"/>
<pin id="377" dir="1" index="2" bw="18" slack="0"/>
</pin_list>
<bind>
<opcode="add(8) " fcode="add"/>
<opset="tmp40/2 "/>
</bind>
</comp>

<comp id="380" class="1004" name="mul_ln21_fu_380">
<pin_list>
<pin id="381" dir="0" index="0" bw="16" slack="1"/>
<pin id="382" dir="0" index="1" bw="15" slack="0"/>
<pin id="383" dir="1" index="2" bw="29" slack="0"/>
</pin_list>
<bind>
<opcode="mul(12) " fcode="mul"/>
<opset="mul_ln21/3 "/>
</bind>
</comp>

<comp id="385" class="1004" name="mul_ln21_3_fu_385">
<pin_list>
<pin id="386" dir="0" index="0" bw="16" slack="1"/>
<pin id="387" dir="0" index="1" bw="15" slack="0"/>
<pin id="388" dir="1" index="2" bw="29" slack="0"/>
</pin_list>
<bind>
<opcode="mul(12) " fcode="mul"/>
<opset="mul_ln21_3/3 "/>
</bind>
</comp>

<comp id="390" class="1004" name="mul_ln21_5_fu_390">
<pin_list>
<pin id="391" dir="0" index="0" bw="16" slack="1"/>
<pin id="392" dir="0" index="1" bw="15" slack="0"/>
<pin id="393" dir="1" index="2" bw="29" slack="0"/>
</pin_list>
<bind>
<opcode="mul(12) " fcode="mul"/>
<opset="mul_ln21_5/3 "/>
</bind>
</comp>

<comp id="395" class="1004" name="sext_ln21_16_fu_395">
<pin_list>
<pin id="396" dir="0" index="0" bw="16" slack="2"/>
<pin id="397" dir="1" index="1" bw="29" slack="0"/>
</pin_list>
<bind>
<opcode="sext(35) " fcode="sext"/>
<opset="sext_ln21_16/3 "/>
</bind>
</comp>

<comp id="398" class="1004" name="mul_ln21_7_fu_398">
<pin_list>
<pin id="399" dir="0" index="0" bw="16" slack="0"/>
<pin id="400" dir="0" index="1" bw="15" slack="0"/>
<pin id="401" dir="1" index="2" bw="29" slack="0"/>
</pin_list>
<bind>
<opcode="mul(12) " fcode="mul"/>
<opset="mul_ln21_7/3 "/>
</bind>
</comp>

<comp id="404" class="1004" name="mul_ln21_11_fu_404">
<pin_list>
<pin id="405" dir="0" index="0" bw="16" slack="0"/>
<pin id="406" dir="0" index="1" bw="15" slack="0"/>
<pin id="407" dir="1" index="2" bw="29" slack="0"/>
</pin_list>
<bind>
<opcode="mul(12) " fcode="mul"/>
<opset="mul_ln21_11/3 "/>
</bind>
</comp>

<comp id="410" class="1004" name="sext_ln21_13_fu_410">
<pin_list>
<pin id="411" dir="0" index="0" bw="16" slack="3"/>
<pin id="412" dir="1" index="1" bw="29" slack="0"/>
</pin_list>
<bind>
<opcode="sext(35) " fcode="sext"/>
<opset="sext_ln21_13/4 "/>
</bind>
</comp>

<comp id="413" class="1004" name="mul_ln21_1_fu_413">
<pin_list>
<pin id="414" dir="0" index="0" bw="16" slack="0"/>
<pin id="415" dir="0" index="1" bw="15" slack="0"/>
<pin id="416" dir="1" index="2" bw="29" slack="0"/>
</pin_list>
<bind>
<opcode="mul(12) " fcode="mul"/>
<opset="mul_ln21_1/4 "/>
</bind>
</comp>

<comp id="419" class="1004" name="mul_ln21_9_fu_419">
<pin_list>
<pin id="420" dir="0" index="0" bw="16" slack="0"/>
<pin id="421" dir="0" index="1" bw="15" slack="0"/>
<pin id="422" dir="1" index="2" bw="29" slack="0"/>
</pin_list>
<bind>
<opcode="mul(12) " fcode="mul"/>
<opset="mul_ln21_9/4 "/>
</bind>
</comp>

<comp id="425" class="1004" name="mul_ln21_13_fu_425">
<pin_list>
<pin id="426" dir="0" index="0" bw="16" slack="3"/>
<pin id="427" dir="0" index="1" bw="15" slack="0"/>
<pin id="428" dir="1" index="2" bw="29" slack="0"/>
</pin_list>
<bind>
<opcode="mul(12) " fcode="mul"/>
<opset="mul_ln21_13/4 "/>
</bind>
</comp>

<comp id="430" class="1004" name="add_ln23_12_fu_430">
<pin_list>
<pin id="431" dir="0" index="0" bw="29" slack="0"/>
<pin id="432" dir="0" index="1" bw="29" slack="0"/>
<pin id="433" dir="1" index="2" bw="29" slack="0"/>
</pin_list>
<bind>
<opcode="add(8) " fcode="add"/>
<opset="add_ln23_12/5 "/>
</bind>
</comp>

<comp id="434" class="1004" name="add_ln23_1_fu_434">
<pin_list>
<pin id="435" dir="0" index="0" bw="29" slack="0"/>
<pin id="436" dir="0" index="1" bw="29" slack="0"/>
<pin id="437" dir="1" index="2" bw="29" slack="0"/>
</pin_list>
<bind>
<opcode="add(8) " fcode="add"/>
<opset="add_ln23_1/5 "/>
</bind>
</comp>

<comp id="439" class="1004" name="trunc_ln23_1_fu_439">
<pin_list>
<pin id="440" dir="0" index="0" bw="16" slack="0"/>
<pin id="441" dir="0" index="1" bw="29" slack="0"/>
<pin id="442" dir="0" index="2" bw="5" slack="0"/>
<pin id="443" dir="0" index="3" bw="6" slack="0"/>
<pin id="444" dir="1" index="4" bw="16" slack="0"/>
</pin_list>
<bind>
<opcode="partselect(1002) " fcode="partselect"/>
<opset="trunc_ln23_1/5 "/>
</bind>
</comp>

<comp id="449" class="1004" name="trunc_ln23_2_fu_449">
<pin_list>
<pin id="450" dir="0" index="0" bw="16" slack="0"/>
<pin id="451" dir="0" index="1" bw="29" slack="0"/>
<pin id="452" dir="0" index="2" bw="5" slack="0"/>
<pin id="453" dir="0" index="3" bw="6" slack="0"/>
<pin id="454" dir="1" index="4" bw="16" slack="0"/>
</pin_list>
<bind>
<opcode="partselect(1002) " fcode="partselect"/>
<opset="trunc_ln23_2/5 "/>
</bind>
</comp>

<comp id="458" class="1004" name="add_ln23_18_fu_458">
<pin_list>
<pin id="459" dir="0" index="0" bw="29" slack="0"/>
<pin id="460" dir="0" index="1" bw="29" slack="1"/>
<pin id="461" dir="1" index="2" bw="29" slack="0"/>
</pin_list>
<bind>
<opcode="add(8) " fcode="add"/>
<opset="add_ln23_18/5 "/>
</bind>
</comp>

<comp id="462" class="1004" name="add_ln23_3_fu_462">
<pin_list>
<pin id="463" dir="0" index="0" bw="29" slack="0"/>
<pin id="464" dir="0" index="1" bw="29" slack="0"/>
<pin id="465" dir="1" index="2" bw="29" slack="0"/>
</pin_list>
<bind>
<opcode="add(8) " fcode="add"/>
<opset="add_ln23_3/5 "/>
</bind>
</comp>

<comp id="467" class="1004" name="trunc_ln23_3_fu_467">
<pin_list>
<pin id="468" dir="0" index="0" bw="16" slack="0"/>
<pin id="469" dir="0" index="1" bw="29" slack="0"/>
<pin id="470" dir="0" index="2" bw="5" slack="0"/>
<pin id="471" dir="0" index="3" bw="6" slack="0"/>
<pin id="472" dir="1" index="4" bw="16" slack="0"/>
</pin_list>
<bind>
<opcode="partselect(1002) " fcode="partselect"/>
<opset="trunc_ln23_3/5 "/>
</bind>
</comp>

<comp id="477" class="1004" name="add_ln23_23_fu_477">
<pin_list>
<pin id="478" dir="0" index="0" bw="29" slack="0"/>
<pin id="479" dir="0" index="1" bw="29" slack="0"/>
<pin id="480" dir="1" index="2" bw="29" slack="0"/>
</pin_list>
<bind>
<opcode="add(8) " fcode="add"/>
<opset="add_ln23_23/5 "/>
</bind>
</comp>

<comp id="481" class="1004" name="add_ln23_5_fu_481">
<pin_list>
<pin id="482" dir="0" index="0" bw="29" slack="0"/>
<pin id="483" dir="0" index="1" bw="29" slack="0"/>
<pin id="484" dir="1" index="2" bw="29" slack="0"/>
</pin_list>
<bind>
<opcode="add(8) " fcode="add"/>
<opset="add_ln23_5/5 "/>
</bind>
</comp>

<comp id="486" class="1004" name="trunc_ln23_5_fu_486">
<pin_list>
<pin id="487" dir="0" index="0" bw="16" slack="0"/>
<pin id="488" dir="0" index="1" bw="29" slack="0"/>
<pin id="489" dir="0" index="2" bw="5" slack="0"/>
<pin id="490" dir="0" index="3" bw="6" slack="0"/>
<pin id="491" dir="1" index="4" bw="16" slack="0"/>
</pin_list>
<bind>
<opcode="partselect(1002) " fcode="partselect"/>
<opset="trunc_ln23_5/5 "/>
</bind>
</comp>

<comp id="496" class="1004" name="trunc_ln23_6_fu_496">
<pin_list>
<pin id="497" dir="0" index="0" bw="16" slack="0"/>
<pin id="498" dir="0" index="1" bw="29" slack="0"/>
<pin id="499" dir="0" index="2" bw="5" slack="0"/>
<pin id="500" dir="0" index="3" bw="6" slack="0"/>
<pin id="501" dir="1" index="4" bw="16" slack="0"/>
</pin_list>
<bind>
<opcode="partselect(1002) " fcode="partselect"/>
<opset="trunc_ln23_6/5 "/>
</bind>
</comp>

<comp id="505" class="1004" name="add_ln23_29_fu_505">
<pin_list>
<pin id="506" dir="0" index="0" bw="29" slack="0"/>
<pin id="507" dir="0" index="1" bw="29" slack="0"/>
<pin id="508" dir="1" index="2" bw="29" slack="0"/>
</pin_list>
<bind>
<opcode="add(8) " fcode="add"/>
<opset="add_ln23_29/5 "/>
</bind>
</comp>

<comp id="509" class="1004" name="add_ln23_7_fu_509">
<pin_list>
<pin id="510" dir="0" index="0" bw="29" slack="0"/>
<pin id="511" dir="0" index="1" bw="29" slack="0"/>
<pin id="512" dir="1" index="2" bw="29" slack="0"/>
</pin_list>
<bind>
<opcode="add(8) " fcode="add"/>
<opset="add_ln23_7/5 "/>
</bind>
</comp>

<comp id="514" class="1004" name="trunc_ln23_7_fu_514">
<pin_list>
<pin id="515" dir="0" index="0" bw="16" slack="0"/>
<pin id="516" dir="0" index="1" bw="29" slack="0"/>
<pin id="517" dir="0" index="2" bw="5" slack="0"/>
<pin id="518" dir="0" index="3" bw="6" slack="0"/>
<pin id="519" dir="1" index="4" bw="16" slack="0"/>
</pin_list>
<bind>
<opcode="partselect(1002) " fcode="partselect"/>
<opset="trunc_ln23_7/5 "/>
</bind>
</comp>

<comp id="524" class="1004" name="mrv_fu_524">
<pin_list>
<pin id="525" dir="0" index="0" bw="128" slack="0"/>
<pin id="526" dir="0" index="1" bw="16" slack="3"/>
<pin id="527" dir="1" index="2" bw="128" slack="0"/>
</pin_list>
<bind>
<opcode="insertvalue(57) " fcode="insertvalue"/>
<opset="mrv/5 "/>
</bind>
</comp>

<comp id="529" class="1004" name="mrv_1_fu_529">
<pin_list>
<pin id="530" dir="0" index="0" bw="128" slack="0"/>
<pin id="531" dir="0" index="1" bw="16" slack="0"/>
<pin id="532" dir="1" index="2" bw="128" slack="0"/>
</pin_list>
<bind>
<opcode="insertvalue(57) " fcode="insertvalue"/>
<opset="mrv_1/5 "/>
</bind>
</comp>

<comp id="535" class="1004" name="mrv_2_fu_535">
<pin_list>
<pin id="536" dir="0" index="0" bw="128" slack="0"/>
<pin id="537" dir="0" index="1" bw="16" slack="0"/>
<pin id="538" dir="1" index="2" bw="128" slack="0"/>
</pin_list>
<bind>
<opcode="insertvalue(57) " fcode="insertvalue"/>
<opset="mrv_2/5 "/>
</bind>
</comp>

<comp id="541" class="1004" name="mrv_3_fu_541">
<pin_list>
<pin id="542" dir="0" index="0" bw="128" slack="0"/>
<pin id="543" dir="0" index="1" bw="16" slack="0"/>
<pin id="544" dir="1" index="2" bw="128" slack="0"/>
</pin_list>
<bind>
<opcode="insertvalue(57) " fcode="insertvalue"/>
<opset="mrv_3/5 "/>
</bind>
</comp>

<comp id="547" class="1004" name="mrv_4_fu_547">
<pin_list>
<pin id="548" dir="0" index="0" bw="128" slack="0"/>
<pin id="549" dir="0" index="1" bw="16" slack="3"/>
<pin id="550" dir="1" index="2" bw="128" slack="0"/>
</pin_list>
<bind>
<opcode="insertvalue(57) " fcode="insertvalue"/>
<opset="mrv_4/5 "/>
</bind>
</comp>

<comp id="552" class="1004" name="mrv_5_fu_552">
<pin_list>
<pin id="553" dir="0" index="0" bw="128" slack="0"/>
<pin id="554" dir="0" index="1" bw="16" slack="0"/>
<pin id="555" dir="1" index="2" bw="128" slack="0"/>
</pin_list>
<bind>
<opcode="insertvalue(57) " fcode="insertvalue"/>
<opset="mrv_5/5 "/>
</bind>
</comp>

<comp id="558" class="1004" name="mrv_6_fu_558">
<pin_list>
<pin id="559" dir="0" index="0" bw="128" slack="0"/>
<pin id="560" dir="0" index="1" bw="16" slack="0"/>
<pin id="561" dir="1" index="2" bw="128" slack="0"/>
</pin_list>
<bind>
<opcode="insertvalue(57) " fcode="insertvalue"/>
<opset="mrv_6/5 "/>
</bind>
</comp>

<comp id="564" class="1004" name="mrv_7_fu_564">
<pin_list>
<pin id="565" dir="0" index="0" bw="128" slack="0"/>
<pin id="566" dir="0" index="1" bw="16" slack="0"/>
<pin id="567" dir="1" index="2" bw="128" slack="2147483647"/>
</pin_list>
<bind>
<opcode="insertvalue(57) " fcode="insertvalue"/>
<opset="mrv_7/5 "/>
</bind>
</comp>

<comp id="570" class="1007" name="grp_fu_570">
<pin_list>
<pin id="571" dir="0" index="0" bw="16" slack="0"/>
<pin id="572" dir="0" index="1" bw="16" slack="0"/>
<pin id="573" dir="0" index="2" bw="12" slack="0"/>
<pin id="574" dir="0" index="3" bw="29" slack="0"/>
<pin id="575" dir="1" index="4" bw="29" slack="0"/>
</pin_list>
<bind>
<opcode="submuladd(1176) " fcode="submuladd"/>
<opset="tmp4/1 tmp4_cast/1 tmp5/1 add_ln23_8/3 "/>
</bind>
</comp>

<comp id="580" class="1007" name="grp_fu_580">
<pin_list>
<pin id="581" dir="0" index="0" bw="18" slack="0"/>
<pin id="582" dir="0" index="1" bw="14" slack="0"/>
<pin id="583" dir="0" index="2" bw="13" slack="0"/>
<pin id="584" dir="1" index="3" bw="29" slack="0"/>
</pin_list>
<bind>
<opcode="muladd(1172) " fcode="muladd"/>
<opset="mul_ln23_1/1 add_ln23_13/3 "/>
</bind>
</comp>

<comp id="588" class="1007" name="grp_fu_588">
<pin_list>
<pin id="589" dir="0" index="0" bw="16" slack="0"/>
<pin id="590" dir="0" index="1" bw="14" slack="0"/>
<pin id="591" dir="0" index="2" bw="29" slack="0"/>
<pin id="592" dir="1" index="3" bw="29" slack="0"/>
</pin_list>
<bind>
<opcode="muladd(1172) " fcode="muladd"/>
<opset="mul_ln21_4/1 add_ln23_14/3 "/>
</bind>
</comp>

<comp id="596" class="1007" name="grp_fu_596">
<pin_list>
<pin id="597" dir="0" index="0" bw="16" slack="0"/>
<pin id="598" dir="0" index="1" bw="16" slack="0"/>
<pin id="599" dir="0" index="2" bw="13" slack="0"/>
<pin id="600" dir="0" index="3" bw="29" slack="0"/>
<pin id="601" dir="1" index="4" bw="29" slack="1"/>
</pin_list>
<bind>
<opcode="submuladd(1176) " fcode="submuladd"/>
<opset="tmp22/1 tmp22_cast/1 tmp23/1 add_ln23_16/3 "/>
</bind>
</comp>

<comp id="606" class="1007" name="grp_fu_606">
<pin_list>
<pin id="607" dir="0" index="0" bw="16" slack="0"/>
<pin id="608" dir="0" index="1" bw="15" slack="0"/>
<pin id="609" dir="0" index="2" bw="29" slack="0"/>
<pin id="610" dir="1" index="3" bw="29" slack="0"/>
</pin_list>
<bind>
<opcode="muladd(1172) " fcode="muladd"/>
<opset="mul_ln21_8/1 add_ln23_19/3 "/>
</bind>
</comp>

<comp id="614" class="1007" name="grp_fu_614">
<pin_list>
<pin id="615" dir="0" index="0" bw="18" slack="0"/>
<pin id="616" dir="0" index="1" bw="13" slack="0"/>
<pin id="617" dir="0" index="2" bw="13" slack="0"/>
<pin id="618" dir="1" index="3" bw="29" slack="0"/>
</pin_list>
<bind>
<opcode="muladd(1172) " fcode="muladd"/>
<opset="mul_ln23_4/1 add_ln23_24/3 "/>
</bind>
</comp>

<comp id="622" class="1007" name="grp_fu_622">
<pin_list>
<pin id="623" dir="0" index="0" bw="16" slack="0"/>
<pin id="624" dir="0" index="1" bw="14" slack="0"/>
<pin id="625" dir="0" index="2" bw="29" slack="0"/>
<pin id="626" dir="1" index="3" bw="29" slack="0"/>
</pin_list>
<bind>
<opcode="muladd(1172) " fcode="muladd"/>
<opset="mul_ln21_12/1 add_ln23_25/3 "/>
</bind>
</comp>

<comp id="630" class="1007" name="grp_fu_630">
<pin_list>
<pin id="631" dir="0" index="0" bw="16" slack="0"/>
<pin id="632" dir="0" index="1" bw="14" slack="0"/>
<pin id="633" dir="0" index="2" bw="29" slack="0"/>
<pin id="634" dir="1" index="3" bw="29" slack="0"/>
</pin_list>
<bind>
<opcode="muladd(1172) " fcode="muladd"/>
<opset="mul_ln11/2 add_ln23_9/4 "/>
</bind>
</comp>

<comp id="639" class="1007" name="grp_fu_639">
<pin_list>
<pin id="640" dir="0" index="0" bw="16" slack="0"/>
<pin id="641" dir="0" index="1" bw="15" slack="0"/>
<pin id="642" dir="0" index="2" bw="13" slack="0"/>
<pin id="643" dir="1" index="3" bw="29" slack="0"/>
</pin_list>
<bind>
<opcode="muladd(1172) " fcode="muladd"/>
<opset="mul_ln21_2/2 add_ln23_11/4 "/>
</bind>
</comp>

<comp id="648" class="1007" name="grp_fu_648">
<pin_list>
<pin id="649" dir="0" index="0" bw="17" slack="0"/>
<pin id="650" dir="0" index="1" bw="13" slack="0"/>
<pin id="651" dir="0" index="2" bw="29" slack="0"/>
<pin id="652" dir="1" index="3" bw="29" slack="0"/>
</pin_list>
<bind>
<opcode="muladd(1172) " fcode="muladd"/>
<opset="mul_ln23/2 add_ln23_10/4 "/>
</bind>
</comp>

<comp id="657" class="1007" name="grp_fu_657">
<pin_list>
<pin id="658" dir="0" index="0" bw="18" slack="0"/>
<pin id="659" dir="0" index="1" bw="16" slack="0"/>
<pin id="660" dir="0" index="2" bw="13" slack="0"/>
<pin id="661" dir="0" index="3" bw="29" slack="0"/>
<pin id="662" dir="1" index="4" bw="29" slack="0"/>
</pin_list>
<bind>
<opcode="addmuladd(1175) " fcode="addmuladd"/>
<opset="tmp13/2 tmp13_cast/2 tmp14/2 add_ln23_2/4 "/>
</bind>
</comp>

<comp id="668" class="1007" name="grp_fu_668">
<pin_list>
<pin id="669" dir="0" index="0" bw="16" slack="0"/>
<pin id="670" dir="0" index="1" bw="14" slack="0"/>
<pin id="671" dir="0" index="2" bw="29" slack="0"/>
<pin id="672" dir="1" index="3" bw="29" slack="0"/>
</pin_list>
<bind>
<opcode="muladd(1172) " fcode="muladd"/>
<opset="mul_ln11_1/2 add_ln23_15/4 "/>
</bind>
</comp>

<comp id="677" class="1007" name="grp_fu_677">
<pin_list>
<pin id="678" dir="0" index="0" bw="17" slack="0"/>
<pin id="679" dir="0" index="1" bw="12" slack="0"/>
<pin id="680" dir="0" index="2" bw="13" slack="0"/>
<pin id="681" dir="1" index="3" bw="29" slack="0"/>
</pin_list>
<bind>
<opcode="muladd(1172) " fcode="muladd"/>
<opset="mul_ln23_2/2 add_ln23_17/4 "/>
</bind>
</comp>

<comp id="686" class="1007" name="grp_fu_686">
<pin_list>
<pin id="687" dir="0" index="0" bw="16" slack="0"/>
<pin id="688" dir="0" index="1" bw="15" slack="0"/>
<pin id="689" dir="0" index="2" bw="29" slack="0"/>
<pin id="690" dir="1" index="3" bw="29" slack="0"/>
</pin_list>
<bind>
<opcode="muladd(1172) " fcode="muladd"/>
<opset="mul_ln21_6/2 add_ln23_20/4 "/>
</bind>
</comp>

<comp id="695" class="1007" name="grp_fu_695">
<pin_list>
<pin id="696" dir="0" index="0" bw="17" slack="0"/>
<pin id="697" dir="0" index="1" bw="12" slack="0"/>
<pin id="698" dir="0" index="2" bw="29" slack="0"/>
<pin id="699" dir="1" index="3" bw="29" slack="0"/>
</pin_list>
<bind>
<opcode="muladd(1172) " fcode="muladd"/>
<opset="tmp33/2 add_ln23_21/4 "/>
</bind>
</comp>

<comp id="704" class="1007" name="grp_fu_704">
<pin_list>
<pin id="705" dir="0" index="0" bw="17" slack="0"/>
<pin id="706" dir="0" index="1" bw="13" slack="0"/>
<pin id="707" dir="0" index="2" bw="13" slack="0"/>
<pin id="708" dir="1" index="3" bw="29" slack="0"/>
</pin_list>
<bind>
<opcode="muladd(1172) " fcode="muladd"/>
<opset="mul_ln23_3/2 add_ln23_22/4 "/>
</bind>
</comp>

<comp id="713" class="1007" name="grp_fu_713">
<pin_list>
<pin id="714" dir="0" index="0" bw="18" slack="0"/>
<pin id="715" dir="0" index="1" bw="16" slack="0"/>
<pin id="716" dir="0" index="2" bw="14" slack="0"/>
<pin id="717" dir="0" index="3" bw="29" slack="0"/>
<pin id="718" dir="1" index="4" bw="29" slack="0"/>
</pin_list>
<bind>
<opcode="submuladd(1176) " fcode="submuladd"/>
<opset="tmp41/2 tmp41_cast/2 tmp42/2 add_ln23_6/4 "/>
</bind>
</comp>

<comp id="724" class="1007" name="grp_fu_724">
<pin_list>
<pin id="725" dir="0" index="0" bw="16" slack="0"/>
<pin id="726" dir="0" index="1" bw="14" slack="0"/>
<pin id="727" dir="0" index="2" bw="29" slack="0"/>
<pin id="728" dir="1" index="3" bw="29" slack="0"/>
</pin_list>
<bind>
<opcode="muladd(1172) " fcode="muladd"/>
<opset="mul_ln21_10/2 add_ln23_26/4 "/>
</bind>
</comp>

<comp id="733" class="1007" name="grp_fu_733">
<pin_list>
<pin id="734" dir="0" index="0" bw="17" slack="0"/>
<pin id="735" dir="0" index="1" bw="13" slack="0"/>
<pin id="736" dir="0" index="2" bw="29" slack="0"/>
<pin id="737" dir="1" index="3" bw="29" slack="0"/>
</pin_list>
<bind>
<opcode="muladd(1172) " fcode="muladd"/>
<opset="tmp51/2 add_ln23_27/4 "/>
</bind>
</comp>

<comp id="742" class="1007" name="grp_fu_742">
<pin_list>
<pin id="743" dir="0" index="0" bw="17" slack="0"/>
<pin id="744" dir="0" index="1" bw="12" slack="0"/>
<pin id="745" dir="0" index="2" bw="13" slack="0"/>
<pin id="746" dir="1" index="3" bw="29" slack="0"/>
</pin_list>
<bind>
<opcode="muladd(1172) " fcode="muladd"/>
<opset="mul_ln23_5/2 add_ln23_28/4 "/>
</bind>
</comp>

<comp id="751" class="1005" name="p_read_1_reg_751">
<pin_list>
<pin id="752" dir="0" index="0" bw="16" slack="1"/>
<pin id="753" dir="1" index="1" bw="16" slack="1"/>
</pin_list>
<bind>
<opset="p_read_1 "/>
</bind>
</comp>

<comp id="758" class="1005" name="p_read_2_reg_758">
<pin_list>
<pin id="759" dir="0" index="0" bw="16" slack="1"/>
<pin id="760" dir="1" index="1" bw="16" slack="1"/>
</pin_list>
<bind>
<opset="p_read_2 "/>
</bind>
</comp>

<comp id="766" class="1005" name="p_read_3_reg_766">
<pin_list>
<pin id="767" dir="0" index="0" bw="16" slack="1"/>
<pin id="768" dir="1" index="1" bw="16" slack="1"/>
</pin_list>
<bind>
<opset="p_read_3 "/>
</bind>
</comp>

<comp id="773" class="1005" name="p_read_4_reg_773">
<pin_list>
<pin id="774" dir="0" index="0" bw="16" slack="1"/>
<pin id="775" dir="1" index="1" bw="16" slack="1"/>
</pin_list>
<bind>
<opset="p_read_4 "/>
</bind>
</comp>

<comp id="778" class="1005" name="p_read_5_reg_778">
<pin_list>
<pin id="779" dir="0" index="0" bw="16" slack="1"/>
<pin id="780" dir="1" index="1" bw="16" slack="1"/>
</pin_list>
<bind>
<opset="p_read_5 "/>
</bind>
</comp>

<comp id="784" class="1005" name="p_read_6_reg_784">
<pin_list>
<pin id="785" dir="0" index="0" bw="16" slack="1"/>
<pin id="786" dir="1" index="1" bw="16" slack="1"/>
</pin_list>
<bind>
<opset="p_read_6 "/>
</bind>
</comp>

<comp id="791" class="1005" name="p_read_7_reg_791">
<pin_list>
<pin id="792" dir="0" index="0" bw="16" slack="1"/>
<pin id="793" dir="1" index="1" bw="16" slack="1"/>
</pin_list>
<bind>
<opset="p_read_7 "/>
</bind>
</comp>

<comp id="798" class="1005" name="p_read21_reg_798">
<pin_list>
<pin id="799" dir="0" index="0" bw="16" slack="1"/>
<pin id="800" dir="1" index="1" bw="16" slack="1"/>
</pin_list>
<bind>
<opset="p_read21 "/>
</bind>
</comp>

<comp id="804" class="1005" name="sext_ln21_reg_804">
<pin_list>
<pin id="805" dir="0" index="0" bw="17" slack="1"/>
<pin id="806" dir="1" index="1" bw="17" slack="1"/>
</pin_list>
<bind>
<opset="sext_ln21 "/>
</bind>
</comp>

<comp id="809" class="1005" name="tmp19_cast_reg_809">
<pin_list>
<pin id="810" dir="0" index="0" bw="29" slack="1"/>
<pin id="811" dir="1" index="1" bw="29" slack="1"/>
</pin_list>
<bind>
<opset="tmp19_cast "/>
</bind>
</comp>

<comp id="815" class="1005" name="sext_ln21_15_reg_815">
<pin_list>
<pin id="816" dir="0" index="0" bw="29" slack="1"/>
<pin id="817" dir="1" index="1" bw="29" slack="1"/>
</pin_list>
<bind>
<opset="sext_ln21_15 "/>
</bind>
</comp>

<comp id="821" class="1005" name="sext_ln21_17_reg_821">
<pin_list>
<pin id="822" dir="0" index="0" bw="29" slack="1"/>
<pin id="823" dir="1" index="1" bw="29" slack="1"/>
</pin_list>
<bind>
<opset="sext_ln21_17 "/>
</bind>
</comp>

<comp id="827" class="1005" name="sext_ln21_1_reg_827">
<pin_list>
<pin id="828" dir="0" index="0" bw="29" slack="1"/>
<pin id="829" dir="1" index="1" bw="29" slack="1"/>
</pin_list>
<bind>
<opset="sext_ln21_1 "/>
</bind>
</comp>

<comp id="833" class="1005" name="sext_ln21_11_reg_833">
<pin_list>
<pin id="834" dir="0" index="0" bw="29" slack="1"/>
<pin id="835" dir="1" index="1" bw="29" slack="1"/>
</pin_list>
<bind>
<opset="sext_ln21_11 "/>
</bind>
</comp>

<comp id="839" class="1005" name="trunc_ln_reg_839">
<pin_list>
<pin id="840" dir="0" index="0" bw="16" slack="3"/>
<pin id="841" dir="1" index="1" bw="16" slack="3"/>
</pin_list>
<bind>
<opset="trunc_ln "/>
</bind>
</comp>

<comp id="844" class="1005" name="sext_ln21_12_reg_844">
<pin_list>
<pin id="845" dir="0" index="0" bw="29" slack="1"/>
<pin id="846" dir="1" index="1" bw="29" slack="1"/>
</pin_list>
<bind>
<opset="sext_ln21_12 "/>
</bind>
</comp>

<comp id="850" class="1005" name="tmp7_cast70_reg_850">
<pin_list>
<pin id="851" dir="0" index="0" bw="29" slack="1"/>
<pin id="852" dir="1" index="1" bw="29" slack="1"/>
</pin_list>
<bind>
<opset="tmp7_cast70 "/>
</bind>
</comp>

<comp id="856" class="1005" name="sext_ln21_14_reg_856">
<pin_list>
<pin id="857" dir="0" index="0" bw="29" slack="1"/>
<pin id="858" dir="1" index="1" bw="29" slack="1"/>
</pin_list>
<bind>
<opset="sext_ln21_14 "/>
</bind>
</comp>

<comp id="862" class="1005" name="tmp25_cast72_reg_862">
<pin_list>
<pin id="863" dir="0" index="0" bw="29" slack="1"/>
<pin id="864" dir="1" index="1" bw="29" slack="1"/>
</pin_list>
<bind>
<opset="tmp25_cast72 "/>
</bind>
</comp>

<comp id="868" class="1005" name="trunc_ln23_4_reg_868">
<pin_list>
<pin id="869" dir="0" index="0" bw="16" slack="3"/>
<pin id="870" dir="1" index="1" bw="16" slack="3"/>
</pin_list>
<bind>
<opset="trunc_ln23_4 "/>
</bind>
</comp>

<comp id="873" class="1005" name="sext_ln23_reg_873">
<pin_list>
<pin id="874" dir="0" index="0" bw="29" slack="1"/>
<pin id="875" dir="1" index="1" bw="29" slack="1"/>
</pin_list>
<bind>
<opset="sext_ln23 "/>
</bind>
</comp>

<comp id="879" class="1005" name="mul_ln21_reg_879">
<pin_list>
<pin id="880" dir="0" index="0" bw="29" slack="1"/>
<pin id="881" dir="1" index="1" bw="29" slack="1"/>
</pin_list>
<bind>
<opset="mul_ln21 "/>
</bind>
</comp>

<comp id="884" class="1005" name="mul_ln21_3_reg_884">
<pin_list>
<pin id="885" dir="0" index="0" bw="29" slack="1"/>
<pin id="886" dir="1" index="1" bw="29" slack="1"/>
</pin_list>
<bind>
<opset="mul_ln21_3 "/>
</bind>
</comp>

<comp id="889" class="1005" name="mul_ln21_5_reg_889">
<pin_list>
<pin id="890" dir="0" index="0" bw="29" slack="1"/>
<pin id="891" dir="1" index="1" bw="29" slack="1"/>
</pin_list>
<bind>
<opset="mul_ln21_5 "/>
</bind>
</comp>

<comp id="894" class="1005" name="mul_ln21_7_reg_894">
<pin_list>
<pin id="895" dir="0" index="0" bw="29" slack="1"/>
<pin id="896" dir="1" index="1" bw="29" slack="1"/>
</pin_list>
<bind>
<opset="mul_ln21_7 "/>
</bind>
</comp>

<comp id="899" class="1005" name="mul_ln21_11_reg_899">
<pin_list>
<pin id="900" dir="0" index="0" bw="29" slack="1"/>
<pin id="901" dir="1" index="1" bw="29" slack="1"/>
</pin_list>
<bind>
<opset="mul_ln21_11 "/>
</bind>
</comp>

<comp id="904" class="1005" name="mul_ln21_1_reg_904">
<pin_list>
<pin id="905" dir="0" index="0" bw="29" slack="1"/>
<pin id="906" dir="1" index="1" bw="29" slack="1"/>
</pin_list>
<bind>
<opset="mul_ln21_1 "/>
</bind>
</comp>

<comp id="909" class="1005" name="add_ln23_8_reg_909">
<pin_list>
<pin id="910" dir="0" index="0" bw="29" slack="1"/>
<pin id="911" dir="1" index="1" bw="29" slack="1"/>
</pin_list>
<bind>
<opset="add_ln23_8 "/>
</bind>
</comp>

<comp id="914" class="1005" name="add_ln23_13_reg_914">
<pin_list>
<pin id="915" dir="0" index="0" bw="29" slack="1"/>
<pin id="916" dir="1" index="1" bw="29" slack="1"/>
</pin_list>
<bind>
<opset="add_ln23_13 "/>
</bind>
</comp>

<comp id="919" class="1005" name="add_ln23_14_reg_919">
<pin_list>
<pin id="920" dir="0" index="0" bw="29" slack="1"/>
<pin id="921" dir="1" index="1" bw="29" slack="1"/>
</pin_list>
<bind>
<opset="add_ln23_14 "/>
</bind>
</comp>

<comp id="924" class="1005" name="add_ln23_16_reg_924">
<pin_list>
<pin id="925" dir="0" index="0" bw="29" slack="1"/>
<pin id="926" dir="1" index="1" bw="29" slack="1"/>
</pin_list>
<bind>
<opset="add_ln23_16 "/>
</bind>
</comp>

<comp id="929" class="1005" name="mul_ln21_9_reg_929">
<pin_list>
<pin id="930" dir="0" index="0" bw="29" slack="1"/>
<pin id="931" dir="1" index="1" bw="29" slack="1"/>
</pin_list>
<bind>
<opset="mul_ln21_9 "/>
</bind>
</comp>

<comp id="934" class="1005" name="add_ln23_19_reg_934">
<pin_list>
<pin id="935" dir="0" index="0" bw="29" slack="1"/>
<pin id="936" dir="1" index="1" bw="29" slack="1"/>
</pin_list>
<bind>
<opset="add_ln23_19 "/>
</bind>
</comp>

<comp id="939" class="1005" name="add_ln23_24_reg_939">
<pin_list>
<pin id="940" dir="0" index="0" bw="29" slack="1"/>
<pin id="941" dir="1" index="1" bw="29" slack="1"/>
</pin_list>
<bind>
<opset="add_ln23_24 "/>
</bind>
</comp>

<comp id="944" class="1005" name="mul_ln21_13_reg_944">
<pin_list>
<pin id="945" dir="0" index="0" bw="29" slack="1"/>
<pin id="946" dir="1" index="1" bw="29" slack="1"/>
</pin_list>
<bind>
<opset="mul_ln21_13 "/>
</bind>
</comp>

<comp id="949" class="1005" name="add_ln23_25_reg_949">
<pin_list>
<pin id="950" dir="0" index="0" bw="29" slack="1"/>
<pin id="951" dir="1" index="1" bw="29" slack="1"/>
</pin_list>
<bind>
<opset="add_ln23_25 "/>
</bind>
</comp>

</comp_list>

<net_list>
<net id="54"><net_src comp="16" pin="0"/><net_sink comp="50" pin=0"/></net>

<net id="55"><net_src comp="14" pin="0"/><net_sink comp="50" pin=1"/></net>

<net id="60"><net_src comp="16" pin="0"/><net_sink comp="56" pin=0"/></net>

<net id="61"><net_src comp="12" pin="0"/><net_sink comp="56" pin=1"/></net>

<net id="66"><net_src comp="16" pin="0"/><net_sink comp="62" pin=0"/></net>

<net id="67"><net_src comp="10" pin="0"/><net_sink comp="62" pin=1"/></net>

<net id="72"><net_src comp="16" pin="0"/><net_sink comp="68" pin=0"/></net>

<net id="73"><net_src comp="8" pin="0"/><net_sink comp="68" pin=1"/></net>

<net id="78"><net_src comp="16" pin="0"/><net_sink comp="74" pin=0"/></net>

<net id="79"><net_src comp="6" pin="0"/><net_sink comp="74" pin=1"/></net>

<net id="84"><net_src comp="16" pin="0"/><net_sink comp="80" pin=0"/></net>

<net id="85"><net_src comp="4" pin="0"/><net_sink comp="80" pin=1"/></net>

<net id="90"><net_src comp="16" pin="0"/><net_sink comp="86" pin=0"/></net>

<net id="91"><net_src comp="2" pin="0"/><net_sink comp="86" pin=1"/></net>

<net id="96"><net_src comp="16" pin="0"/><net_sink comp="92" pin=0"/></net>

<net id="97"><net_src comp="0" pin="0"/><net_sink comp="92" pin=1"/></net>

<net id="101"><net_src comp="92" pin="2"/><net_sink comp="98" pin=0"/></net>

<net id="105"><net_src comp="74" pin="2"/><net_sink comp="102" pin=0"/></net>

<net id="109"><net_src comp="68" pin="2"/><net_sink comp="106" pin=0"/></net>

<net id="113"><net_src comp="68" pin="2"/><net_sink comp="110" pin=0"/></net>

<net id="117"><net_src comp="50" pin="2"/><net_sink comp="114" pin=0"/></net>

<net id="122"><net_src comp="98" pin="1"/><net_sink comp="118" pin=0"/></net>

<net id="123"><net_src comp="102" pin="1"/><net_sink comp="118" pin=1"/></net>

<net id="127"><net_src comp="118" pin="2"/><net_sink comp="124" pin=0"/></net>

<net id="132"><net_src comp="124" pin="1"/><net_sink comp="128" pin=0"/></net>

<net id="133"><net_src comp="106" pin="1"/><net_sink comp="128" pin=1"/></net>

<net id="138"><net_src comp="128" pin="2"/><net_sink comp="134" pin=0"/></net>

<net id="139"><net_src comp="114" pin="1"/><net_sink comp="134" pin=1"/></net>

<net id="143"><net_src comp="134" pin="2"/><net_sink comp="140" pin=0"/></net>

<net id="147"><net_src comp="62" pin="2"/><net_sink comp="144" pin=0"/></net>

<net id="151"><net_src comp="68" pin="2"/><net_sink comp="148" pin=0"/></net>

<net id="184"><net_src comp="30" pin="0"/><net_sink comp="179" pin=0"/></net>

<net id="185"><net_src comp="32" pin="0"/><net_sink comp="179" pin=2"/></net>

<net id="198"><net_src comp="190" pin="2"/><net_sink comp="194" pin=0"/></net>

<net id="199"><net_src comp="186" pin="2"/><net_sink comp="194" pin=1"/></net>

<net id="205"><net_src comp="30" pin="0"/><net_sink comp="200" pin=0"/></net>

<net id="206"><net_src comp="194" pin="2"/><net_sink comp="200" pin=1"/></net>

<net id="207"><net_src comp="32" pin="0"/><net_sink comp="200" pin=2"/></net>

<net id="213"><net_src comp="30" pin="0"/><net_sink comp="208" pin=0"/></net>

<net id="214"><net_src comp="34" pin="0"/><net_sink comp="208" pin=2"/></net>

<net id="224"><net_src comp="30" pin="0"/><net_sink comp="219" pin=0"/></net>

<net id="225"><net_src comp="215" pin="2"/><net_sink comp="219" pin=1"/></net>

<net id="226"><net_src comp="32" pin="0"/><net_sink comp="219" pin=2"/></net>

<net id="231"><net_src comp="208" pin="3"/><net_sink comp="227" pin=0"/></net>

<net id="232"><net_src comp="179" pin="3"/><net_sink comp="227" pin=1"/></net>

<net id="237"><net_src comp="227" pin="2"/><net_sink comp="233" pin=0"/></net>

<net id="238"><net_src comp="219" pin="3"/><net_sink comp="233" pin=1"/></net>

<net id="243"><net_src comp="233" pin="2"/><net_sink comp="239" pin=0"/></net>

<net id="244"><net_src comp="200" pin="3"/><net_sink comp="239" pin=1"/></net>

<net id="251"><net_src comp="36" pin="0"/><net_sink comp="245" pin=0"/></net>

<net id="252"><net_src comp="239" pin="2"/><net_sink comp="245" pin=1"/></net>

<net id="253"><net_src comp="38" pin="0"/><net_sink comp="245" pin=2"/></net>

<net id="254"><net_src comp="40" pin="0"/><net_sink comp="245" pin=3"/></net>

<net id="262"><net_src comp="158" pin="1"/><net_sink comp="258" pin=0"/></net>

<net id="263"><net_src comp="164" pin="1"/><net_sink comp="258" pin=1"/></net>

<net id="267"><net_src comp="258" pin="2"/><net_sink comp="264" pin=0"/></net>

<net id="272"><net_src comp="155" pin="1"/><net_sink comp="268" pin=0"/></net>

<net id="273"><net_src comp="158" pin="1"/><net_sink comp="268" pin=1"/></net>

<net id="277"><net_src comp="268" pin="2"/><net_sink comp="274" pin=0"/></net>

<net id="282"><net_src comp="274" pin="1"/><net_sink comp="278" pin=0"/></net>

<net id="283"><net_src comp="161" pin="1"/><net_sink comp="278" pin=1"/></net>

<net id="291"><net_src comp="167" pin="1"/><net_sink comp="287" pin=0"/></net>

<net id="292"><net_src comp="155" pin="1"/><net_sink comp="287" pin=1"/></net>

<net id="296"><net_src comp="287" pin="2"/><net_sink comp="293" pin=0"/></net>

<net id="301"><net_src comp="167" pin="1"/><net_sink comp="297" pin=0"/></net>

<net id="302"><net_src comp="164" pin="1"/><net_sink comp="297" pin=1"/></net>

<net id="306"><net_src comp="297" pin="2"/><net_sink comp="303" pin=0"/></net>

<net id="310"><net_src comp="297" pin="2"/><net_sink comp="307" pin=0"/></net>

<net id="316"><net_src comp="30" pin="0"/><net_sink comp="311" pin=0"/></net>

<net id="317"><net_src comp="307" pin="1"/><net_sink comp="311" pin=1"/></net>

<net id="318"><net_src comp="32" pin="0"/><net_sink comp="311" pin=2"/></net>

<net id="323"><net_src comp="303" pin="1"/><net_sink comp="319" pin=0"/></net>

<net id="324"><net_src comp="311" pin="3"/><net_sink comp="319" pin=1"/></net>

<net id="330"><net_src comp="30" pin="0"/><net_sink comp="325" pin=0"/></net>

<net id="331"><net_src comp="186" pin="2"/><net_sink comp="325" pin=1"/></net>

<net id="332"><net_src comp="32" pin="0"/><net_sink comp="325" pin=2"/></net>

<net id="337"><net_src comp="233" pin="2"/><net_sink comp="333" pin=0"/></net>

<net id="338"><net_src comp="325" pin="3"/><net_sink comp="333" pin=1"/></net>

<net id="343"><net_src comp="333" pin="2"/><net_sink comp="339" pin=0"/></net>

<net id="344"><net_src comp="319" pin="2"/><net_sink comp="339" pin=1"/></net>

<net id="351"><net_src comp="36" pin="0"/><net_sink comp="345" pin=0"/></net>

<net id="352"><net_src comp="339" pin="2"/><net_sink comp="345" pin=1"/></net>

<net id="353"><net_src comp="38" pin="0"/><net_sink comp="345" pin=2"/></net>

<net id="354"><net_src comp="40" pin="0"/><net_sink comp="345" pin=3"/></net>

<net id="359"><net_src comp="173" pin="1"/><net_sink comp="355" pin=1"/></net>

<net id="363"><net_src comp="355" pin="2"/><net_sink comp="360" pin=0"/></net>

<net id="368"><net_src comp="158" pin="1"/><net_sink comp="364" pin=0"/></net>

<net id="369"><net_src comp="155" pin="1"/><net_sink comp="364" pin=1"/></net>

<net id="373"><net_src comp="364" pin="2"/><net_sink comp="370" pin=0"/></net>

<net id="378"><net_src comp="370" pin="1"/><net_sink comp="374" pin=0"/></net>

<net id="379"><net_src comp="161" pin="1"/><net_sink comp="374" pin=1"/></net>

<net id="384"><net_src comp="44" pin="0"/><net_sink comp="380" pin=1"/></net>

<net id="389"><net_src comp="42" pin="0"/><net_sink comp="385" pin=1"/></net>

<net id="394"><net_src comp="26" pin="0"/><net_sink comp="390" pin=1"/></net>

<net id="402"><net_src comp="395" pin="1"/><net_sink comp="398" pin=0"/></net>

<net id="403"><net_src comp="44" pin="0"/><net_sink comp="398" pin=1"/></net>

<net id="408"><net_src comp="395" pin="1"/><net_sink comp="404" pin=0"/></net>

<net id="409"><net_src comp="42" pin="0"/><net_sink comp="404" pin=1"/></net>

<net id="417"><net_src comp="410" pin="1"/><net_sink comp="413" pin=0"/></net>

<net id="418"><net_src comp="26" pin="0"/><net_sink comp="413" pin=1"/></net>

<net id="423"><net_src comp="410" pin="1"/><net_sink comp="419" pin=0"/></net>

<net id="424"><net_src comp="22" pin="0"/><net_sink comp="419" pin=1"/></net>

<net id="429"><net_src comp="26" pin="0"/><net_sink comp="425" pin=1"/></net>

<net id="438"><net_src comp="430" pin="2"/><net_sink comp="434" pin=0"/></net>

<net id="445"><net_src comp="36" pin="0"/><net_sink comp="439" pin=0"/></net>

<net id="446"><net_src comp="434" pin="2"/><net_sink comp="439" pin=1"/></net>

<net id="447"><net_src comp="38" pin="0"/><net_sink comp="439" pin=2"/></net>

<net id="448"><net_src comp="40" pin="0"/><net_sink comp="439" pin=3"/></net>

<net id="455"><net_src comp="36" pin="0"/><net_sink comp="449" pin=0"/></net>

<net id="456"><net_src comp="38" pin="0"/><net_sink comp="449" pin=2"/></net>

<net id="457"><net_src comp="40" pin="0"/><net_sink comp="449" pin=3"/></net>

<net id="466"><net_src comp="458" pin="2"/><net_sink comp="462" pin=0"/></net>

<net id="473"><net_src comp="36" pin="0"/><net_sink comp="467" pin=0"/></net>

<net id="474"><net_src comp="462" pin="2"/><net_sink comp="467" pin=1"/></net>

<net id="475"><net_src comp="38" pin="0"/><net_sink comp="467" pin=2"/></net>

<net id="476"><net_src comp="40" pin="0"/><net_sink comp="467" pin=3"/></net>

<net id="485"><net_src comp="477" pin="2"/><net_sink comp="481" pin=0"/></net>

<net id="492"><net_src comp="36" pin="0"/><net_sink comp="486" pin=0"/></net>

<net id="493"><net_src comp="481" pin="2"/><net_sink comp="486" pin=1"/></net>

<net id="494"><net_src comp="38" pin="0"/><net_sink comp="486" pin=2"/></net>

<net id="495"><net_src comp="40" pin="0"/><net_sink comp="486" pin=3"/></net>

<net id="502"><net_src comp="36" pin="0"/><net_sink comp="496" pin=0"/></net>

<net id="503"><net_src comp="38" pin="0"/><net_sink comp="496" pin=2"/></net>

<net id="504"><net_src comp="40" pin="0"/><net_sink comp="496" pin=3"/></net>

<net id="513"><net_src comp="505" pin="2"/><net_sink comp="509" pin=0"/></net>

<net id="520"><net_src comp="36" pin="0"/><net_sink comp="514" pin=0"/></net>

<net id="521"><net_src comp="509" pin="2"/><net_sink comp="514" pin=1"/></net>

<net id="522"><net_src comp="38" pin="0"/><net_sink comp="514" pin=2"/></net>

<net id="523"><net_src comp="40" pin="0"/><net_sink comp="514" pin=3"/></net>

<net id="528"><net_src comp="48" pin="0"/><net_sink comp="524" pin=0"/></net>

<net id="533"><net_src comp="524" pin="2"/><net_sink comp="529" pin=0"/></net>

<net id="534"><net_src comp="439" pin="4"/><net_sink comp="529" pin=1"/></net>

<net id="539"><net_src comp="529" pin="2"/><net_sink comp="535" pin=0"/></net>

<net id="540"><net_src comp="449" pin="4"/><net_sink comp="535" pin=1"/></net>

<net id="545"><net_src comp="535" pin="2"/><net_sink comp="541" pin=0"/></net>

<net id="546"><net_src comp="467" pin="4"/><net_sink comp="541" pin=1"/></net>

<net id="551"><net_src comp="541" pin="2"/><net_sink comp="547" pin=0"/></net>

<net id="556"><net_src comp="547" pin="2"/><net_sink comp="552" pin=0"/></net>

<net id="557"><net_src comp="486" pin="4"/><net_sink comp="552" pin=1"/></net>

<net id="562"><net_src comp="552" pin="2"/><net_sink comp="558" pin=0"/></net>

<net id="563"><net_src comp="496" pin="4"/><net_sink comp="558" pin=1"/></net>

<net id="568"><net_src comp="558" pin="2"/><net_sink comp="564" pin=0"/></net>

<net id="569"><net_src comp="514" pin="4"/><net_sink comp="564" pin=1"/></net>

<net id="576"><net_src comp="102" pin="1"/><net_sink comp="570" pin=0"/></net>

<net id="577"><net_src comp="110" pin="1"/><net_sink comp="570" pin=1"/></net>

<net id="578"><net_src comp="18" pin="0"/><net_sink comp="570" pin=2"/></net>

<net id="579"><net_src comp="380" pin="2"/><net_sink comp="570" pin=3"/></net>

<net id="585"><net_src comp="140" pin="1"/><net_sink comp="580" pin=0"/></net>

<net id="586"><net_src comp="20" pin="0"/><net_sink comp="580" pin=1"/></net>

<net id="587"><net_src comp="46" pin="0"/><net_sink comp="580" pin=2"/></net>

<net id="593"><net_src comp="144" pin="1"/><net_sink comp="588" pin=0"/></net>

<net id="594"><net_src comp="22" pin="0"/><net_sink comp="588" pin=1"/></net>

<net id="595"><net_src comp="385" pin="2"/><net_sink comp="588" pin=2"/></net>

<net id="602"><net_src comp="110" pin="1"/><net_sink comp="596" pin=0"/></net>

<net id="603"><net_src comp="102" pin="1"/><net_sink comp="596" pin=1"/></net>

<net id="604"><net_src comp="24" pin="0"/><net_sink comp="596" pin=2"/></net>

<net id="605"><net_src comp="390" pin="2"/><net_sink comp="596" pin=3"/></net>

<net id="611"><net_src comp="148" pin="1"/><net_sink comp="606" pin=0"/></net>

<net id="612"><net_src comp="26" pin="0"/><net_sink comp="606" pin=1"/></net>

<net id="613"><net_src comp="398" pin="2"/><net_sink comp="606" pin=2"/></net>

<net id="619"><net_src comp="140" pin="1"/><net_sink comp="614" pin=0"/></net>

<net id="620"><net_src comp="28" pin="0"/><net_sink comp="614" pin=1"/></net>

<net id="621"><net_src comp="46" pin="0"/><net_sink comp="614" pin=2"/></net>

<net id="627"><net_src comp="148" pin="1"/><net_sink comp="622" pin=0"/></net>

<net id="628"><net_src comp="22" pin="0"/><net_sink comp="622" pin=1"/></net>

<net id="629"><net_src comp="404" pin="2"/><net_sink comp="622" pin=2"/></net>

<net id="635"><net_src comp="152" pin="1"/><net_sink comp="630" pin=0"/></net>

<net id="636"><net_src comp="22" pin="0"/><net_sink comp="630" pin=1"/></net>

<net id="637"><net_src comp="570" pin="4"/><net_sink comp="630" pin=2"/></net>

<net id="638"><net_src comp="630" pin="3"/><net_sink comp="434" pin=1"/></net>

<net id="644"><net_src comp="176" pin="1"/><net_sink comp="639" pin=0"/></net>

<net id="645"><net_src comp="42" pin="0"/><net_sink comp="639" pin=1"/></net>

<net id="646"><net_src comp="46" pin="0"/><net_sink comp="639" pin=2"/></net>

<net id="647"><net_src comp="639" pin="3"/><net_sink comp="430" pin=0"/></net>

<net id="653"><net_src comp="264" pin="1"/><net_sink comp="648" pin=0"/></net>

<net id="654"><net_src comp="24" pin="0"/><net_sink comp="648" pin=1"/></net>

<net id="655"><net_src comp="413" pin="2"/><net_sink comp="648" pin=2"/></net>

<net id="656"><net_src comp="648" pin="3"/><net_sink comp="430" pin=1"/></net>

<net id="663"><net_src comp="278" pin="2"/><net_sink comp="657" pin=0"/></net>

<net id="664"><net_src comp="170" pin="1"/><net_sink comp="657" pin=1"/></net>

<net id="665"><net_src comp="28" pin="0"/><net_sink comp="657" pin=2"/></net>

<net id="666"><net_src comp="580" pin="3"/><net_sink comp="657" pin=3"/></net>

<net id="667"><net_src comp="657" pin="4"/><net_sink comp="449" pin=1"/></net>

<net id="673"><net_src comp="152" pin="1"/><net_sink comp="668" pin=0"/></net>

<net id="674"><net_src comp="44" pin="0"/><net_sink comp="668" pin=1"/></net>

<net id="675"><net_src comp="588" pin="3"/><net_sink comp="668" pin=2"/></net>

<net id="676"><net_src comp="668" pin="3"/><net_sink comp="462" pin=1"/></net>

<net id="682"><net_src comp="293" pin="1"/><net_sink comp="677" pin=0"/></net>

<net id="683"><net_src comp="18" pin="0"/><net_sink comp="677" pin=1"/></net>

<net id="684"><net_src comp="46" pin="0"/><net_sink comp="677" pin=2"/></net>

<net id="685"><net_src comp="677" pin="3"/><net_sink comp="458" pin=0"/></net>

<net id="691"><net_src comp="255" pin="1"/><net_sink comp="686" pin=0"/></net>

<net id="692"><net_src comp="42" pin="0"/><net_sink comp="686" pin=1"/></net>

<net id="693"><net_src comp="606" pin="3"/><net_sink comp="686" pin=2"/></net>

<net id="694"><net_src comp="686" pin="3"/><net_sink comp="481" pin=1"/></net>

<net id="700"><net_src comp="264" pin="1"/><net_sink comp="695" pin=0"/></net>

<net id="701"><net_src comp="18" pin="0"/><net_sink comp="695" pin=1"/></net>

<net id="702"><net_src comp="419" pin="2"/><net_sink comp="695" pin=2"/></net>

<net id="703"><net_src comp="695" pin="3"/><net_sink comp="477" pin=1"/></net>

<net id="709"><net_src comp="360" pin="1"/><net_sink comp="704" pin=0"/></net>

<net id="710"><net_src comp="24" pin="0"/><net_sink comp="704" pin=1"/></net>

<net id="711"><net_src comp="46" pin="0"/><net_sink comp="704" pin=2"/></net>

<net id="712"><net_src comp="704" pin="3"/><net_sink comp="477" pin=0"/></net>

<net id="719"><net_src comp="374" pin="2"/><net_sink comp="713" pin=0"/></net>

<net id="720"><net_src comp="170" pin="1"/><net_sink comp="713" pin=1"/></net>

<net id="721"><net_src comp="20" pin="0"/><net_sink comp="713" pin=2"/></net>

<net id="722"><net_src comp="614" pin="3"/><net_sink comp="713" pin=3"/></net>

<net id="723"><net_src comp="713" pin="4"/><net_sink comp="496" pin=1"/></net>

<net id="729"><net_src comp="284" pin="1"/><net_sink comp="724" pin=0"/></net>

<net id="730"><net_src comp="44" pin="0"/><net_sink comp="724" pin=1"/></net>

<net id="731"><net_src comp="622" pin="3"/><net_sink comp="724" pin=2"/></net>

<net id="732"><net_src comp="724" pin="3"/><net_sink comp="509" pin=1"/></net>

<net id="738"><net_src comp="293" pin="1"/><net_sink comp="733" pin=0"/></net>

<net id="739"><net_src comp="24" pin="0"/><net_sink comp="733" pin=1"/></net>

<net id="740"><net_src comp="425" pin="2"/><net_sink comp="733" pin=2"/></net>

<net id="741"><net_src comp="733" pin="3"/><net_sink comp="505" pin=1"/></net>

<net id="747"><net_src comp="360" pin="1"/><net_sink comp="742" pin=0"/></net>

<net id="748"><net_src comp="18" pin="0"/><net_sink comp="742" pin=1"/></net>

<net id="749"><net_src comp="46" pin="0"/><net_sink comp="742" pin=2"/></net>

<net id="750"><net_src comp="742" pin="3"/><net_sink comp="505" pin=0"/></net>

<net id="754"><net_src comp="50" pin="2"/><net_sink comp="751" pin=0"/></net>

<net id="755"><net_src comp="751" pin="1"/><net_sink comp="173" pin=0"/></net>

<net id="756"><net_src comp="751" pin="1"/><net_sink comp="176" pin=0"/></net>

<net id="757"><net_src comp="751" pin="1"/><net_sink comp="179" pin=1"/></net>

<net id="761"><net_src comp="56" pin="2"/><net_sink comp="758" pin=0"/></net>

<net id="762"><net_src comp="758" pin="1"/><net_sink comp="167" pin=0"/></net>

<net id="763"><net_src comp="758" pin="1"/><net_sink comp="170" pin=0"/></net>

<net id="764"><net_src comp="758" pin="1"/><net_sink comp="190" pin=1"/></net>

<net id="765"><net_src comp="758" pin="1"/><net_sink comp="410" pin=0"/></net>

<net id="769"><net_src comp="62" pin="2"/><net_sink comp="766" pin=0"/></net>

<net id="770"><net_src comp="766" pin="1"/><net_sink comp="161" pin=0"/></net>

<net id="771"><net_src comp="766" pin="1"/><net_sink comp="164" pin=0"/></net>

<net id="772"><net_src comp="766" pin="1"/><net_sink comp="190" pin=0"/></net>

<net id="776"><net_src comp="68" pin="2"/><net_sink comp="773" pin=0"/></net>

<net id="777"><net_src comp="773" pin="1"/><net_sink comp="215" pin=0"/></net>

<net id="781"><net_src comp="74" pin="2"/><net_sink comp="778" pin=0"/></net>

<net id="782"><net_src comp="778" pin="1"/><net_sink comp="215" pin=1"/></net>

<net id="783"><net_src comp="778" pin="1"/><net_sink comp="395" pin=0"/></net>

<net id="787"><net_src comp="80" pin="2"/><net_sink comp="784" pin=0"/></net>

<net id="788"><net_src comp="784" pin="1"/><net_sink comp="158" pin=0"/></net>

<net id="789"><net_src comp="784" pin="1"/><net_sink comp="186" pin=0"/></net>

<net id="790"><net_src comp="784" pin="1"/><net_sink comp="284" pin=0"/></net>

<net id="794"><net_src comp="86" pin="2"/><net_sink comp="791" pin=0"/></net>

<net id="795"><net_src comp="791" pin="1"/><net_sink comp="155" pin=0"/></net>

<net id="796"><net_src comp="791" pin="1"/><net_sink comp="186" pin=1"/></net>

<net id="797"><net_src comp="791" pin="1"/><net_sink comp="255" pin=0"/></net>

<net id="801"><net_src comp="92" pin="2"/><net_sink comp="798" pin=0"/></net>

<net id="802"><net_src comp="798" pin="1"/><net_sink comp="152" pin=0"/></net>

<net id="803"><net_src comp="798" pin="1"/><net_sink comp="208" pin=1"/></net>

<net id="807"><net_src comp="98" pin="1"/><net_sink comp="804" pin=0"/></net>

<net id="808"><net_src comp="804" pin="1"/><net_sink comp="355" pin=0"/></net>

<net id="812"><net_src comp="140" pin="1"/><net_sink comp="809" pin=0"/></net>

<net id="813"><net_src comp="809" pin="1"/><net_sink comp="580" pin=0"/></net>

<net id="814"><net_src comp="809" pin="1"/><net_sink comp="614" pin=0"/></net>

<net id="818"><net_src comp="144" pin="1"/><net_sink comp="815" pin=0"/></net>

<net id="819"><net_src comp="815" pin="1"/><net_sink comp="588" pin=0"/></net>

<net id="820"><net_src comp="815" pin="1"/><net_sink comp="425" pin=0"/></net>

<net id="824"><net_src comp="148" pin="1"/><net_sink comp="821" pin=0"/></net>

<net id="825"><net_src comp="821" pin="1"/><net_sink comp="606" pin=0"/></net>

<net id="826"><net_src comp="821" pin="1"/><net_sink comp="622" pin=0"/></net>

<net id="830"><net_src comp="152" pin="1"/><net_sink comp="827" pin=0"/></net>

<net id="831"><net_src comp="827" pin="1"/><net_sink comp="630" pin=0"/></net>

<net id="832"><net_src comp="827" pin="1"/><net_sink comp="668" pin=0"/></net>

<net id="836"><net_src comp="176" pin="1"/><net_sink comp="833" pin=0"/></net>

<net id="837"><net_src comp="833" pin="1"/><net_sink comp="639" pin=0"/></net>

<net id="838"><net_src comp="833" pin="1"/><net_sink comp="390" pin=0"/></net>

<net id="842"><net_src comp="245" pin="4"/><net_sink comp="839" pin=0"/></net>

<net id="843"><net_src comp="839" pin="1"/><net_sink comp="524" pin=1"/></net>

<net id="847"><net_src comp="255" pin="1"/><net_sink comp="844" pin=0"/></net>

<net id="848"><net_src comp="844" pin="1"/><net_sink comp="380" pin=0"/></net>

<net id="849"><net_src comp="844" pin="1"/><net_sink comp="686" pin=0"/></net>

<net id="853"><net_src comp="264" pin="1"/><net_sink comp="850" pin=0"/></net>

<net id="854"><net_src comp="850" pin="1"/><net_sink comp="648" pin=0"/></net>

<net id="855"><net_src comp="850" pin="1"/><net_sink comp="695" pin=0"/></net>

<net id="859"><net_src comp="284" pin="1"/><net_sink comp="856" pin=0"/></net>

<net id="860"><net_src comp="856" pin="1"/><net_sink comp="385" pin=0"/></net>

<net id="861"><net_src comp="856" pin="1"/><net_sink comp="724" pin=0"/></net>

<net id="865"><net_src comp="293" pin="1"/><net_sink comp="862" pin=0"/></net>

<net id="866"><net_src comp="862" pin="1"/><net_sink comp="677" pin=0"/></net>

<net id="867"><net_src comp="862" pin="1"/><net_sink comp="733" pin=0"/></net>

<net id="871"><net_src comp="345" pin="4"/><net_sink comp="868" pin=0"/></net>

<net id="872"><net_src comp="868" pin="1"/><net_sink comp="547" pin=1"/></net>

<net id="876"><net_src comp="360" pin="1"/><net_sink comp="873" pin=0"/></net>

<net id="877"><net_src comp="873" pin="1"/><net_sink comp="704" pin=0"/></net>

<net id="878"><net_src comp="873" pin="1"/><net_sink comp="742" pin=0"/></net>

<net id="882"><net_src comp="380" pin="2"/><net_sink comp="879" pin=0"/></net>

<net id="883"><net_src comp="879" pin="1"/><net_sink comp="570" pin=0"/></net>

<net id="887"><net_src comp="385" pin="2"/><net_sink comp="884" pin=0"/></net>

<net id="888"><net_src comp="884" pin="1"/><net_sink comp="588" pin=0"/></net>

<net id="892"><net_src comp="390" pin="2"/><net_sink comp="889" pin=0"/></net>

<net id="893"><net_src comp="889" pin="1"/><net_sink comp="596" pin=1"/></net>

<net id="897"><net_src comp="398" pin="2"/><net_sink comp="894" pin=0"/></net>

<net id="898"><net_src comp="894" pin="1"/><net_sink comp="606" pin=0"/></net>

<net id="902"><net_src comp="404" pin="2"/><net_sink comp="899" pin=0"/></net>

<net id="903"><net_src comp="899" pin="1"/><net_sink comp="622" pin=0"/></net>

<net id="907"><net_src comp="413" pin="2"/><net_sink comp="904" pin=0"/></net>

<net id="908"><net_src comp="904" pin="1"/><net_sink comp="648" pin=0"/></net>

<net id="912"><net_src comp="570" pin="4"/><net_sink comp="909" pin=0"/></net>

<net id="913"><net_src comp="909" pin="1"/><net_sink comp="630" pin=0"/></net>

<net id="917"><net_src comp="580" pin="3"/><net_sink comp="914" pin=0"/></net>

<net id="918"><net_src comp="914" pin="1"/><net_sink comp="657" pin=0"/></net>

<net id="922"><net_src comp="588" pin="3"/><net_sink comp="919" pin=0"/></net>

<net id="923"><net_src comp="919" pin="1"/><net_sink comp="668" pin=0"/></net>

<net id="927"><net_src comp="596" pin="4"/><net_sink comp="924" pin=0"/></net>

<net id="928"><net_src comp="924" pin="1"/><net_sink comp="458" pin=1"/></net>

<net id="932"><net_src comp="419" pin="2"/><net_sink comp="929" pin=0"/></net>

<net id="933"><net_src comp="929" pin="1"/><net_sink comp="695" pin=0"/></net>

<net id="937"><net_src comp="606" pin="3"/><net_sink comp="934" pin=0"/></net>

<net id="938"><net_src comp="934" pin="1"/><net_sink comp="686" pin=0"/></net>

<net id="942"><net_src comp="614" pin="3"/><net_sink comp="939" pin=0"/></net>

<net id="943"><net_src comp="939" pin="1"/><net_sink comp="713" pin=0"/></net>

<net id="947"><net_src comp="425" pin="2"/><net_sink comp="944" pin=0"/></net>

<net id="948"><net_src comp="944" pin="1"/><net_sink comp="733" pin=0"/></net>

<net id="952"><net_src comp="622" pin="3"/><net_sink comp="949" pin=0"/></net>

<net id="953"><net_src comp="949" pin="1"/><net_sink comp="724" pin=0"/></net>

</net_list>

</model> 
---------------- Datapath Model END ------------------

* FSMD analyzer results:
  - Output states:
	Port: p_read | {}
	Port: p_read1 | {}
	Port: p_read2 | {}
	Port: p_read3 | {}
	Port: p_read4 | {}
	Port: p_read5 | {}
	Port: p_read6 | {}
	Port: p_read7 | {}
 - Input state : 
	Port: dct_1d : p_read | {1 }
	Port: dct_1d : p_read1 | {1 }
	Port: dct_1d : p_read2 | {1 }
	Port: dct_1d : p_read3 | {1 }
	Port: dct_1d : p_read4 | {1 }
	Port: dct_1d : p_read5 | {1 }
	Port: dct_1d : p_read6 | {1 }
	Port: dct_1d : p_read7 | {1 }
  - Chain level:
	State 1
		tmp4 : 1
		tmp4_cast : 2
		tmp5 : 3
		tmp17 : 1
		tmp17_cast : 2
		tmp18 : 3
		tmp19 : 4
		tmp19_cast : 5
		mul_ln23_1 : 6
		mul_ln21_4 : 1
		tmp22 : 1
		tmp22_cast : 2
		tmp23 : 3
		mul_ln21_8 : 1
		mul_ln23_4 : 6
		mul_ln21_12 : 1
	State 2
		tmp218 : 1
		tmp3 : 2
		tmp6 : 1
		add_ln21 : 1
		tmp_3 : 2
		add_ln23 : 3
		trunc_ln : 4
		mul_ln11 : 1
		mul_ln21_2 : 1
		tmp7 : 1
		tmp7_cast70 : 2
		mul_ln23 : 3
		tmp11 : 1
		tmp11_cast : 2
		tmp12 : 3
		tmp13 : 4
		tmp13_cast : 5
		tmp14 : 6
		mul_ln11_1 : 1
		tmp25 : 1
		tmp25_cast72 : 2
		mul_ln23_2 : 3
		tmp27 : 1
		tmp27_cast : 2
		empty : 2
		p_shl1 : 3
		tmp28 : 4
		p_shl : 1
		sub_ln23 : 3
		add_ln23_4 : 5
		trunc_ln23_4 : 6
		mul_ln21_6 : 1
		tmp33 : 3
		tmp35 : 1
		sext_ln23 : 2
		mul_ln23_3 : 3
		tmp39 : 1
		tmp39_cast : 2
		tmp40 : 3
		tmp41 : 4
		tmp41_cast : 5
		tmp42 : 6
		mul_ln21_10 : 1
		tmp51 : 3
		mul_ln23_5 : 3
	State 3
		add_ln23_8 : 1
		add_ln23_13 : 1
		add_ln23_14 : 1
		add_ln23_16 : 1
		mul_ln21_7 : 1
		add_ln23_19 : 2
		add_ln23_24 : 1
		mul_ln21_11 : 1
		add_ln23_25 : 2
	State 4
		mul_ln21_1 : 1
		add_ln23_9 : 1
		add_ln23_10 : 2
		add_ln23_11 : 1
		add_ln23_2 : 1
		add_ln23_15 : 1
		add_ln23_17 : 1
		mul_ln21_9 : 1
		add_ln23_20 : 1
		add_ln23_21 : 2
		add_ln23_22 : 1
		add_ln23_6 : 1
		add_ln23_26 : 1
		add_ln23_27 : 1
		add_ln23_28 : 1
	State 5
		add_ln23_12 : 1
		add_ln23_1 : 2
		trunc_ln23_1 : 3
		trunc_ln23_2 : 1
		add_ln23_18 : 1
		add_ln23_3 : 2
		trunc_ln23_3 : 3
		add_ln23_23 : 1
		add_ln23_5 : 2
		trunc_ln23_5 : 3
		trunc_ln23_6 : 1
		add_ln23_29 : 1
		add_ln23_7 : 2
		trunc_ln23_7 : 3
		mrv_1 : 4
		mrv_2 : 5
		mrv_3 : 6
		mrv_4 : 7
		mrv_5 : 8
		mrv_6 : 9
		mrv_7 : 10
		ret_ln25 : 11


============================================================
+ Verbose Summary: Datapath Resource usage 
============================================================

* Functional unit list:
|----------|---------------------|---------|---------|---------|
| Operation|   Functional Unit   |   DSP   |    FF   |   LUT   |
|----------|---------------------|---------|---------|---------|
|          |     tmp19_fu_134    |    0    |    0    |    18   |
|          |      tmp_fu_186     |    0    |    0    |    23   |
|          |     tmp1_fu_190     |    0    |    0    |    16   |
|          |    tmp218_fu_194    |    0    |    0    |    16   |
|          |    tmp5716_fu_215   |    0    |    0    |    23   |
|          |   add_ln21_fu_227   |    0    |    0    |    29   |
|          |     tmp_3_fu_233    |    0    |    0    |    29   |
|          |   add_ln23_fu_239   |    0    |    0    |    36   |
|          |     tmp27_fu_297    |    0    |    0    |    23   |
|    add   |  add_ln23_4_fu_339  |    0    |    0    |    29   |
|          |     tmp40_fu_374    |    0    |    0    |    24   |
|          |  add_ln23_12_fu_430 |    0    |    0    |    29   |
|          |  add_ln23_1_fu_434  |    0    |    0    |    29   |
|          |  add_ln23_18_fu_458 |    0    |    0    |    29   |
|          |  add_ln23_3_fu_462  |    0    |    0    |    29   |
|          |  add_ln23_23_fu_477 |    0    |    0    |    29   |
|          |  add_ln23_5_fu_481  |    0    |    0    |    29   |
|          |  add_ln23_29_fu_505 |    0    |    0    |    29   |
|          |  add_ln23_7_fu_509  |    0    |    0    |    29   |
|----------|---------------------|---------|---------|---------|
|          |     tmp17_fu_118    |    0    |    0    |    23   |
|          |     tmp18_fu_128    |    0    |    0    |    17   |
|          |     tmp7_fu_258     |    0    |    0    |    23   |
|          |     tmp11_fu_268    |    0    |    0    |    23   |
|    sub   |     tmp12_fu_278    |    0    |    0    |    24   |
|          |     tmp25_fu_287    |    0    |    0    |    23   |
|          |     tmp28_fu_319    |    0    |    0    |    29   |
|          |   sub_ln23_fu_333   |    0    |    0    |    36   |
|          |     tmp35_fu_355    |    0    |    0    |    23   |
|          |     tmp39_fu_364    |    0    |    0    |    23   |
|----------|---------------------|---------|---------|---------|
|          |   mul_ln21_fu_380   |    1    |    0    |    5    |
|          |  mul_ln21_3_fu_385  |    1    |    0    |    5    |
|          |  mul_ln21_5_fu_390  |    1    |    0    |    5    |
|    mul   |  mul_ln21_7_fu_398  |    1    |    0    |    5    |
|          |  mul_ln21_11_fu_404 |    1    |    0    |    5    |
|          |  mul_ln21_1_fu_413  |    1    |    0    |    5    |
|          |  mul_ln21_9_fu_419  |    1    |    0    |    5    |
|          |  mul_ln21_13_fu_425 |    1    |    0    |    5    |
|----------|---------------------|---------|---------|---------|
|          |      grp_fu_580     |    1    |    0    |    0    |
|          |      grp_fu_588     |    1    |    0    |    0    |
|          |      grp_fu_606     |    1    |    0    |    0    |
|          |      grp_fu_614     |    1    |    0    |    0    |
|          |      grp_fu_622     |    1    |    0    |    0    |
|          |      grp_fu_630     |    1    |    0    |    0    |
|          |      grp_fu_639     |    1    |    0    |    0    |
|  muladd  |      grp_fu_648     |    1    |    0    |    0    |
|          |      grp_fu_668     |    1    |    0    |    0    |
|          |      grp_fu_677     |    1    |    0    |    0    |
|          |      grp_fu_686     |    1    |    0    |    0    |
|          |      grp_fu_695     |    1    |    0    |    0    |
|          |      grp_fu_704     |    1    |    0    |    0    |
|          |      grp_fu_724     |    1    |    0    |    0    |
|          |      grp_fu_733     |    1    |    0    |    0    |
|          |      grp_fu_742     |    1    |    0    |    0    |
|----------|---------------------|---------|---------|---------|
|          |      grp_fu_570     |    1    |    0    |    0    |
| submuladd|      grp_fu_596     |    1    |    0    |    0    |
|          |      grp_fu_713     |    1    |    0    |    0    |
|----------|---------------------|---------|---------|---------|
| addmuladd|      grp_fu_657     |    1    |    0    |    0    |
|----------|---------------------|---------|---------|---------|
|          | p_read_1_read_fu_50 |    0    |    0    |    0    |
|          | p_read_2_read_fu_56 |    0    |    0    |    0    |
|          | p_read_3_read_fu_62 |    0    |    0    |    0    |
|   read   | p_read_4_read_fu_68 |    0    |    0    |    0    |
|          | p_read_5_read_fu_74 |    0    |    0    |    0    |
|          | p_read_6_read_fu_80 |    0    |    0    |    0    |
|          | p_read_7_read_fu_86 |    0    |    0    |    0    |
|          | p_read21_read_fu_92 |    0    |    0    |    0    |
|----------|---------------------|---------|---------|---------|
|          |   sext_ln21_fu_98   |    0    |    0    |    0    |
|          |  sext_ln21_4_fu_102 |    0    |    0    |    0    |
|          |   sext_ln11_fu_106  |    0    |    0    |    0    |
|          |  sext_ln11_1_fu_110 |    0    |    0    |    0    |
|          | sext_ln21_10_fu_114 |    0    |    0    |    0    |
|          |  tmp17_cast_fu_124  |    0    |    0    |    0    |
|          |  tmp19_cast_fu_140  |    0    |    0    |    0    |
|          | sext_ln21_15_fu_144 |    0    |    0    |    0    |
|          | sext_ln21_17_fu_148 |    0    |    0    |    0    |
|          |  sext_ln21_1_fu_152 |    0    |    0    |    0    |
|          |  sext_ln21_2_fu_155 |    0    |    0    |    0    |
|          |  sext_ln21_3_fu_158 |    0    |    0    |    0    |
|          |  sext_ln21_5_fu_161 |    0    |    0    |    0    |
|   sext   |  sext_ln21_6_fu_164 |    0    |    0    |    0    |
|          |  sext_ln21_7_fu_167 |    0    |    0    |    0    |
|          |  sext_ln21_8_fu_170 |    0    |    0    |    0    |
|          |  sext_ln21_9_fu_173 |    0    |    0    |    0    |
|          | sext_ln21_11_fu_176 |    0    |    0    |    0    |
|          | sext_ln21_12_fu_255 |    0    |    0    |    0    |
|          |  tmp7_cast70_fu_264 |    0    |    0    |    0    |
|          |  tmp11_cast_fu_274  |    0    |    0    |    0    |
|          | sext_ln21_14_fu_284 |    0    |    0    |    0    |
|          | tmp25_cast72_fu_293 |    0    |    0    |    0    |
|          |  tmp27_cast_fu_303  |    0    |    0    |    0    |
|          |   sext_ln23_fu_360  |    0    |    0    |    0    |
|          |  tmp39_cast_fu_370  |    0    |    0    |    0    |
|          | sext_ln21_16_fu_395 |    0    |    0    |    0    |
|          | sext_ln21_13_fu_410 |    0    |    0    |    0    |
|----------|---------------------|---------|---------|---------|
|          |    shl_ln_fu_179    |    0    |    0    |    0    |
|          |     tmp3_fu_200     |    0    |    0    |    0    |
|bitconcatenate|     tmp_1_fu_208    |    0    |    0    |    0    |
|          |     tmp6_fu_219     |    0    |    0    |    0    |
|          |    p_shl1_fu_311    |    0    |    0    |    0    |
|          |     p_shl_fu_325    |    0    |    0    |    0    |
|----------|---------------------|---------|---------|---------|
|          |   trunc_ln_fu_245   |    0    |    0    |    0    |
|          | trunc_ln23_4_fu_345 |    0    |    0    |    0    |
|          | trunc_ln23_1_fu_439 |    0    |    0    |    0    |
|partselect| trunc_ln23_2_fu_449 |    0    |    0    |    0    |
|          | trunc_ln23_3_fu_467 |    0    |    0    |    0    |
|          | trunc_ln23_5_fu_486 |    0    |    0    |    0    |
|          | trunc_ln23_6_fu_496 |    0    |    0    |    0    |
|          | trunc_ln23_7_fu_514 |    0    |    0    |    0    |
|----------|---------------------|---------|---------|---------|
|   trunc  |     empty_fu_307    |    0    |    0    |    0    |
|----------|---------------------|---------|---------|---------|
|          |      mrv_fu_524     |    0    |    0    |    0    |
|          |     mrv_1_fu_529    |    0    |    0    |    0    |
|          |     mrv_2_fu_535    |    0    |    0    |    0    |
|insertvalue|     mrv_3_fu_541    |    0    |    0    |    0    |
|          |     mrv_4_fu_547    |    0    |    0    |    0    |
|          |     mrv_5_fu_552    |    0    |    0    |    0    |
|          |     mrv_6_fu_558    |    0    |    0    |    0    |
|          |     mrv_7_fu_564    |    0    |    0    |    0    |
|----------|---------------------|---------|---------|---------|
|   Total  |                     |    28   |    0    |   782   |
|----------|---------------------|---------|---------|---------|

Memories:
N/A

* Register list:
+--------------------+--------+
|                    |   FF   |
+--------------------+--------+
| add_ln23_13_reg_914|   29   |
| add_ln23_14_reg_919|   29   |
| add_ln23_16_reg_924|   29   |
| add_ln23_19_reg_934|   29   |
| add_ln23_24_reg_939|   29   |
| add_ln23_25_reg_949|   29   |
| add_ln23_8_reg_909 |   29   |
| mul_ln21_11_reg_899|   29   |
| mul_ln21_13_reg_944|   29   |
| mul_ln21_1_reg_904 |   29   |
| mul_ln21_3_reg_884 |   29   |
| mul_ln21_5_reg_889 |   29   |
| mul_ln21_7_reg_894 |   29   |
| mul_ln21_9_reg_929 |   29   |
|  mul_ln21_reg_879  |   29   |
|  p_read21_reg_798  |   16   |
|  p_read_1_reg_751  |   16   |
|  p_read_2_reg_758  |   16   |
|  p_read_3_reg_766  |   16   |
|  p_read_4_reg_773  |   16   |
|  p_read_5_reg_778  |   16   |
|  p_read_6_reg_784  |   16   |
|  p_read_7_reg_791  |   16   |
|sext_ln21_11_reg_833|   29   |
|sext_ln21_12_reg_844|   29   |
|sext_ln21_14_reg_856|   29   |
|sext_ln21_15_reg_815|   29   |
|sext_ln21_17_reg_821|   29   |
| sext_ln21_1_reg_827|   29   |
|  sext_ln21_reg_804 |   17   |
|  sext_ln23_reg_873 |   29   |
| tmp19_cast_reg_809 |   29   |
|tmp25_cast72_reg_862|   29   |
| tmp7_cast70_reg_850|   29   |
|trunc_ln23_4_reg_868|   16   |
|  trunc_ln_reg_839  |   16   |
+--------------------+--------+
|        Total       |   902  |
+--------------------+--------+

* Multiplexer (MUX) list: 
|------------|------|------|------|--------||---------||---------||---------|
|    Comp    |  Pin | Size |  BW  | S x BW ||  Delay  ||    FF   ||   LUT   |
|------------|------|------|------|--------||---------||---------||---------|
| grp_fu_570 |  p0  |   2  |  16  |   32   ||    0    ||    9    |
| grp_fu_580 |  p0  |   2  |  18  |   36   ||    0    ||    9    |
| grp_fu_588 |  p0  |   3  |  16  |   48   ||    0    ||    14   |
| grp_fu_596 |  p1  |   2  |  16  |   32   ||    0    ||    9    |
| grp_fu_606 |  p0  |   3  |  16  |   48   ||    0    ||    14   |
| grp_fu_614 |  p0  |   2  |  18  |   36   ||    0    ||    9    |
| grp_fu_622 |  p0  |   3  |  16  |   48   ||    0    ||    14   |
| grp_fu_630 |  p0  |   3  |  16  |   48   ||    0    ||    14   |
| grp_fu_639 |  p0  |   2  |  16  |   32   ||    0    ||    9    |
| grp_fu_648 |  p0  |   3  |  17  |   51   ||    0    ||    14   |
| grp_fu_657 |  p0  |   2  |  18  |   36   ||    0    ||    9    |
| grp_fu_668 |  p0  |   3  |  16  |   48   ||    0    ||    14   |
| grp_fu_677 |  p0  |   2  |  17  |   34   ||    0    ||    9    |
| grp_fu_686 |  p0  |   3  |  16  |   48   ||    0    ||    14   |
| grp_fu_695 |  p0  |   3  |  17  |   51   ||    0    ||    14   |
| grp_fu_704 |  p0  |   2  |  17  |   34   ||    0    ||    9    |
| grp_fu_713 |  p0  |   2  |  18  |   36   ||    0    ||    9    |
| grp_fu_724 |  p0  |   3  |  16  |   48   ||    0    ||    14   |
| grp_fu_733 |  p0  |   3  |  17  |   51   ||    0    ||    14   |
| grp_fu_742 |  p0  |   2  |  17  |   34   ||    0    ||    9    |
|------------|------|------|------|--------||---------||---------||---------|
|    Total   |      |      |      |   831  ||   9.03  ||    0    ||   230   |
|------------|------|------|------|--------||---------||---------||---------|



* Summary:
+-----------+--------+--------+--------+--------+
|           |   DSP  |  Delay |   FF   |   LUT  |
+-----------+--------+--------+--------+--------+
|  Function |   28   |    -   |    0   |   782  |
|   Memory  |    -   |    -   |    -   |    -   |
|Multiplexer|    -   |    9   |    0   |   230  |
|  Register |    -   |    -   |   902  |    -   |
+-----------+--------+--------+--------+--------+
|   Total   |   28   |    9   |   902  |  1012  |
+-----------+--------+--------+--------+--------+
