

================================================================
== Vitis HLS Report for 'dct_2d'
================================================================
* Date:           Thu Jan 29 20:29:34 2026

* Version:        2024.1 (Build 5069499 on May 21 2024)
* Project:        dct
* Solution:       hls (Vitis Kernel Flow Target)
* Product family: zynquplus
* Target device:  xczu3eg-sfvc784-2-e


================================================================
== Performance Estimates
================================================================
+ Timing: 
    * Summary: 
    +--------+---------+----------+------------+
    |  Clock |  Target | Estimated| Uncertainty|
    +--------+---------+----------+------------+
    |ap_clk  |  8.00 ns|  4.408 ns|     0.96 ns|
    +--------+---------+----------+------------+

+ Latency: 
    * Summary: 
    +---------+---------+----------+----------+-----+-----+---------+
    |  Latency (cycles) |  Latency (absolute) |  Interval | Pipeline|
    |   min   |   max   |    min   |    max   | min | max |   Type  |
    +---------+---------+----------+----------+-----+-----+---------+
    |       20|       20|  0.160 us|  0.160 us|    4|    4|      yes|
    +---------+---------+----------+----------+-----+-----+---------+

    + Detail: 
        * Instance: 
        +--------------------+--------+---------+---------+-----------+-----------+-----+-----+---------+
        |                    |        |  Latency (cycles) |   Latency (absolute)  |  Interval | Pipeline|
        |      Instance      | Module |   min   |   max   |    min    |    max    | min | max |   Type  |
        +--------------------+--------+---------+---------+-----------+-----------+-----+-----+---------+
        |grp_dct_1d_fu_1354  |dct_1d  |        4|        4|  32.000 ns|  32.000 ns|    1|    1|      yes|
        |grp_dct_1d_fu_1374  |dct_1d  |        4|        4|  32.000 ns|  32.000 ns|    1|    1|      yes|
        |grp_dct_1d_fu_1394  |dct_1d  |        4|        4|  32.000 ns|  32.000 ns|    1|    1|      yes|
        |grp_dct_1d_fu_1406  |dct_1d  |        4|        4|  32.000 ns|  32.000 ns|    1|    1|      yes|
        +--------------------+--------+---------+---------+-----------+-----------+-----+-----+---------+

        * Loop: 
        N/A

============================================================
+ Verbose Summary: Synthesis Manager
============================================================
InlineROM: 1
ExposeGlobal: 0
============================================================
+ Verbose Summary: CDFG Model
============================================================
IsTopModel: 0
ResetActiveHigh: 1
IsCombinational: 0
IsDatapathOnly: 0
HasWiredReturn: 1
HasMFsm: 2
HasVarLatency: 0
IsPipeline: 1
IsRtlPipelined: 1
IsInstanceOverlapped: 0
IsDontTouch: 0
HasImplIP: 0
IsGatedGlobalClock: 0

+ Individual pipeline summary: 
  * Pipeline-0: initiation interval (II) = 4, depth = 21


============================================================
+ Verbose Summary: Schedule
============================================================
* Number of FSM states : 21
* Pipeline : 1
  Pipeline-0 : II = 4, D = 21, States = { 1 2 3 4 5 6 7 8 9 10 11 12 13 14 15 16 17 18 19 20 21 }
* Dataflow Pipeline: 0

* FSM state transitions: 
1 --> 2 
2 --> 3 
3 --> 4 
4 --> 5 
5 --> 6 
6 --> 7 
7 --> 8 
8 --> 9 
9 --> 10 
10 --> 11 
11 --> 12 
12 --> 13 
13 --> 14 
14 --> 15 
15 --> 16 
16 --> 17 
17 --> 18 
18 --> 19 
19 --> 20 
20 --> 21 
21 --> 

* FSM state operations: 

State 1 <SV = 0> <Delay = 0.67>
ST_1 : Operation 22 [1/1] (0.00ns)   --->   "%in_block_0_addr = getelementptr i16 %in_block_0, i64 0, i64 0" [../dct_ref/dct.cpp:38]   --->   Operation 22 'getelementptr' 'in_block_0_addr' <Predicate = true> <Delay = 0.00>
ST_1 : Operation 23 [1/1] (0.00ns)   --->   "%in_block_1_addr = getelementptr i16 %in_block_1, i64 0, i64 0" [../dct_ref/dct.cpp:38]   --->   Operation 23 'getelementptr' 'in_block_1_addr' <Predicate = true> <Delay = 0.00>
ST_1 : Operation 24 [1/1] (0.00ns)   --->   "%in_block_2_addr = getelementptr i16 %in_block_2, i64 0, i64 0" [../dct_ref/dct.cpp:38]   --->   Operation 24 'getelementptr' 'in_block_2_addr' <Predicate = true> <Delay = 0.00>
ST_1 : Operation 25 [1/1] (0.00ns)   --->   "%in_block_3_addr = getelementptr i16 %in_block_3, i64 0, i64 0" [../dct_ref/dct.cpp:38]   --->   Operation 25 'getelementptr' 'in_block_3_addr' <Predicate = true> <Delay = 0.00>
ST_1 : Operation 26 [1/1] (0.00ns)   --->   "%in_block_4_addr = getelementptr i16 %in_block_4, i64 0, i64 0" [../dct_ref/dct.cpp:38]   --->   Operation 26 'getelementptr' 'in_block_4_addr' <Predicate = true> <Delay = 0.00>
ST_1 : Operation 27 [1/1] (0.00ns)   --->   "%in_block_5_addr = getelementptr i16 %in_block_5, i64 0, i64 0" [../dct_ref/dct.cpp:38]   --->   Operation 27 'getelementptr' 'in_block_5_addr' <Predicate = true> <Delay = 0.00>
ST_1 : Operation 28 [1/1] (0.00ns)   --->   "%in_block_6_addr = getelementptr i16 %in_block_6, i64 0, i64 0" [../dct_ref/dct.cpp:38]   --->   Operation 28 'getelementptr' 'in_block_6_addr' <Predicate = true> <Delay = 0.00>
ST_1 : Operation 29 [1/1] (0.00ns)   --->   "%in_block_7_addr = getelementptr i16 %in_block_7, i64 0, i64 0" [../dct_ref/dct.cpp:38]   --->   Operation 29 'getelementptr' 'in_block_7_addr' <Predicate = true> <Delay = 0.00>
ST_1 : Operation 30 [2/2] (0.67ns)   --->   "%in_block_0_load = load i3 %in_block_0_addr" [../dct_ref/dct.cpp:38]   --->   Operation 30 'load' 'in_block_0_load' <Predicate = true> <Delay = 0.67> <CoreInst = "RAM">   --->   Core 82 'RAM' <Latency = 1> <II = 1> <Delay = 0.67> <Storage> <Opcode : 'load' 'store'> <Ports = 2> <Width = 16> <Depth = 8> <RAM>
ST_1 : Operation 31 [2/2] (0.67ns)   --->   "%in_block_1_load = load i3 %in_block_1_addr" [../dct_ref/dct.cpp:38]   --->   Operation 31 'load' 'in_block_1_load' <Predicate = true> <Delay = 0.67> <CoreInst = "RAM">   --->   Core 82 'RAM' <Latency = 1> <II = 1> <Delay = 0.67> <Storage> <Opcode : 'load' 'store'> <Ports = 2> <Width = 16> <Depth = 8> <RAM>
ST_1 : Operation 32 [2/2] (0.67ns)   --->   "%in_block_2_load = load i3 %in_block_2_addr" [../dct_ref/dct.cpp:38]   --->   Operation 32 'load' 'in_block_2_load' <Predicate = true> <Delay = 0.67> <CoreInst = "RAM">   --->   Core 82 'RAM' <Latency = 1> <II = 1> <Delay = 0.67> <Storage> <Opcode : 'load' 'store'> <Ports = 2> <Width = 16> <Depth = 8> <RAM>
ST_1 : Operation 33 [2/2] (0.67ns)   --->   "%in_block_3_load = load i3 %in_block_3_addr" [../dct_ref/dct.cpp:38]   --->   Operation 33 'load' 'in_block_3_load' <Predicate = true> <Delay = 0.67> <CoreInst = "RAM">   --->   Core 82 'RAM' <Latency = 1> <II = 1> <Delay = 0.67> <Storage> <Opcode : 'load' 'store'> <Ports = 2> <Width = 16> <Depth = 8> <RAM>
ST_1 : Operation 34 [2/2] (0.67ns)   --->   "%in_block_4_load = load i3 %in_block_4_addr" [../dct_ref/dct.cpp:38]   --->   Operation 34 'load' 'in_block_4_load' <Predicate = true> <Delay = 0.67> <CoreInst = "RAM">   --->   Core 82 'RAM' <Latency = 1> <II = 1> <Delay = 0.67> <Storage> <Opcode : 'load' 'store'> <Ports = 2> <Width = 16> <Depth = 8> <RAM>
ST_1 : Operation 35 [2/2] (0.67ns)   --->   "%in_block_5_load = load i3 %in_block_5_addr" [../dct_ref/dct.cpp:38]   --->   Operation 35 'load' 'in_block_5_load' <Predicate = true> <Delay = 0.67> <CoreInst = "RAM">   --->   Core 82 'RAM' <Latency = 1> <II = 1> <Delay = 0.67> <Storage> <Opcode : 'load' 'store'> <Ports = 2> <Width = 16> <Depth = 8> <RAM>
ST_1 : Operation 36 [2/2] (0.67ns)   --->   "%in_block_6_load = load i3 %in_block_6_addr" [../dct_ref/dct.cpp:38]   --->   Operation 36 'load' 'in_block_6_load' <Predicate = true> <Delay = 0.67> <CoreInst = "RAM">   --->   Core 82 'RAM' <Latency = 1> <II = 1> <Delay = 0.67> <Storage> <Opcode : 'load' 'store'> <Ports = 2> <Width = 16> <Depth = 8> <RAM>
ST_1 : Operation 37 [2/2] (0.67ns)   --->   "%in_block_7_load = load i3 %in_block_7_addr" [../dct_ref/dct.cpp:38]   --->   Operation 37 'load' 'in_block_7_load' <Predicate = true> <Delay = 0.67> <CoreInst = "RAM">   --->   Core 82 'RAM' <Latency = 1> <II = 1> <Delay = 0.67> <Storage> <Opcode : 'load' 'store'> <Ports = 2> <Width = 16> <Depth = 8> <RAM>
ST_1 : Operation 38 [1/1] (0.00ns)   --->   "%in_block_0_addr_1 = getelementptr i16 %in_block_0, i64 0, i64 1" [../dct_ref/dct.cpp:38]   --->   Operation 38 'getelementptr' 'in_block_0_addr_1' <Predicate = true> <Delay = 0.00>
ST_1 : Operation 39 [1/1] (0.00ns)   --->   "%in_block_1_addr_1 = getelementptr i16 %in_block_1, i64 0, i64 1" [../dct_ref/dct.cpp:38]   --->   Operation 39 'getelementptr' 'in_block_1_addr_1' <Predicate = true> <Delay = 0.00>
ST_1 : Operation 40 [1/1] (0.00ns)   --->   "%in_block_2_addr_1 = getelementptr i16 %in_block_2, i64 0, i64 1" [../dct_ref/dct.cpp:38]   --->   Operation 40 'getelementptr' 'in_block_2_addr_1' <Predicate = true> <Delay = 0.00>
ST_1 : Operation 41 [1/1] (0.00ns)   --->   "%in_block_3_addr_1 = getelementptr i16 %in_block_3, i64 0, i64 1" [../dct_ref/dct.cpp:38]   --->   Operation 41 'getelementptr' 'in_block_3_addr_1' <Predicate = true> <Delay = 0.00>
ST_1 : Operation 42 [1/1] (0.00ns)   --->   "%in_block_4_addr_1 = getelementptr i16 %in_block_4, i64 0, i64 1" [../dct_ref/dct.cpp:38]   --->   Operation 42 'getelementptr' 'in_block_4_addr_1' <Predicate = true> <Delay = 0.00>
ST_1 : Operation 43 [1/1] (0.00ns)   --->   "%in_block_5_addr_1 = getelementptr i16 %in_block_5, i64 0, i64 1" [../dct_ref/dct.cpp:38]   --->   Operation 43 'getelementptr' 'in_block_5_addr_1' <Predicate = true> <Delay = 0.00>
ST_1 : Operation 44 [1/1] (0.00ns)   --->   "%in_block_6_addr_1 = getelementptr i16 %in_block_6, i64 0, i64 1" [../dct_ref/dct.cpp:38]   --->   Operation 44 'getelementptr' 'in_block_6_addr_1' <Predicate = true> <Delay = 0.00>
ST_1 : Operation 45 [1/1] (0.00ns)   --->   "%in_block_7_addr_1 = getelementptr i16 %in_block_7, i64 0, i64 1" [../dct_ref/dct.cpp:38]   --->   Operation 45 'getelementptr' 'in_block_7_addr_1' <Predicate = true> <Delay = 0.00>
ST_1 : Operation 46 [2/2] (0.67ns)   --->   "%in_block_0_load_1 = load i3 %in_block_0_addr_1" [../dct_ref/dct.cpp:38]   --->   Operation 46 'load' 'in_block_0_load_1' <Predicate = true> <Delay = 0.67> <CoreInst = "RAM">   --->   Core 82 'RAM' <Latency = 1> <II = 1> <Delay = 0.67> <Storage> <Opcode : 'load' 'store'> <Ports = 2> <Width = 16> <Depth = 8> <RAM>
ST_1 : Operation 47 [2/2] (0.67ns)   --->   "%in_block_1_load_1 = load i3 %in_block_1_addr_1" [../dct_ref/dct.cpp:38]   --->   Operation 47 'load' 'in_block_1_load_1' <Predicate = true> <Delay = 0.67> <CoreInst = "RAM">   --->   Core 82 'RAM' <Latency = 1> <II = 1> <Delay = 0.67> <Storage> <Opcode : 'load' 'store'> <Ports = 2> <Width = 16> <Depth = 8> <RAM>
ST_1 : Operation 48 [2/2] (0.67ns)   --->   "%in_block_2_load_1 = load i3 %in_block_2_addr_1" [../dct_ref/dct.cpp:38]   --->   Operation 48 'load' 'in_block_2_load_1' <Predicate = true> <Delay = 0.67> <CoreInst = "RAM">   --->   Core 82 'RAM' <Latency = 1> <II = 1> <Delay = 0.67> <Storage> <Opcode : 'load' 'store'> <Ports = 2> <Width = 16> <Depth = 8> <RAM>
ST_1 : Operation 49 [2/2] (0.67ns)   --->   "%in_block_3_load_1 = load i3 %in_block_3_addr_1" [../dct_ref/dct.cpp:38]   --->   Operation 49 'load' 'in_block_3_load_1' <Predicate = true> <Delay = 0.67> <CoreInst = "RAM">   --->   Core 82 'RAM' <Latency = 1> <II = 1> <Delay = 0.67> <Storage> <Opcode : 'load' 'store'> <Ports = 2> <Width = 16> <Depth = 8> <RAM>
ST_1 : Operation 50 [2/2] (0.67ns)   --->   "%in_block_4_load_1 = load i3 %in_block_4_addr_1" [../dct_ref/dct.cpp:38]   --->   Operation 50 'load' 'in_block_4_load_1' <Predicate = true> <Delay = 0.67> <CoreInst = "RAM">   --->   Core 82 'RAM' <Latency = 1> <II = 1> <Delay = 0.67> <Storage> <Opcode : 'load' 'store'> <Ports = 2> <Width = 16> <Depth = 8> <RAM>
ST_1 : Operation 51 [2/2] (0.67ns)   --->   "%in_block_5_load_1 = load i3 %in_block_5_addr_1" [../dct_ref/dct.cpp:38]   --->   Operation 51 'load' 'in_block_5_load_1' <Predicate = true> <Delay = 0.67> <CoreInst = "RAM">   --->   Core 82 'RAM' <Latency = 1> <II = 1> <Delay = 0.67> <Storage> <Opcode : 'load' 'store'> <Ports = 2> <Width = 16> <Depth = 8> <RAM>
ST_1 : Operation 52 [2/2] (0.67ns)   --->   "%in_block_6_load_1 = load i3 %in_block_6_addr_1" [../dct_ref/dct.cpp:38]   --->   Operation 52 'load' 'in_block_6_load_1' <Predicate = true> <Delay = 0.67> <CoreInst = "RAM">   --->   Core 82 'RAM' <Latency = 1> <II = 1> <Delay = 0.67> <Storage> <Opcode : 'load' 'store'> <Ports = 2> <Width = 16> <Depth = 8> <RAM>
ST_1 : Operation 53 [2/2] (0.67ns)   --->   "%in_block_7_load_1 = load i3 %in_block_7_addr_1" [../dct_ref/dct.cpp:38]   --->   Operation 53 'load' 'in_block_7_load_1' <Predicate = true> <Delay = 0.67> <CoreInst = "RAM">   --->   Core 82 'RAM' <Latency = 1> <II = 1> <Delay = 0.67> <Storage> <Opcode : 'load' 'store'> <Ports = 2> <Width = 16> <Depth = 8> <RAM>

State 2 <SV = 1> <Delay = 3.36>
ST_2 : Operation 54 [1/2] (0.67ns)   --->   "%in_block_0_load = load i3 %in_block_0_addr" [../dct_ref/dct.cpp:38]   --->   Operation 54 'load' 'in_block_0_load' <Predicate = true> <Delay = 0.67> <CoreInst = "RAM">   --->   Core 82 'RAM' <Latency = 1> <II = 1> <Delay = 0.67> <Storage> <Opcode : 'load' 'store'> <Ports = 2> <Width = 16> <Depth = 8> <RAM>
ST_2 : Operation 55 [1/2] (0.67ns)   --->   "%in_block_1_load = load i3 %in_block_1_addr" [../dct_ref/dct.cpp:38]   --->   Operation 55 'load' 'in_block_1_load' <Predicate = true> <Delay = 0.67> <CoreInst = "RAM">   --->   Core 82 'RAM' <Latency = 1> <II = 1> <Delay = 0.67> <Storage> <Opcode : 'load' 'store'> <Ports = 2> <Width = 16> <Depth = 8> <RAM>
ST_2 : Operation 56 [1/2] (0.67ns)   --->   "%in_block_2_load = load i3 %in_block_2_addr" [../dct_ref/dct.cpp:38]   --->   Operation 56 'load' 'in_block_2_load' <Predicate = true> <Delay = 0.67> <CoreInst = "RAM">   --->   Core 82 'RAM' <Latency = 1> <II = 1> <Delay = 0.67> <Storage> <Opcode : 'load' 'store'> <Ports = 2> <Width = 16> <Depth = 8> <RAM>
ST_2 : Operation 57 [1/2] (0.67ns)   --->   "%in_block_3_load = load i3 %in_block_3_addr" [../dct_ref/dct.cpp:38]   --->   Operation 57 'load' 'in_block_3_load' <Predicate = true> <Delay = 0.67> <CoreInst = "RAM">   --->   Core 82 'RAM' <Latency = 1> <II = 1> <Delay = 0.67> <Storage> <Opcode : 'load' 'store'> <Ports = 2> <Width = 16> <Depth = 8> <RAM>
ST_2 : Operation 58 [1/2] (0.67ns)   --->   "%in_block_4_load = load i3 %in_block_4_addr" [../dct_ref/dct.cpp:38]   --->   Operation 58 'load' 'in_block_4_load' <Predicate = true> <Delay = 0.67> <CoreInst = "RAM">   --->   Core 82 'RAM' <Latency = 1> <II = 1> <Delay = 0.67> <Storage> <Opcode : 'load' 'store'> <Ports = 2> <Width = 16> <Depth = 8> <RAM>
ST_2 : Operation 59 [1/2] (0.67ns)   --->   "%in_block_5_load = load i3 %in_block_5_addr" [../dct_ref/dct.cpp:38]   --->   Operation 59 'load' 'in_block_5_load' <Predicate = true> <Delay = 0.67> <CoreInst = "RAM">   --->   Core 82 'RAM' <Latency = 1> <II = 1> <Delay = 0.67> <Storage> <Opcode : 'load' 'store'> <Ports = 2> <Width = 16> <Depth = 8> <RAM>
ST_2 : Operation 60 [1/2] (0.67ns)   --->   "%in_block_6_load = load i3 %in_block_6_addr" [../dct_ref/dct.cpp:38]   --->   Operation 60 'load' 'in_block_6_load' <Predicate = true> <Delay = 0.67> <CoreInst = "RAM">   --->   Core 82 'RAM' <Latency = 1> <II = 1> <Delay = 0.67> <Storage> <Opcode : 'load' 'store'> <Ports = 2> <Width = 16> <Depth = 8> <RAM>
ST_2 : Operation 61 [1/2] (0.67ns)   --->   "%in_block_7_load = load i3 %in_block_7_addr" [../dct_ref/dct.cpp:38]   --->   Operation 61 'load' 'in_block_7_load' <Predicate = true> <Delay = 0.67> <CoreInst = "RAM">   --->   Core 82 'RAM' <Latency = 1> <II = 1> <Delay = 0.67> <Storage> <Opcode : 'load' 'store'> <Ports = 2> <Width = 16> <Depth = 8> <RAM>
ST_2 : Operation 62 [6/6] (2.69ns)   --->   "%dct_1d_ret1 = call i128 @dct_1d, i16 %in_block_0_load, i16 %in_block_1_load, i16 %in_block_2_load, i16 %in_block_3_load, i16 %in_block_4_load, i16 %in_block_5_load, i16 %in_block_6_load, i16 %in_block_7_load" [../dct_ref/dct.cpp:38]   --->   Operation 62 'call' 'dct_1d_ret1' <Predicate = true> <Delay = 2.69> <CoreType = "Generic">   --->   Core 0 '' <Latency = 0> <II = 1> <Delay = 1.00> <Generic> <Opcode : >
ST_2 : Operation 63 [1/2] (0.67ns)   --->   "%in_block_0_load_1 = load i3 %in_block_0_addr_1" [../dct_ref/dct.cpp:38]   --->   Operation 63 'load' 'in_block_0_load_1' <Predicate = true> <Delay = 0.67> <CoreInst = "RAM">   --->   Core 82 'RAM' <Latency = 1> <II = 1> <Delay = 0.67> <Storage> <Opcode : 'load' 'store'> <Ports = 2> <Width = 16> <Depth = 8> <RAM>
ST_2 : Operation 64 [1/2] (0.67ns)   --->   "%in_block_1_load_1 = load i3 %in_block_1_addr_1" [../dct_ref/dct.cpp:38]   --->   Operation 64 'load' 'in_block_1_load_1' <Predicate = true> <Delay = 0.67> <CoreInst = "RAM">   --->   Core 82 'RAM' <Latency = 1> <II = 1> <Delay = 0.67> <Storage> <Opcode : 'load' 'store'> <Ports = 2> <Width = 16> <Depth = 8> <RAM>
ST_2 : Operation 65 [1/2] (0.67ns)   --->   "%in_block_2_load_1 = load i3 %in_block_2_addr_1" [../dct_ref/dct.cpp:38]   --->   Operation 65 'load' 'in_block_2_load_1' <Predicate = true> <Delay = 0.67> <CoreInst = "RAM">   --->   Core 82 'RAM' <Latency = 1> <II = 1> <Delay = 0.67> <Storage> <Opcode : 'load' 'store'> <Ports = 2> <Width = 16> <Depth = 8> <RAM>
ST_2 : Operation 66 [1/2] (0.67ns)   --->   "%in_block_3_load_1 = load i3 %in_block_3_addr_1" [../dct_ref/dct.cpp:38]   --->   Operation 66 'load' 'in_block_3_load_1' <Predicate = true> <Delay = 0.67> <CoreInst = "RAM">   --->   Core 82 'RAM' <Latency = 1> <II = 1> <Delay = 0.67> <Storage> <Opcode : 'load' 'store'> <Ports = 2> <Width = 16> <Depth = 8> <RAM>
ST_2 : Operation 67 [1/2] (0.67ns)   --->   "%in_block_4_load_1 = load i3 %in_block_4_addr_1" [../dct_ref/dct.cpp:38]   --->   Operation 67 'load' 'in_block_4_load_1' <Predicate = true> <Delay = 0.67> <CoreInst = "RAM">   --->   Core 82 'RAM' <Latency = 1> <II = 1> <Delay = 0.67> <Storage> <Opcode : 'load' 'store'> <Ports = 2> <Width = 16> <Depth = 8> <RAM>
ST_2 : Operation 68 [1/2] (0.67ns)   --->   "%in_block_5_load_1 = load i3 %in_block_5_addr_1" [../dct_ref/dct.cpp:38]   --->   Operation 68 'load' 'in_block_5_load_1' <Predicate = true> <Delay = 0.67> <CoreInst = "RAM">   --->   Core 82 'RAM' <Latency = 1> <II = 1> <Delay = 0.67> <Storage> <Opcode : 'load' 'store'> <Ports = 2> <Width = 16> <Depth = 8> <RAM>
ST_2 : Operation 69 [1/2] (0.67ns)   --->   "%in_block_6_load_1 = load i3 %in_block_6_addr_1" [../dct_ref/dct.cpp:38]   --->   Operation 69 'load' 'in_block_6_load_1' <Predicate = true> <Delay = 0.67> <CoreInst = "RAM">   --->   Core 82 'RAM' <Latency = 1> <II = 1> <Delay = 0.67> <Storage> <Opcode : 'load' 'store'> <Ports = 2> <Width = 16> <Depth = 8> <RAM>
ST_2 : Operation 70 [1/2] (0.67ns)   --->   "%in_block_7_load_1 = load i3 %in_block_7_addr_1" [../dct_ref/dct.cpp:38]   --->   Operation 70 'load' 'in_block_7_load_1' <Predicate = true> <Delay = 0.67> <CoreInst = "RAM">   --->   Core 82 'RAM' <Latency = 1> <II = 1> <Delay = 0.67> <Storage> <Opcode : 'load' 'store'> <Ports = 2> <Width = 16> <Depth = 8> <RAM>
ST_2 : Operation 71 [6/6] (2.69ns)   --->   "%dct_1d_ret2 = call i128 @dct_1d, i16 %in_block_0_load_1, i16 %in_block_1_load_1, i16 %in_block_2_load_1, i16 %in_block_3_load_1, i16 %in_block_4_load_1, i16 %in_block_5_load_1, i16 %in_block_6_load_1, i16 %in_block_7_load_1" [../dct_ref/dct.cpp:38]   --->   Operation 71 'call' 'dct_1d_ret2' <Predicate = true> <Delay = 2.69> <CoreType = "Generic">   --->   Core 0 '' <Latency = 0> <II = 1> <Delay = 1.00> <Generic> <Opcode : >
ST_2 : Operation 72 [1/1] (0.00ns)   --->   "%in_block_0_addr_2 = getelementptr i16 %in_block_0, i64 0, i64 2" [../dct_ref/dct.cpp:38]   --->   Operation 72 'getelementptr' 'in_block_0_addr_2' <Predicate = true> <Delay = 0.00>
ST_2 : Operation 73 [1/1] (0.00ns)   --->   "%in_block_1_addr_2 = getelementptr i16 %in_block_1, i64 0, i64 2" [../dct_ref/dct.cpp:38]   --->   Operation 73 'getelementptr' 'in_block_1_addr_2' <Predicate = true> <Delay = 0.00>
ST_2 : Operation 74 [1/1] (0.00ns)   --->   "%in_block_2_addr_2 = getelementptr i16 %in_block_2, i64 0, i64 2" [../dct_ref/dct.cpp:38]   --->   Operation 74 'getelementptr' 'in_block_2_addr_2' <Predicate = true> <Delay = 0.00>
ST_2 : Operation 75 [1/1] (0.00ns)   --->   "%in_block_3_addr_2 = getelementptr i16 %in_block_3, i64 0, i64 2" [../dct_ref/dct.cpp:38]   --->   Operation 75 'getelementptr' 'in_block_3_addr_2' <Predicate = true> <Delay = 0.00>
ST_2 : Operation 76 [1/1] (0.00ns)   --->   "%in_block_4_addr_2 = getelementptr i16 %in_block_4, i64 0, i64 2" [../dct_ref/dct.cpp:38]   --->   Operation 76 'getelementptr' 'in_block_4_addr_2' <Predicate = true> <Delay = 0.00>
ST_2 : Operation 77 [1/1] (0.00ns)   --->   "%in_block_5_addr_2 = getelementptr i16 %in_block_5, i64 0, i64 2" [../dct_ref/dct.cpp:38]   --->   Operation 77 'getelementptr' 'in_block_5_addr_2' <Predicate = true> <Delay = 0.00>
ST_2 : Operation 78 [1/1] (0.00ns)   --->   "%in_block_6_addr_2 = getelementptr i16 %in_block_6, i64 0, i64 2" [../dct_ref/dct.cpp:38]   --->   Operation 78 'getelementptr' 'in_block_6_addr_2' <Predicate = true> <Delay = 0.00>
ST_2 : Operation 79 [1/1] (0.00ns)   --->   "%in_block_7_addr_2 = getelementptr i16 %in_block_7, i64 0, i64 2" [../dct_ref/dct.cpp:38]   --->   Operation 79 'getelementptr' 'in_block_7_addr_2' <Predicate = true> <Delay = 0.00>
ST_2 : Operation 80 [2/2] (0.67ns)   --->   "%in_block_0_load_2 = load i3 %in_block_0_addr_2" [../dct_ref/dct.cpp:38]   --->   Operation 80 'load' 'in_block_0_load_2' <Predicate = true> <Delay = 0.67> <CoreInst = "RAM">   --->   Core 82 'RAM' <Latency = 1> <II = 1> <Delay = 0.67> <Storage> <Opcode : 'load' 'store'> <Ports = 2> <Width = 16> <Depth = 8> <RAM>
ST_2 : Operation 81 [2/2] (0.67ns)   --->   "%in_block_1_load_2 = load i3 %in_block_1_addr_2" [../dct_ref/dct.cpp:38]   --->   Operation 81 'load' 'in_block_1_load_2' <Predicate = true> <Delay = 0.67> <CoreInst = "RAM">   --->   Core 82 'RAM' <Latency = 1> <II = 1> <Delay = 0.67> <Storage> <Opcode : 'load' 'store'> <Ports = 2> <Width = 16> <Depth = 8> <RAM>
ST_2 : Operation 82 [2/2] (0.67ns)   --->   "%in_block_2_load_2 = load i3 %in_block_2_addr_2" [../dct_ref/dct.cpp:38]   --->   Operation 82 'load' 'in_block_2_load_2' <Predicate = true> <Delay = 0.67> <CoreInst = "RAM">   --->   Core 82 'RAM' <Latency = 1> <II = 1> <Delay = 0.67> <Storage> <Opcode : 'load' 'store'> <Ports = 2> <Width = 16> <Depth = 8> <RAM>
ST_2 : Operation 83 [2/2] (0.67ns)   --->   "%in_block_3_load_2 = load i3 %in_block_3_addr_2" [../dct_ref/dct.cpp:38]   --->   Operation 83 'load' 'in_block_3_load_2' <Predicate = true> <Delay = 0.67> <CoreInst = "RAM">   --->   Core 82 'RAM' <Latency = 1> <II = 1> <Delay = 0.67> <Storage> <Opcode : 'load' 'store'> <Ports = 2> <Width = 16> <Depth = 8> <RAM>
ST_2 : Operation 84 [2/2] (0.67ns)   --->   "%in_block_4_load_2 = load i3 %in_block_4_addr_2" [../dct_ref/dct.cpp:38]   --->   Operation 84 'load' 'in_block_4_load_2' <Predicate = true> <Delay = 0.67> <CoreInst = "RAM">   --->   Core 82 'RAM' <Latency = 1> <II = 1> <Delay = 0.67> <Storage> <Opcode : 'load' 'store'> <Ports = 2> <Width = 16> <Depth = 8> <RAM>
ST_2 : Operation 85 [2/2] (0.67ns)   --->   "%in_block_5_load_2 = load i3 %in_block_5_addr_2" [../dct_ref/dct.cpp:38]   --->   Operation 85 'load' 'in_block_5_load_2' <Predicate = true> <Delay = 0.67> <CoreInst = "RAM">   --->   Core 82 'RAM' <Latency = 1> <II = 1> <Delay = 0.67> <Storage> <Opcode : 'load' 'store'> <Ports = 2> <Width = 16> <Depth = 8> <RAM>
ST_2 : Operation 86 [2/2] (0.67ns)   --->   "%in_block_6_load_2 = load i3 %in_block_6_addr_2" [../dct_ref/dct.cpp:38]   --->   Operation 86 'load' 'in_block_6_load_2' <Predicate = true> <Delay = 0.67> <CoreInst = "RAM">   --->   Core 82 'RAM' <Latency = 1> <II = 1> <Delay = 0.67> <Storage> <Opcode : 'load' 'store'> <Ports = 2> <Width = 16> <Depth = 8> <RAM>
ST_2 : Operation 87 [2/2] (0.67ns)   --->   "%in_block_7_load_2 = load i3 %in_block_7_addr_2" [../dct_ref/dct.cpp:38]   --->   Operation 87 'load' 'in_block_7_load_2' <Predicate = true> <Delay = 0.67> <CoreInst = "RAM">   --->   Core 82 'RAM' <Latency = 1> <II = 1> <Delay = 0.67> <Storage> <Opcode : 'load' 'store'> <Ports = 2> <Width = 16> <Depth = 8> <RAM>
ST_2 : Operation 88 [1/1] (0.00ns)   --->   "%in_block_0_addr_3 = getelementptr i16 %in_block_0, i64 0, i64 3" [../dct_ref/dct.cpp:38]   --->   Operation 88 'getelementptr' 'in_block_0_addr_3' <Predicate = true> <Delay = 0.00>
ST_2 : Operation 89 [1/1] (0.00ns)   --->   "%in_block_1_addr_3 = getelementptr i16 %in_block_1, i64 0, i64 3" [../dct_ref/dct.cpp:38]   --->   Operation 89 'getelementptr' 'in_block_1_addr_3' <Predicate = true> <Delay = 0.00>
ST_2 : Operation 90 [1/1] (0.00ns)   --->   "%in_block_2_addr_3 = getelementptr i16 %in_block_2, i64 0, i64 3" [../dct_ref/dct.cpp:38]   --->   Operation 90 'getelementptr' 'in_block_2_addr_3' <Predicate = true> <Delay = 0.00>
ST_2 : Operation 91 [1/1] (0.00ns)   --->   "%in_block_3_addr_3 = getelementptr i16 %in_block_3, i64 0, i64 3" [../dct_ref/dct.cpp:38]   --->   Operation 91 'getelementptr' 'in_block_3_addr_3' <Predicate = true> <Delay = 0.00>
ST_2 : Operation 92 [1/1] (0.00ns)   --->   "%in_block_4_addr_3 = getelementptr i16 %in_block_4, i64 0, i64 3" [../dct_ref/dct.cpp:38]   --->   Operation 92 'getelementptr' 'in_block_4_addr_3' <Predicate = true> <Delay = 0.00>
ST_2 : Operation 93 [1/1] (0.00ns)   --->   "%in_block_5_addr_3 = getelementptr i16 %in_block_5, i64 0, i64 3" [../dct_ref/dct.cpp:38]   --->   Operation 93 'getelementptr' 'in_block_5_addr_3' <Predicate = true> <Delay = 0.00>
ST_2 : Operation 94 [1/1] (0.00ns)   --->   "%in_block_6_addr_3 = getelementptr i16 %in_block_6, i64 0, i64 3" [../dct_ref/dct.cpp:38]   --->   Operation 94 'getelementptr' 'in_block_6_addr_3' <Predicate = true> <Delay = 0.00>
ST_2 : Operation 95 [1/1] (0.00ns)   --->   "%in_block_7_addr_3 = getelementptr i16 %in_block_7, i64 0, i64 3" [../dct_ref/dct.cpp:38]   --->   Operation 95 'getelementptr' 'in_block_7_addr_3' <Predicate = true> <Delay = 0.00>
ST_2 : Operation 96 [2/2] (0.67ns)   --->   "%in_block_0_load_3 = load i3 %in_block_0_addr_3" [../dct_ref/dct.cpp:38]   --->   Operation 96 'load' 'in_block_0_load_3' <Predicate = true> <Delay = 0.67> <CoreInst = "RAM">   --->   Core 82 'RAM' <Latency = 1> <II = 1> <Delay = 0.67> <Storage> <Opcode : 'load' 'store'> <Ports = 2> <Width = 16> <Depth = 8> <RAM>
ST_2 : Operation 97 [2/2] (0.67ns)   --->   "%in_block_1_load_3 = load i3 %in_block_1_addr_3" [../dct_ref/dct.cpp:38]   --->   Operation 97 'load' 'in_block_1_load_3' <Predicate = true> <Delay = 0.67> <CoreInst = "RAM">   --->   Core 82 'RAM' <Latency = 1> <II = 1> <Delay = 0.67> <Storage> <Opcode : 'load' 'store'> <Ports = 2> <Width = 16> <Depth = 8> <RAM>
ST_2 : Operation 98 [2/2] (0.67ns)   --->   "%in_block_2_load_3 = load i3 %in_block_2_addr_3" [../dct_ref/dct.cpp:38]   --->   Operation 98 'load' 'in_block_2_load_3' <Predicate = true> <Delay = 0.67> <CoreInst = "RAM">   --->   Core 82 'RAM' <Latency = 1> <II = 1> <Delay = 0.67> <Storage> <Opcode : 'load' 'store'> <Ports = 2> <Width = 16> <Depth = 8> <RAM>
ST_2 : Operation 99 [2/2] (0.67ns)   --->   "%in_block_3_load_3 = load i3 %in_block_3_addr_3" [../dct_ref/dct.cpp:38]   --->   Operation 99 'load' 'in_block_3_load_3' <Predicate = true> <Delay = 0.67> <CoreInst = "RAM">   --->   Core 82 'RAM' <Latency = 1> <II = 1> <Delay = 0.67> <Storage> <Opcode : 'load' 'store'> <Ports = 2> <Width = 16> <Depth = 8> <RAM>
ST_2 : Operation 100 [2/2] (0.67ns)   --->   "%in_block_4_load_3 = load i3 %in_block_4_addr_3" [../dct_ref/dct.cpp:38]   --->   Operation 100 'load' 'in_block_4_load_3' <Predicate = true> <Delay = 0.67> <CoreInst = "RAM">   --->   Core 82 'RAM' <Latency = 1> <II = 1> <Delay = 0.67> <Storage> <Opcode : 'load' 'store'> <Ports = 2> <Width = 16> <Depth = 8> <RAM>
ST_2 : Operation 101 [2/2] (0.67ns)   --->   "%in_block_5_load_3 = load i3 %in_block_5_addr_3" [../dct_ref/dct.cpp:38]   --->   Operation 101 'load' 'in_block_5_load_3' <Predicate = true> <Delay = 0.67> <CoreInst = "RAM">   --->   Core 82 'RAM' <Latency = 1> <II = 1> <Delay = 0.67> <Storage> <Opcode : 'load' 'store'> <Ports = 2> <Width = 16> <Depth = 8> <RAM>
ST_2 : Operation 102 [2/2] (0.67ns)   --->   "%in_block_6_load_3 = load i3 %in_block_6_addr_3" [../dct_ref/dct.cpp:38]   --->   Operation 102 'load' 'in_block_6_load_3' <Predicate = true> <Delay = 0.67> <CoreInst = "RAM">   --->   Core 82 'RAM' <Latency = 1> <II = 1> <Delay = 0.67> <Storage> <Opcode : 'load' 'store'> <Ports = 2> <Width = 16> <Depth = 8> <RAM>
ST_2 : Operation 103 [2/2] (0.67ns)   --->   "%in_block_7_load_3 = load i3 %in_block_7_addr_3" [../dct_ref/dct.cpp:38]   --->   Operation 103 'load' 'in_block_7_load_3' <Predicate = true> <Delay = 0.67> <CoreInst = "RAM">   --->   Core 82 'RAM' <Latency = 1> <II = 1> <Delay = 0.67> <Storage> <Opcode : 'load' 'store'> <Ports = 2> <Width = 16> <Depth = 8> <RAM>

State 3 <SV = 2> <Delay = 4.40>
ST_3 : Operation 104 [5/6] (4.40ns)   --->   "%dct_1d_ret1 = call i128 @dct_1d, i16 %in_block_0_load, i16 %in_block_1_load, i16 %in_block_2_load, i16 %in_block_3_load, i16 %in_block_4_load, i16 %in_block_5_load, i16 %in_block_6_load, i16 %in_block_7_load" [../dct_ref/dct.cpp:38]   --->   Operation 104 'call' 'dct_1d_ret1' <Predicate = true> <Delay = 4.40> <CoreType = "Generic">   --->   Core 0 '' <Latency = 0> <II = 1> <Delay = 1.00> <Generic> <Opcode : >
ST_3 : Operation 105 [5/6] (4.40ns)   --->   "%dct_1d_ret2 = call i128 @dct_1d, i16 %in_block_0_load_1, i16 %in_block_1_load_1, i16 %in_block_2_load_1, i16 %in_block_3_load_1, i16 %in_block_4_load_1, i16 %in_block_5_load_1, i16 %in_block_6_load_1, i16 %in_block_7_load_1" [../dct_ref/dct.cpp:38]   --->   Operation 105 'call' 'dct_1d_ret2' <Predicate = true> <Delay = 4.40> <CoreType = "Generic">   --->   Core 0 '' <Latency = 0> <II = 1> <Delay = 1.00> <Generic> <Opcode : >
ST_3 : Operation 106 [1/2] (0.67ns)   --->   "%in_block_0_load_2 = load i3 %in_block_0_addr_2" [../dct_ref/dct.cpp:38]   --->   Operation 106 'load' 'in_block_0_load_2' <Predicate = true> <Delay = 0.67> <CoreInst = "RAM">   --->   Core 82 'RAM' <Latency = 1> <II = 1> <Delay = 0.67> <Storage> <Opcode : 'load' 'store'> <Ports = 2> <Width = 16> <Depth = 8> <RAM>
ST_3 : Operation 107 [1/2] (0.67ns)   --->   "%in_block_1_load_2 = load i3 %in_block_1_addr_2" [../dct_ref/dct.cpp:38]   --->   Operation 107 'load' 'in_block_1_load_2' <Predicate = true> <Delay = 0.67> <CoreInst = "RAM">   --->   Core 82 'RAM' <Latency = 1> <II = 1> <Delay = 0.67> <Storage> <Opcode : 'load' 'store'> <Ports = 2> <Width = 16> <Depth = 8> <RAM>
ST_3 : Operation 108 [1/2] (0.67ns)   --->   "%in_block_2_load_2 = load i3 %in_block_2_addr_2" [../dct_ref/dct.cpp:38]   --->   Operation 108 'load' 'in_block_2_load_2' <Predicate = true> <Delay = 0.67> <CoreInst = "RAM">   --->   Core 82 'RAM' <Latency = 1> <II = 1> <Delay = 0.67> <Storage> <Opcode : 'load' 'store'> <Ports = 2> <Width = 16> <Depth = 8> <RAM>
ST_3 : Operation 109 [1/2] (0.67ns)   --->   "%in_block_3_load_2 = load i3 %in_block_3_addr_2" [../dct_ref/dct.cpp:38]   --->   Operation 109 'load' 'in_block_3_load_2' <Predicate = true> <Delay = 0.67> <CoreInst = "RAM">   --->   Core 82 'RAM' <Latency = 1> <II = 1> <Delay = 0.67> <Storage> <Opcode : 'load' 'store'> <Ports = 2> <Width = 16> <Depth = 8> <RAM>
ST_3 : Operation 110 [1/2] (0.67ns)   --->   "%in_block_4_load_2 = load i3 %in_block_4_addr_2" [../dct_ref/dct.cpp:38]   --->   Operation 110 'load' 'in_block_4_load_2' <Predicate = true> <Delay = 0.67> <CoreInst = "RAM">   --->   Core 82 'RAM' <Latency = 1> <II = 1> <Delay = 0.67> <Storage> <Opcode : 'load' 'store'> <Ports = 2> <Width = 16> <Depth = 8> <RAM>
ST_3 : Operation 111 [1/2] (0.67ns)   --->   "%in_block_5_load_2 = load i3 %in_block_5_addr_2" [../dct_ref/dct.cpp:38]   --->   Operation 111 'load' 'in_block_5_load_2' <Predicate = true> <Delay = 0.67> <CoreInst = "RAM">   --->   Core 82 'RAM' <Latency = 1> <II = 1> <Delay = 0.67> <Storage> <Opcode : 'load' 'store'> <Ports = 2> <Width = 16> <Depth = 8> <RAM>
ST_3 : Operation 112 [1/2] (0.67ns)   --->   "%in_block_6_load_2 = load i3 %in_block_6_addr_2" [../dct_ref/dct.cpp:38]   --->   Operation 112 'load' 'in_block_6_load_2' <Predicate = true> <Delay = 0.67> <CoreInst = "RAM">   --->   Core 82 'RAM' <Latency = 1> <II = 1> <Delay = 0.67> <Storage> <Opcode : 'load' 'store'> <Ports = 2> <Width = 16> <Depth = 8> <RAM>
ST_3 : Operation 113 [1/2] (0.67ns)   --->   "%in_block_7_load_2 = load i3 %in_block_7_addr_2" [../dct_ref/dct.cpp:38]   --->   Operation 113 'load' 'in_block_7_load_2' <Predicate = true> <Delay = 0.67> <CoreInst = "RAM">   --->   Core 82 'RAM' <Latency = 1> <II = 1> <Delay = 0.67> <Storage> <Opcode : 'load' 'store'> <Ports = 2> <Width = 16> <Depth = 8> <RAM>
ST_3 : Operation 114 [6/6] (2.69ns)   --->   "%dct_1d_ret3 = call i128 @dct_1d, i16 %in_block_0_load_2, i16 %in_block_1_load_2, i16 %in_block_2_load_2, i16 %in_block_3_load_2, i16 %in_block_4_load_2, i16 %in_block_5_load_2, i16 %in_block_6_load_2, i16 %in_block_7_load_2" [../dct_ref/dct.cpp:38]   --->   Operation 114 'call' 'dct_1d_ret3' <Predicate = true> <Delay = 2.69> <CoreType = "Generic">   --->   Core 0 '' <Latency = 0> <II = 1> <Delay = 1.00> <Generic> <Opcode : >
ST_3 : Operation 115 [1/2] (0.67ns)   --->   "%in_block_0_load_3 = load i3 %in_block_0_addr_3" [../dct_ref/dct.cpp:38]   --->   Operation 115 'load' 'in_block_0_load_3' <Predicate = true> <Delay = 0.67> <CoreInst = "RAM">   --->   Core 82 'RAM' <Latency = 1> <II = 1> <Delay = 0.67> <Storage> <Opcode : 'load' 'store'> <Ports = 2> <Width = 16> <Depth = 8> <RAM>
ST_3 : Operation 116 [1/2] (0.67ns)   --->   "%in_block_1_load_3 = load i3 %in_block_1_addr_3" [../dct_ref/dct.cpp:38]   --->   Operation 116 'load' 'in_block_1_load_3' <Predicate = true> <Delay = 0.67> <CoreInst = "RAM">   --->   Core 82 'RAM' <Latency = 1> <II = 1> <Delay = 0.67> <Storage> <Opcode : 'load' 'store'> <Ports = 2> <Width = 16> <Depth = 8> <RAM>
ST_3 : Operation 117 [1/2] (0.67ns)   --->   "%in_block_2_load_3 = load i3 %in_block_2_addr_3" [../dct_ref/dct.cpp:38]   --->   Operation 117 'load' 'in_block_2_load_3' <Predicate = true> <Delay = 0.67> <CoreInst = "RAM">   --->   Core 82 'RAM' <Latency = 1> <II = 1> <Delay = 0.67> <Storage> <Opcode : 'load' 'store'> <Ports = 2> <Width = 16> <Depth = 8> <RAM>
ST_3 : Operation 118 [1/2] (0.67ns)   --->   "%in_block_3_load_3 = load i3 %in_block_3_addr_3" [../dct_ref/dct.cpp:38]   --->   Operation 118 'load' 'in_block_3_load_3' <Predicate = true> <Delay = 0.67> <CoreInst = "RAM">   --->   Core 82 'RAM' <Latency = 1> <II = 1> <Delay = 0.67> <Storage> <Opcode : 'load' 'store'> <Ports = 2> <Width = 16> <Depth = 8> <RAM>
ST_3 : Operation 119 [1/2] (0.67ns)   --->   "%in_block_4_load_3 = load i3 %in_block_4_addr_3" [../dct_ref/dct.cpp:38]   --->   Operation 119 'load' 'in_block_4_load_3' <Predicate = true> <Delay = 0.67> <CoreInst = "RAM">   --->   Core 82 'RAM' <Latency = 1> <II = 1> <Delay = 0.67> <Storage> <Opcode : 'load' 'store'> <Ports = 2> <Width = 16> <Depth = 8> <RAM>
ST_3 : Operation 120 [1/2] (0.67ns)   --->   "%in_block_5_load_3 = load i3 %in_block_5_addr_3" [../dct_ref/dct.cpp:38]   --->   Operation 120 'load' 'in_block_5_load_3' <Predicate = true> <Delay = 0.67> <CoreInst = "RAM">   --->   Core 82 'RAM' <Latency = 1> <II = 1> <Delay = 0.67> <Storage> <Opcode : 'load' 'store'> <Ports = 2> <Width = 16> <Depth = 8> <RAM>
ST_3 : Operation 121 [1/2] (0.67ns)   --->   "%in_block_6_load_3 = load i3 %in_block_6_addr_3" [../dct_ref/dct.cpp:38]   --->   Operation 121 'load' 'in_block_6_load_3' <Predicate = true> <Delay = 0.67> <CoreInst = "RAM">   --->   Core 82 'RAM' <Latency = 1> <II = 1> <Delay = 0.67> <Storage> <Opcode : 'load' 'store'> <Ports = 2> <Width = 16> <Depth = 8> <RAM>
ST_3 : Operation 122 [1/2] (0.67ns)   --->   "%in_block_7_load_3 = load i3 %in_block_7_addr_3" [../dct_ref/dct.cpp:38]   --->   Operation 122 'load' 'in_block_7_load_3' <Predicate = true> <Delay = 0.67> <CoreInst = "RAM">   --->   Core 82 'RAM' <Latency = 1> <II = 1> <Delay = 0.67> <Storage> <Opcode : 'load' 'store'> <Ports = 2> <Width = 16> <Depth = 8> <RAM>
ST_3 : Operation 123 [6/6] (2.69ns)   --->   "%dct_1d_ret4 = call i128 @dct_1d, i16 %in_block_0_load_3, i16 %in_block_1_load_3, i16 %in_block_2_load_3, i16 %in_block_3_load_3, i16 %in_block_4_load_3, i16 %in_block_5_load_3, i16 %in_block_6_load_3, i16 %in_block_7_load_3" [../dct_ref/dct.cpp:38]   --->   Operation 123 'call' 'dct_1d_ret4' <Predicate = true> <Delay = 2.69> <CoreType = "Generic">   --->   Core 0 '' <Latency = 0> <II = 1> <Delay = 1.00> <Generic> <Opcode : >
ST_3 : Operation 124 [1/1] (0.00ns)   --->   "%in_block_0_addr_4 = getelementptr i16 %in_block_0, i64 0, i64 4" [../dct_ref/dct.cpp:38]   --->   Operation 124 'getelementptr' 'in_block_0_addr_4' <Predicate = true> <Delay = 0.00>
ST_3 : Operation 125 [1/1] (0.00ns)   --->   "%in_block_1_addr_4 = getelementptr i16 %in_block_1, i64 0, i64 4" [../dct_ref/dct.cpp:38]   --->   Operation 125 'getelementptr' 'in_block_1_addr_4' <Predicate = true> <Delay = 0.00>
ST_3 : Operation 126 [1/1] (0.00ns)   --->   "%in_block_2_addr_4 = getelementptr i16 %in_block_2, i64 0, i64 4" [../dct_ref/dct.cpp:38]   --->   Operation 126 'getelementptr' 'in_block_2_addr_4' <Predicate = true> <Delay = 0.00>
ST_3 : Operation 127 [1/1] (0.00ns)   --->   "%in_block_3_addr_4 = getelementptr i16 %in_block_3, i64 0, i64 4" [../dct_ref/dct.cpp:38]   --->   Operation 127 'getelementptr' 'in_block_3_addr_4' <Predicate = true> <Delay = 0.00>
ST_3 : Operation 128 [1/1] (0.00ns)   --->   "%in_block_4_addr_4 = getelementptr i16 %in_block_4, i64 0, i64 4" [../dct_ref/dct.cpp:38]   --->   Operation 128 'getelementptr' 'in_block_4_addr_4' <Predicate = true> <Delay = 0.00>
ST_3 : Operation 129 [1/1] (0.00ns)   --->   "%in_block_5_addr_4 = getelementptr i16 %in_block_5, i64 0, i64 4" [../dct_ref/dct.cpp:38]   --->   Operation 129 'getelementptr' 'in_block_5_addr_4' <Predicate = true> <Delay = 0.00>
ST_3 : Operation 130 [1/1] (0.00ns)   --->   "%in_block_6_addr_4 = getelementptr i16 %in_block_6, i64 0, i64 4" [../dct_ref/dct.cpp:38]   --->   Operation 130 'getelementptr' 'in_block_6_addr_4' <Predicate = true> <Delay = 0.00>
ST_3 : Operation 131 [1/1] (0.00ns)   --->   "%in_block_7_addr_4 = getelementptr i16 %in_block_7, i64 0, i64 4" [../dct_ref/dct.cpp:38]   --->   Operation 131 'getelementptr' 'in_block_7_addr_4' <Predicate = true> <Delay = 0.00>
ST_3 : Operation 132 [2/2] (0.67ns)   --->   "%in_block_0_load_4 = load i3 %in_block_0_addr_4" [../dct_ref/dct.cpp:38]   --->   Operation 132 'load' 'in_block_0_load_4' <Predicate = true> <Delay = 0.67> <CoreInst = "RAM">   --->   Core 82 'RAM' <Latency = 1> <II = 1> <Delay = 0.67> <Storage> <Opcode : 'load' 'store'> <Ports = 2> <Width = 16> <Depth = 8> <RAM>
ST_3 : Operation 133 [2/2] (0.67ns)   --->   "%in_block_1_load_4 = load i3 %in_block_1_addr_4" [../dct_ref/dct.cpp:38]   --->   Operation 133 'load' 'in_block_1_load_4' <Predicate = true> <Delay = 0.67> <CoreInst = "RAM">   --->   Core 82 'RAM' <Latency = 1> <II = 1> <Delay = 0.67> <Storage> <Opcode : 'load' 'store'> <Ports = 2> <Width = 16> <Depth = 8> <RAM>
ST_3 : Operation 134 [2/2] (0.67ns)   --->   "%in_block_2_load_4 = load i3 %in_block_2_addr_4" [../dct_ref/dct.cpp:38]   --->   Operation 134 'load' 'in_block_2_load_4' <Predicate = true> <Delay = 0.67> <CoreInst = "RAM">   --->   Core 82 'RAM' <Latency = 1> <II = 1> <Delay = 0.67> <Storage> <Opcode : 'load' 'store'> <Ports = 2> <Width = 16> <Depth = 8> <RAM>
ST_3 : Operation 135 [2/2] (0.67ns)   --->   "%in_block_3_load_4 = load i3 %in_block_3_addr_4" [../dct_ref/dct.cpp:38]   --->   Operation 135 'load' 'in_block_3_load_4' <Predicate = true> <Delay = 0.67> <CoreInst = "RAM">   --->   Core 82 'RAM' <Latency = 1> <II = 1> <Delay = 0.67> <Storage> <Opcode : 'load' 'store'> <Ports = 2> <Width = 16> <Depth = 8> <RAM>
ST_3 : Operation 136 [2/2] (0.67ns)   --->   "%in_block_4_load_4 = load i3 %in_block_4_addr_4" [../dct_ref/dct.cpp:38]   --->   Operation 136 'load' 'in_block_4_load_4' <Predicate = true> <Delay = 0.67> <CoreInst = "RAM">   --->   Core 82 'RAM' <Latency = 1> <II = 1> <Delay = 0.67> <Storage> <Opcode : 'load' 'store'> <Ports = 2> <Width = 16> <Depth = 8> <RAM>
ST_3 : Operation 137 [2/2] (0.67ns)   --->   "%in_block_5_load_4 = load i3 %in_block_5_addr_4" [../dct_ref/dct.cpp:38]   --->   Operation 137 'load' 'in_block_5_load_4' <Predicate = true> <Delay = 0.67> <CoreInst = "RAM">   --->   Core 82 'RAM' <Latency = 1> <II = 1> <Delay = 0.67> <Storage> <Opcode : 'load' 'store'> <Ports = 2> <Width = 16> <Depth = 8> <RAM>
ST_3 : Operation 138 [2/2] (0.67ns)   --->   "%in_block_6_load_4 = load i3 %in_block_6_addr_4" [../dct_ref/dct.cpp:38]   --->   Operation 138 'load' 'in_block_6_load_4' <Predicate = true> <Delay = 0.67> <CoreInst = "RAM">   --->   Core 82 'RAM' <Latency = 1> <II = 1> <Delay = 0.67> <Storage> <Opcode : 'load' 'store'> <Ports = 2> <Width = 16> <Depth = 8> <RAM>
ST_3 : Operation 139 [2/2] (0.67ns)   --->   "%in_block_7_load_4 = load i3 %in_block_7_addr_4" [../dct_ref/dct.cpp:38]   --->   Operation 139 'load' 'in_block_7_load_4' <Predicate = true> <Delay = 0.67> <CoreInst = "RAM">   --->   Core 82 'RAM' <Latency = 1> <II = 1> <Delay = 0.67> <Storage> <Opcode : 'load' 'store'> <Ports = 2> <Width = 16> <Depth = 8> <RAM>
ST_3 : Operation 140 [1/1] (0.00ns)   --->   "%in_block_0_addr_5 = getelementptr i16 %in_block_0, i64 0, i64 5" [../dct_ref/dct.cpp:38]   --->   Operation 140 'getelementptr' 'in_block_0_addr_5' <Predicate = true> <Delay = 0.00>
ST_3 : Operation 141 [1/1] (0.00ns)   --->   "%in_block_1_addr_5 = getelementptr i16 %in_block_1, i64 0, i64 5" [../dct_ref/dct.cpp:38]   --->   Operation 141 'getelementptr' 'in_block_1_addr_5' <Predicate = true> <Delay = 0.00>
ST_3 : Operation 142 [1/1] (0.00ns)   --->   "%in_block_2_addr_5 = getelementptr i16 %in_block_2, i64 0, i64 5" [../dct_ref/dct.cpp:38]   --->   Operation 142 'getelementptr' 'in_block_2_addr_5' <Predicate = true> <Delay = 0.00>
ST_3 : Operation 143 [1/1] (0.00ns)   --->   "%in_block_3_addr_5 = getelementptr i16 %in_block_3, i64 0, i64 5" [../dct_ref/dct.cpp:38]   --->   Operation 143 'getelementptr' 'in_block_3_addr_5' <Predicate = true> <Delay = 0.00>
ST_3 : Operation 144 [1/1] (0.00ns)   --->   "%in_block_4_addr_5 = getelementptr i16 %in_block_4, i64 0, i64 5" [../dct_ref/dct.cpp:38]   --->   Operation 144 'getelementptr' 'in_block_4_addr_5' <Predicate = true> <Delay = 0.00>
ST_3 : Operation 145 [1/1] (0.00ns)   --->   "%in_block_5_addr_5 = getelementptr i16 %in_block_5, i64 0, i64 5" [../dct_ref/dct.cpp:38]   --->   Operation 145 'getelementptr' 'in_block_5_addr_5' <Predicate = true> <Delay = 0.00>
ST_3 : Operation 146 [1/1] (0.00ns)   --->   "%in_block_6_addr_5 = getelementptr i16 %in_block_6, i64 0, i64 5" [../dct_ref/dct.cpp:38]   --->   Operation 146 'getelementptr' 'in_block_6_addr_5' <Predicate = true> <Delay = 0.00>
ST_3 : Operation 147 [1/1] (0.00ns)   --->   "%in_block_7_addr_5 = getelementptr i16 %in_block_7, i64 0, i64 5" [../dct_ref/dct.cpp:38]   --->   Operation 147 'getelementptr' 'in_block_7_addr_5' <Predicate = true> <Delay = 0.00>
ST_3 : Operation 148 [2/2] (0.67ns)   --->   "%in_block_0_load_5 = load i3 %in_block_0_addr_5" [../dct_ref/dct.cpp:38]   --->   Operation 148 'load' 'in_block_0_load_5' <Predicate = true> <Delay = 0.67> <CoreInst = "RAM">   --->   Core 82 'RAM' <Latency = 1> <II = 1> <Delay = 0.67> <Storage> <Opcode : 'load' 'store'> <Ports = 2> <Width = 16> <Depth = 8> <RAM>
ST_3 : Operation 149 [2/2] (0.67ns)   --->   "%in_block_1_load_5 = load i3 %in_block_1_addr_5" [../dct_ref/dct.cpp:38]   --->   Operation 149 'load' 'in_block_1_load_5' <Predicate = true> <Delay = 0.67> <CoreInst = "RAM">   --->   Core 82 'RAM' <Latency = 1> <II = 1> <Delay = 0.67> <Storage> <Opcode : 'load' 'store'> <Ports = 2> <Width = 16> <Depth = 8> <RAM>
ST_3 : Operation 150 [2/2] (0.67ns)   --->   "%in_block_2_load_5 = load i3 %in_block_2_addr_5" [../dct_ref/dct.cpp:38]   --->   Operation 150 'load' 'in_block_2_load_5' <Predicate = true> <Delay = 0.67> <CoreInst = "RAM">   --->   Core 82 'RAM' <Latency = 1> <II = 1> <Delay = 0.67> <Storage> <Opcode : 'load' 'store'> <Ports = 2> <Width = 16> <Depth = 8> <RAM>
ST_3 : Operation 151 [2/2] (0.67ns)   --->   "%in_block_3_load_5 = load i3 %in_block_3_addr_5" [../dct_ref/dct.cpp:38]   --->   Operation 151 'load' 'in_block_3_load_5' <Predicate = true> <Delay = 0.67> <CoreInst = "RAM">   --->   Core 82 'RAM' <Latency = 1> <II = 1> <Delay = 0.67> <Storage> <Opcode : 'load' 'store'> <Ports = 2> <Width = 16> <Depth = 8> <RAM>
ST_3 : Operation 152 [2/2] (0.67ns)   --->   "%in_block_4_load_5 = load i3 %in_block_4_addr_5" [../dct_ref/dct.cpp:38]   --->   Operation 152 'load' 'in_block_4_load_5' <Predicate = true> <Delay = 0.67> <CoreInst = "RAM">   --->   Core 82 'RAM' <Latency = 1> <II = 1> <Delay = 0.67> <Storage> <Opcode : 'load' 'store'> <Ports = 2> <Width = 16> <Depth = 8> <RAM>
ST_3 : Operation 153 [2/2] (0.67ns)   --->   "%in_block_5_load_5 = load i3 %in_block_5_addr_5" [../dct_ref/dct.cpp:38]   --->   Operation 153 'load' 'in_block_5_load_5' <Predicate = true> <Delay = 0.67> <CoreInst = "RAM">   --->   Core 82 'RAM' <Latency = 1> <II = 1> <Delay = 0.67> <Storage> <Opcode : 'load' 'store'> <Ports = 2> <Width = 16> <Depth = 8> <RAM>
ST_3 : Operation 154 [2/2] (0.67ns)   --->   "%in_block_6_load_5 = load i3 %in_block_6_addr_5" [../dct_ref/dct.cpp:38]   --->   Operation 154 'load' 'in_block_6_load_5' <Predicate = true> <Delay = 0.67> <CoreInst = "RAM">   --->   Core 82 'RAM' <Latency = 1> <II = 1> <Delay = 0.67> <Storage> <Opcode : 'load' 'store'> <Ports = 2> <Width = 16> <Depth = 8> <RAM>
ST_3 : Operation 155 [2/2] (0.67ns)   --->   "%in_block_7_load_5 = load i3 %in_block_7_addr_5" [../dct_ref/dct.cpp:38]   --->   Operation 155 'load' 'in_block_7_load_5' <Predicate = true> <Delay = 0.67> <CoreInst = "RAM">   --->   Core 82 'RAM' <Latency = 1> <II = 1> <Delay = 0.67> <Storage> <Opcode : 'load' 'store'> <Ports = 2> <Width = 16> <Depth = 8> <RAM>

State 4 <SV = 3> <Delay = 4.40>
ST_4 : Operation 156 [4/6] (4.40ns)   --->   "%dct_1d_ret1 = call i128 @dct_1d, i16 %in_block_0_load, i16 %in_block_1_load, i16 %in_block_2_load, i16 %in_block_3_load, i16 %in_block_4_load, i16 %in_block_5_load, i16 %in_block_6_load, i16 %in_block_7_load" [../dct_ref/dct.cpp:38]   --->   Operation 156 'call' 'dct_1d_ret1' <Predicate = true> <Delay = 4.40> <CoreType = "Generic">   --->   Core 0 '' <Latency = 0> <II = 1> <Delay = 1.00> <Generic> <Opcode : >
ST_4 : Operation 157 [4/6] (4.40ns)   --->   "%dct_1d_ret2 = call i128 @dct_1d, i16 %in_block_0_load_1, i16 %in_block_1_load_1, i16 %in_block_2_load_1, i16 %in_block_3_load_1, i16 %in_block_4_load_1, i16 %in_block_5_load_1, i16 %in_block_6_load_1, i16 %in_block_7_load_1" [../dct_ref/dct.cpp:38]   --->   Operation 157 'call' 'dct_1d_ret2' <Predicate = true> <Delay = 4.40> <CoreType = "Generic">   --->   Core 0 '' <Latency = 0> <II = 1> <Delay = 1.00> <Generic> <Opcode : >
ST_4 : Operation 158 [5/6] (4.40ns)   --->   "%dct_1d_ret3 = call i128 @dct_1d, i16 %in_block_0_load_2, i16 %in_block_1_load_2, i16 %in_block_2_load_2, i16 %in_block_3_load_2, i16 %in_block_4_load_2, i16 %in_block_5_load_2, i16 %in_block_6_load_2, i16 %in_block_7_load_2" [../dct_ref/dct.cpp:38]   --->   Operation 158 'call' 'dct_1d_ret3' <Predicate = true> <Delay = 4.40> <CoreType = "Generic">   --->   Core 0 '' <Latency = 0> <II = 1> <Delay = 1.00> <Generic> <Opcode : >
ST_4 : Operation 159 [5/6] (4.40ns)   --->   "%dct_1d_ret4 = call i128 @dct_1d, i16 %in_block_0_load_3, i16 %in_block_1_load_3, i16 %in_block_2_load_3, i16 %in_block_3_load_3, i16 %in_block_4_load_3, i16 %in_block_5_load_3, i16 %in_block_6_load_3, i16 %in_block_7_load_3" [../dct_ref/dct.cpp:38]   --->   Operation 159 'call' 'dct_1d_ret4' <Predicate = true> <Delay = 4.40> <CoreType = "Generic">   --->   Core 0 '' <Latency = 0> <II = 1> <Delay = 1.00> <Generic> <Opcode : >
ST_4 : Operation 160 [1/2] (0.67ns)   --->   "%in_block_0_load_4 = load i3 %in_block_0_addr_4" [../dct_ref/dct.cpp:38]   --->   Operation 160 'load' 'in_block_0_load_4' <Predicate = true> <Delay = 0.67> <CoreInst = "RAM">   --->   Core 82 'RAM' <Latency = 1> <II = 1> <Delay = 0.67> <Storage> <Opcode : 'load' 'store'> <Ports = 2> <Width = 16> <Depth = 8> <RAM>
ST_4 : Operation 161 [1/2] (0.67ns)   --->   "%in_block_1_load_4 = load i3 %in_block_1_addr_4" [../dct_ref/dct.cpp:38]   --->   Operation 161 'load' 'in_block_1_load_4' <Predicate = true> <Delay = 0.67> <CoreInst = "RAM">   --->   Core 82 'RAM' <Latency = 1> <II = 1> <Delay = 0.67> <Storage> <Opcode : 'load' 'store'> <Ports = 2> <Width = 16> <Depth = 8> <RAM>
ST_4 : Operation 162 [1/2] (0.67ns)   --->   "%in_block_2_load_4 = load i3 %in_block_2_addr_4" [../dct_ref/dct.cpp:38]   --->   Operation 162 'load' 'in_block_2_load_4' <Predicate = true> <Delay = 0.67> <CoreInst = "RAM">   --->   Core 82 'RAM' <Latency = 1> <II = 1> <Delay = 0.67> <Storage> <Opcode : 'load' 'store'> <Ports = 2> <Width = 16> <Depth = 8> <RAM>
ST_4 : Operation 163 [1/2] (0.67ns)   --->   "%in_block_3_load_4 = load i3 %in_block_3_addr_4" [../dct_ref/dct.cpp:38]   --->   Operation 163 'load' 'in_block_3_load_4' <Predicate = true> <Delay = 0.67> <CoreInst = "RAM">   --->   Core 82 'RAM' <Latency = 1> <II = 1> <Delay = 0.67> <Storage> <Opcode : 'load' 'store'> <Ports = 2> <Width = 16> <Depth = 8> <RAM>
ST_4 : Operation 164 [1/2] (0.67ns)   --->   "%in_block_4_load_4 = load i3 %in_block_4_addr_4" [../dct_ref/dct.cpp:38]   --->   Operation 164 'load' 'in_block_4_load_4' <Predicate = true> <Delay = 0.67> <CoreInst = "RAM">   --->   Core 82 'RAM' <Latency = 1> <II = 1> <Delay = 0.67> <Storage> <Opcode : 'load' 'store'> <Ports = 2> <Width = 16> <Depth = 8> <RAM>
ST_4 : Operation 165 [1/2] (0.67ns)   --->   "%in_block_5_load_4 = load i3 %in_block_5_addr_4" [../dct_ref/dct.cpp:38]   --->   Operation 165 'load' 'in_block_5_load_4' <Predicate = true> <Delay = 0.67> <CoreInst = "RAM">   --->   Core 82 'RAM' <Latency = 1> <II = 1> <Delay = 0.67> <Storage> <Opcode : 'load' 'store'> <Ports = 2> <Width = 16> <Depth = 8> <RAM>
ST_4 : Operation 166 [1/2] (0.67ns)   --->   "%in_block_6_load_4 = load i3 %in_block_6_addr_4" [../dct_ref/dct.cpp:38]   --->   Operation 166 'load' 'in_block_6_load_4' <Predicate = true> <Delay = 0.67> <CoreInst = "RAM">   --->   Core 82 'RAM' <Latency = 1> <II = 1> <Delay = 0.67> <Storage> <Opcode : 'load' 'store'> <Ports = 2> <Width = 16> <Depth = 8> <RAM>
ST_4 : Operation 167 [1/2] (0.67ns)   --->   "%in_block_7_load_4 = load i3 %in_block_7_addr_4" [../dct_ref/dct.cpp:38]   --->   Operation 167 'load' 'in_block_7_load_4' <Predicate = true> <Delay = 0.67> <CoreInst = "RAM">   --->   Core 82 'RAM' <Latency = 1> <II = 1> <Delay = 0.67> <Storage> <Opcode : 'load' 'store'> <Ports = 2> <Width = 16> <Depth = 8> <RAM>
ST_4 : Operation 168 [6/6] (2.69ns)   --->   "%dct_1d_ret5 = call i128 @dct_1d, i16 %in_block_0_load_4, i16 %in_block_1_load_4, i16 %in_block_2_load_4, i16 %in_block_3_load_4, i16 %in_block_4_load_4, i16 %in_block_5_load_4, i16 %in_block_6_load_4, i16 %in_block_7_load_4" [../dct_ref/dct.cpp:38]   --->   Operation 168 'call' 'dct_1d_ret5' <Predicate = true> <Delay = 2.69> <CoreType = "Generic">   --->   Core 0 '' <Latency = 0> <II = 1> <Delay = 1.00> <Generic> <Opcode : >
ST_4 : Operation 169 [1/2] (0.67ns)   --->   "%in_block_0_load_5 = load i3 %in_block_0_addr_5" [../dct_ref/dct.cpp:38]   --->   Operation 169 'load' 'in_block_0_load_5' <Predicate = true> <Delay = 0.67> <CoreInst = "RAM">   --->   Core 82 'RAM' <Latency = 1> <II = 1> <Delay = 0.67> <Storage> <Opcode : 'load' 'store'> <Ports = 2> <Width = 16> <Depth = 8> <RAM>
ST_4 : Operation 170 [1/2] (0.67ns)   --->   "%in_block_1_load_5 = load i3 %in_block_1_addr_5" [../dct_ref/dct.cpp:38]   --->   Operation 170 'load' 'in_block_1_load_5' <Predicate = true> <Delay = 0.67> <CoreInst = "RAM">   --->   Core 82 'RAM' <Latency = 1> <II = 1> <Delay = 0.67> <Storage> <Opcode : 'load' 'store'> <Ports = 2> <Width = 16> <Depth = 8> <RAM>
ST_4 : Operation 171 [1/2] (0.67ns)   --->   "%in_block_2_load_5 = load i3 %in_block_2_addr_5" [../dct_ref/dct.cpp:38]   --->   Operation 171 'load' 'in_block_2_load_5' <Predicate = true> <Delay = 0.67> <CoreInst = "RAM">   --->   Core 82 'RAM' <Latency = 1> <II = 1> <Delay = 0.67> <Storage> <Opcode : 'load' 'store'> <Ports = 2> <Width = 16> <Depth = 8> <RAM>
ST_4 : Operation 172 [1/2] (0.67ns)   --->   "%in_block_3_load_5 = load i3 %in_block_3_addr_5" [../dct_ref/dct.cpp:38]   --->   Operation 172 'load' 'in_block_3_load_5' <Predicate = true> <Delay = 0.67> <CoreInst = "RAM">   --->   Core 82 'RAM' <Latency = 1> <II = 1> <Delay = 0.67> <Storage> <Opcode : 'load' 'store'> <Ports = 2> <Width = 16> <Depth = 8> <RAM>
ST_4 : Operation 173 [1/2] (0.67ns)   --->   "%in_block_4_load_5 = load i3 %in_block_4_addr_5" [../dct_ref/dct.cpp:38]   --->   Operation 173 'load' 'in_block_4_load_5' <Predicate = true> <Delay = 0.67> <CoreInst = "RAM">   --->   Core 82 'RAM' <Latency = 1> <II = 1> <Delay = 0.67> <Storage> <Opcode : 'load' 'store'> <Ports = 2> <Width = 16> <Depth = 8> <RAM>
ST_4 : Operation 174 [1/2] (0.67ns)   --->   "%in_block_5_load_5 = load i3 %in_block_5_addr_5" [../dct_ref/dct.cpp:38]   --->   Operation 174 'load' 'in_block_5_load_5' <Predicate = true> <Delay = 0.67> <CoreInst = "RAM">   --->   Core 82 'RAM' <Latency = 1> <II = 1> <Delay = 0.67> <Storage> <Opcode : 'load' 'store'> <Ports = 2> <Width = 16> <Depth = 8> <RAM>
ST_4 : Operation 175 [1/2] (0.67ns)   --->   "%in_block_6_load_5 = load i3 %in_block_6_addr_5" [../dct_ref/dct.cpp:38]   --->   Operation 175 'load' 'in_block_6_load_5' <Predicate = true> <Delay = 0.67> <CoreInst = "RAM">   --->   Core 82 'RAM' <Latency = 1> <II = 1> <Delay = 0.67> <Storage> <Opcode : 'load' 'store'> <Ports = 2> <Width = 16> <Depth = 8> <RAM>
ST_4 : Operation 176 [1/2] (0.67ns)   --->   "%in_block_7_load_5 = load i3 %in_block_7_addr_5" [../dct_ref/dct.cpp:38]   --->   Operation 176 'load' 'in_block_7_load_5' <Predicate = true> <Delay = 0.67> <CoreInst = "RAM">   --->   Core 82 'RAM' <Latency = 1> <II = 1> <Delay = 0.67> <Storage> <Opcode : 'load' 'store'> <Ports = 2> <Width = 16> <Depth = 8> <RAM>
ST_4 : Operation 177 [6/6] (2.69ns)   --->   "%dct_1d_ret6 = call i128 @dct_1d, i16 %in_block_0_load_5, i16 %in_block_1_load_5, i16 %in_block_2_load_5, i16 %in_block_3_load_5, i16 %in_block_4_load_5, i16 %in_block_5_load_5, i16 %in_block_6_load_5, i16 %in_block_7_load_5" [../dct_ref/dct.cpp:38]   --->   Operation 177 'call' 'dct_1d_ret6' <Predicate = true> <Delay = 2.69> <CoreType = "Generic">   --->   Core 0 '' <Latency = 0> <II = 1> <Delay = 1.00> <Generic> <Opcode : >
ST_4 : Operation 178 [1/1] (0.00ns)   --->   "%in_block_0_addr_6 = getelementptr i16 %in_block_0, i64 0, i64 6" [../dct_ref/dct.cpp:38]   --->   Operation 178 'getelementptr' 'in_block_0_addr_6' <Predicate = true> <Delay = 0.00>
ST_4 : Operation 179 [1/1] (0.00ns)   --->   "%in_block_1_addr_6 = getelementptr i16 %in_block_1, i64 0, i64 6" [../dct_ref/dct.cpp:38]   --->   Operation 179 'getelementptr' 'in_block_1_addr_6' <Predicate = true> <Delay = 0.00>
ST_4 : Operation 180 [1/1] (0.00ns)   --->   "%in_block_2_addr_6 = getelementptr i16 %in_block_2, i64 0, i64 6" [../dct_ref/dct.cpp:38]   --->   Operation 180 'getelementptr' 'in_block_2_addr_6' <Predicate = true> <Delay = 0.00>
ST_4 : Operation 181 [1/1] (0.00ns)   --->   "%in_block_3_addr_6 = getelementptr i16 %in_block_3, i64 0, i64 6" [../dct_ref/dct.cpp:38]   --->   Operation 181 'getelementptr' 'in_block_3_addr_6' <Predicate = true> <Delay = 0.00>
ST_4 : Operation 182 [1/1] (0.00ns)   --->   "%in_block_4_addr_6 = getelementptr i16 %in_block_4, i64 0, i64 6" [../dct_ref/dct.cpp:38]   --->   Operation 182 'getelementptr' 'in_block_4_addr_6' <Predicate = true> <Delay = 0.00>
ST_4 : Operation 183 [1/1] (0.00ns)   --->   "%in_block_5_addr_6 = getelementptr i16 %in_block_5, i64 0, i64 6" [../dct_ref/dct.cpp:38]   --->   Operation 183 'getelementptr' 'in_block_5_addr_6' <Predicate = true> <Delay = 0.00>
ST_4 : Operation 184 [1/1] (0.00ns)   --->   "%in_block_6_addr_6 = getelementptr i16 %in_block_6, i64 0, i64 6" [../dct_ref/dct.cpp:38]   --->   Operation 184 'getelementptr' 'in_block_6_addr_6' <Predicate = true> <Delay = 0.00>
ST_4 : Operation 185 [1/1] (0.00ns)   --->   "%in_block_7_addr_6 = getelementptr i16 %in_block_7, i64 0, i64 6" [../dct_ref/dct.cpp:38]   --->   Operation 185 'getelementptr' 'in_block_7_addr_6' <Predicate = true> <Delay = 0.00>
ST_4 : Operation 186 [2/2] (0.67ns)   --->   "%in_block_0_load_6 = load i3 %in_block_0_addr_6" [../dct_ref/dct.cpp:38]   --->   Operation 186 'load' 'in_block_0_load_6' <Predicate = true> <Delay = 0.67> <CoreInst = "RAM">   --->   Core 82 'RAM' <Latency = 1> <II = 1> <Delay = 0.67> <Storage> <Opcode : 'load' 'store'> <Ports = 2> <Width = 16> <Depth = 8> <RAM>
ST_4 : Operation 187 [2/2] (0.67ns)   --->   "%in_block_1_load_6 = load i3 %in_block_1_addr_6" [../dct_ref/dct.cpp:38]   --->   Operation 187 'load' 'in_block_1_load_6' <Predicate = true> <Delay = 0.67> <CoreInst = "RAM">   --->   Core 82 'RAM' <Latency = 1> <II = 1> <Delay = 0.67> <Storage> <Opcode : 'load' 'store'> <Ports = 2> <Width = 16> <Depth = 8> <RAM>
ST_4 : Operation 188 [2/2] (0.67ns)   --->   "%in_block_2_load_6 = load i3 %in_block_2_addr_6" [../dct_ref/dct.cpp:38]   --->   Operation 188 'load' 'in_block_2_load_6' <Predicate = true> <Delay = 0.67> <CoreInst = "RAM">   --->   Core 82 'RAM' <Latency = 1> <II = 1> <Delay = 0.67> <Storage> <Opcode : 'load' 'store'> <Ports = 2> <Width = 16> <Depth = 8> <RAM>
ST_4 : Operation 189 [2/2] (0.67ns)   --->   "%in_block_3_load_6 = load i3 %in_block_3_addr_6" [../dct_ref/dct.cpp:38]   --->   Operation 189 'load' 'in_block_3_load_6' <Predicate = true> <Delay = 0.67> <CoreInst = "RAM">   --->   Core 82 'RAM' <Latency = 1> <II = 1> <Delay = 0.67> <Storage> <Opcode : 'load' 'store'> <Ports = 2> <Width = 16> <Depth = 8> <RAM>
ST_4 : Operation 190 [2/2] (0.67ns)   --->   "%in_block_4_load_6 = load i3 %in_block_4_addr_6" [../dct_ref/dct.cpp:38]   --->   Operation 190 'load' 'in_block_4_load_6' <Predicate = true> <Delay = 0.67> <CoreInst = "RAM">   --->   Core 82 'RAM' <Latency = 1> <II = 1> <Delay = 0.67> <Storage> <Opcode : 'load' 'store'> <Ports = 2> <Width = 16> <Depth = 8> <RAM>
ST_4 : Operation 191 [2/2] (0.67ns)   --->   "%in_block_5_load_6 = load i3 %in_block_5_addr_6" [../dct_ref/dct.cpp:38]   --->   Operation 191 'load' 'in_block_5_load_6' <Predicate = true> <Delay = 0.67> <CoreInst = "RAM">   --->   Core 82 'RAM' <Latency = 1> <II = 1> <Delay = 0.67> <Storage> <Opcode : 'load' 'store'> <Ports = 2> <Width = 16> <Depth = 8> <RAM>
ST_4 : Operation 192 [2/2] (0.67ns)   --->   "%in_block_6_load_6 = load i3 %in_block_6_addr_6" [../dct_ref/dct.cpp:38]   --->   Operation 192 'load' 'in_block_6_load_6' <Predicate = true> <Delay = 0.67> <CoreInst = "RAM">   --->   Core 82 'RAM' <Latency = 1> <II = 1> <Delay = 0.67> <Storage> <Opcode : 'load' 'store'> <Ports = 2> <Width = 16> <Depth = 8> <RAM>
ST_4 : Operation 193 [2/2] (0.67ns)   --->   "%in_block_7_load_6 = load i3 %in_block_7_addr_6" [../dct_ref/dct.cpp:38]   --->   Operation 193 'load' 'in_block_7_load_6' <Predicate = true> <Delay = 0.67> <CoreInst = "RAM">   --->   Core 82 'RAM' <Latency = 1> <II = 1> <Delay = 0.67> <Storage> <Opcode : 'load' 'store'> <Ports = 2> <Width = 16> <Depth = 8> <RAM>
ST_4 : Operation 194 [1/1] (0.00ns)   --->   "%in_block_0_addr_7 = getelementptr i16 %in_block_0, i64 0, i64 7" [../dct_ref/dct.cpp:38]   --->   Operation 194 'getelementptr' 'in_block_0_addr_7' <Predicate = true> <Delay = 0.00>
ST_4 : Operation 195 [1/1] (0.00ns)   --->   "%in_block_1_addr_7 = getelementptr i16 %in_block_1, i64 0, i64 7" [../dct_ref/dct.cpp:38]   --->   Operation 195 'getelementptr' 'in_block_1_addr_7' <Predicate = true> <Delay = 0.00>
ST_4 : Operation 196 [1/1] (0.00ns)   --->   "%in_block_2_addr_7 = getelementptr i16 %in_block_2, i64 0, i64 7" [../dct_ref/dct.cpp:38]   --->   Operation 196 'getelementptr' 'in_block_2_addr_7' <Predicate = true> <Delay = 0.00>
ST_4 : Operation 197 [1/1] (0.00ns)   --->   "%in_block_3_addr_7 = getelementptr i16 %in_block_3, i64 0, i64 7" [../dct_ref/dct.cpp:38]   --->   Operation 197 'getelementptr' 'in_block_3_addr_7' <Predicate = true> <Delay = 0.00>
ST_4 : Operation 198 [1/1] (0.00ns)   --->   "%in_block_4_addr_7 = getelementptr i16 %in_block_4, i64 0, i64 7" [../dct_ref/dct.cpp:38]   --->   Operation 198 'getelementptr' 'in_block_4_addr_7' <Predicate = true> <Delay = 0.00>
ST_4 : Operation 199 [1/1] (0.00ns)   --->   "%in_block_5_addr_7 = getelementptr i16 %in_block_5, i64 0, i64 7" [../dct_ref/dct.cpp:38]   --->   Operation 199 'getelementptr' 'in_block_5_addr_7' <Predicate = true> <Delay = 0.00>
ST_4 : Operation 200 [1/1] (0.00ns)   --->   "%in_block_6_addr_7 = getelementptr i16 %in_block_6, i64 0, i64 7" [../dct_ref/dct.cpp:38]   --->   Operation 200 'getelementptr' 'in_block_6_addr_7' <Predicate = true> <Delay = 0.00>
ST_4 : Operation 201 [1/1] (0.00ns)   --->   "%in_block_7_addr_7 = getelementptr i16 %in_block_7, i64 0, i64 7" [../dct_ref/dct.cpp:38]   --->   Operation 201 'getelementptr' 'in_block_7_addr_7' <Predicate = true> <Delay = 0.00>
ST_4 : Operation 202 [2/2] (0.67ns)   --->   "%in_block_0_load_7 = load i3 %in_block_0_addr_7" [../dct_ref/dct.cpp:38]   --->   Operation 202 'load' 'in_block_0_load_7' <Predicate = true> <Delay = 0.67> <CoreInst = "RAM">   --->   Core 82 'RAM' <Latency = 1> <II = 1> <Delay = 0.67> <Storage> <Opcode : 'load' 'store'> <Ports = 2> <Width = 16> <Depth = 8> <RAM>
ST_4 : Operation 203 [2/2] (0.67ns)   --->   "%in_block_1_load_7 = load i3 %in_block_1_addr_7" [../dct_ref/dct.cpp:38]   --->   Operation 203 'load' 'in_block_1_load_7' <Predicate = true> <Delay = 0.67> <CoreInst = "RAM">   --->   Core 82 'RAM' <Latency = 1> <II = 1> <Delay = 0.67> <Storage> <Opcode : 'load' 'store'> <Ports = 2> <Width = 16> <Depth = 8> <RAM>
ST_4 : Operation 204 [2/2] (0.67ns)   --->   "%in_block_2_load_7 = load i3 %in_block_2_addr_7" [../dct_ref/dct.cpp:38]   --->   Operation 204 'load' 'in_block_2_load_7' <Predicate = true> <Delay = 0.67> <CoreInst = "RAM">   --->   Core 82 'RAM' <Latency = 1> <II = 1> <Delay = 0.67> <Storage> <Opcode : 'load' 'store'> <Ports = 2> <Width = 16> <Depth = 8> <RAM>
ST_4 : Operation 205 [2/2] (0.67ns)   --->   "%in_block_3_load_7 = load i3 %in_block_3_addr_7" [../dct_ref/dct.cpp:38]   --->   Operation 205 'load' 'in_block_3_load_7' <Predicate = true> <Delay = 0.67> <CoreInst = "RAM">   --->   Core 82 'RAM' <Latency = 1> <II = 1> <Delay = 0.67> <Storage> <Opcode : 'load' 'store'> <Ports = 2> <Width = 16> <Depth = 8> <RAM>
ST_4 : Operation 206 [2/2] (0.67ns)   --->   "%in_block_4_load_7 = load i3 %in_block_4_addr_7" [../dct_ref/dct.cpp:38]   --->   Operation 206 'load' 'in_block_4_load_7' <Predicate = true> <Delay = 0.67> <CoreInst = "RAM">   --->   Core 82 'RAM' <Latency = 1> <II = 1> <Delay = 0.67> <Storage> <Opcode : 'load' 'store'> <Ports = 2> <Width = 16> <Depth = 8> <RAM>
ST_4 : Operation 207 [2/2] (0.67ns)   --->   "%in_block_5_load_7 = load i3 %in_block_5_addr_7" [../dct_ref/dct.cpp:38]   --->   Operation 207 'load' 'in_block_5_load_7' <Predicate = true> <Delay = 0.67> <CoreInst = "RAM">   --->   Core 82 'RAM' <Latency = 1> <II = 1> <Delay = 0.67> <Storage> <Opcode : 'load' 'store'> <Ports = 2> <Width = 16> <Depth = 8> <RAM>
ST_4 : Operation 208 [2/2] (0.67ns)   --->   "%in_block_6_load_7 = load i3 %in_block_6_addr_7" [../dct_ref/dct.cpp:38]   --->   Operation 208 'load' 'in_block_6_load_7' <Predicate = true> <Delay = 0.67> <CoreInst = "RAM">   --->   Core 82 'RAM' <Latency = 1> <II = 1> <Delay = 0.67> <Storage> <Opcode : 'load' 'store'> <Ports = 2> <Width = 16> <Depth = 8> <RAM>
ST_4 : Operation 209 [2/2] (0.67ns)   --->   "%in_block_7_load_7 = load i3 %in_block_7_addr_7" [../dct_ref/dct.cpp:38]   --->   Operation 209 'load' 'in_block_7_load_7' <Predicate = true> <Delay = 0.67> <CoreInst = "RAM">   --->   Core 82 'RAM' <Latency = 1> <II = 1> <Delay = 0.67> <Storage> <Opcode : 'load' 'store'> <Ports = 2> <Width = 16> <Depth = 8> <RAM>

State 5 <SV = 4> <Delay = 4.40>
ST_5 : Operation 210 [3/6] (4.40ns)   --->   "%dct_1d_ret1 = call i128 @dct_1d, i16 %in_block_0_load, i16 %in_block_1_load, i16 %in_block_2_load, i16 %in_block_3_load, i16 %in_block_4_load, i16 %in_block_5_load, i16 %in_block_6_load, i16 %in_block_7_load" [../dct_ref/dct.cpp:38]   --->   Operation 210 'call' 'dct_1d_ret1' <Predicate = true> <Delay = 4.40> <CoreType = "Generic">   --->   Core 0 '' <Latency = 0> <II = 1> <Delay = 1.00> <Generic> <Opcode : >
ST_5 : Operation 211 [3/6] (4.40ns)   --->   "%dct_1d_ret2 = call i128 @dct_1d, i16 %in_block_0_load_1, i16 %in_block_1_load_1, i16 %in_block_2_load_1, i16 %in_block_3_load_1, i16 %in_block_4_load_1, i16 %in_block_5_load_1, i16 %in_block_6_load_1, i16 %in_block_7_load_1" [../dct_ref/dct.cpp:38]   --->   Operation 211 'call' 'dct_1d_ret2' <Predicate = true> <Delay = 4.40> <CoreType = "Generic">   --->   Core 0 '' <Latency = 0> <II = 1> <Delay = 1.00> <Generic> <Opcode : >
ST_5 : Operation 212 [4/6] (4.40ns)   --->   "%dct_1d_ret3 = call i128 @dct_1d, i16 %in_block_0_load_2, i16 %in_block_1_load_2, i16 %in_block_2_load_2, i16 %in_block_3_load_2, i16 %in_block_4_load_2, i16 %in_block_5_load_2, i16 %in_block_6_load_2, i16 %in_block_7_load_2" [../dct_ref/dct.cpp:38]   --->   Operation 212 'call' 'dct_1d_ret3' <Predicate = true> <Delay = 4.40> <CoreType = "Generic">   --->   Core 0 '' <Latency = 0> <II = 1> <Delay = 1.00> <Generic> <Opcode : >
ST_5 : Operation 213 [4/6] (4.40ns)   --->   "%dct_1d_ret4 = call i128 @dct_1d, i16 %in_block_0_load_3, i16 %in_block_1_load_3, i16 %in_block_2_load_3, i16 %in_block_3_load_3, i16 %in_block_4_load_3, i16 %in_block_5_load_3, i16 %in_block_6_load_3, i16 %in_block_7_load_3" [../dct_ref/dct.cpp:38]   --->   Operation 213 'call' 'dct_1d_ret4' <Predicate = true> <Delay = 4.40> <CoreType = "Generic">   --->   Core 0 '' <Latency = 0> <II = 1> <Delay = 1.00> <Generic> <Opcode : >
ST_5 : Operation 214 [5/6] (4.40ns)   --->   "%dct_1d_ret5 = call i128 @dct_1d, i16 %in_block_0_load_4, i16 %in_block_1_load_4, i16 %in_block_2_load_4, i16 %in_block_3_load_4, i16 %in_block_4_load_4, i16 %in_block_5_load_4, i16 %in_block_6_load_4, i16 %in_block_7_load_4" [../dct_ref/dct.cpp:38]   --->   Operation 214 'call' 'dct_1d_ret5' <Predicate = true> <Delay = 4.40> <CoreType = "Generic">   --->   Core 0 '' <Latency = 0> <II = 1> <Delay = 1.00> <Generic> <Opcode : >
ST_5 : Operation 215 [5/6] (4.40ns)   --->   "%dct_1d_ret6 = call i128 @dct_1d, i16 %in_block_0_load_5, i16 %in_block_1_load_5, i16 %in_block_2_load_5, i16 %in_block_3_load_5, i16 %in_block_4_load_5, i16 %in_block_5_load_5, i16 %in_block_6_load_5, i16 %in_block_7_load_5" [../dct_ref/dct.cpp:38]   --->   Operation 215 'call' 'dct_1d_ret6' <Predicate = true> <Delay = 4.40> <CoreType = "Generic">   --->   Core 0 '' <Latency = 0> <II = 1> <Delay = 1.00> <Generic> <Opcode : >
ST_5 : Operation 216 [1/2] (0.67ns)   --->   "%in_block_0_load_6 = load i3 %in_block_0_addr_6" [../dct_ref/dct.cpp:38]   --->   Operation 216 'load' 'in_block_0_load_6' <Predicate = true> <Delay = 0.67> <CoreInst = "RAM">   --->   Core 82 'RAM' <Latency = 1> <II = 1> <Delay = 0.67> <Storage> <Opcode : 'load' 'store'> <Ports = 2> <Width = 16> <Depth = 8> <RAM>
ST_5 : Operation 217 [1/2] (0.67ns)   --->   "%in_block_1_load_6 = load i3 %in_block_1_addr_6" [../dct_ref/dct.cpp:38]   --->   Operation 217 'load' 'in_block_1_load_6' <Predicate = true> <Delay = 0.67> <CoreInst = "RAM">   --->   Core 82 'RAM' <Latency = 1> <II = 1> <Delay = 0.67> <Storage> <Opcode : 'load' 'store'> <Ports = 2> <Width = 16> <Depth = 8> <RAM>
ST_5 : Operation 218 [1/2] (0.67ns)   --->   "%in_block_2_load_6 = load i3 %in_block_2_addr_6" [../dct_ref/dct.cpp:38]   --->   Operation 218 'load' 'in_block_2_load_6' <Predicate = true> <Delay = 0.67> <CoreInst = "RAM">   --->   Core 82 'RAM' <Latency = 1> <II = 1> <Delay = 0.67> <Storage> <Opcode : 'load' 'store'> <Ports = 2> <Width = 16> <Depth = 8> <RAM>
ST_5 : Operation 219 [1/2] (0.67ns)   --->   "%in_block_3_load_6 = load i3 %in_block_3_addr_6" [../dct_ref/dct.cpp:38]   --->   Operation 219 'load' 'in_block_3_load_6' <Predicate = true> <Delay = 0.67> <CoreInst = "RAM">   --->   Core 82 'RAM' <Latency = 1> <II = 1> <Delay = 0.67> <Storage> <Opcode : 'load' 'store'> <Ports = 2> <Width = 16> <Depth = 8> <RAM>
ST_5 : Operation 220 [1/2] (0.67ns)   --->   "%in_block_4_load_6 = load i3 %in_block_4_addr_6" [../dct_ref/dct.cpp:38]   --->   Operation 220 'load' 'in_block_4_load_6' <Predicate = true> <Delay = 0.67> <CoreInst = "RAM">   --->   Core 82 'RAM' <Latency = 1> <II = 1> <Delay = 0.67> <Storage> <Opcode : 'load' 'store'> <Ports = 2> <Width = 16> <Depth = 8> <RAM>
ST_5 : Operation 221 [1/2] (0.67ns)   --->   "%in_block_5_load_6 = load i3 %in_block_5_addr_6" [../dct_ref/dct.cpp:38]   --->   Operation 221 'load' 'in_block_5_load_6' <Predicate = true> <Delay = 0.67> <CoreInst = "RAM">   --->   Core 82 'RAM' <Latency = 1> <II = 1> <Delay = 0.67> <Storage> <Opcode : 'load' 'store'> <Ports = 2> <Width = 16> <Depth = 8> <RAM>
ST_5 : Operation 222 [1/2] (0.67ns)   --->   "%in_block_6_load_6 = load i3 %in_block_6_addr_6" [../dct_ref/dct.cpp:38]   --->   Operation 222 'load' 'in_block_6_load_6' <Predicate = true> <Delay = 0.67> <CoreInst = "RAM">   --->   Core 82 'RAM' <Latency = 1> <II = 1> <Delay = 0.67> <Storage> <Opcode : 'load' 'store'> <Ports = 2> <Width = 16> <Depth = 8> <RAM>
ST_5 : Operation 223 [1/2] (0.67ns)   --->   "%in_block_7_load_6 = load i3 %in_block_7_addr_6" [../dct_ref/dct.cpp:38]   --->   Operation 223 'load' 'in_block_7_load_6' <Predicate = true> <Delay = 0.67> <CoreInst = "RAM">   --->   Core 82 'RAM' <Latency = 1> <II = 1> <Delay = 0.67> <Storage> <Opcode : 'load' 'store'> <Ports = 2> <Width = 16> <Depth = 8> <RAM>
ST_5 : Operation 224 [6/6] (2.69ns)   --->   "%dct_1d_ret7 = call i128 @dct_1d, i16 %in_block_0_load_6, i16 %in_block_1_load_6, i16 %in_block_2_load_6, i16 %in_block_3_load_6, i16 %in_block_4_load_6, i16 %in_block_5_load_6, i16 %in_block_6_load_6, i16 %in_block_7_load_6" [../dct_ref/dct.cpp:38]   --->   Operation 224 'call' 'dct_1d_ret7' <Predicate = true> <Delay = 2.69> <CoreType = "Generic">   --->   Core 0 '' <Latency = 0> <II = 1> <Delay = 1.00> <Generic> <Opcode : >
ST_5 : Operation 225 [1/2] (0.67ns)   --->   "%in_block_0_load_7 = load i3 %in_block_0_addr_7" [../dct_ref/dct.cpp:38]   --->   Operation 225 'load' 'in_block_0_load_7' <Predicate = true> <Delay = 0.67> <CoreInst = "RAM">   --->   Core 82 'RAM' <Latency = 1> <II = 1> <Delay = 0.67> <Storage> <Opcode : 'load' 'store'> <Ports = 2> <Width = 16> <Depth = 8> <RAM>
ST_5 : Operation 226 [1/2] (0.67ns)   --->   "%in_block_1_load_7 = load i3 %in_block_1_addr_7" [../dct_ref/dct.cpp:38]   --->   Operation 226 'load' 'in_block_1_load_7' <Predicate = true> <Delay = 0.67> <CoreInst = "RAM">   --->   Core 82 'RAM' <Latency = 1> <II = 1> <Delay = 0.67> <Storage> <Opcode : 'load' 'store'> <Ports = 2> <Width = 16> <Depth = 8> <RAM>
ST_5 : Operation 227 [1/2] (0.67ns)   --->   "%in_block_2_load_7 = load i3 %in_block_2_addr_7" [../dct_ref/dct.cpp:38]   --->   Operation 227 'load' 'in_block_2_load_7' <Predicate = true> <Delay = 0.67> <CoreInst = "RAM">   --->   Core 82 'RAM' <Latency = 1> <II = 1> <Delay = 0.67> <Storage> <Opcode : 'load' 'store'> <Ports = 2> <Width = 16> <Depth = 8> <RAM>
ST_5 : Operation 228 [1/2] (0.67ns)   --->   "%in_block_3_load_7 = load i3 %in_block_3_addr_7" [../dct_ref/dct.cpp:38]   --->   Operation 228 'load' 'in_block_3_load_7' <Predicate = true> <Delay = 0.67> <CoreInst = "RAM">   --->   Core 82 'RAM' <Latency = 1> <II = 1> <Delay = 0.67> <Storage> <Opcode : 'load' 'store'> <Ports = 2> <Width = 16> <Depth = 8> <RAM>
ST_5 : Operation 229 [1/2] (0.67ns)   --->   "%in_block_4_load_7 = load i3 %in_block_4_addr_7" [../dct_ref/dct.cpp:38]   --->   Operation 229 'load' 'in_block_4_load_7' <Predicate = true> <Delay = 0.67> <CoreInst = "RAM">   --->   Core 82 'RAM' <Latency = 1> <II = 1> <Delay = 0.67> <Storage> <Opcode : 'load' 'store'> <Ports = 2> <Width = 16> <Depth = 8> <RAM>
ST_5 : Operation 230 [1/2] (0.67ns)   --->   "%in_block_5_load_7 = load i3 %in_block_5_addr_7" [../dct_ref/dct.cpp:38]   --->   Operation 230 'load' 'in_block_5_load_7' <Predicate = true> <Delay = 0.67> <CoreInst = "RAM">   --->   Core 82 'RAM' <Latency = 1> <II = 1> <Delay = 0.67> <Storage> <Opcode : 'load' 'store'> <Ports = 2> <Width = 16> <Depth = 8> <RAM>
ST_5 : Operation 231 [1/2] (0.67ns)   --->   "%in_block_6_load_7 = load i3 %in_block_6_addr_7" [../dct_ref/dct.cpp:38]   --->   Operation 231 'load' 'in_block_6_load_7' <Predicate = true> <Delay = 0.67> <CoreInst = "RAM">   --->   Core 82 'RAM' <Latency = 1> <II = 1> <Delay = 0.67> <Storage> <Opcode : 'load' 'store'> <Ports = 2> <Width = 16> <Depth = 8> <RAM>
ST_5 : Operation 232 [1/2] (0.67ns)   --->   "%in_block_7_load_7 = load i3 %in_block_7_addr_7" [../dct_ref/dct.cpp:38]   --->   Operation 232 'load' 'in_block_7_load_7' <Predicate = true> <Delay = 0.67> <CoreInst = "RAM">   --->   Core 82 'RAM' <Latency = 1> <II = 1> <Delay = 0.67> <Storage> <Opcode : 'load' 'store'> <Ports = 2> <Width = 16> <Depth = 8> <RAM>
ST_5 : Operation 233 [6/6] (2.69ns)   --->   "%dct_1d_ret8 = call i128 @dct_1d, i16 %in_block_0_load_7, i16 %in_block_1_load_7, i16 %in_block_2_load_7, i16 %in_block_3_load_7, i16 %in_block_4_load_7, i16 %in_block_5_load_7, i16 %in_block_6_load_7, i16 %in_block_7_load_7" [../dct_ref/dct.cpp:38]   --->   Operation 233 'call' 'dct_1d_ret8' <Predicate = true> <Delay = 2.69> <CoreType = "Generic">   --->   Core 0 '' <Latency = 0> <II = 1> <Delay = 1.00> <Generic> <Opcode : >

State 6 <SV = 5> <Delay = 4.40>
ST_6 : Operation 234 [2/6] (4.40ns)   --->   "%dct_1d_ret1 = call i128 @dct_1d, i16 %in_block_0_load, i16 %in_block_1_load, i16 %in_block_2_load, i16 %in_block_3_load, i16 %in_block_4_load, i16 %in_block_5_load, i16 %in_block_6_load, i16 %in_block_7_load" [../dct_ref/dct.cpp:38]   --->   Operation 234 'call' 'dct_1d_ret1' <Predicate = true> <Delay = 4.40> <CoreType = "Generic">   --->   Core 0 '' <Latency = 0> <II = 1> <Delay = 1.00> <Generic> <Opcode : >
ST_6 : Operation 235 [2/6] (4.40ns)   --->   "%dct_1d_ret2 = call i128 @dct_1d, i16 %in_block_0_load_1, i16 %in_block_1_load_1, i16 %in_block_2_load_1, i16 %in_block_3_load_1, i16 %in_block_4_load_1, i16 %in_block_5_load_1, i16 %in_block_6_load_1, i16 %in_block_7_load_1" [../dct_ref/dct.cpp:38]   --->   Operation 235 'call' 'dct_1d_ret2' <Predicate = true> <Delay = 4.40> <CoreType = "Generic">   --->   Core 0 '' <Latency = 0> <II = 1> <Delay = 1.00> <Generic> <Opcode : >
ST_6 : Operation 236 [3/6] (4.40ns)   --->   "%dct_1d_ret3 = call i128 @dct_1d, i16 %in_block_0_load_2, i16 %in_block_1_load_2, i16 %in_block_2_load_2, i16 %in_block_3_load_2, i16 %in_block_4_load_2, i16 %in_block_5_load_2, i16 %in_block_6_load_2, i16 %in_block_7_load_2" [../dct_ref/dct.cpp:38]   --->   Operation 236 'call' 'dct_1d_ret3' <Predicate = true> <Delay = 4.40> <CoreType = "Generic">   --->   Core 0 '' <Latency = 0> <II = 1> <Delay = 1.00> <Generic> <Opcode : >
ST_6 : Operation 237 [3/6] (4.40ns)   --->   "%dct_1d_ret4 = call i128 @dct_1d, i16 %in_block_0_load_3, i16 %in_block_1_load_3, i16 %in_block_2_load_3, i16 %in_block_3_load_3, i16 %in_block_4_load_3, i16 %in_block_5_load_3, i16 %in_block_6_load_3, i16 %in_block_7_load_3" [../dct_ref/dct.cpp:38]   --->   Operation 237 'call' 'dct_1d_ret4' <Predicate = true> <Delay = 4.40> <CoreType = "Generic">   --->   Core 0 '' <Latency = 0> <II = 1> <Delay = 1.00> <Generic> <Opcode : >
ST_6 : Operation 238 [4/6] (4.40ns)   --->   "%dct_1d_ret5 = call i128 @dct_1d, i16 %in_block_0_load_4, i16 %in_block_1_load_4, i16 %in_block_2_load_4, i16 %in_block_3_load_4, i16 %in_block_4_load_4, i16 %in_block_5_load_4, i16 %in_block_6_load_4, i16 %in_block_7_load_4" [../dct_ref/dct.cpp:38]   --->   Operation 238 'call' 'dct_1d_ret5' <Predicate = true> <Delay = 4.40> <CoreType = "Generic">   --->   Core 0 '' <Latency = 0> <II = 1> <Delay = 1.00> <Generic> <Opcode : >
ST_6 : Operation 239 [4/6] (4.40ns)   --->   "%dct_1d_ret6 = call i128 @dct_1d, i16 %in_block_0_load_5, i16 %in_block_1_load_5, i16 %in_block_2_load_5, i16 %in_block_3_load_5, i16 %in_block_4_load_5, i16 %in_block_5_load_5, i16 %in_block_6_load_5, i16 %in_block_7_load_5" [../dct_ref/dct.cpp:38]   --->   Operation 239 'call' 'dct_1d_ret6' <Predicate = true> <Delay = 4.40> <CoreType = "Generic">   --->   Core 0 '' <Latency = 0> <II = 1> <Delay = 1.00> <Generic> <Opcode : >
ST_6 : Operation 240 [5/6] (4.40ns)   --->   "%dct_1d_ret7 = call i128 @dct_1d, i16 %in_block_0_load_6, i16 %in_block_1_load_6, i16 %in_block_2_load_6, i16 %in_block_3_load_6, i16 %in_block_4_load_6, i16 %in_block_5_load_6, i16 %in_block_6_load_6, i16 %in_block_7_load_6" [../dct_ref/dct.cpp:38]   --->   Operation 240 'call' 'dct_1d_ret7' <Predicate = true> <Delay = 4.40> <CoreType = "Generic">   --->   Core 0 '' <Latency = 0> <II = 1> <Delay = 1.00> <Generic> <Opcode : >
ST_6 : Operation 241 [5/6] (4.40ns)   --->   "%dct_1d_ret8 = call i128 @dct_1d, i16 %in_block_0_load_7, i16 %in_block_1_load_7, i16 %in_block_2_load_7, i16 %in_block_3_load_7, i16 %in_block_4_load_7, i16 %in_block_5_load_7, i16 %in_block_6_load_7, i16 %in_block_7_load_7" [../dct_ref/dct.cpp:38]   --->   Operation 241 'call' 'dct_1d_ret8' <Predicate = true> <Delay = 4.40> <CoreType = "Generic">   --->   Core 0 '' <Latency = 0> <II = 1> <Delay = 1.00> <Generic> <Opcode : >

State 7 <SV = 6> <Delay = 4.40>
ST_7 : Operation 242 [1/6] (1.36ns)   --->   "%dct_1d_ret1 = call i128 @dct_1d, i16 %in_block_0_load, i16 %in_block_1_load, i16 %in_block_2_load, i16 %in_block_3_load, i16 %in_block_4_load, i16 %in_block_5_load, i16 %in_block_6_load, i16 %in_block_7_load" [../dct_ref/dct.cpp:38]   --->   Operation 242 'call' 'dct_1d_ret1' <Predicate = true> <Delay = 1.36> <CoreType = "Generic">   --->   Core 0 '' <Latency = 0> <II = 1> <Delay = 1.00> <Generic> <Opcode : >
ST_7 : Operation 243 [1/1] (0.00ns)   --->   "%row_outbuf_addr_ret = extractvalue i128 %dct_1d_ret1" [../dct_ref/dct.cpp:38]   --->   Operation 243 'extractvalue' 'row_outbuf_addr_ret' <Predicate = true> <Delay = 0.00>
ST_7 : Operation 244 [1/1] (0.00ns)   --->   "%row_outbuf_1_addr_ret = extractvalue i128 %dct_1d_ret1" [../dct_ref/dct.cpp:38]   --->   Operation 244 'extractvalue' 'row_outbuf_1_addr_ret' <Predicate = true> <Delay = 0.00>
ST_7 : Operation 245 [1/1] (0.00ns)   --->   "%row_outbuf_2_addr_ret = extractvalue i128 %dct_1d_ret1" [../dct_ref/dct.cpp:38]   --->   Operation 245 'extractvalue' 'row_outbuf_2_addr_ret' <Predicate = true> <Delay = 0.00>
ST_7 : Operation 246 [1/1] (0.00ns)   --->   "%row_outbuf_3_addr_ret = extractvalue i128 %dct_1d_ret1" [../dct_ref/dct.cpp:38]   --->   Operation 246 'extractvalue' 'row_outbuf_3_addr_ret' <Predicate = true> <Delay = 0.00>
ST_7 : Operation 247 [1/1] (0.00ns)   --->   "%row_outbuf_4_addr_ret = extractvalue i128 %dct_1d_ret1" [../dct_ref/dct.cpp:38]   --->   Operation 247 'extractvalue' 'row_outbuf_4_addr_ret' <Predicate = true> <Delay = 0.00>
ST_7 : Operation 248 [1/1] (0.00ns)   --->   "%row_outbuf_5_addr_ret = extractvalue i128 %dct_1d_ret1" [../dct_ref/dct.cpp:38]   --->   Operation 248 'extractvalue' 'row_outbuf_5_addr_ret' <Predicate = true> <Delay = 0.00>
ST_7 : Operation 249 [1/1] (0.00ns)   --->   "%row_outbuf_6_addr_ret = extractvalue i128 %dct_1d_ret1" [../dct_ref/dct.cpp:38]   --->   Operation 249 'extractvalue' 'row_outbuf_6_addr_ret' <Predicate = true> <Delay = 0.00>
ST_7 : Operation 250 [1/1] (0.00ns)   --->   "%row_outbuf_7_addr_ret = extractvalue i128 %dct_1d_ret1" [../dct_ref/dct.cpp:38]   --->   Operation 250 'extractvalue' 'row_outbuf_7_addr_ret' <Predicate = true> <Delay = 0.00>
ST_7 : Operation 251 [1/6] (1.36ns)   --->   "%dct_1d_ret2 = call i128 @dct_1d, i16 %in_block_0_load_1, i16 %in_block_1_load_1, i16 %in_block_2_load_1, i16 %in_block_3_load_1, i16 %in_block_4_load_1, i16 %in_block_5_load_1, i16 %in_block_6_load_1, i16 %in_block_7_load_1" [../dct_ref/dct.cpp:38]   --->   Operation 251 'call' 'dct_1d_ret2' <Predicate = true> <Delay = 1.36> <CoreType = "Generic">   --->   Core 0 '' <Latency = 0> <II = 1> <Delay = 1.00> <Generic> <Opcode : >
ST_7 : Operation 252 [1/1] (0.00ns)   --->   "%row_outbuf_8_addr_ret = extractvalue i128 %dct_1d_ret2" [../dct_ref/dct.cpp:38]   --->   Operation 252 'extractvalue' 'row_outbuf_8_addr_ret' <Predicate = true> <Delay = 0.00>
ST_7 : Operation 253 [1/1] (0.00ns)   --->   "%row_outbuf_9_addr_ret = extractvalue i128 %dct_1d_ret2" [../dct_ref/dct.cpp:38]   --->   Operation 253 'extractvalue' 'row_outbuf_9_addr_ret' <Predicate = true> <Delay = 0.00>
ST_7 : Operation 254 [1/1] (0.00ns)   --->   "%row_outbuf_10_addr_ret = extractvalue i128 %dct_1d_ret2" [../dct_ref/dct.cpp:38]   --->   Operation 254 'extractvalue' 'row_outbuf_10_addr_ret' <Predicate = true> <Delay = 0.00>
ST_7 : Operation 255 [1/1] (0.00ns)   --->   "%row_outbuf_11_addr_ret = extractvalue i128 %dct_1d_ret2" [../dct_ref/dct.cpp:38]   --->   Operation 255 'extractvalue' 'row_outbuf_11_addr_ret' <Predicate = true> <Delay = 0.00>
ST_7 : Operation 256 [1/1] (0.00ns)   --->   "%row_outbuf_12_addr_ret = extractvalue i128 %dct_1d_ret2" [../dct_ref/dct.cpp:38]   --->   Operation 256 'extractvalue' 'row_outbuf_12_addr_ret' <Predicate = true> <Delay = 0.00>
ST_7 : Operation 257 [1/1] (0.00ns)   --->   "%row_outbuf_13_addr_ret = extractvalue i128 %dct_1d_ret2" [../dct_ref/dct.cpp:38]   --->   Operation 257 'extractvalue' 'row_outbuf_13_addr_ret' <Predicate = true> <Delay = 0.00>
ST_7 : Operation 258 [1/1] (0.00ns)   --->   "%row_outbuf_14_addr_ret = extractvalue i128 %dct_1d_ret2" [../dct_ref/dct.cpp:38]   --->   Operation 258 'extractvalue' 'row_outbuf_14_addr_ret' <Predicate = true> <Delay = 0.00>
ST_7 : Operation 259 [1/1] (0.00ns)   --->   "%row_outbuf_15_addr_ret = extractvalue i128 %dct_1d_ret2" [../dct_ref/dct.cpp:38]   --->   Operation 259 'extractvalue' 'row_outbuf_15_addr_ret' <Predicate = true> <Delay = 0.00>
ST_7 : Operation 260 [2/6] (4.40ns)   --->   "%dct_1d_ret3 = call i128 @dct_1d, i16 %in_block_0_load_2, i16 %in_block_1_load_2, i16 %in_block_2_load_2, i16 %in_block_3_load_2, i16 %in_block_4_load_2, i16 %in_block_5_load_2, i16 %in_block_6_load_2, i16 %in_block_7_load_2" [../dct_ref/dct.cpp:38]   --->   Operation 260 'call' 'dct_1d_ret3' <Predicate = true> <Delay = 4.40> <CoreType = "Generic">   --->   Core 0 '' <Latency = 0> <II = 1> <Delay = 1.00> <Generic> <Opcode : >
ST_7 : Operation 261 [2/6] (4.40ns)   --->   "%dct_1d_ret4 = call i128 @dct_1d, i16 %in_block_0_load_3, i16 %in_block_1_load_3, i16 %in_block_2_load_3, i16 %in_block_3_load_3, i16 %in_block_4_load_3, i16 %in_block_5_load_3, i16 %in_block_6_load_3, i16 %in_block_7_load_3" [../dct_ref/dct.cpp:38]   --->   Operation 261 'call' 'dct_1d_ret4' <Predicate = true> <Delay = 4.40> <CoreType = "Generic">   --->   Core 0 '' <Latency = 0> <II = 1> <Delay = 1.00> <Generic> <Opcode : >
ST_7 : Operation 262 [3/6] (4.40ns)   --->   "%dct_1d_ret5 = call i128 @dct_1d, i16 %in_block_0_load_4, i16 %in_block_1_load_4, i16 %in_block_2_load_4, i16 %in_block_3_load_4, i16 %in_block_4_load_4, i16 %in_block_5_load_4, i16 %in_block_6_load_4, i16 %in_block_7_load_4" [../dct_ref/dct.cpp:38]   --->   Operation 262 'call' 'dct_1d_ret5' <Predicate = true> <Delay = 4.40> <CoreType = "Generic">   --->   Core 0 '' <Latency = 0> <II = 1> <Delay = 1.00> <Generic> <Opcode : >
ST_7 : Operation 263 [3/6] (4.40ns)   --->   "%dct_1d_ret6 = call i128 @dct_1d, i16 %in_block_0_load_5, i16 %in_block_1_load_5, i16 %in_block_2_load_5, i16 %in_block_3_load_5, i16 %in_block_4_load_5, i16 %in_block_5_load_5, i16 %in_block_6_load_5, i16 %in_block_7_load_5" [../dct_ref/dct.cpp:38]   --->   Operation 263 'call' 'dct_1d_ret6' <Predicate = true> <Delay = 4.40> <CoreType = "Generic">   --->   Core 0 '' <Latency = 0> <II = 1> <Delay = 1.00> <Generic> <Opcode : >
ST_7 : Operation 264 [4/6] (4.40ns)   --->   "%dct_1d_ret7 = call i128 @dct_1d, i16 %in_block_0_load_6, i16 %in_block_1_load_6, i16 %in_block_2_load_6, i16 %in_block_3_load_6, i16 %in_block_4_load_6, i16 %in_block_5_load_6, i16 %in_block_6_load_6, i16 %in_block_7_load_6" [../dct_ref/dct.cpp:38]   --->   Operation 264 'call' 'dct_1d_ret7' <Predicate = true> <Delay = 4.40> <CoreType = "Generic">   --->   Core 0 '' <Latency = 0> <II = 1> <Delay = 1.00> <Generic> <Opcode : >
ST_7 : Operation 265 [4/6] (4.40ns)   --->   "%dct_1d_ret8 = call i128 @dct_1d, i16 %in_block_0_load_7, i16 %in_block_1_load_7, i16 %in_block_2_load_7, i16 %in_block_3_load_7, i16 %in_block_4_load_7, i16 %in_block_5_load_7, i16 %in_block_6_load_7, i16 %in_block_7_load_7" [../dct_ref/dct.cpp:38]   --->   Operation 265 'call' 'dct_1d_ret8' <Predicate = true> <Delay = 4.40> <CoreType = "Generic">   --->   Core 0 '' <Latency = 0> <II = 1> <Delay = 1.00> <Generic> <Opcode : >

State 8 <SV = 7> <Delay = 4.40>
ST_8 : Operation 266 [1/6] (1.36ns)   --->   "%dct_1d_ret3 = call i128 @dct_1d, i16 %in_block_0_load_2, i16 %in_block_1_load_2, i16 %in_block_2_load_2, i16 %in_block_3_load_2, i16 %in_block_4_load_2, i16 %in_block_5_load_2, i16 %in_block_6_load_2, i16 %in_block_7_load_2" [../dct_ref/dct.cpp:38]   --->   Operation 266 'call' 'dct_1d_ret3' <Predicate = true> <Delay = 1.36> <CoreType = "Generic">   --->   Core 0 '' <Latency = 0> <II = 1> <Delay = 1.00> <Generic> <Opcode : >
ST_8 : Operation 267 [1/1] (0.00ns)   --->   "%row_outbuf_addr_1_ret = extractvalue i128 %dct_1d_ret3" [../dct_ref/dct.cpp:38]   --->   Operation 267 'extractvalue' 'row_outbuf_addr_1_ret' <Predicate = true> <Delay = 0.00>
ST_8 : Operation 268 [1/1] (0.00ns)   --->   "%row_outbuf_1_addr_1_ret = extractvalue i128 %dct_1d_ret3" [../dct_ref/dct.cpp:38]   --->   Operation 268 'extractvalue' 'row_outbuf_1_addr_1_ret' <Predicate = true> <Delay = 0.00>
ST_8 : Operation 269 [1/1] (0.00ns)   --->   "%row_outbuf_2_addr_1_ret = extractvalue i128 %dct_1d_ret3" [../dct_ref/dct.cpp:38]   --->   Operation 269 'extractvalue' 'row_outbuf_2_addr_1_ret' <Predicate = true> <Delay = 0.00>
ST_8 : Operation 270 [1/1] (0.00ns)   --->   "%row_outbuf_3_addr_1_ret = extractvalue i128 %dct_1d_ret3" [../dct_ref/dct.cpp:38]   --->   Operation 270 'extractvalue' 'row_outbuf_3_addr_1_ret' <Predicate = true> <Delay = 0.00>
ST_8 : Operation 271 [1/1] (0.00ns)   --->   "%row_outbuf_4_addr_1_ret = extractvalue i128 %dct_1d_ret3" [../dct_ref/dct.cpp:38]   --->   Operation 271 'extractvalue' 'row_outbuf_4_addr_1_ret' <Predicate = true> <Delay = 0.00>
ST_8 : Operation 272 [1/1] (0.00ns)   --->   "%row_outbuf_5_addr_1_ret = extractvalue i128 %dct_1d_ret3" [../dct_ref/dct.cpp:38]   --->   Operation 272 'extractvalue' 'row_outbuf_5_addr_1_ret' <Predicate = true> <Delay = 0.00>
ST_8 : Operation 273 [1/1] (0.00ns)   --->   "%row_outbuf_6_addr_1_ret = extractvalue i128 %dct_1d_ret3" [../dct_ref/dct.cpp:38]   --->   Operation 273 'extractvalue' 'row_outbuf_6_addr_1_ret' <Predicate = true> <Delay = 0.00>
ST_8 : Operation 274 [1/1] (0.00ns)   --->   "%row_outbuf_7_addr_1_ret = extractvalue i128 %dct_1d_ret3" [../dct_ref/dct.cpp:38]   --->   Operation 274 'extractvalue' 'row_outbuf_7_addr_1_ret' <Predicate = true> <Delay = 0.00>
ST_8 : Operation 275 [1/6] (1.36ns)   --->   "%dct_1d_ret4 = call i128 @dct_1d, i16 %in_block_0_load_3, i16 %in_block_1_load_3, i16 %in_block_2_load_3, i16 %in_block_3_load_3, i16 %in_block_4_load_3, i16 %in_block_5_load_3, i16 %in_block_6_load_3, i16 %in_block_7_load_3" [../dct_ref/dct.cpp:38]   --->   Operation 275 'call' 'dct_1d_ret4' <Predicate = true> <Delay = 1.36> <CoreType = "Generic">   --->   Core 0 '' <Latency = 0> <II = 1> <Delay = 1.00> <Generic> <Opcode : >
ST_8 : Operation 276 [1/1] (0.00ns)   --->   "%row_outbuf_8_addr_1_ret = extractvalue i128 %dct_1d_ret4" [../dct_ref/dct.cpp:38]   --->   Operation 276 'extractvalue' 'row_outbuf_8_addr_1_ret' <Predicate = true> <Delay = 0.00>
ST_8 : Operation 277 [1/1] (0.00ns)   --->   "%row_outbuf_9_addr_1_ret = extractvalue i128 %dct_1d_ret4" [../dct_ref/dct.cpp:38]   --->   Operation 277 'extractvalue' 'row_outbuf_9_addr_1_ret' <Predicate = true> <Delay = 0.00>
ST_8 : Operation 278 [1/1] (0.00ns)   --->   "%row_outbuf_10_addr_1_ret = extractvalue i128 %dct_1d_ret4" [../dct_ref/dct.cpp:38]   --->   Operation 278 'extractvalue' 'row_outbuf_10_addr_1_ret' <Predicate = true> <Delay = 0.00>
ST_8 : Operation 279 [1/1] (0.00ns)   --->   "%row_outbuf_11_addr_1_ret = extractvalue i128 %dct_1d_ret4" [../dct_ref/dct.cpp:38]   --->   Operation 279 'extractvalue' 'row_outbuf_11_addr_1_ret' <Predicate = true> <Delay = 0.00>
ST_8 : Operation 280 [1/1] (0.00ns)   --->   "%row_outbuf_12_addr_1_ret = extractvalue i128 %dct_1d_ret4" [../dct_ref/dct.cpp:38]   --->   Operation 280 'extractvalue' 'row_outbuf_12_addr_1_ret' <Predicate = true> <Delay = 0.00>
ST_8 : Operation 281 [1/1] (0.00ns)   --->   "%row_outbuf_13_addr_1_ret = extractvalue i128 %dct_1d_ret4" [../dct_ref/dct.cpp:38]   --->   Operation 281 'extractvalue' 'row_outbuf_13_addr_1_ret' <Predicate = true> <Delay = 0.00>
ST_8 : Operation 282 [1/1] (0.00ns)   --->   "%row_outbuf_14_addr_1_ret = extractvalue i128 %dct_1d_ret4" [../dct_ref/dct.cpp:38]   --->   Operation 282 'extractvalue' 'row_outbuf_14_addr_1_ret' <Predicate = true> <Delay = 0.00>
ST_8 : Operation 283 [1/1] (0.00ns)   --->   "%row_outbuf_15_addr_1_ret = extractvalue i128 %dct_1d_ret4" [../dct_ref/dct.cpp:38]   --->   Operation 283 'extractvalue' 'row_outbuf_15_addr_1_ret' <Predicate = true> <Delay = 0.00>
ST_8 : Operation 284 [2/6] (4.40ns)   --->   "%dct_1d_ret5 = call i128 @dct_1d, i16 %in_block_0_load_4, i16 %in_block_1_load_4, i16 %in_block_2_load_4, i16 %in_block_3_load_4, i16 %in_block_4_load_4, i16 %in_block_5_load_4, i16 %in_block_6_load_4, i16 %in_block_7_load_4" [../dct_ref/dct.cpp:38]   --->   Operation 284 'call' 'dct_1d_ret5' <Predicate = true> <Delay = 4.40> <CoreType = "Generic">   --->   Core 0 '' <Latency = 0> <II = 1> <Delay = 1.00> <Generic> <Opcode : >
ST_8 : Operation 285 [2/6] (4.40ns)   --->   "%dct_1d_ret6 = call i128 @dct_1d, i16 %in_block_0_load_5, i16 %in_block_1_load_5, i16 %in_block_2_load_5, i16 %in_block_3_load_5, i16 %in_block_4_load_5, i16 %in_block_5_load_5, i16 %in_block_6_load_5, i16 %in_block_7_load_5" [../dct_ref/dct.cpp:38]   --->   Operation 285 'call' 'dct_1d_ret6' <Predicate = true> <Delay = 4.40> <CoreType = "Generic">   --->   Core 0 '' <Latency = 0> <II = 1> <Delay = 1.00> <Generic> <Opcode : >
ST_8 : Operation 286 [3/6] (4.40ns)   --->   "%dct_1d_ret7 = call i128 @dct_1d, i16 %in_block_0_load_6, i16 %in_block_1_load_6, i16 %in_block_2_load_6, i16 %in_block_3_load_6, i16 %in_block_4_load_6, i16 %in_block_5_load_6, i16 %in_block_6_load_6, i16 %in_block_7_load_6" [../dct_ref/dct.cpp:38]   --->   Operation 286 'call' 'dct_1d_ret7' <Predicate = true> <Delay = 4.40> <CoreType = "Generic">   --->   Core 0 '' <Latency = 0> <II = 1> <Delay = 1.00> <Generic> <Opcode : >
ST_8 : Operation 287 [3/6] (4.40ns)   --->   "%dct_1d_ret8 = call i128 @dct_1d, i16 %in_block_0_load_7, i16 %in_block_1_load_7, i16 %in_block_2_load_7, i16 %in_block_3_load_7, i16 %in_block_4_load_7, i16 %in_block_5_load_7, i16 %in_block_6_load_7, i16 %in_block_7_load_7" [../dct_ref/dct.cpp:38]   --->   Operation 287 'call' 'dct_1d_ret8' <Predicate = true> <Delay = 4.40> <CoreType = "Generic">   --->   Core 0 '' <Latency = 0> <II = 1> <Delay = 1.00> <Generic> <Opcode : >

State 9 <SV = 8> <Delay = 4.40>
ST_9 : Operation 288 [1/6] (1.36ns)   --->   "%dct_1d_ret5 = call i128 @dct_1d, i16 %in_block_0_load_4, i16 %in_block_1_load_4, i16 %in_block_2_load_4, i16 %in_block_3_load_4, i16 %in_block_4_load_4, i16 %in_block_5_load_4, i16 %in_block_6_load_4, i16 %in_block_7_load_4" [../dct_ref/dct.cpp:38]   --->   Operation 288 'call' 'dct_1d_ret5' <Predicate = true> <Delay = 1.36> <CoreType = "Generic">   --->   Core 0 '' <Latency = 0> <II = 1> <Delay = 1.00> <Generic> <Opcode : >
ST_9 : Operation 289 [1/1] (0.00ns)   --->   "%row_outbuf_addr_2_ret = extractvalue i128 %dct_1d_ret5" [../dct_ref/dct.cpp:38]   --->   Operation 289 'extractvalue' 'row_outbuf_addr_2_ret' <Predicate = true> <Delay = 0.00>
ST_9 : Operation 290 [1/1] (0.00ns)   --->   "%row_outbuf_1_addr_2_ret = extractvalue i128 %dct_1d_ret5" [../dct_ref/dct.cpp:38]   --->   Operation 290 'extractvalue' 'row_outbuf_1_addr_2_ret' <Predicate = true> <Delay = 0.00>
ST_9 : Operation 291 [1/1] (0.00ns)   --->   "%row_outbuf_2_addr_2_ret = extractvalue i128 %dct_1d_ret5" [../dct_ref/dct.cpp:38]   --->   Operation 291 'extractvalue' 'row_outbuf_2_addr_2_ret' <Predicate = true> <Delay = 0.00>
ST_9 : Operation 292 [1/1] (0.00ns)   --->   "%row_outbuf_3_addr_2_ret = extractvalue i128 %dct_1d_ret5" [../dct_ref/dct.cpp:38]   --->   Operation 292 'extractvalue' 'row_outbuf_3_addr_2_ret' <Predicate = true> <Delay = 0.00>
ST_9 : Operation 293 [1/1] (0.00ns)   --->   "%row_outbuf_4_addr_2_ret = extractvalue i128 %dct_1d_ret5" [../dct_ref/dct.cpp:38]   --->   Operation 293 'extractvalue' 'row_outbuf_4_addr_2_ret' <Predicate = true> <Delay = 0.00>
ST_9 : Operation 294 [1/1] (0.00ns)   --->   "%row_outbuf_5_addr_2_ret = extractvalue i128 %dct_1d_ret5" [../dct_ref/dct.cpp:38]   --->   Operation 294 'extractvalue' 'row_outbuf_5_addr_2_ret' <Predicate = true> <Delay = 0.00>
ST_9 : Operation 295 [1/1] (0.00ns)   --->   "%row_outbuf_6_addr_2_ret = extractvalue i128 %dct_1d_ret5" [../dct_ref/dct.cpp:38]   --->   Operation 295 'extractvalue' 'row_outbuf_6_addr_2_ret' <Predicate = true> <Delay = 0.00>
ST_9 : Operation 296 [1/1] (0.00ns)   --->   "%row_outbuf_7_addr_2_ret = extractvalue i128 %dct_1d_ret5" [../dct_ref/dct.cpp:38]   --->   Operation 296 'extractvalue' 'row_outbuf_7_addr_2_ret' <Predicate = true> <Delay = 0.00>
ST_9 : Operation 297 [1/6] (1.36ns)   --->   "%dct_1d_ret6 = call i128 @dct_1d, i16 %in_block_0_load_5, i16 %in_block_1_load_5, i16 %in_block_2_load_5, i16 %in_block_3_load_5, i16 %in_block_4_load_5, i16 %in_block_5_load_5, i16 %in_block_6_load_5, i16 %in_block_7_load_5" [../dct_ref/dct.cpp:38]   --->   Operation 297 'call' 'dct_1d_ret6' <Predicate = true> <Delay = 1.36> <CoreType = "Generic">   --->   Core 0 '' <Latency = 0> <II = 1> <Delay = 1.00> <Generic> <Opcode : >
ST_9 : Operation 298 [1/1] (0.00ns)   --->   "%row_outbuf_8_addr_2_ret = extractvalue i128 %dct_1d_ret6" [../dct_ref/dct.cpp:38]   --->   Operation 298 'extractvalue' 'row_outbuf_8_addr_2_ret' <Predicate = true> <Delay = 0.00>
ST_9 : Operation 299 [1/1] (0.00ns)   --->   "%row_outbuf_9_addr_2_ret = extractvalue i128 %dct_1d_ret6" [../dct_ref/dct.cpp:38]   --->   Operation 299 'extractvalue' 'row_outbuf_9_addr_2_ret' <Predicate = true> <Delay = 0.00>
ST_9 : Operation 300 [1/1] (0.00ns)   --->   "%row_outbuf_10_addr_2_ret = extractvalue i128 %dct_1d_ret6" [../dct_ref/dct.cpp:38]   --->   Operation 300 'extractvalue' 'row_outbuf_10_addr_2_ret' <Predicate = true> <Delay = 0.00>
ST_9 : Operation 301 [1/1] (0.00ns)   --->   "%row_outbuf_11_addr_2_ret = extractvalue i128 %dct_1d_ret6" [../dct_ref/dct.cpp:38]   --->   Operation 301 'extractvalue' 'row_outbuf_11_addr_2_ret' <Predicate = true> <Delay = 0.00>
ST_9 : Operation 302 [1/1] (0.00ns)   --->   "%row_outbuf_12_addr_2_ret = extractvalue i128 %dct_1d_ret6" [../dct_ref/dct.cpp:38]   --->   Operation 302 'extractvalue' 'row_outbuf_12_addr_2_ret' <Predicate = true> <Delay = 0.00>
ST_9 : Operation 303 [1/1] (0.00ns)   --->   "%row_outbuf_13_addr_2_ret = extractvalue i128 %dct_1d_ret6" [../dct_ref/dct.cpp:38]   --->   Operation 303 'extractvalue' 'row_outbuf_13_addr_2_ret' <Predicate = true> <Delay = 0.00>
ST_9 : Operation 304 [1/1] (0.00ns)   --->   "%row_outbuf_14_addr_2_ret = extractvalue i128 %dct_1d_ret6" [../dct_ref/dct.cpp:38]   --->   Operation 304 'extractvalue' 'row_outbuf_14_addr_2_ret' <Predicate = true> <Delay = 0.00>
ST_9 : Operation 305 [1/1] (0.00ns)   --->   "%row_outbuf_15_addr_2_ret = extractvalue i128 %dct_1d_ret6" [../dct_ref/dct.cpp:38]   --->   Operation 305 'extractvalue' 'row_outbuf_15_addr_2_ret' <Predicate = true> <Delay = 0.00>
ST_9 : Operation 306 [2/6] (4.40ns)   --->   "%dct_1d_ret7 = call i128 @dct_1d, i16 %in_block_0_load_6, i16 %in_block_1_load_6, i16 %in_block_2_load_6, i16 %in_block_3_load_6, i16 %in_block_4_load_6, i16 %in_block_5_load_6, i16 %in_block_6_load_6, i16 %in_block_7_load_6" [../dct_ref/dct.cpp:38]   --->   Operation 306 'call' 'dct_1d_ret7' <Predicate = true> <Delay = 4.40> <CoreType = "Generic">   --->   Core 0 '' <Latency = 0> <II = 1> <Delay = 1.00> <Generic> <Opcode : >
ST_9 : Operation 307 [2/6] (4.40ns)   --->   "%dct_1d_ret8 = call i128 @dct_1d, i16 %in_block_0_load_7, i16 %in_block_1_load_7, i16 %in_block_2_load_7, i16 %in_block_3_load_7, i16 %in_block_4_load_7, i16 %in_block_5_load_7, i16 %in_block_6_load_7, i16 %in_block_7_load_7" [../dct_ref/dct.cpp:38]   --->   Operation 307 'call' 'dct_1d_ret8' <Predicate = true> <Delay = 4.40> <CoreType = "Generic">   --->   Core 0 '' <Latency = 0> <II = 1> <Delay = 1.00> <Generic> <Opcode : >

State 10 <SV = 9> <Delay = 4.05>
ST_10 : Operation 308 [1/6] (1.36ns)   --->   "%dct_1d_ret7 = call i128 @dct_1d, i16 %in_block_0_load_6, i16 %in_block_1_load_6, i16 %in_block_2_load_6, i16 %in_block_3_load_6, i16 %in_block_4_load_6, i16 %in_block_5_load_6, i16 %in_block_6_load_6, i16 %in_block_7_load_6" [../dct_ref/dct.cpp:38]   --->   Operation 308 'call' 'dct_1d_ret7' <Predicate = true> <Delay = 1.36> <CoreType = "Generic">   --->   Core 0 '' <Latency = 0> <II = 1> <Delay = 1.00> <Generic> <Opcode : >
ST_10 : Operation 309 [1/1] (0.00ns)   --->   "%row_outbuf_addr_3_ret = extractvalue i128 %dct_1d_ret7" [../dct_ref/dct.cpp:38]   --->   Operation 309 'extractvalue' 'row_outbuf_addr_3_ret' <Predicate = true> <Delay = 0.00>
ST_10 : Operation 310 [1/1] (0.00ns)   --->   "%row_outbuf_1_addr_3_ret = extractvalue i128 %dct_1d_ret7" [../dct_ref/dct.cpp:38]   --->   Operation 310 'extractvalue' 'row_outbuf_1_addr_3_ret' <Predicate = true> <Delay = 0.00>
ST_10 : Operation 311 [1/1] (0.00ns)   --->   "%row_outbuf_2_addr_3_ret = extractvalue i128 %dct_1d_ret7" [../dct_ref/dct.cpp:38]   --->   Operation 311 'extractvalue' 'row_outbuf_2_addr_3_ret' <Predicate = true> <Delay = 0.00>
ST_10 : Operation 312 [1/1] (0.00ns)   --->   "%row_outbuf_3_addr_3_ret = extractvalue i128 %dct_1d_ret7" [../dct_ref/dct.cpp:38]   --->   Operation 312 'extractvalue' 'row_outbuf_3_addr_3_ret' <Predicate = true> <Delay = 0.00>
ST_10 : Operation 313 [1/1] (0.00ns)   --->   "%row_outbuf_4_addr_3_ret = extractvalue i128 %dct_1d_ret7" [../dct_ref/dct.cpp:38]   --->   Operation 313 'extractvalue' 'row_outbuf_4_addr_3_ret' <Predicate = true> <Delay = 0.00>
ST_10 : Operation 314 [1/1] (0.00ns)   --->   "%row_outbuf_5_addr_3_ret = extractvalue i128 %dct_1d_ret7" [../dct_ref/dct.cpp:38]   --->   Operation 314 'extractvalue' 'row_outbuf_5_addr_3_ret' <Predicate = true> <Delay = 0.00>
ST_10 : Operation 315 [1/1] (0.00ns)   --->   "%row_outbuf_6_addr_3_ret = extractvalue i128 %dct_1d_ret7" [../dct_ref/dct.cpp:38]   --->   Operation 315 'extractvalue' 'row_outbuf_6_addr_3_ret' <Predicate = true> <Delay = 0.00>
ST_10 : Operation 316 [1/1] (0.00ns)   --->   "%row_outbuf_7_addr_3_ret = extractvalue i128 %dct_1d_ret7" [../dct_ref/dct.cpp:38]   --->   Operation 316 'extractvalue' 'row_outbuf_7_addr_3_ret' <Predicate = true> <Delay = 0.00>
ST_10 : Operation 317 [1/6] (1.36ns)   --->   "%dct_1d_ret8 = call i128 @dct_1d, i16 %in_block_0_load_7, i16 %in_block_1_load_7, i16 %in_block_2_load_7, i16 %in_block_3_load_7, i16 %in_block_4_load_7, i16 %in_block_5_load_7, i16 %in_block_6_load_7, i16 %in_block_7_load_7" [../dct_ref/dct.cpp:38]   --->   Operation 317 'call' 'dct_1d_ret8' <Predicate = true> <Delay = 1.36> <CoreType = "Generic">   --->   Core 0 '' <Latency = 0> <II = 1> <Delay = 1.00> <Generic> <Opcode : >
ST_10 : Operation 318 [1/1] (0.00ns)   --->   "%row_outbuf_8_addr_3_ret = extractvalue i128 %dct_1d_ret8" [../dct_ref/dct.cpp:38]   --->   Operation 318 'extractvalue' 'row_outbuf_8_addr_3_ret' <Predicate = true> <Delay = 0.00>
ST_10 : Operation 319 [1/1] (0.00ns)   --->   "%row_outbuf_9_addr_3_ret = extractvalue i128 %dct_1d_ret8" [../dct_ref/dct.cpp:38]   --->   Operation 319 'extractvalue' 'row_outbuf_9_addr_3_ret' <Predicate = true> <Delay = 0.00>
ST_10 : Operation 320 [1/1] (0.00ns)   --->   "%row_outbuf_10_addr_3_ret = extractvalue i128 %dct_1d_ret8" [../dct_ref/dct.cpp:38]   --->   Operation 320 'extractvalue' 'row_outbuf_10_addr_3_ret' <Predicate = true> <Delay = 0.00>
ST_10 : Operation 321 [1/1] (0.00ns)   --->   "%row_outbuf_11_addr_3_ret = extractvalue i128 %dct_1d_ret8" [../dct_ref/dct.cpp:38]   --->   Operation 321 'extractvalue' 'row_outbuf_11_addr_3_ret' <Predicate = true> <Delay = 0.00>
ST_10 : Operation 322 [1/1] (0.00ns)   --->   "%row_outbuf_12_addr_3_ret = extractvalue i128 %dct_1d_ret8" [../dct_ref/dct.cpp:38]   --->   Operation 322 'extractvalue' 'row_outbuf_12_addr_3_ret' <Predicate = true> <Delay = 0.00>
ST_10 : Operation 323 [1/1] (0.00ns)   --->   "%row_outbuf_13_addr_3_ret = extractvalue i128 %dct_1d_ret8" [../dct_ref/dct.cpp:38]   --->   Operation 323 'extractvalue' 'row_outbuf_13_addr_3_ret' <Predicate = true> <Delay = 0.00>
ST_10 : Operation 324 [1/1] (0.00ns)   --->   "%row_outbuf_14_addr_3_ret = extractvalue i128 %dct_1d_ret8" [../dct_ref/dct.cpp:38]   --->   Operation 324 'extractvalue' 'row_outbuf_14_addr_3_ret' <Predicate = true> <Delay = 0.00>
ST_10 : Operation 325 [1/1] (0.00ns)   --->   "%row_outbuf_15_addr_3_ret = extractvalue i128 %dct_1d_ret8" [../dct_ref/dct.cpp:38]   --->   Operation 325 'extractvalue' 'row_outbuf_15_addr_3_ret' <Predicate = true> <Delay = 0.00>
ST_10 : Operation 326 [6/6] (2.69ns)   --->   "%dct_1d_ret9 = call i128 @dct_1d, i16 %row_outbuf_addr_ret, i16 %row_outbuf_8_addr_ret, i16 %row_outbuf_addr_1_ret, i16 %row_outbuf_8_addr_1_ret, i16 %row_outbuf_addr_2_ret, i16 %row_outbuf_8_addr_2_ret, i16 %row_outbuf_addr_3_ret, i16 %row_outbuf_8_addr_3_ret" [../dct_ref/dct.cpp:49]   --->   Operation 326 'call' 'dct_1d_ret9' <Predicate = true> <Delay = 2.69> <CoreType = "Generic">   --->   Core 0 '' <Latency = 0> <II = 1> <Delay = 1.00> <Generic> <Opcode : >
ST_10 : Operation 327 [6/6] (2.69ns)   --->   "%dct_1d_ret10 = call i128 @dct_1d, i16 %row_outbuf_1_addr_ret, i16 %row_outbuf_9_addr_ret, i16 %row_outbuf_1_addr_1_ret, i16 %row_outbuf_9_addr_1_ret, i16 %row_outbuf_1_addr_2_ret, i16 %row_outbuf_9_addr_2_ret, i16 %row_outbuf_1_addr_3_ret, i16 %row_outbuf_9_addr_3_ret" [../dct_ref/dct.cpp:49]   --->   Operation 327 'call' 'dct_1d_ret10' <Predicate = true> <Delay = 2.69> <CoreType = "Generic">   --->   Core 0 '' <Latency = 0> <II = 1> <Delay = 1.00> <Generic> <Opcode : >

State 11 <SV = 10> <Delay = 4.40>
ST_11 : Operation 328 [5/6] (4.40ns)   --->   "%dct_1d_ret9 = call i128 @dct_1d, i16 %row_outbuf_addr_ret, i16 %row_outbuf_8_addr_ret, i16 %row_outbuf_addr_1_ret, i16 %row_outbuf_8_addr_1_ret, i16 %row_outbuf_addr_2_ret, i16 %row_outbuf_8_addr_2_ret, i16 %row_outbuf_addr_3_ret, i16 %row_outbuf_8_addr_3_ret" [../dct_ref/dct.cpp:49]   --->   Operation 328 'call' 'dct_1d_ret9' <Predicate = true> <Delay = 4.40> <CoreType = "Generic">   --->   Core 0 '' <Latency = 0> <II = 1> <Delay = 1.00> <Generic> <Opcode : >
ST_11 : Operation 329 [5/6] (4.40ns)   --->   "%dct_1d_ret10 = call i128 @dct_1d, i16 %row_outbuf_1_addr_ret, i16 %row_outbuf_9_addr_ret, i16 %row_outbuf_1_addr_1_ret, i16 %row_outbuf_9_addr_1_ret, i16 %row_outbuf_1_addr_2_ret, i16 %row_outbuf_9_addr_2_ret, i16 %row_outbuf_1_addr_3_ret, i16 %row_outbuf_9_addr_3_ret" [../dct_ref/dct.cpp:49]   --->   Operation 329 'call' 'dct_1d_ret10' <Predicate = true> <Delay = 4.40> <CoreType = "Generic">   --->   Core 0 '' <Latency = 0> <II = 1> <Delay = 1.00> <Generic> <Opcode : >
ST_11 : Operation 330 [6/6] (2.69ns)   --->   "%dct_1d_ret11 = call i128 @dct_1d, i16 %row_outbuf_2_addr_ret, i16 %row_outbuf_10_addr_ret, i16 %row_outbuf_2_addr_1_ret, i16 %row_outbuf_10_addr_1_ret, i16 %row_outbuf_2_addr_2_ret, i16 %row_outbuf_10_addr_2_ret, i16 %row_outbuf_2_addr_3_ret, i16 %row_outbuf_10_addr_3_ret" [../dct_ref/dct.cpp:49]   --->   Operation 330 'call' 'dct_1d_ret11' <Predicate = true> <Delay = 2.69> <CoreType = "Generic">   --->   Core 0 '' <Latency = 0> <II = 1> <Delay = 1.00> <Generic> <Opcode : >
ST_11 : Operation 331 [6/6] (2.69ns)   --->   "%dct_1d_ret12 = call i128 @dct_1d, i16 %row_outbuf_3_addr_ret, i16 %row_outbuf_11_addr_ret, i16 %row_outbuf_3_addr_1_ret, i16 %row_outbuf_11_addr_1_ret, i16 %row_outbuf_3_addr_2_ret, i16 %row_outbuf_11_addr_2_ret, i16 %row_outbuf_3_addr_3_ret, i16 %row_outbuf_11_addr_3_ret" [../dct_ref/dct.cpp:49]   --->   Operation 331 'call' 'dct_1d_ret12' <Predicate = true> <Delay = 2.69> <CoreType = "Generic">   --->   Core 0 '' <Latency = 0> <II = 1> <Delay = 1.00> <Generic> <Opcode : >

State 12 <SV = 11> <Delay = 4.40>
ST_12 : Operation 332 [4/6] (4.40ns)   --->   "%dct_1d_ret9 = call i128 @dct_1d, i16 %row_outbuf_addr_ret, i16 %row_outbuf_8_addr_ret, i16 %row_outbuf_addr_1_ret, i16 %row_outbuf_8_addr_1_ret, i16 %row_outbuf_addr_2_ret, i16 %row_outbuf_8_addr_2_ret, i16 %row_outbuf_addr_3_ret, i16 %row_outbuf_8_addr_3_ret" [../dct_ref/dct.cpp:49]   --->   Operation 332 'call' 'dct_1d_ret9' <Predicate = true> <Delay = 4.40> <CoreType = "Generic">   --->   Core 0 '' <Latency = 0> <II = 1> <Delay = 1.00> <Generic> <Opcode : >
ST_12 : Operation 333 [4/6] (4.40ns)   --->   "%dct_1d_ret10 = call i128 @dct_1d, i16 %row_outbuf_1_addr_ret, i16 %row_outbuf_9_addr_ret, i16 %row_outbuf_1_addr_1_ret, i16 %row_outbuf_9_addr_1_ret, i16 %row_outbuf_1_addr_2_ret, i16 %row_outbuf_9_addr_2_ret, i16 %row_outbuf_1_addr_3_ret, i16 %row_outbuf_9_addr_3_ret" [../dct_ref/dct.cpp:49]   --->   Operation 333 'call' 'dct_1d_ret10' <Predicate = true> <Delay = 4.40> <CoreType = "Generic">   --->   Core 0 '' <Latency = 0> <II = 1> <Delay = 1.00> <Generic> <Opcode : >
ST_12 : Operation 334 [5/6] (4.40ns)   --->   "%dct_1d_ret11 = call i128 @dct_1d, i16 %row_outbuf_2_addr_ret, i16 %row_outbuf_10_addr_ret, i16 %row_outbuf_2_addr_1_ret, i16 %row_outbuf_10_addr_1_ret, i16 %row_outbuf_2_addr_2_ret, i16 %row_outbuf_10_addr_2_ret, i16 %row_outbuf_2_addr_3_ret, i16 %row_outbuf_10_addr_3_ret" [../dct_ref/dct.cpp:49]   --->   Operation 334 'call' 'dct_1d_ret11' <Predicate = true> <Delay = 4.40> <CoreType = "Generic">   --->   Core 0 '' <Latency = 0> <II = 1> <Delay = 1.00> <Generic> <Opcode : >
ST_12 : Operation 335 [5/6] (4.40ns)   --->   "%dct_1d_ret12 = call i128 @dct_1d, i16 %row_outbuf_3_addr_ret, i16 %row_outbuf_11_addr_ret, i16 %row_outbuf_3_addr_1_ret, i16 %row_outbuf_11_addr_1_ret, i16 %row_outbuf_3_addr_2_ret, i16 %row_outbuf_11_addr_2_ret, i16 %row_outbuf_3_addr_3_ret, i16 %row_outbuf_11_addr_3_ret" [../dct_ref/dct.cpp:49]   --->   Operation 335 'call' 'dct_1d_ret12' <Predicate = true> <Delay = 4.40> <CoreType = "Generic">   --->   Core 0 '' <Latency = 0> <II = 1> <Delay = 1.00> <Generic> <Opcode : >
ST_12 : Operation 336 [6/6] (2.69ns)   --->   "%dct_1d_ret13 = call i128 @dct_1d, i16 %row_outbuf_4_addr_ret, i16 %row_outbuf_12_addr_ret, i16 %row_outbuf_4_addr_1_ret, i16 %row_outbuf_12_addr_1_ret, i16 %row_outbuf_4_addr_2_ret, i16 %row_outbuf_12_addr_2_ret, i16 %row_outbuf_4_addr_3_ret, i16 %row_outbuf_12_addr_3_ret" [../dct_ref/dct.cpp:49]   --->   Operation 336 'call' 'dct_1d_ret13' <Predicate = true> <Delay = 2.69> <CoreType = "Generic">   --->   Core 0 '' <Latency = 0> <II = 1> <Delay = 1.00> <Generic> <Opcode : >
ST_12 : Operation 337 [6/6] (2.69ns)   --->   "%dct_1d_ret14 = call i128 @dct_1d, i16 %row_outbuf_5_addr_ret, i16 %row_outbuf_13_addr_ret, i16 %row_outbuf_5_addr_1_ret, i16 %row_outbuf_13_addr_1_ret, i16 %row_outbuf_5_addr_2_ret, i16 %row_outbuf_13_addr_2_ret, i16 %row_outbuf_5_addr_3_ret, i16 %row_outbuf_13_addr_3_ret" [../dct_ref/dct.cpp:49]   --->   Operation 337 'call' 'dct_1d_ret14' <Predicate = true> <Delay = 2.69> <CoreType = "Generic">   --->   Core 0 '' <Latency = 0> <II = 1> <Delay = 1.00> <Generic> <Opcode : >

State 13 <SV = 12> <Delay = 4.40>
ST_13 : Operation 338 [3/6] (4.40ns)   --->   "%dct_1d_ret9 = call i128 @dct_1d, i16 %row_outbuf_addr_ret, i16 %row_outbuf_8_addr_ret, i16 %row_outbuf_addr_1_ret, i16 %row_outbuf_8_addr_1_ret, i16 %row_outbuf_addr_2_ret, i16 %row_outbuf_8_addr_2_ret, i16 %row_outbuf_addr_3_ret, i16 %row_outbuf_8_addr_3_ret" [../dct_ref/dct.cpp:49]   --->   Operation 338 'call' 'dct_1d_ret9' <Predicate = true> <Delay = 4.40> <CoreType = "Generic">   --->   Core 0 '' <Latency = 0> <II = 1> <Delay = 1.00> <Generic> <Opcode : >
ST_13 : Operation 339 [3/6] (4.40ns)   --->   "%dct_1d_ret10 = call i128 @dct_1d, i16 %row_outbuf_1_addr_ret, i16 %row_outbuf_9_addr_ret, i16 %row_outbuf_1_addr_1_ret, i16 %row_outbuf_9_addr_1_ret, i16 %row_outbuf_1_addr_2_ret, i16 %row_outbuf_9_addr_2_ret, i16 %row_outbuf_1_addr_3_ret, i16 %row_outbuf_9_addr_3_ret" [../dct_ref/dct.cpp:49]   --->   Operation 339 'call' 'dct_1d_ret10' <Predicate = true> <Delay = 4.40> <CoreType = "Generic">   --->   Core 0 '' <Latency = 0> <II = 1> <Delay = 1.00> <Generic> <Opcode : >
ST_13 : Operation 340 [4/6] (4.40ns)   --->   "%dct_1d_ret11 = call i128 @dct_1d, i16 %row_outbuf_2_addr_ret, i16 %row_outbuf_10_addr_ret, i16 %row_outbuf_2_addr_1_ret, i16 %row_outbuf_10_addr_1_ret, i16 %row_outbuf_2_addr_2_ret, i16 %row_outbuf_10_addr_2_ret, i16 %row_outbuf_2_addr_3_ret, i16 %row_outbuf_10_addr_3_ret" [../dct_ref/dct.cpp:49]   --->   Operation 340 'call' 'dct_1d_ret11' <Predicate = true> <Delay = 4.40> <CoreType = "Generic">   --->   Core 0 '' <Latency = 0> <II = 1> <Delay = 1.00> <Generic> <Opcode : >
ST_13 : Operation 341 [4/6] (4.40ns)   --->   "%dct_1d_ret12 = call i128 @dct_1d, i16 %row_outbuf_3_addr_ret, i16 %row_outbuf_11_addr_ret, i16 %row_outbuf_3_addr_1_ret, i16 %row_outbuf_11_addr_1_ret, i16 %row_outbuf_3_addr_2_ret, i16 %row_outbuf_11_addr_2_ret, i16 %row_outbuf_3_addr_3_ret, i16 %row_outbuf_11_addr_3_ret" [../dct_ref/dct.cpp:49]   --->   Operation 341 'call' 'dct_1d_ret12' <Predicate = true> <Delay = 4.40> <CoreType = "Generic">   --->   Core 0 '' <Latency = 0> <II = 1> <Delay = 1.00> <Generic> <Opcode : >
ST_13 : Operation 342 [5/6] (4.40ns)   --->   "%dct_1d_ret13 = call i128 @dct_1d, i16 %row_outbuf_4_addr_ret, i16 %row_outbuf_12_addr_ret, i16 %row_outbuf_4_addr_1_ret, i16 %row_outbuf_12_addr_1_ret, i16 %row_outbuf_4_addr_2_ret, i16 %row_outbuf_12_addr_2_ret, i16 %row_outbuf_4_addr_3_ret, i16 %row_outbuf_12_addr_3_ret" [../dct_ref/dct.cpp:49]   --->   Operation 342 'call' 'dct_1d_ret13' <Predicate = true> <Delay = 4.40> <CoreType = "Generic">   --->   Core 0 '' <Latency = 0> <II = 1> <Delay = 1.00> <Generic> <Opcode : >
ST_13 : Operation 343 [5/6] (4.40ns)   --->   "%dct_1d_ret14 = call i128 @dct_1d, i16 %row_outbuf_5_addr_ret, i16 %row_outbuf_13_addr_ret, i16 %row_outbuf_5_addr_1_ret, i16 %row_outbuf_13_addr_1_ret, i16 %row_outbuf_5_addr_2_ret, i16 %row_outbuf_13_addr_2_ret, i16 %row_outbuf_5_addr_3_ret, i16 %row_outbuf_13_addr_3_ret" [../dct_ref/dct.cpp:49]   --->   Operation 343 'call' 'dct_1d_ret14' <Predicate = true> <Delay = 4.40> <CoreType = "Generic">   --->   Core 0 '' <Latency = 0> <II = 1> <Delay = 1.00> <Generic> <Opcode : >
ST_13 : Operation 344 [6/6] (2.69ns)   --->   "%dct_1d_ret15 = call i128 @dct_1d, i16 %row_outbuf_6_addr_ret, i16 %row_outbuf_14_addr_ret, i16 %row_outbuf_6_addr_1_ret, i16 %row_outbuf_14_addr_1_ret, i16 %row_outbuf_6_addr_2_ret, i16 %row_outbuf_14_addr_2_ret, i16 %row_outbuf_6_addr_3_ret, i16 %row_outbuf_14_addr_3_ret" [../dct_ref/dct.cpp:49]   --->   Operation 344 'call' 'dct_1d_ret15' <Predicate = true> <Delay = 2.69> <CoreType = "Generic">   --->   Core 0 '' <Latency = 0> <II = 1> <Delay = 1.00> <Generic> <Opcode : >
ST_13 : Operation 345 [6/6] (2.69ns)   --->   "%dct_1d_ret = call i128 @dct_1d, i16 %row_outbuf_7_addr_ret, i16 %row_outbuf_15_addr_ret, i16 %row_outbuf_7_addr_1_ret, i16 %row_outbuf_15_addr_1_ret, i16 %row_outbuf_7_addr_2_ret, i16 %row_outbuf_15_addr_2_ret, i16 %row_outbuf_7_addr_3_ret, i16 %row_outbuf_15_addr_3_ret" [../dct_ref/dct.cpp:49]   --->   Operation 345 'call' 'dct_1d_ret' <Predicate = true> <Delay = 2.69> <CoreType = "Generic">   --->   Core 0 '' <Latency = 0> <II = 1> <Delay = 1.00> <Generic> <Opcode : >

State 14 <SV = 13> <Delay = 4.40>
ST_14 : Operation 346 [2/6] (4.40ns)   --->   "%dct_1d_ret9 = call i128 @dct_1d, i16 %row_outbuf_addr_ret, i16 %row_outbuf_8_addr_ret, i16 %row_outbuf_addr_1_ret, i16 %row_outbuf_8_addr_1_ret, i16 %row_outbuf_addr_2_ret, i16 %row_outbuf_8_addr_2_ret, i16 %row_outbuf_addr_3_ret, i16 %row_outbuf_8_addr_3_ret" [../dct_ref/dct.cpp:49]   --->   Operation 346 'call' 'dct_1d_ret9' <Predicate = true> <Delay = 4.40> <CoreType = "Generic">   --->   Core 0 '' <Latency = 0> <II = 1> <Delay = 1.00> <Generic> <Opcode : >
ST_14 : Operation 347 [2/6] (4.40ns)   --->   "%dct_1d_ret10 = call i128 @dct_1d, i16 %row_outbuf_1_addr_ret, i16 %row_outbuf_9_addr_ret, i16 %row_outbuf_1_addr_1_ret, i16 %row_outbuf_9_addr_1_ret, i16 %row_outbuf_1_addr_2_ret, i16 %row_outbuf_9_addr_2_ret, i16 %row_outbuf_1_addr_3_ret, i16 %row_outbuf_9_addr_3_ret" [../dct_ref/dct.cpp:49]   --->   Operation 347 'call' 'dct_1d_ret10' <Predicate = true> <Delay = 4.40> <CoreType = "Generic">   --->   Core 0 '' <Latency = 0> <II = 1> <Delay = 1.00> <Generic> <Opcode : >
ST_14 : Operation 348 [3/6] (4.40ns)   --->   "%dct_1d_ret11 = call i128 @dct_1d, i16 %row_outbuf_2_addr_ret, i16 %row_outbuf_10_addr_ret, i16 %row_outbuf_2_addr_1_ret, i16 %row_outbuf_10_addr_1_ret, i16 %row_outbuf_2_addr_2_ret, i16 %row_outbuf_10_addr_2_ret, i16 %row_outbuf_2_addr_3_ret, i16 %row_outbuf_10_addr_3_ret" [../dct_ref/dct.cpp:49]   --->   Operation 348 'call' 'dct_1d_ret11' <Predicate = true> <Delay = 4.40> <CoreType = "Generic">   --->   Core 0 '' <Latency = 0> <II = 1> <Delay = 1.00> <Generic> <Opcode : >
ST_14 : Operation 349 [3/6] (4.40ns)   --->   "%dct_1d_ret12 = call i128 @dct_1d, i16 %row_outbuf_3_addr_ret, i16 %row_outbuf_11_addr_ret, i16 %row_outbuf_3_addr_1_ret, i16 %row_outbuf_11_addr_1_ret, i16 %row_outbuf_3_addr_2_ret, i16 %row_outbuf_11_addr_2_ret, i16 %row_outbuf_3_addr_3_ret, i16 %row_outbuf_11_addr_3_ret" [../dct_ref/dct.cpp:49]   --->   Operation 349 'call' 'dct_1d_ret12' <Predicate = true> <Delay = 4.40> <CoreType = "Generic">   --->   Core 0 '' <Latency = 0> <II = 1> <Delay = 1.00> <Generic> <Opcode : >
ST_14 : Operation 350 [4/6] (4.40ns)   --->   "%dct_1d_ret13 = call i128 @dct_1d, i16 %row_outbuf_4_addr_ret, i16 %row_outbuf_12_addr_ret, i16 %row_outbuf_4_addr_1_ret, i16 %row_outbuf_12_addr_1_ret, i16 %row_outbuf_4_addr_2_ret, i16 %row_outbuf_12_addr_2_ret, i16 %row_outbuf_4_addr_3_ret, i16 %row_outbuf_12_addr_3_ret" [../dct_ref/dct.cpp:49]   --->   Operation 350 'call' 'dct_1d_ret13' <Predicate = true> <Delay = 4.40> <CoreType = "Generic">   --->   Core 0 '' <Latency = 0> <II = 1> <Delay = 1.00> <Generic> <Opcode : >
ST_14 : Operation 351 [4/6] (4.40ns)   --->   "%dct_1d_ret14 = call i128 @dct_1d, i16 %row_outbuf_5_addr_ret, i16 %row_outbuf_13_addr_ret, i16 %row_outbuf_5_addr_1_ret, i16 %row_outbuf_13_addr_1_ret, i16 %row_outbuf_5_addr_2_ret, i16 %row_outbuf_13_addr_2_ret, i16 %row_outbuf_5_addr_3_ret, i16 %row_outbuf_13_addr_3_ret" [../dct_ref/dct.cpp:49]   --->   Operation 351 'call' 'dct_1d_ret14' <Predicate = true> <Delay = 4.40> <CoreType = "Generic">   --->   Core 0 '' <Latency = 0> <II = 1> <Delay = 1.00> <Generic> <Opcode : >
ST_14 : Operation 352 [5/6] (4.40ns)   --->   "%dct_1d_ret15 = call i128 @dct_1d, i16 %row_outbuf_6_addr_ret, i16 %row_outbuf_14_addr_ret, i16 %row_outbuf_6_addr_1_ret, i16 %row_outbuf_14_addr_1_ret, i16 %row_outbuf_6_addr_2_ret, i16 %row_outbuf_14_addr_2_ret, i16 %row_outbuf_6_addr_3_ret, i16 %row_outbuf_14_addr_3_ret" [../dct_ref/dct.cpp:49]   --->   Operation 352 'call' 'dct_1d_ret15' <Predicate = true> <Delay = 4.40> <CoreType = "Generic">   --->   Core 0 '' <Latency = 0> <II = 1> <Delay = 1.00> <Generic> <Opcode : >
ST_14 : Operation 353 [5/6] (4.40ns)   --->   "%dct_1d_ret = call i128 @dct_1d, i16 %row_outbuf_7_addr_ret, i16 %row_outbuf_15_addr_ret, i16 %row_outbuf_7_addr_1_ret, i16 %row_outbuf_15_addr_1_ret, i16 %row_outbuf_7_addr_2_ret, i16 %row_outbuf_15_addr_2_ret, i16 %row_outbuf_7_addr_3_ret, i16 %row_outbuf_15_addr_3_ret" [../dct_ref/dct.cpp:49]   --->   Operation 353 'call' 'dct_1d_ret' <Predicate = true> <Delay = 4.40> <CoreType = "Generic">   --->   Core 0 '' <Latency = 0> <II = 1> <Delay = 1.00> <Generic> <Opcode : >

State 15 <SV = 14> <Delay = 4.40>
ST_15 : Operation 354 [1/6] (1.36ns)   --->   "%dct_1d_ret9 = call i128 @dct_1d, i16 %row_outbuf_addr_ret, i16 %row_outbuf_8_addr_ret, i16 %row_outbuf_addr_1_ret, i16 %row_outbuf_8_addr_1_ret, i16 %row_outbuf_addr_2_ret, i16 %row_outbuf_8_addr_2_ret, i16 %row_outbuf_addr_3_ret, i16 %row_outbuf_8_addr_3_ret" [../dct_ref/dct.cpp:49]   --->   Operation 354 'call' 'dct_1d_ret9' <Predicate = true> <Delay = 1.36> <CoreType = "Generic">   --->   Core 0 '' <Latency = 0> <II = 1> <Delay = 1.00> <Generic> <Opcode : >
ST_15 : Operation 355 [1/1] (0.00ns)   --->   "%col_outbuf_addr_ret = extractvalue i128 %dct_1d_ret9" [../dct_ref/dct.cpp:49]   --->   Operation 355 'extractvalue' 'col_outbuf_addr_ret' <Predicate = true> <Delay = 0.00>
ST_15 : Operation 356 [1/1] (0.00ns)   --->   "%col_outbuf_1_addr_ret = extractvalue i128 %dct_1d_ret9" [../dct_ref/dct.cpp:49]   --->   Operation 356 'extractvalue' 'col_outbuf_1_addr_ret' <Predicate = true> <Delay = 0.00>
ST_15 : Operation 357 [1/1] (0.00ns)   --->   "%col_outbuf_2_addr_ret = extractvalue i128 %dct_1d_ret9" [../dct_ref/dct.cpp:49]   --->   Operation 357 'extractvalue' 'col_outbuf_2_addr_ret' <Predicate = true> <Delay = 0.00>
ST_15 : Operation 358 [1/1] (0.00ns)   --->   "%col_outbuf_3_addr_ret = extractvalue i128 %dct_1d_ret9" [../dct_ref/dct.cpp:49]   --->   Operation 358 'extractvalue' 'col_outbuf_3_addr_ret' <Predicate = true> <Delay = 0.00>
ST_15 : Operation 359 [1/1] (0.00ns)   --->   "%col_outbuf_4_addr_ret = extractvalue i128 %dct_1d_ret9" [../dct_ref/dct.cpp:49]   --->   Operation 359 'extractvalue' 'col_outbuf_4_addr_ret' <Predicate = true> <Delay = 0.00>
ST_15 : Operation 360 [1/1] (0.00ns)   --->   "%col_outbuf_5_addr_ret = extractvalue i128 %dct_1d_ret9" [../dct_ref/dct.cpp:49]   --->   Operation 360 'extractvalue' 'col_outbuf_5_addr_ret' <Predicate = true> <Delay = 0.00>
ST_15 : Operation 361 [1/1] (0.00ns)   --->   "%col_outbuf_6_addr_ret = extractvalue i128 %dct_1d_ret9" [../dct_ref/dct.cpp:49]   --->   Operation 361 'extractvalue' 'col_outbuf_6_addr_ret' <Predicate = true> <Delay = 0.00>
ST_15 : Operation 362 [1/1] (0.00ns)   --->   "%col_outbuf_7_addr_ret = extractvalue i128 %dct_1d_ret9" [../dct_ref/dct.cpp:49]   --->   Operation 362 'extractvalue' 'col_outbuf_7_addr_ret' <Predicate = true> <Delay = 0.00>
ST_15 : Operation 363 [1/6] (1.36ns)   --->   "%dct_1d_ret10 = call i128 @dct_1d, i16 %row_outbuf_1_addr_ret, i16 %row_outbuf_9_addr_ret, i16 %row_outbuf_1_addr_1_ret, i16 %row_outbuf_9_addr_1_ret, i16 %row_outbuf_1_addr_2_ret, i16 %row_outbuf_9_addr_2_ret, i16 %row_outbuf_1_addr_3_ret, i16 %row_outbuf_9_addr_3_ret" [../dct_ref/dct.cpp:49]   --->   Operation 363 'call' 'dct_1d_ret10' <Predicate = true> <Delay = 1.36> <CoreType = "Generic">   --->   Core 0 '' <Latency = 0> <II = 1> <Delay = 1.00> <Generic> <Opcode : >
ST_15 : Operation 364 [1/1] (0.00ns)   --->   "%col_outbuf_8_addr_ret = extractvalue i128 %dct_1d_ret10" [../dct_ref/dct.cpp:49]   --->   Operation 364 'extractvalue' 'col_outbuf_8_addr_ret' <Predicate = true> <Delay = 0.00>
ST_15 : Operation 365 [1/1] (0.00ns)   --->   "%col_outbuf_9_addr_ret = extractvalue i128 %dct_1d_ret10" [../dct_ref/dct.cpp:49]   --->   Operation 365 'extractvalue' 'col_outbuf_9_addr_ret' <Predicate = true> <Delay = 0.00>
ST_15 : Operation 366 [1/1] (0.00ns)   --->   "%col_outbuf_10_addr_ret = extractvalue i128 %dct_1d_ret10" [../dct_ref/dct.cpp:49]   --->   Operation 366 'extractvalue' 'col_outbuf_10_addr_ret' <Predicate = true> <Delay = 0.00>
ST_15 : Operation 367 [1/1] (0.00ns)   --->   "%col_outbuf_11_addr_ret = extractvalue i128 %dct_1d_ret10" [../dct_ref/dct.cpp:49]   --->   Operation 367 'extractvalue' 'col_outbuf_11_addr_ret' <Predicate = true> <Delay = 0.00>
ST_15 : Operation 368 [1/1] (0.00ns)   --->   "%col_outbuf_12_addr_ret = extractvalue i128 %dct_1d_ret10" [../dct_ref/dct.cpp:49]   --->   Operation 368 'extractvalue' 'col_outbuf_12_addr_ret' <Predicate = true> <Delay = 0.00>
ST_15 : Operation 369 [1/1] (0.00ns)   --->   "%col_outbuf_13_addr_ret = extractvalue i128 %dct_1d_ret10" [../dct_ref/dct.cpp:49]   --->   Operation 369 'extractvalue' 'col_outbuf_13_addr_ret' <Predicate = true> <Delay = 0.00>
ST_15 : Operation 370 [1/1] (0.00ns)   --->   "%col_outbuf_14_addr_ret = extractvalue i128 %dct_1d_ret10" [../dct_ref/dct.cpp:49]   --->   Operation 370 'extractvalue' 'col_outbuf_14_addr_ret' <Predicate = true> <Delay = 0.00>
ST_15 : Operation 371 [1/1] (0.00ns)   --->   "%col_outbuf_15_addr_ret = extractvalue i128 %dct_1d_ret10" [../dct_ref/dct.cpp:49]   --->   Operation 371 'extractvalue' 'col_outbuf_15_addr_ret' <Predicate = true> <Delay = 0.00>
ST_15 : Operation 372 [2/6] (4.40ns)   --->   "%dct_1d_ret11 = call i128 @dct_1d, i16 %row_outbuf_2_addr_ret, i16 %row_outbuf_10_addr_ret, i16 %row_outbuf_2_addr_1_ret, i16 %row_outbuf_10_addr_1_ret, i16 %row_outbuf_2_addr_2_ret, i16 %row_outbuf_10_addr_2_ret, i16 %row_outbuf_2_addr_3_ret, i16 %row_outbuf_10_addr_3_ret" [../dct_ref/dct.cpp:49]   --->   Operation 372 'call' 'dct_1d_ret11' <Predicate = true> <Delay = 4.40> <CoreType = "Generic">   --->   Core 0 '' <Latency = 0> <II = 1> <Delay = 1.00> <Generic> <Opcode : >
ST_15 : Operation 373 [2/6] (4.40ns)   --->   "%dct_1d_ret12 = call i128 @dct_1d, i16 %row_outbuf_3_addr_ret, i16 %row_outbuf_11_addr_ret, i16 %row_outbuf_3_addr_1_ret, i16 %row_outbuf_11_addr_1_ret, i16 %row_outbuf_3_addr_2_ret, i16 %row_outbuf_11_addr_2_ret, i16 %row_outbuf_3_addr_3_ret, i16 %row_outbuf_11_addr_3_ret" [../dct_ref/dct.cpp:49]   --->   Operation 373 'call' 'dct_1d_ret12' <Predicate = true> <Delay = 4.40> <CoreType = "Generic">   --->   Core 0 '' <Latency = 0> <II = 1> <Delay = 1.00> <Generic> <Opcode : >
ST_15 : Operation 374 [3/6] (4.40ns)   --->   "%dct_1d_ret13 = call i128 @dct_1d, i16 %row_outbuf_4_addr_ret, i16 %row_outbuf_12_addr_ret, i16 %row_outbuf_4_addr_1_ret, i16 %row_outbuf_12_addr_1_ret, i16 %row_outbuf_4_addr_2_ret, i16 %row_outbuf_12_addr_2_ret, i16 %row_outbuf_4_addr_3_ret, i16 %row_outbuf_12_addr_3_ret" [../dct_ref/dct.cpp:49]   --->   Operation 374 'call' 'dct_1d_ret13' <Predicate = true> <Delay = 4.40> <CoreType = "Generic">   --->   Core 0 '' <Latency = 0> <II = 1> <Delay = 1.00> <Generic> <Opcode : >
ST_15 : Operation 375 [3/6] (4.40ns)   --->   "%dct_1d_ret14 = call i128 @dct_1d, i16 %row_outbuf_5_addr_ret, i16 %row_outbuf_13_addr_ret, i16 %row_outbuf_5_addr_1_ret, i16 %row_outbuf_13_addr_1_ret, i16 %row_outbuf_5_addr_2_ret, i16 %row_outbuf_13_addr_2_ret, i16 %row_outbuf_5_addr_3_ret, i16 %row_outbuf_13_addr_3_ret" [../dct_ref/dct.cpp:49]   --->   Operation 375 'call' 'dct_1d_ret14' <Predicate = true> <Delay = 4.40> <CoreType = "Generic">   --->   Core 0 '' <Latency = 0> <II = 1> <Delay = 1.00> <Generic> <Opcode : >
ST_15 : Operation 376 [4/6] (4.40ns)   --->   "%dct_1d_ret15 = call i128 @dct_1d, i16 %row_outbuf_6_addr_ret, i16 %row_outbuf_14_addr_ret, i16 %row_outbuf_6_addr_1_ret, i16 %row_outbuf_14_addr_1_ret, i16 %row_outbuf_6_addr_2_ret, i16 %row_outbuf_14_addr_2_ret, i16 %row_outbuf_6_addr_3_ret, i16 %row_outbuf_14_addr_3_ret" [../dct_ref/dct.cpp:49]   --->   Operation 376 'call' 'dct_1d_ret15' <Predicate = true> <Delay = 4.40> <CoreType = "Generic">   --->   Core 0 '' <Latency = 0> <II = 1> <Delay = 1.00> <Generic> <Opcode : >
ST_15 : Operation 377 [4/6] (4.40ns)   --->   "%dct_1d_ret = call i128 @dct_1d, i16 %row_outbuf_7_addr_ret, i16 %row_outbuf_15_addr_ret, i16 %row_outbuf_7_addr_1_ret, i16 %row_outbuf_15_addr_1_ret, i16 %row_outbuf_7_addr_2_ret, i16 %row_outbuf_15_addr_2_ret, i16 %row_outbuf_7_addr_3_ret, i16 %row_outbuf_15_addr_3_ret" [../dct_ref/dct.cpp:49]   --->   Operation 377 'call' 'dct_1d_ret' <Predicate = true> <Delay = 4.40> <CoreType = "Generic">   --->   Core 0 '' <Latency = 0> <II = 1> <Delay = 1.00> <Generic> <Opcode : >
ST_15 : Operation 378 [1/1] (0.00ns)   --->   "%out_block_0_addr = getelementptr i16 %out_block_0, i64 0, i64 0" [../dct_ref/dct.cpp:56]   --->   Operation 378 'getelementptr' 'out_block_0_addr' <Predicate = true> <Delay = 0.00>
ST_15 : Operation 379 [1/1] (0.00ns)   --->   "%out_block_1_addr = getelementptr i16 %out_block_1, i64 0, i64 0" [../dct_ref/dct.cpp:56]   --->   Operation 379 'getelementptr' 'out_block_1_addr' <Predicate = true> <Delay = 0.00>
ST_15 : Operation 380 [1/1] (0.00ns)   --->   "%out_block_0_addr_1 = getelementptr i16 %out_block_0, i64 0, i64 1" [../dct_ref/dct.cpp:56]   --->   Operation 380 'getelementptr' 'out_block_0_addr_1' <Predicate = true> <Delay = 0.00>
ST_15 : Operation 381 [1/1] (0.00ns)   --->   "%out_block_1_addr_1 = getelementptr i16 %out_block_1, i64 0, i64 1" [../dct_ref/dct.cpp:56]   --->   Operation 381 'getelementptr' 'out_block_1_addr_1' <Predicate = true> <Delay = 0.00>
ST_15 : Operation 382 [1/1] (0.67ns)   --->   "%store_ln56 = store i16 %col_outbuf_addr_ret, i3 %out_block_0_addr" [../dct_ref/dct.cpp:56]   --->   Operation 382 'store' 'store_ln56' <Predicate = true> <Delay = 0.67> <CoreInst = "RAM">   --->   Core 82 'RAM' <Latency = 1> <II = 1> <Delay = 0.67> <Storage> <Opcode : 'load' 'store'> <Ports = 2> <Width = 16> <Depth = 8> <RAM>
ST_15 : Operation 383 [1/1] (0.67ns)   --->   "%store_ln56 = store i16 %col_outbuf_8_addr_ret, i3 %out_block_1_addr" [../dct_ref/dct.cpp:56]   --->   Operation 383 'store' 'store_ln56' <Predicate = true> <Delay = 0.67> <CoreInst = "RAM">   --->   Core 82 'RAM' <Latency = 1> <II = 1> <Delay = 0.67> <Storage> <Opcode : 'load' 'store'> <Ports = 2> <Width = 16> <Depth = 8> <RAM>
ST_15 : Operation 384 [1/1] (0.67ns)   --->   "%store_ln56 = store i16 %col_outbuf_1_addr_ret, i3 %out_block_0_addr_1" [../dct_ref/dct.cpp:56]   --->   Operation 384 'store' 'store_ln56' <Predicate = true> <Delay = 0.67> <CoreInst = "RAM">   --->   Core 82 'RAM' <Latency = 1> <II = 1> <Delay = 0.67> <Storage> <Opcode : 'load' 'store'> <Ports = 2> <Width = 16> <Depth = 8> <RAM>
ST_15 : Operation 385 [1/1] (0.67ns)   --->   "%store_ln56 = store i16 %col_outbuf_9_addr_ret, i3 %out_block_1_addr_1" [../dct_ref/dct.cpp:56]   --->   Operation 385 'store' 'store_ln56' <Predicate = true> <Delay = 0.67> <CoreInst = "RAM">   --->   Core 82 'RAM' <Latency = 1> <II = 1> <Delay = 0.67> <Storage> <Opcode : 'load' 'store'> <Ports = 2> <Width = 16> <Depth = 8> <RAM>

State 16 <SV = 15> <Delay = 4.40>
ST_16 : Operation 386 [1/6] (1.36ns)   --->   "%dct_1d_ret11 = call i128 @dct_1d, i16 %row_outbuf_2_addr_ret, i16 %row_outbuf_10_addr_ret, i16 %row_outbuf_2_addr_1_ret, i16 %row_outbuf_10_addr_1_ret, i16 %row_outbuf_2_addr_2_ret, i16 %row_outbuf_10_addr_2_ret, i16 %row_outbuf_2_addr_3_ret, i16 %row_outbuf_10_addr_3_ret" [../dct_ref/dct.cpp:49]   --->   Operation 386 'call' 'dct_1d_ret11' <Predicate = true> <Delay = 1.36> <CoreType = "Generic">   --->   Core 0 '' <Latency = 0> <II = 1> <Delay = 1.00> <Generic> <Opcode : >
ST_16 : Operation 387 [1/1] (0.00ns)   --->   "%col_outbuf_addr_1_ret = extractvalue i128 %dct_1d_ret11" [../dct_ref/dct.cpp:49]   --->   Operation 387 'extractvalue' 'col_outbuf_addr_1_ret' <Predicate = true> <Delay = 0.00>
ST_16 : Operation 388 [1/1] (0.00ns)   --->   "%col_outbuf_1_addr_1_ret = extractvalue i128 %dct_1d_ret11" [../dct_ref/dct.cpp:49]   --->   Operation 388 'extractvalue' 'col_outbuf_1_addr_1_ret' <Predicate = true> <Delay = 0.00>
ST_16 : Operation 389 [1/1] (0.00ns)   --->   "%col_outbuf_2_addr_1_ret = extractvalue i128 %dct_1d_ret11" [../dct_ref/dct.cpp:49]   --->   Operation 389 'extractvalue' 'col_outbuf_2_addr_1_ret' <Predicate = true> <Delay = 0.00>
ST_16 : Operation 390 [1/1] (0.00ns)   --->   "%col_outbuf_3_addr_1_ret = extractvalue i128 %dct_1d_ret11" [../dct_ref/dct.cpp:49]   --->   Operation 390 'extractvalue' 'col_outbuf_3_addr_1_ret' <Predicate = true> <Delay = 0.00>
ST_16 : Operation 391 [1/1] (0.00ns)   --->   "%col_outbuf_4_addr_1_ret = extractvalue i128 %dct_1d_ret11" [../dct_ref/dct.cpp:49]   --->   Operation 391 'extractvalue' 'col_outbuf_4_addr_1_ret' <Predicate = true> <Delay = 0.00>
ST_16 : Operation 392 [1/1] (0.00ns)   --->   "%col_outbuf_5_addr_1_ret = extractvalue i128 %dct_1d_ret11" [../dct_ref/dct.cpp:49]   --->   Operation 392 'extractvalue' 'col_outbuf_5_addr_1_ret' <Predicate = true> <Delay = 0.00>
ST_16 : Operation 393 [1/1] (0.00ns)   --->   "%col_outbuf_6_addr_1_ret = extractvalue i128 %dct_1d_ret11" [../dct_ref/dct.cpp:49]   --->   Operation 393 'extractvalue' 'col_outbuf_6_addr_1_ret' <Predicate = true> <Delay = 0.00>
ST_16 : Operation 394 [1/1] (0.00ns)   --->   "%col_outbuf_7_addr_1_ret = extractvalue i128 %dct_1d_ret11" [../dct_ref/dct.cpp:49]   --->   Operation 394 'extractvalue' 'col_outbuf_7_addr_1_ret' <Predicate = true> <Delay = 0.00>
ST_16 : Operation 395 [1/6] (1.36ns)   --->   "%dct_1d_ret12 = call i128 @dct_1d, i16 %row_outbuf_3_addr_ret, i16 %row_outbuf_11_addr_ret, i16 %row_outbuf_3_addr_1_ret, i16 %row_outbuf_11_addr_1_ret, i16 %row_outbuf_3_addr_2_ret, i16 %row_outbuf_11_addr_2_ret, i16 %row_outbuf_3_addr_3_ret, i16 %row_outbuf_11_addr_3_ret" [../dct_ref/dct.cpp:49]   --->   Operation 395 'call' 'dct_1d_ret12' <Predicate = true> <Delay = 1.36> <CoreType = "Generic">   --->   Core 0 '' <Latency = 0> <II = 1> <Delay = 1.00> <Generic> <Opcode : >
ST_16 : Operation 396 [1/1] (0.00ns)   --->   "%col_outbuf_8_addr_1_ret = extractvalue i128 %dct_1d_ret12" [../dct_ref/dct.cpp:49]   --->   Operation 396 'extractvalue' 'col_outbuf_8_addr_1_ret' <Predicate = true> <Delay = 0.00>
ST_16 : Operation 397 [1/1] (0.00ns)   --->   "%col_outbuf_9_addr_1_ret = extractvalue i128 %dct_1d_ret12" [../dct_ref/dct.cpp:49]   --->   Operation 397 'extractvalue' 'col_outbuf_9_addr_1_ret' <Predicate = true> <Delay = 0.00>
ST_16 : Operation 398 [1/1] (0.00ns)   --->   "%col_outbuf_10_addr_1_ret = extractvalue i128 %dct_1d_ret12" [../dct_ref/dct.cpp:49]   --->   Operation 398 'extractvalue' 'col_outbuf_10_addr_1_ret' <Predicate = true> <Delay = 0.00>
ST_16 : Operation 399 [1/1] (0.00ns)   --->   "%col_outbuf_11_addr_1_ret = extractvalue i128 %dct_1d_ret12" [../dct_ref/dct.cpp:49]   --->   Operation 399 'extractvalue' 'col_outbuf_11_addr_1_ret' <Predicate = true> <Delay = 0.00>
ST_16 : Operation 400 [1/1] (0.00ns)   --->   "%col_outbuf_12_addr_1_ret = extractvalue i128 %dct_1d_ret12" [../dct_ref/dct.cpp:49]   --->   Operation 400 'extractvalue' 'col_outbuf_12_addr_1_ret' <Predicate = true> <Delay = 0.00>
ST_16 : Operation 401 [1/1] (0.00ns)   --->   "%col_outbuf_13_addr_1_ret = extractvalue i128 %dct_1d_ret12" [../dct_ref/dct.cpp:49]   --->   Operation 401 'extractvalue' 'col_outbuf_13_addr_1_ret' <Predicate = true> <Delay = 0.00>
ST_16 : Operation 402 [1/1] (0.00ns)   --->   "%col_outbuf_14_addr_1_ret = extractvalue i128 %dct_1d_ret12" [../dct_ref/dct.cpp:49]   --->   Operation 402 'extractvalue' 'col_outbuf_14_addr_1_ret' <Predicate = true> <Delay = 0.00>
ST_16 : Operation 403 [1/1] (0.00ns)   --->   "%col_outbuf_15_addr_1_ret = extractvalue i128 %dct_1d_ret12" [../dct_ref/dct.cpp:49]   --->   Operation 403 'extractvalue' 'col_outbuf_15_addr_1_ret' <Predicate = true> <Delay = 0.00>
ST_16 : Operation 404 [2/6] (4.40ns)   --->   "%dct_1d_ret13 = call i128 @dct_1d, i16 %row_outbuf_4_addr_ret, i16 %row_outbuf_12_addr_ret, i16 %row_outbuf_4_addr_1_ret, i16 %row_outbuf_12_addr_1_ret, i16 %row_outbuf_4_addr_2_ret, i16 %row_outbuf_12_addr_2_ret, i16 %row_outbuf_4_addr_3_ret, i16 %row_outbuf_12_addr_3_ret" [../dct_ref/dct.cpp:49]   --->   Operation 404 'call' 'dct_1d_ret13' <Predicate = true> <Delay = 4.40> <CoreType = "Generic">   --->   Core 0 '' <Latency = 0> <II = 1> <Delay = 1.00> <Generic> <Opcode : >
ST_16 : Operation 405 [2/6] (4.40ns)   --->   "%dct_1d_ret14 = call i128 @dct_1d, i16 %row_outbuf_5_addr_ret, i16 %row_outbuf_13_addr_ret, i16 %row_outbuf_5_addr_1_ret, i16 %row_outbuf_13_addr_1_ret, i16 %row_outbuf_5_addr_2_ret, i16 %row_outbuf_13_addr_2_ret, i16 %row_outbuf_5_addr_3_ret, i16 %row_outbuf_13_addr_3_ret" [../dct_ref/dct.cpp:49]   --->   Operation 405 'call' 'dct_1d_ret14' <Predicate = true> <Delay = 4.40> <CoreType = "Generic">   --->   Core 0 '' <Latency = 0> <II = 1> <Delay = 1.00> <Generic> <Opcode : >
ST_16 : Operation 406 [3/6] (4.40ns)   --->   "%dct_1d_ret15 = call i128 @dct_1d, i16 %row_outbuf_6_addr_ret, i16 %row_outbuf_14_addr_ret, i16 %row_outbuf_6_addr_1_ret, i16 %row_outbuf_14_addr_1_ret, i16 %row_outbuf_6_addr_2_ret, i16 %row_outbuf_14_addr_2_ret, i16 %row_outbuf_6_addr_3_ret, i16 %row_outbuf_14_addr_3_ret" [../dct_ref/dct.cpp:49]   --->   Operation 406 'call' 'dct_1d_ret15' <Predicate = true> <Delay = 4.40> <CoreType = "Generic">   --->   Core 0 '' <Latency = 0> <II = 1> <Delay = 1.00> <Generic> <Opcode : >
ST_16 : Operation 407 [3/6] (4.40ns)   --->   "%dct_1d_ret = call i128 @dct_1d, i16 %row_outbuf_7_addr_ret, i16 %row_outbuf_15_addr_ret, i16 %row_outbuf_7_addr_1_ret, i16 %row_outbuf_15_addr_1_ret, i16 %row_outbuf_7_addr_2_ret, i16 %row_outbuf_15_addr_2_ret, i16 %row_outbuf_7_addr_3_ret, i16 %row_outbuf_15_addr_3_ret" [../dct_ref/dct.cpp:49]   --->   Operation 407 'call' 'dct_1d_ret' <Predicate = true> <Delay = 4.40> <CoreType = "Generic">   --->   Core 0 '' <Latency = 0> <II = 1> <Delay = 1.00> <Generic> <Opcode : >
ST_16 : Operation 408 [1/1] (0.00ns)   --->   "%out_block_2_addr = getelementptr i16 %out_block_2, i64 0, i64 0" [../dct_ref/dct.cpp:56]   --->   Operation 408 'getelementptr' 'out_block_2_addr' <Predicate = true> <Delay = 0.00>
ST_16 : Operation 409 [1/1] (0.00ns)   --->   "%out_block_3_addr = getelementptr i16 %out_block_3, i64 0, i64 0" [../dct_ref/dct.cpp:56]   --->   Operation 409 'getelementptr' 'out_block_3_addr' <Predicate = true> <Delay = 0.00>
ST_16 : Operation 410 [1/1] (0.00ns)   --->   "%out_block_2_addr_1 = getelementptr i16 %out_block_2, i64 0, i64 1" [../dct_ref/dct.cpp:56]   --->   Operation 410 'getelementptr' 'out_block_2_addr_1' <Predicate = true> <Delay = 0.00>
ST_16 : Operation 411 [1/1] (0.00ns)   --->   "%out_block_3_addr_1 = getelementptr i16 %out_block_3, i64 0, i64 1" [../dct_ref/dct.cpp:56]   --->   Operation 411 'getelementptr' 'out_block_3_addr_1' <Predicate = true> <Delay = 0.00>
ST_16 : Operation 412 [1/1] (0.00ns)   --->   "%out_block_0_addr_2 = getelementptr i16 %out_block_0, i64 0, i64 2" [../dct_ref/dct.cpp:56]   --->   Operation 412 'getelementptr' 'out_block_0_addr_2' <Predicate = true> <Delay = 0.00>
ST_16 : Operation 413 [1/1] (0.00ns)   --->   "%out_block_1_addr_2 = getelementptr i16 %out_block_1, i64 0, i64 2" [../dct_ref/dct.cpp:56]   --->   Operation 413 'getelementptr' 'out_block_1_addr_2' <Predicate = true> <Delay = 0.00>
ST_16 : Operation 414 [1/1] (0.00ns)   --->   "%out_block_0_addr_3 = getelementptr i16 %out_block_0, i64 0, i64 3" [../dct_ref/dct.cpp:56]   --->   Operation 414 'getelementptr' 'out_block_0_addr_3' <Predicate = true> <Delay = 0.00>
ST_16 : Operation 415 [1/1] (0.00ns)   --->   "%out_block_1_addr_3 = getelementptr i16 %out_block_1, i64 0, i64 3" [../dct_ref/dct.cpp:56]   --->   Operation 415 'getelementptr' 'out_block_1_addr_3' <Predicate = true> <Delay = 0.00>
ST_16 : Operation 416 [1/1] (0.67ns)   --->   "%store_ln56 = store i16 %col_outbuf_addr_1_ret, i3 %out_block_2_addr" [../dct_ref/dct.cpp:56]   --->   Operation 416 'store' 'store_ln56' <Predicate = true> <Delay = 0.67> <CoreInst = "RAM">   --->   Core 82 'RAM' <Latency = 1> <II = 1> <Delay = 0.67> <Storage> <Opcode : 'load' 'store'> <Ports = 2> <Width = 16> <Depth = 8> <RAM>
ST_16 : Operation 417 [1/1] (0.67ns)   --->   "%store_ln56 = store i16 %col_outbuf_8_addr_1_ret, i3 %out_block_3_addr" [../dct_ref/dct.cpp:56]   --->   Operation 417 'store' 'store_ln56' <Predicate = true> <Delay = 0.67> <CoreInst = "RAM">   --->   Core 82 'RAM' <Latency = 1> <II = 1> <Delay = 0.67> <Storage> <Opcode : 'load' 'store'> <Ports = 2> <Width = 16> <Depth = 8> <RAM>
ST_16 : Operation 418 [1/1] (0.67ns)   --->   "%store_ln56 = store i16 %col_outbuf_1_addr_1_ret, i3 %out_block_2_addr_1" [../dct_ref/dct.cpp:56]   --->   Operation 418 'store' 'store_ln56' <Predicate = true> <Delay = 0.67> <CoreInst = "RAM">   --->   Core 82 'RAM' <Latency = 1> <II = 1> <Delay = 0.67> <Storage> <Opcode : 'load' 'store'> <Ports = 2> <Width = 16> <Depth = 8> <RAM>
ST_16 : Operation 419 [1/1] (0.67ns)   --->   "%store_ln56 = store i16 %col_outbuf_9_addr_1_ret, i3 %out_block_3_addr_1" [../dct_ref/dct.cpp:56]   --->   Operation 419 'store' 'store_ln56' <Predicate = true> <Delay = 0.67> <CoreInst = "RAM">   --->   Core 82 'RAM' <Latency = 1> <II = 1> <Delay = 0.67> <Storage> <Opcode : 'load' 'store'> <Ports = 2> <Width = 16> <Depth = 8> <RAM>
ST_16 : Operation 420 [1/1] (0.67ns)   --->   "%store_ln56 = store i16 %col_outbuf_2_addr_ret, i3 %out_block_0_addr_2" [../dct_ref/dct.cpp:56]   --->   Operation 420 'store' 'store_ln56' <Predicate = true> <Delay = 0.67> <CoreInst = "RAM">   --->   Core 82 'RAM' <Latency = 1> <II = 1> <Delay = 0.67> <Storage> <Opcode : 'load' 'store'> <Ports = 2> <Width = 16> <Depth = 8> <RAM>
ST_16 : Operation 421 [1/1] (0.67ns)   --->   "%store_ln56 = store i16 %col_outbuf_10_addr_ret, i3 %out_block_1_addr_2" [../dct_ref/dct.cpp:56]   --->   Operation 421 'store' 'store_ln56' <Predicate = true> <Delay = 0.67> <CoreInst = "RAM">   --->   Core 82 'RAM' <Latency = 1> <II = 1> <Delay = 0.67> <Storage> <Opcode : 'load' 'store'> <Ports = 2> <Width = 16> <Depth = 8> <RAM>
ST_16 : Operation 422 [1/1] (0.67ns)   --->   "%store_ln56 = store i16 %col_outbuf_3_addr_ret, i3 %out_block_0_addr_3" [../dct_ref/dct.cpp:56]   --->   Operation 422 'store' 'store_ln56' <Predicate = true> <Delay = 0.67> <CoreInst = "RAM">   --->   Core 82 'RAM' <Latency = 1> <II = 1> <Delay = 0.67> <Storage> <Opcode : 'load' 'store'> <Ports = 2> <Width = 16> <Depth = 8> <RAM>
ST_16 : Operation 423 [1/1] (0.67ns)   --->   "%store_ln56 = store i16 %col_outbuf_11_addr_ret, i3 %out_block_1_addr_3" [../dct_ref/dct.cpp:56]   --->   Operation 423 'store' 'store_ln56' <Predicate = true> <Delay = 0.67> <CoreInst = "RAM">   --->   Core 82 'RAM' <Latency = 1> <II = 1> <Delay = 0.67> <Storage> <Opcode : 'load' 'store'> <Ports = 2> <Width = 16> <Depth = 8> <RAM>

State 17 <SV = 16> <Delay = 4.40>
ST_17 : Operation 424 [1/6] (1.36ns)   --->   "%dct_1d_ret13 = call i128 @dct_1d, i16 %row_outbuf_4_addr_ret, i16 %row_outbuf_12_addr_ret, i16 %row_outbuf_4_addr_1_ret, i16 %row_outbuf_12_addr_1_ret, i16 %row_outbuf_4_addr_2_ret, i16 %row_outbuf_12_addr_2_ret, i16 %row_outbuf_4_addr_3_ret, i16 %row_outbuf_12_addr_3_ret" [../dct_ref/dct.cpp:49]   --->   Operation 424 'call' 'dct_1d_ret13' <Predicate = true> <Delay = 1.36> <CoreType = "Generic">   --->   Core 0 '' <Latency = 0> <II = 1> <Delay = 1.00> <Generic> <Opcode : >
ST_17 : Operation 425 [1/1] (0.00ns)   --->   "%col_outbuf_addr_2_ret = extractvalue i128 %dct_1d_ret13" [../dct_ref/dct.cpp:49]   --->   Operation 425 'extractvalue' 'col_outbuf_addr_2_ret' <Predicate = true> <Delay = 0.00>
ST_17 : Operation 426 [1/1] (0.00ns)   --->   "%col_outbuf_1_addr_2_ret = extractvalue i128 %dct_1d_ret13" [../dct_ref/dct.cpp:49]   --->   Operation 426 'extractvalue' 'col_outbuf_1_addr_2_ret' <Predicate = true> <Delay = 0.00>
ST_17 : Operation 427 [1/1] (0.00ns)   --->   "%col_outbuf_2_addr_2_ret = extractvalue i128 %dct_1d_ret13" [../dct_ref/dct.cpp:49]   --->   Operation 427 'extractvalue' 'col_outbuf_2_addr_2_ret' <Predicate = true> <Delay = 0.00>
ST_17 : Operation 428 [1/1] (0.00ns)   --->   "%col_outbuf_3_addr_2_ret = extractvalue i128 %dct_1d_ret13" [../dct_ref/dct.cpp:49]   --->   Operation 428 'extractvalue' 'col_outbuf_3_addr_2_ret' <Predicate = true> <Delay = 0.00>
ST_17 : Operation 429 [1/1] (0.00ns)   --->   "%col_outbuf_4_addr_2_ret = extractvalue i128 %dct_1d_ret13" [../dct_ref/dct.cpp:49]   --->   Operation 429 'extractvalue' 'col_outbuf_4_addr_2_ret' <Predicate = true> <Delay = 0.00>
ST_17 : Operation 430 [1/1] (0.00ns)   --->   "%col_outbuf_5_addr_2_ret = extractvalue i128 %dct_1d_ret13" [../dct_ref/dct.cpp:49]   --->   Operation 430 'extractvalue' 'col_outbuf_5_addr_2_ret' <Predicate = true> <Delay = 0.00>
ST_17 : Operation 431 [1/1] (0.00ns)   --->   "%col_outbuf_6_addr_2_ret = extractvalue i128 %dct_1d_ret13" [../dct_ref/dct.cpp:49]   --->   Operation 431 'extractvalue' 'col_outbuf_6_addr_2_ret' <Predicate = true> <Delay = 0.00>
ST_17 : Operation 432 [1/1] (0.00ns)   --->   "%col_outbuf_7_addr_2_ret = extractvalue i128 %dct_1d_ret13" [../dct_ref/dct.cpp:49]   --->   Operation 432 'extractvalue' 'col_outbuf_7_addr_2_ret' <Predicate = true> <Delay = 0.00>
ST_17 : Operation 433 [1/6] (1.36ns)   --->   "%dct_1d_ret14 = call i128 @dct_1d, i16 %row_outbuf_5_addr_ret, i16 %row_outbuf_13_addr_ret, i16 %row_outbuf_5_addr_1_ret, i16 %row_outbuf_13_addr_1_ret, i16 %row_outbuf_5_addr_2_ret, i16 %row_outbuf_13_addr_2_ret, i16 %row_outbuf_5_addr_3_ret, i16 %row_outbuf_13_addr_3_ret" [../dct_ref/dct.cpp:49]   --->   Operation 433 'call' 'dct_1d_ret14' <Predicate = true> <Delay = 1.36> <CoreType = "Generic">   --->   Core 0 '' <Latency = 0> <II = 1> <Delay = 1.00> <Generic> <Opcode : >
ST_17 : Operation 434 [1/1] (0.00ns)   --->   "%col_outbuf_8_addr_2_ret = extractvalue i128 %dct_1d_ret14" [../dct_ref/dct.cpp:49]   --->   Operation 434 'extractvalue' 'col_outbuf_8_addr_2_ret' <Predicate = true> <Delay = 0.00>
ST_17 : Operation 435 [1/1] (0.00ns)   --->   "%col_outbuf_9_addr_2_ret = extractvalue i128 %dct_1d_ret14" [../dct_ref/dct.cpp:49]   --->   Operation 435 'extractvalue' 'col_outbuf_9_addr_2_ret' <Predicate = true> <Delay = 0.00>
ST_17 : Operation 436 [1/1] (0.00ns)   --->   "%col_outbuf_10_addr_2_ret = extractvalue i128 %dct_1d_ret14" [../dct_ref/dct.cpp:49]   --->   Operation 436 'extractvalue' 'col_outbuf_10_addr_2_ret' <Predicate = true> <Delay = 0.00>
ST_17 : Operation 437 [1/1] (0.00ns)   --->   "%col_outbuf_11_addr_2_ret = extractvalue i128 %dct_1d_ret14" [../dct_ref/dct.cpp:49]   --->   Operation 437 'extractvalue' 'col_outbuf_11_addr_2_ret' <Predicate = true> <Delay = 0.00>
ST_17 : Operation 438 [1/1] (0.00ns)   --->   "%col_outbuf_12_addr_2_ret = extractvalue i128 %dct_1d_ret14" [../dct_ref/dct.cpp:49]   --->   Operation 438 'extractvalue' 'col_outbuf_12_addr_2_ret' <Predicate = true> <Delay = 0.00>
ST_17 : Operation 439 [1/1] (0.00ns)   --->   "%col_outbuf_13_addr_2_ret = extractvalue i128 %dct_1d_ret14" [../dct_ref/dct.cpp:49]   --->   Operation 439 'extractvalue' 'col_outbuf_13_addr_2_ret' <Predicate = true> <Delay = 0.00>
ST_17 : Operation 440 [1/1] (0.00ns)   --->   "%col_outbuf_14_addr_2_ret = extractvalue i128 %dct_1d_ret14" [../dct_ref/dct.cpp:49]   --->   Operation 440 'extractvalue' 'col_outbuf_14_addr_2_ret' <Predicate = true> <Delay = 0.00>
ST_17 : Operation 441 [1/1] (0.00ns)   --->   "%col_outbuf_15_addr_2_ret = extractvalue i128 %dct_1d_ret14" [../dct_ref/dct.cpp:49]   --->   Operation 441 'extractvalue' 'col_outbuf_15_addr_2_ret' <Predicate = true> <Delay = 0.00>
ST_17 : Operation 442 [2/6] (4.40ns)   --->   "%dct_1d_ret15 = call i128 @dct_1d, i16 %row_outbuf_6_addr_ret, i16 %row_outbuf_14_addr_ret, i16 %row_outbuf_6_addr_1_ret, i16 %row_outbuf_14_addr_1_ret, i16 %row_outbuf_6_addr_2_ret, i16 %row_outbuf_14_addr_2_ret, i16 %row_outbuf_6_addr_3_ret, i16 %row_outbuf_14_addr_3_ret" [../dct_ref/dct.cpp:49]   --->   Operation 442 'call' 'dct_1d_ret15' <Predicate = true> <Delay = 4.40> <CoreType = "Generic">   --->   Core 0 '' <Latency = 0> <II = 1> <Delay = 1.00> <Generic> <Opcode : >
ST_17 : Operation 443 [2/6] (4.40ns)   --->   "%dct_1d_ret = call i128 @dct_1d, i16 %row_outbuf_7_addr_ret, i16 %row_outbuf_15_addr_ret, i16 %row_outbuf_7_addr_1_ret, i16 %row_outbuf_15_addr_1_ret, i16 %row_outbuf_7_addr_2_ret, i16 %row_outbuf_15_addr_2_ret, i16 %row_outbuf_7_addr_3_ret, i16 %row_outbuf_15_addr_3_ret" [../dct_ref/dct.cpp:49]   --->   Operation 443 'call' 'dct_1d_ret' <Predicate = true> <Delay = 4.40> <CoreType = "Generic">   --->   Core 0 '' <Latency = 0> <II = 1> <Delay = 1.00> <Generic> <Opcode : >
ST_17 : Operation 444 [1/1] (0.00ns)   --->   "%out_block_4_addr = getelementptr i16 %out_block_4, i64 0, i64 0" [../dct_ref/dct.cpp:56]   --->   Operation 444 'getelementptr' 'out_block_4_addr' <Predicate = true> <Delay = 0.00>
ST_17 : Operation 445 [1/1] (0.00ns)   --->   "%out_block_5_addr = getelementptr i16 %out_block_5, i64 0, i64 0" [../dct_ref/dct.cpp:56]   --->   Operation 445 'getelementptr' 'out_block_5_addr' <Predicate = true> <Delay = 0.00>
ST_17 : Operation 446 [1/1] (0.00ns)   --->   "%out_block_4_addr_1 = getelementptr i16 %out_block_4, i64 0, i64 1" [../dct_ref/dct.cpp:56]   --->   Operation 446 'getelementptr' 'out_block_4_addr_1' <Predicate = true> <Delay = 0.00>
ST_17 : Operation 447 [1/1] (0.00ns)   --->   "%out_block_5_addr_1 = getelementptr i16 %out_block_5, i64 0, i64 1" [../dct_ref/dct.cpp:56]   --->   Operation 447 'getelementptr' 'out_block_5_addr_1' <Predicate = true> <Delay = 0.00>
ST_17 : Operation 448 [1/1] (0.00ns)   --->   "%out_block_2_addr_2 = getelementptr i16 %out_block_2, i64 0, i64 2" [../dct_ref/dct.cpp:56]   --->   Operation 448 'getelementptr' 'out_block_2_addr_2' <Predicate = true> <Delay = 0.00>
ST_17 : Operation 449 [1/1] (0.00ns)   --->   "%out_block_3_addr_2 = getelementptr i16 %out_block_3, i64 0, i64 2" [../dct_ref/dct.cpp:56]   --->   Operation 449 'getelementptr' 'out_block_3_addr_2' <Predicate = true> <Delay = 0.00>
ST_17 : Operation 450 [1/1] (0.00ns)   --->   "%out_block_2_addr_3 = getelementptr i16 %out_block_2, i64 0, i64 3" [../dct_ref/dct.cpp:56]   --->   Operation 450 'getelementptr' 'out_block_2_addr_3' <Predicate = true> <Delay = 0.00>
ST_17 : Operation 451 [1/1] (0.00ns)   --->   "%out_block_3_addr_3 = getelementptr i16 %out_block_3, i64 0, i64 3" [../dct_ref/dct.cpp:56]   --->   Operation 451 'getelementptr' 'out_block_3_addr_3' <Predicate = true> <Delay = 0.00>
ST_17 : Operation 452 [1/1] (0.00ns)   --->   "%out_block_0_addr_4 = getelementptr i16 %out_block_0, i64 0, i64 4" [../dct_ref/dct.cpp:56]   --->   Operation 452 'getelementptr' 'out_block_0_addr_4' <Predicate = true> <Delay = 0.00>
ST_17 : Operation 453 [1/1] (0.00ns)   --->   "%out_block_1_addr_4 = getelementptr i16 %out_block_1, i64 0, i64 4" [../dct_ref/dct.cpp:56]   --->   Operation 453 'getelementptr' 'out_block_1_addr_4' <Predicate = true> <Delay = 0.00>
ST_17 : Operation 454 [1/1] (0.00ns)   --->   "%out_block_0_addr_5 = getelementptr i16 %out_block_0, i64 0, i64 5" [../dct_ref/dct.cpp:56]   --->   Operation 454 'getelementptr' 'out_block_0_addr_5' <Predicate = true> <Delay = 0.00>
ST_17 : Operation 455 [1/1] (0.00ns)   --->   "%out_block_1_addr_5 = getelementptr i16 %out_block_1, i64 0, i64 5" [../dct_ref/dct.cpp:56]   --->   Operation 455 'getelementptr' 'out_block_1_addr_5' <Predicate = true> <Delay = 0.00>
ST_17 : Operation 456 [1/1] (0.67ns)   --->   "%store_ln56 = store i16 %col_outbuf_addr_2_ret, i3 %out_block_4_addr" [../dct_ref/dct.cpp:56]   --->   Operation 456 'store' 'store_ln56' <Predicate = true> <Delay = 0.67> <CoreInst = "RAM">   --->   Core 82 'RAM' <Latency = 1> <II = 1> <Delay = 0.67> <Storage> <Opcode : 'load' 'store'> <Ports = 2> <Width = 16> <Depth = 8> <RAM>
ST_17 : Operation 457 [1/1] (0.67ns)   --->   "%store_ln56 = store i16 %col_outbuf_8_addr_2_ret, i3 %out_block_5_addr" [../dct_ref/dct.cpp:56]   --->   Operation 457 'store' 'store_ln56' <Predicate = true> <Delay = 0.67> <CoreInst = "RAM">   --->   Core 82 'RAM' <Latency = 1> <II = 1> <Delay = 0.67> <Storage> <Opcode : 'load' 'store'> <Ports = 2> <Width = 16> <Depth = 8> <RAM>
ST_17 : Operation 458 [1/1] (0.67ns)   --->   "%store_ln56 = store i16 %col_outbuf_1_addr_2_ret, i3 %out_block_4_addr_1" [../dct_ref/dct.cpp:56]   --->   Operation 458 'store' 'store_ln56' <Predicate = true> <Delay = 0.67> <CoreInst = "RAM">   --->   Core 82 'RAM' <Latency = 1> <II = 1> <Delay = 0.67> <Storage> <Opcode : 'load' 'store'> <Ports = 2> <Width = 16> <Depth = 8> <RAM>
ST_17 : Operation 459 [1/1] (0.67ns)   --->   "%store_ln56 = store i16 %col_outbuf_9_addr_2_ret, i3 %out_block_5_addr_1" [../dct_ref/dct.cpp:56]   --->   Operation 459 'store' 'store_ln56' <Predicate = true> <Delay = 0.67> <CoreInst = "RAM">   --->   Core 82 'RAM' <Latency = 1> <II = 1> <Delay = 0.67> <Storage> <Opcode : 'load' 'store'> <Ports = 2> <Width = 16> <Depth = 8> <RAM>
ST_17 : Operation 460 [1/1] (0.67ns)   --->   "%store_ln56 = store i16 %col_outbuf_2_addr_1_ret, i3 %out_block_2_addr_2" [../dct_ref/dct.cpp:56]   --->   Operation 460 'store' 'store_ln56' <Predicate = true> <Delay = 0.67> <CoreInst = "RAM">   --->   Core 82 'RAM' <Latency = 1> <II = 1> <Delay = 0.67> <Storage> <Opcode : 'load' 'store'> <Ports = 2> <Width = 16> <Depth = 8> <RAM>
ST_17 : Operation 461 [1/1] (0.67ns)   --->   "%store_ln56 = store i16 %col_outbuf_10_addr_1_ret, i3 %out_block_3_addr_2" [../dct_ref/dct.cpp:56]   --->   Operation 461 'store' 'store_ln56' <Predicate = true> <Delay = 0.67> <CoreInst = "RAM">   --->   Core 82 'RAM' <Latency = 1> <II = 1> <Delay = 0.67> <Storage> <Opcode : 'load' 'store'> <Ports = 2> <Width = 16> <Depth = 8> <RAM>
ST_17 : Operation 462 [1/1] (0.67ns)   --->   "%store_ln56 = store i16 %col_outbuf_3_addr_1_ret, i3 %out_block_2_addr_3" [../dct_ref/dct.cpp:56]   --->   Operation 462 'store' 'store_ln56' <Predicate = true> <Delay = 0.67> <CoreInst = "RAM">   --->   Core 82 'RAM' <Latency = 1> <II = 1> <Delay = 0.67> <Storage> <Opcode : 'load' 'store'> <Ports = 2> <Width = 16> <Depth = 8> <RAM>
ST_17 : Operation 463 [1/1] (0.67ns)   --->   "%store_ln56 = store i16 %col_outbuf_11_addr_1_ret, i3 %out_block_3_addr_3" [../dct_ref/dct.cpp:56]   --->   Operation 463 'store' 'store_ln56' <Predicate = true> <Delay = 0.67> <CoreInst = "RAM">   --->   Core 82 'RAM' <Latency = 1> <II = 1> <Delay = 0.67> <Storage> <Opcode : 'load' 'store'> <Ports = 2> <Width = 16> <Depth = 8> <RAM>
ST_17 : Operation 464 [1/1] (0.67ns)   --->   "%store_ln56 = store i16 %col_outbuf_4_addr_ret, i3 %out_block_0_addr_4" [../dct_ref/dct.cpp:56]   --->   Operation 464 'store' 'store_ln56' <Predicate = true> <Delay = 0.67> <CoreInst = "RAM">   --->   Core 82 'RAM' <Latency = 1> <II = 1> <Delay = 0.67> <Storage> <Opcode : 'load' 'store'> <Ports = 2> <Width = 16> <Depth = 8> <RAM>
ST_17 : Operation 465 [1/1] (0.67ns)   --->   "%store_ln56 = store i16 %col_outbuf_12_addr_ret, i3 %out_block_1_addr_4" [../dct_ref/dct.cpp:56]   --->   Operation 465 'store' 'store_ln56' <Predicate = true> <Delay = 0.67> <CoreInst = "RAM">   --->   Core 82 'RAM' <Latency = 1> <II = 1> <Delay = 0.67> <Storage> <Opcode : 'load' 'store'> <Ports = 2> <Width = 16> <Depth = 8> <RAM>
ST_17 : Operation 466 [1/1] (0.67ns)   --->   "%store_ln56 = store i16 %col_outbuf_5_addr_ret, i3 %out_block_0_addr_5" [../dct_ref/dct.cpp:56]   --->   Operation 466 'store' 'store_ln56' <Predicate = true> <Delay = 0.67> <CoreInst = "RAM">   --->   Core 82 'RAM' <Latency = 1> <II = 1> <Delay = 0.67> <Storage> <Opcode : 'load' 'store'> <Ports = 2> <Width = 16> <Depth = 8> <RAM>
ST_17 : Operation 467 [1/1] (0.67ns)   --->   "%store_ln56 = store i16 %col_outbuf_13_addr_ret, i3 %out_block_1_addr_5" [../dct_ref/dct.cpp:56]   --->   Operation 467 'store' 'store_ln56' <Predicate = true> <Delay = 0.67> <CoreInst = "RAM">   --->   Core 82 'RAM' <Latency = 1> <II = 1> <Delay = 0.67> <Storage> <Opcode : 'load' 'store'> <Ports = 2> <Width = 16> <Depth = 8> <RAM>

State 18 <SV = 17> <Delay = 2.04>
ST_18 : Operation 468 [1/6] (1.36ns)   --->   "%dct_1d_ret15 = call i128 @dct_1d, i16 %row_outbuf_6_addr_ret, i16 %row_outbuf_14_addr_ret, i16 %row_outbuf_6_addr_1_ret, i16 %row_outbuf_14_addr_1_ret, i16 %row_outbuf_6_addr_2_ret, i16 %row_outbuf_14_addr_2_ret, i16 %row_outbuf_6_addr_3_ret, i16 %row_outbuf_14_addr_3_ret" [../dct_ref/dct.cpp:49]   --->   Operation 468 'call' 'dct_1d_ret15' <Predicate = true> <Delay = 1.36> <CoreType = "Generic">   --->   Core 0 '' <Latency = 0> <II = 1> <Delay = 1.00> <Generic> <Opcode : >
ST_18 : Operation 469 [1/1] (0.00ns)   --->   "%col_outbuf_addr_3_ret = extractvalue i128 %dct_1d_ret15" [../dct_ref/dct.cpp:49]   --->   Operation 469 'extractvalue' 'col_outbuf_addr_3_ret' <Predicate = true> <Delay = 0.00>
ST_18 : Operation 470 [1/1] (0.00ns)   --->   "%col_outbuf_1_addr_3_ret = extractvalue i128 %dct_1d_ret15" [../dct_ref/dct.cpp:49]   --->   Operation 470 'extractvalue' 'col_outbuf_1_addr_3_ret' <Predicate = true> <Delay = 0.00>
ST_18 : Operation 471 [1/1] (0.00ns)   --->   "%col_outbuf_2_addr_3_ret = extractvalue i128 %dct_1d_ret15" [../dct_ref/dct.cpp:49]   --->   Operation 471 'extractvalue' 'col_outbuf_2_addr_3_ret' <Predicate = true> <Delay = 0.00>
ST_18 : Operation 472 [1/1] (0.00ns)   --->   "%col_outbuf_3_addr_3_ret = extractvalue i128 %dct_1d_ret15" [../dct_ref/dct.cpp:49]   --->   Operation 472 'extractvalue' 'col_outbuf_3_addr_3_ret' <Predicate = true> <Delay = 0.00>
ST_18 : Operation 473 [1/1] (0.00ns)   --->   "%col_outbuf_4_addr_3_ret = extractvalue i128 %dct_1d_ret15" [../dct_ref/dct.cpp:49]   --->   Operation 473 'extractvalue' 'col_outbuf_4_addr_3_ret' <Predicate = true> <Delay = 0.00>
ST_18 : Operation 474 [1/1] (0.00ns)   --->   "%col_outbuf_5_addr_3_ret = extractvalue i128 %dct_1d_ret15" [../dct_ref/dct.cpp:49]   --->   Operation 474 'extractvalue' 'col_outbuf_5_addr_3_ret' <Predicate = true> <Delay = 0.00>
ST_18 : Operation 475 [1/1] (0.00ns)   --->   "%col_outbuf_6_addr_3_ret = extractvalue i128 %dct_1d_ret15" [../dct_ref/dct.cpp:49]   --->   Operation 475 'extractvalue' 'col_outbuf_6_addr_3_ret' <Predicate = true> <Delay = 0.00>
ST_18 : Operation 476 [1/1] (0.00ns)   --->   "%col_outbuf_7_addr_3_ret = extractvalue i128 %dct_1d_ret15" [../dct_ref/dct.cpp:49]   --->   Operation 476 'extractvalue' 'col_outbuf_7_addr_3_ret' <Predicate = true> <Delay = 0.00>
ST_18 : Operation 477 [1/6] (1.36ns)   --->   "%dct_1d_ret = call i128 @dct_1d, i16 %row_outbuf_7_addr_ret, i16 %row_outbuf_15_addr_ret, i16 %row_outbuf_7_addr_1_ret, i16 %row_outbuf_15_addr_1_ret, i16 %row_outbuf_7_addr_2_ret, i16 %row_outbuf_15_addr_2_ret, i16 %row_outbuf_7_addr_3_ret, i16 %row_outbuf_15_addr_3_ret" [../dct_ref/dct.cpp:49]   --->   Operation 477 'call' 'dct_1d_ret' <Predicate = true> <Delay = 1.36> <CoreType = "Generic">   --->   Core 0 '' <Latency = 0> <II = 1> <Delay = 1.00> <Generic> <Opcode : >
ST_18 : Operation 478 [1/1] (0.00ns)   --->   "%col_outbuf_8_addr_3_ret = extractvalue i128 %dct_1d_ret" [../dct_ref/dct.cpp:49]   --->   Operation 478 'extractvalue' 'col_outbuf_8_addr_3_ret' <Predicate = true> <Delay = 0.00>
ST_18 : Operation 479 [1/1] (0.00ns)   --->   "%col_outbuf_9_addr_3_ret = extractvalue i128 %dct_1d_ret" [../dct_ref/dct.cpp:49]   --->   Operation 479 'extractvalue' 'col_outbuf_9_addr_3_ret' <Predicate = true> <Delay = 0.00>
ST_18 : Operation 480 [1/1] (0.00ns)   --->   "%col_outbuf_10_addr_3_ret = extractvalue i128 %dct_1d_ret" [../dct_ref/dct.cpp:49]   --->   Operation 480 'extractvalue' 'col_outbuf_10_addr_3_ret' <Predicate = true> <Delay = 0.00>
ST_18 : Operation 481 [1/1] (0.00ns)   --->   "%col_outbuf_11_addr_3_ret = extractvalue i128 %dct_1d_ret" [../dct_ref/dct.cpp:49]   --->   Operation 481 'extractvalue' 'col_outbuf_11_addr_3_ret' <Predicate = true> <Delay = 0.00>
ST_18 : Operation 482 [1/1] (0.00ns)   --->   "%col_outbuf_12_addr_3_ret = extractvalue i128 %dct_1d_ret" [../dct_ref/dct.cpp:49]   --->   Operation 482 'extractvalue' 'col_outbuf_12_addr_3_ret' <Predicate = true> <Delay = 0.00>
ST_18 : Operation 483 [1/1] (0.00ns)   --->   "%col_outbuf_13_addr_3_ret = extractvalue i128 %dct_1d_ret" [../dct_ref/dct.cpp:49]   --->   Operation 483 'extractvalue' 'col_outbuf_13_addr_3_ret' <Predicate = true> <Delay = 0.00>
ST_18 : Operation 484 [1/1] (0.00ns)   --->   "%col_outbuf_14_addr_3_ret = extractvalue i128 %dct_1d_ret" [../dct_ref/dct.cpp:49]   --->   Operation 484 'extractvalue' 'col_outbuf_14_addr_3_ret' <Predicate = true> <Delay = 0.00>
ST_18 : Operation 485 [1/1] (0.00ns)   --->   "%col_outbuf_15_addr_3_ret = extractvalue i128 %dct_1d_ret" [../dct_ref/dct.cpp:49]   --->   Operation 485 'extractvalue' 'col_outbuf_15_addr_3_ret' <Predicate = true> <Delay = 0.00>
ST_18 : Operation 486 [1/1] (0.00ns)   --->   "%out_block_6_addr = getelementptr i16 %out_block_6, i64 0, i64 0" [../dct_ref/dct.cpp:56]   --->   Operation 486 'getelementptr' 'out_block_6_addr' <Predicate = true> <Delay = 0.00>
ST_18 : Operation 487 [1/1] (0.00ns)   --->   "%out_block_7_addr = getelementptr i16 %out_block_7, i64 0, i64 0" [../dct_ref/dct.cpp:56]   --->   Operation 487 'getelementptr' 'out_block_7_addr' <Predicate = true> <Delay = 0.00>
ST_18 : Operation 488 [1/1] (0.00ns)   --->   "%out_block_6_addr_1 = getelementptr i16 %out_block_6, i64 0, i64 1" [../dct_ref/dct.cpp:56]   --->   Operation 488 'getelementptr' 'out_block_6_addr_1' <Predicate = true> <Delay = 0.00>
ST_18 : Operation 489 [1/1] (0.00ns)   --->   "%out_block_7_addr_1 = getelementptr i16 %out_block_7, i64 0, i64 1" [../dct_ref/dct.cpp:56]   --->   Operation 489 'getelementptr' 'out_block_7_addr_1' <Predicate = true> <Delay = 0.00>
ST_18 : Operation 490 [1/1] (0.00ns)   --->   "%out_block_4_addr_2 = getelementptr i16 %out_block_4, i64 0, i64 2" [../dct_ref/dct.cpp:56]   --->   Operation 490 'getelementptr' 'out_block_4_addr_2' <Predicate = true> <Delay = 0.00>
ST_18 : Operation 491 [1/1] (0.00ns)   --->   "%out_block_5_addr_2 = getelementptr i16 %out_block_5, i64 0, i64 2" [../dct_ref/dct.cpp:56]   --->   Operation 491 'getelementptr' 'out_block_5_addr_2' <Predicate = true> <Delay = 0.00>
ST_18 : Operation 492 [1/1] (0.00ns)   --->   "%out_block_4_addr_3 = getelementptr i16 %out_block_4, i64 0, i64 3" [../dct_ref/dct.cpp:56]   --->   Operation 492 'getelementptr' 'out_block_4_addr_3' <Predicate = true> <Delay = 0.00>
ST_18 : Operation 493 [1/1] (0.00ns)   --->   "%out_block_5_addr_3 = getelementptr i16 %out_block_5, i64 0, i64 3" [../dct_ref/dct.cpp:56]   --->   Operation 493 'getelementptr' 'out_block_5_addr_3' <Predicate = true> <Delay = 0.00>
ST_18 : Operation 494 [1/1] (0.00ns)   --->   "%out_block_2_addr_4 = getelementptr i16 %out_block_2, i64 0, i64 4" [../dct_ref/dct.cpp:56]   --->   Operation 494 'getelementptr' 'out_block_2_addr_4' <Predicate = true> <Delay = 0.00>
ST_18 : Operation 495 [1/1] (0.00ns)   --->   "%out_block_3_addr_4 = getelementptr i16 %out_block_3, i64 0, i64 4" [../dct_ref/dct.cpp:56]   --->   Operation 495 'getelementptr' 'out_block_3_addr_4' <Predicate = true> <Delay = 0.00>
ST_18 : Operation 496 [1/1] (0.00ns)   --->   "%out_block_2_addr_5 = getelementptr i16 %out_block_2, i64 0, i64 5" [../dct_ref/dct.cpp:56]   --->   Operation 496 'getelementptr' 'out_block_2_addr_5' <Predicate = true> <Delay = 0.00>
ST_18 : Operation 497 [1/1] (0.00ns)   --->   "%out_block_3_addr_5 = getelementptr i16 %out_block_3, i64 0, i64 5" [../dct_ref/dct.cpp:56]   --->   Operation 497 'getelementptr' 'out_block_3_addr_5' <Predicate = true> <Delay = 0.00>
ST_18 : Operation 498 [1/1] (0.00ns)   --->   "%out_block_0_addr_6 = getelementptr i16 %out_block_0, i64 0, i64 6" [../dct_ref/dct.cpp:56]   --->   Operation 498 'getelementptr' 'out_block_0_addr_6' <Predicate = true> <Delay = 0.00>
ST_18 : Operation 499 [1/1] (0.00ns)   --->   "%out_block_1_addr_6 = getelementptr i16 %out_block_1, i64 0, i64 6" [../dct_ref/dct.cpp:56]   --->   Operation 499 'getelementptr' 'out_block_1_addr_6' <Predicate = true> <Delay = 0.00>
ST_18 : Operation 500 [1/1] (0.00ns)   --->   "%out_block_0_addr_7 = getelementptr i16 %out_block_0, i64 0, i64 7" [../dct_ref/dct.cpp:56]   --->   Operation 500 'getelementptr' 'out_block_0_addr_7' <Predicate = true> <Delay = 0.00>
ST_18 : Operation 501 [1/1] (0.00ns)   --->   "%out_block_1_addr_7 = getelementptr i16 %out_block_1, i64 0, i64 7" [../dct_ref/dct.cpp:56]   --->   Operation 501 'getelementptr' 'out_block_1_addr_7' <Predicate = true> <Delay = 0.00>
ST_18 : Operation 502 [1/1] (0.67ns)   --->   "%store_ln56 = store i16 %col_outbuf_addr_3_ret, i3 %out_block_6_addr" [../dct_ref/dct.cpp:56]   --->   Operation 502 'store' 'store_ln56' <Predicate = true> <Delay = 0.67> <CoreInst = "RAM">   --->   Core 82 'RAM' <Latency = 1> <II = 1> <Delay = 0.67> <Storage> <Opcode : 'load' 'store'> <Ports = 2> <Width = 16> <Depth = 8> <RAM>
ST_18 : Operation 503 [1/1] (0.67ns)   --->   "%store_ln56 = store i16 %col_outbuf_8_addr_3_ret, i3 %out_block_7_addr" [../dct_ref/dct.cpp:56]   --->   Operation 503 'store' 'store_ln56' <Predicate = true> <Delay = 0.67> <CoreInst = "RAM">   --->   Core 82 'RAM' <Latency = 1> <II = 1> <Delay = 0.67> <Storage> <Opcode : 'load' 'store'> <Ports = 2> <Width = 16> <Depth = 8> <RAM>
ST_18 : Operation 504 [1/1] (0.67ns)   --->   "%store_ln56 = store i16 %col_outbuf_1_addr_3_ret, i3 %out_block_6_addr_1" [../dct_ref/dct.cpp:56]   --->   Operation 504 'store' 'store_ln56' <Predicate = true> <Delay = 0.67> <CoreInst = "RAM">   --->   Core 82 'RAM' <Latency = 1> <II = 1> <Delay = 0.67> <Storage> <Opcode : 'load' 'store'> <Ports = 2> <Width = 16> <Depth = 8> <RAM>
ST_18 : Operation 505 [1/1] (0.67ns)   --->   "%store_ln56 = store i16 %col_outbuf_9_addr_3_ret, i3 %out_block_7_addr_1" [../dct_ref/dct.cpp:56]   --->   Operation 505 'store' 'store_ln56' <Predicate = true> <Delay = 0.67> <CoreInst = "RAM">   --->   Core 82 'RAM' <Latency = 1> <II = 1> <Delay = 0.67> <Storage> <Opcode : 'load' 'store'> <Ports = 2> <Width = 16> <Depth = 8> <RAM>
ST_18 : Operation 506 [1/1] (0.67ns)   --->   "%store_ln56 = store i16 %col_outbuf_2_addr_2_ret, i3 %out_block_4_addr_2" [../dct_ref/dct.cpp:56]   --->   Operation 506 'store' 'store_ln56' <Predicate = true> <Delay = 0.67> <CoreInst = "RAM">   --->   Core 82 'RAM' <Latency = 1> <II = 1> <Delay = 0.67> <Storage> <Opcode : 'load' 'store'> <Ports = 2> <Width = 16> <Depth = 8> <RAM>
ST_18 : Operation 507 [1/1] (0.67ns)   --->   "%store_ln56 = store i16 %col_outbuf_10_addr_2_ret, i3 %out_block_5_addr_2" [../dct_ref/dct.cpp:56]   --->   Operation 507 'store' 'store_ln56' <Predicate = true> <Delay = 0.67> <CoreInst = "RAM">   --->   Core 82 'RAM' <Latency = 1> <II = 1> <Delay = 0.67> <Storage> <Opcode : 'load' 'store'> <Ports = 2> <Width = 16> <Depth = 8> <RAM>
ST_18 : Operation 508 [1/1] (0.67ns)   --->   "%store_ln56 = store i16 %col_outbuf_3_addr_2_ret, i3 %out_block_4_addr_3" [../dct_ref/dct.cpp:56]   --->   Operation 508 'store' 'store_ln56' <Predicate = true> <Delay = 0.67> <CoreInst = "RAM">   --->   Core 82 'RAM' <Latency = 1> <II = 1> <Delay = 0.67> <Storage> <Opcode : 'load' 'store'> <Ports = 2> <Width = 16> <Depth = 8> <RAM>
ST_18 : Operation 509 [1/1] (0.67ns)   --->   "%store_ln56 = store i16 %col_outbuf_11_addr_2_ret, i3 %out_block_5_addr_3" [../dct_ref/dct.cpp:56]   --->   Operation 509 'store' 'store_ln56' <Predicate = true> <Delay = 0.67> <CoreInst = "RAM">   --->   Core 82 'RAM' <Latency = 1> <II = 1> <Delay = 0.67> <Storage> <Opcode : 'load' 'store'> <Ports = 2> <Width = 16> <Depth = 8> <RAM>
ST_18 : Operation 510 [1/1] (0.67ns)   --->   "%store_ln56 = store i16 %col_outbuf_4_addr_1_ret, i3 %out_block_2_addr_4" [../dct_ref/dct.cpp:56]   --->   Operation 510 'store' 'store_ln56' <Predicate = true> <Delay = 0.67> <CoreInst = "RAM">   --->   Core 82 'RAM' <Latency = 1> <II = 1> <Delay = 0.67> <Storage> <Opcode : 'load' 'store'> <Ports = 2> <Width = 16> <Depth = 8> <RAM>
ST_18 : Operation 511 [1/1] (0.67ns)   --->   "%store_ln56 = store i16 %col_outbuf_12_addr_1_ret, i3 %out_block_3_addr_4" [../dct_ref/dct.cpp:56]   --->   Operation 511 'store' 'store_ln56' <Predicate = true> <Delay = 0.67> <CoreInst = "RAM">   --->   Core 82 'RAM' <Latency = 1> <II = 1> <Delay = 0.67> <Storage> <Opcode : 'load' 'store'> <Ports = 2> <Width = 16> <Depth = 8> <RAM>
ST_18 : Operation 512 [1/1] (0.67ns)   --->   "%store_ln56 = store i16 %col_outbuf_5_addr_1_ret, i3 %out_block_2_addr_5" [../dct_ref/dct.cpp:56]   --->   Operation 512 'store' 'store_ln56' <Predicate = true> <Delay = 0.67> <CoreInst = "RAM">   --->   Core 82 'RAM' <Latency = 1> <II = 1> <Delay = 0.67> <Storage> <Opcode : 'load' 'store'> <Ports = 2> <Width = 16> <Depth = 8> <RAM>
ST_18 : Operation 513 [1/1] (0.67ns)   --->   "%store_ln56 = store i16 %col_outbuf_13_addr_1_ret, i3 %out_block_3_addr_5" [../dct_ref/dct.cpp:56]   --->   Operation 513 'store' 'store_ln56' <Predicate = true> <Delay = 0.67> <CoreInst = "RAM">   --->   Core 82 'RAM' <Latency = 1> <II = 1> <Delay = 0.67> <Storage> <Opcode : 'load' 'store'> <Ports = 2> <Width = 16> <Depth = 8> <RAM>
ST_18 : Operation 514 [1/1] (0.67ns)   --->   "%store_ln56 = store i16 %col_outbuf_6_addr_ret, i3 %out_block_0_addr_6" [../dct_ref/dct.cpp:56]   --->   Operation 514 'store' 'store_ln56' <Predicate = true> <Delay = 0.67> <CoreInst = "RAM">   --->   Core 82 'RAM' <Latency = 1> <II = 1> <Delay = 0.67> <Storage> <Opcode : 'load' 'store'> <Ports = 2> <Width = 16> <Depth = 8> <RAM>
ST_18 : Operation 515 [1/1] (0.67ns)   --->   "%store_ln56 = store i16 %col_outbuf_14_addr_ret, i3 %out_block_1_addr_6" [../dct_ref/dct.cpp:56]   --->   Operation 515 'store' 'store_ln56' <Predicate = true> <Delay = 0.67> <CoreInst = "RAM">   --->   Core 82 'RAM' <Latency = 1> <II = 1> <Delay = 0.67> <Storage> <Opcode : 'load' 'store'> <Ports = 2> <Width = 16> <Depth = 8> <RAM>
ST_18 : Operation 516 [1/1] (0.67ns)   --->   "%store_ln56 = store i16 %col_outbuf_7_addr_ret, i3 %out_block_0_addr_7" [../dct_ref/dct.cpp:56]   --->   Operation 516 'store' 'store_ln56' <Predicate = true> <Delay = 0.67> <CoreInst = "RAM">   --->   Core 82 'RAM' <Latency = 1> <II = 1> <Delay = 0.67> <Storage> <Opcode : 'load' 'store'> <Ports = 2> <Width = 16> <Depth = 8> <RAM>
ST_18 : Operation 517 [1/1] (0.67ns)   --->   "%store_ln56 = store i16 %col_outbuf_15_addr_ret, i3 %out_block_1_addr_7" [../dct_ref/dct.cpp:56]   --->   Operation 517 'store' 'store_ln56' <Predicate = true> <Delay = 0.67> <CoreInst = "RAM">   --->   Core 82 'RAM' <Latency = 1> <II = 1> <Delay = 0.67> <Storage> <Opcode : 'load' 'store'> <Ports = 2> <Width = 16> <Depth = 8> <RAM>

State 19 <SV = 18> <Delay = 0.67>
ST_19 : Operation 518 [1/1] (0.00ns)   --->   "%out_block_6_addr_2 = getelementptr i16 %out_block_6, i64 0, i64 2" [../dct_ref/dct.cpp:56]   --->   Operation 518 'getelementptr' 'out_block_6_addr_2' <Predicate = true> <Delay = 0.00>
ST_19 : Operation 519 [1/1] (0.00ns)   --->   "%out_block_7_addr_2 = getelementptr i16 %out_block_7, i64 0, i64 2" [../dct_ref/dct.cpp:56]   --->   Operation 519 'getelementptr' 'out_block_7_addr_2' <Predicate = true> <Delay = 0.00>
ST_19 : Operation 520 [1/1] (0.00ns)   --->   "%out_block_6_addr_3 = getelementptr i16 %out_block_6, i64 0, i64 3" [../dct_ref/dct.cpp:56]   --->   Operation 520 'getelementptr' 'out_block_6_addr_3' <Predicate = true> <Delay = 0.00>
ST_19 : Operation 521 [1/1] (0.00ns)   --->   "%out_block_7_addr_3 = getelementptr i16 %out_block_7, i64 0, i64 3" [../dct_ref/dct.cpp:56]   --->   Operation 521 'getelementptr' 'out_block_7_addr_3' <Predicate = true> <Delay = 0.00>
ST_19 : Operation 522 [1/1] (0.00ns)   --->   "%out_block_4_addr_4 = getelementptr i16 %out_block_4, i64 0, i64 4" [../dct_ref/dct.cpp:56]   --->   Operation 522 'getelementptr' 'out_block_4_addr_4' <Predicate = true> <Delay = 0.00>
ST_19 : Operation 523 [1/1] (0.00ns)   --->   "%out_block_5_addr_4 = getelementptr i16 %out_block_5, i64 0, i64 4" [../dct_ref/dct.cpp:56]   --->   Operation 523 'getelementptr' 'out_block_5_addr_4' <Predicate = true> <Delay = 0.00>
ST_19 : Operation 524 [1/1] (0.00ns)   --->   "%out_block_4_addr_5 = getelementptr i16 %out_block_4, i64 0, i64 5" [../dct_ref/dct.cpp:56]   --->   Operation 524 'getelementptr' 'out_block_4_addr_5' <Predicate = true> <Delay = 0.00>
ST_19 : Operation 525 [1/1] (0.00ns)   --->   "%out_block_5_addr_5 = getelementptr i16 %out_block_5, i64 0, i64 5" [../dct_ref/dct.cpp:56]   --->   Operation 525 'getelementptr' 'out_block_5_addr_5' <Predicate = true> <Delay = 0.00>
ST_19 : Operation 526 [1/1] (0.00ns)   --->   "%out_block_2_addr_6 = getelementptr i16 %out_block_2, i64 0, i64 6" [../dct_ref/dct.cpp:56]   --->   Operation 526 'getelementptr' 'out_block_2_addr_6' <Predicate = true> <Delay = 0.00>
ST_19 : Operation 527 [1/1] (0.00ns)   --->   "%out_block_3_addr_6 = getelementptr i16 %out_block_3, i64 0, i64 6" [../dct_ref/dct.cpp:56]   --->   Operation 527 'getelementptr' 'out_block_3_addr_6' <Predicate = true> <Delay = 0.00>
ST_19 : Operation 528 [1/1] (0.00ns)   --->   "%out_block_2_addr_7 = getelementptr i16 %out_block_2, i64 0, i64 7" [../dct_ref/dct.cpp:56]   --->   Operation 528 'getelementptr' 'out_block_2_addr_7' <Predicate = true> <Delay = 0.00>
ST_19 : Operation 529 [1/1] (0.00ns)   --->   "%out_block_3_addr_7 = getelementptr i16 %out_block_3, i64 0, i64 7" [../dct_ref/dct.cpp:56]   --->   Operation 529 'getelementptr' 'out_block_3_addr_7' <Predicate = true> <Delay = 0.00>
ST_19 : Operation 530 [1/1] (0.67ns)   --->   "%store_ln56 = store i16 %col_outbuf_2_addr_3_ret, i3 %out_block_6_addr_2" [../dct_ref/dct.cpp:56]   --->   Operation 530 'store' 'store_ln56' <Predicate = true> <Delay = 0.67> <CoreInst = "RAM">   --->   Core 82 'RAM' <Latency = 1> <II = 1> <Delay = 0.67> <Storage> <Opcode : 'load' 'store'> <Ports = 2> <Width = 16> <Depth = 8> <RAM>
ST_19 : Operation 531 [1/1] (0.67ns)   --->   "%store_ln56 = store i16 %col_outbuf_10_addr_3_ret, i3 %out_block_7_addr_2" [../dct_ref/dct.cpp:56]   --->   Operation 531 'store' 'store_ln56' <Predicate = true> <Delay = 0.67> <CoreInst = "RAM">   --->   Core 82 'RAM' <Latency = 1> <II = 1> <Delay = 0.67> <Storage> <Opcode : 'load' 'store'> <Ports = 2> <Width = 16> <Depth = 8> <RAM>
ST_19 : Operation 532 [1/1] (0.67ns)   --->   "%store_ln56 = store i16 %col_outbuf_3_addr_3_ret, i3 %out_block_6_addr_3" [../dct_ref/dct.cpp:56]   --->   Operation 532 'store' 'store_ln56' <Predicate = true> <Delay = 0.67> <CoreInst = "RAM">   --->   Core 82 'RAM' <Latency = 1> <II = 1> <Delay = 0.67> <Storage> <Opcode : 'load' 'store'> <Ports = 2> <Width = 16> <Depth = 8> <RAM>
ST_19 : Operation 533 [1/1] (0.67ns)   --->   "%store_ln56 = store i16 %col_outbuf_11_addr_3_ret, i3 %out_block_7_addr_3" [../dct_ref/dct.cpp:56]   --->   Operation 533 'store' 'store_ln56' <Predicate = true> <Delay = 0.67> <CoreInst = "RAM">   --->   Core 82 'RAM' <Latency = 1> <II = 1> <Delay = 0.67> <Storage> <Opcode : 'load' 'store'> <Ports = 2> <Width = 16> <Depth = 8> <RAM>
ST_19 : Operation 534 [1/1] (0.67ns)   --->   "%store_ln56 = store i16 %col_outbuf_4_addr_2_ret, i3 %out_block_4_addr_4" [../dct_ref/dct.cpp:56]   --->   Operation 534 'store' 'store_ln56' <Predicate = true> <Delay = 0.67> <CoreInst = "RAM">   --->   Core 82 'RAM' <Latency = 1> <II = 1> <Delay = 0.67> <Storage> <Opcode : 'load' 'store'> <Ports = 2> <Width = 16> <Depth = 8> <RAM>
ST_19 : Operation 535 [1/1] (0.67ns)   --->   "%store_ln56 = store i16 %col_outbuf_12_addr_2_ret, i3 %out_block_5_addr_4" [../dct_ref/dct.cpp:56]   --->   Operation 535 'store' 'store_ln56' <Predicate = true> <Delay = 0.67> <CoreInst = "RAM">   --->   Core 82 'RAM' <Latency = 1> <II = 1> <Delay = 0.67> <Storage> <Opcode : 'load' 'store'> <Ports = 2> <Width = 16> <Depth = 8> <RAM>
ST_19 : Operation 536 [1/1] (0.67ns)   --->   "%store_ln56 = store i16 %col_outbuf_5_addr_2_ret, i3 %out_block_4_addr_5" [../dct_ref/dct.cpp:56]   --->   Operation 536 'store' 'store_ln56' <Predicate = true> <Delay = 0.67> <CoreInst = "RAM">   --->   Core 82 'RAM' <Latency = 1> <II = 1> <Delay = 0.67> <Storage> <Opcode : 'load' 'store'> <Ports = 2> <Width = 16> <Depth = 8> <RAM>
ST_19 : Operation 537 [1/1] (0.67ns)   --->   "%store_ln56 = store i16 %col_outbuf_13_addr_2_ret, i3 %out_block_5_addr_5" [../dct_ref/dct.cpp:56]   --->   Operation 537 'store' 'store_ln56' <Predicate = true> <Delay = 0.67> <CoreInst = "RAM">   --->   Core 82 'RAM' <Latency = 1> <II = 1> <Delay = 0.67> <Storage> <Opcode : 'load' 'store'> <Ports = 2> <Width = 16> <Depth = 8> <RAM>
ST_19 : Operation 538 [1/1] (0.67ns)   --->   "%store_ln56 = store i16 %col_outbuf_6_addr_1_ret, i3 %out_block_2_addr_6" [../dct_ref/dct.cpp:56]   --->   Operation 538 'store' 'store_ln56' <Predicate = true> <Delay = 0.67> <CoreInst = "RAM">   --->   Core 82 'RAM' <Latency = 1> <II = 1> <Delay = 0.67> <Storage> <Opcode : 'load' 'store'> <Ports = 2> <Width = 16> <Depth = 8> <RAM>
ST_19 : Operation 539 [1/1] (0.67ns)   --->   "%store_ln56 = store i16 %col_outbuf_14_addr_1_ret, i3 %out_block_3_addr_6" [../dct_ref/dct.cpp:56]   --->   Operation 539 'store' 'store_ln56' <Predicate = true> <Delay = 0.67> <CoreInst = "RAM">   --->   Core 82 'RAM' <Latency = 1> <II = 1> <Delay = 0.67> <Storage> <Opcode : 'load' 'store'> <Ports = 2> <Width = 16> <Depth = 8> <RAM>
ST_19 : Operation 540 [1/1] (0.67ns)   --->   "%store_ln56 = store i16 %col_outbuf_7_addr_1_ret, i3 %out_block_2_addr_7" [../dct_ref/dct.cpp:56]   --->   Operation 540 'store' 'store_ln56' <Predicate = true> <Delay = 0.67> <CoreInst = "RAM">   --->   Core 82 'RAM' <Latency = 1> <II = 1> <Delay = 0.67> <Storage> <Opcode : 'load' 'store'> <Ports = 2> <Width = 16> <Depth = 8> <RAM>
ST_19 : Operation 541 [1/1] (0.67ns)   --->   "%store_ln56 = store i16 %col_outbuf_15_addr_1_ret, i3 %out_block_3_addr_7" [../dct_ref/dct.cpp:56]   --->   Operation 541 'store' 'store_ln56' <Predicate = true> <Delay = 0.67> <CoreInst = "RAM">   --->   Core 82 'RAM' <Latency = 1> <II = 1> <Delay = 0.67> <Storage> <Opcode : 'load' 'store'> <Ports = 2> <Width = 16> <Depth = 8> <RAM>

State 20 <SV = 19> <Delay = 0.67>
ST_20 : Operation 542 [1/1] (0.00ns)   --->   "%out_block_6_addr_4 = getelementptr i16 %out_block_6, i64 0, i64 4" [../dct_ref/dct.cpp:56]   --->   Operation 542 'getelementptr' 'out_block_6_addr_4' <Predicate = true> <Delay = 0.00>
ST_20 : Operation 543 [1/1] (0.00ns)   --->   "%out_block_7_addr_4 = getelementptr i16 %out_block_7, i64 0, i64 4" [../dct_ref/dct.cpp:56]   --->   Operation 543 'getelementptr' 'out_block_7_addr_4' <Predicate = true> <Delay = 0.00>
ST_20 : Operation 544 [1/1] (0.00ns)   --->   "%out_block_6_addr_5 = getelementptr i16 %out_block_6, i64 0, i64 5" [../dct_ref/dct.cpp:56]   --->   Operation 544 'getelementptr' 'out_block_6_addr_5' <Predicate = true> <Delay = 0.00>
ST_20 : Operation 545 [1/1] (0.00ns)   --->   "%out_block_7_addr_5 = getelementptr i16 %out_block_7, i64 0, i64 5" [../dct_ref/dct.cpp:56]   --->   Operation 545 'getelementptr' 'out_block_7_addr_5' <Predicate = true> <Delay = 0.00>
ST_20 : Operation 546 [1/1] (0.00ns)   --->   "%out_block_4_addr_6 = getelementptr i16 %out_block_4, i64 0, i64 6" [../dct_ref/dct.cpp:56]   --->   Operation 546 'getelementptr' 'out_block_4_addr_6' <Predicate = true> <Delay = 0.00>
ST_20 : Operation 547 [1/1] (0.00ns)   --->   "%out_block_5_addr_6 = getelementptr i16 %out_block_5, i64 0, i64 6" [../dct_ref/dct.cpp:56]   --->   Operation 547 'getelementptr' 'out_block_5_addr_6' <Predicate = true> <Delay = 0.00>
ST_20 : Operation 548 [1/1] (0.00ns)   --->   "%out_block_4_addr_7 = getelementptr i16 %out_block_4, i64 0, i64 7" [../dct_ref/dct.cpp:56]   --->   Operation 548 'getelementptr' 'out_block_4_addr_7' <Predicate = true> <Delay = 0.00>
ST_20 : Operation 549 [1/1] (0.00ns)   --->   "%out_block_5_addr_7 = getelementptr i16 %out_block_5, i64 0, i64 7" [../dct_ref/dct.cpp:56]   --->   Operation 549 'getelementptr' 'out_block_5_addr_7' <Predicate = true> <Delay = 0.00>
ST_20 : Operation 550 [1/1] (0.67ns)   --->   "%store_ln56 = store i16 %col_outbuf_4_addr_3_ret, i3 %out_block_6_addr_4" [../dct_ref/dct.cpp:56]   --->   Operation 550 'store' 'store_ln56' <Predicate = true> <Delay = 0.67> <CoreInst = "RAM">   --->   Core 82 'RAM' <Latency = 1> <II = 1> <Delay = 0.67> <Storage> <Opcode : 'load' 'store'> <Ports = 2> <Width = 16> <Depth = 8> <RAM>
ST_20 : Operation 551 [1/1] (0.67ns)   --->   "%store_ln56 = store i16 %col_outbuf_12_addr_3_ret, i3 %out_block_7_addr_4" [../dct_ref/dct.cpp:56]   --->   Operation 551 'store' 'store_ln56' <Predicate = true> <Delay = 0.67> <CoreInst = "RAM">   --->   Core 82 'RAM' <Latency = 1> <II = 1> <Delay = 0.67> <Storage> <Opcode : 'load' 'store'> <Ports = 2> <Width = 16> <Depth = 8> <RAM>
ST_20 : Operation 552 [1/1] (0.67ns)   --->   "%store_ln56 = store i16 %col_outbuf_5_addr_3_ret, i3 %out_block_6_addr_5" [../dct_ref/dct.cpp:56]   --->   Operation 552 'store' 'store_ln56' <Predicate = true> <Delay = 0.67> <CoreInst = "RAM">   --->   Core 82 'RAM' <Latency = 1> <II = 1> <Delay = 0.67> <Storage> <Opcode : 'load' 'store'> <Ports = 2> <Width = 16> <Depth = 8> <RAM>
ST_20 : Operation 553 [1/1] (0.67ns)   --->   "%store_ln56 = store i16 %col_outbuf_13_addr_3_ret, i3 %out_block_7_addr_5" [../dct_ref/dct.cpp:56]   --->   Operation 553 'store' 'store_ln56' <Predicate = true> <Delay = 0.67> <CoreInst = "RAM">   --->   Core 82 'RAM' <Latency = 1> <II = 1> <Delay = 0.67> <Storage> <Opcode : 'load' 'store'> <Ports = 2> <Width = 16> <Depth = 8> <RAM>
ST_20 : Operation 554 [1/1] (0.67ns)   --->   "%store_ln56 = store i16 %col_outbuf_6_addr_2_ret, i3 %out_block_4_addr_6" [../dct_ref/dct.cpp:56]   --->   Operation 554 'store' 'store_ln56' <Predicate = true> <Delay = 0.67> <CoreInst = "RAM">   --->   Core 82 'RAM' <Latency = 1> <II = 1> <Delay = 0.67> <Storage> <Opcode : 'load' 'store'> <Ports = 2> <Width = 16> <Depth = 8> <RAM>
ST_20 : Operation 555 [1/1] (0.67ns)   --->   "%store_ln56 = store i16 %col_outbuf_14_addr_2_ret, i3 %out_block_5_addr_6" [../dct_ref/dct.cpp:56]   --->   Operation 555 'store' 'store_ln56' <Predicate = true> <Delay = 0.67> <CoreInst = "RAM">   --->   Core 82 'RAM' <Latency = 1> <II = 1> <Delay = 0.67> <Storage> <Opcode : 'load' 'store'> <Ports = 2> <Width = 16> <Depth = 8> <RAM>
ST_20 : Operation 556 [1/1] (0.67ns)   --->   "%store_ln56 = store i16 %col_outbuf_7_addr_2_ret, i3 %out_block_4_addr_7" [../dct_ref/dct.cpp:56]   --->   Operation 556 'store' 'store_ln56' <Predicate = true> <Delay = 0.67> <CoreInst = "RAM">   --->   Core 82 'RAM' <Latency = 1> <II = 1> <Delay = 0.67> <Storage> <Opcode : 'load' 'store'> <Ports = 2> <Width = 16> <Depth = 8> <RAM>
ST_20 : Operation 557 [1/1] (0.67ns)   --->   "%store_ln56 = store i16 %col_outbuf_15_addr_2_ret, i3 %out_block_5_addr_7" [../dct_ref/dct.cpp:56]   --->   Operation 557 'store' 'store_ln56' <Predicate = true> <Delay = 0.67> <CoreInst = "RAM">   --->   Core 82 'RAM' <Latency = 1> <II = 1> <Delay = 0.67> <Storage> <Opcode : 'load' 'store'> <Ports = 2> <Width = 16> <Depth = 8> <RAM>

State 21 <SV = 20> <Delay = 0.67>
ST_21 : Operation 558 [1/1] (0.00ns)   --->   "%specpipeline_ln30 = specpipeline void @_ssdm_op_SpecPipeline, i32 4, i32 0, i32 0, i32 0, void @empty_0" [../dct_ref/dct.cpp:30]   --->   Operation 558 'specpipeline' 'specpipeline_ln30' <Predicate = true> <Delay = 0.00>
ST_21 : Operation 559 [1/1] (0.00ns)   --->   "%out_block_6_addr_6 = getelementptr i16 %out_block_6, i64 0, i64 6" [../dct_ref/dct.cpp:56]   --->   Operation 559 'getelementptr' 'out_block_6_addr_6' <Predicate = true> <Delay = 0.00>
ST_21 : Operation 560 [1/1] (0.00ns)   --->   "%out_block_7_addr_6 = getelementptr i16 %out_block_7, i64 0, i64 6" [../dct_ref/dct.cpp:56]   --->   Operation 560 'getelementptr' 'out_block_7_addr_6' <Predicate = true> <Delay = 0.00>
ST_21 : Operation 561 [1/1] (0.00ns)   --->   "%out_block_6_addr_7 = getelementptr i16 %out_block_6, i64 0, i64 7" [../dct_ref/dct.cpp:56]   --->   Operation 561 'getelementptr' 'out_block_6_addr_7' <Predicate = true> <Delay = 0.00>
ST_21 : Operation 562 [1/1] (0.00ns)   --->   "%out_block_7_addr_7 = getelementptr i16 %out_block_7, i64 0, i64 7" [../dct_ref/dct.cpp:56]   --->   Operation 562 'getelementptr' 'out_block_7_addr_7' <Predicate = true> <Delay = 0.00>
ST_21 : Operation 563 [1/1] (0.67ns)   --->   "%store_ln56 = store i16 %col_outbuf_6_addr_3_ret, i3 %out_block_6_addr_6" [../dct_ref/dct.cpp:56]   --->   Operation 563 'store' 'store_ln56' <Predicate = true> <Delay = 0.67> <CoreInst = "RAM">   --->   Core 82 'RAM' <Latency = 1> <II = 1> <Delay = 0.67> <Storage> <Opcode : 'load' 'store'> <Ports = 2> <Width = 16> <Depth = 8> <RAM>
ST_21 : Operation 564 [1/1] (0.67ns)   --->   "%store_ln56 = store i16 %col_outbuf_14_addr_3_ret, i3 %out_block_7_addr_6" [../dct_ref/dct.cpp:56]   --->   Operation 564 'store' 'store_ln56' <Predicate = true> <Delay = 0.67> <CoreInst = "RAM">   --->   Core 82 'RAM' <Latency = 1> <II = 1> <Delay = 0.67> <Storage> <Opcode : 'load' 'store'> <Ports = 2> <Width = 16> <Depth = 8> <RAM>
ST_21 : Operation 565 [1/1] (0.67ns)   --->   "%store_ln56 = store i16 %col_outbuf_7_addr_3_ret, i3 %out_block_6_addr_7" [../dct_ref/dct.cpp:56]   --->   Operation 565 'store' 'store_ln56' <Predicate = true> <Delay = 0.67> <CoreInst = "RAM">   --->   Core 82 'RAM' <Latency = 1> <II = 1> <Delay = 0.67> <Storage> <Opcode : 'load' 'store'> <Ports = 2> <Width = 16> <Depth = 8> <RAM>
ST_21 : Operation 566 [1/1] (0.67ns)   --->   "%store_ln56 = store i16 %col_outbuf_15_addr_3_ret, i3 %out_block_7_addr_7" [../dct_ref/dct.cpp:56]   --->   Operation 566 'store' 'store_ln56' <Predicate = true> <Delay = 0.67> <CoreInst = "RAM">   --->   Core 82 'RAM' <Latency = 1> <II = 1> <Delay = 0.67> <Storage> <Opcode : 'load' 'store'> <Ports = 2> <Width = 16> <Depth = 8> <RAM>
ST_21 : Operation 567 [1/1] (0.00ns)   --->   "%ret_ln57 = ret" [../dct_ref/dct.cpp:57]   --->   Operation 567 'ret' 'ret_ln57' <Predicate = true> <Delay = 0.00>


============================================================
+ Verbose Summary: Binding
============================================================
STG Binding: 
---------------- STG Properties BEGIN ----------------
- Is combinational: 0
- Is one-state seq: 0
- Is datapath-only: 0
- Is pipelined: 1
- Is top level: 0
Port [ Return ] is wired: 1; IO mode=ap_ctrl_hs:ce=0
Port [ in_block_0]:  wired=1; compound=1; hidden=0; nouse=0; global=0; static=0; extern=0; dir=0; type=1; pingpong=0; private_global=0; MemPort=[11]; IO mode=ap_memory:ce=0
Port [ in_block_1]:  wired=1; compound=1; hidden=0; nouse=0; global=0; static=0; extern=0; dir=0; type=1; pingpong=0; private_global=0; MemPort=[11]; IO mode=ap_memory:ce=0
Port [ in_block_2]:  wired=1; compound=1; hidden=0; nouse=0; global=0; static=0; extern=0; dir=0; type=1; pingpong=0; private_global=0; MemPort=[11]; IO mode=ap_memory:ce=0
Port [ in_block_3]:  wired=1; compound=1; hidden=0; nouse=0; global=0; static=0; extern=0; dir=0; type=1; pingpong=0; private_global=0; MemPort=[11]; IO mode=ap_memory:ce=0
Port [ in_block_4]:  wired=1; compound=1; hidden=0; nouse=0; global=0; static=0; extern=0; dir=0; type=1; pingpong=0; private_global=0; MemPort=[11]; IO mode=ap_memory:ce=0
Port [ in_block_5]:  wired=1; compound=1; hidden=0; nouse=0; global=0; static=0; extern=0; dir=0; type=1; pingpong=0; private_global=0; MemPort=[11]; IO mode=ap_memory:ce=0
Port [ in_block_6]:  wired=1; compound=1; hidden=0; nouse=0; global=0; static=0; extern=0; dir=0; type=1; pingpong=0; private_global=0; MemPort=[11]; IO mode=ap_memory:ce=0
Port [ in_block_7]:  wired=1; compound=1; hidden=0; nouse=0; global=0; static=0; extern=0; dir=0; type=1; pingpong=0; private_global=0; MemPort=[11]; IO mode=ap_memory:ce=0
Port [ out_block_0]:  wired=1; compound=1; hidden=0; nouse=0; global=0; static=0; extern=0; dir=1; type=1; pingpong=0; private_global=0; MemPort=[00]; IO mode=ap_memory:ce=0
Port [ out_block_1]:  wired=1; compound=1; hidden=0; nouse=0; global=0; static=0; extern=0; dir=1; type=1; pingpong=0; private_global=0; MemPort=[00]; IO mode=ap_memory:ce=0
Port [ out_block_2]:  wired=1; compound=1; hidden=0; nouse=0; global=0; static=0; extern=0; dir=1; type=1; pingpong=0; private_global=0; MemPort=[00]; IO mode=ap_memory:ce=0
Port [ out_block_3]:  wired=1; compound=1; hidden=0; nouse=0; global=0; static=0; extern=0; dir=1; type=1; pingpong=0; private_global=0; MemPort=[00]; IO mode=ap_memory:ce=0
Port [ out_block_4]:  wired=1; compound=1; hidden=0; nouse=0; global=0; static=0; extern=0; dir=1; type=1; pingpong=0; private_global=0; MemPort=[00]; IO mode=ap_memory:ce=0
Port [ out_block_5]:  wired=1; compound=1; hidden=0; nouse=0; global=0; static=0; extern=0; dir=1; type=1; pingpong=0; private_global=0; MemPort=[00]; IO mode=ap_memory:ce=0
Port [ out_block_6]:  wired=1; compound=1; hidden=0; nouse=0; global=0; static=0; extern=0; dir=1; type=1; pingpong=0; private_global=0; MemPort=[00]; IO mode=ap_memory:ce=0
Port [ out_block_7]:  wired=1; compound=1; hidden=0; nouse=0; global=0; static=0; extern=0; dir=1; type=1; pingpong=0; private_global=0; MemPort=[00]; IO mode=ap_memory:ce=0
---------------- STG Properties END ------------------

---------------- Datapath Model BEGIN ----------------

<LifeTime>
<method=bitvector/>
in_block_0_addr          (getelementptr) [ 0010000000000000000000]
in_block_1_addr          (getelementptr) [ 0010000000000000000000]
in_block_2_addr          (getelementptr) [ 0010000000000000000000]
in_block_3_addr          (getelementptr) [ 0010000000000000000000]
in_block_4_addr          (getelementptr) [ 0010000000000000000000]
in_block_5_addr          (getelementptr) [ 0010000000000000000000]
in_block_6_addr          (getelementptr) [ 0010000000000000000000]
in_block_7_addr          (getelementptr) [ 0010000000000000000000]
in_block_0_addr_1        (getelementptr) [ 0010000000000000000000]
in_block_1_addr_1        (getelementptr) [ 0010000000000000000000]
in_block_2_addr_1        (getelementptr) [ 0010000000000000000000]
in_block_3_addr_1        (getelementptr) [ 0010000000000000000000]
in_block_4_addr_1        (getelementptr) [ 0010000000000000000000]
in_block_5_addr_1        (getelementptr) [ 0010000000000000000000]
in_block_6_addr_1        (getelementptr) [ 0010000000000000000000]
in_block_7_addr_1        (getelementptr) [ 0010000000000000000000]
in_block_0_load          (load         ) [ 0111111100000000000000]
in_block_1_load          (load         ) [ 0111111100000000000000]
in_block_2_load          (load         ) [ 0111111100000000000000]
in_block_3_load          (load         ) [ 0111111100000000000000]
in_block_4_load          (load         ) [ 0111111100000000000000]
in_block_5_load          (load         ) [ 0111111100000000000000]
in_block_6_load          (load         ) [ 0111111100000000000000]
in_block_7_load          (load         ) [ 0111111100000000000000]
in_block_0_load_1        (load         ) [ 0111111100000000000000]
in_block_1_load_1        (load         ) [ 0111111100000000000000]
in_block_2_load_1        (load         ) [ 0111111100000000000000]
in_block_3_load_1        (load         ) [ 0111111100000000000000]
in_block_4_load_1        (load         ) [ 0111111100000000000000]
in_block_5_load_1        (load         ) [ 0111111100000000000000]
in_block_6_load_1        (load         ) [ 0111111100000000000000]
in_block_7_load_1        (load         ) [ 0111111100000000000000]
in_block_0_addr_2        (getelementptr) [ 0001000000000000000000]
in_block_1_addr_2        (getelementptr) [ 0001000000000000000000]
in_block_2_addr_2        (getelementptr) [ 0001000000000000000000]
in_block_3_addr_2        (getelementptr) [ 0001000000000000000000]
in_block_4_addr_2        (getelementptr) [ 0001000000000000000000]
in_block_5_addr_2        (getelementptr) [ 0001000000000000000000]
in_block_6_addr_2        (getelementptr) [ 0001000000000000000000]
in_block_7_addr_2        (getelementptr) [ 0001000000000000000000]
in_block_0_addr_3        (getelementptr) [ 0001000000000000000000]
in_block_1_addr_3        (getelementptr) [ 0001000000000000000000]
in_block_2_addr_3        (getelementptr) [ 0001000000000000000000]
in_block_3_addr_3        (getelementptr) [ 0001000000000000000000]
in_block_4_addr_3        (getelementptr) [ 0001000000000000000000]
in_block_5_addr_3        (getelementptr) [ 0001000000000000000000]
in_block_6_addr_3        (getelementptr) [ 0001000000000000000000]
in_block_7_addr_3        (getelementptr) [ 0001000000000000000000]
in_block_0_load_2        (load         ) [ 0111111110000000000000]
in_block_1_load_2        (load         ) [ 0111111110000000000000]
in_block_2_load_2        (load         ) [ 0111111110000000000000]
in_block_3_load_2        (load         ) [ 0111111110000000000000]
in_block_4_load_2        (load         ) [ 0111111110000000000000]
in_block_5_load_2        (load         ) [ 0111111110000000000000]
in_block_6_load_2        (load         ) [ 0111111110000000000000]
in_block_7_load_2        (load         ) [ 0111111110000000000000]
in_block_0_load_3        (load         ) [ 0111111110000000000000]
in_block_1_load_3        (load         ) [ 0111111110000000000000]
in_block_2_load_3        (load         ) [ 0111111110000000000000]
in_block_3_load_3        (load         ) [ 0111111110000000000000]
in_block_4_load_3        (load         ) [ 0111111110000000000000]
in_block_5_load_3        (load         ) [ 0111111110000000000000]
in_block_6_load_3        (load         ) [ 0111111110000000000000]
in_block_7_load_3        (load         ) [ 0111111110000000000000]
in_block_0_addr_4        (getelementptr) [ 0000100000000000000000]
in_block_1_addr_4        (getelementptr) [ 0000100000000000000000]
in_block_2_addr_4        (getelementptr) [ 0000100000000000000000]
in_block_3_addr_4        (getelementptr) [ 0000100000000000000000]
in_block_4_addr_4        (getelementptr) [ 0000100000000000000000]
in_block_5_addr_4        (getelementptr) [ 0000100000000000000000]
in_block_6_addr_4        (getelementptr) [ 0000100000000000000000]
in_block_7_addr_4        (getelementptr) [ 0000100000000000000000]
in_block_0_addr_5        (getelementptr) [ 0000100000000000000000]
in_block_1_addr_5        (getelementptr) [ 0000100000000000000000]
in_block_2_addr_5        (getelementptr) [ 0000100000000000000000]
in_block_3_addr_5        (getelementptr) [ 0000100000000000000000]
in_block_4_addr_5        (getelementptr) [ 0000100000000000000000]
in_block_5_addr_5        (getelementptr) [ 0000100000000000000000]
in_block_6_addr_5        (getelementptr) [ 0000100000000000000000]
in_block_7_addr_5        (getelementptr) [ 0000100000000000000000]
in_block_0_load_4        (load         ) [ 0111111111000000000000]
in_block_1_load_4        (load         ) [ 0111111111000000000000]
in_block_2_load_4        (load         ) [ 0111111111000000000000]
in_block_3_load_4        (load         ) [ 0111111111000000000000]
in_block_4_load_4        (load         ) [ 0111111111000000000000]
in_block_5_load_4        (load         ) [ 0111111111000000000000]
in_block_6_load_4        (load         ) [ 0111111111000000000000]
in_block_7_load_4        (load         ) [ 0111111111000000000000]
in_block_0_load_5        (load         ) [ 0111111111000000000000]
in_block_1_load_5        (load         ) [ 0111111111000000000000]
in_block_2_load_5        (load         ) [ 0111111111000000000000]
in_block_3_load_5        (load         ) [ 0111111111000000000000]
in_block_4_load_5        (load         ) [ 0111111111000000000000]
in_block_5_load_5        (load         ) [ 0111111111000000000000]
in_block_6_load_5        (load         ) [ 0111111111000000000000]
in_block_7_load_5        (load         ) [ 0111111111000000000000]
in_block_0_addr_6        (getelementptr) [ 0100010000000000000000]
in_block_1_addr_6        (getelementptr) [ 0100010000000000000000]
in_block_2_addr_6        (getelementptr) [ 0100010000000000000000]
in_block_3_addr_6        (getelementptr) [ 0100010000000000000000]
in_block_4_addr_6        (getelementptr) [ 0100010000000000000000]
in_block_5_addr_6        (getelementptr) [ 0100010000000000000000]
in_block_6_addr_6        (getelementptr) [ 0100010000000000000000]
in_block_7_addr_6        (getelementptr) [ 0100010000000000000000]
in_block_0_addr_7        (getelementptr) [ 0100010000000000000000]
in_block_1_addr_7        (getelementptr) [ 0100010000000000000000]
in_block_2_addr_7        (getelementptr) [ 0100010000000000000000]
in_block_3_addr_7        (getelementptr) [ 0100010000000000000000]
in_block_4_addr_7        (getelementptr) [ 0100010000000000000000]
in_block_5_addr_7        (getelementptr) [ 0100010000000000000000]
in_block_6_addr_7        (getelementptr) [ 0100010000000000000000]
in_block_7_addr_7        (getelementptr) [ 0100010000000000000000]
in_block_0_load_6        (load         ) [ 0111101111100000000000]
in_block_1_load_6        (load         ) [ 0111101111100000000000]
in_block_2_load_6        (load         ) [ 0111101111100000000000]
in_block_3_load_6        (load         ) [ 0111101111100000000000]
in_block_4_load_6        (load         ) [ 0111101111100000000000]
in_block_5_load_6        (load         ) [ 0111101111100000000000]
in_block_6_load_6        (load         ) [ 0111101111100000000000]
in_block_7_load_6        (load         ) [ 0111101111100000000000]
in_block_0_load_7        (load         ) [ 0111101111100000000000]
in_block_1_load_7        (load         ) [ 0111101111100000000000]
in_block_2_load_7        (load         ) [ 0111101111100000000000]
in_block_3_load_7        (load         ) [ 0111101111100000000000]
in_block_4_load_7        (load         ) [ 0111101111100000000000]
in_block_5_load_7        (load         ) [ 0111101111100000000000]
in_block_6_load_7        (load         ) [ 0111101111100000000000]
in_block_7_load_7        (load         ) [ 0111101111100000000000]
dct_1d_ret1              (call         ) [ 0000000000000000000000]
row_outbuf_addr_ret      (extractvalue ) [ 0111100011111111000000]
row_outbuf_1_addr_ret    (extractvalue ) [ 0111100011111111000000]
row_outbuf_2_addr_ret    (extractvalue ) [ 0111100011111111100000]
row_outbuf_3_addr_ret    (extractvalue ) [ 0111100011111111100000]
row_outbuf_4_addr_ret    (extractvalue ) [ 0111100011111111110000]
row_outbuf_5_addr_ret    (extractvalue ) [ 0111100011111111110000]
row_outbuf_6_addr_ret    (extractvalue ) [ 0111100011111111111000]
row_outbuf_7_addr_ret    (extractvalue ) [ 0111100011111111111000]
dct_1d_ret2              (call         ) [ 0000000000000000000000]
row_outbuf_8_addr_ret    (extractvalue ) [ 0111100011111111000000]
row_outbuf_9_addr_ret    (extractvalue ) [ 0111100011111111000000]
row_outbuf_10_addr_ret   (extractvalue ) [ 0111100011111111100000]
row_outbuf_11_addr_ret   (extractvalue ) [ 0111100011111111100000]
row_outbuf_12_addr_ret   (extractvalue ) [ 0111100011111111110000]
row_outbuf_13_addr_ret   (extractvalue ) [ 0111100011111111110000]
row_outbuf_14_addr_ret   (extractvalue ) [ 0111100011111111111000]
row_outbuf_15_addr_ret   (extractvalue ) [ 0111100011111111111000]
dct_1d_ret3              (call         ) [ 0000000000000000000000]
row_outbuf_addr_1_ret    (extractvalue ) [ 0111100001111111000000]
row_outbuf_1_addr_1_ret  (extractvalue ) [ 0111100001111111000000]
row_outbuf_2_addr_1_ret  (extractvalue ) [ 0111100001111111100000]
row_outbuf_3_addr_1_ret  (extractvalue ) [ 0111100001111111100000]
row_outbuf_4_addr_1_ret  (extractvalue ) [ 0111100001111111110000]
row_outbuf_5_addr_1_ret  (extractvalue ) [ 0111100001111111110000]
row_outbuf_6_addr_1_ret  (extractvalue ) [ 0111100001111111111000]
row_outbuf_7_addr_1_ret  (extractvalue ) [ 0111100001111111111000]
dct_1d_ret4              (call         ) [ 0000000000000000000000]
row_outbuf_8_addr_1_ret  (extractvalue ) [ 0111100001111111000000]
row_outbuf_9_addr_1_ret  (extractvalue ) [ 0111100001111111000000]
row_outbuf_10_addr_1_ret (extractvalue ) [ 0111100001111111100000]
row_outbuf_11_addr_1_ret (extractvalue ) [ 0111100001111111100000]
row_outbuf_12_addr_1_ret (extractvalue ) [ 0111100001111111110000]
row_outbuf_13_addr_1_ret (extractvalue ) [ 0111100001111111110000]
row_outbuf_14_addr_1_ret (extractvalue ) [ 0111100001111111111000]
row_outbuf_15_addr_1_ret (extractvalue ) [ 0111100001111111111000]
dct_1d_ret5              (call         ) [ 0000000000000000000000]
row_outbuf_addr_2_ret    (extractvalue ) [ 0111100000111111000000]
row_outbuf_1_addr_2_ret  (extractvalue ) [ 0111100000111111000000]
row_outbuf_2_addr_2_ret  (extractvalue ) [ 0111100000111111100000]
row_outbuf_3_addr_2_ret  (extractvalue ) [ 0111100000111111100000]
row_outbuf_4_addr_2_ret  (extractvalue ) [ 0111100000111111110000]
row_outbuf_5_addr_2_ret  (extractvalue ) [ 0111100000111111110000]
row_outbuf_6_addr_2_ret  (extractvalue ) [ 0111100000111111111000]
row_outbuf_7_addr_2_ret  (extractvalue ) [ 0111100000111111111000]
dct_1d_ret6              (call         ) [ 0000000000000000000000]
row_outbuf_8_addr_2_ret  (extractvalue ) [ 0111100000111111000000]
row_outbuf_9_addr_2_ret  (extractvalue ) [ 0111100000111111000000]
row_outbuf_10_addr_2_ret (extractvalue ) [ 0111100000111111100000]
row_outbuf_11_addr_2_ret (extractvalue ) [ 0111100000111111100000]
row_outbuf_12_addr_2_ret (extractvalue ) [ 0111100000111111110000]
row_outbuf_13_addr_2_ret (extractvalue ) [ 0111100000111111110000]
row_outbuf_14_addr_2_ret (extractvalue ) [ 0111100000111111111000]
row_outbuf_15_addr_2_ret (extractvalue ) [ 0111100000111111111000]
dct_1d_ret7              (call         ) [ 0000000000000000000000]
row_outbuf_addr_3_ret    (extractvalue ) [ 0111100000011111000000]
row_outbuf_1_addr_3_ret  (extractvalue ) [ 0111100000011111000000]
row_outbuf_2_addr_3_ret  (extractvalue ) [ 0111100000011111100000]
row_outbuf_3_addr_3_ret  (extractvalue ) [ 0111100000011111100000]
row_outbuf_4_addr_3_ret  (extractvalue ) [ 0111100000011111110000]
row_outbuf_5_addr_3_ret  (extractvalue ) [ 0111100000011111110000]
row_outbuf_6_addr_3_ret  (extractvalue ) [ 0111100000011111111000]
row_outbuf_7_addr_3_ret  (extractvalue ) [ 0111100000011111111000]
dct_1d_ret8              (call         ) [ 0000000000000000000000]
row_outbuf_8_addr_3_ret  (extractvalue ) [ 0111100000011111000000]
row_outbuf_9_addr_3_ret  (extractvalue ) [ 0111100000011111000000]
row_outbuf_10_addr_3_ret (extractvalue ) [ 0111100000011111100000]
row_outbuf_11_addr_3_ret (extractvalue ) [ 0111100000011111100000]
row_outbuf_12_addr_3_ret (extractvalue ) [ 0111100000011111110000]
row_outbuf_13_addr_3_ret (extractvalue ) [ 0111100000011111110000]
row_outbuf_14_addr_3_ret (extractvalue ) [ 0111100000011111111000]
row_outbuf_15_addr_3_ret (extractvalue ) [ 0111100000011111111000]
dct_1d_ret9              (call         ) [ 0000000000000000000000]
col_outbuf_addr_ret      (extractvalue ) [ 0000000000000000000000]
col_outbuf_1_addr_ret    (extractvalue ) [ 0000000000000000000000]
col_outbuf_2_addr_ret    (extractvalue ) [ 0000100000000000100000]
col_outbuf_3_addr_ret    (extractvalue ) [ 0000100000000000100000]
col_outbuf_4_addr_ret    (extractvalue ) [ 0100100000000000110000]
col_outbuf_5_addr_ret    (extractvalue ) [ 0100100000000000110000]
col_outbuf_6_addr_ret    (extractvalue ) [ 0110100000000000111000]
col_outbuf_7_addr_ret    (extractvalue ) [ 0110100000000000111000]
dct_1d_ret10             (call         ) [ 0000000000000000000000]
col_outbuf_8_addr_ret    (extractvalue ) [ 0000000000000000000000]
col_outbuf_9_addr_ret    (extractvalue ) [ 0000000000000000000000]
col_outbuf_10_addr_ret   (extractvalue ) [ 0000100000000000100000]
col_outbuf_11_addr_ret   (extractvalue ) [ 0000100000000000100000]
col_outbuf_12_addr_ret   (extractvalue ) [ 0100100000000000110000]
col_outbuf_13_addr_ret   (extractvalue ) [ 0100100000000000110000]
col_outbuf_14_addr_ret   (extractvalue ) [ 0110100000000000111000]
col_outbuf_15_addr_ret   (extractvalue ) [ 0110100000000000111000]
out_block_0_addr         (getelementptr) [ 0000000000000000000000]
out_block_1_addr         (getelementptr) [ 0000000000000000000000]
out_block_0_addr_1       (getelementptr) [ 0000000000000000000000]
out_block_1_addr_1       (getelementptr) [ 0000000000000000000000]
store_ln56               (store        ) [ 0000000000000000000000]
store_ln56               (store        ) [ 0000000000000000000000]
store_ln56               (store        ) [ 0000000000000000000000]
store_ln56               (store        ) [ 0000000000000000000000]
dct_1d_ret11             (call         ) [ 0000000000000000000000]
col_outbuf_addr_1_ret    (extractvalue ) [ 0000000000000000000000]
col_outbuf_1_addr_1_ret  (extractvalue ) [ 0000000000000000000000]
col_outbuf_2_addr_1_ret  (extractvalue ) [ 0100000000000000010000]
col_outbuf_3_addr_1_ret  (extractvalue ) [ 0100000000000000010000]
col_outbuf_4_addr_1_ret  (extractvalue ) [ 0110000000000000011000]
col_outbuf_5_addr_1_ret  (extractvalue ) [ 0110000000000000011000]
col_outbuf_6_addr_1_ret  (extractvalue ) [ 0111000000000000011100]
col_outbuf_7_addr_1_ret  (extractvalue ) [ 0111000000000000011100]
dct_1d_ret12             (call         ) [ 0000000000000000000000]
col_outbuf_8_addr_1_ret  (extractvalue ) [ 0000000000000000000000]
col_outbuf_9_addr_1_ret  (extractvalue ) [ 0000000000000000000000]
col_outbuf_10_addr_1_ret (extractvalue ) [ 0100000000000000010000]
col_outbuf_11_addr_1_ret (extractvalue ) [ 0100000000000000010000]
col_outbuf_12_addr_1_ret (extractvalue ) [ 0110000000000000011000]
col_outbuf_13_addr_1_ret (extractvalue ) [ 0110000000000000011000]
col_outbuf_14_addr_1_ret (extractvalue ) [ 0111000000000000011100]
col_outbuf_15_addr_1_ret (extractvalue ) [ 0111000000000000011100]
out_block_2_addr         (getelementptr) [ 0000000000000000000000]
out_block_3_addr         (getelementptr) [ 0000000000000000000000]
out_block_2_addr_1       (getelementptr) [ 0000000000000000000000]
out_block_3_addr_1       (getelementptr) [ 0000000000000000000000]
out_block_0_addr_2       (getelementptr) [ 0000000000000000000000]
out_block_1_addr_2       (getelementptr) [ 0000000000000000000000]
out_block_0_addr_3       (getelementptr) [ 0000000000000000000000]
out_block_1_addr_3       (getelementptr) [ 0000000000000000000000]
store_ln56               (store        ) [ 0000000000000000000000]
store_ln56               (store        ) [ 0000000000000000000000]
store_ln56               (store        ) [ 0000000000000000000000]
store_ln56               (store        ) [ 0000000000000000000000]
store_ln56               (store        ) [ 0000000000000000000000]
store_ln56               (store        ) [ 0000000000000000000000]
store_ln56               (store        ) [ 0000000000000000000000]
store_ln56               (store        ) [ 0000000000000000000000]
dct_1d_ret13             (call         ) [ 0000000000000000000000]
col_outbuf_addr_2_ret    (extractvalue ) [ 0000000000000000000000]
col_outbuf_1_addr_2_ret  (extractvalue ) [ 0000000000000000000000]
col_outbuf_2_addr_2_ret  (extractvalue ) [ 0010000000000000001000]
col_outbuf_3_addr_2_ret  (extractvalue ) [ 0010000000000000001000]
col_outbuf_4_addr_2_ret  (extractvalue ) [ 0011000000000000001100]
col_outbuf_5_addr_2_ret  (extractvalue ) [ 0011000000000000001100]
col_outbuf_6_addr_2_ret  (extractvalue ) [ 0011100000000000001110]
col_outbuf_7_addr_2_ret  (extractvalue ) [ 0011100000000000001110]
dct_1d_ret14             (call         ) [ 0000000000000000000000]
col_outbuf_8_addr_2_ret  (extractvalue ) [ 0000000000000000000000]
col_outbuf_9_addr_2_ret  (extractvalue ) [ 0000000000000000000000]
col_outbuf_10_addr_2_ret (extractvalue ) [ 0010000000000000001000]
col_outbuf_11_addr_2_ret (extractvalue ) [ 0010000000000000001000]
col_outbuf_12_addr_2_ret (extractvalue ) [ 0011000000000000001100]
col_outbuf_13_addr_2_ret (extractvalue ) [ 0011000000000000001100]
col_outbuf_14_addr_2_ret (extractvalue ) [ 0011100000000000001110]
col_outbuf_15_addr_2_ret (extractvalue ) [ 0011100000000000001110]
out_block_4_addr         (getelementptr) [ 0000000000000000000000]
out_block_5_addr         (getelementptr) [ 0000000000000000000000]
out_block_4_addr_1       (getelementptr) [ 0000000000000000000000]
out_block_5_addr_1       (getelementptr) [ 0000000000000000000000]
out_block_2_addr_2       (getelementptr) [ 0000000000000000000000]
out_block_3_addr_2       (getelementptr) [ 0000000000000000000000]
out_block_2_addr_3       (getelementptr) [ 0000000000000000000000]
out_block_3_addr_3       (getelementptr) [ 0000000000000000000000]
out_block_0_addr_4       (getelementptr) [ 0000000000000000000000]
out_block_1_addr_4       (getelementptr) [ 0000000000000000000000]
out_block_0_addr_5       (getelementptr) [ 0000000000000000000000]
out_block_1_addr_5       (getelementptr) [ 0000000000000000000000]
store_ln56               (store        ) [ 0000000000000000000000]
store_ln56               (store        ) [ 0000000000000000000000]
store_ln56               (store        ) [ 0000000000000000000000]
store_ln56               (store        ) [ 0000000000000000000000]
store_ln56               (store        ) [ 0000000000000000000000]
store_ln56               (store        ) [ 0000000000000000000000]
store_ln56               (store        ) [ 0000000000000000000000]
store_ln56               (store        ) [ 0000000000000000000000]
store_ln56               (store        ) [ 0000000000000000000000]
store_ln56               (store        ) [ 0000000000000000000000]
store_ln56               (store        ) [ 0000000000000000000000]
store_ln56               (store        ) [ 0000000000000000000000]
dct_1d_ret15             (call         ) [ 0000000000000000000000]
col_outbuf_addr_3_ret    (extractvalue ) [ 0000000000000000000000]
col_outbuf_1_addr_3_ret  (extractvalue ) [ 0000000000000000000000]
col_outbuf_2_addr_3_ret  (extractvalue ) [ 0001000000000000000100]
col_outbuf_3_addr_3_ret  (extractvalue ) [ 0001000000000000000100]
col_outbuf_4_addr_3_ret  (extractvalue ) [ 0001100000000000000110]
col_outbuf_5_addr_3_ret  (extractvalue ) [ 0001100000000000000110]
col_outbuf_6_addr_3_ret  (extractvalue ) [ 0101100000000000000111]
col_outbuf_7_addr_3_ret  (extractvalue ) [ 0101100000000000000111]
dct_1d_ret               (call         ) [ 0000000000000000000000]
col_outbuf_8_addr_3_ret  (extractvalue ) [ 0000000000000000000000]
col_outbuf_9_addr_3_ret  (extractvalue ) [ 0000000000000000000000]
col_outbuf_10_addr_3_ret (extractvalue ) [ 0001000000000000000100]
col_outbuf_11_addr_3_ret (extractvalue ) [ 0001000000000000000100]
col_outbuf_12_addr_3_ret (extractvalue ) [ 0001100000000000000110]
col_outbuf_13_addr_3_ret (extractvalue ) [ 0001100000000000000110]
col_outbuf_14_addr_3_ret (extractvalue ) [ 0101100000000000000111]
col_outbuf_15_addr_3_ret (extractvalue ) [ 0101100000000000000111]
out_block_6_addr         (getelementptr) [ 0000000000000000000000]
out_block_7_addr         (getelementptr) [ 0000000000000000000000]
out_block_6_addr_1       (getelementptr) [ 0000000000000000000000]
out_block_7_addr_1       (getelementptr) [ 0000000000000000000000]
out_block_4_addr_2       (getelementptr) [ 0000000000000000000000]
out_block_5_addr_2       (getelementptr) [ 0000000000000000000000]
out_block_4_addr_3       (getelementptr) [ 0000000000000000000000]
out_block_5_addr_3       (getelementptr) [ 0000000000000000000000]
out_block_2_addr_4       (getelementptr) [ 0000000000000000000000]
out_block_3_addr_4       (getelementptr) [ 0000000000000000000000]
out_block_2_addr_5       (getelementptr) [ 0000000000000000000000]
out_block_3_addr_5       (getelementptr) [ 0000000000000000000000]
out_block_0_addr_6       (getelementptr) [ 0000000000000000000000]
out_block_1_addr_6       (getelementptr) [ 0000000000000000000000]
out_block_0_addr_7       (getelementptr) [ 0000000000000000000000]
out_block_1_addr_7       (getelementptr) [ 0000000000000000000000]
store_ln56               (store        ) [ 0000000000000000000000]
store_ln56               (store        ) [ 0000000000000000000000]
store_ln56               (store        ) [ 0000000000000000000000]
store_ln56               (store        ) [ 0000000000000000000000]
store_ln56               (store        ) [ 0000000000000000000000]
store_ln56               (store        ) [ 0000000000000000000000]
store_ln56               (store        ) [ 0000000000000000000000]
store_ln56               (store        ) [ 0000000000000000000000]
store_ln56               (store        ) [ 0000000000000000000000]
store_ln56               (store        ) [ 0000000000000000000000]
store_ln56               (store        ) [ 0000000000000000000000]
store_ln56               (store        ) [ 0000000000000000000000]
store_ln56               (store        ) [ 0000000000000000000000]
store_ln56               (store        ) [ 0000000000000000000000]
store_ln56               (store        ) [ 0000000000000000000000]
store_ln56               (store        ) [ 0000000000000000000000]
out_block_6_addr_2       (getelementptr) [ 0000000000000000000000]
out_block_7_addr_2       (getelementptr) [ 0000000000000000000000]
out_block_6_addr_3       (getelementptr) [ 0000000000000000000000]
out_block_7_addr_3       (getelementptr) [ 0000000000000000000000]
out_block_4_addr_4       (getelementptr) [ 0000000000000000000000]
out_block_5_addr_4       (getelementptr) [ 0000000000000000000000]
out_block_4_addr_5       (getelementptr) [ 0000000000000000000000]
out_block_5_addr_5       (getelementptr) [ 0000000000000000000000]
out_block_2_addr_6       (getelementptr) [ 0000000000000000000000]
out_block_3_addr_6       (getelementptr) [ 0000000000000000000000]
out_block_2_addr_7       (getelementptr) [ 0000000000000000000000]
out_block_3_addr_7       (getelementptr) [ 0000000000000000000000]
store_ln56               (store        ) [ 0000000000000000000000]
store_ln56               (store        ) [ 0000000000000000000000]
store_ln56               (store        ) [ 0000000000000000000000]
store_ln56               (store        ) [ 0000000000000000000000]
store_ln56               (store        ) [ 0000000000000000000000]
store_ln56               (store        ) [ 0000000000000000000000]
store_ln56               (store        ) [ 0000000000000000000000]
store_ln56               (store        ) [ 0000000000000000000000]
store_ln56               (store        ) [ 0000000000000000000000]
store_ln56               (store        ) [ 0000000000000000000000]
store_ln56               (store        ) [ 0000000000000000000000]
store_ln56               (store        ) [ 0000000000000000000000]
out_block_6_addr_4       (getelementptr) [ 0000000000000000000000]
out_block_7_addr_4       (getelementptr) [ 0000000000000000000000]
out_block_6_addr_5       (getelementptr) [ 0000000000000000000000]
out_block_7_addr_5       (getelementptr) [ 0000000000000000000000]
out_block_4_addr_6       (getelementptr) [ 0000000000000000000000]
out_block_5_addr_6       (getelementptr) [ 0000000000000000000000]
out_block_4_addr_7       (getelementptr) [ 0000000000000000000000]
out_block_5_addr_7       (getelementptr) [ 0000000000000000000000]
store_ln56               (store        ) [ 0000000000000000000000]
store_ln56               (store        ) [ 0000000000000000000000]
store_ln56               (store        ) [ 0000000000000000000000]
store_ln56               (store        ) [ 0000000000000000000000]
store_ln56               (store        ) [ 0000000000000000000000]
store_ln56               (store        ) [ 0000000000000000000000]
store_ln56               (store        ) [ 0000000000000000000000]
store_ln56               (store        ) [ 0000000000000000000000]
specpipeline_ln30        (specpipeline ) [ 0000000000000000000000]
out_block_6_addr_6       (getelementptr) [ 0000000000000000000000]
out_block_7_addr_6       (getelementptr) [ 0000000000000000000000]
out_block_6_addr_7       (getelementptr) [ 0000000000000000000000]
out_block_7_addr_7       (getelementptr) [ 0000000000000000000000]
store_ln56               (store        ) [ 0000000000000000000000]
store_ln56               (store        ) [ 0000000000000000000000]
store_ln56               (store        ) [ 0000000000000000000000]
store_ln56               (store        ) [ 0000000000000000000000]
ret_ln57                 (ret          ) [ 0000000000000000000000]
</LifeTime>

<model>

<comp_list>
<comp id="0" class="1000" name="in_block_0">
<pin_list>
<pin id="1" dir="1" index="0" bw="1" slack="0"/>
</pin_list>
<bind>
<StgValue><ssdm name="in_block_0"/><MemPortTyVec>1 1 </MemPortTyVec>
</StgValue>
</bind>
</comp>

<comp id="2" class="1000" name="in_block_1">
<pin_list>
<pin id="3" dir="1" index="0" bw="1" slack="0"/>
</pin_list>
<bind>
<StgValue><ssdm name="in_block_1"/><MemPortTyVec>1 1 </MemPortTyVec>
</StgValue>
</bind>
</comp>

<comp id="4" class="1000" name="in_block_2">
<pin_list>
<pin id="5" dir="1" index="0" bw="1" slack="0"/>
</pin_list>
<bind>
<StgValue><ssdm name="in_block_2"/><MemPortTyVec>1 1 </MemPortTyVec>
</StgValue>
</bind>
</comp>

<comp id="6" class="1000" name="in_block_3">
<pin_list>
<pin id="7" dir="1" index="0" bw="1" slack="0"/>
</pin_list>
<bind>
<StgValue><ssdm name="in_block_3"/><MemPortTyVec>1 1 </MemPortTyVec>
</StgValue>
</bind>
</comp>

<comp id="8" class="1000" name="in_block_4">
<pin_list>
<pin id="9" dir="1" index="0" bw="1" slack="0"/>
</pin_list>
<bind>
<StgValue><ssdm name="in_block_4"/><MemPortTyVec>1 1 </MemPortTyVec>
</StgValue>
</bind>
</comp>

<comp id="10" class="1000" name="in_block_5">
<pin_list>
<pin id="11" dir="1" index="0" bw="1" slack="0"/>
</pin_list>
<bind>
<StgValue><ssdm name="in_block_5"/><MemPortTyVec>1 1 </MemPortTyVec>
</StgValue>
</bind>
</comp>

<comp id="12" class="1000" name="in_block_6">
<pin_list>
<pin id="13" dir="1" index="0" bw="1" slack="0"/>
</pin_list>
<bind>
<StgValue><ssdm name="in_block_6"/><MemPortTyVec>1 1 </MemPortTyVec>
</StgValue>
</bind>
</comp>

<comp id="14" class="1000" name="in_block_7">
<pin_list>
<pin id="15" dir="1" index="0" bw="1" slack="0"/>
</pin_list>
<bind>
<StgValue><ssdm name="in_block_7"/><MemPortTyVec>1 1 </MemPortTyVec>
</StgValue>
</bind>
</comp>

<comp id="16" class="1000" name="out_block_0">
<pin_list>
<pin id="17" dir="1" index="0" bw="1" slack="0"/>
</pin_list>
<bind>
<StgValue><ssdm name="out_block_0"/><MemPortTyVec>0 0 </MemPortTyVec>
</StgValue>
</bind>
</comp>

<comp id="18" class="1000" name="out_block_1">
<pin_list>
<pin id="19" dir="1" index="0" bw="1" slack="0"/>
</pin_list>
<bind>
<StgValue><ssdm name="out_block_1"/><MemPortTyVec>0 0 </MemPortTyVec>
</StgValue>
</bind>
</comp>

<comp id="20" class="1000" name="out_block_2">
<pin_list>
<pin id="21" dir="1" index="0" bw="1" slack="0"/>
</pin_list>
<bind>
<StgValue><ssdm name="out_block_2"/><MemPortTyVec>0 0 </MemPortTyVec>
</StgValue>
</bind>
</comp>

<comp id="22" class="1000" name="out_block_3">
<pin_list>
<pin id="23" dir="1" index="0" bw="1" slack="0"/>
</pin_list>
<bind>
<StgValue><ssdm name="out_block_3"/><MemPortTyVec>0 0 </MemPortTyVec>
</StgValue>
</bind>
</comp>

<comp id="24" class="1000" name="out_block_4">
<pin_list>
<pin id="25" dir="1" index="0" bw="1" slack="0"/>
</pin_list>
<bind>
<StgValue><ssdm name="out_block_4"/><MemPortTyVec>0 0 </MemPortTyVec>
</StgValue>
</bind>
</comp>

<comp id="26" class="1000" name="out_block_5">
<pin_list>
<pin id="27" dir="1" index="0" bw="1" slack="0"/>
</pin_list>
<bind>
<StgValue><ssdm name="out_block_5"/><MemPortTyVec>0 0 </MemPortTyVec>
</StgValue>
</bind>
</comp>

<comp id="28" class="1000" name="out_block_6">
<pin_list>
<pin id="29" dir="1" index="0" bw="1" slack="0"/>
</pin_list>
<bind>
<StgValue><ssdm name="out_block_6"/><MemPortTyVec>0 0 </MemPortTyVec>
</StgValue>
</bind>
</comp>

<comp id="30" class="1000" name="out_block_7">
<pin_list>
<pin id="31" dir="1" index="0" bw="1" slack="0"/>
</pin_list>
<bind>
<StgValue><ssdm name="out_block_7"/><MemPortTyVec>0 0 </MemPortTyVec>
</StgValue>
</bind>
</comp>

<comp id="32" class="1001" name="const_32">
<pin_list>
<pin id="33" dir="1" index="0" bw="1" slack="0"/>
</pin_list>
<bind>
<StgValue><ssdm name=""/></StgValue>
</bind>
</comp>

<comp id="34" class="1001" name="const_34">
<pin_list>
<pin id="35" dir="1" index="0" bw="1" slack="0"/>
</pin_list>
<bind>
<StgValue><ssdm name=""/></StgValue>
</bind>
</comp>

<comp id="36" class="1001" name="const_36">
<pin_list>
<pin id="37" dir="1" index="0" bw="1" slack="0"/>
</pin_list>
<bind>
<StgValue><ssdm name="dct_1d"/></StgValue>
</bind>
</comp>

<comp id="38" class="1001" name="const_38">
<pin_list>
<pin id="39" dir="1" index="0" bw="1" slack="0"/>
</pin_list>
<bind>
<StgValue><ssdm name=""/></StgValue>
</bind>
</comp>

<comp id="40" class="1001" name="const_40">
<pin_list>
<pin id="41" dir="1" index="0" bw="1" slack="0"/>
</pin_list>
<bind>
<StgValue><ssdm name=""/></StgValue>
</bind>
</comp>

<comp id="42" class="1001" name="const_42">
<pin_list>
<pin id="43" dir="1" index="0" bw="1" slack="0"/>
</pin_list>
<bind>
<StgValue><ssdm name=""/></StgValue>
</bind>
</comp>

<comp id="44" class="1001" name="const_44">
<pin_list>
<pin id="45" dir="1" index="0" bw="1" slack="0"/>
</pin_list>
<bind>
<StgValue><ssdm name=""/></StgValue>
</bind>
</comp>

<comp id="46" class="1001" name="const_46">
<pin_list>
<pin id="47" dir="1" index="0" bw="1" slack="0"/>
</pin_list>
<bind>
<StgValue><ssdm name=""/></StgValue>
</bind>
</comp>

<comp id="48" class="1001" name="const_48">
<pin_list>
<pin id="49" dir="1" index="0" bw="1" slack="0"/>
</pin_list>
<bind>
<StgValue><ssdm name=""/></StgValue>
</bind>
</comp>

<comp id="50" class="1001" name="const_50">
<pin_list>
<pin id="51" dir="1" index="0" bw="1" slack="2147483647"/>
</pin_list>
<bind>
<StgValue><ssdm name="_ssdm_op_SpecPipeline"/></StgValue>
</bind>
</comp>

<comp id="52" class="1001" name="const_52">
<pin_list>
<pin id="53" dir="1" index="0" bw="1" slack="2147483647"/>
</pin_list>
<bind>
<StgValue><ssdm name=""/></StgValue>
</bind>
</comp>

<comp id="54" class="1001" name="const_54">
<pin_list>
<pin id="55" dir="1" index="0" bw="1" slack="2147483647"/>
</pin_list>
<bind>
<StgValue><ssdm name=""/></StgValue>
</bind>
</comp>

<comp id="56" class="1001" name="const_56">
<pin_list>
<pin id="57" dir="1" index="0" bw="1" slack="2147483647"/>
</pin_list>
<bind>
<StgValue><ssdm name="empty_0"/></StgValue>
</bind>
</comp>

<comp id="58" class="1004" name="in_block_0_addr_gep_fu_58">
<pin_list>
<pin id="59" dir="0" index="0" bw="16" slack="0"/>
<pin id="60" dir="0" index="1" bw="1" slack="0"/>
<pin id="61" dir="0" index="2" bw="1" slack="0"/>
<pin id="62" dir="1" index="3" bw="3" slack="0"/>
</pin_list>
<bind>
<opcode="getelementptr(29) " fcode="getelementptr"/>
<opset="in_block_0_addr/1 "/>
</bind>
</comp>

<comp id="66" class="1004" name="in_block_1_addr_gep_fu_66">
<pin_list>
<pin id="67" dir="0" index="0" bw="16" slack="0"/>
<pin id="68" dir="0" index="1" bw="1" slack="0"/>
<pin id="69" dir="0" index="2" bw="1" slack="0"/>
<pin id="70" dir="1" index="3" bw="3" slack="0"/>
</pin_list>
<bind>
<opcode="getelementptr(29) " fcode="getelementptr"/>
<opset="in_block_1_addr/1 "/>
</bind>
</comp>

<comp id="74" class="1004" name="in_block_2_addr_gep_fu_74">
<pin_list>
<pin id="75" dir="0" index="0" bw="16" slack="0"/>
<pin id="76" dir="0" index="1" bw="1" slack="0"/>
<pin id="77" dir="0" index="2" bw="1" slack="0"/>
<pin id="78" dir="1" index="3" bw="3" slack="0"/>
</pin_list>
<bind>
<opcode="getelementptr(29) " fcode="getelementptr"/>
<opset="in_block_2_addr/1 "/>
</bind>
</comp>

<comp id="82" class="1004" name="in_block_3_addr_gep_fu_82">
<pin_list>
<pin id="83" dir="0" index="0" bw="16" slack="0"/>
<pin id="84" dir="0" index="1" bw="1" slack="0"/>
<pin id="85" dir="0" index="2" bw="1" slack="0"/>
<pin id="86" dir="1" index="3" bw="3" slack="0"/>
</pin_list>
<bind>
<opcode="getelementptr(29) " fcode="getelementptr"/>
<opset="in_block_3_addr/1 "/>
</bind>
</comp>

<comp id="90" class="1004" name="in_block_4_addr_gep_fu_90">
<pin_list>
<pin id="91" dir="0" index="0" bw="16" slack="0"/>
<pin id="92" dir="0" index="1" bw="1" slack="0"/>
<pin id="93" dir="0" index="2" bw="1" slack="0"/>
<pin id="94" dir="1" index="3" bw="3" slack="0"/>
</pin_list>
<bind>
<opcode="getelementptr(29) " fcode="getelementptr"/>
<opset="in_block_4_addr/1 "/>
</bind>
</comp>

<comp id="98" class="1004" name="in_block_5_addr_gep_fu_98">
<pin_list>
<pin id="99" dir="0" index="0" bw="16" slack="0"/>
<pin id="100" dir="0" index="1" bw="1" slack="0"/>
<pin id="101" dir="0" index="2" bw="1" slack="0"/>
<pin id="102" dir="1" index="3" bw="3" slack="0"/>
</pin_list>
<bind>
<opcode="getelementptr(29) " fcode="getelementptr"/>
<opset="in_block_5_addr/1 "/>
</bind>
</comp>

<comp id="106" class="1004" name="in_block_6_addr_gep_fu_106">
<pin_list>
<pin id="107" dir="0" index="0" bw="16" slack="0"/>
<pin id="108" dir="0" index="1" bw="1" slack="0"/>
<pin id="109" dir="0" index="2" bw="1" slack="0"/>
<pin id="110" dir="1" index="3" bw="3" slack="0"/>
</pin_list>
<bind>
<opcode="getelementptr(29) " fcode="getelementptr"/>
<opset="in_block_6_addr/1 "/>
</bind>
</comp>

<comp id="114" class="1004" name="in_block_7_addr_gep_fu_114">
<pin_list>
<pin id="115" dir="0" index="0" bw="16" slack="0"/>
<pin id="116" dir="0" index="1" bw="1" slack="0"/>
<pin id="117" dir="0" index="2" bw="1" slack="0"/>
<pin id="118" dir="1" index="3" bw="3" slack="0"/>
</pin_list>
<bind>
<opcode="getelementptr(29) " fcode="getelementptr"/>
<opset="in_block_7_addr/1 "/>
</bind>
</comp>

<comp id="122" class="1004" name="grp_access_fu_122">
<pin_list>
<pin id="123" dir="0" index="0" bw="3" slack="0"/>
<pin id="124" dir="0" index="1" bw="16" slack="2147483647"/>
<pin id="125" dir="0" index="2" bw="0" slack="0"/>
<pin id="127" dir="0" index="4" bw="3" slack="2147483647"/>
<pin id="128" dir="0" index="5" bw="16" slack="2147483647"/>
<pin id="129" dir="0" index="6" bw="0" slack="2147483647"/>
<pin id="126" dir="1" index="3" bw="16" slack="0"/>
<pin id="130" dir="1" index="7" bw="16" slack="0"/>
</pin_list>
<bind>
<opcode="load(27) " fcode="load"/>
<opset="in_block_0_load/1 in_block_0_load_1/1 in_block_0_load_2/2 in_block_0_load_3/2 in_block_0_load_4/3 in_block_0_load_5/3 in_block_0_load_6/4 in_block_0_load_7/4 "/>
</bind>
</comp>

<comp id="132" class="1004" name="grp_access_fu_132">
<pin_list>
<pin id="133" dir="0" index="0" bw="3" slack="0"/>
<pin id="134" dir="0" index="1" bw="16" slack="2147483647"/>
<pin id="135" dir="0" index="2" bw="0" slack="0"/>
<pin id="137" dir="0" index="4" bw="3" slack="2147483647"/>
<pin id="138" dir="0" index="5" bw="16" slack="2147483647"/>
<pin id="139" dir="0" index="6" bw="0" slack="2147483647"/>
<pin id="136" dir="1" index="3" bw="16" slack="0"/>
<pin id="140" dir="1" index="7" bw="16" slack="0"/>
</pin_list>
<bind>
<opcode="load(27) " fcode="load"/>
<opset="in_block_1_load/1 in_block_1_load_1/1 in_block_1_load_2/2 in_block_1_load_3/2 in_block_1_load_4/3 in_block_1_load_5/3 in_block_1_load_6/4 in_block_1_load_7/4 "/>
</bind>
</comp>

<comp id="142" class="1004" name="grp_access_fu_142">
<pin_list>
<pin id="143" dir="0" index="0" bw="3" slack="0"/>
<pin id="144" dir="0" index="1" bw="16" slack="2147483647"/>
<pin id="145" dir="0" index="2" bw="0" slack="0"/>
<pin id="147" dir="0" index="4" bw="3" slack="2147483647"/>
<pin id="148" dir="0" index="5" bw="16" slack="2147483647"/>
<pin id="149" dir="0" index="6" bw="0" slack="2147483647"/>
<pin id="146" dir="1" index="3" bw="16" slack="0"/>
<pin id="150" dir="1" index="7" bw="16" slack="0"/>
</pin_list>
<bind>
<opcode="load(27) " fcode="load"/>
<opset="in_block_2_load/1 in_block_2_load_1/1 in_block_2_load_2/2 in_block_2_load_3/2 in_block_2_load_4/3 in_block_2_load_5/3 in_block_2_load_6/4 in_block_2_load_7/4 "/>
</bind>
</comp>

<comp id="152" class="1004" name="grp_access_fu_152">
<pin_list>
<pin id="153" dir="0" index="0" bw="3" slack="0"/>
<pin id="154" dir="0" index="1" bw="16" slack="2147483647"/>
<pin id="155" dir="0" index="2" bw="0" slack="0"/>
<pin id="157" dir="0" index="4" bw="3" slack="2147483647"/>
<pin id="158" dir="0" index="5" bw="16" slack="2147483647"/>
<pin id="159" dir="0" index="6" bw="0" slack="2147483647"/>
<pin id="156" dir="1" index="3" bw="16" slack="0"/>
<pin id="160" dir="1" index="7" bw="16" slack="0"/>
</pin_list>
<bind>
<opcode="load(27) " fcode="load"/>
<opset="in_block_3_load/1 in_block_3_load_1/1 in_block_3_load_2/2 in_block_3_load_3/2 in_block_3_load_4/3 in_block_3_load_5/3 in_block_3_load_6/4 in_block_3_load_7/4 "/>
</bind>
</comp>

<comp id="162" class="1004" name="grp_access_fu_162">
<pin_list>
<pin id="163" dir="0" index="0" bw="3" slack="0"/>
<pin id="164" dir="0" index="1" bw="16" slack="2147483647"/>
<pin id="165" dir="0" index="2" bw="0" slack="0"/>
<pin id="167" dir="0" index="4" bw="3" slack="2147483647"/>
<pin id="168" dir="0" index="5" bw="16" slack="2147483647"/>
<pin id="169" dir="0" index="6" bw="0" slack="2147483647"/>
<pin id="166" dir="1" index="3" bw="16" slack="0"/>
<pin id="170" dir="1" index="7" bw="16" slack="0"/>
</pin_list>
<bind>
<opcode="load(27) " fcode="load"/>
<opset="in_block_4_load/1 in_block_4_load_1/1 in_block_4_load_2/2 in_block_4_load_3/2 in_block_4_load_4/3 in_block_4_load_5/3 in_block_4_load_6/4 in_block_4_load_7/4 "/>
</bind>
</comp>

<comp id="172" class="1004" name="grp_access_fu_172">
<pin_list>
<pin id="173" dir="0" index="0" bw="3" slack="0"/>
<pin id="174" dir="0" index="1" bw="16" slack="2147483647"/>
<pin id="175" dir="0" index="2" bw="0" slack="0"/>
<pin id="177" dir="0" index="4" bw="3" slack="2147483647"/>
<pin id="178" dir="0" index="5" bw="16" slack="2147483647"/>
<pin id="179" dir="0" index="6" bw="0" slack="2147483647"/>
<pin id="176" dir="1" index="3" bw="16" slack="0"/>
<pin id="180" dir="1" index="7" bw="16" slack="0"/>
</pin_list>
<bind>
<opcode="load(27) " fcode="load"/>
<opset="in_block_5_load/1 in_block_5_load_1/1 in_block_5_load_2/2 in_block_5_load_3/2 in_block_5_load_4/3 in_block_5_load_5/3 in_block_5_load_6/4 in_block_5_load_7/4 "/>
</bind>
</comp>

<comp id="182" class="1004" name="grp_access_fu_182">
<pin_list>
<pin id="183" dir="0" index="0" bw="3" slack="0"/>
<pin id="184" dir="0" index="1" bw="16" slack="2147483647"/>
<pin id="185" dir="0" index="2" bw="0" slack="0"/>
<pin id="187" dir="0" index="4" bw="3" slack="2147483647"/>
<pin id="188" dir="0" index="5" bw="16" slack="2147483647"/>
<pin id="189" dir="0" index="6" bw="0" slack="2147483647"/>
<pin id="186" dir="1" index="3" bw="16" slack="0"/>
<pin id="190" dir="1" index="7" bw="16" slack="0"/>
</pin_list>
<bind>
<opcode="load(27) " fcode="load"/>
<opset="in_block_6_load/1 in_block_6_load_1/1 in_block_6_load_2/2 in_block_6_load_3/2 in_block_6_load_4/3 in_block_6_load_5/3 in_block_6_load_6/4 in_block_6_load_7/4 "/>
</bind>
</comp>

<comp id="192" class="1004" name="grp_access_fu_192">
<pin_list>
<pin id="193" dir="0" index="0" bw="3" slack="0"/>
<pin id="194" dir="0" index="1" bw="16" slack="2147483647"/>
<pin id="195" dir="0" index="2" bw="0" slack="0"/>
<pin id="197" dir="0" index="4" bw="3" slack="2147483647"/>
<pin id="198" dir="0" index="5" bw="16" slack="2147483647"/>
<pin id="199" dir="0" index="6" bw="0" slack="2147483647"/>
<pin id="196" dir="1" index="3" bw="16" slack="0"/>
<pin id="200" dir="1" index="7" bw="16" slack="0"/>
</pin_list>
<bind>
<opcode="load(27) " fcode="load"/>
<opset="in_block_7_load/1 in_block_7_load_1/1 in_block_7_load_2/2 in_block_7_load_3/2 in_block_7_load_4/3 in_block_7_load_5/3 in_block_7_load_6/4 in_block_7_load_7/4 "/>
</bind>
</comp>

<comp id="202" class="1004" name="in_block_0_addr_1_gep_fu_202">
<pin_list>
<pin id="203" dir="0" index="0" bw="16" slack="0"/>
<pin id="204" dir="0" index="1" bw="1" slack="0"/>
<pin id="205" dir="0" index="2" bw="1" slack="0"/>
<pin id="206" dir="1" index="3" bw="3" slack="0"/>
</pin_list>
<bind>
<opcode="getelementptr(29) " fcode="getelementptr"/>
<opset="in_block_0_addr_1/1 "/>
</bind>
</comp>

<comp id="210" class="1004" name="in_block_1_addr_1_gep_fu_210">
<pin_list>
<pin id="211" dir="0" index="0" bw="16" slack="0"/>
<pin id="212" dir="0" index="1" bw="1" slack="0"/>
<pin id="213" dir="0" index="2" bw="1" slack="0"/>
<pin id="214" dir="1" index="3" bw="3" slack="0"/>
</pin_list>
<bind>
<opcode="getelementptr(29) " fcode="getelementptr"/>
<opset="in_block_1_addr_1/1 "/>
</bind>
</comp>

<comp id="218" class="1004" name="in_block_2_addr_1_gep_fu_218">
<pin_list>
<pin id="219" dir="0" index="0" bw="16" slack="0"/>
<pin id="220" dir="0" index="1" bw="1" slack="0"/>
<pin id="221" dir="0" index="2" bw="1" slack="0"/>
<pin id="222" dir="1" index="3" bw="3" slack="0"/>
</pin_list>
<bind>
<opcode="getelementptr(29) " fcode="getelementptr"/>
<opset="in_block_2_addr_1/1 "/>
</bind>
</comp>

<comp id="226" class="1004" name="in_block_3_addr_1_gep_fu_226">
<pin_list>
<pin id="227" dir="0" index="0" bw="16" slack="0"/>
<pin id="228" dir="0" index="1" bw="1" slack="0"/>
<pin id="229" dir="0" index="2" bw="1" slack="0"/>
<pin id="230" dir="1" index="3" bw="3" slack="0"/>
</pin_list>
<bind>
<opcode="getelementptr(29) " fcode="getelementptr"/>
<opset="in_block_3_addr_1/1 "/>
</bind>
</comp>

<comp id="234" class="1004" name="in_block_4_addr_1_gep_fu_234">
<pin_list>
<pin id="235" dir="0" index="0" bw="16" slack="0"/>
<pin id="236" dir="0" index="1" bw="1" slack="0"/>
<pin id="237" dir="0" index="2" bw="1" slack="0"/>
<pin id="238" dir="1" index="3" bw="3" slack="0"/>
</pin_list>
<bind>
<opcode="getelementptr(29) " fcode="getelementptr"/>
<opset="in_block_4_addr_1/1 "/>
</bind>
</comp>

<comp id="242" class="1004" name="in_block_5_addr_1_gep_fu_242">
<pin_list>
<pin id="243" dir="0" index="0" bw="16" slack="0"/>
<pin id="244" dir="0" index="1" bw="1" slack="0"/>
<pin id="245" dir="0" index="2" bw="1" slack="0"/>
<pin id="246" dir="1" index="3" bw="3" slack="0"/>
</pin_list>
<bind>
<opcode="getelementptr(29) " fcode="getelementptr"/>
<opset="in_block_5_addr_1/1 "/>
</bind>
</comp>

<comp id="250" class="1004" name="in_block_6_addr_1_gep_fu_250">
<pin_list>
<pin id="251" dir="0" index="0" bw="16" slack="0"/>
<pin id="252" dir="0" index="1" bw="1" slack="0"/>
<pin id="253" dir="0" index="2" bw="1" slack="0"/>
<pin id="254" dir="1" index="3" bw="3" slack="0"/>
</pin_list>
<bind>
<opcode="getelementptr(29) " fcode="getelementptr"/>
<opset="in_block_6_addr_1/1 "/>
</bind>
</comp>

<comp id="258" class="1004" name="in_block_7_addr_1_gep_fu_258">
<pin_list>
<pin id="259" dir="0" index="0" bw="16" slack="0"/>
<pin id="260" dir="0" index="1" bw="1" slack="0"/>
<pin id="261" dir="0" index="2" bw="1" slack="0"/>
<pin id="262" dir="1" index="3" bw="3" slack="0"/>
</pin_list>
<bind>
<opcode="getelementptr(29) " fcode="getelementptr"/>
<opset="in_block_7_addr_1/1 "/>
</bind>
</comp>

<comp id="274" class="1004" name="in_block_0_addr_2_gep_fu_274">
<pin_list>
<pin id="275" dir="0" index="0" bw="16" slack="0"/>
<pin id="276" dir="0" index="1" bw="1" slack="0"/>
<pin id="277" dir="0" index="2" bw="3" slack="0"/>
<pin id="278" dir="1" index="3" bw="3" slack="0"/>
</pin_list>
<bind>
<opcode="getelementptr(29) " fcode="getelementptr"/>
<opset="in_block_0_addr_2/2 "/>
</bind>
</comp>

<comp id="282" class="1004" name="in_block_1_addr_2_gep_fu_282">
<pin_list>
<pin id="283" dir="0" index="0" bw="16" slack="0"/>
<pin id="284" dir="0" index="1" bw="1" slack="0"/>
<pin id="285" dir="0" index="2" bw="3" slack="0"/>
<pin id="286" dir="1" index="3" bw="3" slack="0"/>
</pin_list>
<bind>
<opcode="getelementptr(29) " fcode="getelementptr"/>
<opset="in_block_1_addr_2/2 "/>
</bind>
</comp>

<comp id="290" class="1004" name="in_block_2_addr_2_gep_fu_290">
<pin_list>
<pin id="291" dir="0" index="0" bw="16" slack="0"/>
<pin id="292" dir="0" index="1" bw="1" slack="0"/>
<pin id="293" dir="0" index="2" bw="3" slack="0"/>
<pin id="294" dir="1" index="3" bw="3" slack="0"/>
</pin_list>
<bind>
<opcode="getelementptr(29) " fcode="getelementptr"/>
<opset="in_block_2_addr_2/2 "/>
</bind>
</comp>

<comp id="298" class="1004" name="in_block_3_addr_2_gep_fu_298">
<pin_list>
<pin id="299" dir="0" index="0" bw="16" slack="0"/>
<pin id="300" dir="0" index="1" bw="1" slack="0"/>
<pin id="301" dir="0" index="2" bw="3" slack="0"/>
<pin id="302" dir="1" index="3" bw="3" slack="0"/>
</pin_list>
<bind>
<opcode="getelementptr(29) " fcode="getelementptr"/>
<opset="in_block_3_addr_2/2 "/>
</bind>
</comp>

<comp id="306" class="1004" name="in_block_4_addr_2_gep_fu_306">
<pin_list>
<pin id="307" dir="0" index="0" bw="16" slack="0"/>
<pin id="308" dir="0" index="1" bw="1" slack="0"/>
<pin id="309" dir="0" index="2" bw="3" slack="0"/>
<pin id="310" dir="1" index="3" bw="3" slack="0"/>
</pin_list>
<bind>
<opcode="getelementptr(29) " fcode="getelementptr"/>
<opset="in_block_4_addr_2/2 "/>
</bind>
</comp>

<comp id="314" class="1004" name="in_block_5_addr_2_gep_fu_314">
<pin_list>
<pin id="315" dir="0" index="0" bw="16" slack="0"/>
<pin id="316" dir="0" index="1" bw="1" slack="0"/>
<pin id="317" dir="0" index="2" bw="3" slack="0"/>
<pin id="318" dir="1" index="3" bw="3" slack="0"/>
</pin_list>
<bind>
<opcode="getelementptr(29) " fcode="getelementptr"/>
<opset="in_block_5_addr_2/2 "/>
</bind>
</comp>

<comp id="322" class="1004" name="in_block_6_addr_2_gep_fu_322">
<pin_list>
<pin id="323" dir="0" index="0" bw="16" slack="0"/>
<pin id="324" dir="0" index="1" bw="1" slack="0"/>
<pin id="325" dir="0" index="2" bw="3" slack="0"/>
<pin id="326" dir="1" index="3" bw="3" slack="0"/>
</pin_list>
<bind>
<opcode="getelementptr(29) " fcode="getelementptr"/>
<opset="in_block_6_addr_2/2 "/>
</bind>
</comp>

<comp id="330" class="1004" name="in_block_7_addr_2_gep_fu_330">
<pin_list>
<pin id="331" dir="0" index="0" bw="16" slack="0"/>
<pin id="332" dir="0" index="1" bw="1" slack="0"/>
<pin id="333" dir="0" index="2" bw="3" slack="0"/>
<pin id="334" dir="1" index="3" bw="3" slack="0"/>
</pin_list>
<bind>
<opcode="getelementptr(29) " fcode="getelementptr"/>
<opset="in_block_7_addr_2/2 "/>
</bind>
</comp>

<comp id="346" class="1004" name="in_block_0_addr_3_gep_fu_346">
<pin_list>
<pin id="347" dir="0" index="0" bw="16" slack="0"/>
<pin id="348" dir="0" index="1" bw="1" slack="0"/>
<pin id="349" dir="0" index="2" bw="3" slack="0"/>
<pin id="350" dir="1" index="3" bw="3" slack="0"/>
</pin_list>
<bind>
<opcode="getelementptr(29) " fcode="getelementptr"/>
<opset="in_block_0_addr_3/2 "/>
</bind>
</comp>

<comp id="354" class="1004" name="in_block_1_addr_3_gep_fu_354">
<pin_list>
<pin id="355" dir="0" index="0" bw="16" slack="0"/>
<pin id="356" dir="0" index="1" bw="1" slack="0"/>
<pin id="357" dir="0" index="2" bw="3" slack="0"/>
<pin id="358" dir="1" index="3" bw="3" slack="0"/>
</pin_list>
<bind>
<opcode="getelementptr(29) " fcode="getelementptr"/>
<opset="in_block_1_addr_3/2 "/>
</bind>
</comp>

<comp id="362" class="1004" name="in_block_2_addr_3_gep_fu_362">
<pin_list>
<pin id="363" dir="0" index="0" bw="16" slack="0"/>
<pin id="364" dir="0" index="1" bw="1" slack="0"/>
<pin id="365" dir="0" index="2" bw="3" slack="0"/>
<pin id="366" dir="1" index="3" bw="3" slack="0"/>
</pin_list>
<bind>
<opcode="getelementptr(29) " fcode="getelementptr"/>
<opset="in_block_2_addr_3/2 "/>
</bind>
</comp>

<comp id="370" class="1004" name="in_block_3_addr_3_gep_fu_370">
<pin_list>
<pin id="371" dir="0" index="0" bw="16" slack="0"/>
<pin id="372" dir="0" index="1" bw="1" slack="0"/>
<pin id="373" dir="0" index="2" bw="3" slack="0"/>
<pin id="374" dir="1" index="3" bw="3" slack="0"/>
</pin_list>
<bind>
<opcode="getelementptr(29) " fcode="getelementptr"/>
<opset="in_block_3_addr_3/2 "/>
</bind>
</comp>

<comp id="378" class="1004" name="in_block_4_addr_3_gep_fu_378">
<pin_list>
<pin id="379" dir="0" index="0" bw="16" slack="0"/>
<pin id="380" dir="0" index="1" bw="1" slack="0"/>
<pin id="381" dir="0" index="2" bw="3" slack="0"/>
<pin id="382" dir="1" index="3" bw="3" slack="0"/>
</pin_list>
<bind>
<opcode="getelementptr(29) " fcode="getelementptr"/>
<opset="in_block_4_addr_3/2 "/>
</bind>
</comp>

<comp id="386" class="1004" name="in_block_5_addr_3_gep_fu_386">
<pin_list>
<pin id="387" dir="0" index="0" bw="16" slack="0"/>
<pin id="388" dir="0" index="1" bw="1" slack="0"/>
<pin id="389" dir="0" index="2" bw="3" slack="0"/>
<pin id="390" dir="1" index="3" bw="3" slack="0"/>
</pin_list>
<bind>
<opcode="getelementptr(29) " fcode="getelementptr"/>
<opset="in_block_5_addr_3/2 "/>
</bind>
</comp>

<comp id="394" class="1004" name="in_block_6_addr_3_gep_fu_394">
<pin_list>
<pin id="395" dir="0" index="0" bw="16" slack="0"/>
<pin id="396" dir="0" index="1" bw="1" slack="0"/>
<pin id="397" dir="0" index="2" bw="3" slack="0"/>
<pin id="398" dir="1" index="3" bw="3" slack="0"/>
</pin_list>
<bind>
<opcode="getelementptr(29) " fcode="getelementptr"/>
<opset="in_block_6_addr_3/2 "/>
</bind>
</comp>

<comp id="402" class="1004" name="in_block_7_addr_3_gep_fu_402">
<pin_list>
<pin id="403" dir="0" index="0" bw="16" slack="0"/>
<pin id="404" dir="0" index="1" bw="1" slack="0"/>
<pin id="405" dir="0" index="2" bw="3" slack="0"/>
<pin id="406" dir="1" index="3" bw="3" slack="0"/>
</pin_list>
<bind>
<opcode="getelementptr(29) " fcode="getelementptr"/>
<opset="in_block_7_addr_3/2 "/>
</bind>
</comp>

<comp id="418" class="1004" name="in_block_0_addr_4_gep_fu_418">
<pin_list>
<pin id="419" dir="0" index="0" bw="16" slack="0"/>
<pin id="420" dir="0" index="1" bw="1" slack="0"/>
<pin id="421" dir="0" index="2" bw="4" slack="0"/>
<pin id="422" dir="1" index="3" bw="3" slack="0"/>
</pin_list>
<bind>
<opcode="getelementptr(29) " fcode="getelementptr"/>
<opset="in_block_0_addr_4/3 "/>
</bind>
</comp>

<comp id="426" class="1004" name="in_block_1_addr_4_gep_fu_426">
<pin_list>
<pin id="427" dir="0" index="0" bw="16" slack="0"/>
<pin id="428" dir="0" index="1" bw="1" slack="0"/>
<pin id="429" dir="0" index="2" bw="4" slack="0"/>
<pin id="430" dir="1" index="3" bw="3" slack="0"/>
</pin_list>
<bind>
<opcode="getelementptr(29) " fcode="getelementptr"/>
<opset="in_block_1_addr_4/3 "/>
</bind>
</comp>

<comp id="434" class="1004" name="in_block_2_addr_4_gep_fu_434">
<pin_list>
<pin id="435" dir="0" index="0" bw="16" slack="0"/>
<pin id="436" dir="0" index="1" bw="1" slack="0"/>
<pin id="437" dir="0" index="2" bw="4" slack="0"/>
<pin id="438" dir="1" index="3" bw="3" slack="0"/>
</pin_list>
<bind>
<opcode="getelementptr(29) " fcode="getelementptr"/>
<opset="in_block_2_addr_4/3 "/>
</bind>
</comp>

<comp id="442" class="1004" name="in_block_3_addr_4_gep_fu_442">
<pin_list>
<pin id="443" dir="0" index="0" bw="16" slack="0"/>
<pin id="444" dir="0" index="1" bw="1" slack="0"/>
<pin id="445" dir="0" index="2" bw="4" slack="0"/>
<pin id="446" dir="1" index="3" bw="3" slack="0"/>
</pin_list>
<bind>
<opcode="getelementptr(29) " fcode="getelementptr"/>
<opset="in_block_3_addr_4/3 "/>
</bind>
</comp>

<comp id="450" class="1004" name="in_block_4_addr_4_gep_fu_450">
<pin_list>
<pin id="451" dir="0" index="0" bw="16" slack="0"/>
<pin id="452" dir="0" index="1" bw="1" slack="0"/>
<pin id="453" dir="0" index="2" bw="4" slack="0"/>
<pin id="454" dir="1" index="3" bw="3" slack="0"/>
</pin_list>
<bind>
<opcode="getelementptr(29) " fcode="getelementptr"/>
<opset="in_block_4_addr_4/3 "/>
</bind>
</comp>

<comp id="458" class="1004" name="in_block_5_addr_4_gep_fu_458">
<pin_list>
<pin id="459" dir="0" index="0" bw="16" slack="0"/>
<pin id="460" dir="0" index="1" bw="1" slack="0"/>
<pin id="461" dir="0" index="2" bw="4" slack="0"/>
<pin id="462" dir="1" index="3" bw="3" slack="0"/>
</pin_list>
<bind>
<opcode="getelementptr(29) " fcode="getelementptr"/>
<opset="in_block_5_addr_4/3 "/>
</bind>
</comp>

<comp id="466" class="1004" name="in_block_6_addr_4_gep_fu_466">
<pin_list>
<pin id="467" dir="0" index="0" bw="16" slack="0"/>
<pin id="468" dir="0" index="1" bw="1" slack="0"/>
<pin id="469" dir="0" index="2" bw="4" slack="0"/>
<pin id="470" dir="1" index="3" bw="3" slack="0"/>
</pin_list>
<bind>
<opcode="getelementptr(29) " fcode="getelementptr"/>
<opset="in_block_6_addr_4/3 "/>
</bind>
</comp>

<comp id="474" class="1004" name="in_block_7_addr_4_gep_fu_474">
<pin_list>
<pin id="475" dir="0" index="0" bw="16" slack="0"/>
<pin id="476" dir="0" index="1" bw="1" slack="0"/>
<pin id="477" dir="0" index="2" bw="4" slack="0"/>
<pin id="478" dir="1" index="3" bw="3" slack="0"/>
</pin_list>
<bind>
<opcode="getelementptr(29) " fcode="getelementptr"/>
<opset="in_block_7_addr_4/3 "/>
</bind>
</comp>

<comp id="490" class="1004" name="in_block_0_addr_5_gep_fu_490">
<pin_list>
<pin id="491" dir="0" index="0" bw="16" slack="0"/>
<pin id="492" dir="0" index="1" bw="1" slack="0"/>
<pin id="493" dir="0" index="2" bw="4" slack="0"/>
<pin id="494" dir="1" index="3" bw="3" slack="0"/>
</pin_list>
<bind>
<opcode="getelementptr(29) " fcode="getelementptr"/>
<opset="in_block_0_addr_5/3 "/>
</bind>
</comp>

<comp id="498" class="1004" name="in_block_1_addr_5_gep_fu_498">
<pin_list>
<pin id="499" dir="0" index="0" bw="16" slack="0"/>
<pin id="500" dir="0" index="1" bw="1" slack="0"/>
<pin id="501" dir="0" index="2" bw="4" slack="0"/>
<pin id="502" dir="1" index="3" bw="3" slack="0"/>
</pin_list>
<bind>
<opcode="getelementptr(29) " fcode="getelementptr"/>
<opset="in_block_1_addr_5/3 "/>
</bind>
</comp>

<comp id="506" class="1004" name="in_block_2_addr_5_gep_fu_506">
<pin_list>
<pin id="507" dir="0" index="0" bw="16" slack="0"/>
<pin id="508" dir="0" index="1" bw="1" slack="0"/>
<pin id="509" dir="0" index="2" bw="4" slack="0"/>
<pin id="510" dir="1" index="3" bw="3" slack="0"/>
</pin_list>
<bind>
<opcode="getelementptr(29) " fcode="getelementptr"/>
<opset="in_block_2_addr_5/3 "/>
</bind>
</comp>

<comp id="514" class="1004" name="in_block_3_addr_5_gep_fu_514">
<pin_list>
<pin id="515" dir="0" index="0" bw="16" slack="0"/>
<pin id="516" dir="0" index="1" bw="1" slack="0"/>
<pin id="517" dir="0" index="2" bw="4" slack="0"/>
<pin id="518" dir="1" index="3" bw="3" slack="0"/>
</pin_list>
<bind>
<opcode="getelementptr(29) " fcode="getelementptr"/>
<opset="in_block_3_addr_5/3 "/>
</bind>
</comp>

<comp id="522" class="1004" name="in_block_4_addr_5_gep_fu_522">
<pin_list>
<pin id="523" dir="0" index="0" bw="16" slack="0"/>
<pin id="524" dir="0" index="1" bw="1" slack="0"/>
<pin id="525" dir="0" index="2" bw="4" slack="0"/>
<pin id="526" dir="1" index="3" bw="3" slack="0"/>
</pin_list>
<bind>
<opcode="getelementptr(29) " fcode="getelementptr"/>
<opset="in_block_4_addr_5/3 "/>
</bind>
</comp>

<comp id="530" class="1004" name="in_block_5_addr_5_gep_fu_530">
<pin_list>
<pin id="531" dir="0" index="0" bw="16" slack="0"/>
<pin id="532" dir="0" index="1" bw="1" slack="0"/>
<pin id="533" dir="0" index="2" bw="4" slack="0"/>
<pin id="534" dir="1" index="3" bw="3" slack="0"/>
</pin_list>
<bind>
<opcode="getelementptr(29) " fcode="getelementptr"/>
<opset="in_block_5_addr_5/3 "/>
</bind>
</comp>

<comp id="538" class="1004" name="in_block_6_addr_5_gep_fu_538">
<pin_list>
<pin id="539" dir="0" index="0" bw="16" slack="0"/>
<pin id="540" dir="0" index="1" bw="1" slack="0"/>
<pin id="541" dir="0" index="2" bw="4" slack="0"/>
<pin id="542" dir="1" index="3" bw="3" slack="0"/>
</pin_list>
<bind>
<opcode="getelementptr(29) " fcode="getelementptr"/>
<opset="in_block_6_addr_5/3 "/>
</bind>
</comp>

<comp id="546" class="1004" name="in_block_7_addr_5_gep_fu_546">
<pin_list>
<pin id="547" dir="0" index="0" bw="16" slack="0"/>
<pin id="548" dir="0" index="1" bw="1" slack="0"/>
<pin id="549" dir="0" index="2" bw="4" slack="0"/>
<pin id="550" dir="1" index="3" bw="3" slack="0"/>
</pin_list>
<bind>
<opcode="getelementptr(29) " fcode="getelementptr"/>
<opset="in_block_7_addr_5/3 "/>
</bind>
</comp>

<comp id="562" class="1004" name="in_block_0_addr_6_gep_fu_562">
<pin_list>
<pin id="563" dir="0" index="0" bw="16" slack="0"/>
<pin id="564" dir="0" index="1" bw="1" slack="0"/>
<pin id="565" dir="0" index="2" bw="4" slack="0"/>
<pin id="566" dir="1" index="3" bw="3" slack="0"/>
</pin_list>
<bind>
<opcode="getelementptr(29) " fcode="getelementptr"/>
<opset="in_block_0_addr_6/4 "/>
</bind>
</comp>

<comp id="570" class="1004" name="in_block_1_addr_6_gep_fu_570">
<pin_list>
<pin id="571" dir="0" index="0" bw="16" slack="0"/>
<pin id="572" dir="0" index="1" bw="1" slack="0"/>
<pin id="573" dir="0" index="2" bw="4" slack="0"/>
<pin id="574" dir="1" index="3" bw="3" slack="0"/>
</pin_list>
<bind>
<opcode="getelementptr(29) " fcode="getelementptr"/>
<opset="in_block_1_addr_6/4 "/>
</bind>
</comp>

<comp id="578" class="1004" name="in_block_2_addr_6_gep_fu_578">
<pin_list>
<pin id="579" dir="0" index="0" bw="16" slack="0"/>
<pin id="580" dir="0" index="1" bw="1" slack="0"/>
<pin id="581" dir="0" index="2" bw="4" slack="0"/>
<pin id="582" dir="1" index="3" bw="3" slack="0"/>
</pin_list>
<bind>
<opcode="getelementptr(29) " fcode="getelementptr"/>
<opset="in_block_2_addr_6/4 "/>
</bind>
</comp>

<comp id="586" class="1004" name="in_block_3_addr_6_gep_fu_586">
<pin_list>
<pin id="587" dir="0" index="0" bw="16" slack="0"/>
<pin id="588" dir="0" index="1" bw="1" slack="0"/>
<pin id="589" dir="0" index="2" bw="4" slack="0"/>
<pin id="590" dir="1" index="3" bw="3" slack="0"/>
</pin_list>
<bind>
<opcode="getelementptr(29) " fcode="getelementptr"/>
<opset="in_block_3_addr_6/4 "/>
</bind>
</comp>

<comp id="594" class="1004" name="in_block_4_addr_6_gep_fu_594">
<pin_list>
<pin id="595" dir="0" index="0" bw="16" slack="0"/>
<pin id="596" dir="0" index="1" bw="1" slack="0"/>
<pin id="597" dir="0" index="2" bw="4" slack="0"/>
<pin id="598" dir="1" index="3" bw="3" slack="0"/>
</pin_list>
<bind>
<opcode="getelementptr(29) " fcode="getelementptr"/>
<opset="in_block_4_addr_6/4 "/>
</bind>
</comp>

<comp id="602" class="1004" name="in_block_5_addr_6_gep_fu_602">
<pin_list>
<pin id="603" dir="0" index="0" bw="16" slack="0"/>
<pin id="604" dir="0" index="1" bw="1" slack="0"/>
<pin id="605" dir="0" index="2" bw="4" slack="0"/>
<pin id="606" dir="1" index="3" bw="3" slack="0"/>
</pin_list>
<bind>
<opcode="getelementptr(29) " fcode="getelementptr"/>
<opset="in_block_5_addr_6/4 "/>
</bind>
</comp>

<comp id="610" class="1004" name="in_block_6_addr_6_gep_fu_610">
<pin_list>
<pin id="611" dir="0" index="0" bw="16" slack="0"/>
<pin id="612" dir="0" index="1" bw="1" slack="0"/>
<pin id="613" dir="0" index="2" bw="4" slack="0"/>
<pin id="614" dir="1" index="3" bw="3" slack="0"/>
</pin_list>
<bind>
<opcode="getelementptr(29) " fcode="getelementptr"/>
<opset="in_block_6_addr_6/4 "/>
</bind>
</comp>

<comp id="618" class="1004" name="in_block_7_addr_6_gep_fu_618">
<pin_list>
<pin id="619" dir="0" index="0" bw="16" slack="0"/>
<pin id="620" dir="0" index="1" bw="1" slack="0"/>
<pin id="621" dir="0" index="2" bw="4" slack="0"/>
<pin id="622" dir="1" index="3" bw="3" slack="0"/>
</pin_list>
<bind>
<opcode="getelementptr(29) " fcode="getelementptr"/>
<opset="in_block_7_addr_6/4 "/>
</bind>
</comp>

<comp id="634" class="1004" name="in_block_0_addr_7_gep_fu_634">
<pin_list>
<pin id="635" dir="0" index="0" bw="16" slack="0"/>
<pin id="636" dir="0" index="1" bw="1" slack="0"/>
<pin id="637" dir="0" index="2" bw="4" slack="0"/>
<pin id="638" dir="1" index="3" bw="3" slack="0"/>
</pin_list>
<bind>
<opcode="getelementptr(29) " fcode="getelementptr"/>
<opset="in_block_0_addr_7/4 "/>
</bind>
</comp>

<comp id="642" class="1004" name="in_block_1_addr_7_gep_fu_642">
<pin_list>
<pin id="643" dir="0" index="0" bw="16" slack="0"/>
<pin id="644" dir="0" index="1" bw="1" slack="0"/>
<pin id="645" dir="0" index="2" bw="4" slack="0"/>
<pin id="646" dir="1" index="3" bw="3" slack="0"/>
</pin_list>
<bind>
<opcode="getelementptr(29) " fcode="getelementptr"/>
<opset="in_block_1_addr_7/4 "/>
</bind>
</comp>

<comp id="650" class="1004" name="in_block_2_addr_7_gep_fu_650">
<pin_list>
<pin id="651" dir="0" index="0" bw="16" slack="0"/>
<pin id="652" dir="0" index="1" bw="1" slack="0"/>
<pin id="653" dir="0" index="2" bw="4" slack="0"/>
<pin id="654" dir="1" index="3" bw="3" slack="0"/>
</pin_list>
<bind>
<opcode="getelementptr(29) " fcode="getelementptr"/>
<opset="in_block_2_addr_7/4 "/>
</bind>
</comp>

<comp id="658" class="1004" name="in_block_3_addr_7_gep_fu_658">
<pin_list>
<pin id="659" dir="0" index="0" bw="16" slack="0"/>
<pin id="660" dir="0" index="1" bw="1" slack="0"/>
<pin id="661" dir="0" index="2" bw="4" slack="0"/>
<pin id="662" dir="1" index="3" bw="3" slack="0"/>
</pin_list>
<bind>
<opcode="getelementptr(29) " fcode="getelementptr"/>
<opset="in_block_3_addr_7/4 "/>
</bind>
</comp>

<comp id="666" class="1004" name="in_block_4_addr_7_gep_fu_666">
<pin_list>
<pin id="667" dir="0" index="0" bw="16" slack="0"/>
<pin id="668" dir="0" index="1" bw="1" slack="0"/>
<pin id="669" dir="0" index="2" bw="4" slack="0"/>
<pin id="670" dir="1" index="3" bw="3" slack="0"/>
</pin_list>
<bind>
<opcode="getelementptr(29) " fcode="getelementptr"/>
<opset="in_block_4_addr_7/4 "/>
</bind>
</comp>

<comp id="674" class="1004" name="in_block_5_addr_7_gep_fu_674">
<pin_list>
<pin id="675" dir="0" index="0" bw="16" slack="0"/>
<pin id="676" dir="0" index="1" bw="1" slack="0"/>
<pin id="677" dir="0" index="2" bw="4" slack="0"/>
<pin id="678" dir="1" index="3" bw="3" slack="0"/>
</pin_list>
<bind>
<opcode="getelementptr(29) " fcode="getelementptr"/>
<opset="in_block_5_addr_7/4 "/>
</bind>
</comp>

<comp id="682" class="1004" name="in_block_6_addr_7_gep_fu_682">
<pin_list>
<pin id="683" dir="0" index="0" bw="16" slack="0"/>
<pin id="684" dir="0" index="1" bw="1" slack="0"/>
<pin id="685" dir="0" index="2" bw="4" slack="0"/>
<pin id="686" dir="1" index="3" bw="3" slack="0"/>
</pin_list>
<bind>
<opcode="getelementptr(29) " fcode="getelementptr"/>
<opset="in_block_6_addr_7/4 "/>
</bind>
</comp>

<comp id="690" class="1004" name="in_block_7_addr_7_gep_fu_690">
<pin_list>
<pin id="691" dir="0" index="0" bw="16" slack="0"/>
<pin id="692" dir="0" index="1" bw="1" slack="0"/>
<pin id="693" dir="0" index="2" bw="4" slack="0"/>
<pin id="694" dir="1" index="3" bw="3" slack="0"/>
</pin_list>
<bind>
<opcode="getelementptr(29) " fcode="getelementptr"/>
<opset="in_block_7_addr_7/4 "/>
</bind>
</comp>

<comp id="706" class="1004" name="out_block_0_addr_gep_fu_706">
<pin_list>
<pin id="707" dir="0" index="0" bw="16" slack="0"/>
<pin id="708" dir="0" index="1" bw="1" slack="0"/>
<pin id="709" dir="0" index="2" bw="1" slack="0"/>
<pin id="710" dir="1" index="3" bw="3" slack="0"/>
</pin_list>
<bind>
<opcode="getelementptr(29) " fcode="getelementptr"/>
<opset="out_block_0_addr/15 "/>
</bind>
</comp>

<comp id="714" class="1004" name="out_block_1_addr_gep_fu_714">
<pin_list>
<pin id="715" dir="0" index="0" bw="16" slack="0"/>
<pin id="716" dir="0" index="1" bw="1" slack="0"/>
<pin id="717" dir="0" index="2" bw="1" slack="0"/>
<pin id="718" dir="1" index="3" bw="3" slack="0"/>
</pin_list>
<bind>
<opcode="getelementptr(29) " fcode="getelementptr"/>
<opset="out_block_1_addr/15 "/>
</bind>
</comp>

<comp id="722" class="1004" name="out_block_0_addr_1_gep_fu_722">
<pin_list>
<pin id="723" dir="0" index="0" bw="16" slack="0"/>
<pin id="724" dir="0" index="1" bw="1" slack="0"/>
<pin id="725" dir="0" index="2" bw="1" slack="0"/>
<pin id="726" dir="1" index="3" bw="3" slack="0"/>
</pin_list>
<bind>
<opcode="getelementptr(29) " fcode="getelementptr"/>
<opset="out_block_0_addr_1/15 "/>
</bind>
</comp>

<comp id="730" class="1004" name="out_block_1_addr_1_gep_fu_730">
<pin_list>
<pin id="731" dir="0" index="0" bw="16" slack="0"/>
<pin id="732" dir="0" index="1" bw="1" slack="0"/>
<pin id="733" dir="0" index="2" bw="1" slack="0"/>
<pin id="734" dir="1" index="3" bw="3" slack="0"/>
</pin_list>
<bind>
<opcode="getelementptr(29) " fcode="getelementptr"/>
<opset="out_block_1_addr_1/15 "/>
</bind>
</comp>

<comp id="738" class="1004" name="grp_access_fu_738">
<pin_list>
<pin id="739" dir="0" index="0" bw="3" slack="0"/>
<pin id="740" dir="0" index="1" bw="16" slack="0"/>
<pin id="741" dir="0" index="2" bw="0" slack="0"/>
<pin id="743" dir="0" index="4" bw="3" slack="0"/>
<pin id="744" dir="0" index="5" bw="16" slack="2147483647"/>
<pin id="745" dir="0" index="6" bw="0" slack="2147483647"/>
<pin id="742" dir="1" index="3" bw="16" slack="2147483647"/>
<pin id="746" dir="1" index="7" bw="16" slack="2147483647"/>
</pin_list>
<bind>
<opcode="store(28) " fcode="store"/>
<opset="store_ln56/15 store_ln56/15 store_ln56/16 store_ln56/16 store_ln56/17 store_ln56/17 store_ln56/18 store_ln56/18 "/>
</bind>
</comp>

<comp id="748" class="1004" name="grp_access_fu_748">
<pin_list>
<pin id="749" dir="0" index="0" bw="3" slack="0"/>
<pin id="750" dir="0" index="1" bw="16" slack="0"/>
<pin id="751" dir="0" index="2" bw="0" slack="0"/>
<pin id="753" dir="0" index="4" bw="3" slack="0"/>
<pin id="754" dir="0" index="5" bw="16" slack="2147483647"/>
<pin id="755" dir="0" index="6" bw="0" slack="2147483647"/>
<pin id="752" dir="1" index="3" bw="16" slack="2147483647"/>
<pin id="756" dir="1" index="7" bw="16" slack="2147483647"/>
</pin_list>
<bind>
<opcode="store(28) " fcode="store"/>
<opset="store_ln56/15 store_ln56/15 store_ln56/16 store_ln56/16 store_ln56/17 store_ln56/17 store_ln56/18 store_ln56/18 "/>
</bind>
</comp>

<comp id="760" class="1004" name="out_block_2_addr_gep_fu_760">
<pin_list>
<pin id="761" dir="0" index="0" bw="16" slack="0"/>
<pin id="762" dir="0" index="1" bw="1" slack="0"/>
<pin id="763" dir="0" index="2" bw="1" slack="0"/>
<pin id="764" dir="1" index="3" bw="3" slack="0"/>
</pin_list>
<bind>
<opcode="getelementptr(29) " fcode="getelementptr"/>
<opset="out_block_2_addr/16 "/>
</bind>
</comp>

<comp id="768" class="1004" name="out_block_3_addr_gep_fu_768">
<pin_list>
<pin id="769" dir="0" index="0" bw="16" slack="0"/>
<pin id="770" dir="0" index="1" bw="1" slack="0"/>
<pin id="771" dir="0" index="2" bw="1" slack="0"/>
<pin id="772" dir="1" index="3" bw="3" slack="0"/>
</pin_list>
<bind>
<opcode="getelementptr(29) " fcode="getelementptr"/>
<opset="out_block_3_addr/16 "/>
</bind>
</comp>

<comp id="776" class="1004" name="out_block_2_addr_1_gep_fu_776">
<pin_list>
<pin id="777" dir="0" index="0" bw="16" slack="0"/>
<pin id="778" dir="0" index="1" bw="1" slack="0"/>
<pin id="779" dir="0" index="2" bw="1" slack="0"/>
<pin id="780" dir="1" index="3" bw="3" slack="0"/>
</pin_list>
<bind>
<opcode="getelementptr(29) " fcode="getelementptr"/>
<opset="out_block_2_addr_1/16 "/>
</bind>
</comp>

<comp id="784" class="1004" name="out_block_3_addr_1_gep_fu_784">
<pin_list>
<pin id="785" dir="0" index="0" bw="16" slack="0"/>
<pin id="786" dir="0" index="1" bw="1" slack="0"/>
<pin id="787" dir="0" index="2" bw="1" slack="0"/>
<pin id="788" dir="1" index="3" bw="3" slack="0"/>
</pin_list>
<bind>
<opcode="getelementptr(29) " fcode="getelementptr"/>
<opset="out_block_3_addr_1/16 "/>
</bind>
</comp>

<comp id="792" class="1004" name="out_block_0_addr_2_gep_fu_792">
<pin_list>
<pin id="793" dir="0" index="0" bw="16" slack="0"/>
<pin id="794" dir="0" index="1" bw="1" slack="0"/>
<pin id="795" dir="0" index="2" bw="3" slack="0"/>
<pin id="796" dir="1" index="3" bw="3" slack="0"/>
</pin_list>
<bind>
<opcode="getelementptr(29) " fcode="getelementptr"/>
<opset="out_block_0_addr_2/16 "/>
</bind>
</comp>

<comp id="800" class="1004" name="out_block_1_addr_2_gep_fu_800">
<pin_list>
<pin id="801" dir="0" index="0" bw="16" slack="0"/>
<pin id="802" dir="0" index="1" bw="1" slack="0"/>
<pin id="803" dir="0" index="2" bw="3" slack="0"/>
<pin id="804" dir="1" index="3" bw="3" slack="0"/>
</pin_list>
<bind>
<opcode="getelementptr(29) " fcode="getelementptr"/>
<opset="out_block_1_addr_2/16 "/>
</bind>
</comp>

<comp id="808" class="1004" name="out_block_0_addr_3_gep_fu_808">
<pin_list>
<pin id="809" dir="0" index="0" bw="16" slack="0"/>
<pin id="810" dir="0" index="1" bw="1" slack="0"/>
<pin id="811" dir="0" index="2" bw="3" slack="0"/>
<pin id="812" dir="1" index="3" bw="3" slack="0"/>
</pin_list>
<bind>
<opcode="getelementptr(29) " fcode="getelementptr"/>
<opset="out_block_0_addr_3/16 "/>
</bind>
</comp>

<comp id="816" class="1004" name="out_block_1_addr_3_gep_fu_816">
<pin_list>
<pin id="817" dir="0" index="0" bw="16" slack="0"/>
<pin id="818" dir="0" index="1" bw="1" slack="0"/>
<pin id="819" dir="0" index="2" bw="3" slack="0"/>
<pin id="820" dir="1" index="3" bw="3" slack="0"/>
</pin_list>
<bind>
<opcode="getelementptr(29) " fcode="getelementptr"/>
<opset="out_block_1_addr_3/16 "/>
</bind>
</comp>

<comp id="824" class="1004" name="grp_access_fu_824">
<pin_list>
<pin id="825" dir="0" index="0" bw="3" slack="0"/>
<pin id="826" dir="0" index="1" bw="16" slack="0"/>
<pin id="827" dir="0" index="2" bw="0" slack="0"/>
<pin id="829" dir="0" index="4" bw="3" slack="0"/>
<pin id="830" dir="0" index="5" bw="16" slack="2147483647"/>
<pin id="831" dir="0" index="6" bw="0" slack="2147483647"/>
<pin id="828" dir="1" index="3" bw="16" slack="2147483647"/>
<pin id="832" dir="1" index="7" bw="16" slack="2147483647"/>
</pin_list>
<bind>
<opcode="store(28) " fcode="store"/>
<opset="store_ln56/16 store_ln56/16 store_ln56/17 store_ln56/17 store_ln56/18 store_ln56/18 store_ln56/19 store_ln56/19 "/>
</bind>
</comp>

<comp id="834" class="1004" name="grp_access_fu_834">
<pin_list>
<pin id="835" dir="0" index="0" bw="3" slack="0"/>
<pin id="836" dir="0" index="1" bw="16" slack="0"/>
<pin id="837" dir="0" index="2" bw="0" slack="0"/>
<pin id="839" dir="0" index="4" bw="3" slack="0"/>
<pin id="840" dir="0" index="5" bw="16" slack="2147483647"/>
<pin id="841" dir="0" index="6" bw="0" slack="2147483647"/>
<pin id="838" dir="1" index="3" bw="16" slack="2147483647"/>
<pin id="842" dir="1" index="7" bw="16" slack="2147483647"/>
</pin_list>
<bind>
<opcode="store(28) " fcode="store"/>
<opset="store_ln56/16 store_ln56/16 store_ln56/17 store_ln56/17 store_ln56/18 store_ln56/18 store_ln56/19 store_ln56/19 "/>
</bind>
</comp>

<comp id="850" class="1004" name="out_block_4_addr_gep_fu_850">
<pin_list>
<pin id="851" dir="0" index="0" bw="16" slack="0"/>
<pin id="852" dir="0" index="1" bw="1" slack="0"/>
<pin id="853" dir="0" index="2" bw="1" slack="0"/>
<pin id="854" dir="1" index="3" bw="3" slack="0"/>
</pin_list>
<bind>
<opcode="getelementptr(29) " fcode="getelementptr"/>
<opset="out_block_4_addr/17 "/>
</bind>
</comp>

<comp id="858" class="1004" name="out_block_5_addr_gep_fu_858">
<pin_list>
<pin id="859" dir="0" index="0" bw="16" slack="0"/>
<pin id="860" dir="0" index="1" bw="1" slack="0"/>
<pin id="861" dir="0" index="2" bw="1" slack="0"/>
<pin id="862" dir="1" index="3" bw="3" slack="0"/>
</pin_list>
<bind>
<opcode="getelementptr(29) " fcode="getelementptr"/>
<opset="out_block_5_addr/17 "/>
</bind>
</comp>

<comp id="866" class="1004" name="out_block_4_addr_1_gep_fu_866">
<pin_list>
<pin id="867" dir="0" index="0" bw="16" slack="0"/>
<pin id="868" dir="0" index="1" bw="1" slack="0"/>
<pin id="869" dir="0" index="2" bw="1" slack="0"/>
<pin id="870" dir="1" index="3" bw="3" slack="0"/>
</pin_list>
<bind>
<opcode="getelementptr(29) " fcode="getelementptr"/>
<opset="out_block_4_addr_1/17 "/>
</bind>
</comp>

<comp id="874" class="1004" name="out_block_5_addr_1_gep_fu_874">
<pin_list>
<pin id="875" dir="0" index="0" bw="16" slack="0"/>
<pin id="876" dir="0" index="1" bw="1" slack="0"/>
<pin id="877" dir="0" index="2" bw="1" slack="0"/>
<pin id="878" dir="1" index="3" bw="3" slack="0"/>
</pin_list>
<bind>
<opcode="getelementptr(29) " fcode="getelementptr"/>
<opset="out_block_5_addr_1/17 "/>
</bind>
</comp>

<comp id="882" class="1004" name="out_block_2_addr_2_gep_fu_882">
<pin_list>
<pin id="883" dir="0" index="0" bw="16" slack="0"/>
<pin id="884" dir="0" index="1" bw="1" slack="0"/>
<pin id="885" dir="0" index="2" bw="3" slack="0"/>
<pin id="886" dir="1" index="3" bw="3" slack="0"/>
</pin_list>
<bind>
<opcode="getelementptr(29) " fcode="getelementptr"/>
<opset="out_block_2_addr_2/17 "/>
</bind>
</comp>

<comp id="890" class="1004" name="out_block_3_addr_2_gep_fu_890">
<pin_list>
<pin id="891" dir="0" index="0" bw="16" slack="0"/>
<pin id="892" dir="0" index="1" bw="1" slack="0"/>
<pin id="893" dir="0" index="2" bw="3" slack="0"/>
<pin id="894" dir="1" index="3" bw="3" slack="0"/>
</pin_list>
<bind>
<opcode="getelementptr(29) " fcode="getelementptr"/>
<opset="out_block_3_addr_2/17 "/>
</bind>
</comp>

<comp id="898" class="1004" name="out_block_2_addr_3_gep_fu_898">
<pin_list>
<pin id="899" dir="0" index="0" bw="16" slack="0"/>
<pin id="900" dir="0" index="1" bw="1" slack="0"/>
<pin id="901" dir="0" index="2" bw="3" slack="0"/>
<pin id="902" dir="1" index="3" bw="3" slack="0"/>
</pin_list>
<bind>
<opcode="getelementptr(29) " fcode="getelementptr"/>
<opset="out_block_2_addr_3/17 "/>
</bind>
</comp>

<comp id="906" class="1004" name="out_block_3_addr_3_gep_fu_906">
<pin_list>
<pin id="907" dir="0" index="0" bw="16" slack="0"/>
<pin id="908" dir="0" index="1" bw="1" slack="0"/>
<pin id="909" dir="0" index="2" bw="3" slack="0"/>
<pin id="910" dir="1" index="3" bw="3" slack="0"/>
</pin_list>
<bind>
<opcode="getelementptr(29) " fcode="getelementptr"/>
<opset="out_block_3_addr_3/17 "/>
</bind>
</comp>

<comp id="914" class="1004" name="out_block_0_addr_4_gep_fu_914">
<pin_list>
<pin id="915" dir="0" index="0" bw="16" slack="0"/>
<pin id="916" dir="0" index="1" bw="1" slack="0"/>
<pin id="917" dir="0" index="2" bw="4" slack="0"/>
<pin id="918" dir="1" index="3" bw="3" slack="0"/>
</pin_list>
<bind>
<opcode="getelementptr(29) " fcode="getelementptr"/>
<opset="out_block_0_addr_4/17 "/>
</bind>
</comp>

<comp id="922" class="1004" name="out_block_1_addr_4_gep_fu_922">
<pin_list>
<pin id="923" dir="0" index="0" bw="16" slack="0"/>
<pin id="924" dir="0" index="1" bw="1" slack="0"/>
<pin id="925" dir="0" index="2" bw="4" slack="0"/>
<pin id="926" dir="1" index="3" bw="3" slack="0"/>
</pin_list>
<bind>
<opcode="getelementptr(29) " fcode="getelementptr"/>
<opset="out_block_1_addr_4/17 "/>
</bind>
</comp>

<comp id="930" class="1004" name="out_block_0_addr_5_gep_fu_930">
<pin_list>
<pin id="931" dir="0" index="0" bw="16" slack="0"/>
<pin id="932" dir="0" index="1" bw="1" slack="0"/>
<pin id="933" dir="0" index="2" bw="4" slack="0"/>
<pin id="934" dir="1" index="3" bw="3" slack="0"/>
</pin_list>
<bind>
<opcode="getelementptr(29) " fcode="getelementptr"/>
<opset="out_block_0_addr_5/17 "/>
</bind>
</comp>

<comp id="938" class="1004" name="out_block_1_addr_5_gep_fu_938">
<pin_list>
<pin id="939" dir="0" index="0" bw="16" slack="0"/>
<pin id="940" dir="0" index="1" bw="1" slack="0"/>
<pin id="941" dir="0" index="2" bw="4" slack="0"/>
<pin id="942" dir="1" index="3" bw="3" slack="0"/>
</pin_list>
<bind>
<opcode="getelementptr(29) " fcode="getelementptr"/>
<opset="out_block_1_addr_5/17 "/>
</bind>
</comp>

<comp id="946" class="1004" name="grp_access_fu_946">
<pin_list>
<pin id="947" dir="0" index="0" bw="3" slack="0"/>
<pin id="948" dir="0" index="1" bw="16" slack="0"/>
<pin id="949" dir="0" index="2" bw="0" slack="0"/>
<pin id="951" dir="0" index="4" bw="3" slack="0"/>
<pin id="952" dir="0" index="5" bw="16" slack="2147483647"/>
<pin id="953" dir="0" index="6" bw="0" slack="2147483647"/>
<pin id="950" dir="1" index="3" bw="16" slack="2147483647"/>
<pin id="954" dir="1" index="7" bw="16" slack="2147483647"/>
</pin_list>
<bind>
<opcode="store(28) " fcode="store"/>
<opset="store_ln56/17 store_ln56/17 store_ln56/18 store_ln56/18 store_ln56/19 store_ln56/19 store_ln56/20 store_ln56/20 "/>
</bind>
</comp>

<comp id="956" class="1004" name="grp_access_fu_956">
<pin_list>
<pin id="957" dir="0" index="0" bw="3" slack="0"/>
<pin id="958" dir="0" index="1" bw="16" slack="0"/>
<pin id="959" dir="0" index="2" bw="0" slack="0"/>
<pin id="961" dir="0" index="4" bw="3" slack="0"/>
<pin id="962" dir="0" index="5" bw="16" slack="2147483647"/>
<pin id="963" dir="0" index="6" bw="0" slack="2147483647"/>
<pin id="960" dir="1" index="3" bw="16" slack="2147483647"/>
<pin id="964" dir="1" index="7" bw="16" slack="2147483647"/>
</pin_list>
<bind>
<opcode="store(28) " fcode="store"/>
<opset="store_ln56/17 store_ln56/17 store_ln56/18 store_ln56/18 store_ln56/19 store_ln56/19 store_ln56/20 store_ln56/20 "/>
</bind>
</comp>

<comp id="976" class="1004" name="out_block_6_addr_gep_fu_976">
<pin_list>
<pin id="977" dir="0" index="0" bw="16" slack="0"/>
<pin id="978" dir="0" index="1" bw="1" slack="0"/>
<pin id="979" dir="0" index="2" bw="1" slack="0"/>
<pin id="980" dir="1" index="3" bw="3" slack="0"/>
</pin_list>
<bind>
<opcode="getelementptr(29) " fcode="getelementptr"/>
<opset="out_block_6_addr/18 "/>
</bind>
</comp>

<comp id="984" class="1004" name="out_block_7_addr_gep_fu_984">
<pin_list>
<pin id="985" dir="0" index="0" bw="16" slack="0"/>
<pin id="986" dir="0" index="1" bw="1" slack="0"/>
<pin id="987" dir="0" index="2" bw="1" slack="0"/>
<pin id="988" dir="1" index="3" bw="3" slack="0"/>
</pin_list>
<bind>
<opcode="getelementptr(29) " fcode="getelementptr"/>
<opset="out_block_7_addr/18 "/>
</bind>
</comp>

<comp id="992" class="1004" name="out_block_6_addr_1_gep_fu_992">
<pin_list>
<pin id="993" dir="0" index="0" bw="16" slack="0"/>
<pin id="994" dir="0" index="1" bw="1" slack="0"/>
<pin id="995" dir="0" index="2" bw="1" slack="0"/>
<pin id="996" dir="1" index="3" bw="3" slack="0"/>
</pin_list>
<bind>
<opcode="getelementptr(29) " fcode="getelementptr"/>
<opset="out_block_6_addr_1/18 "/>
</bind>
</comp>

<comp id="1000" class="1004" name="out_block_7_addr_1_gep_fu_1000">
<pin_list>
<pin id="1001" dir="0" index="0" bw="16" slack="0"/>
<pin id="1002" dir="0" index="1" bw="1" slack="0"/>
<pin id="1003" dir="0" index="2" bw="1" slack="0"/>
<pin id="1004" dir="1" index="3" bw="3" slack="0"/>
</pin_list>
<bind>
<opcode="getelementptr(29) " fcode="getelementptr"/>
<opset="out_block_7_addr_1/18 "/>
</bind>
</comp>

<comp id="1008" class="1004" name="out_block_4_addr_2_gep_fu_1008">
<pin_list>
<pin id="1009" dir="0" index="0" bw="16" slack="0"/>
<pin id="1010" dir="0" index="1" bw="1" slack="0"/>
<pin id="1011" dir="0" index="2" bw="3" slack="0"/>
<pin id="1012" dir="1" index="3" bw="3" slack="0"/>
</pin_list>
<bind>
<opcode="getelementptr(29) " fcode="getelementptr"/>
<opset="out_block_4_addr_2/18 "/>
</bind>
</comp>

<comp id="1016" class="1004" name="out_block_5_addr_2_gep_fu_1016">
<pin_list>
<pin id="1017" dir="0" index="0" bw="16" slack="0"/>
<pin id="1018" dir="0" index="1" bw="1" slack="0"/>
<pin id="1019" dir="0" index="2" bw="3" slack="0"/>
<pin id="1020" dir="1" index="3" bw="3" slack="0"/>
</pin_list>
<bind>
<opcode="getelementptr(29) " fcode="getelementptr"/>
<opset="out_block_5_addr_2/18 "/>
</bind>
</comp>

<comp id="1024" class="1004" name="out_block_4_addr_3_gep_fu_1024">
<pin_list>
<pin id="1025" dir="0" index="0" bw="16" slack="0"/>
<pin id="1026" dir="0" index="1" bw="1" slack="0"/>
<pin id="1027" dir="0" index="2" bw="3" slack="0"/>
<pin id="1028" dir="1" index="3" bw="3" slack="0"/>
</pin_list>
<bind>
<opcode="getelementptr(29) " fcode="getelementptr"/>
<opset="out_block_4_addr_3/18 "/>
</bind>
</comp>

<comp id="1032" class="1004" name="out_block_5_addr_3_gep_fu_1032">
<pin_list>
<pin id="1033" dir="0" index="0" bw="16" slack="0"/>
<pin id="1034" dir="0" index="1" bw="1" slack="0"/>
<pin id="1035" dir="0" index="2" bw="3" slack="0"/>
<pin id="1036" dir="1" index="3" bw="3" slack="0"/>
</pin_list>
<bind>
<opcode="getelementptr(29) " fcode="getelementptr"/>
<opset="out_block_5_addr_3/18 "/>
</bind>
</comp>

<comp id="1040" class="1004" name="out_block_2_addr_4_gep_fu_1040">
<pin_list>
<pin id="1041" dir="0" index="0" bw="16" slack="0"/>
<pin id="1042" dir="0" index="1" bw="1" slack="0"/>
<pin id="1043" dir="0" index="2" bw="4" slack="0"/>
<pin id="1044" dir="1" index="3" bw="3" slack="0"/>
</pin_list>
<bind>
<opcode="getelementptr(29) " fcode="getelementptr"/>
<opset="out_block_2_addr_4/18 "/>
</bind>
</comp>

<comp id="1048" class="1004" name="out_block_3_addr_4_gep_fu_1048">
<pin_list>
<pin id="1049" dir="0" index="0" bw="16" slack="0"/>
<pin id="1050" dir="0" index="1" bw="1" slack="0"/>
<pin id="1051" dir="0" index="2" bw="4" slack="0"/>
<pin id="1052" dir="1" index="3" bw="3" slack="0"/>
</pin_list>
<bind>
<opcode="getelementptr(29) " fcode="getelementptr"/>
<opset="out_block_3_addr_4/18 "/>
</bind>
</comp>

<comp id="1056" class="1004" name="out_block_2_addr_5_gep_fu_1056">
<pin_list>
<pin id="1057" dir="0" index="0" bw="16" slack="0"/>
<pin id="1058" dir="0" index="1" bw="1" slack="0"/>
<pin id="1059" dir="0" index="2" bw="4" slack="0"/>
<pin id="1060" dir="1" index="3" bw="3" slack="0"/>
</pin_list>
<bind>
<opcode="getelementptr(29) " fcode="getelementptr"/>
<opset="out_block_2_addr_5/18 "/>
</bind>
</comp>

<comp id="1064" class="1004" name="out_block_3_addr_5_gep_fu_1064">
<pin_list>
<pin id="1065" dir="0" index="0" bw="16" slack="0"/>
<pin id="1066" dir="0" index="1" bw="1" slack="0"/>
<pin id="1067" dir="0" index="2" bw="4" slack="0"/>
<pin id="1068" dir="1" index="3" bw="3" slack="0"/>
</pin_list>
<bind>
<opcode="getelementptr(29) " fcode="getelementptr"/>
<opset="out_block_3_addr_5/18 "/>
</bind>
</comp>

<comp id="1072" class="1004" name="out_block_0_addr_6_gep_fu_1072">
<pin_list>
<pin id="1073" dir="0" index="0" bw="16" slack="0"/>
<pin id="1074" dir="0" index="1" bw="1" slack="0"/>
<pin id="1075" dir="0" index="2" bw="4" slack="0"/>
<pin id="1076" dir="1" index="3" bw="3" slack="0"/>
</pin_list>
<bind>
<opcode="getelementptr(29) " fcode="getelementptr"/>
<opset="out_block_0_addr_6/18 "/>
</bind>
</comp>

<comp id="1080" class="1004" name="out_block_1_addr_6_gep_fu_1080">
<pin_list>
<pin id="1081" dir="0" index="0" bw="16" slack="0"/>
<pin id="1082" dir="0" index="1" bw="1" slack="0"/>
<pin id="1083" dir="0" index="2" bw="4" slack="0"/>
<pin id="1084" dir="1" index="3" bw="3" slack="0"/>
</pin_list>
<bind>
<opcode="getelementptr(29) " fcode="getelementptr"/>
<opset="out_block_1_addr_6/18 "/>
</bind>
</comp>

<comp id="1088" class="1004" name="out_block_0_addr_7_gep_fu_1088">
<pin_list>
<pin id="1089" dir="0" index="0" bw="16" slack="0"/>
<pin id="1090" dir="0" index="1" bw="1" slack="0"/>
<pin id="1091" dir="0" index="2" bw="4" slack="0"/>
<pin id="1092" dir="1" index="3" bw="3" slack="0"/>
</pin_list>
<bind>
<opcode="getelementptr(29) " fcode="getelementptr"/>
<opset="out_block_0_addr_7/18 "/>
</bind>
</comp>

<comp id="1096" class="1004" name="out_block_1_addr_7_gep_fu_1096">
<pin_list>
<pin id="1097" dir="0" index="0" bw="16" slack="0"/>
<pin id="1098" dir="0" index="1" bw="1" slack="0"/>
<pin id="1099" dir="0" index="2" bw="4" slack="0"/>
<pin id="1100" dir="1" index="3" bw="3" slack="0"/>
</pin_list>
<bind>
<opcode="getelementptr(29) " fcode="getelementptr"/>
<opset="out_block_1_addr_7/18 "/>
</bind>
</comp>

<comp id="1104" class="1004" name="grp_access_fu_1104">
<pin_list>
<pin id="1105" dir="0" index="0" bw="3" slack="0"/>
<pin id="1106" dir="0" index="1" bw="16" slack="0"/>
<pin id="1107" dir="0" index="2" bw="0" slack="0"/>
<pin id="1109" dir="0" index="4" bw="3" slack="0"/>
<pin id="1110" dir="0" index="5" bw="16" slack="2147483647"/>
<pin id="1111" dir="0" index="6" bw="0" slack="2147483647"/>
<pin id="1108" dir="1" index="3" bw="16" slack="2147483647"/>
<pin id="1112" dir="1" index="7" bw="16" slack="2147483647"/>
</pin_list>
<bind>
<opcode="store(28) " fcode="store"/>
<opset="store_ln56/18 store_ln56/18 store_ln56/19 store_ln56/19 store_ln56/20 store_ln56/20 store_ln56/21 store_ln56/21 "/>
</bind>
</comp>

<comp id="1114" class="1004" name="grp_access_fu_1114">
<pin_list>
<pin id="1115" dir="0" index="0" bw="3" slack="0"/>
<pin id="1116" dir="0" index="1" bw="16" slack="0"/>
<pin id="1117" dir="0" index="2" bw="0" slack="0"/>
<pin id="1119" dir="0" index="4" bw="3" slack="0"/>
<pin id="1120" dir="0" index="5" bw="16" slack="2147483647"/>
<pin id="1121" dir="0" index="6" bw="0" slack="2147483647"/>
<pin id="1118" dir="1" index="3" bw="16" slack="2147483647"/>
<pin id="1122" dir="1" index="7" bw="16" slack="2147483647"/>
</pin_list>
<bind>
<opcode="store(28) " fcode="store"/>
<opset="store_ln56/18 store_ln56/18 store_ln56/19 store_ln56/19 store_ln56/20 store_ln56/20 store_ln56/21 store_ln56/21 "/>
</bind>
</comp>

<comp id="1138" class="1004" name="out_block_6_addr_2_gep_fu_1138">
<pin_list>
<pin id="1139" dir="0" index="0" bw="16" slack="0"/>
<pin id="1140" dir="0" index="1" bw="1" slack="0"/>
<pin id="1141" dir="0" index="2" bw="3" slack="0"/>
<pin id="1142" dir="1" index="3" bw="3" slack="0"/>
</pin_list>
<bind>
<opcode="getelementptr(29) " fcode="getelementptr"/>
<opset="out_block_6_addr_2/19 "/>
</bind>
</comp>

<comp id="1146" class="1004" name="out_block_7_addr_2_gep_fu_1146">
<pin_list>
<pin id="1147" dir="0" index="0" bw="16" slack="0"/>
<pin id="1148" dir="0" index="1" bw="1" slack="0"/>
<pin id="1149" dir="0" index="2" bw="3" slack="0"/>
<pin id="1150" dir="1" index="3" bw="3" slack="0"/>
</pin_list>
<bind>
<opcode="getelementptr(29) " fcode="getelementptr"/>
<opset="out_block_7_addr_2/19 "/>
</bind>
</comp>

<comp id="1154" class="1004" name="out_block_6_addr_3_gep_fu_1154">
<pin_list>
<pin id="1155" dir="0" index="0" bw="16" slack="0"/>
<pin id="1156" dir="0" index="1" bw="1" slack="0"/>
<pin id="1157" dir="0" index="2" bw="3" slack="0"/>
<pin id="1158" dir="1" index="3" bw="3" slack="0"/>
</pin_list>
<bind>
<opcode="getelementptr(29) " fcode="getelementptr"/>
<opset="out_block_6_addr_3/19 "/>
</bind>
</comp>

<comp id="1162" class="1004" name="out_block_7_addr_3_gep_fu_1162">
<pin_list>
<pin id="1163" dir="0" index="0" bw="16" slack="0"/>
<pin id="1164" dir="0" index="1" bw="1" slack="0"/>
<pin id="1165" dir="0" index="2" bw="3" slack="0"/>
<pin id="1166" dir="1" index="3" bw="3" slack="0"/>
</pin_list>
<bind>
<opcode="getelementptr(29) " fcode="getelementptr"/>
<opset="out_block_7_addr_3/19 "/>
</bind>
</comp>

<comp id="1170" class="1004" name="out_block_4_addr_4_gep_fu_1170">
<pin_list>
<pin id="1171" dir="0" index="0" bw="16" slack="0"/>
<pin id="1172" dir="0" index="1" bw="1" slack="0"/>
<pin id="1173" dir="0" index="2" bw="4" slack="0"/>
<pin id="1174" dir="1" index="3" bw="3" slack="0"/>
</pin_list>
<bind>
<opcode="getelementptr(29) " fcode="getelementptr"/>
<opset="out_block_4_addr_4/19 "/>
</bind>
</comp>

<comp id="1178" class="1004" name="out_block_5_addr_4_gep_fu_1178">
<pin_list>
<pin id="1179" dir="0" index="0" bw="16" slack="0"/>
<pin id="1180" dir="0" index="1" bw="1" slack="0"/>
<pin id="1181" dir="0" index="2" bw="4" slack="0"/>
<pin id="1182" dir="1" index="3" bw="3" slack="0"/>
</pin_list>
<bind>
<opcode="getelementptr(29) " fcode="getelementptr"/>
<opset="out_block_5_addr_4/19 "/>
</bind>
</comp>

<comp id="1186" class="1004" name="out_block_4_addr_5_gep_fu_1186">
<pin_list>
<pin id="1187" dir="0" index="0" bw="16" slack="0"/>
<pin id="1188" dir="0" index="1" bw="1" slack="0"/>
<pin id="1189" dir="0" index="2" bw="4" slack="0"/>
<pin id="1190" dir="1" index="3" bw="3" slack="0"/>
</pin_list>
<bind>
<opcode="getelementptr(29) " fcode="getelementptr"/>
<opset="out_block_4_addr_5/19 "/>
</bind>
</comp>

<comp id="1194" class="1004" name="out_block_5_addr_5_gep_fu_1194">
<pin_list>
<pin id="1195" dir="0" index="0" bw="16" slack="0"/>
<pin id="1196" dir="0" index="1" bw="1" slack="0"/>
<pin id="1197" dir="0" index="2" bw="4" slack="0"/>
<pin id="1198" dir="1" index="3" bw="3" slack="0"/>
</pin_list>
<bind>
<opcode="getelementptr(29) " fcode="getelementptr"/>
<opset="out_block_5_addr_5/19 "/>
</bind>
</comp>

<comp id="1202" class="1004" name="out_block_2_addr_6_gep_fu_1202">
<pin_list>
<pin id="1203" dir="0" index="0" bw="16" slack="0"/>
<pin id="1204" dir="0" index="1" bw="1" slack="0"/>
<pin id="1205" dir="0" index="2" bw="4" slack="0"/>
<pin id="1206" dir="1" index="3" bw="3" slack="0"/>
</pin_list>
<bind>
<opcode="getelementptr(29) " fcode="getelementptr"/>
<opset="out_block_2_addr_6/19 "/>
</bind>
</comp>

<comp id="1210" class="1004" name="out_block_3_addr_6_gep_fu_1210">
<pin_list>
<pin id="1211" dir="0" index="0" bw="16" slack="0"/>
<pin id="1212" dir="0" index="1" bw="1" slack="0"/>
<pin id="1213" dir="0" index="2" bw="4" slack="0"/>
<pin id="1214" dir="1" index="3" bw="3" slack="0"/>
</pin_list>
<bind>
<opcode="getelementptr(29) " fcode="getelementptr"/>
<opset="out_block_3_addr_6/19 "/>
</bind>
</comp>

<comp id="1218" class="1004" name="out_block_2_addr_7_gep_fu_1218">
<pin_list>
<pin id="1219" dir="0" index="0" bw="16" slack="0"/>
<pin id="1220" dir="0" index="1" bw="1" slack="0"/>
<pin id="1221" dir="0" index="2" bw="4" slack="0"/>
<pin id="1222" dir="1" index="3" bw="3" slack="0"/>
</pin_list>
<bind>
<opcode="getelementptr(29) " fcode="getelementptr"/>
<opset="out_block_2_addr_7/19 "/>
</bind>
</comp>

<comp id="1226" class="1004" name="out_block_3_addr_7_gep_fu_1226">
<pin_list>
<pin id="1227" dir="0" index="0" bw="16" slack="0"/>
<pin id="1228" dir="0" index="1" bw="1" slack="0"/>
<pin id="1229" dir="0" index="2" bw="4" slack="0"/>
<pin id="1230" dir="1" index="3" bw="3" slack="0"/>
</pin_list>
<bind>
<opcode="getelementptr(29) " fcode="getelementptr"/>
<opset="out_block_3_addr_7/19 "/>
</bind>
</comp>

<comp id="1246" class="1004" name="out_block_6_addr_4_gep_fu_1246">
<pin_list>
<pin id="1247" dir="0" index="0" bw="16" slack="0"/>
<pin id="1248" dir="0" index="1" bw="1" slack="0"/>
<pin id="1249" dir="0" index="2" bw="4" slack="0"/>
<pin id="1250" dir="1" index="3" bw="3" slack="0"/>
</pin_list>
<bind>
<opcode="getelementptr(29) " fcode="getelementptr"/>
<opset="out_block_6_addr_4/20 "/>
</bind>
</comp>

<comp id="1254" class="1004" name="out_block_7_addr_4_gep_fu_1254">
<pin_list>
<pin id="1255" dir="0" index="0" bw="16" slack="0"/>
<pin id="1256" dir="0" index="1" bw="1" slack="0"/>
<pin id="1257" dir="0" index="2" bw="4" slack="0"/>
<pin id="1258" dir="1" index="3" bw="3" slack="0"/>
</pin_list>
<bind>
<opcode="getelementptr(29) " fcode="getelementptr"/>
<opset="out_block_7_addr_4/20 "/>
</bind>
</comp>

<comp id="1262" class="1004" name="out_block_6_addr_5_gep_fu_1262">
<pin_list>
<pin id="1263" dir="0" index="0" bw="16" slack="0"/>
<pin id="1264" dir="0" index="1" bw="1" slack="0"/>
<pin id="1265" dir="0" index="2" bw="4" slack="0"/>
<pin id="1266" dir="1" index="3" bw="3" slack="0"/>
</pin_list>
<bind>
<opcode="getelementptr(29) " fcode="getelementptr"/>
<opset="out_block_6_addr_5/20 "/>
</bind>
</comp>

<comp id="1270" class="1004" name="out_block_7_addr_5_gep_fu_1270">
<pin_list>
<pin id="1271" dir="0" index="0" bw="16" slack="0"/>
<pin id="1272" dir="0" index="1" bw="1" slack="0"/>
<pin id="1273" dir="0" index="2" bw="4" slack="0"/>
<pin id="1274" dir="1" index="3" bw="3" slack="0"/>
</pin_list>
<bind>
<opcode="getelementptr(29) " fcode="getelementptr"/>
<opset="out_block_7_addr_5/20 "/>
</bind>
</comp>

<comp id="1278" class="1004" name="out_block_4_addr_6_gep_fu_1278">
<pin_list>
<pin id="1279" dir="0" index="0" bw="16" slack="0"/>
<pin id="1280" dir="0" index="1" bw="1" slack="0"/>
<pin id="1281" dir="0" index="2" bw="4" slack="0"/>
<pin id="1282" dir="1" index="3" bw="3" slack="0"/>
</pin_list>
<bind>
<opcode="getelementptr(29) " fcode="getelementptr"/>
<opset="out_block_4_addr_6/20 "/>
</bind>
</comp>

<comp id="1286" class="1004" name="out_block_5_addr_6_gep_fu_1286">
<pin_list>
<pin id="1287" dir="0" index="0" bw="16" slack="0"/>
<pin id="1288" dir="0" index="1" bw="1" slack="0"/>
<pin id="1289" dir="0" index="2" bw="4" slack="0"/>
<pin id="1290" dir="1" index="3" bw="3" slack="0"/>
</pin_list>
<bind>
<opcode="getelementptr(29) " fcode="getelementptr"/>
<opset="out_block_5_addr_6/20 "/>
</bind>
</comp>

<comp id="1294" class="1004" name="out_block_4_addr_7_gep_fu_1294">
<pin_list>
<pin id="1295" dir="0" index="0" bw="16" slack="0"/>
<pin id="1296" dir="0" index="1" bw="1" slack="0"/>
<pin id="1297" dir="0" index="2" bw="4" slack="0"/>
<pin id="1298" dir="1" index="3" bw="3" slack="0"/>
</pin_list>
<bind>
<opcode="getelementptr(29) " fcode="getelementptr"/>
<opset="out_block_4_addr_7/20 "/>
</bind>
</comp>

<comp id="1302" class="1004" name="out_block_5_addr_7_gep_fu_1302">
<pin_list>
<pin id="1303" dir="0" index="0" bw="16" slack="0"/>
<pin id="1304" dir="0" index="1" bw="1" slack="0"/>
<pin id="1305" dir="0" index="2" bw="4" slack="0"/>
<pin id="1306" dir="1" index="3" bw="3" slack="0"/>
</pin_list>
<bind>
<opcode="getelementptr(29) " fcode="getelementptr"/>
<opset="out_block_5_addr_7/20 "/>
</bind>
</comp>

<comp id="1318" class="1004" name="out_block_6_addr_6_gep_fu_1318">
<pin_list>
<pin id="1319" dir="0" index="0" bw="16" slack="0"/>
<pin id="1320" dir="0" index="1" bw="1" slack="0"/>
<pin id="1321" dir="0" index="2" bw="4" slack="0"/>
<pin id="1322" dir="1" index="3" bw="3" slack="0"/>
</pin_list>
<bind>
<opcode="getelementptr(29) " fcode="getelementptr"/>
<opset="out_block_6_addr_6/21 "/>
</bind>
</comp>

<comp id="1326" class="1004" name="out_block_7_addr_6_gep_fu_1326">
<pin_list>
<pin id="1327" dir="0" index="0" bw="16" slack="0"/>
<pin id="1328" dir="0" index="1" bw="1" slack="0"/>
<pin id="1329" dir="0" index="2" bw="4" slack="0"/>
<pin id="1330" dir="1" index="3" bw="3" slack="0"/>
</pin_list>
<bind>
<opcode="getelementptr(29) " fcode="getelementptr"/>
<opset="out_block_7_addr_6/21 "/>
</bind>
</comp>

<comp id="1334" class="1004" name="out_block_6_addr_7_gep_fu_1334">
<pin_list>
<pin id="1335" dir="0" index="0" bw="16" slack="0"/>
<pin id="1336" dir="0" index="1" bw="1" slack="0"/>
<pin id="1337" dir="0" index="2" bw="4" slack="0"/>
<pin id="1338" dir="1" index="3" bw="3" slack="0"/>
</pin_list>
<bind>
<opcode="getelementptr(29) " fcode="getelementptr"/>
<opset="out_block_6_addr_7/21 "/>
</bind>
</comp>

<comp id="1342" class="1004" name="out_block_7_addr_7_gep_fu_1342">
<pin_list>
<pin id="1343" dir="0" index="0" bw="16" slack="0"/>
<pin id="1344" dir="0" index="1" bw="1" slack="0"/>
<pin id="1345" dir="0" index="2" bw="4" slack="0"/>
<pin id="1346" dir="1" index="3" bw="3" slack="0"/>
</pin_list>
<bind>
<opcode="getelementptr(29) " fcode="getelementptr"/>
<opset="out_block_7_addr_7/21 "/>
</bind>
</comp>

<comp id="1354" class="1004" name="grp_dct_1d_fu_1354">
<pin_list>
<pin id="1355" dir="0" index="0" bw="128" slack="0"/>
<pin id="1356" dir="0" index="1" bw="16" slack="0"/>
<pin id="1357" dir="0" index="2" bw="16" slack="0"/>
<pin id="1358" dir="0" index="3" bw="16" slack="0"/>
<pin id="1359" dir="0" index="4" bw="16" slack="0"/>
<pin id="1360" dir="0" index="5" bw="16" slack="0"/>
<pin id="1361" dir="0" index="6" bw="16" slack="0"/>
<pin id="1362" dir="0" index="7" bw="16" slack="0"/>
<pin id="1363" dir="0" index="8" bw="16" slack="0"/>
<pin id="1364" dir="1" index="9" bw="128" slack="0"/>
</pin_list>
<bind>
<opcode="call(48) " fcode="call"/>
<opset="dct_1d_ret1/2 dct_1d_ret3/3 dct_1d_ret5/4 dct_1d_ret7/5 "/>
</bind>
</comp>

<comp id="1374" class="1004" name="grp_dct_1d_fu_1374">
<pin_list>
<pin id="1375" dir="0" index="0" bw="128" slack="0"/>
<pin id="1376" dir="0" index="1" bw="16" slack="0"/>
<pin id="1377" dir="0" index="2" bw="16" slack="0"/>
<pin id="1378" dir="0" index="3" bw="16" slack="0"/>
<pin id="1379" dir="0" index="4" bw="16" slack="0"/>
<pin id="1380" dir="0" index="5" bw="16" slack="0"/>
<pin id="1381" dir="0" index="6" bw="16" slack="0"/>
<pin id="1382" dir="0" index="7" bw="16" slack="0"/>
<pin id="1383" dir="0" index="8" bw="16" slack="0"/>
<pin id="1384" dir="1" index="9" bw="128" slack="0"/>
</pin_list>
<bind>
<opcode="call(48) " fcode="call"/>
<opset="dct_1d_ret2/2 dct_1d_ret4/3 dct_1d_ret6/4 dct_1d_ret8/5 "/>
</bind>
</comp>

<comp id="1394" class="1004" name="grp_dct_1d_fu_1394">
<pin_list>
<pin id="1395" dir="0" index="0" bw="128" slack="0"/>
<pin id="1396" dir="0" index="1" bw="16" slack="3"/>
<pin id="1397" dir="0" index="2" bw="16" slack="3"/>
<pin id="1398" dir="0" index="3" bw="16" slack="2"/>
<pin id="1399" dir="0" index="4" bw="16" slack="2"/>
<pin id="1400" dir="0" index="5" bw="16" slack="1"/>
<pin id="1401" dir="0" index="6" bw="16" slack="1"/>
<pin id="1402" dir="0" index="7" bw="16" slack="0"/>
<pin id="1403" dir="0" index="8" bw="16" slack="0"/>
<pin id="1404" dir="1" index="9" bw="128" slack="0"/>
</pin_list>
<bind>
<opcode="call(48) " fcode="call"/>
<opset="dct_1d_ret9/10 dct_1d_ret11/11 dct_1d_ret13/12 dct_1d_ret15/13 "/>
</bind>
</comp>

<comp id="1406" class="1004" name="grp_dct_1d_fu_1406">
<pin_list>
<pin id="1407" dir="0" index="0" bw="128" slack="0"/>
<pin id="1408" dir="0" index="1" bw="16" slack="3"/>
<pin id="1409" dir="0" index="2" bw="16" slack="3"/>
<pin id="1410" dir="0" index="3" bw="16" slack="2"/>
<pin id="1411" dir="0" index="4" bw="16" slack="2"/>
<pin id="1412" dir="0" index="5" bw="16" slack="1"/>
<pin id="1413" dir="0" index="6" bw="16" slack="1"/>
<pin id="1414" dir="0" index="7" bw="16" slack="0"/>
<pin id="1415" dir="0" index="8" bw="16" slack="0"/>
<pin id="1416" dir="1" index="9" bw="128" slack="0"/>
</pin_list>
<bind>
<opcode="call(48) " fcode="call"/>
<opset="dct_1d_ret10/10 dct_1d_ret12/11 dct_1d_ret14/12 dct_1d_ret/13 "/>
</bind>
</comp>

<comp id="1418" class="1004" name="grp_fu_1418">
<pin_list>
<pin id="1419" dir="0" index="0" bw="128" slack="0"/>
<pin id="1420" dir="1" index="1" bw="16" slack="0"/>
</pin_list>
<bind>
<opcode="extractvalue(56) " fcode="extractvalue"/>
<opset="row_outbuf_addr_ret/7 row_outbuf_addr_1_ret/8 row_outbuf_addr_2_ret/9 row_outbuf_addr_3_ret/10 "/>
</bind>
</comp>

<comp id="1423" class="1004" name="grp_fu_1423">
<pin_list>
<pin id="1424" dir="0" index="0" bw="128" slack="0"/>
<pin id="1425" dir="1" index="1" bw="16" slack="0"/>
</pin_list>
<bind>
<opcode="extractvalue(56) " fcode="extractvalue"/>
<opset="row_outbuf_1_addr_ret/7 row_outbuf_1_addr_1_ret/8 row_outbuf_1_addr_2_ret/9 row_outbuf_1_addr_3_ret/10 "/>
</bind>
</comp>

<comp id="1428" class="1004" name="grp_fu_1428">
<pin_list>
<pin id="1429" dir="0" index="0" bw="128" slack="0"/>
<pin id="1430" dir="1" index="1" bw="16" slack="1"/>
</pin_list>
<bind>
<opcode="extractvalue(56) " fcode="extractvalue"/>
<opset="row_outbuf_2_addr_ret/7 row_outbuf_2_addr_1_ret/8 row_outbuf_2_addr_2_ret/9 row_outbuf_2_addr_3_ret/10 "/>
</bind>
</comp>

<comp id="1432" class="1004" name="grp_fu_1432">
<pin_list>
<pin id="1433" dir="0" index="0" bw="128" slack="0"/>
<pin id="1434" dir="1" index="1" bw="16" slack="1"/>
</pin_list>
<bind>
<opcode="extractvalue(56) " fcode="extractvalue"/>
<opset="row_outbuf_3_addr_ret/7 row_outbuf_3_addr_1_ret/8 row_outbuf_3_addr_2_ret/9 row_outbuf_3_addr_3_ret/10 "/>
</bind>
</comp>

<comp id="1436" class="1004" name="grp_fu_1436">
<pin_list>
<pin id="1437" dir="0" index="0" bw="128" slack="0"/>
<pin id="1438" dir="1" index="1" bw="16" slack="2"/>
</pin_list>
<bind>
<opcode="extractvalue(56) " fcode="extractvalue"/>
<opset="row_outbuf_4_addr_ret/7 row_outbuf_4_addr_1_ret/8 row_outbuf_4_addr_2_ret/9 row_outbuf_4_addr_3_ret/10 "/>
</bind>
</comp>

<comp id="1440" class="1004" name="grp_fu_1440">
<pin_list>
<pin id="1441" dir="0" index="0" bw="128" slack="0"/>
<pin id="1442" dir="1" index="1" bw="16" slack="2"/>
</pin_list>
<bind>
<opcode="extractvalue(56) " fcode="extractvalue"/>
<opset="row_outbuf_5_addr_ret/7 row_outbuf_5_addr_1_ret/8 row_outbuf_5_addr_2_ret/9 row_outbuf_5_addr_3_ret/10 "/>
</bind>
</comp>

<comp id="1444" class="1004" name="grp_fu_1444">
<pin_list>
<pin id="1445" dir="0" index="0" bw="128" slack="0"/>
<pin id="1446" dir="1" index="1" bw="16" slack="3"/>
</pin_list>
<bind>
<opcode="extractvalue(56) " fcode="extractvalue"/>
<opset="row_outbuf_6_addr_ret/7 row_outbuf_6_addr_1_ret/8 row_outbuf_6_addr_2_ret/9 row_outbuf_6_addr_3_ret/10 "/>
</bind>
</comp>

<comp id="1448" class="1004" name="grp_fu_1448">
<pin_list>
<pin id="1449" dir="0" index="0" bw="128" slack="0"/>
<pin id="1450" dir="1" index="1" bw="16" slack="3"/>
</pin_list>
<bind>
<opcode="extractvalue(56) " fcode="extractvalue"/>
<opset="row_outbuf_7_addr_ret/7 row_outbuf_7_addr_1_ret/8 row_outbuf_7_addr_2_ret/9 row_outbuf_7_addr_3_ret/10 "/>
</bind>
</comp>

<comp id="1452" class="1004" name="grp_fu_1452">
<pin_list>
<pin id="1453" dir="0" index="0" bw="128" slack="0"/>
<pin id="1454" dir="1" index="1" bw="16" slack="0"/>
</pin_list>
<bind>
<opcode="extractvalue(56) " fcode="extractvalue"/>
<opset="row_outbuf_8_addr_ret/7 row_outbuf_8_addr_1_ret/8 row_outbuf_8_addr_2_ret/9 row_outbuf_8_addr_3_ret/10 "/>
</bind>
</comp>

<comp id="1457" class="1004" name="grp_fu_1457">
<pin_list>
<pin id="1458" dir="0" index="0" bw="128" slack="0"/>
<pin id="1459" dir="1" index="1" bw="16" slack="0"/>
</pin_list>
<bind>
<opcode="extractvalue(56) " fcode="extractvalue"/>
<opset="row_outbuf_9_addr_ret/7 row_outbuf_9_addr_1_ret/8 row_outbuf_9_addr_2_ret/9 row_outbuf_9_addr_3_ret/10 "/>
</bind>
</comp>

<comp id="1462" class="1004" name="grp_fu_1462">
<pin_list>
<pin id="1463" dir="0" index="0" bw="128" slack="0"/>
<pin id="1464" dir="1" index="1" bw="16" slack="1"/>
</pin_list>
<bind>
<opcode="extractvalue(56) " fcode="extractvalue"/>
<opset="row_outbuf_10_addr_ret/7 row_outbuf_10_addr_1_ret/8 row_outbuf_10_addr_2_ret/9 row_outbuf_10_addr_3_ret/10 "/>
</bind>
</comp>

<comp id="1466" class="1004" name="grp_fu_1466">
<pin_list>
<pin id="1467" dir="0" index="0" bw="128" slack="0"/>
<pin id="1468" dir="1" index="1" bw="16" slack="1"/>
</pin_list>
<bind>
<opcode="extractvalue(56) " fcode="extractvalue"/>
<opset="row_outbuf_11_addr_ret/7 row_outbuf_11_addr_1_ret/8 row_outbuf_11_addr_2_ret/9 row_outbuf_11_addr_3_ret/10 "/>
</bind>
</comp>

<comp id="1470" class="1004" name="grp_fu_1470">
<pin_list>
<pin id="1471" dir="0" index="0" bw="128" slack="0"/>
<pin id="1472" dir="1" index="1" bw="16" slack="2"/>
</pin_list>
<bind>
<opcode="extractvalue(56) " fcode="extractvalue"/>
<opset="row_outbuf_12_addr_ret/7 row_outbuf_12_addr_1_ret/8 row_outbuf_12_addr_2_ret/9 row_outbuf_12_addr_3_ret/10 "/>
</bind>
</comp>

<comp id="1474" class="1004" name="grp_fu_1474">
<pin_list>
<pin id="1475" dir="0" index="0" bw="128" slack="0"/>
<pin id="1476" dir="1" index="1" bw="16" slack="2"/>
</pin_list>
<bind>
<opcode="extractvalue(56) " fcode="extractvalue"/>
<opset="row_outbuf_13_addr_ret/7 row_outbuf_13_addr_1_ret/8 row_outbuf_13_addr_2_ret/9 row_outbuf_13_addr_3_ret/10 "/>
</bind>
</comp>

<comp id="1478" class="1004" name="grp_fu_1478">
<pin_list>
<pin id="1479" dir="0" index="0" bw="128" slack="0"/>
<pin id="1480" dir="1" index="1" bw="16" slack="3"/>
</pin_list>
<bind>
<opcode="extractvalue(56) " fcode="extractvalue"/>
<opset="row_outbuf_14_addr_ret/7 row_outbuf_14_addr_1_ret/8 row_outbuf_14_addr_2_ret/9 row_outbuf_14_addr_3_ret/10 "/>
</bind>
</comp>

<comp id="1482" class="1004" name="grp_fu_1482">
<pin_list>
<pin id="1483" dir="0" index="0" bw="128" slack="0"/>
<pin id="1484" dir="1" index="1" bw="16" slack="3"/>
</pin_list>
<bind>
<opcode="extractvalue(56) " fcode="extractvalue"/>
<opset="row_outbuf_15_addr_ret/7 row_outbuf_15_addr_1_ret/8 row_outbuf_15_addr_2_ret/9 row_outbuf_15_addr_3_ret/10 "/>
</bind>
</comp>

<comp id="1486" class="1004" name="grp_fu_1486">
<pin_list>
<pin id="1487" dir="0" index="0" bw="128" slack="0"/>
<pin id="1488" dir="1" index="1" bw="16" slack="0"/>
</pin_list>
<bind>
<opcode="extractvalue(56) " fcode="extractvalue"/>
<opset="col_outbuf_addr_ret/15 col_outbuf_addr_1_ret/16 col_outbuf_addr_2_ret/17 col_outbuf_addr_3_ret/18 "/>
</bind>
</comp>

<comp id="1494" class="1004" name="grp_fu_1494">
<pin_list>
<pin id="1495" dir="0" index="0" bw="128" slack="0"/>
<pin id="1496" dir="1" index="1" bw="16" slack="0"/>
</pin_list>
<bind>
<opcode="extractvalue(56) " fcode="extractvalue"/>
<opset="col_outbuf_1_addr_ret/15 col_outbuf_1_addr_1_ret/16 col_outbuf_1_addr_2_ret/17 col_outbuf_1_addr_3_ret/18 "/>
</bind>
</comp>

<comp id="1502" class="1004" name="grp_fu_1502">
<pin_list>
<pin id="1503" dir="0" index="0" bw="128" slack="0"/>
<pin id="1504" dir="1" index="1" bw="16" slack="1"/>
</pin_list>
<bind>
<opcode="extractvalue(56) " fcode="extractvalue"/>
<opset="col_outbuf_2_addr_ret/15 col_outbuf_2_addr_1_ret/16 col_outbuf_2_addr_2_ret/17 col_outbuf_2_addr_3_ret/18 "/>
</bind>
</comp>

<comp id="1506" class="1004" name="grp_fu_1506">
<pin_list>
<pin id="1507" dir="0" index="0" bw="128" slack="0"/>
<pin id="1508" dir="1" index="1" bw="16" slack="1"/>
</pin_list>
<bind>
<opcode="extractvalue(56) " fcode="extractvalue"/>
<opset="col_outbuf_3_addr_ret/15 col_outbuf_3_addr_1_ret/16 col_outbuf_3_addr_2_ret/17 col_outbuf_3_addr_3_ret/18 "/>
</bind>
</comp>

<comp id="1510" class="1004" name="grp_fu_1510">
<pin_list>
<pin id="1511" dir="0" index="0" bw="128" slack="0"/>
<pin id="1512" dir="1" index="1" bw="16" slack="2"/>
</pin_list>
<bind>
<opcode="extractvalue(56) " fcode="extractvalue"/>
<opset="col_outbuf_4_addr_ret/15 col_outbuf_4_addr_1_ret/16 col_outbuf_4_addr_2_ret/17 col_outbuf_4_addr_3_ret/18 "/>
</bind>
</comp>

<comp id="1514" class="1004" name="grp_fu_1514">
<pin_list>
<pin id="1515" dir="0" index="0" bw="128" slack="0"/>
<pin id="1516" dir="1" index="1" bw="16" slack="2"/>
</pin_list>
<bind>
<opcode="extractvalue(56) " fcode="extractvalue"/>
<opset="col_outbuf_5_addr_ret/15 col_outbuf_5_addr_1_ret/16 col_outbuf_5_addr_2_ret/17 col_outbuf_5_addr_3_ret/18 "/>
</bind>
</comp>

<comp id="1518" class="1004" name="grp_fu_1518">
<pin_list>
<pin id="1519" dir="0" index="0" bw="128" slack="0"/>
<pin id="1520" dir="1" index="1" bw="16" slack="3"/>
</pin_list>
<bind>
<opcode="extractvalue(56) " fcode="extractvalue"/>
<opset="col_outbuf_6_addr_ret/15 col_outbuf_6_addr_1_ret/16 col_outbuf_6_addr_2_ret/17 col_outbuf_6_addr_3_ret/18 "/>
</bind>
</comp>

<comp id="1522" class="1004" name="grp_fu_1522">
<pin_list>
<pin id="1523" dir="0" index="0" bw="128" slack="0"/>
<pin id="1524" dir="1" index="1" bw="16" slack="3"/>
</pin_list>
<bind>
<opcode="extractvalue(56) " fcode="extractvalue"/>
<opset="col_outbuf_7_addr_ret/15 col_outbuf_7_addr_1_ret/16 col_outbuf_7_addr_2_ret/17 col_outbuf_7_addr_3_ret/18 "/>
</bind>
</comp>

<comp id="1526" class="1004" name="grp_fu_1526">
<pin_list>
<pin id="1527" dir="0" index="0" bw="128" slack="0"/>
<pin id="1528" dir="1" index="1" bw="16" slack="0"/>
</pin_list>
<bind>
<opcode="extractvalue(56) " fcode="extractvalue"/>
<opset="col_outbuf_8_addr_ret/15 col_outbuf_8_addr_1_ret/16 col_outbuf_8_addr_2_ret/17 col_outbuf_8_addr_3_ret/18 "/>
</bind>
</comp>

<comp id="1534" class="1004" name="grp_fu_1534">
<pin_list>
<pin id="1535" dir="0" index="0" bw="128" slack="0"/>
<pin id="1536" dir="1" index="1" bw="16" slack="0"/>
</pin_list>
<bind>
<opcode="extractvalue(56) " fcode="extractvalue"/>
<opset="col_outbuf_9_addr_ret/15 col_outbuf_9_addr_1_ret/16 col_outbuf_9_addr_2_ret/17 col_outbuf_9_addr_3_ret/18 "/>
</bind>
</comp>

<comp id="1542" class="1004" name="grp_fu_1542">
<pin_list>
<pin id="1543" dir="0" index="0" bw="128" slack="0"/>
<pin id="1544" dir="1" index="1" bw="16" slack="1"/>
</pin_list>
<bind>
<opcode="extractvalue(56) " fcode="extractvalue"/>
<opset="col_outbuf_10_addr_ret/15 col_outbuf_10_addr_1_ret/16 col_outbuf_10_addr_2_ret/17 col_outbuf_10_addr_3_ret/18 "/>
</bind>
</comp>

<comp id="1546" class="1004" name="grp_fu_1546">
<pin_list>
<pin id="1547" dir="0" index="0" bw="128" slack="0"/>
<pin id="1548" dir="1" index="1" bw="16" slack="1"/>
</pin_list>
<bind>
<opcode="extractvalue(56) " fcode="extractvalue"/>
<opset="col_outbuf_11_addr_ret/15 col_outbuf_11_addr_1_ret/16 col_outbuf_11_addr_2_ret/17 col_outbuf_11_addr_3_ret/18 "/>
</bind>
</comp>

<comp id="1550" class="1004" name="grp_fu_1550">
<pin_list>
<pin id="1551" dir="0" index="0" bw="128" slack="0"/>
<pin id="1552" dir="1" index="1" bw="16" slack="2"/>
</pin_list>
<bind>
<opcode="extractvalue(56) " fcode="extractvalue"/>
<opset="col_outbuf_12_addr_ret/15 col_outbuf_12_addr_1_ret/16 col_outbuf_12_addr_2_ret/17 col_outbuf_12_addr_3_ret/18 "/>
</bind>
</comp>

<comp id="1554" class="1004" name="grp_fu_1554">
<pin_list>
<pin id="1555" dir="0" index="0" bw="128" slack="0"/>
<pin id="1556" dir="1" index="1" bw="16" slack="2"/>
</pin_list>
<bind>
<opcode="extractvalue(56) " fcode="extractvalue"/>
<opset="col_outbuf_13_addr_ret/15 col_outbuf_13_addr_1_ret/16 col_outbuf_13_addr_2_ret/17 col_outbuf_13_addr_3_ret/18 "/>
</bind>
</comp>

<comp id="1558" class="1004" name="grp_fu_1558">
<pin_list>
<pin id="1559" dir="0" index="0" bw="128" slack="0"/>
<pin id="1560" dir="1" index="1" bw="16" slack="3"/>
</pin_list>
<bind>
<opcode="extractvalue(56) " fcode="extractvalue"/>
<opset="col_outbuf_14_addr_ret/15 col_outbuf_14_addr_1_ret/16 col_outbuf_14_addr_2_ret/17 col_outbuf_14_addr_3_ret/18 "/>
</bind>
</comp>

<comp id="1562" class="1004" name="grp_fu_1562">
<pin_list>
<pin id="1563" dir="0" index="0" bw="128" slack="0"/>
<pin id="1564" dir="1" index="1" bw="16" slack="3"/>
</pin_list>
<bind>
<opcode="extractvalue(56) " fcode="extractvalue"/>
<opset="col_outbuf_15_addr_ret/15 col_outbuf_15_addr_1_ret/16 col_outbuf_15_addr_2_ret/17 col_outbuf_15_addr_3_ret/18 "/>
</bind>
</comp>

<comp id="1566" class="1005" name="reg_1566">
<pin_list>
<pin id="1567" dir="0" index="0" bw="16" slack="1"/>
<pin id="1568" dir="1" index="1" bw="16" slack="1"/>
</pin_list>
<bind>
<opset="col_outbuf_2_addr_ret col_outbuf_2_addr_1_ret col_outbuf_2_addr_2_ret col_outbuf_2_addr_3_ret "/>
</bind>
</comp>

<comp id="1574" class="1005" name="reg_1574">
<pin_list>
<pin id="1575" dir="0" index="0" bw="16" slack="1"/>
<pin id="1576" dir="1" index="1" bw="16" slack="1"/>
</pin_list>
<bind>
<opset="col_outbuf_3_addr_ret col_outbuf_3_addr_1_ret col_outbuf_3_addr_2_ret col_outbuf_3_addr_3_ret "/>
</bind>
</comp>

<comp id="1582" class="1005" name="reg_1582">
<pin_list>
<pin id="1583" dir="0" index="0" bw="16" slack="2"/>
<pin id="1584" dir="1" index="1" bw="16" slack="2"/>
</pin_list>
<bind>
<opset="col_outbuf_4_addr_ret col_outbuf_4_addr_2_ret "/>
</bind>
</comp>

<comp id="1588" class="1005" name="reg_1588">
<pin_list>
<pin id="1589" dir="0" index="0" bw="16" slack="2"/>
<pin id="1590" dir="1" index="1" bw="16" slack="2"/>
</pin_list>
<bind>
<opset="col_outbuf_5_addr_ret col_outbuf_5_addr_2_ret "/>
</bind>
</comp>

<comp id="1594" class="1005" name="reg_1594">
<pin_list>
<pin id="1595" dir="0" index="0" bw="16" slack="1"/>
<pin id="1596" dir="1" index="1" bw="16" slack="1"/>
</pin_list>
<bind>
<opset="col_outbuf_10_addr_ret col_outbuf_10_addr_1_ret col_outbuf_10_addr_2_ret col_outbuf_10_addr_3_ret "/>
</bind>
</comp>

<comp id="1602" class="1005" name="reg_1602">
<pin_list>
<pin id="1603" dir="0" index="0" bw="16" slack="1"/>
<pin id="1604" dir="1" index="1" bw="16" slack="1"/>
</pin_list>
<bind>
<opset="col_outbuf_11_addr_ret col_outbuf_11_addr_1_ret col_outbuf_11_addr_2_ret col_outbuf_11_addr_3_ret "/>
</bind>
</comp>

<comp id="1610" class="1005" name="reg_1610">
<pin_list>
<pin id="1611" dir="0" index="0" bw="16" slack="2"/>
<pin id="1612" dir="1" index="1" bw="16" slack="2"/>
</pin_list>
<bind>
<opset="col_outbuf_12_addr_ret col_outbuf_12_addr_2_ret "/>
</bind>
</comp>

<comp id="1616" class="1005" name="reg_1616">
<pin_list>
<pin id="1617" dir="0" index="0" bw="16" slack="2"/>
<pin id="1618" dir="1" index="1" bw="16" slack="2"/>
</pin_list>
<bind>
<opset="col_outbuf_13_addr_ret col_outbuf_13_addr_2_ret "/>
</bind>
</comp>

<comp id="1622" class="1005" name="reg_1622">
<pin_list>
<pin id="1623" dir="0" index="0" bw="16" slack="2"/>
<pin id="1624" dir="1" index="1" bw="16" slack="2"/>
</pin_list>
<bind>
<opset="col_outbuf_4_addr_1_ret col_outbuf_4_addr_3_ret "/>
</bind>
</comp>

<comp id="1628" class="1005" name="reg_1628">
<pin_list>
<pin id="1629" dir="0" index="0" bw="16" slack="2"/>
<pin id="1630" dir="1" index="1" bw="16" slack="2"/>
</pin_list>
<bind>
<opset="col_outbuf_5_addr_1_ret col_outbuf_5_addr_3_ret "/>
</bind>
</comp>

<comp id="1634" class="1005" name="reg_1634">
<pin_list>
<pin id="1635" dir="0" index="0" bw="16" slack="2"/>
<pin id="1636" dir="1" index="1" bw="16" slack="2"/>
</pin_list>
<bind>
<opset="col_outbuf_12_addr_1_ret col_outbuf_12_addr_3_ret "/>
</bind>
</comp>

<comp id="1640" class="1005" name="reg_1640">
<pin_list>
<pin id="1641" dir="0" index="0" bw="16" slack="2"/>
<pin id="1642" dir="1" index="1" bw="16" slack="2"/>
</pin_list>
<bind>
<opset="col_outbuf_13_addr_1_ret col_outbuf_13_addr_3_ret "/>
</bind>
</comp>

<comp id="1646" class="1005" name="in_block_0_addr_reg_1646">
<pin_list>
<pin id="1647" dir="0" index="0" bw="3" slack="1"/>
<pin id="1648" dir="1" index="1" bw="3" slack="1"/>
</pin_list>
<bind>
<opset="in_block_0_addr "/>
</bind>
</comp>

<comp id="1651" class="1005" name="in_block_1_addr_reg_1651">
<pin_list>
<pin id="1652" dir="0" index="0" bw="3" slack="1"/>
<pin id="1653" dir="1" index="1" bw="3" slack="1"/>
</pin_list>
<bind>
<opset="in_block_1_addr "/>
</bind>
</comp>

<comp id="1656" class="1005" name="in_block_2_addr_reg_1656">
<pin_list>
<pin id="1657" dir="0" index="0" bw="3" slack="1"/>
<pin id="1658" dir="1" index="1" bw="3" slack="1"/>
</pin_list>
<bind>
<opset="in_block_2_addr "/>
</bind>
</comp>

<comp id="1661" class="1005" name="in_block_3_addr_reg_1661">
<pin_list>
<pin id="1662" dir="0" index="0" bw="3" slack="1"/>
<pin id="1663" dir="1" index="1" bw="3" slack="1"/>
</pin_list>
<bind>
<opset="in_block_3_addr "/>
</bind>
</comp>

<comp id="1666" class="1005" name="in_block_4_addr_reg_1666">
<pin_list>
<pin id="1667" dir="0" index="0" bw="3" slack="1"/>
<pin id="1668" dir="1" index="1" bw="3" slack="1"/>
</pin_list>
<bind>
<opset="in_block_4_addr "/>
</bind>
</comp>

<comp id="1671" class="1005" name="in_block_5_addr_reg_1671">
<pin_list>
<pin id="1672" dir="0" index="0" bw="3" slack="1"/>
<pin id="1673" dir="1" index="1" bw="3" slack="1"/>
</pin_list>
<bind>
<opset="in_block_5_addr "/>
</bind>
</comp>

<comp id="1676" class="1005" name="in_block_6_addr_reg_1676">
<pin_list>
<pin id="1677" dir="0" index="0" bw="3" slack="1"/>
<pin id="1678" dir="1" index="1" bw="3" slack="1"/>
</pin_list>
<bind>
<opset="in_block_6_addr "/>
</bind>
</comp>

<comp id="1681" class="1005" name="in_block_7_addr_reg_1681">
<pin_list>
<pin id="1682" dir="0" index="0" bw="3" slack="1"/>
<pin id="1683" dir="1" index="1" bw="3" slack="1"/>
</pin_list>
<bind>
<opset="in_block_7_addr "/>
</bind>
</comp>

<comp id="1686" class="1005" name="in_block_0_addr_1_reg_1686">
<pin_list>
<pin id="1687" dir="0" index="0" bw="3" slack="1"/>
<pin id="1688" dir="1" index="1" bw="3" slack="1"/>
</pin_list>
<bind>
<opset="in_block_0_addr_1 "/>
</bind>
</comp>

<comp id="1691" class="1005" name="in_block_1_addr_1_reg_1691">
<pin_list>
<pin id="1692" dir="0" index="0" bw="3" slack="1"/>
<pin id="1693" dir="1" index="1" bw="3" slack="1"/>
</pin_list>
<bind>
<opset="in_block_1_addr_1 "/>
</bind>
</comp>

<comp id="1696" class="1005" name="in_block_2_addr_1_reg_1696">
<pin_list>
<pin id="1697" dir="0" index="0" bw="3" slack="1"/>
<pin id="1698" dir="1" index="1" bw="3" slack="1"/>
</pin_list>
<bind>
<opset="in_block_2_addr_1 "/>
</bind>
</comp>

<comp id="1701" class="1005" name="in_block_3_addr_1_reg_1701">
<pin_list>
<pin id="1702" dir="0" index="0" bw="3" slack="1"/>
<pin id="1703" dir="1" index="1" bw="3" slack="1"/>
</pin_list>
<bind>
<opset="in_block_3_addr_1 "/>
</bind>
</comp>

<comp id="1706" class="1005" name="in_block_4_addr_1_reg_1706">
<pin_list>
<pin id="1707" dir="0" index="0" bw="3" slack="1"/>
<pin id="1708" dir="1" index="1" bw="3" slack="1"/>
</pin_list>
<bind>
<opset="in_block_4_addr_1 "/>
</bind>
</comp>

<comp id="1711" class="1005" name="in_block_5_addr_1_reg_1711">
<pin_list>
<pin id="1712" dir="0" index="0" bw="3" slack="1"/>
<pin id="1713" dir="1" index="1" bw="3" slack="1"/>
</pin_list>
<bind>
<opset="in_block_5_addr_1 "/>
</bind>
</comp>

<comp id="1716" class="1005" name="in_block_6_addr_1_reg_1716">
<pin_list>
<pin id="1717" dir="0" index="0" bw="3" slack="1"/>
<pin id="1718" dir="1" index="1" bw="3" slack="1"/>
</pin_list>
<bind>
<opset="in_block_6_addr_1 "/>
</bind>
</comp>

<comp id="1721" class="1005" name="in_block_7_addr_1_reg_1721">
<pin_list>
<pin id="1722" dir="0" index="0" bw="3" slack="1"/>
<pin id="1723" dir="1" index="1" bw="3" slack="1"/>
</pin_list>
<bind>
<opset="in_block_7_addr_1 "/>
</bind>
</comp>

<comp id="1726" class="1005" name="in_block_0_load_reg_1726">
<pin_list>
<pin id="1727" dir="0" index="0" bw="16" slack="1"/>
<pin id="1728" dir="1" index="1" bw="16" slack="1"/>
</pin_list>
<bind>
<opset="in_block_0_load "/>
</bind>
</comp>

<comp id="1731" class="1005" name="in_block_1_load_reg_1731">
<pin_list>
<pin id="1732" dir="0" index="0" bw="16" slack="1"/>
<pin id="1733" dir="1" index="1" bw="16" slack="1"/>
</pin_list>
<bind>
<opset="in_block_1_load "/>
</bind>
</comp>

<comp id="1736" class="1005" name="in_block_2_load_reg_1736">
<pin_list>
<pin id="1737" dir="0" index="0" bw="16" slack="1"/>
<pin id="1738" dir="1" index="1" bw="16" slack="1"/>
</pin_list>
<bind>
<opset="in_block_2_load "/>
</bind>
</comp>

<comp id="1741" class="1005" name="in_block_3_load_reg_1741">
<pin_list>
<pin id="1742" dir="0" index="0" bw="16" slack="1"/>
<pin id="1743" dir="1" index="1" bw="16" slack="1"/>
</pin_list>
<bind>
<opset="in_block_3_load "/>
</bind>
</comp>

<comp id="1746" class="1005" name="in_block_4_load_reg_1746">
<pin_list>
<pin id="1747" dir="0" index="0" bw="16" slack="1"/>
<pin id="1748" dir="1" index="1" bw="16" slack="1"/>
</pin_list>
<bind>
<opset="in_block_4_load "/>
</bind>
</comp>

<comp id="1751" class="1005" name="in_block_5_load_reg_1751">
<pin_list>
<pin id="1752" dir="0" index="0" bw="16" slack="1"/>
<pin id="1753" dir="1" index="1" bw="16" slack="1"/>
</pin_list>
<bind>
<opset="in_block_5_load "/>
</bind>
</comp>

<comp id="1756" class="1005" name="in_block_6_load_reg_1756">
<pin_list>
<pin id="1757" dir="0" index="0" bw="16" slack="1"/>
<pin id="1758" dir="1" index="1" bw="16" slack="1"/>
</pin_list>
<bind>
<opset="in_block_6_load "/>
</bind>
</comp>

<comp id="1761" class="1005" name="in_block_7_load_reg_1761">
<pin_list>
<pin id="1762" dir="0" index="0" bw="16" slack="1"/>
<pin id="1763" dir="1" index="1" bw="16" slack="1"/>
</pin_list>
<bind>
<opset="in_block_7_load "/>
</bind>
</comp>

<comp id="1766" class="1005" name="in_block_0_load_1_reg_1766">
<pin_list>
<pin id="1767" dir="0" index="0" bw="16" slack="1"/>
<pin id="1768" dir="1" index="1" bw="16" slack="1"/>
</pin_list>
<bind>
<opset="in_block_0_load_1 "/>
</bind>
</comp>

<comp id="1771" class="1005" name="in_block_1_load_1_reg_1771">
<pin_list>
<pin id="1772" dir="0" index="0" bw="16" slack="1"/>
<pin id="1773" dir="1" index="1" bw="16" slack="1"/>
</pin_list>
<bind>
<opset="in_block_1_load_1 "/>
</bind>
</comp>

<comp id="1776" class="1005" name="in_block_2_load_1_reg_1776">
<pin_list>
<pin id="1777" dir="0" index="0" bw="16" slack="1"/>
<pin id="1778" dir="1" index="1" bw="16" slack="1"/>
</pin_list>
<bind>
<opset="in_block_2_load_1 "/>
</bind>
</comp>

<comp id="1781" class="1005" name="in_block_3_load_1_reg_1781">
<pin_list>
<pin id="1782" dir="0" index="0" bw="16" slack="1"/>
<pin id="1783" dir="1" index="1" bw="16" slack="1"/>
</pin_list>
<bind>
<opset="in_block_3_load_1 "/>
</bind>
</comp>

<comp id="1786" class="1005" name="in_block_4_load_1_reg_1786">
<pin_list>
<pin id="1787" dir="0" index="0" bw="16" slack="1"/>
<pin id="1788" dir="1" index="1" bw="16" slack="1"/>
</pin_list>
<bind>
<opset="in_block_4_load_1 "/>
</bind>
</comp>

<comp id="1791" class="1005" name="in_block_5_load_1_reg_1791">
<pin_list>
<pin id="1792" dir="0" index="0" bw="16" slack="1"/>
<pin id="1793" dir="1" index="1" bw="16" slack="1"/>
</pin_list>
<bind>
<opset="in_block_5_load_1 "/>
</bind>
</comp>

<comp id="1796" class="1005" name="in_block_6_load_1_reg_1796">
<pin_list>
<pin id="1797" dir="0" index="0" bw="16" slack="1"/>
<pin id="1798" dir="1" index="1" bw="16" slack="1"/>
</pin_list>
<bind>
<opset="in_block_6_load_1 "/>
</bind>
</comp>

<comp id="1801" class="1005" name="in_block_7_load_1_reg_1801">
<pin_list>
<pin id="1802" dir="0" index="0" bw="16" slack="1"/>
<pin id="1803" dir="1" index="1" bw="16" slack="1"/>
</pin_list>
<bind>
<opset="in_block_7_load_1 "/>
</bind>
</comp>

<comp id="1806" class="1005" name="in_block_0_addr_2_reg_1806">
<pin_list>
<pin id="1807" dir="0" index="0" bw="3" slack="1"/>
<pin id="1808" dir="1" index="1" bw="3" slack="1"/>
</pin_list>
<bind>
<opset="in_block_0_addr_2 "/>
</bind>
</comp>

<comp id="1811" class="1005" name="in_block_1_addr_2_reg_1811">
<pin_list>
<pin id="1812" dir="0" index="0" bw="3" slack="1"/>
<pin id="1813" dir="1" index="1" bw="3" slack="1"/>
</pin_list>
<bind>
<opset="in_block_1_addr_2 "/>
</bind>
</comp>

<comp id="1816" class="1005" name="in_block_2_addr_2_reg_1816">
<pin_list>
<pin id="1817" dir="0" index="0" bw="3" slack="1"/>
<pin id="1818" dir="1" index="1" bw="3" slack="1"/>
</pin_list>
<bind>
<opset="in_block_2_addr_2 "/>
</bind>
</comp>

<comp id="1821" class="1005" name="in_block_3_addr_2_reg_1821">
<pin_list>
<pin id="1822" dir="0" index="0" bw="3" slack="1"/>
<pin id="1823" dir="1" index="1" bw="3" slack="1"/>
</pin_list>
<bind>
<opset="in_block_3_addr_2 "/>
</bind>
</comp>

<comp id="1826" class="1005" name="in_block_4_addr_2_reg_1826">
<pin_list>
<pin id="1827" dir="0" index="0" bw="3" slack="1"/>
<pin id="1828" dir="1" index="1" bw="3" slack="1"/>
</pin_list>
<bind>
<opset="in_block_4_addr_2 "/>
</bind>
</comp>

<comp id="1831" class="1005" name="in_block_5_addr_2_reg_1831">
<pin_list>
<pin id="1832" dir="0" index="0" bw="3" slack="1"/>
<pin id="1833" dir="1" index="1" bw="3" slack="1"/>
</pin_list>
<bind>
<opset="in_block_5_addr_2 "/>
</bind>
</comp>

<comp id="1836" class="1005" name="in_block_6_addr_2_reg_1836">
<pin_list>
<pin id="1837" dir="0" index="0" bw="3" slack="1"/>
<pin id="1838" dir="1" index="1" bw="3" slack="1"/>
</pin_list>
<bind>
<opset="in_block_6_addr_2 "/>
</bind>
</comp>

<comp id="1841" class="1005" name="in_block_7_addr_2_reg_1841">
<pin_list>
<pin id="1842" dir="0" index="0" bw="3" slack="1"/>
<pin id="1843" dir="1" index="1" bw="3" slack="1"/>
</pin_list>
<bind>
<opset="in_block_7_addr_2 "/>
</bind>
</comp>

<comp id="1846" class="1005" name="in_block_0_addr_3_reg_1846">
<pin_list>
<pin id="1847" dir="0" index="0" bw="3" slack="1"/>
<pin id="1848" dir="1" index="1" bw="3" slack="1"/>
</pin_list>
<bind>
<opset="in_block_0_addr_3 "/>
</bind>
</comp>

<comp id="1851" class="1005" name="in_block_1_addr_3_reg_1851">
<pin_list>
<pin id="1852" dir="0" index="0" bw="3" slack="1"/>
<pin id="1853" dir="1" index="1" bw="3" slack="1"/>
</pin_list>
<bind>
<opset="in_block_1_addr_3 "/>
</bind>
</comp>

<comp id="1856" class="1005" name="in_block_2_addr_3_reg_1856">
<pin_list>
<pin id="1857" dir="0" index="0" bw="3" slack="1"/>
<pin id="1858" dir="1" index="1" bw="3" slack="1"/>
</pin_list>
<bind>
<opset="in_block_2_addr_3 "/>
</bind>
</comp>

<comp id="1861" class="1005" name="in_block_3_addr_3_reg_1861">
<pin_list>
<pin id="1862" dir="0" index="0" bw="3" slack="1"/>
<pin id="1863" dir="1" index="1" bw="3" slack="1"/>
</pin_list>
<bind>
<opset="in_block_3_addr_3 "/>
</bind>
</comp>

<comp id="1866" class="1005" name="in_block_4_addr_3_reg_1866">
<pin_list>
<pin id="1867" dir="0" index="0" bw="3" slack="1"/>
<pin id="1868" dir="1" index="1" bw="3" slack="1"/>
</pin_list>
<bind>
<opset="in_block_4_addr_3 "/>
</bind>
</comp>

<comp id="1871" class="1005" name="in_block_5_addr_3_reg_1871">
<pin_list>
<pin id="1872" dir="0" index="0" bw="3" slack="1"/>
<pin id="1873" dir="1" index="1" bw="3" slack="1"/>
</pin_list>
<bind>
<opset="in_block_5_addr_3 "/>
</bind>
</comp>

<comp id="1876" class="1005" name="in_block_6_addr_3_reg_1876">
<pin_list>
<pin id="1877" dir="0" index="0" bw="3" slack="1"/>
<pin id="1878" dir="1" index="1" bw="3" slack="1"/>
</pin_list>
<bind>
<opset="in_block_6_addr_3 "/>
</bind>
</comp>

<comp id="1881" class="1005" name="in_block_7_addr_3_reg_1881">
<pin_list>
<pin id="1882" dir="0" index="0" bw="3" slack="1"/>
<pin id="1883" dir="1" index="1" bw="3" slack="1"/>
</pin_list>
<bind>
<opset="in_block_7_addr_3 "/>
</bind>
</comp>

<comp id="1886" class="1005" name="in_block_0_load_2_reg_1886">
<pin_list>
<pin id="1887" dir="0" index="0" bw="16" slack="1"/>
<pin id="1888" dir="1" index="1" bw="16" slack="1"/>
</pin_list>
<bind>
<opset="in_block_0_load_2 "/>
</bind>
</comp>

<comp id="1891" class="1005" name="in_block_1_load_2_reg_1891">
<pin_list>
<pin id="1892" dir="0" index="0" bw="16" slack="1"/>
<pin id="1893" dir="1" index="1" bw="16" slack="1"/>
</pin_list>
<bind>
<opset="in_block_1_load_2 "/>
</bind>
</comp>

<comp id="1896" class="1005" name="in_block_2_load_2_reg_1896">
<pin_list>
<pin id="1897" dir="0" index="0" bw="16" slack="1"/>
<pin id="1898" dir="1" index="1" bw="16" slack="1"/>
</pin_list>
<bind>
<opset="in_block_2_load_2 "/>
</bind>
</comp>

<comp id="1901" class="1005" name="in_block_3_load_2_reg_1901">
<pin_list>
<pin id="1902" dir="0" index="0" bw="16" slack="1"/>
<pin id="1903" dir="1" index="1" bw="16" slack="1"/>
</pin_list>
<bind>
<opset="in_block_3_load_2 "/>
</bind>
</comp>

<comp id="1906" class="1005" name="in_block_4_load_2_reg_1906">
<pin_list>
<pin id="1907" dir="0" index="0" bw="16" slack="1"/>
<pin id="1908" dir="1" index="1" bw="16" slack="1"/>
</pin_list>
<bind>
<opset="in_block_4_load_2 "/>
</bind>
</comp>

<comp id="1911" class="1005" name="in_block_5_load_2_reg_1911">
<pin_list>
<pin id="1912" dir="0" index="0" bw="16" slack="1"/>
<pin id="1913" dir="1" index="1" bw="16" slack="1"/>
</pin_list>
<bind>
<opset="in_block_5_load_2 "/>
</bind>
</comp>

<comp id="1916" class="1005" name="in_block_6_load_2_reg_1916">
<pin_list>
<pin id="1917" dir="0" index="0" bw="16" slack="1"/>
<pin id="1918" dir="1" index="1" bw="16" slack="1"/>
</pin_list>
<bind>
<opset="in_block_6_load_2 "/>
</bind>
</comp>

<comp id="1921" class="1005" name="in_block_7_load_2_reg_1921">
<pin_list>
<pin id="1922" dir="0" index="0" bw="16" slack="1"/>
<pin id="1923" dir="1" index="1" bw="16" slack="1"/>
</pin_list>
<bind>
<opset="in_block_7_load_2 "/>
</bind>
</comp>

<comp id="1926" class="1005" name="in_block_0_load_3_reg_1926">
<pin_list>
<pin id="1927" dir="0" index="0" bw="16" slack="1"/>
<pin id="1928" dir="1" index="1" bw="16" slack="1"/>
</pin_list>
<bind>
<opset="in_block_0_load_3 "/>
</bind>
</comp>

<comp id="1931" class="1005" name="in_block_1_load_3_reg_1931">
<pin_list>
<pin id="1932" dir="0" index="0" bw="16" slack="1"/>
<pin id="1933" dir="1" index="1" bw="16" slack="1"/>
</pin_list>
<bind>
<opset="in_block_1_load_3 "/>
</bind>
</comp>

<comp id="1936" class="1005" name="in_block_2_load_3_reg_1936">
<pin_list>
<pin id="1937" dir="0" index="0" bw="16" slack="1"/>
<pin id="1938" dir="1" index="1" bw="16" slack="1"/>
</pin_list>
<bind>
<opset="in_block_2_load_3 "/>
</bind>
</comp>

<comp id="1941" class="1005" name="in_block_3_load_3_reg_1941">
<pin_list>
<pin id="1942" dir="0" index="0" bw="16" slack="1"/>
<pin id="1943" dir="1" index="1" bw="16" slack="1"/>
</pin_list>
<bind>
<opset="in_block_3_load_3 "/>
</bind>
</comp>

<comp id="1946" class="1005" name="in_block_4_load_3_reg_1946">
<pin_list>
<pin id="1947" dir="0" index="0" bw="16" slack="1"/>
<pin id="1948" dir="1" index="1" bw="16" slack="1"/>
</pin_list>
<bind>
<opset="in_block_4_load_3 "/>
</bind>
</comp>

<comp id="1951" class="1005" name="in_block_5_load_3_reg_1951">
<pin_list>
<pin id="1952" dir="0" index="0" bw="16" slack="1"/>
<pin id="1953" dir="1" index="1" bw="16" slack="1"/>
</pin_list>
<bind>
<opset="in_block_5_load_3 "/>
</bind>
</comp>

<comp id="1956" class="1005" name="in_block_6_load_3_reg_1956">
<pin_list>
<pin id="1957" dir="0" index="0" bw="16" slack="1"/>
<pin id="1958" dir="1" index="1" bw="16" slack="1"/>
</pin_list>
<bind>
<opset="in_block_6_load_3 "/>
</bind>
</comp>

<comp id="1961" class="1005" name="in_block_7_load_3_reg_1961">
<pin_list>
<pin id="1962" dir="0" index="0" bw="16" slack="1"/>
<pin id="1963" dir="1" index="1" bw="16" slack="1"/>
</pin_list>
<bind>
<opset="in_block_7_load_3 "/>
</bind>
</comp>

<comp id="1966" class="1005" name="in_block_0_addr_4_reg_1966">
<pin_list>
<pin id="1967" dir="0" index="0" bw="3" slack="1"/>
<pin id="1968" dir="1" index="1" bw="3" slack="1"/>
</pin_list>
<bind>
<opset="in_block_0_addr_4 "/>
</bind>
</comp>

<comp id="1971" class="1005" name="in_block_1_addr_4_reg_1971">
<pin_list>
<pin id="1972" dir="0" index="0" bw="3" slack="1"/>
<pin id="1973" dir="1" index="1" bw="3" slack="1"/>
</pin_list>
<bind>
<opset="in_block_1_addr_4 "/>
</bind>
</comp>

<comp id="1976" class="1005" name="in_block_2_addr_4_reg_1976">
<pin_list>
<pin id="1977" dir="0" index="0" bw="3" slack="1"/>
<pin id="1978" dir="1" index="1" bw="3" slack="1"/>
</pin_list>
<bind>
<opset="in_block_2_addr_4 "/>
</bind>
</comp>

<comp id="1981" class="1005" name="in_block_3_addr_4_reg_1981">
<pin_list>
<pin id="1982" dir="0" index="0" bw="3" slack="1"/>
<pin id="1983" dir="1" index="1" bw="3" slack="1"/>
</pin_list>
<bind>
<opset="in_block_3_addr_4 "/>
</bind>
</comp>

<comp id="1986" class="1005" name="in_block_4_addr_4_reg_1986">
<pin_list>
<pin id="1987" dir="0" index="0" bw="3" slack="1"/>
<pin id="1988" dir="1" index="1" bw="3" slack="1"/>
</pin_list>
<bind>
<opset="in_block_4_addr_4 "/>
</bind>
</comp>

<comp id="1991" class="1005" name="in_block_5_addr_4_reg_1991">
<pin_list>
<pin id="1992" dir="0" index="0" bw="3" slack="1"/>
<pin id="1993" dir="1" index="1" bw="3" slack="1"/>
</pin_list>
<bind>
<opset="in_block_5_addr_4 "/>
</bind>
</comp>

<comp id="1996" class="1005" name="in_block_6_addr_4_reg_1996">
<pin_list>
<pin id="1997" dir="0" index="0" bw="3" slack="1"/>
<pin id="1998" dir="1" index="1" bw="3" slack="1"/>
</pin_list>
<bind>
<opset="in_block_6_addr_4 "/>
</bind>
</comp>

<comp id="2001" class="1005" name="in_block_7_addr_4_reg_2001">
<pin_list>
<pin id="2002" dir="0" index="0" bw="3" slack="1"/>
<pin id="2003" dir="1" index="1" bw="3" slack="1"/>
</pin_list>
<bind>
<opset="in_block_7_addr_4 "/>
</bind>
</comp>

<comp id="2006" class="1005" name="in_block_0_addr_5_reg_2006">
<pin_list>
<pin id="2007" dir="0" index="0" bw="3" slack="1"/>
<pin id="2008" dir="1" index="1" bw="3" slack="1"/>
</pin_list>
<bind>
<opset="in_block_0_addr_5 "/>
</bind>
</comp>

<comp id="2011" class="1005" name="in_block_1_addr_5_reg_2011">
<pin_list>
<pin id="2012" dir="0" index="0" bw="3" slack="1"/>
<pin id="2013" dir="1" index="1" bw="3" slack="1"/>
</pin_list>
<bind>
<opset="in_block_1_addr_5 "/>
</bind>
</comp>

<comp id="2016" class="1005" name="in_block_2_addr_5_reg_2016">
<pin_list>
<pin id="2017" dir="0" index="0" bw="3" slack="1"/>
<pin id="2018" dir="1" index="1" bw="3" slack="1"/>
</pin_list>
<bind>
<opset="in_block_2_addr_5 "/>
</bind>
</comp>

<comp id="2021" class="1005" name="in_block_3_addr_5_reg_2021">
<pin_list>
<pin id="2022" dir="0" index="0" bw="3" slack="1"/>
<pin id="2023" dir="1" index="1" bw="3" slack="1"/>
</pin_list>
<bind>
<opset="in_block_3_addr_5 "/>
</bind>
</comp>

<comp id="2026" class="1005" name="in_block_4_addr_5_reg_2026">
<pin_list>
<pin id="2027" dir="0" index="0" bw="3" slack="1"/>
<pin id="2028" dir="1" index="1" bw="3" slack="1"/>
</pin_list>
<bind>
<opset="in_block_4_addr_5 "/>
</bind>
</comp>

<comp id="2031" class="1005" name="in_block_5_addr_5_reg_2031">
<pin_list>
<pin id="2032" dir="0" index="0" bw="3" slack="1"/>
<pin id="2033" dir="1" index="1" bw="3" slack="1"/>
</pin_list>
<bind>
<opset="in_block_5_addr_5 "/>
</bind>
</comp>

<comp id="2036" class="1005" name="in_block_6_addr_5_reg_2036">
<pin_list>
<pin id="2037" dir="0" index="0" bw="3" slack="1"/>
<pin id="2038" dir="1" index="1" bw="3" slack="1"/>
</pin_list>
<bind>
<opset="in_block_6_addr_5 "/>
</bind>
</comp>

<comp id="2041" class="1005" name="in_block_7_addr_5_reg_2041">
<pin_list>
<pin id="2042" dir="0" index="0" bw="3" slack="1"/>
<pin id="2043" dir="1" index="1" bw="3" slack="1"/>
</pin_list>
<bind>
<opset="in_block_7_addr_5 "/>
</bind>
</comp>

<comp id="2046" class="1005" name="in_block_0_load_4_reg_2046">
<pin_list>
<pin id="2047" dir="0" index="0" bw="16" slack="1"/>
<pin id="2048" dir="1" index="1" bw="16" slack="1"/>
</pin_list>
<bind>
<opset="in_block_0_load_4 "/>
</bind>
</comp>

<comp id="2051" class="1005" name="in_block_1_load_4_reg_2051">
<pin_list>
<pin id="2052" dir="0" index="0" bw="16" slack="1"/>
<pin id="2053" dir="1" index="1" bw="16" slack="1"/>
</pin_list>
<bind>
<opset="in_block_1_load_4 "/>
</bind>
</comp>

<comp id="2056" class="1005" name="in_block_2_load_4_reg_2056">
<pin_list>
<pin id="2057" dir="0" index="0" bw="16" slack="1"/>
<pin id="2058" dir="1" index="1" bw="16" slack="1"/>
</pin_list>
<bind>
<opset="in_block_2_load_4 "/>
</bind>
</comp>

<comp id="2061" class="1005" name="in_block_3_load_4_reg_2061">
<pin_list>
<pin id="2062" dir="0" index="0" bw="16" slack="1"/>
<pin id="2063" dir="1" index="1" bw="16" slack="1"/>
</pin_list>
<bind>
<opset="in_block_3_load_4 "/>
</bind>
</comp>

<comp id="2066" class="1005" name="in_block_4_load_4_reg_2066">
<pin_list>
<pin id="2067" dir="0" index="0" bw="16" slack="1"/>
<pin id="2068" dir="1" index="1" bw="16" slack="1"/>
</pin_list>
<bind>
<opset="in_block_4_load_4 "/>
</bind>
</comp>

<comp id="2071" class="1005" name="in_block_5_load_4_reg_2071">
<pin_list>
<pin id="2072" dir="0" index="0" bw="16" slack="1"/>
<pin id="2073" dir="1" index="1" bw="16" slack="1"/>
</pin_list>
<bind>
<opset="in_block_5_load_4 "/>
</bind>
</comp>

<comp id="2076" class="1005" name="in_block_6_load_4_reg_2076">
<pin_list>
<pin id="2077" dir="0" index="0" bw="16" slack="1"/>
<pin id="2078" dir="1" index="1" bw="16" slack="1"/>
</pin_list>
<bind>
<opset="in_block_6_load_4 "/>
</bind>
</comp>

<comp id="2081" class="1005" name="in_block_7_load_4_reg_2081">
<pin_list>
<pin id="2082" dir="0" index="0" bw="16" slack="1"/>
<pin id="2083" dir="1" index="1" bw="16" slack="1"/>
</pin_list>
<bind>
<opset="in_block_7_load_4 "/>
</bind>
</comp>

<comp id="2086" class="1005" name="in_block_0_load_5_reg_2086">
<pin_list>
<pin id="2087" dir="0" index="0" bw="16" slack="1"/>
<pin id="2088" dir="1" index="1" bw="16" slack="1"/>
</pin_list>
<bind>
<opset="in_block_0_load_5 "/>
</bind>
</comp>

<comp id="2091" class="1005" name="in_block_1_load_5_reg_2091">
<pin_list>
<pin id="2092" dir="0" index="0" bw="16" slack="1"/>
<pin id="2093" dir="1" index="1" bw="16" slack="1"/>
</pin_list>
<bind>
<opset="in_block_1_load_5 "/>
</bind>
</comp>

<comp id="2096" class="1005" name="in_block_2_load_5_reg_2096">
<pin_list>
<pin id="2097" dir="0" index="0" bw="16" slack="1"/>
<pin id="2098" dir="1" index="1" bw="16" slack="1"/>
</pin_list>
<bind>
<opset="in_block_2_load_5 "/>
</bind>
</comp>

<comp id="2101" class="1005" name="in_block_3_load_5_reg_2101">
<pin_list>
<pin id="2102" dir="0" index="0" bw="16" slack="1"/>
<pin id="2103" dir="1" index="1" bw="16" slack="1"/>
</pin_list>
<bind>
<opset="in_block_3_load_5 "/>
</bind>
</comp>

<comp id="2106" class="1005" name="in_block_4_load_5_reg_2106">
<pin_list>
<pin id="2107" dir="0" index="0" bw="16" slack="1"/>
<pin id="2108" dir="1" index="1" bw="16" slack="1"/>
</pin_list>
<bind>
<opset="in_block_4_load_5 "/>
</bind>
</comp>

<comp id="2111" class="1005" name="in_block_5_load_5_reg_2111">
<pin_list>
<pin id="2112" dir="0" index="0" bw="16" slack="1"/>
<pin id="2113" dir="1" index="1" bw="16" slack="1"/>
</pin_list>
<bind>
<opset="in_block_5_load_5 "/>
</bind>
</comp>

<comp id="2116" class="1005" name="in_block_6_load_5_reg_2116">
<pin_list>
<pin id="2117" dir="0" index="0" bw="16" slack="1"/>
<pin id="2118" dir="1" index="1" bw="16" slack="1"/>
</pin_list>
<bind>
<opset="in_block_6_load_5 "/>
</bind>
</comp>

<comp id="2121" class="1005" name="in_block_7_load_5_reg_2121">
<pin_list>
<pin id="2122" dir="0" index="0" bw="16" slack="1"/>
<pin id="2123" dir="1" index="1" bw="16" slack="1"/>
</pin_list>
<bind>
<opset="in_block_7_load_5 "/>
</bind>
</comp>

<comp id="2126" class="1005" name="in_block_0_addr_6_reg_2126">
<pin_list>
<pin id="2127" dir="0" index="0" bw="3" slack="1"/>
<pin id="2128" dir="1" index="1" bw="3" slack="1"/>
</pin_list>
<bind>
<opset="in_block_0_addr_6 "/>
</bind>
</comp>

<comp id="2131" class="1005" name="in_block_1_addr_6_reg_2131">
<pin_list>
<pin id="2132" dir="0" index="0" bw="3" slack="1"/>
<pin id="2133" dir="1" index="1" bw="3" slack="1"/>
</pin_list>
<bind>
<opset="in_block_1_addr_6 "/>
</bind>
</comp>

<comp id="2136" class="1005" name="in_block_2_addr_6_reg_2136">
<pin_list>
<pin id="2137" dir="0" index="0" bw="3" slack="1"/>
<pin id="2138" dir="1" index="1" bw="3" slack="1"/>
</pin_list>
<bind>
<opset="in_block_2_addr_6 "/>
</bind>
</comp>

<comp id="2141" class="1005" name="in_block_3_addr_6_reg_2141">
<pin_list>
<pin id="2142" dir="0" index="0" bw="3" slack="1"/>
<pin id="2143" dir="1" index="1" bw="3" slack="1"/>
</pin_list>
<bind>
<opset="in_block_3_addr_6 "/>
</bind>
</comp>

<comp id="2146" class="1005" name="in_block_4_addr_6_reg_2146">
<pin_list>
<pin id="2147" dir="0" index="0" bw="3" slack="1"/>
<pin id="2148" dir="1" index="1" bw="3" slack="1"/>
</pin_list>
<bind>
<opset="in_block_4_addr_6 "/>
</bind>
</comp>

<comp id="2151" class="1005" name="in_block_5_addr_6_reg_2151">
<pin_list>
<pin id="2152" dir="0" index="0" bw="3" slack="1"/>
<pin id="2153" dir="1" index="1" bw="3" slack="1"/>
</pin_list>
<bind>
<opset="in_block_5_addr_6 "/>
</bind>
</comp>

<comp id="2156" class="1005" name="in_block_6_addr_6_reg_2156">
<pin_list>
<pin id="2157" dir="0" index="0" bw="3" slack="1"/>
<pin id="2158" dir="1" index="1" bw="3" slack="1"/>
</pin_list>
<bind>
<opset="in_block_6_addr_6 "/>
</bind>
</comp>

<comp id="2161" class="1005" name="in_block_7_addr_6_reg_2161">
<pin_list>
<pin id="2162" dir="0" index="0" bw="3" slack="1"/>
<pin id="2163" dir="1" index="1" bw="3" slack="1"/>
</pin_list>
<bind>
<opset="in_block_7_addr_6 "/>
</bind>
</comp>

<comp id="2166" class="1005" name="in_block_0_addr_7_reg_2166">
<pin_list>
<pin id="2167" dir="0" index="0" bw="3" slack="1"/>
<pin id="2168" dir="1" index="1" bw="3" slack="1"/>
</pin_list>
<bind>
<opset="in_block_0_addr_7 "/>
</bind>
</comp>

<comp id="2171" class="1005" name="in_block_1_addr_7_reg_2171">
<pin_list>
<pin id="2172" dir="0" index="0" bw="3" slack="1"/>
<pin id="2173" dir="1" index="1" bw="3" slack="1"/>
</pin_list>
<bind>
<opset="in_block_1_addr_7 "/>
</bind>
</comp>

<comp id="2176" class="1005" name="in_block_2_addr_7_reg_2176">
<pin_list>
<pin id="2177" dir="0" index="0" bw="3" slack="1"/>
<pin id="2178" dir="1" index="1" bw="3" slack="1"/>
</pin_list>
<bind>
<opset="in_block_2_addr_7 "/>
</bind>
</comp>

<comp id="2181" class="1005" name="in_block_3_addr_7_reg_2181">
<pin_list>
<pin id="2182" dir="0" index="0" bw="3" slack="1"/>
<pin id="2183" dir="1" index="1" bw="3" slack="1"/>
</pin_list>
<bind>
<opset="in_block_3_addr_7 "/>
</bind>
</comp>

<comp id="2186" class="1005" name="in_block_4_addr_7_reg_2186">
<pin_list>
<pin id="2187" dir="0" index="0" bw="3" slack="1"/>
<pin id="2188" dir="1" index="1" bw="3" slack="1"/>
</pin_list>
<bind>
<opset="in_block_4_addr_7 "/>
</bind>
</comp>

<comp id="2191" class="1005" name="in_block_5_addr_7_reg_2191">
<pin_list>
<pin id="2192" dir="0" index="0" bw="3" slack="1"/>
<pin id="2193" dir="1" index="1" bw="3" slack="1"/>
</pin_list>
<bind>
<opset="in_block_5_addr_7 "/>
</bind>
</comp>

<comp id="2196" class="1005" name="in_block_6_addr_7_reg_2196">
<pin_list>
<pin id="2197" dir="0" index="0" bw="3" slack="1"/>
<pin id="2198" dir="1" index="1" bw="3" slack="1"/>
</pin_list>
<bind>
<opset="in_block_6_addr_7 "/>
</bind>
</comp>

<comp id="2201" class="1005" name="in_block_7_addr_7_reg_2201">
<pin_list>
<pin id="2202" dir="0" index="0" bw="3" slack="1"/>
<pin id="2203" dir="1" index="1" bw="3" slack="1"/>
</pin_list>
<bind>
<opset="in_block_7_addr_7 "/>
</bind>
</comp>

<comp id="2206" class="1005" name="in_block_0_load_6_reg_2206">
<pin_list>
<pin id="2207" dir="0" index="0" bw="16" slack="1"/>
<pin id="2208" dir="1" index="1" bw="16" slack="1"/>
</pin_list>
<bind>
<opset="in_block_0_load_6 "/>
</bind>
</comp>

<comp id="2211" class="1005" name="in_block_1_load_6_reg_2211">
<pin_list>
<pin id="2212" dir="0" index="0" bw="16" slack="1"/>
<pin id="2213" dir="1" index="1" bw="16" slack="1"/>
</pin_list>
<bind>
<opset="in_block_1_load_6 "/>
</bind>
</comp>

<comp id="2216" class="1005" name="in_block_2_load_6_reg_2216">
<pin_list>
<pin id="2217" dir="0" index="0" bw="16" slack="1"/>
<pin id="2218" dir="1" index="1" bw="16" slack="1"/>
</pin_list>
<bind>
<opset="in_block_2_load_6 "/>
</bind>
</comp>

<comp id="2221" class="1005" name="in_block_3_load_6_reg_2221">
<pin_list>
<pin id="2222" dir="0" index="0" bw="16" slack="1"/>
<pin id="2223" dir="1" index="1" bw="16" slack="1"/>
</pin_list>
<bind>
<opset="in_block_3_load_6 "/>
</bind>
</comp>

<comp id="2226" class="1005" name="in_block_4_load_6_reg_2226">
<pin_list>
<pin id="2227" dir="0" index="0" bw="16" slack="1"/>
<pin id="2228" dir="1" index="1" bw="16" slack="1"/>
</pin_list>
<bind>
<opset="in_block_4_load_6 "/>
</bind>
</comp>

<comp id="2231" class="1005" name="in_block_5_load_6_reg_2231">
<pin_list>
<pin id="2232" dir="0" index="0" bw="16" slack="1"/>
<pin id="2233" dir="1" index="1" bw="16" slack="1"/>
</pin_list>
<bind>
<opset="in_block_5_load_6 "/>
</bind>
</comp>

<comp id="2236" class="1005" name="in_block_6_load_6_reg_2236">
<pin_list>
<pin id="2237" dir="0" index="0" bw="16" slack="1"/>
<pin id="2238" dir="1" index="1" bw="16" slack="1"/>
</pin_list>
<bind>
<opset="in_block_6_load_6 "/>
</bind>
</comp>

<comp id="2241" class="1005" name="in_block_7_load_6_reg_2241">
<pin_list>
<pin id="2242" dir="0" index="0" bw="16" slack="1"/>
<pin id="2243" dir="1" index="1" bw="16" slack="1"/>
</pin_list>
<bind>
<opset="in_block_7_load_6 "/>
</bind>
</comp>

<comp id="2246" class="1005" name="in_block_0_load_7_reg_2246">
<pin_list>
<pin id="2247" dir="0" index="0" bw="16" slack="1"/>
<pin id="2248" dir="1" index="1" bw="16" slack="1"/>
</pin_list>
<bind>
<opset="in_block_0_load_7 "/>
</bind>
</comp>

<comp id="2251" class="1005" name="in_block_1_load_7_reg_2251">
<pin_list>
<pin id="2252" dir="0" index="0" bw="16" slack="1"/>
<pin id="2253" dir="1" index="1" bw="16" slack="1"/>
</pin_list>
<bind>
<opset="in_block_1_load_7 "/>
</bind>
</comp>

<comp id="2256" class="1005" name="in_block_2_load_7_reg_2256">
<pin_list>
<pin id="2257" dir="0" index="0" bw="16" slack="1"/>
<pin id="2258" dir="1" index="1" bw="16" slack="1"/>
</pin_list>
<bind>
<opset="in_block_2_load_7 "/>
</bind>
</comp>

<comp id="2261" class="1005" name="in_block_3_load_7_reg_2261">
<pin_list>
<pin id="2262" dir="0" index="0" bw="16" slack="1"/>
<pin id="2263" dir="1" index="1" bw="16" slack="1"/>
</pin_list>
<bind>
<opset="in_block_3_load_7 "/>
</bind>
</comp>

<comp id="2266" class="1005" name="in_block_4_load_7_reg_2266">
<pin_list>
<pin id="2267" dir="0" index="0" bw="16" slack="1"/>
<pin id="2268" dir="1" index="1" bw="16" slack="1"/>
</pin_list>
<bind>
<opset="in_block_4_load_7 "/>
</bind>
</comp>

<comp id="2271" class="1005" name="in_block_5_load_7_reg_2271">
<pin_list>
<pin id="2272" dir="0" index="0" bw="16" slack="1"/>
<pin id="2273" dir="1" index="1" bw="16" slack="1"/>
</pin_list>
<bind>
<opset="in_block_5_load_7 "/>
</bind>
</comp>

<comp id="2276" class="1005" name="in_block_6_load_7_reg_2276">
<pin_list>
<pin id="2277" dir="0" index="0" bw="16" slack="1"/>
<pin id="2278" dir="1" index="1" bw="16" slack="1"/>
</pin_list>
<bind>
<opset="in_block_6_load_7 "/>
</bind>
</comp>

<comp id="2281" class="1005" name="in_block_7_load_7_reg_2281">
<pin_list>
<pin id="2282" dir="0" index="0" bw="16" slack="1"/>
<pin id="2283" dir="1" index="1" bw="16" slack="1"/>
</pin_list>
<bind>
<opset="in_block_7_load_7 "/>
</bind>
</comp>

<comp id="2286" class="1005" name="row_outbuf_addr_ret_reg_2286">
<pin_list>
<pin id="2287" dir="0" index="0" bw="16" slack="3"/>
<pin id="2288" dir="1" index="1" bw="16" slack="3"/>
</pin_list>
<bind>
<opset="row_outbuf_addr_ret "/>
</bind>
</comp>

<comp id="2291" class="1005" name="row_outbuf_1_addr_ret_reg_2291">
<pin_list>
<pin id="2292" dir="0" index="0" bw="16" slack="3"/>
<pin id="2293" dir="1" index="1" bw="16" slack="3"/>
</pin_list>
<bind>
<opset="row_outbuf_1_addr_ret "/>
</bind>
</comp>

<comp id="2296" class="1005" name="row_outbuf_2_addr_ret_reg_2296">
<pin_list>
<pin id="2297" dir="0" index="0" bw="16" slack="4"/>
<pin id="2298" dir="1" index="1" bw="16" slack="4"/>
</pin_list>
<bind>
<opset="row_outbuf_2_addr_ret "/>
</bind>
</comp>

<comp id="2301" class="1005" name="row_outbuf_3_addr_ret_reg_2301">
<pin_list>
<pin id="2302" dir="0" index="0" bw="16" slack="4"/>
<pin id="2303" dir="1" index="1" bw="16" slack="4"/>
</pin_list>
<bind>
<opset="row_outbuf_3_addr_ret "/>
</bind>
</comp>

<comp id="2306" class="1005" name="row_outbuf_4_addr_ret_reg_2306">
<pin_list>
<pin id="2307" dir="0" index="0" bw="16" slack="5"/>
<pin id="2308" dir="1" index="1" bw="16" slack="5"/>
</pin_list>
<bind>
<opset="row_outbuf_4_addr_ret "/>
</bind>
</comp>

<comp id="2311" class="1005" name="row_outbuf_5_addr_ret_reg_2311">
<pin_list>
<pin id="2312" dir="0" index="0" bw="16" slack="5"/>
<pin id="2313" dir="1" index="1" bw="16" slack="5"/>
</pin_list>
<bind>
<opset="row_outbuf_5_addr_ret "/>
</bind>
</comp>

<comp id="2316" class="1005" name="row_outbuf_6_addr_ret_reg_2316">
<pin_list>
<pin id="2317" dir="0" index="0" bw="16" slack="6"/>
<pin id="2318" dir="1" index="1" bw="16" slack="6"/>
</pin_list>
<bind>
<opset="row_outbuf_6_addr_ret "/>
</bind>
</comp>

<comp id="2321" class="1005" name="row_outbuf_7_addr_ret_reg_2321">
<pin_list>
<pin id="2322" dir="0" index="0" bw="16" slack="6"/>
<pin id="2323" dir="1" index="1" bw="16" slack="6"/>
</pin_list>
<bind>
<opset="row_outbuf_7_addr_ret "/>
</bind>
</comp>

<comp id="2326" class="1005" name="row_outbuf_8_addr_ret_reg_2326">
<pin_list>
<pin id="2327" dir="0" index="0" bw="16" slack="3"/>
<pin id="2328" dir="1" index="1" bw="16" slack="3"/>
</pin_list>
<bind>
<opset="row_outbuf_8_addr_ret "/>
</bind>
</comp>

<comp id="2331" class="1005" name="row_outbuf_9_addr_ret_reg_2331">
<pin_list>
<pin id="2332" dir="0" index="0" bw="16" slack="3"/>
<pin id="2333" dir="1" index="1" bw="16" slack="3"/>
</pin_list>
<bind>
<opset="row_outbuf_9_addr_ret "/>
</bind>
</comp>

<comp id="2336" class="1005" name="row_outbuf_10_addr_ret_reg_2336">
<pin_list>
<pin id="2337" dir="0" index="0" bw="16" slack="4"/>
<pin id="2338" dir="1" index="1" bw="16" slack="4"/>
</pin_list>
<bind>
<opset="row_outbuf_10_addr_ret "/>
</bind>
</comp>

<comp id="2341" class="1005" name="row_outbuf_11_addr_ret_reg_2341">
<pin_list>
<pin id="2342" dir="0" index="0" bw="16" slack="4"/>
<pin id="2343" dir="1" index="1" bw="16" slack="4"/>
</pin_list>
<bind>
<opset="row_outbuf_11_addr_ret "/>
</bind>
</comp>

<comp id="2346" class="1005" name="row_outbuf_12_addr_ret_reg_2346">
<pin_list>
<pin id="2347" dir="0" index="0" bw="16" slack="5"/>
<pin id="2348" dir="1" index="1" bw="16" slack="5"/>
</pin_list>
<bind>
<opset="row_outbuf_12_addr_ret "/>
</bind>
</comp>

<comp id="2351" class="1005" name="row_outbuf_13_addr_ret_reg_2351">
<pin_list>
<pin id="2352" dir="0" index="0" bw="16" slack="5"/>
<pin id="2353" dir="1" index="1" bw="16" slack="5"/>
</pin_list>
<bind>
<opset="row_outbuf_13_addr_ret "/>
</bind>
</comp>

<comp id="2356" class="1005" name="row_outbuf_14_addr_ret_reg_2356">
<pin_list>
<pin id="2357" dir="0" index="0" bw="16" slack="6"/>
<pin id="2358" dir="1" index="1" bw="16" slack="6"/>
</pin_list>
<bind>
<opset="row_outbuf_14_addr_ret "/>
</bind>
</comp>

<comp id="2361" class="1005" name="row_outbuf_15_addr_ret_reg_2361">
<pin_list>
<pin id="2362" dir="0" index="0" bw="16" slack="6"/>
<pin id="2363" dir="1" index="1" bw="16" slack="6"/>
</pin_list>
<bind>
<opset="row_outbuf_15_addr_ret "/>
</bind>
</comp>

<comp id="2366" class="1005" name="row_outbuf_addr_1_ret_reg_2366">
<pin_list>
<pin id="2367" dir="0" index="0" bw="16" slack="2"/>
<pin id="2368" dir="1" index="1" bw="16" slack="2"/>
</pin_list>
<bind>
<opset="row_outbuf_addr_1_ret "/>
</bind>
</comp>

<comp id="2371" class="1005" name="row_outbuf_1_addr_1_ret_reg_2371">
<pin_list>
<pin id="2372" dir="0" index="0" bw="16" slack="2"/>
<pin id="2373" dir="1" index="1" bw="16" slack="2"/>
</pin_list>
<bind>
<opset="row_outbuf_1_addr_1_ret "/>
</bind>
</comp>

<comp id="2376" class="1005" name="row_outbuf_2_addr_1_ret_reg_2376">
<pin_list>
<pin id="2377" dir="0" index="0" bw="16" slack="3"/>
<pin id="2378" dir="1" index="1" bw="16" slack="3"/>
</pin_list>
<bind>
<opset="row_outbuf_2_addr_1_ret "/>
</bind>
</comp>

<comp id="2381" class="1005" name="row_outbuf_3_addr_1_ret_reg_2381">
<pin_list>
<pin id="2382" dir="0" index="0" bw="16" slack="3"/>
<pin id="2383" dir="1" index="1" bw="16" slack="3"/>
</pin_list>
<bind>
<opset="row_outbuf_3_addr_1_ret "/>
</bind>
</comp>

<comp id="2386" class="1005" name="row_outbuf_4_addr_1_ret_reg_2386">
<pin_list>
<pin id="2387" dir="0" index="0" bw="16" slack="4"/>
<pin id="2388" dir="1" index="1" bw="16" slack="4"/>
</pin_list>
<bind>
<opset="row_outbuf_4_addr_1_ret "/>
</bind>
</comp>

<comp id="2391" class="1005" name="row_outbuf_5_addr_1_ret_reg_2391">
<pin_list>
<pin id="2392" dir="0" index="0" bw="16" slack="4"/>
<pin id="2393" dir="1" index="1" bw="16" slack="4"/>
</pin_list>
<bind>
<opset="row_outbuf_5_addr_1_ret "/>
</bind>
</comp>

<comp id="2396" class="1005" name="row_outbuf_6_addr_1_ret_reg_2396">
<pin_list>
<pin id="2397" dir="0" index="0" bw="16" slack="5"/>
<pin id="2398" dir="1" index="1" bw="16" slack="5"/>
</pin_list>
<bind>
<opset="row_outbuf_6_addr_1_ret "/>
</bind>
</comp>

<comp id="2401" class="1005" name="row_outbuf_7_addr_1_ret_reg_2401">
<pin_list>
<pin id="2402" dir="0" index="0" bw="16" slack="5"/>
<pin id="2403" dir="1" index="1" bw="16" slack="5"/>
</pin_list>
<bind>
<opset="row_outbuf_7_addr_1_ret "/>
</bind>
</comp>

<comp id="2406" class="1005" name="row_outbuf_8_addr_1_ret_reg_2406">
<pin_list>
<pin id="2407" dir="0" index="0" bw="16" slack="2"/>
<pin id="2408" dir="1" index="1" bw="16" slack="2"/>
</pin_list>
<bind>
<opset="row_outbuf_8_addr_1_ret "/>
</bind>
</comp>

<comp id="2411" class="1005" name="row_outbuf_9_addr_1_ret_reg_2411">
<pin_list>
<pin id="2412" dir="0" index="0" bw="16" slack="2"/>
<pin id="2413" dir="1" index="1" bw="16" slack="2"/>
</pin_list>
<bind>
<opset="row_outbuf_9_addr_1_ret "/>
</bind>
</comp>

<comp id="2416" class="1005" name="row_outbuf_10_addr_1_ret_reg_2416">
<pin_list>
<pin id="2417" dir="0" index="0" bw="16" slack="3"/>
<pin id="2418" dir="1" index="1" bw="16" slack="3"/>
</pin_list>
<bind>
<opset="row_outbuf_10_addr_1_ret "/>
</bind>
</comp>

<comp id="2421" class="1005" name="row_outbuf_11_addr_1_ret_reg_2421">
<pin_list>
<pin id="2422" dir="0" index="0" bw="16" slack="3"/>
<pin id="2423" dir="1" index="1" bw="16" slack="3"/>
</pin_list>
<bind>
<opset="row_outbuf_11_addr_1_ret "/>
</bind>
</comp>

<comp id="2426" class="1005" name="row_outbuf_12_addr_1_ret_reg_2426">
<pin_list>
<pin id="2427" dir="0" index="0" bw="16" slack="4"/>
<pin id="2428" dir="1" index="1" bw="16" slack="4"/>
</pin_list>
<bind>
<opset="row_outbuf_12_addr_1_ret "/>
</bind>
</comp>

<comp id="2431" class="1005" name="row_outbuf_13_addr_1_ret_reg_2431">
<pin_list>
<pin id="2432" dir="0" index="0" bw="16" slack="4"/>
<pin id="2433" dir="1" index="1" bw="16" slack="4"/>
</pin_list>
<bind>
<opset="row_outbuf_13_addr_1_ret "/>
</bind>
</comp>

<comp id="2436" class="1005" name="row_outbuf_14_addr_1_ret_reg_2436">
<pin_list>
<pin id="2437" dir="0" index="0" bw="16" slack="5"/>
<pin id="2438" dir="1" index="1" bw="16" slack="5"/>
</pin_list>
<bind>
<opset="row_outbuf_14_addr_1_ret "/>
</bind>
</comp>

<comp id="2441" class="1005" name="row_outbuf_15_addr_1_ret_reg_2441">
<pin_list>
<pin id="2442" dir="0" index="0" bw="16" slack="5"/>
<pin id="2443" dir="1" index="1" bw="16" slack="5"/>
</pin_list>
<bind>
<opset="row_outbuf_15_addr_1_ret "/>
</bind>
</comp>

<comp id="2446" class="1005" name="row_outbuf_addr_2_ret_reg_2446">
<pin_list>
<pin id="2447" dir="0" index="0" bw="16" slack="1"/>
<pin id="2448" dir="1" index="1" bw="16" slack="1"/>
</pin_list>
<bind>
<opset="row_outbuf_addr_2_ret "/>
</bind>
</comp>

<comp id="2451" class="1005" name="row_outbuf_1_addr_2_ret_reg_2451">
<pin_list>
<pin id="2452" dir="0" index="0" bw="16" slack="1"/>
<pin id="2453" dir="1" index="1" bw="16" slack="1"/>
</pin_list>
<bind>
<opset="row_outbuf_1_addr_2_ret "/>
</bind>
</comp>

<comp id="2456" class="1005" name="row_outbuf_2_addr_2_ret_reg_2456">
<pin_list>
<pin id="2457" dir="0" index="0" bw="16" slack="2"/>
<pin id="2458" dir="1" index="1" bw="16" slack="2"/>
</pin_list>
<bind>
<opset="row_outbuf_2_addr_2_ret "/>
</bind>
</comp>

<comp id="2461" class="1005" name="row_outbuf_3_addr_2_ret_reg_2461">
<pin_list>
<pin id="2462" dir="0" index="0" bw="16" slack="2"/>
<pin id="2463" dir="1" index="1" bw="16" slack="2"/>
</pin_list>
<bind>
<opset="row_outbuf_3_addr_2_ret "/>
</bind>
</comp>

<comp id="2466" class="1005" name="row_outbuf_4_addr_2_ret_reg_2466">
<pin_list>
<pin id="2467" dir="0" index="0" bw="16" slack="3"/>
<pin id="2468" dir="1" index="1" bw="16" slack="3"/>
</pin_list>
<bind>
<opset="row_outbuf_4_addr_2_ret "/>
</bind>
</comp>

<comp id="2471" class="1005" name="row_outbuf_5_addr_2_ret_reg_2471">
<pin_list>
<pin id="2472" dir="0" index="0" bw="16" slack="3"/>
<pin id="2473" dir="1" index="1" bw="16" slack="3"/>
</pin_list>
<bind>
<opset="row_outbuf_5_addr_2_ret "/>
</bind>
</comp>

<comp id="2476" class="1005" name="row_outbuf_6_addr_2_ret_reg_2476">
<pin_list>
<pin id="2477" dir="0" index="0" bw="16" slack="4"/>
<pin id="2478" dir="1" index="1" bw="16" slack="4"/>
</pin_list>
<bind>
<opset="row_outbuf_6_addr_2_ret "/>
</bind>
</comp>

<comp id="2481" class="1005" name="row_outbuf_7_addr_2_ret_reg_2481">
<pin_list>
<pin id="2482" dir="0" index="0" bw="16" slack="4"/>
<pin id="2483" dir="1" index="1" bw="16" slack="4"/>
</pin_list>
<bind>
<opset="row_outbuf_7_addr_2_ret "/>
</bind>
</comp>

<comp id="2486" class="1005" name="row_outbuf_8_addr_2_ret_reg_2486">
<pin_list>
<pin id="2487" dir="0" index="0" bw="16" slack="1"/>
<pin id="2488" dir="1" index="1" bw="16" slack="1"/>
</pin_list>
<bind>
<opset="row_outbuf_8_addr_2_ret "/>
</bind>
</comp>

<comp id="2491" class="1005" name="row_outbuf_9_addr_2_ret_reg_2491">
<pin_list>
<pin id="2492" dir="0" index="0" bw="16" slack="1"/>
<pin id="2493" dir="1" index="1" bw="16" slack="1"/>
</pin_list>
<bind>
<opset="row_outbuf_9_addr_2_ret "/>
</bind>
</comp>

<comp id="2496" class="1005" name="row_outbuf_10_addr_2_ret_reg_2496">
<pin_list>
<pin id="2497" dir="0" index="0" bw="16" slack="2"/>
<pin id="2498" dir="1" index="1" bw="16" slack="2"/>
</pin_list>
<bind>
<opset="row_outbuf_10_addr_2_ret "/>
</bind>
</comp>

<comp id="2501" class="1005" name="row_outbuf_11_addr_2_ret_reg_2501">
<pin_list>
<pin id="2502" dir="0" index="0" bw="16" slack="2"/>
<pin id="2503" dir="1" index="1" bw="16" slack="2"/>
</pin_list>
<bind>
<opset="row_outbuf_11_addr_2_ret "/>
</bind>
</comp>

<comp id="2506" class="1005" name="row_outbuf_12_addr_2_ret_reg_2506">
<pin_list>
<pin id="2507" dir="0" index="0" bw="16" slack="3"/>
<pin id="2508" dir="1" index="1" bw="16" slack="3"/>
</pin_list>
<bind>
<opset="row_outbuf_12_addr_2_ret "/>
</bind>
</comp>

<comp id="2511" class="1005" name="row_outbuf_13_addr_2_ret_reg_2511">
<pin_list>
<pin id="2512" dir="0" index="0" bw="16" slack="3"/>
<pin id="2513" dir="1" index="1" bw="16" slack="3"/>
</pin_list>
<bind>
<opset="row_outbuf_13_addr_2_ret "/>
</bind>
</comp>

<comp id="2516" class="1005" name="row_outbuf_14_addr_2_ret_reg_2516">
<pin_list>
<pin id="2517" dir="0" index="0" bw="16" slack="4"/>
<pin id="2518" dir="1" index="1" bw="16" slack="4"/>
</pin_list>
<bind>
<opset="row_outbuf_14_addr_2_ret "/>
</bind>
</comp>

<comp id="2521" class="1005" name="row_outbuf_15_addr_2_ret_reg_2521">
<pin_list>
<pin id="2522" dir="0" index="0" bw="16" slack="4"/>
<pin id="2523" dir="1" index="1" bw="16" slack="4"/>
</pin_list>
<bind>
<opset="row_outbuf_15_addr_2_ret "/>
</bind>
</comp>

<comp id="2526" class="1005" name="row_outbuf_addr_3_ret_reg_2526">
<pin_list>
<pin id="2527" dir="0" index="0" bw="16" slack="1"/>
<pin id="2528" dir="1" index="1" bw="16" slack="1"/>
</pin_list>
<bind>
<opset="row_outbuf_addr_3_ret "/>
</bind>
</comp>

<comp id="2531" class="1005" name="row_outbuf_1_addr_3_ret_reg_2531">
<pin_list>
<pin id="2532" dir="0" index="0" bw="16" slack="1"/>
<pin id="2533" dir="1" index="1" bw="16" slack="1"/>
</pin_list>
<bind>
<opset="row_outbuf_1_addr_3_ret "/>
</bind>
</comp>

<comp id="2536" class="1005" name="row_outbuf_2_addr_3_ret_reg_2536">
<pin_list>
<pin id="2537" dir="0" index="0" bw="16" slack="1"/>
<pin id="2538" dir="1" index="1" bw="16" slack="1"/>
</pin_list>
<bind>
<opset="row_outbuf_2_addr_3_ret "/>
</bind>
</comp>

<comp id="2541" class="1005" name="row_outbuf_3_addr_3_ret_reg_2541">
<pin_list>
<pin id="2542" dir="0" index="0" bw="16" slack="1"/>
<pin id="2543" dir="1" index="1" bw="16" slack="1"/>
</pin_list>
<bind>
<opset="row_outbuf_3_addr_3_ret "/>
</bind>
</comp>

<comp id="2546" class="1005" name="row_outbuf_4_addr_3_ret_reg_2546">
<pin_list>
<pin id="2547" dir="0" index="0" bw="16" slack="2"/>
<pin id="2548" dir="1" index="1" bw="16" slack="2"/>
</pin_list>
<bind>
<opset="row_outbuf_4_addr_3_ret "/>
</bind>
</comp>

<comp id="2551" class="1005" name="row_outbuf_5_addr_3_ret_reg_2551">
<pin_list>
<pin id="2552" dir="0" index="0" bw="16" slack="2"/>
<pin id="2553" dir="1" index="1" bw="16" slack="2"/>
</pin_list>
<bind>
<opset="row_outbuf_5_addr_3_ret "/>
</bind>
</comp>

<comp id="2556" class="1005" name="row_outbuf_6_addr_3_ret_reg_2556">
<pin_list>
<pin id="2557" dir="0" index="0" bw="16" slack="3"/>
<pin id="2558" dir="1" index="1" bw="16" slack="3"/>
</pin_list>
<bind>
<opset="row_outbuf_6_addr_3_ret "/>
</bind>
</comp>

<comp id="2561" class="1005" name="row_outbuf_7_addr_3_ret_reg_2561">
<pin_list>
<pin id="2562" dir="0" index="0" bw="16" slack="3"/>
<pin id="2563" dir="1" index="1" bw="16" slack="3"/>
</pin_list>
<bind>
<opset="row_outbuf_7_addr_3_ret "/>
</bind>
</comp>

<comp id="2566" class="1005" name="row_outbuf_8_addr_3_ret_reg_2566">
<pin_list>
<pin id="2567" dir="0" index="0" bw="16" slack="1"/>
<pin id="2568" dir="1" index="1" bw="16" slack="1"/>
</pin_list>
<bind>
<opset="row_outbuf_8_addr_3_ret "/>
</bind>
</comp>

<comp id="2571" class="1005" name="row_outbuf_9_addr_3_ret_reg_2571">
<pin_list>
<pin id="2572" dir="0" index="0" bw="16" slack="1"/>
<pin id="2573" dir="1" index="1" bw="16" slack="1"/>
</pin_list>
<bind>
<opset="row_outbuf_9_addr_3_ret "/>
</bind>
</comp>

<comp id="2576" class="1005" name="row_outbuf_10_addr_3_ret_reg_2576">
<pin_list>
<pin id="2577" dir="0" index="0" bw="16" slack="1"/>
<pin id="2578" dir="1" index="1" bw="16" slack="1"/>
</pin_list>
<bind>
<opset="row_outbuf_10_addr_3_ret "/>
</bind>
</comp>

<comp id="2581" class="1005" name="row_outbuf_11_addr_3_ret_reg_2581">
<pin_list>
<pin id="2582" dir="0" index="0" bw="16" slack="1"/>
<pin id="2583" dir="1" index="1" bw="16" slack="1"/>
</pin_list>
<bind>
<opset="row_outbuf_11_addr_3_ret "/>
</bind>
</comp>

<comp id="2586" class="1005" name="row_outbuf_12_addr_3_ret_reg_2586">
<pin_list>
<pin id="2587" dir="0" index="0" bw="16" slack="2"/>
<pin id="2588" dir="1" index="1" bw="16" slack="2"/>
</pin_list>
<bind>
<opset="row_outbuf_12_addr_3_ret "/>
</bind>
</comp>

<comp id="2591" class="1005" name="row_outbuf_13_addr_3_ret_reg_2591">
<pin_list>
<pin id="2592" dir="0" index="0" bw="16" slack="2"/>
<pin id="2593" dir="1" index="1" bw="16" slack="2"/>
</pin_list>
<bind>
<opset="row_outbuf_13_addr_3_ret "/>
</bind>
</comp>

<comp id="2596" class="1005" name="row_outbuf_14_addr_3_ret_reg_2596">
<pin_list>
<pin id="2597" dir="0" index="0" bw="16" slack="3"/>
<pin id="2598" dir="1" index="1" bw="16" slack="3"/>
</pin_list>
<bind>
<opset="row_outbuf_14_addr_3_ret "/>
</bind>
</comp>

<comp id="2601" class="1005" name="row_outbuf_15_addr_3_ret_reg_2601">
<pin_list>
<pin id="2602" dir="0" index="0" bw="16" slack="3"/>
<pin id="2603" dir="1" index="1" bw="16" slack="3"/>
</pin_list>
<bind>
<opset="row_outbuf_15_addr_3_ret "/>
</bind>
</comp>

<comp id="2606" class="1005" name="col_outbuf_6_addr_ret_reg_2606">
<pin_list>
<pin id="2607" dir="0" index="0" bw="16" slack="3"/>
<pin id="2608" dir="1" index="1" bw="16" slack="3"/>
</pin_list>
<bind>
<opset="col_outbuf_6_addr_ret "/>
</bind>
</comp>

<comp id="2611" class="1005" name="col_outbuf_7_addr_ret_reg_2611">
<pin_list>
<pin id="2612" dir="0" index="0" bw="16" slack="3"/>
<pin id="2613" dir="1" index="1" bw="16" slack="3"/>
</pin_list>
<bind>
<opset="col_outbuf_7_addr_ret "/>
</bind>
</comp>

<comp id="2616" class="1005" name="col_outbuf_14_addr_ret_reg_2616">
<pin_list>
<pin id="2617" dir="0" index="0" bw="16" slack="3"/>
<pin id="2618" dir="1" index="1" bw="16" slack="3"/>
</pin_list>
<bind>
<opset="col_outbuf_14_addr_ret "/>
</bind>
</comp>

<comp id="2621" class="1005" name="col_outbuf_15_addr_ret_reg_2621">
<pin_list>
<pin id="2622" dir="0" index="0" bw="16" slack="3"/>
<pin id="2623" dir="1" index="1" bw="16" slack="3"/>
</pin_list>
<bind>
<opset="col_outbuf_15_addr_ret "/>
</bind>
</comp>

<comp id="2626" class="1005" name="col_outbuf_6_addr_1_ret_reg_2626">
<pin_list>
<pin id="2627" dir="0" index="0" bw="16" slack="3"/>
<pin id="2628" dir="1" index="1" bw="16" slack="3"/>
</pin_list>
<bind>
<opset="col_outbuf_6_addr_1_ret "/>
</bind>
</comp>

<comp id="2631" class="1005" name="col_outbuf_7_addr_1_ret_reg_2631">
<pin_list>
<pin id="2632" dir="0" index="0" bw="16" slack="3"/>
<pin id="2633" dir="1" index="1" bw="16" slack="3"/>
</pin_list>
<bind>
<opset="col_outbuf_7_addr_1_ret "/>
</bind>
</comp>

<comp id="2636" class="1005" name="col_outbuf_14_addr_1_ret_reg_2636">
<pin_list>
<pin id="2637" dir="0" index="0" bw="16" slack="3"/>
<pin id="2638" dir="1" index="1" bw="16" slack="3"/>
</pin_list>
<bind>
<opset="col_outbuf_14_addr_1_ret "/>
</bind>
</comp>

<comp id="2641" class="1005" name="col_outbuf_15_addr_1_ret_reg_2641">
<pin_list>
<pin id="2642" dir="0" index="0" bw="16" slack="3"/>
<pin id="2643" dir="1" index="1" bw="16" slack="3"/>
</pin_list>
<bind>
<opset="col_outbuf_15_addr_1_ret "/>
</bind>
</comp>

<comp id="2646" class="1005" name="col_outbuf_6_addr_2_ret_reg_2646">
<pin_list>
<pin id="2647" dir="0" index="0" bw="16" slack="3"/>
<pin id="2648" dir="1" index="1" bw="16" slack="3"/>
</pin_list>
<bind>
<opset="col_outbuf_6_addr_2_ret "/>
</bind>
</comp>

<comp id="2651" class="1005" name="col_outbuf_7_addr_2_ret_reg_2651">
<pin_list>
<pin id="2652" dir="0" index="0" bw="16" slack="3"/>
<pin id="2653" dir="1" index="1" bw="16" slack="3"/>
</pin_list>
<bind>
<opset="col_outbuf_7_addr_2_ret "/>
</bind>
</comp>

<comp id="2656" class="1005" name="col_outbuf_14_addr_2_ret_reg_2656">
<pin_list>
<pin id="2657" dir="0" index="0" bw="16" slack="3"/>
<pin id="2658" dir="1" index="1" bw="16" slack="3"/>
</pin_list>
<bind>
<opset="col_outbuf_14_addr_2_ret "/>
</bind>
</comp>

<comp id="2661" class="1005" name="col_outbuf_15_addr_2_ret_reg_2661">
<pin_list>
<pin id="2662" dir="0" index="0" bw="16" slack="3"/>
<pin id="2663" dir="1" index="1" bw="16" slack="3"/>
</pin_list>
<bind>
<opset="col_outbuf_15_addr_2_ret "/>
</bind>
</comp>

<comp id="2666" class="1005" name="col_outbuf_6_addr_3_ret_reg_2666">
<pin_list>
<pin id="2667" dir="0" index="0" bw="16" slack="3"/>
<pin id="2668" dir="1" index="1" bw="16" slack="3"/>
</pin_list>
<bind>
<opset="col_outbuf_6_addr_3_ret "/>
</bind>
</comp>

<comp id="2671" class="1005" name="col_outbuf_7_addr_3_ret_reg_2671">
<pin_list>
<pin id="2672" dir="0" index="0" bw="16" slack="3"/>
<pin id="2673" dir="1" index="1" bw="16" slack="3"/>
</pin_list>
<bind>
<opset="col_outbuf_7_addr_3_ret "/>
</bind>
</comp>

<comp id="2676" class="1005" name="col_outbuf_14_addr_3_ret_reg_2676">
<pin_list>
<pin id="2677" dir="0" index="0" bw="16" slack="3"/>
<pin id="2678" dir="1" index="1" bw="16" slack="3"/>
</pin_list>
<bind>
<opset="col_outbuf_14_addr_3_ret "/>
</bind>
</comp>

<comp id="2681" class="1005" name="col_outbuf_15_addr_3_ret_reg_2681">
<pin_list>
<pin id="2682" dir="0" index="0" bw="16" slack="3"/>
<pin id="2683" dir="1" index="1" bw="16" slack="3"/>
</pin_list>
<bind>
<opset="col_outbuf_15_addr_3_ret "/>
</bind>
</comp>

</comp_list>

<net_list>
<net id="63"><net_src comp="0" pin="0"/><net_sink comp="58" pin=0"/></net>

<net id="64"><net_src comp="32" pin="0"/><net_sink comp="58" pin=1"/></net>

<net id="65"><net_src comp="32" pin="0"/><net_sink comp="58" pin=2"/></net>

<net id="71"><net_src comp="2" pin="0"/><net_sink comp="66" pin=0"/></net>

<net id="72"><net_src comp="32" pin="0"/><net_sink comp="66" pin=1"/></net>

<net id="73"><net_src comp="32" pin="0"/><net_sink comp="66" pin=2"/></net>

<net id="79"><net_src comp="4" pin="0"/><net_sink comp="74" pin=0"/></net>

<net id="80"><net_src comp="32" pin="0"/><net_sink comp="74" pin=1"/></net>

<net id="81"><net_src comp="32" pin="0"/><net_sink comp="74" pin=2"/></net>

<net id="87"><net_src comp="6" pin="0"/><net_sink comp="82" pin=0"/></net>

<net id="88"><net_src comp="32" pin="0"/><net_sink comp="82" pin=1"/></net>

<net id="89"><net_src comp="32" pin="0"/><net_sink comp="82" pin=2"/></net>

<net id="95"><net_src comp="8" pin="0"/><net_sink comp="90" pin=0"/></net>

<net id="96"><net_src comp="32" pin="0"/><net_sink comp="90" pin=1"/></net>

<net id="97"><net_src comp="32" pin="0"/><net_sink comp="90" pin=2"/></net>

<net id="103"><net_src comp="10" pin="0"/><net_sink comp="98" pin=0"/></net>

<net id="104"><net_src comp="32" pin="0"/><net_sink comp="98" pin=1"/></net>

<net id="105"><net_src comp="32" pin="0"/><net_sink comp="98" pin=2"/></net>

<net id="111"><net_src comp="12" pin="0"/><net_sink comp="106" pin=0"/></net>

<net id="112"><net_src comp="32" pin="0"/><net_sink comp="106" pin=1"/></net>

<net id="113"><net_src comp="32" pin="0"/><net_sink comp="106" pin=2"/></net>

<net id="119"><net_src comp="14" pin="0"/><net_sink comp="114" pin=0"/></net>

<net id="120"><net_src comp="32" pin="0"/><net_sink comp="114" pin=1"/></net>

<net id="121"><net_src comp="32" pin="0"/><net_sink comp="114" pin=2"/></net>

<net id="131"><net_src comp="58" pin="3"/><net_sink comp="122" pin=2"/></net>

<net id="141"><net_src comp="66" pin="3"/><net_sink comp="132" pin=2"/></net>

<net id="151"><net_src comp="74" pin="3"/><net_sink comp="142" pin=2"/></net>

<net id="161"><net_src comp="82" pin="3"/><net_sink comp="152" pin=2"/></net>

<net id="171"><net_src comp="90" pin="3"/><net_sink comp="162" pin=2"/></net>

<net id="181"><net_src comp="98" pin="3"/><net_sink comp="172" pin=2"/></net>

<net id="191"><net_src comp="106" pin="3"/><net_sink comp="182" pin=2"/></net>

<net id="201"><net_src comp="114" pin="3"/><net_sink comp="192" pin=2"/></net>

<net id="207"><net_src comp="0" pin="0"/><net_sink comp="202" pin=0"/></net>

<net id="208"><net_src comp="32" pin="0"/><net_sink comp="202" pin=1"/></net>

<net id="209"><net_src comp="34" pin="0"/><net_sink comp="202" pin=2"/></net>

<net id="215"><net_src comp="2" pin="0"/><net_sink comp="210" pin=0"/></net>

<net id="216"><net_src comp="32" pin="0"/><net_sink comp="210" pin=1"/></net>

<net id="217"><net_src comp="34" pin="0"/><net_sink comp="210" pin=2"/></net>

<net id="223"><net_src comp="4" pin="0"/><net_sink comp="218" pin=0"/></net>

<net id="224"><net_src comp="32" pin="0"/><net_sink comp="218" pin=1"/></net>

<net id="225"><net_src comp="34" pin="0"/><net_sink comp="218" pin=2"/></net>

<net id="231"><net_src comp="6" pin="0"/><net_sink comp="226" pin=0"/></net>

<net id="232"><net_src comp="32" pin="0"/><net_sink comp="226" pin=1"/></net>

<net id="233"><net_src comp="34" pin="0"/><net_sink comp="226" pin=2"/></net>

<net id="239"><net_src comp="8" pin="0"/><net_sink comp="234" pin=0"/></net>

<net id="240"><net_src comp="32" pin="0"/><net_sink comp="234" pin=1"/></net>

<net id="241"><net_src comp="34" pin="0"/><net_sink comp="234" pin=2"/></net>

<net id="247"><net_src comp="10" pin="0"/><net_sink comp="242" pin=0"/></net>

<net id="248"><net_src comp="32" pin="0"/><net_sink comp="242" pin=1"/></net>

<net id="249"><net_src comp="34" pin="0"/><net_sink comp="242" pin=2"/></net>

<net id="255"><net_src comp="12" pin="0"/><net_sink comp="250" pin=0"/></net>

<net id="256"><net_src comp="32" pin="0"/><net_sink comp="250" pin=1"/></net>

<net id="257"><net_src comp="34" pin="0"/><net_sink comp="250" pin=2"/></net>

<net id="263"><net_src comp="14" pin="0"/><net_sink comp="258" pin=0"/></net>

<net id="264"><net_src comp="32" pin="0"/><net_sink comp="258" pin=1"/></net>

<net id="265"><net_src comp="34" pin="0"/><net_sink comp="258" pin=2"/></net>

<net id="266"><net_src comp="202" pin="3"/><net_sink comp="122" pin=0"/></net>

<net id="267"><net_src comp="210" pin="3"/><net_sink comp="132" pin=0"/></net>

<net id="268"><net_src comp="218" pin="3"/><net_sink comp="142" pin=0"/></net>

<net id="269"><net_src comp="226" pin="3"/><net_sink comp="152" pin=0"/></net>

<net id="270"><net_src comp="234" pin="3"/><net_sink comp="162" pin=0"/></net>

<net id="271"><net_src comp="242" pin="3"/><net_sink comp="172" pin=0"/></net>

<net id="272"><net_src comp="250" pin="3"/><net_sink comp="182" pin=0"/></net>

<net id="273"><net_src comp="258" pin="3"/><net_sink comp="192" pin=0"/></net>

<net id="279"><net_src comp="0" pin="0"/><net_sink comp="274" pin=0"/></net>

<net id="280"><net_src comp="32" pin="0"/><net_sink comp="274" pin=1"/></net>

<net id="281"><net_src comp="38" pin="0"/><net_sink comp="274" pin=2"/></net>

<net id="287"><net_src comp="2" pin="0"/><net_sink comp="282" pin=0"/></net>

<net id="288"><net_src comp="32" pin="0"/><net_sink comp="282" pin=1"/></net>

<net id="289"><net_src comp="38" pin="0"/><net_sink comp="282" pin=2"/></net>

<net id="295"><net_src comp="4" pin="0"/><net_sink comp="290" pin=0"/></net>

<net id="296"><net_src comp="32" pin="0"/><net_sink comp="290" pin=1"/></net>

<net id="297"><net_src comp="38" pin="0"/><net_sink comp="290" pin=2"/></net>

<net id="303"><net_src comp="6" pin="0"/><net_sink comp="298" pin=0"/></net>

<net id="304"><net_src comp="32" pin="0"/><net_sink comp="298" pin=1"/></net>

<net id="305"><net_src comp="38" pin="0"/><net_sink comp="298" pin=2"/></net>

<net id="311"><net_src comp="8" pin="0"/><net_sink comp="306" pin=0"/></net>

<net id="312"><net_src comp="32" pin="0"/><net_sink comp="306" pin=1"/></net>

<net id="313"><net_src comp="38" pin="0"/><net_sink comp="306" pin=2"/></net>

<net id="319"><net_src comp="10" pin="0"/><net_sink comp="314" pin=0"/></net>

<net id="320"><net_src comp="32" pin="0"/><net_sink comp="314" pin=1"/></net>

<net id="321"><net_src comp="38" pin="0"/><net_sink comp="314" pin=2"/></net>

<net id="327"><net_src comp="12" pin="0"/><net_sink comp="322" pin=0"/></net>

<net id="328"><net_src comp="32" pin="0"/><net_sink comp="322" pin=1"/></net>

<net id="329"><net_src comp="38" pin="0"/><net_sink comp="322" pin=2"/></net>

<net id="335"><net_src comp="14" pin="0"/><net_sink comp="330" pin=0"/></net>

<net id="336"><net_src comp="32" pin="0"/><net_sink comp="330" pin=1"/></net>

<net id="337"><net_src comp="38" pin="0"/><net_sink comp="330" pin=2"/></net>

<net id="338"><net_src comp="274" pin="3"/><net_sink comp="122" pin=2"/></net>

<net id="339"><net_src comp="282" pin="3"/><net_sink comp="132" pin=2"/></net>

<net id="340"><net_src comp="290" pin="3"/><net_sink comp="142" pin=2"/></net>

<net id="341"><net_src comp="298" pin="3"/><net_sink comp="152" pin=2"/></net>

<net id="342"><net_src comp="306" pin="3"/><net_sink comp="162" pin=2"/></net>

<net id="343"><net_src comp="314" pin="3"/><net_sink comp="172" pin=2"/></net>

<net id="344"><net_src comp="322" pin="3"/><net_sink comp="182" pin=2"/></net>

<net id="345"><net_src comp="330" pin="3"/><net_sink comp="192" pin=2"/></net>

<net id="351"><net_src comp="0" pin="0"/><net_sink comp="346" pin=0"/></net>

<net id="352"><net_src comp="32" pin="0"/><net_sink comp="346" pin=1"/></net>

<net id="353"><net_src comp="40" pin="0"/><net_sink comp="346" pin=2"/></net>

<net id="359"><net_src comp="2" pin="0"/><net_sink comp="354" pin=0"/></net>

<net id="360"><net_src comp="32" pin="0"/><net_sink comp="354" pin=1"/></net>

<net id="361"><net_src comp="40" pin="0"/><net_sink comp="354" pin=2"/></net>

<net id="367"><net_src comp="4" pin="0"/><net_sink comp="362" pin=0"/></net>

<net id="368"><net_src comp="32" pin="0"/><net_sink comp="362" pin=1"/></net>

<net id="369"><net_src comp="40" pin="0"/><net_sink comp="362" pin=2"/></net>

<net id="375"><net_src comp="6" pin="0"/><net_sink comp="370" pin=0"/></net>

<net id="376"><net_src comp="32" pin="0"/><net_sink comp="370" pin=1"/></net>

<net id="377"><net_src comp="40" pin="0"/><net_sink comp="370" pin=2"/></net>

<net id="383"><net_src comp="8" pin="0"/><net_sink comp="378" pin=0"/></net>

<net id="384"><net_src comp="32" pin="0"/><net_sink comp="378" pin=1"/></net>

<net id="385"><net_src comp="40" pin="0"/><net_sink comp="378" pin=2"/></net>

<net id="391"><net_src comp="10" pin="0"/><net_sink comp="386" pin=0"/></net>

<net id="392"><net_src comp="32" pin="0"/><net_sink comp="386" pin=1"/></net>

<net id="393"><net_src comp="40" pin="0"/><net_sink comp="386" pin=2"/></net>

<net id="399"><net_src comp="12" pin="0"/><net_sink comp="394" pin=0"/></net>

<net id="400"><net_src comp="32" pin="0"/><net_sink comp="394" pin=1"/></net>

<net id="401"><net_src comp="40" pin="0"/><net_sink comp="394" pin=2"/></net>

<net id="407"><net_src comp="14" pin="0"/><net_sink comp="402" pin=0"/></net>

<net id="408"><net_src comp="32" pin="0"/><net_sink comp="402" pin=1"/></net>

<net id="409"><net_src comp="40" pin="0"/><net_sink comp="402" pin=2"/></net>

<net id="410"><net_src comp="346" pin="3"/><net_sink comp="122" pin=0"/></net>

<net id="411"><net_src comp="354" pin="3"/><net_sink comp="132" pin=0"/></net>

<net id="412"><net_src comp="362" pin="3"/><net_sink comp="142" pin=0"/></net>

<net id="413"><net_src comp="370" pin="3"/><net_sink comp="152" pin=0"/></net>

<net id="414"><net_src comp="378" pin="3"/><net_sink comp="162" pin=0"/></net>

<net id="415"><net_src comp="386" pin="3"/><net_sink comp="172" pin=0"/></net>

<net id="416"><net_src comp="394" pin="3"/><net_sink comp="182" pin=0"/></net>

<net id="417"><net_src comp="402" pin="3"/><net_sink comp="192" pin=0"/></net>

<net id="423"><net_src comp="0" pin="0"/><net_sink comp="418" pin=0"/></net>

<net id="424"><net_src comp="32" pin="0"/><net_sink comp="418" pin=1"/></net>

<net id="425"><net_src comp="42" pin="0"/><net_sink comp="418" pin=2"/></net>

<net id="431"><net_src comp="2" pin="0"/><net_sink comp="426" pin=0"/></net>

<net id="432"><net_src comp="32" pin="0"/><net_sink comp="426" pin=1"/></net>

<net id="433"><net_src comp="42" pin="0"/><net_sink comp="426" pin=2"/></net>

<net id="439"><net_src comp="4" pin="0"/><net_sink comp="434" pin=0"/></net>

<net id="440"><net_src comp="32" pin="0"/><net_sink comp="434" pin=1"/></net>

<net id="441"><net_src comp="42" pin="0"/><net_sink comp="434" pin=2"/></net>

<net id="447"><net_src comp="6" pin="0"/><net_sink comp="442" pin=0"/></net>

<net id="448"><net_src comp="32" pin="0"/><net_sink comp="442" pin=1"/></net>

<net id="449"><net_src comp="42" pin="0"/><net_sink comp="442" pin=2"/></net>

<net id="455"><net_src comp="8" pin="0"/><net_sink comp="450" pin=0"/></net>

<net id="456"><net_src comp="32" pin="0"/><net_sink comp="450" pin=1"/></net>

<net id="457"><net_src comp="42" pin="0"/><net_sink comp="450" pin=2"/></net>

<net id="463"><net_src comp="10" pin="0"/><net_sink comp="458" pin=0"/></net>

<net id="464"><net_src comp="32" pin="0"/><net_sink comp="458" pin=1"/></net>

<net id="465"><net_src comp="42" pin="0"/><net_sink comp="458" pin=2"/></net>

<net id="471"><net_src comp="12" pin="0"/><net_sink comp="466" pin=0"/></net>

<net id="472"><net_src comp="32" pin="0"/><net_sink comp="466" pin=1"/></net>

<net id="473"><net_src comp="42" pin="0"/><net_sink comp="466" pin=2"/></net>

<net id="479"><net_src comp="14" pin="0"/><net_sink comp="474" pin=0"/></net>

<net id="480"><net_src comp="32" pin="0"/><net_sink comp="474" pin=1"/></net>

<net id="481"><net_src comp="42" pin="0"/><net_sink comp="474" pin=2"/></net>

<net id="482"><net_src comp="418" pin="3"/><net_sink comp="122" pin=2"/></net>

<net id="483"><net_src comp="426" pin="3"/><net_sink comp="132" pin=2"/></net>

<net id="484"><net_src comp="434" pin="3"/><net_sink comp="142" pin=2"/></net>

<net id="485"><net_src comp="442" pin="3"/><net_sink comp="152" pin=2"/></net>

<net id="486"><net_src comp="450" pin="3"/><net_sink comp="162" pin=2"/></net>

<net id="487"><net_src comp="458" pin="3"/><net_sink comp="172" pin=2"/></net>

<net id="488"><net_src comp="466" pin="3"/><net_sink comp="182" pin=2"/></net>

<net id="489"><net_src comp="474" pin="3"/><net_sink comp="192" pin=2"/></net>

<net id="495"><net_src comp="0" pin="0"/><net_sink comp="490" pin=0"/></net>

<net id="496"><net_src comp="32" pin="0"/><net_sink comp="490" pin=1"/></net>

<net id="497"><net_src comp="44" pin="0"/><net_sink comp="490" pin=2"/></net>

<net id="503"><net_src comp="2" pin="0"/><net_sink comp="498" pin=0"/></net>

<net id="504"><net_src comp="32" pin="0"/><net_sink comp="498" pin=1"/></net>

<net id="505"><net_src comp="44" pin="0"/><net_sink comp="498" pin=2"/></net>

<net id="511"><net_src comp="4" pin="0"/><net_sink comp="506" pin=0"/></net>

<net id="512"><net_src comp="32" pin="0"/><net_sink comp="506" pin=1"/></net>

<net id="513"><net_src comp="44" pin="0"/><net_sink comp="506" pin=2"/></net>

<net id="519"><net_src comp="6" pin="0"/><net_sink comp="514" pin=0"/></net>

<net id="520"><net_src comp="32" pin="0"/><net_sink comp="514" pin=1"/></net>

<net id="521"><net_src comp="44" pin="0"/><net_sink comp="514" pin=2"/></net>

<net id="527"><net_src comp="8" pin="0"/><net_sink comp="522" pin=0"/></net>

<net id="528"><net_src comp="32" pin="0"/><net_sink comp="522" pin=1"/></net>

<net id="529"><net_src comp="44" pin="0"/><net_sink comp="522" pin=2"/></net>

<net id="535"><net_src comp="10" pin="0"/><net_sink comp="530" pin=0"/></net>

<net id="536"><net_src comp="32" pin="0"/><net_sink comp="530" pin=1"/></net>

<net id="537"><net_src comp="44" pin="0"/><net_sink comp="530" pin=2"/></net>

<net id="543"><net_src comp="12" pin="0"/><net_sink comp="538" pin=0"/></net>

<net id="544"><net_src comp="32" pin="0"/><net_sink comp="538" pin=1"/></net>

<net id="545"><net_src comp="44" pin="0"/><net_sink comp="538" pin=2"/></net>

<net id="551"><net_src comp="14" pin="0"/><net_sink comp="546" pin=0"/></net>

<net id="552"><net_src comp="32" pin="0"/><net_sink comp="546" pin=1"/></net>

<net id="553"><net_src comp="44" pin="0"/><net_sink comp="546" pin=2"/></net>

<net id="554"><net_src comp="490" pin="3"/><net_sink comp="122" pin=0"/></net>

<net id="555"><net_src comp="498" pin="3"/><net_sink comp="132" pin=0"/></net>

<net id="556"><net_src comp="506" pin="3"/><net_sink comp="142" pin=0"/></net>

<net id="557"><net_src comp="514" pin="3"/><net_sink comp="152" pin=0"/></net>

<net id="558"><net_src comp="522" pin="3"/><net_sink comp="162" pin=0"/></net>

<net id="559"><net_src comp="530" pin="3"/><net_sink comp="172" pin=0"/></net>

<net id="560"><net_src comp="538" pin="3"/><net_sink comp="182" pin=0"/></net>

<net id="561"><net_src comp="546" pin="3"/><net_sink comp="192" pin=0"/></net>

<net id="567"><net_src comp="0" pin="0"/><net_sink comp="562" pin=0"/></net>

<net id="568"><net_src comp="32" pin="0"/><net_sink comp="562" pin=1"/></net>

<net id="569"><net_src comp="46" pin="0"/><net_sink comp="562" pin=2"/></net>

<net id="575"><net_src comp="2" pin="0"/><net_sink comp="570" pin=0"/></net>

<net id="576"><net_src comp="32" pin="0"/><net_sink comp="570" pin=1"/></net>

<net id="577"><net_src comp="46" pin="0"/><net_sink comp="570" pin=2"/></net>

<net id="583"><net_src comp="4" pin="0"/><net_sink comp="578" pin=0"/></net>

<net id="584"><net_src comp="32" pin="0"/><net_sink comp="578" pin=1"/></net>

<net id="585"><net_src comp="46" pin="0"/><net_sink comp="578" pin=2"/></net>

<net id="591"><net_src comp="6" pin="0"/><net_sink comp="586" pin=0"/></net>

<net id="592"><net_src comp="32" pin="0"/><net_sink comp="586" pin=1"/></net>

<net id="593"><net_src comp="46" pin="0"/><net_sink comp="586" pin=2"/></net>

<net id="599"><net_src comp="8" pin="0"/><net_sink comp="594" pin=0"/></net>

<net id="600"><net_src comp="32" pin="0"/><net_sink comp="594" pin=1"/></net>

<net id="601"><net_src comp="46" pin="0"/><net_sink comp="594" pin=2"/></net>

<net id="607"><net_src comp="10" pin="0"/><net_sink comp="602" pin=0"/></net>

<net id="608"><net_src comp="32" pin="0"/><net_sink comp="602" pin=1"/></net>

<net id="609"><net_src comp="46" pin="0"/><net_sink comp="602" pin=2"/></net>

<net id="615"><net_src comp="12" pin="0"/><net_sink comp="610" pin=0"/></net>

<net id="616"><net_src comp="32" pin="0"/><net_sink comp="610" pin=1"/></net>

<net id="617"><net_src comp="46" pin="0"/><net_sink comp="610" pin=2"/></net>

<net id="623"><net_src comp="14" pin="0"/><net_sink comp="618" pin=0"/></net>

<net id="624"><net_src comp="32" pin="0"/><net_sink comp="618" pin=1"/></net>

<net id="625"><net_src comp="46" pin="0"/><net_sink comp="618" pin=2"/></net>

<net id="626"><net_src comp="562" pin="3"/><net_sink comp="122" pin=2"/></net>

<net id="627"><net_src comp="570" pin="3"/><net_sink comp="132" pin=2"/></net>

<net id="628"><net_src comp="578" pin="3"/><net_sink comp="142" pin=2"/></net>

<net id="629"><net_src comp="586" pin="3"/><net_sink comp="152" pin=2"/></net>

<net id="630"><net_src comp="594" pin="3"/><net_sink comp="162" pin=2"/></net>

<net id="631"><net_src comp="602" pin="3"/><net_sink comp="172" pin=2"/></net>

<net id="632"><net_src comp="610" pin="3"/><net_sink comp="182" pin=2"/></net>

<net id="633"><net_src comp="618" pin="3"/><net_sink comp="192" pin=2"/></net>

<net id="639"><net_src comp="0" pin="0"/><net_sink comp="634" pin=0"/></net>

<net id="640"><net_src comp="32" pin="0"/><net_sink comp="634" pin=1"/></net>

<net id="641"><net_src comp="48" pin="0"/><net_sink comp="634" pin=2"/></net>

<net id="647"><net_src comp="2" pin="0"/><net_sink comp="642" pin=0"/></net>

<net id="648"><net_src comp="32" pin="0"/><net_sink comp="642" pin=1"/></net>

<net id="649"><net_src comp="48" pin="0"/><net_sink comp="642" pin=2"/></net>

<net id="655"><net_src comp="4" pin="0"/><net_sink comp="650" pin=0"/></net>

<net id="656"><net_src comp="32" pin="0"/><net_sink comp="650" pin=1"/></net>

<net id="657"><net_src comp="48" pin="0"/><net_sink comp="650" pin=2"/></net>

<net id="663"><net_src comp="6" pin="0"/><net_sink comp="658" pin=0"/></net>

<net id="664"><net_src comp="32" pin="0"/><net_sink comp="658" pin=1"/></net>

<net id="665"><net_src comp="48" pin="0"/><net_sink comp="658" pin=2"/></net>

<net id="671"><net_src comp="8" pin="0"/><net_sink comp="666" pin=0"/></net>

<net id="672"><net_src comp="32" pin="0"/><net_sink comp="666" pin=1"/></net>

<net id="673"><net_src comp="48" pin="0"/><net_sink comp="666" pin=2"/></net>

<net id="679"><net_src comp="10" pin="0"/><net_sink comp="674" pin=0"/></net>

<net id="680"><net_src comp="32" pin="0"/><net_sink comp="674" pin=1"/></net>

<net id="681"><net_src comp="48" pin="0"/><net_sink comp="674" pin=2"/></net>

<net id="687"><net_src comp="12" pin="0"/><net_sink comp="682" pin=0"/></net>

<net id="688"><net_src comp="32" pin="0"/><net_sink comp="682" pin=1"/></net>

<net id="689"><net_src comp="48" pin="0"/><net_sink comp="682" pin=2"/></net>

<net id="695"><net_src comp="14" pin="0"/><net_sink comp="690" pin=0"/></net>

<net id="696"><net_src comp="32" pin="0"/><net_sink comp="690" pin=1"/></net>

<net id="697"><net_src comp="48" pin="0"/><net_sink comp="690" pin=2"/></net>

<net id="698"><net_src comp="634" pin="3"/><net_sink comp="122" pin=0"/></net>

<net id="699"><net_src comp="642" pin="3"/><net_sink comp="132" pin=0"/></net>

<net id="700"><net_src comp="650" pin="3"/><net_sink comp="142" pin=0"/></net>

<net id="701"><net_src comp="658" pin="3"/><net_sink comp="152" pin=0"/></net>

<net id="702"><net_src comp="666" pin="3"/><net_sink comp="162" pin=0"/></net>

<net id="703"><net_src comp="674" pin="3"/><net_sink comp="172" pin=0"/></net>

<net id="704"><net_src comp="682" pin="3"/><net_sink comp="182" pin=0"/></net>

<net id="705"><net_src comp="690" pin="3"/><net_sink comp="192" pin=0"/></net>

<net id="711"><net_src comp="16" pin="0"/><net_sink comp="706" pin=0"/></net>

<net id="712"><net_src comp="32" pin="0"/><net_sink comp="706" pin=1"/></net>

<net id="713"><net_src comp="32" pin="0"/><net_sink comp="706" pin=2"/></net>

<net id="719"><net_src comp="18" pin="0"/><net_sink comp="714" pin=0"/></net>

<net id="720"><net_src comp="32" pin="0"/><net_sink comp="714" pin=1"/></net>

<net id="721"><net_src comp="32" pin="0"/><net_sink comp="714" pin=2"/></net>

<net id="727"><net_src comp="16" pin="0"/><net_sink comp="722" pin=0"/></net>

<net id="728"><net_src comp="32" pin="0"/><net_sink comp="722" pin=1"/></net>

<net id="729"><net_src comp="34" pin="0"/><net_sink comp="722" pin=2"/></net>

<net id="735"><net_src comp="18" pin="0"/><net_sink comp="730" pin=0"/></net>

<net id="736"><net_src comp="32" pin="0"/><net_sink comp="730" pin=1"/></net>

<net id="737"><net_src comp="34" pin="0"/><net_sink comp="730" pin=2"/></net>

<net id="747"><net_src comp="706" pin="3"/><net_sink comp="738" pin=2"/></net>

<net id="757"><net_src comp="714" pin="3"/><net_sink comp="748" pin=2"/></net>

<net id="758"><net_src comp="722" pin="3"/><net_sink comp="738" pin=0"/></net>

<net id="759"><net_src comp="730" pin="3"/><net_sink comp="748" pin=0"/></net>

<net id="765"><net_src comp="20" pin="0"/><net_sink comp="760" pin=0"/></net>

<net id="766"><net_src comp="32" pin="0"/><net_sink comp="760" pin=1"/></net>

<net id="767"><net_src comp="32" pin="0"/><net_sink comp="760" pin=2"/></net>

<net id="773"><net_src comp="22" pin="0"/><net_sink comp="768" pin=0"/></net>

<net id="774"><net_src comp="32" pin="0"/><net_sink comp="768" pin=1"/></net>

<net id="775"><net_src comp="32" pin="0"/><net_sink comp="768" pin=2"/></net>

<net id="781"><net_src comp="20" pin="0"/><net_sink comp="776" pin=0"/></net>

<net id="782"><net_src comp="32" pin="0"/><net_sink comp="776" pin=1"/></net>

<net id="783"><net_src comp="34" pin="0"/><net_sink comp="776" pin=2"/></net>

<net id="789"><net_src comp="22" pin="0"/><net_sink comp="784" pin=0"/></net>

<net id="790"><net_src comp="32" pin="0"/><net_sink comp="784" pin=1"/></net>

<net id="791"><net_src comp="34" pin="0"/><net_sink comp="784" pin=2"/></net>

<net id="797"><net_src comp="16" pin="0"/><net_sink comp="792" pin=0"/></net>

<net id="798"><net_src comp="32" pin="0"/><net_sink comp="792" pin=1"/></net>

<net id="799"><net_src comp="38" pin="0"/><net_sink comp="792" pin=2"/></net>

<net id="805"><net_src comp="18" pin="0"/><net_sink comp="800" pin=0"/></net>

<net id="806"><net_src comp="32" pin="0"/><net_sink comp="800" pin=1"/></net>

<net id="807"><net_src comp="38" pin="0"/><net_sink comp="800" pin=2"/></net>

<net id="813"><net_src comp="16" pin="0"/><net_sink comp="808" pin=0"/></net>

<net id="814"><net_src comp="32" pin="0"/><net_sink comp="808" pin=1"/></net>

<net id="815"><net_src comp="40" pin="0"/><net_sink comp="808" pin=2"/></net>

<net id="821"><net_src comp="18" pin="0"/><net_sink comp="816" pin=0"/></net>

<net id="822"><net_src comp="32" pin="0"/><net_sink comp="816" pin=1"/></net>

<net id="823"><net_src comp="40" pin="0"/><net_sink comp="816" pin=2"/></net>

<net id="833"><net_src comp="760" pin="3"/><net_sink comp="824" pin=2"/></net>

<net id="843"><net_src comp="768" pin="3"/><net_sink comp="834" pin=2"/></net>

<net id="844"><net_src comp="776" pin="3"/><net_sink comp="824" pin=0"/></net>

<net id="845"><net_src comp="784" pin="3"/><net_sink comp="834" pin=0"/></net>

<net id="846"><net_src comp="792" pin="3"/><net_sink comp="738" pin=2"/></net>

<net id="847"><net_src comp="800" pin="3"/><net_sink comp="748" pin=2"/></net>

<net id="848"><net_src comp="808" pin="3"/><net_sink comp="738" pin=0"/></net>

<net id="849"><net_src comp="816" pin="3"/><net_sink comp="748" pin=0"/></net>

<net id="855"><net_src comp="24" pin="0"/><net_sink comp="850" pin=0"/></net>

<net id="856"><net_src comp="32" pin="0"/><net_sink comp="850" pin=1"/></net>

<net id="857"><net_src comp="32" pin="0"/><net_sink comp="850" pin=2"/></net>

<net id="863"><net_src comp="26" pin="0"/><net_sink comp="858" pin=0"/></net>

<net id="864"><net_src comp="32" pin="0"/><net_sink comp="858" pin=1"/></net>

<net id="865"><net_src comp="32" pin="0"/><net_sink comp="858" pin=2"/></net>

<net id="871"><net_src comp="24" pin="0"/><net_sink comp="866" pin=0"/></net>

<net id="872"><net_src comp="32" pin="0"/><net_sink comp="866" pin=1"/></net>

<net id="873"><net_src comp="34" pin="0"/><net_sink comp="866" pin=2"/></net>

<net id="879"><net_src comp="26" pin="0"/><net_sink comp="874" pin=0"/></net>

<net id="880"><net_src comp="32" pin="0"/><net_sink comp="874" pin=1"/></net>

<net id="881"><net_src comp="34" pin="0"/><net_sink comp="874" pin=2"/></net>

<net id="887"><net_src comp="20" pin="0"/><net_sink comp="882" pin=0"/></net>

<net id="888"><net_src comp="32" pin="0"/><net_sink comp="882" pin=1"/></net>

<net id="889"><net_src comp="38" pin="0"/><net_sink comp="882" pin=2"/></net>

<net id="895"><net_src comp="22" pin="0"/><net_sink comp="890" pin=0"/></net>

<net id="896"><net_src comp="32" pin="0"/><net_sink comp="890" pin=1"/></net>

<net id="897"><net_src comp="38" pin="0"/><net_sink comp="890" pin=2"/></net>

<net id="903"><net_src comp="20" pin="0"/><net_sink comp="898" pin=0"/></net>

<net id="904"><net_src comp="32" pin="0"/><net_sink comp="898" pin=1"/></net>

<net id="905"><net_src comp="40" pin="0"/><net_sink comp="898" pin=2"/></net>

<net id="911"><net_src comp="22" pin="0"/><net_sink comp="906" pin=0"/></net>

<net id="912"><net_src comp="32" pin="0"/><net_sink comp="906" pin=1"/></net>

<net id="913"><net_src comp="40" pin="0"/><net_sink comp="906" pin=2"/></net>

<net id="919"><net_src comp="16" pin="0"/><net_sink comp="914" pin=0"/></net>

<net id="920"><net_src comp="32" pin="0"/><net_sink comp="914" pin=1"/></net>

<net id="921"><net_src comp="42" pin="0"/><net_sink comp="914" pin=2"/></net>

<net id="927"><net_src comp="18" pin="0"/><net_sink comp="922" pin=0"/></net>

<net id="928"><net_src comp="32" pin="0"/><net_sink comp="922" pin=1"/></net>

<net id="929"><net_src comp="42" pin="0"/><net_sink comp="922" pin=2"/></net>

<net id="935"><net_src comp="16" pin="0"/><net_sink comp="930" pin=0"/></net>

<net id="936"><net_src comp="32" pin="0"/><net_sink comp="930" pin=1"/></net>

<net id="937"><net_src comp="44" pin="0"/><net_sink comp="930" pin=2"/></net>

<net id="943"><net_src comp="18" pin="0"/><net_sink comp="938" pin=0"/></net>

<net id="944"><net_src comp="32" pin="0"/><net_sink comp="938" pin=1"/></net>

<net id="945"><net_src comp="44" pin="0"/><net_sink comp="938" pin=2"/></net>

<net id="955"><net_src comp="850" pin="3"/><net_sink comp="946" pin=2"/></net>

<net id="965"><net_src comp="858" pin="3"/><net_sink comp="956" pin=2"/></net>

<net id="966"><net_src comp="866" pin="3"/><net_sink comp="946" pin=0"/></net>

<net id="967"><net_src comp="874" pin="3"/><net_sink comp="956" pin=0"/></net>

<net id="968"><net_src comp="882" pin="3"/><net_sink comp="824" pin=2"/></net>

<net id="969"><net_src comp="890" pin="3"/><net_sink comp="834" pin=2"/></net>

<net id="970"><net_src comp="898" pin="3"/><net_sink comp="824" pin=0"/></net>

<net id="971"><net_src comp="906" pin="3"/><net_sink comp="834" pin=0"/></net>

<net id="972"><net_src comp="914" pin="3"/><net_sink comp="738" pin=2"/></net>

<net id="973"><net_src comp="922" pin="3"/><net_sink comp="748" pin=2"/></net>

<net id="974"><net_src comp="930" pin="3"/><net_sink comp="738" pin=0"/></net>

<net id="975"><net_src comp="938" pin="3"/><net_sink comp="748" pin=0"/></net>

<net id="981"><net_src comp="28" pin="0"/><net_sink comp="976" pin=0"/></net>

<net id="982"><net_src comp="32" pin="0"/><net_sink comp="976" pin=1"/></net>

<net id="983"><net_src comp="32" pin="0"/><net_sink comp="976" pin=2"/></net>

<net id="989"><net_src comp="30" pin="0"/><net_sink comp="984" pin=0"/></net>

<net id="990"><net_src comp="32" pin="0"/><net_sink comp="984" pin=1"/></net>

<net id="991"><net_src comp="32" pin="0"/><net_sink comp="984" pin=2"/></net>

<net id="997"><net_src comp="28" pin="0"/><net_sink comp="992" pin=0"/></net>

<net id="998"><net_src comp="32" pin="0"/><net_sink comp="992" pin=1"/></net>

<net id="999"><net_src comp="34" pin="0"/><net_sink comp="992" pin=2"/></net>

<net id="1005"><net_src comp="30" pin="0"/><net_sink comp="1000" pin=0"/></net>

<net id="1006"><net_src comp="32" pin="0"/><net_sink comp="1000" pin=1"/></net>

<net id="1007"><net_src comp="34" pin="0"/><net_sink comp="1000" pin=2"/></net>

<net id="1013"><net_src comp="24" pin="0"/><net_sink comp="1008" pin=0"/></net>

<net id="1014"><net_src comp="32" pin="0"/><net_sink comp="1008" pin=1"/></net>

<net id="1015"><net_src comp="38" pin="0"/><net_sink comp="1008" pin=2"/></net>

<net id="1021"><net_src comp="26" pin="0"/><net_sink comp="1016" pin=0"/></net>

<net id="1022"><net_src comp="32" pin="0"/><net_sink comp="1016" pin=1"/></net>

<net id="1023"><net_src comp="38" pin="0"/><net_sink comp="1016" pin=2"/></net>

<net id="1029"><net_src comp="24" pin="0"/><net_sink comp="1024" pin=0"/></net>

<net id="1030"><net_src comp="32" pin="0"/><net_sink comp="1024" pin=1"/></net>

<net id="1031"><net_src comp="40" pin="0"/><net_sink comp="1024" pin=2"/></net>

<net id="1037"><net_src comp="26" pin="0"/><net_sink comp="1032" pin=0"/></net>

<net id="1038"><net_src comp="32" pin="0"/><net_sink comp="1032" pin=1"/></net>

<net id="1039"><net_src comp="40" pin="0"/><net_sink comp="1032" pin=2"/></net>

<net id="1045"><net_src comp="20" pin="0"/><net_sink comp="1040" pin=0"/></net>

<net id="1046"><net_src comp="32" pin="0"/><net_sink comp="1040" pin=1"/></net>

<net id="1047"><net_src comp="42" pin="0"/><net_sink comp="1040" pin=2"/></net>

<net id="1053"><net_src comp="22" pin="0"/><net_sink comp="1048" pin=0"/></net>

<net id="1054"><net_src comp="32" pin="0"/><net_sink comp="1048" pin=1"/></net>

<net id="1055"><net_src comp="42" pin="0"/><net_sink comp="1048" pin=2"/></net>

<net id="1061"><net_src comp="20" pin="0"/><net_sink comp="1056" pin=0"/></net>

<net id="1062"><net_src comp="32" pin="0"/><net_sink comp="1056" pin=1"/></net>

<net id="1063"><net_src comp="44" pin="0"/><net_sink comp="1056" pin=2"/></net>

<net id="1069"><net_src comp="22" pin="0"/><net_sink comp="1064" pin=0"/></net>

<net id="1070"><net_src comp="32" pin="0"/><net_sink comp="1064" pin=1"/></net>

<net id="1071"><net_src comp="44" pin="0"/><net_sink comp="1064" pin=2"/></net>

<net id="1077"><net_src comp="16" pin="0"/><net_sink comp="1072" pin=0"/></net>

<net id="1078"><net_src comp="32" pin="0"/><net_sink comp="1072" pin=1"/></net>

<net id="1079"><net_src comp="46" pin="0"/><net_sink comp="1072" pin=2"/></net>

<net id="1085"><net_src comp="18" pin="0"/><net_sink comp="1080" pin=0"/></net>

<net id="1086"><net_src comp="32" pin="0"/><net_sink comp="1080" pin=1"/></net>

<net id="1087"><net_src comp="46" pin="0"/><net_sink comp="1080" pin=2"/></net>

<net id="1093"><net_src comp="16" pin="0"/><net_sink comp="1088" pin=0"/></net>

<net id="1094"><net_src comp="32" pin="0"/><net_sink comp="1088" pin=1"/></net>

<net id="1095"><net_src comp="48" pin="0"/><net_sink comp="1088" pin=2"/></net>

<net id="1101"><net_src comp="18" pin="0"/><net_sink comp="1096" pin=0"/></net>

<net id="1102"><net_src comp="32" pin="0"/><net_sink comp="1096" pin=1"/></net>

<net id="1103"><net_src comp="48" pin="0"/><net_sink comp="1096" pin=2"/></net>

<net id="1113"><net_src comp="976" pin="3"/><net_sink comp="1104" pin=2"/></net>

<net id="1123"><net_src comp="984" pin="3"/><net_sink comp="1114" pin=2"/></net>

<net id="1124"><net_src comp="992" pin="3"/><net_sink comp="1104" pin=0"/></net>

<net id="1125"><net_src comp="1000" pin="3"/><net_sink comp="1114" pin=0"/></net>

<net id="1126"><net_src comp="1008" pin="3"/><net_sink comp="946" pin=2"/></net>

<net id="1127"><net_src comp="1016" pin="3"/><net_sink comp="956" pin=2"/></net>

<net id="1128"><net_src comp="1024" pin="3"/><net_sink comp="946" pin=0"/></net>

<net id="1129"><net_src comp="1032" pin="3"/><net_sink comp="956" pin=0"/></net>

<net id="1130"><net_src comp="1040" pin="3"/><net_sink comp="824" pin=2"/></net>

<net id="1131"><net_src comp="1048" pin="3"/><net_sink comp="834" pin=2"/></net>

<net id="1132"><net_src comp="1056" pin="3"/><net_sink comp="824" pin=0"/></net>

<net id="1133"><net_src comp="1064" pin="3"/><net_sink comp="834" pin=0"/></net>

<net id="1134"><net_src comp="1072" pin="3"/><net_sink comp="738" pin=2"/></net>

<net id="1135"><net_src comp="1080" pin="3"/><net_sink comp="748" pin=2"/></net>

<net id="1136"><net_src comp="1088" pin="3"/><net_sink comp="738" pin=0"/></net>

<net id="1137"><net_src comp="1096" pin="3"/><net_sink comp="748" pin=0"/></net>

<net id="1143"><net_src comp="28" pin="0"/><net_sink comp="1138" pin=0"/></net>

<net id="1144"><net_src comp="32" pin="0"/><net_sink comp="1138" pin=1"/></net>

<net id="1145"><net_src comp="38" pin="0"/><net_sink comp="1138" pin=2"/></net>

<net id="1151"><net_src comp="30" pin="0"/><net_sink comp="1146" pin=0"/></net>

<net id="1152"><net_src comp="32" pin="0"/><net_sink comp="1146" pin=1"/></net>

<net id="1153"><net_src comp="38" pin="0"/><net_sink comp="1146" pin=2"/></net>

<net id="1159"><net_src comp="28" pin="0"/><net_sink comp="1154" pin=0"/></net>

<net id="1160"><net_src comp="32" pin="0"/><net_sink comp="1154" pin=1"/></net>

<net id="1161"><net_src comp="40" pin="0"/><net_sink comp="1154" pin=2"/></net>

<net id="1167"><net_src comp="30" pin="0"/><net_sink comp="1162" pin=0"/></net>

<net id="1168"><net_src comp="32" pin="0"/><net_sink comp="1162" pin=1"/></net>

<net id="1169"><net_src comp="40" pin="0"/><net_sink comp="1162" pin=2"/></net>

<net id="1175"><net_src comp="24" pin="0"/><net_sink comp="1170" pin=0"/></net>

<net id="1176"><net_src comp="32" pin="0"/><net_sink comp="1170" pin=1"/></net>

<net id="1177"><net_src comp="42" pin="0"/><net_sink comp="1170" pin=2"/></net>

<net id="1183"><net_src comp="26" pin="0"/><net_sink comp="1178" pin=0"/></net>

<net id="1184"><net_src comp="32" pin="0"/><net_sink comp="1178" pin=1"/></net>

<net id="1185"><net_src comp="42" pin="0"/><net_sink comp="1178" pin=2"/></net>

<net id="1191"><net_src comp="24" pin="0"/><net_sink comp="1186" pin=0"/></net>

<net id="1192"><net_src comp="32" pin="0"/><net_sink comp="1186" pin=1"/></net>

<net id="1193"><net_src comp="44" pin="0"/><net_sink comp="1186" pin=2"/></net>

<net id="1199"><net_src comp="26" pin="0"/><net_sink comp="1194" pin=0"/></net>

<net id="1200"><net_src comp="32" pin="0"/><net_sink comp="1194" pin=1"/></net>

<net id="1201"><net_src comp="44" pin="0"/><net_sink comp="1194" pin=2"/></net>

<net id="1207"><net_src comp="20" pin="0"/><net_sink comp="1202" pin=0"/></net>

<net id="1208"><net_src comp="32" pin="0"/><net_sink comp="1202" pin=1"/></net>

<net id="1209"><net_src comp="46" pin="0"/><net_sink comp="1202" pin=2"/></net>

<net id="1215"><net_src comp="22" pin="0"/><net_sink comp="1210" pin=0"/></net>

<net id="1216"><net_src comp="32" pin="0"/><net_sink comp="1210" pin=1"/></net>

<net id="1217"><net_src comp="46" pin="0"/><net_sink comp="1210" pin=2"/></net>

<net id="1223"><net_src comp="20" pin="0"/><net_sink comp="1218" pin=0"/></net>

<net id="1224"><net_src comp="32" pin="0"/><net_sink comp="1218" pin=1"/></net>

<net id="1225"><net_src comp="48" pin="0"/><net_sink comp="1218" pin=2"/></net>

<net id="1231"><net_src comp="22" pin="0"/><net_sink comp="1226" pin=0"/></net>

<net id="1232"><net_src comp="32" pin="0"/><net_sink comp="1226" pin=1"/></net>

<net id="1233"><net_src comp="48" pin="0"/><net_sink comp="1226" pin=2"/></net>

<net id="1234"><net_src comp="1138" pin="3"/><net_sink comp="1104" pin=2"/></net>

<net id="1235"><net_src comp="1146" pin="3"/><net_sink comp="1114" pin=2"/></net>

<net id="1236"><net_src comp="1154" pin="3"/><net_sink comp="1104" pin=0"/></net>

<net id="1237"><net_src comp="1162" pin="3"/><net_sink comp="1114" pin=0"/></net>

<net id="1238"><net_src comp="1170" pin="3"/><net_sink comp="946" pin=2"/></net>

<net id="1239"><net_src comp="1178" pin="3"/><net_sink comp="956" pin=2"/></net>

<net id="1240"><net_src comp="1186" pin="3"/><net_sink comp="946" pin=0"/></net>

<net id="1241"><net_src comp="1194" pin="3"/><net_sink comp="956" pin=0"/></net>

<net id="1242"><net_src comp="1202" pin="3"/><net_sink comp="824" pin=2"/></net>

<net id="1243"><net_src comp="1210" pin="3"/><net_sink comp="834" pin=2"/></net>

<net id="1244"><net_src comp="1218" pin="3"/><net_sink comp="824" pin=0"/></net>

<net id="1245"><net_src comp="1226" pin="3"/><net_sink comp="834" pin=0"/></net>

<net id="1251"><net_src comp="28" pin="0"/><net_sink comp="1246" pin=0"/></net>

<net id="1252"><net_src comp="32" pin="0"/><net_sink comp="1246" pin=1"/></net>

<net id="1253"><net_src comp="42" pin="0"/><net_sink comp="1246" pin=2"/></net>

<net id="1259"><net_src comp="30" pin="0"/><net_sink comp="1254" pin=0"/></net>

<net id="1260"><net_src comp="32" pin="0"/><net_sink comp="1254" pin=1"/></net>

<net id="1261"><net_src comp="42" pin="0"/><net_sink comp="1254" pin=2"/></net>

<net id="1267"><net_src comp="28" pin="0"/><net_sink comp="1262" pin=0"/></net>

<net id="1268"><net_src comp="32" pin="0"/><net_sink comp="1262" pin=1"/></net>

<net id="1269"><net_src comp="44" pin="0"/><net_sink comp="1262" pin=2"/></net>

<net id="1275"><net_src comp="30" pin="0"/><net_sink comp="1270" pin=0"/></net>

<net id="1276"><net_src comp="32" pin="0"/><net_sink comp="1270" pin=1"/></net>

<net id="1277"><net_src comp="44" pin="0"/><net_sink comp="1270" pin=2"/></net>

<net id="1283"><net_src comp="24" pin="0"/><net_sink comp="1278" pin=0"/></net>

<net id="1284"><net_src comp="32" pin="0"/><net_sink comp="1278" pin=1"/></net>

<net id="1285"><net_src comp="46" pin="0"/><net_sink comp="1278" pin=2"/></net>

<net id="1291"><net_src comp="26" pin="0"/><net_sink comp="1286" pin=0"/></net>

<net id="1292"><net_src comp="32" pin="0"/><net_sink comp="1286" pin=1"/></net>

<net id="1293"><net_src comp="46" pin="0"/><net_sink comp="1286" pin=2"/></net>

<net id="1299"><net_src comp="24" pin="0"/><net_sink comp="1294" pin=0"/></net>

<net id="1300"><net_src comp="32" pin="0"/><net_sink comp="1294" pin=1"/></net>

<net id="1301"><net_src comp="48" pin="0"/><net_sink comp="1294" pin=2"/></net>

<net id="1307"><net_src comp="26" pin="0"/><net_sink comp="1302" pin=0"/></net>

<net id="1308"><net_src comp="32" pin="0"/><net_sink comp="1302" pin=1"/></net>

<net id="1309"><net_src comp="48" pin="0"/><net_sink comp="1302" pin=2"/></net>

<net id="1310"><net_src comp="1246" pin="3"/><net_sink comp="1104" pin=2"/></net>

<net id="1311"><net_src comp="1254" pin="3"/><net_sink comp="1114" pin=2"/></net>

<net id="1312"><net_src comp="1262" pin="3"/><net_sink comp="1104" pin=0"/></net>

<net id="1313"><net_src comp="1270" pin="3"/><net_sink comp="1114" pin=0"/></net>

<net id="1314"><net_src comp="1278" pin="3"/><net_sink comp="946" pin=2"/></net>

<net id="1315"><net_src comp="1286" pin="3"/><net_sink comp="956" pin=2"/></net>

<net id="1316"><net_src comp="1294" pin="3"/><net_sink comp="946" pin=0"/></net>

<net id="1317"><net_src comp="1302" pin="3"/><net_sink comp="956" pin=0"/></net>

<net id="1323"><net_src comp="28" pin="0"/><net_sink comp="1318" pin=0"/></net>

<net id="1324"><net_src comp="32" pin="0"/><net_sink comp="1318" pin=1"/></net>

<net id="1325"><net_src comp="46" pin="0"/><net_sink comp="1318" pin=2"/></net>

<net id="1331"><net_src comp="30" pin="0"/><net_sink comp="1326" pin=0"/></net>

<net id="1332"><net_src comp="32" pin="0"/><net_sink comp="1326" pin=1"/></net>

<net id="1333"><net_src comp="46" pin="0"/><net_sink comp="1326" pin=2"/></net>

<net id="1339"><net_src comp="28" pin="0"/><net_sink comp="1334" pin=0"/></net>

<net id="1340"><net_src comp="32" pin="0"/><net_sink comp="1334" pin=1"/></net>

<net id="1341"><net_src comp="48" pin="0"/><net_sink comp="1334" pin=2"/></net>

<net id="1347"><net_src comp="30" pin="0"/><net_sink comp="1342" pin=0"/></net>

<net id="1348"><net_src comp="32" pin="0"/><net_sink comp="1342" pin=1"/></net>

<net id="1349"><net_src comp="48" pin="0"/><net_sink comp="1342" pin=2"/></net>

<net id="1350"><net_src comp="1318" pin="3"/><net_sink comp="1104" pin=2"/></net>

<net id="1351"><net_src comp="1326" pin="3"/><net_sink comp="1114" pin=2"/></net>

<net id="1352"><net_src comp="1334" pin="3"/><net_sink comp="1104" pin=0"/></net>

<net id="1353"><net_src comp="1342" pin="3"/><net_sink comp="1114" pin=0"/></net>

<net id="1365"><net_src comp="36" pin="0"/><net_sink comp="1354" pin=0"/></net>

<net id="1366"><net_src comp="122" pin="7"/><net_sink comp="1354" pin=1"/></net>

<net id="1367"><net_src comp="132" pin="7"/><net_sink comp="1354" pin=2"/></net>

<net id="1368"><net_src comp="142" pin="7"/><net_sink comp="1354" pin=3"/></net>

<net id="1369"><net_src comp="152" pin="7"/><net_sink comp="1354" pin=4"/></net>

<net id="1370"><net_src comp="162" pin="7"/><net_sink comp="1354" pin=5"/></net>

<net id="1371"><net_src comp="172" pin="7"/><net_sink comp="1354" pin=6"/></net>

<net id="1372"><net_src comp="182" pin="7"/><net_sink comp="1354" pin=7"/></net>

<net id="1373"><net_src comp="192" pin="7"/><net_sink comp="1354" pin=8"/></net>

<net id="1385"><net_src comp="36" pin="0"/><net_sink comp="1374" pin=0"/></net>

<net id="1386"><net_src comp="122" pin="3"/><net_sink comp="1374" pin=1"/></net>

<net id="1387"><net_src comp="132" pin="3"/><net_sink comp="1374" pin=2"/></net>

<net id="1388"><net_src comp="142" pin="3"/><net_sink comp="1374" pin=3"/></net>

<net id="1389"><net_src comp="152" pin="3"/><net_sink comp="1374" pin=4"/></net>

<net id="1390"><net_src comp="162" pin="3"/><net_sink comp="1374" pin=5"/></net>

<net id="1391"><net_src comp="172" pin="3"/><net_sink comp="1374" pin=6"/></net>

<net id="1392"><net_src comp="182" pin="3"/><net_sink comp="1374" pin=7"/></net>

<net id="1393"><net_src comp="192" pin="3"/><net_sink comp="1374" pin=8"/></net>

<net id="1405"><net_src comp="36" pin="0"/><net_sink comp="1394" pin=0"/></net>

<net id="1417"><net_src comp="36" pin="0"/><net_sink comp="1406" pin=0"/></net>

<net id="1421"><net_src comp="1354" pin="9"/><net_sink comp="1418" pin=0"/></net>

<net id="1422"><net_src comp="1418" pin="1"/><net_sink comp="1394" pin=7"/></net>

<net id="1426"><net_src comp="1354" pin="9"/><net_sink comp="1423" pin=0"/></net>

<net id="1427"><net_src comp="1423" pin="1"/><net_sink comp="1406" pin=7"/></net>

<net id="1431"><net_src comp="1354" pin="9"/><net_sink comp="1428" pin=0"/></net>

<net id="1435"><net_src comp="1354" pin="9"/><net_sink comp="1432" pin=0"/></net>

<net id="1439"><net_src comp="1354" pin="9"/><net_sink comp="1436" pin=0"/></net>

<net id="1443"><net_src comp="1354" pin="9"/><net_sink comp="1440" pin=0"/></net>

<net id="1447"><net_src comp="1354" pin="9"/><net_sink comp="1444" pin=0"/></net>

<net id="1451"><net_src comp="1354" pin="9"/><net_sink comp="1448" pin=0"/></net>

<net id="1455"><net_src comp="1374" pin="9"/><net_sink comp="1452" pin=0"/></net>

<net id="1456"><net_src comp="1452" pin="1"/><net_sink comp="1394" pin=8"/></net>

<net id="1460"><net_src comp="1374" pin="9"/><net_sink comp="1457" pin=0"/></net>

<net id="1461"><net_src comp="1457" pin="1"/><net_sink comp="1406" pin=8"/></net>

<net id="1465"><net_src comp="1374" pin="9"/><net_sink comp="1462" pin=0"/></net>

<net id="1469"><net_src comp="1374" pin="9"/><net_sink comp="1466" pin=0"/></net>

<net id="1473"><net_src comp="1374" pin="9"/><net_sink comp="1470" pin=0"/></net>

<net id="1477"><net_src comp="1374" pin="9"/><net_sink comp="1474" pin=0"/></net>

<net id="1481"><net_src comp="1374" pin="9"/><net_sink comp="1478" pin=0"/></net>

<net id="1485"><net_src comp="1374" pin="9"/><net_sink comp="1482" pin=0"/></net>

<net id="1489"><net_src comp="1394" pin="9"/><net_sink comp="1486" pin=0"/></net>

<net id="1490"><net_src comp="1486" pin="1"/><net_sink comp="738" pin=4"/></net>

<net id="1491"><net_src comp="1486" pin="1"/><net_sink comp="824" pin=4"/></net>

<net id="1492"><net_src comp="1486" pin="1"/><net_sink comp="946" pin=4"/></net>

<net id="1493"><net_src comp="1486" pin="1"/><net_sink comp="1104" pin=4"/></net>

<net id="1497"><net_src comp="1394" pin="9"/><net_sink comp="1494" pin=0"/></net>

<net id="1498"><net_src comp="1494" pin="1"/><net_sink comp="738" pin=1"/></net>

<net id="1499"><net_src comp="1494" pin="1"/><net_sink comp="824" pin=1"/></net>

<net id="1500"><net_src comp="1494" pin="1"/><net_sink comp="946" pin=1"/></net>

<net id="1501"><net_src comp="1494" pin="1"/><net_sink comp="1104" pin=1"/></net>

<net id="1505"><net_src comp="1394" pin="9"/><net_sink comp="1502" pin=0"/></net>

<net id="1509"><net_src comp="1394" pin="9"/><net_sink comp="1506" pin=0"/></net>

<net id="1513"><net_src comp="1394" pin="9"/><net_sink comp="1510" pin=0"/></net>

<net id="1517"><net_src comp="1394" pin="9"/><net_sink comp="1514" pin=0"/></net>

<net id="1521"><net_src comp="1394" pin="9"/><net_sink comp="1518" pin=0"/></net>

<net id="1525"><net_src comp="1394" pin="9"/><net_sink comp="1522" pin=0"/></net>

<net id="1529"><net_src comp="1406" pin="9"/><net_sink comp="1526" pin=0"/></net>

<net id="1530"><net_src comp="1526" pin="1"/><net_sink comp="748" pin=4"/></net>

<net id="1531"><net_src comp="1526" pin="1"/><net_sink comp="834" pin=4"/></net>

<net id="1532"><net_src comp="1526" pin="1"/><net_sink comp="956" pin=4"/></net>

<net id="1533"><net_src comp="1526" pin="1"/><net_sink comp="1114" pin=4"/></net>

<net id="1537"><net_src comp="1406" pin="9"/><net_sink comp="1534" pin=0"/></net>

<net id="1538"><net_src comp="1534" pin="1"/><net_sink comp="748" pin=1"/></net>

<net id="1539"><net_src comp="1534" pin="1"/><net_sink comp="834" pin=1"/></net>

<net id="1540"><net_src comp="1534" pin="1"/><net_sink comp="956" pin=1"/></net>

<net id="1541"><net_src comp="1534" pin="1"/><net_sink comp="1114" pin=1"/></net>

<net id="1545"><net_src comp="1406" pin="9"/><net_sink comp="1542" pin=0"/></net>

<net id="1549"><net_src comp="1406" pin="9"/><net_sink comp="1546" pin=0"/></net>

<net id="1553"><net_src comp="1406" pin="9"/><net_sink comp="1550" pin=0"/></net>

<net id="1557"><net_src comp="1406" pin="9"/><net_sink comp="1554" pin=0"/></net>

<net id="1561"><net_src comp="1406" pin="9"/><net_sink comp="1558" pin=0"/></net>

<net id="1565"><net_src comp="1406" pin="9"/><net_sink comp="1562" pin=0"/></net>

<net id="1569"><net_src comp="1502" pin="1"/><net_sink comp="1566" pin=0"/></net>

<net id="1570"><net_src comp="1566" pin="1"/><net_sink comp="738" pin=4"/></net>

<net id="1571"><net_src comp="1566" pin="1"/><net_sink comp="824" pin=4"/></net>

<net id="1572"><net_src comp="1566" pin="1"/><net_sink comp="946" pin=4"/></net>

<net id="1573"><net_src comp="1566" pin="1"/><net_sink comp="1104" pin=4"/></net>

<net id="1577"><net_src comp="1506" pin="1"/><net_sink comp="1574" pin=0"/></net>

<net id="1578"><net_src comp="1574" pin="1"/><net_sink comp="738" pin=1"/></net>

<net id="1579"><net_src comp="1574" pin="1"/><net_sink comp="824" pin=1"/></net>

<net id="1580"><net_src comp="1574" pin="1"/><net_sink comp="946" pin=1"/></net>

<net id="1581"><net_src comp="1574" pin="1"/><net_sink comp="1104" pin=1"/></net>

<net id="1585"><net_src comp="1510" pin="1"/><net_sink comp="1582" pin=0"/></net>

<net id="1586"><net_src comp="1582" pin="1"/><net_sink comp="738" pin=4"/></net>

<net id="1587"><net_src comp="1582" pin="1"/><net_sink comp="946" pin=4"/></net>

<net id="1591"><net_src comp="1514" pin="1"/><net_sink comp="1588" pin=0"/></net>

<net id="1592"><net_src comp="1588" pin="1"/><net_sink comp="738" pin=1"/></net>

<net id="1593"><net_src comp="1588" pin="1"/><net_sink comp="946" pin=1"/></net>

<net id="1597"><net_src comp="1542" pin="1"/><net_sink comp="1594" pin=0"/></net>

<net id="1598"><net_src comp="1594" pin="1"/><net_sink comp="748" pin=4"/></net>

<net id="1599"><net_src comp="1594" pin="1"/><net_sink comp="834" pin=4"/></net>

<net id="1600"><net_src comp="1594" pin="1"/><net_sink comp="956" pin=4"/></net>

<net id="1601"><net_src comp="1594" pin="1"/><net_sink comp="1114" pin=4"/></net>

<net id="1605"><net_src comp="1546" pin="1"/><net_sink comp="1602" pin=0"/></net>

<net id="1606"><net_src comp="1602" pin="1"/><net_sink comp="748" pin=1"/></net>

<net id="1607"><net_src comp="1602" pin="1"/><net_sink comp="834" pin=1"/></net>

<net id="1608"><net_src comp="1602" pin="1"/><net_sink comp="956" pin=1"/></net>

<net id="1609"><net_src comp="1602" pin="1"/><net_sink comp="1114" pin=1"/></net>

<net id="1613"><net_src comp="1550" pin="1"/><net_sink comp="1610" pin=0"/></net>

<net id="1614"><net_src comp="1610" pin="1"/><net_sink comp="748" pin=4"/></net>

<net id="1615"><net_src comp="1610" pin="1"/><net_sink comp="956" pin=4"/></net>

<net id="1619"><net_src comp="1554" pin="1"/><net_sink comp="1616" pin=0"/></net>

<net id="1620"><net_src comp="1616" pin="1"/><net_sink comp="748" pin=1"/></net>

<net id="1621"><net_src comp="1616" pin="1"/><net_sink comp="956" pin=1"/></net>

<net id="1625"><net_src comp="1510" pin="1"/><net_sink comp="1622" pin=0"/></net>

<net id="1626"><net_src comp="1622" pin="1"/><net_sink comp="824" pin=4"/></net>

<net id="1627"><net_src comp="1622" pin="1"/><net_sink comp="1104" pin=4"/></net>

<net id="1631"><net_src comp="1514" pin="1"/><net_sink comp="1628" pin=0"/></net>

<net id="1632"><net_src comp="1628" pin="1"/><net_sink comp="824" pin=1"/></net>

<net id="1633"><net_src comp="1628" pin="1"/><net_sink comp="1104" pin=1"/></net>

<net id="1637"><net_src comp="1550" pin="1"/><net_sink comp="1634" pin=0"/></net>

<net id="1638"><net_src comp="1634" pin="1"/><net_sink comp="834" pin=4"/></net>

<net id="1639"><net_src comp="1634" pin="1"/><net_sink comp="1114" pin=4"/></net>

<net id="1643"><net_src comp="1554" pin="1"/><net_sink comp="1640" pin=0"/></net>

<net id="1644"><net_src comp="1640" pin="1"/><net_sink comp="834" pin=1"/></net>

<net id="1645"><net_src comp="1640" pin="1"/><net_sink comp="1114" pin=1"/></net>

<net id="1649"><net_src comp="58" pin="3"/><net_sink comp="1646" pin=0"/></net>

<net id="1650"><net_src comp="1646" pin="1"/><net_sink comp="122" pin=2"/></net>

<net id="1654"><net_src comp="66" pin="3"/><net_sink comp="1651" pin=0"/></net>

<net id="1655"><net_src comp="1651" pin="1"/><net_sink comp="132" pin=2"/></net>

<net id="1659"><net_src comp="74" pin="3"/><net_sink comp="1656" pin=0"/></net>

<net id="1660"><net_src comp="1656" pin="1"/><net_sink comp="142" pin=2"/></net>

<net id="1664"><net_src comp="82" pin="3"/><net_sink comp="1661" pin=0"/></net>

<net id="1665"><net_src comp="1661" pin="1"/><net_sink comp="152" pin=2"/></net>

<net id="1669"><net_src comp="90" pin="3"/><net_sink comp="1666" pin=0"/></net>

<net id="1670"><net_src comp="1666" pin="1"/><net_sink comp="162" pin=2"/></net>

<net id="1674"><net_src comp="98" pin="3"/><net_sink comp="1671" pin=0"/></net>

<net id="1675"><net_src comp="1671" pin="1"/><net_sink comp="172" pin=2"/></net>

<net id="1679"><net_src comp="106" pin="3"/><net_sink comp="1676" pin=0"/></net>

<net id="1680"><net_src comp="1676" pin="1"/><net_sink comp="182" pin=2"/></net>

<net id="1684"><net_src comp="114" pin="3"/><net_sink comp="1681" pin=0"/></net>

<net id="1685"><net_src comp="1681" pin="1"/><net_sink comp="192" pin=2"/></net>

<net id="1689"><net_src comp="202" pin="3"/><net_sink comp="1686" pin=0"/></net>

<net id="1690"><net_src comp="1686" pin="1"/><net_sink comp="122" pin=0"/></net>

<net id="1694"><net_src comp="210" pin="3"/><net_sink comp="1691" pin=0"/></net>

<net id="1695"><net_src comp="1691" pin="1"/><net_sink comp="132" pin=0"/></net>

<net id="1699"><net_src comp="218" pin="3"/><net_sink comp="1696" pin=0"/></net>

<net id="1700"><net_src comp="1696" pin="1"/><net_sink comp="142" pin=0"/></net>

<net id="1704"><net_src comp="226" pin="3"/><net_sink comp="1701" pin=0"/></net>

<net id="1705"><net_src comp="1701" pin="1"/><net_sink comp="152" pin=0"/></net>

<net id="1709"><net_src comp="234" pin="3"/><net_sink comp="1706" pin=0"/></net>

<net id="1710"><net_src comp="1706" pin="1"/><net_sink comp="162" pin=0"/></net>

<net id="1714"><net_src comp="242" pin="3"/><net_sink comp="1711" pin=0"/></net>

<net id="1715"><net_src comp="1711" pin="1"/><net_sink comp="172" pin=0"/></net>

<net id="1719"><net_src comp="250" pin="3"/><net_sink comp="1716" pin=0"/></net>

<net id="1720"><net_src comp="1716" pin="1"/><net_sink comp="182" pin=0"/></net>

<net id="1724"><net_src comp="258" pin="3"/><net_sink comp="1721" pin=0"/></net>

<net id="1725"><net_src comp="1721" pin="1"/><net_sink comp="192" pin=0"/></net>

<net id="1729"><net_src comp="122" pin="7"/><net_sink comp="1726" pin=0"/></net>

<net id="1730"><net_src comp="1726" pin="1"/><net_sink comp="1354" pin=1"/></net>

<net id="1734"><net_src comp="132" pin="7"/><net_sink comp="1731" pin=0"/></net>

<net id="1735"><net_src comp="1731" pin="1"/><net_sink comp="1354" pin=2"/></net>

<net id="1739"><net_src comp="142" pin="7"/><net_sink comp="1736" pin=0"/></net>

<net id="1740"><net_src comp="1736" pin="1"/><net_sink comp="1354" pin=3"/></net>

<net id="1744"><net_src comp="152" pin="7"/><net_sink comp="1741" pin=0"/></net>

<net id="1745"><net_src comp="1741" pin="1"/><net_sink comp="1354" pin=4"/></net>

<net id="1749"><net_src comp="162" pin="7"/><net_sink comp="1746" pin=0"/></net>

<net id="1750"><net_src comp="1746" pin="1"/><net_sink comp="1354" pin=5"/></net>

<net id="1754"><net_src comp="172" pin="7"/><net_sink comp="1751" pin=0"/></net>

<net id="1755"><net_src comp="1751" pin="1"/><net_sink comp="1354" pin=6"/></net>

<net id="1759"><net_src comp="182" pin="7"/><net_sink comp="1756" pin=0"/></net>

<net id="1760"><net_src comp="1756" pin="1"/><net_sink comp="1354" pin=7"/></net>

<net id="1764"><net_src comp="192" pin="7"/><net_sink comp="1761" pin=0"/></net>

<net id="1765"><net_src comp="1761" pin="1"/><net_sink comp="1354" pin=8"/></net>

<net id="1769"><net_src comp="122" pin="3"/><net_sink comp="1766" pin=0"/></net>

<net id="1770"><net_src comp="1766" pin="1"/><net_sink comp="1374" pin=1"/></net>

<net id="1774"><net_src comp="132" pin="3"/><net_sink comp="1771" pin=0"/></net>

<net id="1775"><net_src comp="1771" pin="1"/><net_sink comp="1374" pin=2"/></net>

<net id="1779"><net_src comp="142" pin="3"/><net_sink comp="1776" pin=0"/></net>

<net id="1780"><net_src comp="1776" pin="1"/><net_sink comp="1374" pin=3"/></net>

<net id="1784"><net_src comp="152" pin="3"/><net_sink comp="1781" pin=0"/></net>

<net id="1785"><net_src comp="1781" pin="1"/><net_sink comp="1374" pin=4"/></net>

<net id="1789"><net_src comp="162" pin="3"/><net_sink comp="1786" pin=0"/></net>

<net id="1790"><net_src comp="1786" pin="1"/><net_sink comp="1374" pin=5"/></net>

<net id="1794"><net_src comp="172" pin="3"/><net_sink comp="1791" pin=0"/></net>

<net id="1795"><net_src comp="1791" pin="1"/><net_sink comp="1374" pin=6"/></net>

<net id="1799"><net_src comp="182" pin="3"/><net_sink comp="1796" pin=0"/></net>

<net id="1800"><net_src comp="1796" pin="1"/><net_sink comp="1374" pin=7"/></net>

<net id="1804"><net_src comp="192" pin="3"/><net_sink comp="1801" pin=0"/></net>

<net id="1805"><net_src comp="1801" pin="1"/><net_sink comp="1374" pin=8"/></net>

<net id="1809"><net_src comp="274" pin="3"/><net_sink comp="1806" pin=0"/></net>

<net id="1810"><net_src comp="1806" pin="1"/><net_sink comp="122" pin=2"/></net>

<net id="1814"><net_src comp="282" pin="3"/><net_sink comp="1811" pin=0"/></net>

<net id="1815"><net_src comp="1811" pin="1"/><net_sink comp="132" pin=2"/></net>

<net id="1819"><net_src comp="290" pin="3"/><net_sink comp="1816" pin=0"/></net>

<net id="1820"><net_src comp="1816" pin="1"/><net_sink comp="142" pin=2"/></net>

<net id="1824"><net_src comp="298" pin="3"/><net_sink comp="1821" pin=0"/></net>

<net id="1825"><net_src comp="1821" pin="1"/><net_sink comp="152" pin=2"/></net>

<net id="1829"><net_src comp="306" pin="3"/><net_sink comp="1826" pin=0"/></net>

<net id="1830"><net_src comp="1826" pin="1"/><net_sink comp="162" pin=2"/></net>

<net id="1834"><net_src comp="314" pin="3"/><net_sink comp="1831" pin=0"/></net>

<net id="1835"><net_src comp="1831" pin="1"/><net_sink comp="172" pin=2"/></net>

<net id="1839"><net_src comp="322" pin="3"/><net_sink comp="1836" pin=0"/></net>

<net id="1840"><net_src comp="1836" pin="1"/><net_sink comp="182" pin=2"/></net>

<net id="1844"><net_src comp="330" pin="3"/><net_sink comp="1841" pin=0"/></net>

<net id="1845"><net_src comp="1841" pin="1"/><net_sink comp="192" pin=2"/></net>

<net id="1849"><net_src comp="346" pin="3"/><net_sink comp="1846" pin=0"/></net>

<net id="1850"><net_src comp="1846" pin="1"/><net_sink comp="122" pin=0"/></net>

<net id="1854"><net_src comp="354" pin="3"/><net_sink comp="1851" pin=0"/></net>

<net id="1855"><net_src comp="1851" pin="1"/><net_sink comp="132" pin=0"/></net>

<net id="1859"><net_src comp="362" pin="3"/><net_sink comp="1856" pin=0"/></net>

<net id="1860"><net_src comp="1856" pin="1"/><net_sink comp="142" pin=0"/></net>

<net id="1864"><net_src comp="370" pin="3"/><net_sink comp="1861" pin=0"/></net>

<net id="1865"><net_src comp="1861" pin="1"/><net_sink comp="152" pin=0"/></net>

<net id="1869"><net_src comp="378" pin="3"/><net_sink comp="1866" pin=0"/></net>

<net id="1870"><net_src comp="1866" pin="1"/><net_sink comp="162" pin=0"/></net>

<net id="1874"><net_src comp="386" pin="3"/><net_sink comp="1871" pin=0"/></net>

<net id="1875"><net_src comp="1871" pin="1"/><net_sink comp="172" pin=0"/></net>

<net id="1879"><net_src comp="394" pin="3"/><net_sink comp="1876" pin=0"/></net>

<net id="1880"><net_src comp="1876" pin="1"/><net_sink comp="182" pin=0"/></net>

<net id="1884"><net_src comp="402" pin="3"/><net_sink comp="1881" pin=0"/></net>

<net id="1885"><net_src comp="1881" pin="1"/><net_sink comp="192" pin=0"/></net>

<net id="1889"><net_src comp="122" pin="7"/><net_sink comp="1886" pin=0"/></net>

<net id="1890"><net_src comp="1886" pin="1"/><net_sink comp="1354" pin=1"/></net>

<net id="1894"><net_src comp="132" pin="7"/><net_sink comp="1891" pin=0"/></net>

<net id="1895"><net_src comp="1891" pin="1"/><net_sink comp="1354" pin=2"/></net>

<net id="1899"><net_src comp="142" pin="7"/><net_sink comp="1896" pin=0"/></net>

<net id="1900"><net_src comp="1896" pin="1"/><net_sink comp="1354" pin=3"/></net>

<net id="1904"><net_src comp="152" pin="7"/><net_sink comp="1901" pin=0"/></net>

<net id="1905"><net_src comp="1901" pin="1"/><net_sink comp="1354" pin=4"/></net>

<net id="1909"><net_src comp="162" pin="7"/><net_sink comp="1906" pin=0"/></net>

<net id="1910"><net_src comp="1906" pin="1"/><net_sink comp="1354" pin=5"/></net>

<net id="1914"><net_src comp="172" pin="7"/><net_sink comp="1911" pin=0"/></net>

<net id="1915"><net_src comp="1911" pin="1"/><net_sink comp="1354" pin=6"/></net>

<net id="1919"><net_src comp="182" pin="7"/><net_sink comp="1916" pin=0"/></net>

<net id="1920"><net_src comp="1916" pin="1"/><net_sink comp="1354" pin=7"/></net>

<net id="1924"><net_src comp="192" pin="7"/><net_sink comp="1921" pin=0"/></net>

<net id="1925"><net_src comp="1921" pin="1"/><net_sink comp="1354" pin=8"/></net>

<net id="1929"><net_src comp="122" pin="3"/><net_sink comp="1926" pin=0"/></net>

<net id="1930"><net_src comp="1926" pin="1"/><net_sink comp="1374" pin=1"/></net>

<net id="1934"><net_src comp="132" pin="3"/><net_sink comp="1931" pin=0"/></net>

<net id="1935"><net_src comp="1931" pin="1"/><net_sink comp="1374" pin=2"/></net>

<net id="1939"><net_src comp="142" pin="3"/><net_sink comp="1936" pin=0"/></net>

<net id="1940"><net_src comp="1936" pin="1"/><net_sink comp="1374" pin=3"/></net>

<net id="1944"><net_src comp="152" pin="3"/><net_sink comp="1941" pin=0"/></net>

<net id="1945"><net_src comp="1941" pin="1"/><net_sink comp="1374" pin=4"/></net>

<net id="1949"><net_src comp="162" pin="3"/><net_sink comp="1946" pin=0"/></net>

<net id="1950"><net_src comp="1946" pin="1"/><net_sink comp="1374" pin=5"/></net>

<net id="1954"><net_src comp="172" pin="3"/><net_sink comp="1951" pin=0"/></net>

<net id="1955"><net_src comp="1951" pin="1"/><net_sink comp="1374" pin=6"/></net>

<net id="1959"><net_src comp="182" pin="3"/><net_sink comp="1956" pin=0"/></net>

<net id="1960"><net_src comp="1956" pin="1"/><net_sink comp="1374" pin=7"/></net>

<net id="1964"><net_src comp="192" pin="3"/><net_sink comp="1961" pin=0"/></net>

<net id="1965"><net_src comp="1961" pin="1"/><net_sink comp="1374" pin=8"/></net>

<net id="1969"><net_src comp="418" pin="3"/><net_sink comp="1966" pin=0"/></net>

<net id="1970"><net_src comp="1966" pin="1"/><net_sink comp="122" pin=2"/></net>

<net id="1974"><net_src comp="426" pin="3"/><net_sink comp="1971" pin=0"/></net>

<net id="1975"><net_src comp="1971" pin="1"/><net_sink comp="132" pin=2"/></net>

<net id="1979"><net_src comp="434" pin="3"/><net_sink comp="1976" pin=0"/></net>

<net id="1980"><net_src comp="1976" pin="1"/><net_sink comp="142" pin=2"/></net>

<net id="1984"><net_src comp="442" pin="3"/><net_sink comp="1981" pin=0"/></net>

<net id="1985"><net_src comp="1981" pin="1"/><net_sink comp="152" pin=2"/></net>

<net id="1989"><net_src comp="450" pin="3"/><net_sink comp="1986" pin=0"/></net>

<net id="1990"><net_src comp="1986" pin="1"/><net_sink comp="162" pin=2"/></net>

<net id="1994"><net_src comp="458" pin="3"/><net_sink comp="1991" pin=0"/></net>

<net id="1995"><net_src comp="1991" pin="1"/><net_sink comp="172" pin=2"/></net>

<net id="1999"><net_src comp="466" pin="3"/><net_sink comp="1996" pin=0"/></net>

<net id="2000"><net_src comp="1996" pin="1"/><net_sink comp="182" pin=2"/></net>

<net id="2004"><net_src comp="474" pin="3"/><net_sink comp="2001" pin=0"/></net>

<net id="2005"><net_src comp="2001" pin="1"/><net_sink comp="192" pin=2"/></net>

<net id="2009"><net_src comp="490" pin="3"/><net_sink comp="2006" pin=0"/></net>

<net id="2010"><net_src comp="2006" pin="1"/><net_sink comp="122" pin=0"/></net>

<net id="2014"><net_src comp="498" pin="3"/><net_sink comp="2011" pin=0"/></net>

<net id="2015"><net_src comp="2011" pin="1"/><net_sink comp="132" pin=0"/></net>

<net id="2019"><net_src comp="506" pin="3"/><net_sink comp="2016" pin=0"/></net>

<net id="2020"><net_src comp="2016" pin="1"/><net_sink comp="142" pin=0"/></net>

<net id="2024"><net_src comp="514" pin="3"/><net_sink comp="2021" pin=0"/></net>

<net id="2025"><net_src comp="2021" pin="1"/><net_sink comp="152" pin=0"/></net>

<net id="2029"><net_src comp="522" pin="3"/><net_sink comp="2026" pin=0"/></net>

<net id="2030"><net_src comp="2026" pin="1"/><net_sink comp="162" pin=0"/></net>

<net id="2034"><net_src comp="530" pin="3"/><net_sink comp="2031" pin=0"/></net>

<net id="2035"><net_src comp="2031" pin="1"/><net_sink comp="172" pin=0"/></net>

<net id="2039"><net_src comp="538" pin="3"/><net_sink comp="2036" pin=0"/></net>

<net id="2040"><net_src comp="2036" pin="1"/><net_sink comp="182" pin=0"/></net>

<net id="2044"><net_src comp="546" pin="3"/><net_sink comp="2041" pin=0"/></net>

<net id="2045"><net_src comp="2041" pin="1"/><net_sink comp="192" pin=0"/></net>

<net id="2049"><net_src comp="122" pin="7"/><net_sink comp="2046" pin=0"/></net>

<net id="2050"><net_src comp="2046" pin="1"/><net_sink comp="1354" pin=1"/></net>

<net id="2054"><net_src comp="132" pin="7"/><net_sink comp="2051" pin=0"/></net>

<net id="2055"><net_src comp="2051" pin="1"/><net_sink comp="1354" pin=2"/></net>

<net id="2059"><net_src comp="142" pin="7"/><net_sink comp="2056" pin=0"/></net>

<net id="2060"><net_src comp="2056" pin="1"/><net_sink comp="1354" pin=3"/></net>

<net id="2064"><net_src comp="152" pin="7"/><net_sink comp="2061" pin=0"/></net>

<net id="2065"><net_src comp="2061" pin="1"/><net_sink comp="1354" pin=4"/></net>

<net id="2069"><net_src comp="162" pin="7"/><net_sink comp="2066" pin=0"/></net>

<net id="2070"><net_src comp="2066" pin="1"/><net_sink comp="1354" pin=5"/></net>

<net id="2074"><net_src comp="172" pin="7"/><net_sink comp="2071" pin=0"/></net>

<net id="2075"><net_src comp="2071" pin="1"/><net_sink comp="1354" pin=6"/></net>

<net id="2079"><net_src comp="182" pin="7"/><net_sink comp="2076" pin=0"/></net>

<net id="2080"><net_src comp="2076" pin="1"/><net_sink comp="1354" pin=7"/></net>

<net id="2084"><net_src comp="192" pin="7"/><net_sink comp="2081" pin=0"/></net>

<net id="2085"><net_src comp="2081" pin="1"/><net_sink comp="1354" pin=8"/></net>

<net id="2089"><net_src comp="122" pin="3"/><net_sink comp="2086" pin=0"/></net>

<net id="2090"><net_src comp="2086" pin="1"/><net_sink comp="1374" pin=1"/></net>

<net id="2094"><net_src comp="132" pin="3"/><net_sink comp="2091" pin=0"/></net>

<net id="2095"><net_src comp="2091" pin="1"/><net_sink comp="1374" pin=2"/></net>

<net id="2099"><net_src comp="142" pin="3"/><net_sink comp="2096" pin=0"/></net>

<net id="2100"><net_src comp="2096" pin="1"/><net_sink comp="1374" pin=3"/></net>

<net id="2104"><net_src comp="152" pin="3"/><net_sink comp="2101" pin=0"/></net>

<net id="2105"><net_src comp="2101" pin="1"/><net_sink comp="1374" pin=4"/></net>

<net id="2109"><net_src comp="162" pin="3"/><net_sink comp="2106" pin=0"/></net>

<net id="2110"><net_src comp="2106" pin="1"/><net_sink comp="1374" pin=5"/></net>

<net id="2114"><net_src comp="172" pin="3"/><net_sink comp="2111" pin=0"/></net>

<net id="2115"><net_src comp="2111" pin="1"/><net_sink comp="1374" pin=6"/></net>

<net id="2119"><net_src comp="182" pin="3"/><net_sink comp="2116" pin=0"/></net>

<net id="2120"><net_src comp="2116" pin="1"/><net_sink comp="1374" pin=7"/></net>

<net id="2124"><net_src comp="192" pin="3"/><net_sink comp="2121" pin=0"/></net>

<net id="2125"><net_src comp="2121" pin="1"/><net_sink comp="1374" pin=8"/></net>

<net id="2129"><net_src comp="562" pin="3"/><net_sink comp="2126" pin=0"/></net>

<net id="2130"><net_src comp="2126" pin="1"/><net_sink comp="122" pin=2"/></net>

<net id="2134"><net_src comp="570" pin="3"/><net_sink comp="2131" pin=0"/></net>

<net id="2135"><net_src comp="2131" pin="1"/><net_sink comp="132" pin=2"/></net>

<net id="2139"><net_src comp="578" pin="3"/><net_sink comp="2136" pin=0"/></net>

<net id="2140"><net_src comp="2136" pin="1"/><net_sink comp="142" pin=2"/></net>

<net id="2144"><net_src comp="586" pin="3"/><net_sink comp="2141" pin=0"/></net>

<net id="2145"><net_src comp="2141" pin="1"/><net_sink comp="152" pin=2"/></net>

<net id="2149"><net_src comp="594" pin="3"/><net_sink comp="2146" pin=0"/></net>

<net id="2150"><net_src comp="2146" pin="1"/><net_sink comp="162" pin=2"/></net>

<net id="2154"><net_src comp="602" pin="3"/><net_sink comp="2151" pin=0"/></net>

<net id="2155"><net_src comp="2151" pin="1"/><net_sink comp="172" pin=2"/></net>

<net id="2159"><net_src comp="610" pin="3"/><net_sink comp="2156" pin=0"/></net>

<net id="2160"><net_src comp="2156" pin="1"/><net_sink comp="182" pin=2"/></net>

<net id="2164"><net_src comp="618" pin="3"/><net_sink comp="2161" pin=0"/></net>

<net id="2165"><net_src comp="2161" pin="1"/><net_sink comp="192" pin=2"/></net>

<net id="2169"><net_src comp="634" pin="3"/><net_sink comp="2166" pin=0"/></net>

<net id="2170"><net_src comp="2166" pin="1"/><net_sink comp="122" pin=0"/></net>

<net id="2174"><net_src comp="642" pin="3"/><net_sink comp="2171" pin=0"/></net>

<net id="2175"><net_src comp="2171" pin="1"/><net_sink comp="132" pin=0"/></net>

<net id="2179"><net_src comp="650" pin="3"/><net_sink comp="2176" pin=0"/></net>

<net id="2180"><net_src comp="2176" pin="1"/><net_sink comp="142" pin=0"/></net>

<net id="2184"><net_src comp="658" pin="3"/><net_sink comp="2181" pin=0"/></net>

<net id="2185"><net_src comp="2181" pin="1"/><net_sink comp="152" pin=0"/></net>

<net id="2189"><net_src comp="666" pin="3"/><net_sink comp="2186" pin=0"/></net>

<net id="2190"><net_src comp="2186" pin="1"/><net_sink comp="162" pin=0"/></net>

<net id="2194"><net_src comp="674" pin="3"/><net_sink comp="2191" pin=0"/></net>

<net id="2195"><net_src comp="2191" pin="1"/><net_sink comp="172" pin=0"/></net>

<net id="2199"><net_src comp="682" pin="3"/><net_sink comp="2196" pin=0"/></net>

<net id="2200"><net_src comp="2196" pin="1"/><net_sink comp="182" pin=0"/></net>

<net id="2204"><net_src comp="690" pin="3"/><net_sink comp="2201" pin=0"/></net>

<net id="2205"><net_src comp="2201" pin="1"/><net_sink comp="192" pin=0"/></net>

<net id="2209"><net_src comp="122" pin="7"/><net_sink comp="2206" pin=0"/></net>

<net id="2210"><net_src comp="2206" pin="1"/><net_sink comp="1354" pin=1"/></net>

<net id="2214"><net_src comp="132" pin="7"/><net_sink comp="2211" pin=0"/></net>

<net id="2215"><net_src comp="2211" pin="1"/><net_sink comp="1354" pin=2"/></net>

<net id="2219"><net_src comp="142" pin="7"/><net_sink comp="2216" pin=0"/></net>

<net id="2220"><net_src comp="2216" pin="1"/><net_sink comp="1354" pin=3"/></net>

<net id="2224"><net_src comp="152" pin="7"/><net_sink comp="2221" pin=0"/></net>

<net id="2225"><net_src comp="2221" pin="1"/><net_sink comp="1354" pin=4"/></net>

<net id="2229"><net_src comp="162" pin="7"/><net_sink comp="2226" pin=0"/></net>

<net id="2230"><net_src comp="2226" pin="1"/><net_sink comp="1354" pin=5"/></net>

<net id="2234"><net_src comp="172" pin="7"/><net_sink comp="2231" pin=0"/></net>

<net id="2235"><net_src comp="2231" pin="1"/><net_sink comp="1354" pin=6"/></net>

<net id="2239"><net_src comp="182" pin="7"/><net_sink comp="2236" pin=0"/></net>

<net id="2240"><net_src comp="2236" pin="1"/><net_sink comp="1354" pin=7"/></net>

<net id="2244"><net_src comp="192" pin="7"/><net_sink comp="2241" pin=0"/></net>

<net id="2245"><net_src comp="2241" pin="1"/><net_sink comp="1354" pin=8"/></net>

<net id="2249"><net_src comp="122" pin="3"/><net_sink comp="2246" pin=0"/></net>

<net id="2250"><net_src comp="2246" pin="1"/><net_sink comp="1374" pin=1"/></net>

<net id="2254"><net_src comp="132" pin="3"/><net_sink comp="2251" pin=0"/></net>

<net id="2255"><net_src comp="2251" pin="1"/><net_sink comp="1374" pin=2"/></net>

<net id="2259"><net_src comp="142" pin="3"/><net_sink comp="2256" pin=0"/></net>

<net id="2260"><net_src comp="2256" pin="1"/><net_sink comp="1374" pin=3"/></net>

<net id="2264"><net_src comp="152" pin="3"/><net_sink comp="2261" pin=0"/></net>

<net id="2265"><net_src comp="2261" pin="1"/><net_sink comp="1374" pin=4"/></net>

<net id="2269"><net_src comp="162" pin="3"/><net_sink comp="2266" pin=0"/></net>

<net id="2270"><net_src comp="2266" pin="1"/><net_sink comp="1374" pin=5"/></net>

<net id="2274"><net_src comp="172" pin="3"/><net_sink comp="2271" pin=0"/></net>

<net id="2275"><net_src comp="2271" pin="1"/><net_sink comp="1374" pin=6"/></net>

<net id="2279"><net_src comp="182" pin="3"/><net_sink comp="2276" pin=0"/></net>

<net id="2280"><net_src comp="2276" pin="1"/><net_sink comp="1374" pin=7"/></net>

<net id="2284"><net_src comp="192" pin="3"/><net_sink comp="2281" pin=0"/></net>

<net id="2285"><net_src comp="2281" pin="1"/><net_sink comp="1374" pin=8"/></net>

<net id="2289"><net_src comp="1418" pin="1"/><net_sink comp="2286" pin=0"/></net>

<net id="2290"><net_src comp="2286" pin="1"/><net_sink comp="1394" pin=1"/></net>

<net id="2294"><net_src comp="1423" pin="1"/><net_sink comp="2291" pin=0"/></net>

<net id="2295"><net_src comp="2291" pin="1"/><net_sink comp="1406" pin=1"/></net>

<net id="2299"><net_src comp="1428" pin="1"/><net_sink comp="2296" pin=0"/></net>

<net id="2300"><net_src comp="2296" pin="1"/><net_sink comp="1394" pin=1"/></net>

<net id="2304"><net_src comp="1432" pin="1"/><net_sink comp="2301" pin=0"/></net>

<net id="2305"><net_src comp="2301" pin="1"/><net_sink comp="1406" pin=1"/></net>

<net id="2309"><net_src comp="1436" pin="1"/><net_sink comp="2306" pin=0"/></net>

<net id="2310"><net_src comp="2306" pin="1"/><net_sink comp="1394" pin=1"/></net>

<net id="2314"><net_src comp="1440" pin="1"/><net_sink comp="2311" pin=0"/></net>

<net id="2315"><net_src comp="2311" pin="1"/><net_sink comp="1406" pin=1"/></net>

<net id="2319"><net_src comp="1444" pin="1"/><net_sink comp="2316" pin=0"/></net>

<net id="2320"><net_src comp="2316" pin="1"/><net_sink comp="1394" pin=1"/></net>

<net id="2324"><net_src comp="1448" pin="1"/><net_sink comp="2321" pin=0"/></net>

<net id="2325"><net_src comp="2321" pin="1"/><net_sink comp="1406" pin=1"/></net>

<net id="2329"><net_src comp="1452" pin="1"/><net_sink comp="2326" pin=0"/></net>

<net id="2330"><net_src comp="2326" pin="1"/><net_sink comp="1394" pin=2"/></net>

<net id="2334"><net_src comp="1457" pin="1"/><net_sink comp="2331" pin=0"/></net>

<net id="2335"><net_src comp="2331" pin="1"/><net_sink comp="1406" pin=2"/></net>

<net id="2339"><net_src comp="1462" pin="1"/><net_sink comp="2336" pin=0"/></net>

<net id="2340"><net_src comp="2336" pin="1"/><net_sink comp="1394" pin=2"/></net>

<net id="2344"><net_src comp="1466" pin="1"/><net_sink comp="2341" pin=0"/></net>

<net id="2345"><net_src comp="2341" pin="1"/><net_sink comp="1406" pin=2"/></net>

<net id="2349"><net_src comp="1470" pin="1"/><net_sink comp="2346" pin=0"/></net>

<net id="2350"><net_src comp="2346" pin="1"/><net_sink comp="1394" pin=2"/></net>

<net id="2354"><net_src comp="1474" pin="1"/><net_sink comp="2351" pin=0"/></net>

<net id="2355"><net_src comp="2351" pin="1"/><net_sink comp="1406" pin=2"/></net>

<net id="2359"><net_src comp="1478" pin="1"/><net_sink comp="2356" pin=0"/></net>

<net id="2360"><net_src comp="2356" pin="1"/><net_sink comp="1394" pin=2"/></net>

<net id="2364"><net_src comp="1482" pin="1"/><net_sink comp="2361" pin=0"/></net>

<net id="2365"><net_src comp="2361" pin="1"/><net_sink comp="1406" pin=2"/></net>

<net id="2369"><net_src comp="1418" pin="1"/><net_sink comp="2366" pin=0"/></net>

<net id="2370"><net_src comp="2366" pin="1"/><net_sink comp="1394" pin=3"/></net>

<net id="2374"><net_src comp="1423" pin="1"/><net_sink comp="2371" pin=0"/></net>

<net id="2375"><net_src comp="2371" pin="1"/><net_sink comp="1406" pin=3"/></net>

<net id="2379"><net_src comp="1428" pin="1"/><net_sink comp="2376" pin=0"/></net>

<net id="2380"><net_src comp="2376" pin="1"/><net_sink comp="1394" pin=3"/></net>

<net id="2384"><net_src comp="1432" pin="1"/><net_sink comp="2381" pin=0"/></net>

<net id="2385"><net_src comp="2381" pin="1"/><net_sink comp="1406" pin=3"/></net>

<net id="2389"><net_src comp="1436" pin="1"/><net_sink comp="2386" pin=0"/></net>

<net id="2390"><net_src comp="2386" pin="1"/><net_sink comp="1394" pin=3"/></net>

<net id="2394"><net_src comp="1440" pin="1"/><net_sink comp="2391" pin=0"/></net>

<net id="2395"><net_src comp="2391" pin="1"/><net_sink comp="1406" pin=3"/></net>

<net id="2399"><net_src comp="1444" pin="1"/><net_sink comp="2396" pin=0"/></net>

<net id="2400"><net_src comp="2396" pin="1"/><net_sink comp="1394" pin=3"/></net>

<net id="2404"><net_src comp="1448" pin="1"/><net_sink comp="2401" pin=0"/></net>

<net id="2405"><net_src comp="2401" pin="1"/><net_sink comp="1406" pin=3"/></net>

<net id="2409"><net_src comp="1452" pin="1"/><net_sink comp="2406" pin=0"/></net>

<net id="2410"><net_src comp="2406" pin="1"/><net_sink comp="1394" pin=4"/></net>

<net id="2414"><net_src comp="1457" pin="1"/><net_sink comp="2411" pin=0"/></net>

<net id="2415"><net_src comp="2411" pin="1"/><net_sink comp="1406" pin=4"/></net>

<net id="2419"><net_src comp="1462" pin="1"/><net_sink comp="2416" pin=0"/></net>

<net id="2420"><net_src comp="2416" pin="1"/><net_sink comp="1394" pin=4"/></net>

<net id="2424"><net_src comp="1466" pin="1"/><net_sink comp="2421" pin=0"/></net>

<net id="2425"><net_src comp="2421" pin="1"/><net_sink comp="1406" pin=4"/></net>

<net id="2429"><net_src comp="1470" pin="1"/><net_sink comp="2426" pin=0"/></net>

<net id="2430"><net_src comp="2426" pin="1"/><net_sink comp="1394" pin=4"/></net>

<net id="2434"><net_src comp="1474" pin="1"/><net_sink comp="2431" pin=0"/></net>

<net id="2435"><net_src comp="2431" pin="1"/><net_sink comp="1406" pin=4"/></net>

<net id="2439"><net_src comp="1478" pin="1"/><net_sink comp="2436" pin=0"/></net>

<net id="2440"><net_src comp="2436" pin="1"/><net_sink comp="1394" pin=4"/></net>

<net id="2444"><net_src comp="1482" pin="1"/><net_sink comp="2441" pin=0"/></net>

<net id="2445"><net_src comp="2441" pin="1"/><net_sink comp="1406" pin=4"/></net>

<net id="2449"><net_src comp="1418" pin="1"/><net_sink comp="2446" pin=0"/></net>

<net id="2450"><net_src comp="2446" pin="1"/><net_sink comp="1394" pin=5"/></net>

<net id="2454"><net_src comp="1423" pin="1"/><net_sink comp="2451" pin=0"/></net>

<net id="2455"><net_src comp="2451" pin="1"/><net_sink comp="1406" pin=5"/></net>

<net id="2459"><net_src comp="1428" pin="1"/><net_sink comp="2456" pin=0"/></net>

<net id="2460"><net_src comp="2456" pin="1"/><net_sink comp="1394" pin=5"/></net>

<net id="2464"><net_src comp="1432" pin="1"/><net_sink comp="2461" pin=0"/></net>

<net id="2465"><net_src comp="2461" pin="1"/><net_sink comp="1406" pin=5"/></net>

<net id="2469"><net_src comp="1436" pin="1"/><net_sink comp="2466" pin=0"/></net>

<net id="2470"><net_src comp="2466" pin="1"/><net_sink comp="1394" pin=5"/></net>

<net id="2474"><net_src comp="1440" pin="1"/><net_sink comp="2471" pin=0"/></net>

<net id="2475"><net_src comp="2471" pin="1"/><net_sink comp="1406" pin=5"/></net>

<net id="2479"><net_src comp="1444" pin="1"/><net_sink comp="2476" pin=0"/></net>

<net id="2480"><net_src comp="2476" pin="1"/><net_sink comp="1394" pin=5"/></net>

<net id="2484"><net_src comp="1448" pin="1"/><net_sink comp="2481" pin=0"/></net>

<net id="2485"><net_src comp="2481" pin="1"/><net_sink comp="1406" pin=5"/></net>

<net id="2489"><net_src comp="1452" pin="1"/><net_sink comp="2486" pin=0"/></net>

<net id="2490"><net_src comp="2486" pin="1"/><net_sink comp="1394" pin=6"/></net>

<net id="2494"><net_src comp="1457" pin="1"/><net_sink comp="2491" pin=0"/></net>

<net id="2495"><net_src comp="2491" pin="1"/><net_sink comp="1406" pin=6"/></net>

<net id="2499"><net_src comp="1462" pin="1"/><net_sink comp="2496" pin=0"/></net>

<net id="2500"><net_src comp="2496" pin="1"/><net_sink comp="1394" pin=6"/></net>

<net id="2504"><net_src comp="1466" pin="1"/><net_sink comp="2501" pin=0"/></net>

<net id="2505"><net_src comp="2501" pin="1"/><net_sink comp="1406" pin=6"/></net>

<net id="2509"><net_src comp="1470" pin="1"/><net_sink comp="2506" pin=0"/></net>

<net id="2510"><net_src comp="2506" pin="1"/><net_sink comp="1394" pin=6"/></net>

<net id="2514"><net_src comp="1474" pin="1"/><net_sink comp="2511" pin=0"/></net>

<net id="2515"><net_src comp="2511" pin="1"/><net_sink comp="1406" pin=6"/></net>

<net id="2519"><net_src comp="1478" pin="1"/><net_sink comp="2516" pin=0"/></net>

<net id="2520"><net_src comp="2516" pin="1"/><net_sink comp="1394" pin=6"/></net>

<net id="2524"><net_src comp="1482" pin="1"/><net_sink comp="2521" pin=0"/></net>

<net id="2525"><net_src comp="2521" pin="1"/><net_sink comp="1406" pin=6"/></net>

<net id="2529"><net_src comp="1418" pin="1"/><net_sink comp="2526" pin=0"/></net>

<net id="2530"><net_src comp="2526" pin="1"/><net_sink comp="1394" pin=7"/></net>

<net id="2534"><net_src comp="1423" pin="1"/><net_sink comp="2531" pin=0"/></net>

<net id="2535"><net_src comp="2531" pin="1"/><net_sink comp="1406" pin=7"/></net>

<net id="2539"><net_src comp="1428" pin="1"/><net_sink comp="2536" pin=0"/></net>

<net id="2540"><net_src comp="2536" pin="1"/><net_sink comp="1394" pin=7"/></net>

<net id="2544"><net_src comp="1432" pin="1"/><net_sink comp="2541" pin=0"/></net>

<net id="2545"><net_src comp="2541" pin="1"/><net_sink comp="1406" pin=7"/></net>

<net id="2549"><net_src comp="1436" pin="1"/><net_sink comp="2546" pin=0"/></net>

<net id="2550"><net_src comp="2546" pin="1"/><net_sink comp="1394" pin=7"/></net>

<net id="2554"><net_src comp="1440" pin="1"/><net_sink comp="2551" pin=0"/></net>

<net id="2555"><net_src comp="2551" pin="1"/><net_sink comp="1406" pin=7"/></net>

<net id="2559"><net_src comp="1444" pin="1"/><net_sink comp="2556" pin=0"/></net>

<net id="2560"><net_src comp="2556" pin="1"/><net_sink comp="1394" pin=7"/></net>

<net id="2564"><net_src comp="1448" pin="1"/><net_sink comp="2561" pin=0"/></net>

<net id="2565"><net_src comp="2561" pin="1"/><net_sink comp="1406" pin=7"/></net>

<net id="2569"><net_src comp="1452" pin="1"/><net_sink comp="2566" pin=0"/></net>

<net id="2570"><net_src comp="2566" pin="1"/><net_sink comp="1394" pin=8"/></net>

<net id="2574"><net_src comp="1457" pin="1"/><net_sink comp="2571" pin=0"/></net>

<net id="2575"><net_src comp="2571" pin="1"/><net_sink comp="1406" pin=8"/></net>

<net id="2579"><net_src comp="1462" pin="1"/><net_sink comp="2576" pin=0"/></net>

<net id="2580"><net_src comp="2576" pin="1"/><net_sink comp="1394" pin=8"/></net>

<net id="2584"><net_src comp="1466" pin="1"/><net_sink comp="2581" pin=0"/></net>

<net id="2585"><net_src comp="2581" pin="1"/><net_sink comp="1406" pin=8"/></net>

<net id="2589"><net_src comp="1470" pin="1"/><net_sink comp="2586" pin=0"/></net>

<net id="2590"><net_src comp="2586" pin="1"/><net_sink comp="1394" pin=8"/></net>

<net id="2594"><net_src comp="1474" pin="1"/><net_sink comp="2591" pin=0"/></net>

<net id="2595"><net_src comp="2591" pin="1"/><net_sink comp="1406" pin=8"/></net>

<net id="2599"><net_src comp="1478" pin="1"/><net_sink comp="2596" pin=0"/></net>

<net id="2600"><net_src comp="2596" pin="1"/><net_sink comp="1394" pin=8"/></net>

<net id="2604"><net_src comp="1482" pin="1"/><net_sink comp="2601" pin=0"/></net>

<net id="2605"><net_src comp="2601" pin="1"/><net_sink comp="1406" pin=8"/></net>

<net id="2609"><net_src comp="1518" pin="1"/><net_sink comp="2606" pin=0"/></net>

<net id="2610"><net_src comp="2606" pin="1"/><net_sink comp="738" pin=4"/></net>

<net id="2614"><net_src comp="1522" pin="1"/><net_sink comp="2611" pin=0"/></net>

<net id="2615"><net_src comp="2611" pin="1"/><net_sink comp="738" pin=1"/></net>

<net id="2619"><net_src comp="1558" pin="1"/><net_sink comp="2616" pin=0"/></net>

<net id="2620"><net_src comp="2616" pin="1"/><net_sink comp="748" pin=4"/></net>

<net id="2624"><net_src comp="1562" pin="1"/><net_sink comp="2621" pin=0"/></net>

<net id="2625"><net_src comp="2621" pin="1"/><net_sink comp="748" pin=1"/></net>

<net id="2629"><net_src comp="1518" pin="1"/><net_sink comp="2626" pin=0"/></net>

<net id="2630"><net_src comp="2626" pin="1"/><net_sink comp="824" pin=4"/></net>

<net id="2634"><net_src comp="1522" pin="1"/><net_sink comp="2631" pin=0"/></net>

<net id="2635"><net_src comp="2631" pin="1"/><net_sink comp="824" pin=1"/></net>

<net id="2639"><net_src comp="1558" pin="1"/><net_sink comp="2636" pin=0"/></net>

<net id="2640"><net_src comp="2636" pin="1"/><net_sink comp="834" pin=4"/></net>

<net id="2644"><net_src comp="1562" pin="1"/><net_sink comp="2641" pin=0"/></net>

<net id="2645"><net_src comp="2641" pin="1"/><net_sink comp="834" pin=1"/></net>

<net id="2649"><net_src comp="1518" pin="1"/><net_sink comp="2646" pin=0"/></net>

<net id="2650"><net_src comp="2646" pin="1"/><net_sink comp="946" pin=4"/></net>

<net id="2654"><net_src comp="1522" pin="1"/><net_sink comp="2651" pin=0"/></net>

<net id="2655"><net_src comp="2651" pin="1"/><net_sink comp="946" pin=1"/></net>

<net id="2659"><net_src comp="1558" pin="1"/><net_sink comp="2656" pin=0"/></net>

<net id="2660"><net_src comp="2656" pin="1"/><net_sink comp="956" pin=4"/></net>

<net id="2664"><net_src comp="1562" pin="1"/><net_sink comp="2661" pin=0"/></net>

<net id="2665"><net_src comp="2661" pin="1"/><net_sink comp="956" pin=1"/></net>

<net id="2669"><net_src comp="1518" pin="1"/><net_sink comp="2666" pin=0"/></net>

<net id="2670"><net_src comp="2666" pin="1"/><net_sink comp="1104" pin=4"/></net>

<net id="2674"><net_src comp="1522" pin="1"/><net_sink comp="2671" pin=0"/></net>

<net id="2675"><net_src comp="2671" pin="1"/><net_sink comp="1104" pin=1"/></net>

<net id="2679"><net_src comp="1558" pin="1"/><net_sink comp="2676" pin=0"/></net>

<net id="2680"><net_src comp="2676" pin="1"/><net_sink comp="1114" pin=4"/></net>

<net id="2684"><net_src comp="1562" pin="1"/><net_sink comp="2681" pin=0"/></net>

<net id="2685"><net_src comp="2681" pin="1"/><net_sink comp="1114" pin=1"/></net>

</net_list>

</model> 
---------------- Datapath Model END ------------------

* FSMD analyzer results:
  - Output states:
	Port: out_block_0 | {15 16 17 18 }
	Port: out_block_1 | {15 16 17 18 }
	Port: out_block_2 | {16 17 18 19 }
	Port: out_block_3 | {16 17 18 19 }
	Port: out_block_4 | {17 18 19 20 }
	Port: out_block_5 | {17 18 19 20 }
	Port: out_block_6 | {18 19 20 21 }
	Port: out_block_7 | {18 19 20 21 }
 - Input state : 
	Port: dct_2d : in_block_0 | {1 2 3 4 5 }
	Port: dct_2d : in_block_1 | {1 2 3 4 5 }
	Port: dct_2d : in_block_2 | {1 2 3 4 5 }
	Port: dct_2d : in_block_3 | {1 2 3 4 5 }
	Port: dct_2d : in_block_4 | {1 2 3 4 5 }
	Port: dct_2d : in_block_5 | {1 2 3 4 5 }
	Port: dct_2d : in_block_6 | {1 2 3 4 5 }
	Port: dct_2d : in_block_7 | {1 2 3 4 5 }
  - Chain level:
	State 1
		in_block_0_load : 1
		in_block_1_load : 1
		in_block_2_load : 1
		in_block_3_load : 1
		in_block_4_load : 1
		in_block_5_load : 1
		in_block_6_load : 1
		in_block_7_load : 1
		in_block_0_load_1 : 1
		in_block_1_load_1 : 1
		in_block_2_load_1 : 1
		in_block_3_load_1 : 1
		in_block_4_load_1 : 1
		in_block_5_load_1 : 1
		in_block_6_load_1 : 1
		in_block_7_load_1 : 1
	State 2
		dct_1d_ret1 : 1
		dct_1d_ret2 : 1
		in_block_0_load_2 : 1
		in_block_1_load_2 : 1
		in_block_2_load_2 : 1
		in_block_3_load_2 : 1
		in_block_4_load_2 : 1
		in_block_5_load_2 : 1
		in_block_6_load_2 : 1
		in_block_7_load_2 : 1
		in_block_0_load_3 : 1
		in_block_1_load_3 : 1
		in_block_2_load_3 : 1
		in_block_3_load_3 : 1
		in_block_4_load_3 : 1
		in_block_5_load_3 : 1
		in_block_6_load_3 : 1
		in_block_7_load_3 : 1
	State 3
		dct_1d_ret3 : 1
		dct_1d_ret4 : 1
		in_block_0_load_4 : 1
		in_block_1_load_4 : 1
		in_block_2_load_4 : 1
		in_block_3_load_4 : 1
		in_block_4_load_4 : 1
		in_block_5_load_4 : 1
		in_block_6_load_4 : 1
		in_block_7_load_4 : 1
		in_block_0_load_5 : 1
		in_block_1_load_5 : 1
		in_block_2_load_5 : 1
		in_block_3_load_5 : 1
		in_block_4_load_5 : 1
		in_block_5_load_5 : 1
		in_block_6_load_5 : 1
		in_block_7_load_5 : 1
	State 4
		dct_1d_ret5 : 1
		dct_1d_ret6 : 1
		in_block_0_load_6 : 1
		in_block_1_load_6 : 1
		in_block_2_load_6 : 1
		in_block_3_load_6 : 1
		in_block_4_load_6 : 1
		in_block_5_load_6 : 1
		in_block_6_load_6 : 1
		in_block_7_load_6 : 1
		in_block_0_load_7 : 1
		in_block_1_load_7 : 1
		in_block_2_load_7 : 1
		in_block_3_load_7 : 1
		in_block_4_load_7 : 1
		in_block_5_load_7 : 1
		in_block_6_load_7 : 1
		in_block_7_load_7 : 1
	State 5
		dct_1d_ret7 : 1
		dct_1d_ret8 : 1
	State 6
	State 7
		row_outbuf_addr_ret : 1
		row_outbuf_1_addr_ret : 1
		row_outbuf_2_addr_ret : 1
		row_outbuf_3_addr_ret : 1
		row_outbuf_4_addr_ret : 1
		row_outbuf_5_addr_ret : 1
		row_outbuf_6_addr_ret : 1
		row_outbuf_7_addr_ret : 1
		row_outbuf_8_addr_ret : 1
		row_outbuf_9_addr_ret : 1
		row_outbuf_10_addr_ret : 1
		row_outbuf_11_addr_ret : 1
		row_outbuf_12_addr_ret : 1
		row_outbuf_13_addr_ret : 1
		row_outbuf_14_addr_ret : 1
		row_outbuf_15_addr_ret : 1
	State 8
		row_outbuf_addr_1_ret : 1
		row_outbuf_1_addr_1_ret : 1
		row_outbuf_2_addr_1_ret : 1
		row_outbuf_3_addr_1_ret : 1
		row_outbuf_4_addr_1_ret : 1
		row_outbuf_5_addr_1_ret : 1
		row_outbuf_6_addr_1_ret : 1
		row_outbuf_7_addr_1_ret : 1
		row_outbuf_8_addr_1_ret : 1
		row_outbuf_9_addr_1_ret : 1
		row_outbuf_10_addr_1_ret : 1
		row_outbuf_11_addr_1_ret : 1
		row_outbuf_12_addr_1_ret : 1
		row_outbuf_13_addr_1_ret : 1
		row_outbuf_14_addr_1_ret : 1
		row_outbuf_15_addr_1_ret : 1
	State 9
		row_outbuf_addr_2_ret : 1
		row_outbuf_1_addr_2_ret : 1
		row_outbuf_2_addr_2_ret : 1
		row_outbuf_3_addr_2_ret : 1
		row_outbuf_4_addr_2_ret : 1
		row_outbuf_5_addr_2_ret : 1
		row_outbuf_6_addr_2_ret : 1
		row_outbuf_7_addr_2_ret : 1
		row_outbuf_8_addr_2_ret : 1
		row_outbuf_9_addr_2_ret : 1
		row_outbuf_10_addr_2_ret : 1
		row_outbuf_11_addr_2_ret : 1
		row_outbuf_12_addr_2_ret : 1
		row_outbuf_13_addr_2_ret : 1
		row_outbuf_14_addr_2_ret : 1
		row_outbuf_15_addr_2_ret : 1
	State 10
		row_outbuf_addr_3_ret : 1
		row_outbuf_1_addr_3_ret : 1
		row_outbuf_2_addr_3_ret : 1
		row_outbuf_3_addr_3_ret : 1
		row_outbuf_4_addr_3_ret : 1
		row_outbuf_5_addr_3_ret : 1
		row_outbuf_6_addr_3_ret : 1
		row_outbuf_7_addr_3_ret : 1
		row_outbuf_8_addr_3_ret : 1
		row_outbuf_9_addr_3_ret : 1
		row_outbuf_10_addr_3_ret : 1
		row_outbuf_11_addr_3_ret : 1
		row_outbuf_12_addr_3_ret : 1
		row_outbuf_13_addr_3_ret : 1
		row_outbuf_14_addr_3_ret : 1
		row_outbuf_15_addr_3_ret : 1
		dct_1d_ret9 : 2
		dct_1d_ret10 : 2
	State 11
	State 12
	State 13
	State 14
	State 15
		col_outbuf_addr_ret : 1
		col_outbuf_1_addr_ret : 1
		col_outbuf_2_addr_ret : 1
		col_outbuf_3_addr_ret : 1
		col_outbuf_4_addr_ret : 1
		col_outbuf_5_addr_ret : 1
		col_outbuf_6_addr_ret : 1
		col_outbuf_7_addr_ret : 1
		col_outbuf_8_addr_ret : 1
		col_outbuf_9_addr_ret : 1
		col_outbuf_10_addr_ret : 1
		col_outbuf_11_addr_ret : 1
		col_outbuf_12_addr_ret : 1
		col_outbuf_13_addr_ret : 1
		col_outbuf_14_addr_ret : 1
		col_outbuf_15_addr_ret : 1
		store_ln56 : 2
		store_ln56 : 2
		store_ln56 : 2
		store_ln56 : 2
	State 16
		col_outbuf_addr_1_ret : 1
		col_outbuf_1_addr_1_ret : 1
		col_outbuf_2_addr_1_ret : 1
		col_outbuf_3_addr_1_ret : 1
		col_outbuf_4_addr_1_ret : 1
		col_outbuf_5_addr_1_ret : 1
		col_outbuf_6_addr_1_ret : 1
		col_outbuf_7_addr_1_ret : 1
		col_outbuf_8_addr_1_ret : 1
		col_outbuf_9_addr_1_ret : 1
		col_outbuf_10_addr_1_ret : 1
		col_outbuf_11_addr_1_ret : 1
		col_outbuf_12_addr_1_ret : 1
		col_outbuf_13_addr_1_ret : 1
		col_outbuf_14_addr_1_ret : 1
		col_outbuf_15_addr_1_ret : 1
		store_ln56 : 2
		store_ln56 : 2
		store_ln56 : 2
		store_ln56 : 2
		store_ln56 : 1
		store_ln56 : 1
		store_ln56 : 1
		store_ln56 : 1
	State 17
		col_outbuf_addr_2_ret : 1
		col_outbuf_1_addr_2_ret : 1
		col_outbuf_2_addr_2_ret : 1
		col_outbuf_3_addr_2_ret : 1
		col_outbuf_4_addr_2_ret : 1
		col_outbuf_5_addr_2_ret : 1
		col_outbuf_6_addr_2_ret : 1
		col_outbuf_7_addr_2_ret : 1
		col_outbuf_8_addr_2_ret : 1
		col_outbuf_9_addr_2_ret : 1
		col_outbuf_10_addr_2_ret : 1
		col_outbuf_11_addr_2_ret : 1
		col_outbuf_12_addr_2_ret : 1
		col_outbuf_13_addr_2_ret : 1
		col_outbuf_14_addr_2_ret : 1
		col_outbuf_15_addr_2_ret : 1
		store_ln56 : 2
		store_ln56 : 2
		store_ln56 : 2
		store_ln56 : 2
		store_ln56 : 1
		store_ln56 : 1
		store_ln56 : 1
		store_ln56 : 1
		store_ln56 : 1
		store_ln56 : 1
		store_ln56 : 1
		store_ln56 : 1
	State 18
		col_outbuf_addr_3_ret : 1
		col_outbuf_1_addr_3_ret : 1
		col_outbuf_2_addr_3_ret : 1
		col_outbuf_3_addr_3_ret : 1
		col_outbuf_4_addr_3_ret : 1
		col_outbuf_5_addr_3_ret : 1
		col_outbuf_6_addr_3_ret : 1
		col_outbuf_7_addr_3_ret : 1
		col_outbuf_8_addr_3_ret : 1
		col_outbuf_9_addr_3_ret : 1
		col_outbuf_10_addr_3_ret : 1
		col_outbuf_11_addr_3_ret : 1
		col_outbuf_12_addr_3_ret : 1
		col_outbuf_13_addr_3_ret : 1
		col_outbuf_14_addr_3_ret : 1
		col_outbuf_15_addr_3_ret : 1
		store_ln56 : 2
		store_ln56 : 2
		store_ln56 : 2
		store_ln56 : 2
		store_ln56 : 1
		store_ln56 : 1
		store_ln56 : 1
		store_ln56 : 1
		store_ln56 : 1
		store_ln56 : 1
		store_ln56 : 1
		store_ln56 : 1
		store_ln56 : 1
		store_ln56 : 1
		store_ln56 : 1
		store_ln56 : 1
	State 19
		store_ln56 : 1
		store_ln56 : 1
		store_ln56 : 1
		store_ln56 : 1
		store_ln56 : 1
		store_ln56 : 1
		store_ln56 : 1
		store_ln56 : 1
		store_ln56 : 1
		store_ln56 : 1
		store_ln56 : 1
		store_ln56 : 1
	State 20
		store_ln56 : 1
		store_ln56 : 1
		store_ln56 : 1
		store_ln56 : 1
		store_ln56 : 1
		store_ln56 : 1
		store_ln56 : 1
		store_ln56 : 1
	State 21
		store_ln56 : 1
		store_ln56 : 1
		store_ln56 : 1
		store_ln56 : 1


============================================================
+ Verbose Summary: Datapath Resource usage 
============================================================

* Functional unit list:
|----------|--------------------|---------|---------|---------|---------|
| Operation|   Functional Unit  |   DSP   |  Delay  |    FF   |   LUT   |
|----------|--------------------|---------|---------|---------|---------|
|          | grp_dct_1d_fu_1354 |    28   |   9.03  |   902   |   1012  |
|   call   | grp_dct_1d_fu_1374 |    28   |   9.03  |   902   |   1012  |
|          | grp_dct_1d_fu_1394 |    28   |   9.03  |   902   |   1012  |
|          | grp_dct_1d_fu_1406 |    28   |   9.03  |   902   |   1012  |
|----------|--------------------|---------|---------|---------|---------|
|          |     grp_fu_1418    |    0    |    0    |    0    |    0    |
|          |     grp_fu_1423    |    0    |    0    |    0    |    0    |
|          |     grp_fu_1428    |    0    |    0    |    0    |    0    |
|          |     grp_fu_1432    |    0    |    0    |    0    |    0    |
|          |     grp_fu_1436    |    0    |    0    |    0    |    0    |
|          |     grp_fu_1440    |    0    |    0    |    0    |    0    |
|          |     grp_fu_1444    |    0    |    0    |    0    |    0    |
|          |     grp_fu_1448    |    0    |    0    |    0    |    0    |
|          |     grp_fu_1452    |    0    |    0    |    0    |    0    |
|          |     grp_fu_1457    |    0    |    0    |    0    |    0    |
|          |     grp_fu_1462    |    0    |    0    |    0    |    0    |
|          |     grp_fu_1466    |    0    |    0    |    0    |    0    |
|          |     grp_fu_1470    |    0    |    0    |    0    |    0    |
|          |     grp_fu_1474    |    0    |    0    |    0    |    0    |
|          |     grp_fu_1478    |    0    |    0    |    0    |    0    |
|extractvalue|     grp_fu_1482    |    0    |    0    |    0    |    0    |
|          |     grp_fu_1486    |    0    |    0    |    0    |    0    |
|          |     grp_fu_1494    |    0    |    0    |    0    |    0    |
|          |     grp_fu_1502    |    0    |    0    |    0    |    0    |
|          |     grp_fu_1506    |    0    |    0    |    0    |    0    |
|          |     grp_fu_1510    |    0    |    0    |    0    |    0    |
|          |     grp_fu_1514    |    0    |    0    |    0    |    0    |
|          |     grp_fu_1518    |    0    |    0    |    0    |    0    |
|          |     grp_fu_1522    |    0    |    0    |    0    |    0    |
|          |     grp_fu_1526    |    0    |    0    |    0    |    0    |
|          |     grp_fu_1534    |    0    |    0    |    0    |    0    |
|          |     grp_fu_1542    |    0    |    0    |    0    |    0    |
|          |     grp_fu_1546    |    0    |    0    |    0    |    0    |
|          |     grp_fu_1550    |    0    |    0    |    0    |    0    |
|          |     grp_fu_1554    |    0    |    0    |    0    |    0    |
|          |     grp_fu_1558    |    0    |    0    |    0    |    0    |
|          |     grp_fu_1562    |    0    |    0    |    0    |    0    |
|----------|--------------------|---------|---------|---------|---------|
|   Total  |                    |   112   |  36.12  |   3608  |   4048  |
|----------|--------------------|---------|---------|---------|---------|

Memories:
N/A

* Register list:
+---------------------------------+--------+
|                                 |   FF   |
+---------------------------------+--------+
|col_outbuf_14_addr_1_ret_reg_2636|   16   |
|col_outbuf_14_addr_2_ret_reg_2656|   16   |
|col_outbuf_14_addr_3_ret_reg_2676|   16   |
| col_outbuf_14_addr_ret_reg_2616 |   16   |
|col_outbuf_15_addr_1_ret_reg_2641|   16   |
|col_outbuf_15_addr_2_ret_reg_2661|   16   |
|col_outbuf_15_addr_3_ret_reg_2681|   16   |
| col_outbuf_15_addr_ret_reg_2621 |   16   |
| col_outbuf_6_addr_1_ret_reg_2626|   16   |
| col_outbuf_6_addr_2_ret_reg_2646|   16   |
| col_outbuf_6_addr_3_ret_reg_2666|   16   |
|  col_outbuf_6_addr_ret_reg_2606 |   16   |
| col_outbuf_7_addr_1_ret_reg_2631|   16   |
| col_outbuf_7_addr_2_ret_reg_2651|   16   |
| col_outbuf_7_addr_3_ret_reg_2671|   16   |
|  col_outbuf_7_addr_ret_reg_2611 |   16   |
|    in_block_0_addr_1_reg_1686   |    3   |
|    in_block_0_addr_2_reg_1806   |    3   |
|    in_block_0_addr_3_reg_1846   |    3   |
|    in_block_0_addr_4_reg_1966   |    3   |
|    in_block_0_addr_5_reg_2006   |    3   |
|    in_block_0_addr_6_reg_2126   |    3   |
|    in_block_0_addr_7_reg_2166   |    3   |
|     in_block_0_addr_reg_1646    |    3   |
|    in_block_0_load_1_reg_1766   |   16   |
|    in_block_0_load_2_reg_1886   |   16   |
|    in_block_0_load_3_reg_1926   |   16   |
|    in_block_0_load_4_reg_2046   |   16   |
|    in_block_0_load_5_reg_2086   |   16   |
|    in_block_0_load_6_reg_2206   |   16   |
|    in_block_0_load_7_reg_2246   |   16   |
|     in_block_0_load_reg_1726    |   16   |
|    in_block_1_addr_1_reg_1691   |    3   |
|    in_block_1_addr_2_reg_1811   |    3   |
|    in_block_1_addr_3_reg_1851   |    3   |
|    in_block_1_addr_4_reg_1971   |    3   |
|    in_block_1_addr_5_reg_2011   |    3   |
|    in_block_1_addr_6_reg_2131   |    3   |
|    in_block_1_addr_7_reg_2171   |    3   |
|     in_block_1_addr_reg_1651    |    3   |
|    in_block_1_load_1_reg_1771   |   16   |
|    in_block_1_load_2_reg_1891   |   16   |
|    in_block_1_load_3_reg_1931   |   16   |
|    in_block_1_load_4_reg_2051   |   16   |
|    in_block_1_load_5_reg_2091   |   16   |
|    in_block_1_load_6_reg_2211   |   16   |
|    in_block_1_load_7_reg_2251   |   16   |
|     in_block_1_load_reg_1731    |   16   |
|    in_block_2_addr_1_reg_1696   |    3   |
|    in_block_2_addr_2_reg_1816   |    3   |
|    in_block_2_addr_3_reg_1856   |    3   |
|    in_block_2_addr_4_reg_1976   |    3   |
|    in_block_2_addr_5_reg_2016   |    3   |
|    in_block_2_addr_6_reg_2136   |    3   |
|    in_block_2_addr_7_reg_2176   |    3   |
|     in_block_2_addr_reg_1656    |    3   |
|    in_block_2_load_1_reg_1776   |   16   |
|    in_block_2_load_2_reg_1896   |   16   |
|    in_block_2_load_3_reg_1936   |   16   |
|    in_block_2_load_4_reg_2056   |   16   |
|    in_block_2_load_5_reg_2096   |   16   |
|    in_block_2_load_6_reg_2216   |   16   |
|    in_block_2_load_7_reg_2256   |   16   |
|     in_block_2_load_reg_1736    |   16   |
|    in_block_3_addr_1_reg_1701   |    3   |
|    in_block_3_addr_2_reg_1821   |    3   |
|    in_block_3_addr_3_reg_1861   |    3   |
|    in_block_3_addr_4_reg_1981   |    3   |
|    in_block_3_addr_5_reg_2021   |    3   |
|    in_block_3_addr_6_reg_2141   |    3   |
|    in_block_3_addr_7_reg_2181   |    3   |
|     in_block_3_addr_reg_1661    |    3   |
|    in_block_3_load_1_reg_1781   |   16   |
|    in_block_3_load_2_reg_1901   |   16   |
|    in_block_3_load_3_reg_1941   |   16   |
|    in_block_3_load_4_reg_2061   |   16   |
|    in_block_3_load_5_reg_2101   |   16   |
|    in_block_3_load_6_reg_2221   |   16   |
|    in_block_3_load_7_reg_2261   |   16   |
|     in_block_3_load_reg_1741    |   16   |
|    in_block_4_addr_1_reg_1706   |    3   |
|    in_block_4_addr_2_reg_1826   |    3   |
|    in_block_4_addr_3_reg_1866   |    3   |
|    in_block_4_addr_4_reg_1986   |    3   |
|    in_block_4_addr_5_reg_2026   |    3   |
|    in_block_4_addr_6_reg_2146   |    3   |
|    in_block_4_addr_7_reg_2186   |    3   |
|     in_block_4_addr_reg_1666    |    3   |
|    in_block_4_load_1_reg_1786   |   16   |
|    in_block_4_load_2_reg_1906   |   16   |
|    in_block_4_load_3_reg_1946   |   16   |
|    in_block_4_load_4_reg_2066   |   16   |
|    in_block_4_load_5_reg_2106   |   16   |
|    in_block_4_load_6_reg_2226   |   16   |
|    in_block_4_load_7_reg_2266   |   16   |
|     in_block_4_load_reg_1746    |   16   |
|    in_block_5_addr_1_reg_1711   |    3   |
|    in_block_5_addr_2_reg_1831   |    3   |
|    in_block_5_addr_3_reg_1871   |    3   |
|    in_block_5_addr_4_reg_1991   |    3   |
|    in_block_5_addr_5_reg_2031   |    3   |
|    in_block_5_addr_6_reg_2151   |    3   |
|    in_block_5_addr_7_reg_2191   |    3   |
|     in_block_5_addr_reg_1671    |    3   |
|    in_block_5_load_1_reg_1791   |   16   |
|    in_block_5_load_2_reg_1911   |   16   |
|    in_block_5_load_3_reg_1951   |   16   |
|    in_block_5_load_4_reg_2071   |   16   |
|    in_block_5_load_5_reg_2111   |   16   |
|    in_block_5_load_6_reg_2231   |   16   |
|    in_block_5_load_7_reg_2271   |   16   |
|     in_block_5_load_reg_1751    |   16   |
|    in_block_6_addr_1_reg_1716   |    3   |
|    in_block_6_addr_2_reg_1836   |    3   |
|    in_block_6_addr_3_reg_1876   |    3   |
|    in_block_6_addr_4_reg_1996   |    3   |
|    in_block_6_addr_5_reg_2036   |    3   |
|    in_block_6_addr_6_reg_2156   |    3   |
|    in_block_6_addr_7_reg_2196   |    3   |
|     in_block_6_addr_reg_1676    |    3   |
|    in_block_6_load_1_reg_1796   |   16   |
|    in_block_6_load_2_reg_1916   |   16   |
|    in_block_6_load_3_reg_1956   |   16   |
|    in_block_6_load_4_reg_2076   |   16   |
|    in_block_6_load_5_reg_2116   |   16   |
|    in_block_6_load_6_reg_2236   |   16   |
|    in_block_6_load_7_reg_2276   |   16   |
|     in_block_6_load_reg_1756    |   16   |
|    in_block_7_addr_1_reg_1721   |    3   |
|    in_block_7_addr_2_reg_1841   |    3   |
|    in_block_7_addr_3_reg_1881   |    3   |
|    in_block_7_addr_4_reg_2001   |    3   |
|    in_block_7_addr_5_reg_2041   |    3   |
|    in_block_7_addr_6_reg_2161   |    3   |
|    in_block_7_addr_7_reg_2201   |    3   |
|     in_block_7_addr_reg_1681    |    3   |
|    in_block_7_load_1_reg_1801   |   16   |
|    in_block_7_load_2_reg_1921   |   16   |
|    in_block_7_load_3_reg_1961   |   16   |
|    in_block_7_load_4_reg_2081   |   16   |
|    in_block_7_load_5_reg_2121   |   16   |
|    in_block_7_load_6_reg_2241   |   16   |
|    in_block_7_load_7_reg_2281   |   16   |
|     in_block_7_load_reg_1761    |   16   |
|             reg_1566            |   16   |
|             reg_1574            |   16   |
|             reg_1582            |   16   |
|             reg_1588            |   16   |
|             reg_1594            |   16   |
|             reg_1602            |   16   |
|             reg_1610            |   16   |
|             reg_1616            |   16   |
|             reg_1622            |   16   |
|             reg_1628            |   16   |
|             reg_1634            |   16   |
|             reg_1640            |   16   |
|row_outbuf_10_addr_1_ret_reg_2416|   16   |
|row_outbuf_10_addr_2_ret_reg_2496|   16   |
|row_outbuf_10_addr_3_ret_reg_2576|   16   |
| row_outbuf_10_addr_ret_reg_2336 |   16   |
|row_outbuf_11_addr_1_ret_reg_2421|   16   |
|row_outbuf_11_addr_2_ret_reg_2501|   16   |
|row_outbuf_11_addr_3_ret_reg_2581|   16   |
| row_outbuf_11_addr_ret_reg_2341 |   16   |
|row_outbuf_12_addr_1_ret_reg_2426|   16   |
|row_outbuf_12_addr_2_ret_reg_2506|   16   |
|row_outbuf_12_addr_3_ret_reg_2586|   16   |
| row_outbuf_12_addr_ret_reg_2346 |   16   |
|row_outbuf_13_addr_1_ret_reg_2431|   16   |
|row_outbuf_13_addr_2_ret_reg_2511|   16   |
|row_outbuf_13_addr_3_ret_reg_2591|   16   |
| row_outbuf_13_addr_ret_reg_2351 |   16   |
|row_outbuf_14_addr_1_ret_reg_2436|   16   |
|row_outbuf_14_addr_2_ret_reg_2516|   16   |
|row_outbuf_14_addr_3_ret_reg_2596|   16   |
| row_outbuf_14_addr_ret_reg_2356 |   16   |
|row_outbuf_15_addr_1_ret_reg_2441|   16   |
|row_outbuf_15_addr_2_ret_reg_2521|   16   |
|row_outbuf_15_addr_3_ret_reg_2601|   16   |
| row_outbuf_15_addr_ret_reg_2361 |   16   |
| row_outbuf_1_addr_1_ret_reg_2371|   16   |
| row_outbuf_1_addr_2_ret_reg_2451|   16   |
| row_outbuf_1_addr_3_ret_reg_2531|   16   |
|  row_outbuf_1_addr_ret_reg_2291 |   16   |
| row_outbuf_2_addr_1_ret_reg_2376|   16   |
| row_outbuf_2_addr_2_ret_reg_2456|   16   |
| row_outbuf_2_addr_3_ret_reg_2536|   16   |
|  row_outbuf_2_addr_ret_reg_2296 |   16   |
| row_outbuf_3_addr_1_ret_reg_2381|   16   |
| row_outbuf_3_addr_2_ret_reg_2461|   16   |
| row_outbuf_3_addr_3_ret_reg_2541|   16   |
|  row_outbuf_3_addr_ret_reg_2301 |   16   |
| row_outbuf_4_addr_1_ret_reg_2386|   16   |
| row_outbuf_4_addr_2_ret_reg_2466|   16   |
| row_outbuf_4_addr_3_ret_reg_2546|   16   |
|  row_outbuf_4_addr_ret_reg_2306 |   16   |
| row_outbuf_5_addr_1_ret_reg_2391|   16   |
| row_outbuf_5_addr_2_ret_reg_2471|   16   |
| row_outbuf_5_addr_3_ret_reg_2551|   16   |
|  row_outbuf_5_addr_ret_reg_2311 |   16   |
| row_outbuf_6_addr_1_ret_reg_2396|   16   |
| row_outbuf_6_addr_2_ret_reg_2476|   16   |
| row_outbuf_6_addr_3_ret_reg_2556|   16   |
|  row_outbuf_6_addr_ret_reg_2316 |   16   |
| row_outbuf_7_addr_1_ret_reg_2401|   16   |
| row_outbuf_7_addr_2_ret_reg_2481|   16   |
| row_outbuf_7_addr_3_ret_reg_2561|   16   |
|  row_outbuf_7_addr_ret_reg_2321 |   16   |
| row_outbuf_8_addr_1_ret_reg_2406|   16   |
| row_outbuf_8_addr_2_ret_reg_2486|   16   |
| row_outbuf_8_addr_3_ret_reg_2566|   16   |
|  row_outbuf_8_addr_ret_reg_2326 |   16   |
| row_outbuf_9_addr_1_ret_reg_2411|   16   |
| row_outbuf_9_addr_2_ret_reg_2491|   16   |
| row_outbuf_9_addr_3_ret_reg_2571|   16   |
|  row_outbuf_9_addr_ret_reg_2331 |   16   |
|  row_outbuf_addr_1_ret_reg_2366 |   16   |
|  row_outbuf_addr_2_ret_reg_2446 |   16   |
|  row_outbuf_addr_3_ret_reg_2526 |   16   |
|   row_outbuf_addr_ret_reg_2286  |   16   |
+---------------------------------+--------+
|              Total              |  2688  |
+---------------------------------+--------+

* Multiplexer (MUX) list: 
|--------------------|------|------|------|--------||---------||---------||---------|
|        Comp        |  Pin | Size |  BW  | S x BW ||  Delay  ||    FF   ||   LUT   |
|--------------------|------|------|------|--------||---------||---------||---------|
|  grp_access_fu_122 |  p0  |   8  |   3  |   24   ||    0    ||    43   |
|  grp_access_fu_122 |  p2  |   8  |   0  |    0   ||    0    ||    43   |
|  grp_access_fu_132 |  p0  |   8  |   3  |   24   ||    0    ||    43   |
|  grp_access_fu_132 |  p2  |   8  |   0  |    0   ||    0    ||    43   |
|  grp_access_fu_142 |  p0  |   8  |   3  |   24   ||    0    ||    43   |
|  grp_access_fu_142 |  p2  |   8  |   0  |    0   ||    0    ||    43   |
|  grp_access_fu_152 |  p0  |   8  |   3  |   24   ||    0    ||    43   |
|  grp_access_fu_152 |  p2  |   8  |   0  |    0   ||    0    ||    43   |
|  grp_access_fu_162 |  p0  |   8  |   3  |   24   ||    0    ||    43   |
|  grp_access_fu_162 |  p2  |   8  |   0  |    0   ||    0    ||    43   |
|  grp_access_fu_172 |  p0  |   8  |   3  |   24   ||    0    ||    43   |
|  grp_access_fu_172 |  p2  |   8  |   0  |    0   ||    0    ||    43   |
|  grp_access_fu_182 |  p0  |   8  |   3  |   24   ||    0    ||    43   |
|  grp_access_fu_182 |  p2  |   8  |   0  |    0   ||    0    ||    43   |
|  grp_access_fu_192 |  p0  |   8  |   3  |   24   ||    0    ||    43   |
|  grp_access_fu_192 |  p2  |   8  |   0  |    0   ||    0    ||    43   |
|  grp_access_fu_738 |  p0  |   4  |   3  |   12   ||    0    ||    20   |
|  grp_access_fu_738 |  p1  |   4  |  16  |   64   ||    0    ||    20   |
|  grp_access_fu_738 |  p2  |   4  |   0  |    0   ||    0    ||    20   |
|  grp_access_fu_738 |  p4  |   4  |   3  |   12   ||    0    ||    20   |
|  grp_access_fu_748 |  p0  |   4  |   3  |   12   ||    0    ||    20   |
|  grp_access_fu_748 |  p1  |   4  |  16  |   64   ||    0    ||    20   |
|  grp_access_fu_748 |  p2  |   4  |   0  |    0   ||    0    ||    20   |
|  grp_access_fu_748 |  p4  |   4  |   3  |   12   ||    0    ||    20   |
|  grp_access_fu_824 |  p0  |   4  |   3  |   12   ||    0    ||    20   |
|  grp_access_fu_824 |  p1  |   4  |  16  |   64   ||    0    ||    20   |
|  grp_access_fu_824 |  p2  |   4  |   0  |    0   ||    0    ||    20   |
|  grp_access_fu_824 |  p4  |   4  |   3  |   12   ||    0    ||    20   |
|  grp_access_fu_834 |  p0  |   4  |   3  |   12   ||    0    ||    20   |
|  grp_access_fu_834 |  p1  |   4  |  16  |   64   ||    0    ||    20   |
|  grp_access_fu_834 |  p2  |   4  |   0  |    0   ||    0    ||    20   |
|  grp_access_fu_834 |  p4  |   4  |   3  |   12   ||    0    ||    20   |
|  grp_access_fu_946 |  p0  |   4  |   3  |   12   ||    0    ||    20   |
|  grp_access_fu_946 |  p1  |   4  |  16  |   64   ||    0    ||    20   |
|  grp_access_fu_946 |  p2  |   4  |   0  |    0   ||    0    ||    20   |
|  grp_access_fu_946 |  p4  |   4  |   3  |   12   ||    0    ||    20   |
|  grp_access_fu_956 |  p0  |   4  |   3  |   12   ||    0    ||    20   |
|  grp_access_fu_956 |  p1  |   4  |  16  |   64   ||    0    ||    20   |
|  grp_access_fu_956 |  p2  |   4  |   0  |    0   ||    0    ||    20   |
|  grp_access_fu_956 |  p4  |   4  |   3  |   12   ||    0    ||    20   |
| grp_access_fu_1104 |  p0  |   4  |   3  |   12   ||    0    ||    20   |
| grp_access_fu_1104 |  p1  |   4  |  16  |   64   ||    0    ||    20   |
| grp_access_fu_1104 |  p2  |   4  |   0  |    0   ||    0    ||    20   |
| grp_access_fu_1104 |  p4  |   4  |   3  |   12   ||    0    ||    20   |
| grp_access_fu_1114 |  p0  |   4  |   3  |   12   ||    0    ||    20   |
| grp_access_fu_1114 |  p1  |   4  |  16  |   64   ||    0    ||    20   |
| grp_access_fu_1114 |  p2  |   4  |   0  |    0   ||    0    ||    20   |
| grp_access_fu_1114 |  p4  |   4  |   3  |   12   ||    0    ||    20   |
| grp_dct_1d_fu_1354 |  p1  |   5  |  16  |   80   ||    0    ||    26   |
| grp_dct_1d_fu_1354 |  p2  |   5  |  16  |   80   ||    0    ||    26   |
| grp_dct_1d_fu_1354 |  p3  |   5  |  16  |   80   ||    0    ||    26   |
| grp_dct_1d_fu_1354 |  p4  |   5  |  16  |   80   ||    0    ||    26   |
| grp_dct_1d_fu_1354 |  p5  |   5  |  16  |   80   ||    0    ||    26   |
| grp_dct_1d_fu_1354 |  p6  |   5  |  16  |   80   ||    0    ||    26   |
| grp_dct_1d_fu_1354 |  p7  |   5  |  16  |   80   ||    0    ||    26   |
| grp_dct_1d_fu_1354 |  p8  |   5  |  16  |   80   ||    0    ||    26   |
| grp_dct_1d_fu_1374 |  p1  |   5  |  16  |   80   ||    0    ||    26   |
| grp_dct_1d_fu_1374 |  p2  |   5  |  16  |   80   ||    0    ||    26   |
| grp_dct_1d_fu_1374 |  p3  |   5  |  16  |   80   ||    0    ||    26   |
| grp_dct_1d_fu_1374 |  p4  |   5  |  16  |   80   ||    0    ||    26   |
| grp_dct_1d_fu_1374 |  p5  |   5  |  16  |   80   ||    0    ||    26   |
| grp_dct_1d_fu_1374 |  p6  |   5  |  16  |   80   ||    0    ||    26   |
| grp_dct_1d_fu_1374 |  p7  |   5  |  16  |   80   ||    0    ||    26   |
| grp_dct_1d_fu_1374 |  p8  |   5  |  16  |   80   ||    0    ||    26   |
| grp_dct_1d_fu_1394 |  p1  |   4  |  16  |   64   ||    0    ||    20   |
| grp_dct_1d_fu_1394 |  p2  |   4  |  16  |   64   ||    0    ||    20   |
| grp_dct_1d_fu_1394 |  p3  |   4  |  16  |   64   ||    0    ||    20   |
| grp_dct_1d_fu_1394 |  p4  |   4  |  16  |   64   ||    0    ||    20   |
| grp_dct_1d_fu_1394 |  p5  |   4  |  16  |   64   ||    0    ||    20   |
| grp_dct_1d_fu_1394 |  p6  |   4  |  16  |   64   ||    0    ||    20   |
| grp_dct_1d_fu_1394 |  p7  |   5  |  16  |   80   ||    0    ||    26   |
| grp_dct_1d_fu_1394 |  p8  |   5  |  16  |   80   ||    0    ||    26   |
| grp_dct_1d_fu_1406 |  p1  |   4  |  16  |   64   ||    0    ||    20   |
| grp_dct_1d_fu_1406 |  p2  |   4  |  16  |   64   ||    0    ||    20   |
| grp_dct_1d_fu_1406 |  p3  |   4  |  16  |   64   ||    0    ||    20   |
| grp_dct_1d_fu_1406 |  p4  |   4  |  16  |   64   ||    0    ||    20   |
| grp_dct_1d_fu_1406 |  p5  |   4  |  16  |   64   ||    0    ||    20   |
| grp_dct_1d_fu_1406 |  p6  |   4  |  16  |   64   ||    0    ||    20   |
| grp_dct_1d_fu_1406 |  p7  |   5  |  16  |   80   ||    0    ||    26   |
| grp_dct_1d_fu_1406 |  p8  |   5  |  16  |   80   ||    0    ||    26   |
|--------------------|------|------|------|--------||---------||---------||---------|
|        Total       |      |      |      |  3264  ||  46.116 ||    0    ||   2088  |
|--------------------|------|------|------|--------||---------||---------||---------|



* Summary:
+-----------+--------+--------+--------+--------+
|           |   DSP  |  Delay |   FF   |   LUT  |
+-----------+--------+--------+--------+--------+
|  Function |   112  |   36   |  3608  |  4048  |
|   Memory  |    -   |    -   |    -   |    -   |
|Multiplexer|    -   |   46   |    0   |  2088  |
|  Register |    -   |    -   |  2688  |    -   |
+-----------+--------+--------+--------+--------+
|   Total   |   112  |   82   |  6296  |  6136  |
+-----------+--------+--------+--------+--------+
