

================================================================
== Vitis HLS Report for 'dct_2d'
================================================================
* Date:           Thu Jan 29 20:29:32 2026

* Version:        2024.1 (Build 5069499 on May 21 2024)
* Project:        dct
* Solution:       hls (Vitis Kernel Flow Target)
* Product family: zynquplus
* Target device:  xczu3eg-sfvc784-2-e


================================================================
== Performance Estimates
================================================================
+ Timing: 
    * Summary: 
    +--------+---------+----------+------------+
    |  Clock |  Target | Estimated| Uncertainty|
    +--------+---------+----------+------------+
    |ap_clk  |  8.00 ns|  4.408 ns|     0.96 ns|
    +--------+---------+----------+------------+

+ Latency: 
    * Summary: 
    +---------+---------+----------+----------+-----+-----+---------+
    |  Latency (cycles) |  Latency (absolute) |  Interval | Pipeline|
    |   min   |   max   |    min   |    max   | min | max |   Type  |
    +---------+---------+----------+----------+-----+-----+---------+
    |       20|       20|  0.160 us|  0.160 us|    4|    4|      yes|
    +---------+---------+----------+----------+-----+-----+---------+

    + Detail: 
        * Instance: 
        N/A

        * Loop: 
        N/A

============================================================
+ Verbose Summary: Synthesis Manager
============================================================
InlineROM: 1
ExposeGlobal: 0
============================================================
+ Verbose Summary: CDFG Model
============================================================
IsTopModel: 0
ResetActiveHigh: 1
IsCombinational: 0
IsDatapathOnly: 0
HasWiredReturn: 1
HasMFsm: 2
HasVarLatency: 0
IsPipeline: 1
IsRtlPipelined: 1
IsInstanceOverlapped: 0
IsDontTouch: 0
HasImplIP: 0
IsGatedGlobalClock: 0

+ Individual pipeline summary: 
  * Pipeline-0: initiation interval (II) = 4, depth = 21


============================================================
+ Verbose Summary: Schedule
============================================================
* Number of FSM states : 21
* Pipeline : 1
  Pipeline-0 : II = 4, D = 21, States = { 1 2 3 4 5 6 7 8 9 10 11 12 13 14 15 16 17 18 19 20 21 }
* Dataflow Pipeline: 0

* FSM state transitions: 
1 --> 2 
2 --> 3 
3 --> 4 
4 --> 5 
5 --> 6 
6 --> 7 
7 --> 8 
8 --> 9 
9 --> 10 
10 --> 11 
11 --> 12 
12 --> 13 
13 --> 14 
14 --> 15 
15 --> 16 
16 --> 17 
17 --> 18 
18 --> 19 
19 --> 20 
20 --> 21 
21 --> 

* FSM state operations: 

State 1 <SV = 0> <Delay = 0.67>
ST_1 : Operation 22 [1/1] (0.00ns)   --->   "%in_block_0_addr = getelementptr i16 %in_block_0, i64 0, i64 0" [../dct_ref/dct.cpp:38]   --->   Operation 22 'getelementptr' 'in_block_0_addr' <Predicate = true> <Delay = 0.00>
ST_1 : Operation 23 [1/1] (0.00ns)   --->   "%in_block_1_addr = getelementptr i16 %in_block_1, i64 0, i64 0" [../dct_ref/dct.cpp:38]   --->   Operation 23 'getelementptr' 'in_block_1_addr' <Predicate = true> <Delay = 0.00>
ST_1 : Operation 24 [1/1] (0.00ns)   --->   "%in_block_2_addr = getelementptr i16 %in_block_2, i64 0, i64 0" [../dct_ref/dct.cpp:38]   --->   Operation 24 'getelementptr' 'in_block_2_addr' <Predicate = true> <Delay = 0.00>
ST_1 : Operation 25 [1/1] (0.00ns)   --->   "%in_block_3_addr = getelementptr i16 %in_block_3, i64 0, i64 0" [../dct_ref/dct.cpp:38]   --->   Operation 25 'getelementptr' 'in_block_3_addr' <Predicate = true> <Delay = 0.00>
ST_1 : Operation 26 [1/1] (0.00ns)   --->   "%in_block_4_addr = getelementptr i16 %in_block_4, i64 0, i64 0" [../dct_ref/dct.cpp:38]   --->   Operation 26 'getelementptr' 'in_block_4_addr' <Predicate = true> <Delay = 0.00>
ST_1 : Operation 27 [1/1] (0.00ns)   --->   "%in_block_5_addr = getelementptr i16 %in_block_5, i64 0, i64 0" [../dct_ref/dct.cpp:38]   --->   Operation 27 'getelementptr' 'in_block_5_addr' <Predicate = true> <Delay = 0.00>
ST_1 : Operation 28 [1/1] (0.00ns)   --->   "%in_block_6_addr = getelementptr i16 %in_block_6, i64 0, i64 0" [../dct_ref/dct.cpp:38]   --->   Operation 28 'getelementptr' 'in_block_6_addr' <Predicate = true> <Delay = 0.00>
ST_1 : Operation 29 [1/1] (0.00ns)   --->   "%in_block_7_addr = getelementptr i16 %in_block_7, i64 0, i64 0" [../dct_ref/dct.cpp:38]   --->   Operation 29 'getelementptr' 'in_block_7_addr' <Predicate = true> <Delay = 0.00>
ST_1 : Operation 30 [2/2] (0.67ns)   --->   "%in_block_0_load = load i3 %in_block_0_addr" [../dct_ref/dct.cpp:38]   --->   Operation 30 'load' 'in_block_0_load' <Predicate = true> <Delay = 0.67> <CoreInst = "RAM">   --->   Core 82 'RAM' <Latency = 1> <II = 1> <Delay = 0.67> <Storage> <Opcode : 'load' 'store'> <Ports = 2> <Width = 16> <Depth = 8> <RAM>
ST_1 : Operation 31 [2/2] (0.67ns)   --->   "%in_block_1_load = load i3 %in_block_1_addr" [../dct_ref/dct.cpp:38]   --->   Operation 31 'load' 'in_block_1_load' <Predicate = true> <Delay = 0.67> <CoreInst = "RAM">   --->   Core 82 'RAM' <Latency = 1> <II = 1> <Delay = 0.67> <Storage> <Opcode : 'load' 'store'> <Ports = 2> <Width = 16> <Depth = 8> <RAM>
ST_1 : Operation 32 [2/2] (0.67ns)   --->   "%in_block_2_load = load i3 %in_block_2_addr" [../dct_ref/dct.cpp:38]   --->   Operation 32 'load' 'in_block_2_load' <Predicate = true> <Delay = 0.67> <CoreInst = "RAM">   --->   Core 82 'RAM' <Latency = 1> <II = 1> <Delay = 0.67> <Storage> <Opcode : 'load' 'store'> <Ports = 2> <Width = 16> <Depth = 8> <RAM>
ST_1 : Operation 33 [2/2] (0.67ns)   --->   "%in_block_3_load = load i3 %in_block_3_addr" [../dct_ref/dct.cpp:38]   --->   Operation 33 'load' 'in_block_3_load' <Predicate = true> <Delay = 0.67> <CoreInst = "RAM">   --->   Core 82 'RAM' <Latency = 1> <II = 1> <Delay = 0.67> <Storage> <Opcode : 'load' 'store'> <Ports = 2> <Width = 16> <Depth = 8> <RAM>
ST_1 : Operation 34 [2/2] (0.67ns)   --->   "%in_block_4_load = load i3 %in_block_4_addr" [../dct_ref/dct.cpp:38]   --->   Operation 34 'load' 'in_block_4_load' <Predicate = true> <Delay = 0.67> <CoreInst = "RAM">   --->   Core 82 'RAM' <Latency = 1> <II = 1> <Delay = 0.67> <Storage> <Opcode : 'load' 'store'> <Ports = 2> <Width = 16> <Depth = 8> <RAM>
ST_1 : Operation 35 [2/2] (0.67ns)   --->   "%in_block_5_load = load i3 %in_block_5_addr" [../dct_ref/dct.cpp:38]   --->   Operation 35 'load' 'in_block_5_load' <Predicate = true> <Delay = 0.67> <CoreInst = "RAM">   --->   Core 82 'RAM' <Latency = 1> <II = 1> <Delay = 0.67> <Storage> <Opcode : 'load' 'store'> <Ports = 2> <Width = 16> <Depth = 8> <RAM>
ST_1 : Operation 36 [2/2] (0.67ns)   --->   "%in_block_6_load = load i3 %in_block_6_addr" [../dct_ref/dct.cpp:38]   --->   Operation 36 'load' 'in_block_6_load' <Predicate = true> <Delay = 0.67> <CoreInst = "RAM">   --->   Core 82 'RAM' <Latency = 1> <II = 1> <Delay = 0.67> <Storage> <Opcode : 'load' 'store'> <Ports = 2> <Width = 16> <Depth = 8> <RAM>
ST_1 : Operation 37 [2/2] (0.67ns)   --->   "%in_block_7_load = load i3 %in_block_7_addr" [../dct_ref/dct.cpp:38]   --->   Operation 37 'load' 'in_block_7_load' <Predicate = true> <Delay = 0.67> <CoreInst = "RAM">   --->   Core 82 'RAM' <Latency = 1> <II = 1> <Delay = 0.67> <Storage> <Opcode : 'load' 'store'> <Ports = 2> <Width = 16> <Depth = 8> <RAM>
ST_1 : Operation 38 [1/1] (0.00ns)   --->   "%in_block_0_addr_1 = getelementptr i16 %in_block_0, i64 0, i64 1" [../dct_ref/dct.cpp:38]   --->   Operation 38 'getelementptr' 'in_block_0_addr_1' <Predicate = true> <Delay = 0.00>
ST_1 : Operation 39 [1/1] (0.00ns)   --->   "%in_block_1_addr_1 = getelementptr i16 %in_block_1, i64 0, i64 1" [../dct_ref/dct.cpp:38]   --->   Operation 39 'getelementptr' 'in_block_1_addr_1' <Predicate = true> <Delay = 0.00>
ST_1 : Operation 40 [1/1] (0.00ns)   --->   "%in_block_2_addr_1 = getelementptr i16 %in_block_2, i64 0, i64 1" [../dct_ref/dct.cpp:38]   --->   Operation 40 'getelementptr' 'in_block_2_addr_1' <Predicate = true> <Delay = 0.00>
ST_1 : Operation 41 [1/1] (0.00ns)   --->   "%in_block_3_addr_1 = getelementptr i16 %in_block_3, i64 0, i64 1" [../dct_ref/dct.cpp:38]   --->   Operation 41 'getelementptr' 'in_block_3_addr_1' <Predicate = true> <Delay = 0.00>
ST_1 : Operation 42 [1/1] (0.00ns)   --->   "%in_block_4_addr_1 = getelementptr i16 %in_block_4, i64 0, i64 1" [../dct_ref/dct.cpp:38]   --->   Operation 42 'getelementptr' 'in_block_4_addr_1' <Predicate = true> <Delay = 0.00>
ST_1 : Operation 43 [1/1] (0.00ns)   --->   "%in_block_5_addr_1 = getelementptr i16 %in_block_5, i64 0, i64 1" [../dct_ref/dct.cpp:38]   --->   Operation 43 'getelementptr' 'in_block_5_addr_1' <Predicate = true> <Delay = 0.00>
ST_1 : Operation 44 [1/1] (0.00ns)   --->   "%in_block_6_addr_1 = getelementptr i16 %in_block_6, i64 0, i64 1" [../dct_ref/dct.cpp:38]   --->   Operation 44 'getelementptr' 'in_block_6_addr_1' <Predicate = true> <Delay = 0.00>
ST_1 : Operation 45 [1/1] (0.00ns)   --->   "%in_block_7_addr_1 = getelementptr i16 %in_block_7, i64 0, i64 1" [../dct_ref/dct.cpp:38]   --->   Operation 45 'getelementptr' 'in_block_7_addr_1' <Predicate = true> <Delay = 0.00>
ST_1 : Operation 46 [2/2] (0.67ns)   --->   "%in_block_0_load_1 = load i3 %in_block_0_addr_1" [../dct_ref/dct.cpp:38]   --->   Operation 46 'load' 'in_block_0_load_1' <Predicate = true> <Delay = 0.67> <CoreInst = "RAM">   --->   Core 82 'RAM' <Latency = 1> <II = 1> <Delay = 0.67> <Storage> <Opcode : 'load' 'store'> <Ports = 2> <Width = 16> <Depth = 8> <RAM>
ST_1 : Operation 47 [2/2] (0.67ns)   --->   "%in_block_1_load_1 = load i3 %in_block_1_addr_1" [../dct_ref/dct.cpp:38]   --->   Operation 47 'load' 'in_block_1_load_1' <Predicate = true> <Delay = 0.67> <CoreInst = "RAM">   --->   Core 82 'RAM' <Latency = 1> <II = 1> <Delay = 0.67> <Storage> <Opcode : 'load' 'store'> <Ports = 2> <Width = 16> <Depth = 8> <RAM>
ST_1 : Operation 48 [2/2] (0.67ns)   --->   "%in_block_2_load_1 = load i3 %in_block_2_addr_1" [../dct_ref/dct.cpp:38]   --->   Operation 48 'load' 'in_block_2_load_1' <Predicate = true> <Delay = 0.67> <CoreInst = "RAM">   --->   Core 82 'RAM' <Latency = 1> <II = 1> <Delay = 0.67> <Storage> <Opcode : 'load' 'store'> <Ports = 2> <Width = 16> <Depth = 8> <RAM>
ST_1 : Operation 49 [2/2] (0.67ns)   --->   "%in_block_3_load_1 = load i3 %in_block_3_addr_1" [../dct_ref/dct.cpp:38]   --->   Operation 49 'load' 'in_block_3_load_1' <Predicate = true> <Delay = 0.67> <CoreInst = "RAM">   --->   Core 82 'RAM' <Latency = 1> <II = 1> <Delay = 0.67> <Storage> <Opcode : 'load' 'store'> <Ports = 2> <Width = 16> <Depth = 8> <RAM>
ST_1 : Operation 50 [2/2] (0.67ns)   --->   "%in_block_4_load_1 = load i3 %in_block_4_addr_1" [../dct_ref/dct.cpp:38]   --->   Operation 50 'load' 'in_block_4_load_1' <Predicate = true> <Delay = 0.67> <CoreInst = "RAM">   --->   Core 82 'RAM' <Latency = 1> <II = 1> <Delay = 0.67> <Storage> <Opcode : 'load' 'store'> <Ports = 2> <Width = 16> <Depth = 8> <RAM>
ST_1 : Operation 51 [2/2] (0.67ns)   --->   "%in_block_5_load_1 = load i3 %in_block_5_addr_1" [../dct_ref/dct.cpp:38]   --->   Operation 51 'load' 'in_block_5_load_1' <Predicate = true> <Delay = 0.67> <CoreInst = "RAM">   --->   Core 82 'RAM' <Latency = 1> <II = 1> <Delay = 0.67> <Storage> <Opcode : 'load' 'store'> <Ports = 2> <Width = 16> <Depth = 8> <RAM>
ST_1 : Operation 52 [2/2] (0.67ns)   --->   "%in_block_6_load_1 = load i3 %in_block_6_addr_1" [../dct_ref/dct.cpp:38]   --->   Operation 52 'load' 'in_block_6_load_1' <Predicate = true> <Delay = 0.67> <CoreInst = "RAM">   --->   Core 82 'RAM' <Latency = 1> <II = 1> <Delay = 0.67> <Storage> <Opcode : 'load' 'store'> <Ports = 2> <Width = 16> <Depth = 8> <RAM>
ST_1 : Operation 53 [2/2] (0.67ns)   --->   "%in_block_7_load_1 = load i3 %in_block_7_addr_1" [../dct_ref/dct.cpp:38]   --->   Operation 53 'load' 'in_block_7_load_1' <Predicate = true> <Delay = 0.67> <CoreInst = "RAM">   --->   Core 82 'RAM' <Latency = 1> <II = 1> <Delay = 0.67> <Storage> <Opcode : 'load' 'store'> <Ports = 2> <Width = 16> <Depth = 8> <RAM>

State 2 <SV = 1> <Delay = 3.36>
ST_2 : Operation 54 [1/2] (0.67ns)   --->   "%in_block_0_load = load i3 %in_block_0_addr" [../dct_ref/dct.cpp:38]   --->   Operation 54 'load' 'in_block_0_load' <Predicate = true> <Delay = 0.67> <CoreInst = "RAM">   --->   Core 82 'RAM' <Latency = 1> <II = 1> <Delay = 0.67> <Storage> <Opcode : 'load' 'store'> <Ports = 2> <Width = 16> <Depth = 8> <RAM>
ST_2 : Operation 55 [1/2] (0.67ns)   --->   "%in_block_1_load = load i3 %in_block_1_addr" [../dct_ref/dct.cpp:38]   --->   Operation 55 'load' 'in_block_1_load' <Predicate = true> <Delay = 0.67> <CoreInst = "RAM">   --->   Core 82 'RAM' <Latency = 1> <II = 1> <Delay = 0.67> <Storage> <Opcode : 'load' 'store'> <Ports = 2> <Width = 16> <Depth = 8> <RAM>
ST_2 : Operation 56 [1/2] (0.67ns)   --->   "%in_block_2_load = load i3 %in_block_2_addr" [../dct_ref/dct.cpp:38]   --->   Operation 56 'load' 'in_block_2_load' <Predicate = true> <Delay = 0.67> <CoreInst = "RAM">   --->   Core 82 'RAM' <Latency = 1> <II = 1> <Delay = 0.67> <Storage> <Opcode : 'load' 'store'> <Ports = 2> <Width = 16> <Depth = 8> <RAM>
ST_2 : Operation 57 [1/2] (0.67ns)   --->   "%in_block_3_load = load i3 %in_block_3_addr" [../dct_ref/dct.cpp:38]   --->   Operation 57 'load' 'in_block_3_load' <Predicate = true> <Delay = 0.67> <CoreInst = "RAM">   --->   Core 82 'RAM' <Latency = 1> <II = 1> <Delay = 0.67> <Storage> <Opcode : 'load' 'store'> <Ports = 2> <Width = 16> <Depth = 8> <RAM>
ST_2 : Operation 58 [1/2] (0.67ns)   --->   "%in_block_4_load = load i3 %in_block_4_addr" [../dct_ref/dct.cpp:38]   --->   Operation 58 'load' 'in_block_4_load' <Predicate = true> <Delay = 0.67> <CoreInst = "RAM">   --->   Core 82 'RAM' <Latency = 1> <II = 1> <Delay = 0.67> <Storage> <Opcode : 'load' 'store'> <Ports = 2> <Width = 16> <Depth = 8> <RAM>
ST_2 : Operation 59 [1/2] (0.67ns)   --->   "%in_block_5_load = load i3 %in_block_5_addr" [../dct_ref/dct.cpp:38]   --->   Operation 59 'load' 'in_block_5_load' <Predicate = true> <Delay = 0.67> <CoreInst = "RAM">   --->   Core 82 'RAM' <Latency = 1> <II = 1> <Delay = 0.67> <Storage> <Opcode : 'load' 'store'> <Ports = 2> <Width = 16> <Depth = 8> <RAM>
ST_2 : Operation 60 [1/2] (0.67ns)   --->   "%in_block_6_load = load i3 %in_block_6_addr" [../dct_ref/dct.cpp:38]   --->   Operation 60 'load' 'in_block_6_load' <Predicate = true> <Delay = 0.67> <CoreInst = "RAM">   --->   Core 82 'RAM' <Latency = 1> <II = 1> <Delay = 0.67> <Storage> <Opcode : 'load' 'store'> <Ports = 2> <Width = 16> <Depth = 8> <RAM>
ST_2 : Operation 61 [1/2] (0.67ns)   --->   "%in_block_7_load = load i3 %in_block_7_addr" [../dct_ref/dct.cpp:38]   --->   Operation 61 'load' 'in_block_7_load' <Predicate = true> <Delay = 0.67> <CoreInst = "RAM">   --->   Core 82 'RAM' <Latency = 1> <II = 1> <Delay = 0.67> <Storage> <Opcode : 'load' 'store'> <Ports = 2> <Width = 16> <Depth = 8> <RAM>
ST_2 : Operation 62 [6/6] (2.69ns)   --->   "%dct_1d_ret1 = call i128 @dct_1d, i16 %in_block_0_load, i16 %in_block_1_load, i16 %in_block_2_load, i16 %in_block_3_load, i16 %in_block_4_load, i16 %in_block_5_load, i16 %in_block_6_load, i16 %in_block_7_load" [../dct_ref/dct.cpp:38]   --->   Operation 62 'call' 'dct_1d_ret1' <Predicate = true> <Delay = 2.69> <CoreType = "Generic">   --->   Core 0 '' <Latency = 0> <II = 1> <Delay = 1.00> <Generic> <Opcode : >
ST_2 : Operation 63 [1/2] (0.67ns)   --->   "%in_block_0_load_1 = load i3 %in_block_0_addr_1" [../dct_ref/dct.cpp:38]   --->   Operation 63 'load' 'in_block_0_load_1' <Predicate = true> <Delay = 0.67> <CoreInst = "RAM">   --->   Core 82 'RAM' <Latency = 1> <II = 1> <Delay = 0.67> <Storage> <Opcode : 'load' 'store'> <Ports = 2> <Width = 16> <Depth = 8> <RAM>
ST_2 : Operation 64 [1/2] (0.67ns)   --->   "%in_block_1_load_1 = load i3 %in_block_1_addr_1" [../dct_ref/dct.cpp:38]   --->   Operation 64 'load' 'in_block_1_load_1' <Predicate = true> <Delay = 0.67> <CoreInst = "RAM">   --->   Core 82 'RAM' <Latency = 1> <II = 1> <Delay = 0.67> <Storage> <Opcode : 'load' 'store'> <Ports = 2> <Width = 16> <Depth = 8> <RAM>
ST_2 : Operation 65 [1/2] (0.67ns)   --->   "%in_block_2_load_1 = load i3 %in_block_2_addr_1" [../dct_ref/dct.cpp:38]   --->   Operation 65 'load' 'in_block_2_load_1' <Predicate = true> <Delay = 0.67> <CoreInst = "RAM">   --->   Core 82 'RAM' <Latency = 1> <II = 1> <Delay = 0.67> <Storage> <Opcode : 'load' 'store'> <Ports = 2> <Width = 16> <Depth = 8> <RAM>
ST_2 : Operation 66 [1/2] (0.67ns)   --->   "%in_block_3_load_1 = load i3 %in_block_3_addr_1" [../dct_ref/dct.cpp:38]   --->   Operation 66 'load' 'in_block_3_load_1' <Predicate = true> <Delay = 0.67> <CoreInst = "RAM">   --->   Core 82 'RAM' <Latency = 1> <II = 1> <Delay = 0.67> <Storage> <Opcode : 'load' 'store'> <Ports = 2> <Width = 16> <Depth = 8> <RAM>
ST_2 : Operation 67 [1/2] (0.67ns)   --->   "%in_block_4_load_1 = load i3 %in_block_4_addr_1" [../dct_ref/dct.cpp:38]   --->   Operation 67 'load' 'in_block_4_load_1' <Predicate = true> <Delay = 0.67> <CoreInst = "RAM">   --->   Core 82 'RAM' <Latency = 1> <II = 1> <Delay = 0.67> <Storage> <Opcode : 'load' 'store'> <Ports = 2> <Width = 16> <Depth = 8> <RAM>
ST_2 : Operation 68 [1/2] (0.67ns)   --->   "%in_block_5_load_1 = load i3 %in_block_5_addr_1" [../dct_ref/dct.cpp:38]   --->   Operation 68 'load' 'in_block_5_load_1' <Predicate = true> <Delay = 0.67> <CoreInst = "RAM">   --->   Core 82 'RAM' <Latency = 1> <II = 1> <Delay = 0.67> <Storage> <Opcode : 'load' 'store'> <Ports = 2> <Width = 16> <Depth = 8> <RAM>
ST_2 : Operation 69 [1/2] (0.67ns)   --->   "%in_block_6_load_1 = load i3 %in_block_6_addr_1" [../dct_ref/dct.cpp:38]   --->   Operation 69 'load' 'in_block_6_load_1' <Predicate = true> <Delay = 0.67> <CoreInst = "RAM">   --->   Core 82 'RAM' <Latency = 1> <II = 1> <Delay = 0.67> <Storage> <Opcode : 'load' 'store'> <Ports = 2> <Width = 16> <Depth = 8> <RAM>
ST_2 : Operation 70 [1/2] (0.67ns)   --->   "%in_block_7_load_1 = load i3 %in_block_7_addr_1" [../dct_ref/dct.cpp:38]   --->   Operation 70 'load' 'in_block_7_load_1' <Predicate = true> <Delay = 0.67> <CoreInst = "RAM">   --->   Core 82 'RAM' <Latency = 1> <II = 1> <Delay = 0.67> <Storage> <Opcode : 'load' 'store'> <Ports = 2> <Width = 16> <Depth = 8> <RAM>
ST_2 : Operation 71 [6/6] (2.69ns)   --->   "%dct_1d_ret2 = call i128 @dct_1d, i16 %in_block_0_load_1, i16 %in_block_1_load_1, i16 %in_block_2_load_1, i16 %in_block_3_load_1, i16 %in_block_4_load_1, i16 %in_block_5_load_1, i16 %in_block_6_load_1, i16 %in_block_7_load_1" [../dct_ref/dct.cpp:38]   --->   Operation 71 'call' 'dct_1d_ret2' <Predicate = true> <Delay = 2.69> <CoreType = "Generic">   --->   Core 0 '' <Latency = 0> <II = 1> <Delay = 1.00> <Generic> <Opcode : >
ST_2 : Operation 72 [1/1] (0.00ns)   --->   "%in_block_0_addr_2 = getelementptr i16 %in_block_0, i64 0, i64 2" [../dct_ref/dct.cpp:38]   --->   Operation 72 'getelementptr' 'in_block_0_addr_2' <Predicate = true> <Delay = 0.00>
ST_2 : Operation 73 [1/1] (0.00ns)   --->   "%in_block_1_addr_2 = getelementptr i16 %in_block_1, i64 0, i64 2" [../dct_ref/dct.cpp:38]   --->   Operation 73 'getelementptr' 'in_block_1_addr_2' <Predicate = true> <Delay = 0.00>
ST_2 : Operation 74 [1/1] (0.00ns)   --->   "%in_block_2_addr_2 = getelementptr i16 %in_block_2, i64 0, i64 2" [../dct_ref/dct.cpp:38]   --->   Operation 74 'getelementptr' 'in_block_2_addr_2' <Predicate = true> <Delay = 0.00>
ST_2 : Operation 75 [1/1] (0.00ns)   --->   "%in_block_3_addr_2 = getelementptr i16 %in_block_3, i64 0, i64 2" [../dct_ref/dct.cpp:38]   --->   Operation 75 'getelementptr' 'in_block_3_addr_2' <Predicate = true> <Delay = 0.00>
ST_2 : Operation 76 [1/1] (0.00ns)   --->   "%in_block_4_addr_2 = getelementptr i16 %in_block_4, i64 0, i64 2" [../dct_ref/dct.cpp:38]   --->   Operation 76 'getelementptr' 'in_block_4_addr_2' <Predicate = true> <Delay = 0.00>
ST_2 : Operation 77 [1/1] (0.00ns)   --->   "%in_block_5_addr_2 = getelementptr i16 %in_block_5, i64 0, i64 2" [../dct_ref/dct.cpp:38]   --->   Operation 77 'getelementptr' 'in_block_5_addr_2' <Predicate = true> <Delay = 0.00>
ST_2 : Operation 78 [1/1] (0.00ns)   --->   "%in_block_6_addr_2 = getelementptr i16 %in_block_6, i64 0, i64 2" [../dct_ref/dct.cpp:38]   --->   Operation 78 'getelementptr' 'in_block_6_addr_2' <Predicate = true> <Delay = 0.00>
ST_2 : Operation 79 [1/1] (0.00ns)   --->   "%in_block_7_addr_2 = getelementptr i16 %in_block_7, i64 0, i64 2" [../dct_ref/dct.cpp:38]   --->   Operation 79 'getelementptr' 'in_block_7_addr_2' <Predicate = true> <Delay = 0.00>
ST_2 : Operation 80 [2/2] (0.67ns)   --->   "%in_block_0_load_2 = load i3 %in_block_0_addr_2" [../dct_ref/dct.cpp:38]   --->   Operation 80 'load' 'in_block_0_load_2' <Predicate = true> <Delay = 0.67> <CoreInst = "RAM">   --->   Core 82 'RAM' <Latency = 1> <II = 1> <Delay = 0.67> <Storage> <Opcode : 'load' 'store'> <Ports = 2> <Width = 16> <Depth = 8> <RAM>
ST_2 : Operation 81 [2/2] (0.67ns)   --->   "%in_block_1_load_2 = load i3 %in_block_1_addr_2" [../dct_ref/dct.cpp:38]   --->   Operation 81 'load' 'in_block_1_load_2' <Predicate = true> <Delay = 0.67> <CoreInst = "RAM">   --->   Core 82 'RAM' <Latency = 1> <II = 1> <Delay = 0.67> <Storage> <Opcode : 'load' 'store'> <Ports = 2> <Width = 16> <Depth = 8> <RAM>
ST_2 : Operation 82 [2/2] (0.67ns)   --->   "%in_block_2_load_2 = load i3 %in_block_2_addr_2" [../dct_ref/dct.cpp:38]   --->   Operation 82 'load' 'in_block_2_load_2' <Predicate = true> <Delay = 0.67> <CoreInst = "RAM">   --->   Core 82 'RAM' <Latency = 1> <II = 1> <Delay = 0.67> <Storage> <Opcode : 'load' 'store'> <Ports = 2> <Width = 16> <Depth = 8> <RAM>
ST_2 : Operation 83 [2/2] (0.67ns)   --->   "%in_block_3_load_2 = load i3 %in_block_3_addr_2" [../dct_ref/dct.cpp:38]   --->   Operation 83 'load' 'in_block_3_load_2' <Predicate = true> <Delay = 0.67> <CoreInst = "RAM">   --->   Core 82 'RAM' <Latency = 1> <II = 1> <Delay = 0.67> <Storage> <Opcode : 'load' 'store'> <Ports = 2> <Width = 16> <Depth = 8> <RAM>
ST_2 : Operation 84 [2/2] (0.67ns)   --->   "%in_block_4_load_2 = load i3 %in_block_4_addr_2" [../dct_ref/dct.cpp:38]   --->   Operation 84 'load' 'in_block_4_load_2' <Predicate = true> <Delay = 0.67> <CoreInst = "RAM">   --->   Core 82 'RAM' <Latency = 1> <II = 1> <Delay = 0.67> <Storage> <Opcode : 'load' 'store'> <Ports = 2> <Width = 16> <Depth = 8> <RAM>
ST_2 : Operation 85 [2/2] (0.67ns)   --->   "%in_block_5_load_2 = load i3 %in_block_5_addr_2" [../dct_ref/dct.cpp:38]   --->   Operation 85 'load' 'in_block_5_load_2' <Predicate = true> <Delay = 0.67> <CoreInst = "RAM">   --->   Core 82 'RAM' <Latency = 1> <II = 1> <Delay = 0.67> <Storage> <Opcode : 'load' 'store'> <Ports = 2> <Width = 16> <Depth = 8> <RAM>
ST_2 : Operation 86 [2/2] (0.67ns)   --->   "%in_block_6_load_2 = load i3 %in_block_6_addr_2" [../dct_ref/dct.cpp:38]   --->   Operation 86 'load' 'in_block_6_load_2' <Predicate = true> <Delay = 0.67> <CoreInst = "RAM">   --->   Core 82 'RAM' <Latency = 1> <II = 1> <Delay = 0.67> <Storage> <Opcode : 'load' 'store'> <Ports = 2> <Width = 16> <Depth = 8> <RAM>
ST_2 : Operation 87 [2/2] (0.67ns)   --->   "%in_block_7_load_2 = load i3 %in_block_7_addr_2" [../dct_ref/dct.cpp:38]   --->   Operation 87 'load' 'in_block_7_load_2' <Predicate = true> <Delay = 0.67> <CoreInst = "RAM">   --->   Core 82 'RAM' <Latency = 1> <II = 1> <Delay = 0.67> <Storage> <Opcode : 'load' 'store'> <Ports = 2> <Width = 16> <Depth = 8> <RAM>
ST_2 : Operation 88 [1/1] (0.00ns)   --->   "%in_block_0_addr_3 = getelementptr i16 %in_block_0, i64 0, i64 3" [../dct_ref/dct.cpp:38]   --->   Operation 88 'getelementptr' 'in_block_0_addr_3' <Predicate = true> <Delay = 0.00>
ST_2 : Operation 89 [1/1] (0.00ns)   --->   "%in_block_1_addr_3 = getelementptr i16 %in_block_1, i64 0, i64 3" [../dct_ref/dct.cpp:38]   --->   Operation 89 'getelementptr' 'in_block_1_addr_3' <Predicate = true> <Delay = 0.00>
ST_2 : Operation 90 [1/1] (0.00ns)   --->   "%in_block_2_addr_3 = getelementptr i16 %in_block_2, i64 0, i64 3" [../dct_ref/dct.cpp:38]   --->   Operation 90 'getelementptr' 'in_block_2_addr_3' <Predicate = true> <Delay = 0.00>
ST_2 : Operation 91 [1/1] (0.00ns)   --->   "%in_block_3_addr_3 = getelementptr i16 %in_block_3, i64 0, i64 3" [../dct_ref/dct.cpp:38]   --->   Operation 91 'getelementptr' 'in_block_3_addr_3' <Predicate = true> <Delay = 0.00>
ST_2 : Operation 92 [1/1] (0.00ns)   --->   "%in_block_4_addr_3 = getelementptr i16 %in_block_4, i64 0, i64 3" [../dct_ref/dct.cpp:38]   --->   Operation 92 'getelementptr' 'in_block_4_addr_3' <Predicate = true> <Delay = 0.00>
ST_2 : Operation 93 [1/1] (0.00ns)   --->   "%in_block_5_addr_3 = getelementptr i16 %in_block_5, i64 0, i64 3" [../dct_ref/dct.cpp:38]   --->   Operation 93 'getelementptr' 'in_block_5_addr_3' <Predicate = true> <Delay = 0.00>
ST_2 : Operation 94 [1/1] (0.00ns)   --->   "%in_block_6_addr_3 = getelementptr i16 %in_block_6, i64 0, i64 3" [../dct_ref/dct.cpp:38]   --->   Operation 94 'getelementptr' 'in_block_6_addr_3' <Predicate = true> <Delay = 0.00>
ST_2 : Operation 95 [1/1] (0.00ns)   --->   "%in_block_7_addr_3 = getelementptr i16 %in_block_7, i64 0, i64 3" [../dct_ref/dct.cpp:38]   --->   Operation 95 'getelementptr' 'in_block_7_addr_3' <Predicate = true> <Delay = 0.00>
ST_2 : Operation 96 [2/2] (0.67ns)   --->   "%in_block_0_load_3 = load i3 %in_block_0_addr_3" [../dct_ref/dct.cpp:38]   --->   Operation 96 'load' 'in_block_0_load_3' <Predicate = true> <Delay = 0.67> <CoreInst = "RAM">   --->   Core 82 'RAM' <Latency = 1> <II = 1> <Delay = 0.67> <Storage> <Opcode : 'load' 'store'> <Ports = 2> <Width = 16> <Depth = 8> <RAM>
ST_2 : Operation 97 [2/2] (0.67ns)   --->   "%in_block_1_load_3 = load i3 %in_block_1_addr_3" [../dct_ref/dct.cpp:38]   --->   Operation 97 'load' 'in_block_1_load_3' <Predicate = true> <Delay = 0.67> <CoreInst = "RAM">   --->   Core 82 'RAM' <Latency = 1> <II = 1> <Delay = 0.67> <Storage> <Opcode : 'load' 'store'> <Ports = 2> <Width = 16> <Depth = 8> <RAM>
ST_2 : Operation 98 [2/2] (0.67ns)   --->   "%in_block_2_load_3 = load i3 %in_block_2_addr_3" [../dct_ref/dct.cpp:38]   --->   Operation 98 'load' 'in_block_2_load_3' <Predicate = true> <Delay = 0.67> <CoreInst = "RAM">   --->   Core 82 'RAM' <Latency = 1> <II = 1> <Delay = 0.67> <Storage> <Opcode : 'load' 'store'> <Ports = 2> <Width = 16> <Depth = 8> <RAM>
ST_2 : Operation 99 [2/2] (0.67ns)   --->   "%in_block_3_load_3 = load i3 %in_block_3_addr_3" [../dct_ref/dct.cpp:38]   --->   Operation 99 'load' 'in_block_3_load_3' <Predicate = true> <Delay = 0.67> <CoreInst = "RAM">   --->   Core 82 'RAM' <Latency = 1> <II = 1> <Delay = 0.67> <Storage> <Opcode : 'load' 'store'> <Ports = 2> <Width = 16> <Depth = 8> <RAM>
ST_2 : Operation 100 [2/2] (0.67ns)   --->   "%in_block_4_load_3 = load i3 %in_block_4_addr_3" [../dct_ref/dct.cpp:38]   --->   Operation 100 'load' 'in_block_4_load_3' <Predicate = true> <Delay = 0.67> <CoreInst = "RAM">   --->   Core 82 'RAM' <Latency = 1> <II = 1> <Delay = 0.67> <Storage> <Opcode : 'load' 'store'> <Ports = 2> <Width = 16> <Depth = 8> <RAM>
ST_2 : Operation 101 [2/2] (0.67ns)   --->   "%in_block_5_load_3 = load i3 %in_block_5_addr_3" [../dct_ref/dct.cpp:38]   --->   Operation 101 'load' 'in_block_5_load_3' <Predicate = true> <Delay = 0.67> <CoreInst = "RAM">   --->   Core 82 'RAM' <Latency = 1> <II = 1> <Delay = 0.67> <Storage> <Opcode : 'load' 'store'> <Ports = 2> <Width = 16> <Depth = 8> <RAM>
ST_2 : Operation 102 [2/2] (0.67ns)   --->   "%in_block_6_load_3 = load i3 %in_block_6_addr_3" [../dct_ref/dct.cpp:38]   --->   Operation 102 'load' 'in_block_6_load_3' <Predicate = true> <Delay = 0.67> <CoreInst = "RAM">   --->   Core 82 'RAM' <Latency = 1> <II = 1> <Delay = 0.67> <Storage> <Opcode : 'load' 'store'> <Ports = 2> <Width = 16> <Depth = 8> <RAM>
ST_2 : Operation 103 [2/2] (0.67ns)   --->   "%in_block_7_load_3 = load i3 %in_block_7_addr_3" [../dct_ref/dct.cpp:38]   --->   Operation 103 'load' 'in_block_7_load_3' <Predicate = true> <Delay = 0.67> <CoreInst = "RAM">   --->   Core 82 'RAM' <Latency = 1> <II = 1> <Delay = 0.67> <Storage> <Opcode : 'load' 'store'> <Ports = 2> <Width = 16> <Depth = 8> <RAM>

State 3 <SV = 2> <Delay = 4.40>
ST_3 : Operation 104 [5/6] (4.40ns)   --->   "%dct_1d_ret1 = call i128 @dct_1d, i16 %in_block_0_load, i16 %in_block_1_load, i16 %in_block_2_load, i16 %in_block_3_load, i16 %in_block_4_load, i16 %in_block_5_load, i16 %in_block_6_load, i16 %in_block_7_load" [../dct_ref/dct.cpp:38]   --->   Operation 104 'call' 'dct_1d_ret1' <Predicate = true> <Delay = 4.40> <CoreType = "Generic">   --->   Core 0 '' <Latency = 0> <II = 1> <Delay = 1.00> <Generic> <Opcode : >
ST_3 : Operation 105 [5/6] (4.40ns)   --->   "%dct_1d_ret2 = call i128 @dct_1d, i16 %in_block_0_load_1, i16 %in_block_1_load_1, i16 %in_block_2_load_1, i16 %in_block_3_load_1, i16 %in_block_4_load_1, i16 %in_block_5_load_1, i16 %in_block_6_load_1, i16 %in_block_7_load_1" [../dct_ref/dct.cpp:38]   --->   Operation 105 'call' 'dct_1d_ret2' <Predicate = true> <Delay = 4.40> <CoreType = "Generic">   --->   Core 0 '' <Latency = 0> <II = 1> <Delay = 1.00> <Generic> <Opcode : >
ST_3 : Operation 106 [1/2] (0.67ns)   --->   "%in_block_0_load_2 = load i3 %in_block_0_addr_2" [../dct_ref/dct.cpp:38]   --->   Operation 106 'load' 'in_block_0_load_2' <Predicate = true> <Delay = 0.67> <CoreInst = "RAM">   --->   Core 82 'RAM' <Latency = 1> <II = 1> <Delay = 0.67> <Storage> <Opcode : 'load' 'store'> <Ports = 2> <Width = 16> <Depth = 8> <RAM>
ST_3 : Operation 107 [1/2] (0.67ns)   --->   "%in_block_1_load_2 = load i3 %in_block_1_addr_2" [../dct_ref/dct.cpp:38]   --->   Operation 107 'load' 'in_block_1_load_2' <Predicate = true> <Delay = 0.67> <CoreInst = "RAM">   --->   Core 82 'RAM' <Latency = 1> <II = 1> <Delay = 0.67> <Storage> <Opcode : 'load' 'store'> <Ports = 2> <Width = 16> <Depth = 8> <RAM>
ST_3 : Operation 108 [1/2] (0.67ns)   --->   "%in_block_2_load_2 = load i3 %in_block_2_addr_2" [../dct_ref/dct.cpp:38]   --->   Operation 108 'load' 'in_block_2_load_2' <Predicate = true> <Delay = 0.67> <CoreInst = "RAM">   --->   Core 82 'RAM' <Latency = 1> <II = 1> <Delay = 0.67> <Storage> <Opcode : 'load' 'store'> <Ports = 2> <Width = 16> <Depth = 8> <RAM>
ST_3 : Operation 109 [1/2] (0.67ns)   --->   "%in_block_3_load_2 = load i3 %in_block_3_addr_2" [../dct_ref/dct.cpp:38]   --->   Operation 109 'load' 'in_block_3_load_2' <Predicate = true> <Delay = 0.67> <CoreInst = "RAM">   --->   Core 82 'RAM' <Latency = 1> <II = 1> <Delay = 0.67> <Storage> <Opcode : 'load' 'store'> <Ports = 2> <Width = 16> <Depth = 8> <RAM>
ST_3 : Operation 110 [1/2] (0.67ns)   --->   "%in_block_4_load_2 = load i3 %in_block_4_addr_2" [../dct_ref/dct.cpp:38]   --->   Operation 110 'load' 'in_block_4_load_2' <Predicate = true> <Delay = 0.67> <CoreInst = "RAM">   --->   Core 82 'RAM' <Latency = 1> <II = 1> <Delay = 0.67> <Storage> <Opcode : 'load' 'store'> <Ports = 2> <Width = 16> <Depth = 8> <RAM>
ST_3 : Operation 111 [1/2] (0.67ns)   --->   "%in_block_5_load_2 = load i3 %in_block_5_addr_2" [../dct_ref/dct.cpp:38]   --->   Operation 111 'load' 'in_block_5_load_2' <Predicate = true> <Delay = 0.67> <CoreInst = "RAM">   --->   Core 82 'RAM' <Latency = 1> <II = 1> <Delay = 0.67> <Storage> <Opcode : 'load' 'store'> <Ports = 2> <Width = 16> <Depth = 8> <RAM>
ST_3 : Operation 112 [1/2] (0.67ns)   --->   "%in_block_6_load_2 = load i3 %in_block_6_addr_2" [../dct_ref/dct.cpp:38]   --->   Operation 112 'load' 'in_block_6_load_2' <Predicate = true> <Delay = 0.67> <CoreInst = "RAM">   --->   Core 82 'RAM' <Latency = 1> <II = 1> <Delay = 0.67> <Storage> <Opcode : 'load' 'store'> <Ports = 2> <Width = 16> <Depth = 8> <RAM>
ST_3 : Operation 113 [1/2] (0.67ns)   --->   "%in_block_7_load_2 = load i3 %in_block_7_addr_2" [../dct_ref/dct.cpp:38]   --->   Operation 113 'load' 'in_block_7_load_2' <Predicate = true> <Delay = 0.67> <CoreInst = "RAM">   --->   Core 82 'RAM' <Latency = 1> <II = 1> <Delay = 0.67> <Storage> <Opcode : 'load' 'store'> <Ports = 2> <Width = 16> <Depth = 8> <RAM>
ST_3 : Operation 114 [6/6] (2.69ns)   --->   "%dct_1d_ret3 = call i128 @dct_1d, i16 %in_block_0_load_2, i16 %in_block_1_load_2, i16 %in_block_2_load_2, i16 %in_block_3_load_2, i16 %in_block_4_load_2, i16 %in_block_5_load_2, i16 %in_block_6_load_2, i16 %in_block_7_load_2" [../dct_ref/dct.cpp:38]   --->   Operation 114 'call' 'dct_1d_ret3' <Predicate = true> <Delay = 2.69> <CoreType = "Generic">   --->   Core 0 '' <Latency = 0> <II = 1> <Delay = 1.00> <Generic> <Opcode : >
ST_3 : Operation 115 [1/2] (0.67ns)   --->   "%in_block_0_load_3 = load i3 %in_block_0_addr_3" [../dct_ref/dct.cpp:38]   --->   Operation 115 'load' 'in_block_0_load_3' <Predicate = true> <Delay = 0.67> <CoreInst = "RAM">   --->   Core 82 'RAM' <Latency = 1> <II = 1> <Delay = 0.67> <Storage> <Opcode : 'load' 'store'> <Ports = 2> <Width = 16> <Depth = 8> <RAM>
ST_3 : Operation 116 [1/2] (0.67ns)   --->   "%in_block_1_load_3 = load i3 %in_block_1_addr_3" [../dct_ref/dct.cpp:38]   --->   Operation 116 'load' 'in_block_1_load_3' <Predicate = true> <Delay = 0.67> <CoreInst = "RAM">   --->   Core 82 'RAM' <Latency = 1> <II = 1> <Delay = 0.67> <Storage> <Opcode : 'load' 'store'> <Ports = 2> <Width = 16> <Depth = 8> <RAM>
ST_3 : Operation 117 [1/2] (0.67ns)   --->   "%in_block_2_load_3 = load i3 %in_block_2_addr_3" [../dct_ref/dct.cpp:38]   --->   Operation 117 'load' 'in_block_2_load_3' <Predicate = true> <Delay = 0.67> <CoreInst = "RAM">   --->   Core 82 'RAM' <Latency = 1> <II = 1> <Delay = 0.67> <Storage> <Opcode : 'load' 'store'> <Ports = 2> <Width = 16> <Depth = 8> <RAM>
ST_3 : Operation 118 [1/2] (0.67ns)   --->   "%in_block_3_load_3 = load i3 %in_block_3_addr_3" [../dct_ref/dct.cpp:38]   --->   Operation 118 'load' 'in_block_3_load_3' <Predicate = true> <Delay = 0.67> <CoreInst = "RAM">   --->   Core 82 'RAM' <Latency = 1> <II = 1> <Delay = 0.67> <Storage> <Opcode : 'load' 'store'> <Ports = 2> <Width = 16> <Depth = 8> <RAM>
ST_3 : Operation 119 [1/2] (0.67ns)   --->   "%in_block_4_load_3 = load i3 %in_block_4_addr_3" [../dct_ref/dct.cpp:38]   --->   Operation 119 'load' 'in_block_4_load_3' <Predicate = true> <Delay = 0.67> <CoreInst = "RAM">   --->   Core 82 'RAM' <Latency = 1> <II = 1> <Delay = 0.67> <Storage> <Opcode : 'load' 'store'> <Ports = 2> <Width = 16> <Depth = 8> <RAM>
ST_3 : Operation 120 [1/2] (0.67ns)   --->   "%in_block_5_load_3 = load i3 %in_block_5_addr_3" [../dct_ref/dct.cpp:38]   --->   Operation 120 'load' 'in_block_5_load_3' <Predicate = true> <Delay = 0.67> <CoreInst = "RAM">   --->   Core 82 'RAM' <Latency = 1> <II = 1> <Delay = 0.67> <Storage> <Opcode : 'load' 'store'> <Ports = 2> <Width = 16> <Depth = 8> <RAM>
ST_3 : Operation 121 [1/2] (0.67ns)   --->   "%in_block_6_load_3 = load i3 %in_block_6_addr_3" [../dct_ref/dct.cpp:38]   --->   Operation 121 'load' 'in_block_6_load_3' <Predicate = true> <Delay = 0.67> <CoreInst = "RAM">   --->   Core 82 'RAM' <Latency = 1> <II = 1> <Delay = 0.67> <Storage> <Opcode : 'load' 'store'> <Ports = 2> <Width = 16> <Depth = 8> <RAM>
ST_3 : Operation 122 [1/2] (0.67ns)   --->   "%in_block_7_load_3 = load i3 %in_block_7_addr_3" [../dct_ref/dct.cpp:38]   --->   Operation 122 'load' 'in_block_7_load_3' <Predicate = true> <Delay = 0.67> <CoreInst = "RAM">   --->   Core 82 'RAM' <Latency = 1> <II = 1> <Delay = 0.67> <Storage> <Opcode : 'load' 'store'> <Ports = 2> <Width = 16> <Depth = 8> <RAM>
ST_3 : Operation 123 [6/6] (2.69ns)   --->   "%dct_1d_ret4 = call i128 @dct_1d, i16 %in_block_0_load_3, i16 %in_block_1_load_3, i16 %in_block_2_load_3, i16 %in_block_3_load_3, i16 %in_block_4_load_3, i16 %in_block_5_load_3, i16 %in_block_6_load_3, i16 %in_block_7_load_3" [../dct_ref/dct.cpp:38]   --->   Operation 123 'call' 'dct_1d_ret4' <Predicate = true> <Delay = 2.69> <CoreType = "Generic">   --->   Core 0 '' <Latency = 0> <II = 1> <Delay = 1.00> <Generic> <Opcode : >
ST_3 : Operation 124 [1/1] (0.00ns)   --->   "%in_block_0_addr_4 = getelementptr i16 %in_block_0, i64 0, i64 4" [../dct_ref/dct.cpp:38]   --->   Operation 124 'getelementptr' 'in_block_0_addr_4' <Predicate = true> <Delay = 0.00>
ST_3 : Operation 125 [1/1] (0.00ns)   --->   "%in_block_1_addr_4 = getelementptr i16 %in_block_1, i64 0, i64 4" [../dct_ref/dct.cpp:38]   --->   Operation 125 'getelementptr' 'in_block_1_addr_4' <Predicate = true> <Delay = 0.00>
ST_3 : Operation 126 [1/1] (0.00ns)   --->   "%in_block_2_addr_4 = getelementptr i16 %in_block_2, i64 0, i64 4" [../dct_ref/dct.cpp:38]   --->   Operation 126 'getelementptr' 'in_block_2_addr_4' <Predicate = true> <Delay = 0.00>
ST_3 : Operation 127 [1/1] (0.00ns)   --->   "%in_block_3_addr_4 = getelementptr i16 %in_block_3, i64 0, i64 4" [../dct_ref/dct.cpp:38]   --->   Operation 127 'getelementptr' 'in_block_3_addr_4' <Predicate = true> <Delay = 0.00>
ST_3 : Operation 128 [1/1] (0.00ns)   --->   "%in_block_4_addr_4 = getelementptr i16 %in_block_4, i64 0, i64 4" [../dct_ref/dct.cpp:38]   --->   Operation 128 'getelementptr' 'in_block_4_addr_4' <Predicate = true> <Delay = 0.00>
ST_3 : Operation 129 [1/1] (0.00ns)   --->   "%in_block_5_addr_4 = getelementptr i16 %in_block_5, i64 0, i64 4" [../dct_ref/dct.cpp:38]   --->   Operation 129 'getelementptr' 'in_block_5_addr_4' <Predicate = true> <Delay = 0.00>
ST_3 : Operation 130 [1/1] (0.00ns)   --->   "%in_block_6_addr_4 = getelementptr i16 %in_block_6, i64 0, i64 4" [../dct_ref/dct.cpp:38]   --->   Operation 130 'getelementptr' 'in_block_6_addr_4' <Predicate = true> <Delay = 0.00>
ST_3 : Operation 131 [1/1] (0.00ns)   --->   "%in_block_7_addr_4 = getelementptr i16 %in_block_7, i64 0, i64 4" [../dct_ref/dct.cpp:38]   --->   Operation 131 'getelementptr' 'in_block_7_addr_4' <Predicate = true> <Delay = 0.00>
ST_3 : Operation 132 [2/2] (0.67ns)   --->   "%in_block_0_load_4 = load i3 %in_block_0_addr_4" [../dct_ref/dct.cpp:38]   --->   Operation 132 'load' 'in_block_0_load_4' <Predicate = true> <Delay = 0.67> <CoreInst = "RAM">   --->   Core 82 'RAM' <Latency = 1> <II = 1> <Delay = 0.67> <Storage> <Opcode : 'load' 'store'> <Ports = 2> <Width = 16> <Depth = 8> <RAM>
ST_3 : Operation 133 [2/2] (0.67ns)   --->   "%in_block_1_load_4 = load i3 %in_block_1_addr_4" [../dct_ref/dct.cpp:38]   --->   Operation 133 'load' 'in_block_1_load_4' <Predicate = true> <Delay = 0.67> <CoreInst = "RAM">   --->   Core 82 'RAM' <Latency = 1> <II = 1> <Delay = 0.67> <Storage> <Opcode : 'load' 'store'> <Ports = 2> <Width = 16> <Depth = 8> <RAM>
ST_3 : Operation 134 [2/2] (0.67ns)   --->   "%in_block_2_load_4 = load i3 %in_block_2_addr_4" [../dct_ref/dct.cpp:38]   --->   Operation 134 'load' 'in_block_2_load_4' <Predicate = true> <Delay = 0.67> <CoreInst = "RAM">   --->   Core 82 'RAM' <Latency = 1> <II = 1> <Delay = 0.67> <Storage> <Opcode : 'load' 'store'> <Ports = 2> <Width = 16> <Depth = 8> <RAM>
ST_3 : Operation 135 [2/2] (0.67ns)   --->   "%in_block_3_load_4 = load i3 %in_block_3_addr_4" [../dct_ref/dct.cpp:38]   --->   Operation 135 'load' 'in_block_3_load_4' <Predicate = true> <Delay = 0.67> <CoreInst = "RAM">   --->   Core 82 'RAM' <Latency = 1> <II = 1> <Delay = 0.67> <Storage> <Opcode : 'load' 'store'> <Ports = 2> <Width = 16> <Depth = 8> <RAM>
ST_3 : Operation 136 [2/2] (0.67ns)   --->   "%in_block_4_load_4 = load i3 %in_block_4_addr_4" [../dct_ref/dct.cpp:38]   --->   Operation 136 'load' 'in_block_4_load_4' <Predicate = true> <Delay = 0.67> <CoreInst = "RAM">   --->   Core 82 'RAM' <Latency = 1> <II = 1> <Delay = 0.67> <Storage> <Opcode : 'load' 'store'> <Ports = 2> <Width = 16> <Depth = 8> <RAM>
ST_3 : Operation 137 [2/2] (0.67ns)   --->   "%in_block_5_load_4 = load i3 %in_block_5_addr_4" [../dct_ref/dct.cpp:38]   --->   Operation 137 'load' 'in_block_5_load_4' <Predicate = true> <Delay = 0.67> <CoreInst = "RAM">   --->   Core 82 'RAM' <Latency = 1> <II = 1> <Delay = 0.67> <Storage> <Opcode : 'load' 'store'> <Ports = 2> <Width = 16> <Depth = 8> <RAM>
ST_3 : Operation 138 [2/2] (0.67ns)   --->   "%in_block_6_load_4 = load i3 %in_block_6_addr_4" [../dct_ref/dct.cpp:38]   --->   Operation 138 'load' 'in_block_6_load_4' <Predicate = true> <Delay = 0.67> <CoreInst = "RAM">   --->   Core 82 'RAM' <Latency = 1> <II = 1> <Delay = 0.67> <Storage> <Opcode : 'load' 'store'> <Ports = 2> <Width = 16> <Depth = 8> <RAM>
ST_3 : Operation 139 [2/2] (0.67ns)   --->   "%in_block_7_load_4 = load i3 %in_block_7_addr_4" [../dct_ref/dct.cpp:38]   --->   Operation 139 'load' 'in_block_7_load_4' <Predicate = true> <Delay = 0.67> <CoreInst = "RAM">   --->   Core 82 'RAM' <Latency = 1> <II = 1> <Delay = 0.67> <Storage> <Opcode : 'load' 'store'> <Ports = 2> <Width = 16> <Depth = 8> <RAM>
ST_3 : Operation 140 [1/1] (0.00ns)   --->   "%in_block_0_addr_5 = getelementptr i16 %in_block_0, i64 0, i64 5" [../dct_ref/dct.cpp:38]   --->   Operation 140 'getelementptr' 'in_block_0_addr_5' <Predicate = true> <Delay = 0.00>
ST_3 : Operation 141 [1/1] (0.00ns)   --->   "%in_block_1_addr_5 = getelementptr i16 %in_block_1, i64 0, i64 5" [../dct_ref/dct.cpp:38]   --->   Operation 141 'getelementptr' 'in_block_1_addr_5' <Predicate = true> <Delay = 0.00>
ST_3 : Operation 142 [1/1] (0.00ns)   --->   "%in_block_2_addr_5 = getelementptr i16 %in_block_2, i64 0, i64 5" [../dct_ref/dct.cpp:38]   --->   Operation 142 'getelementptr' 'in_block_2_addr_5' <Predicate = true> <Delay = 0.00>
ST_3 : Operation 143 [1/1] (0.00ns)   --->   "%in_block_3_addr_5 = getelementptr i16 %in_block_3, i64 0, i64 5" [../dct_ref/dct.cpp:38]   --->   Operation 143 'getelementptr' 'in_block_3_addr_5' <Predicate = true> <Delay = 0.00>
ST_3 : Operation 144 [1/1] (0.00ns)   --->   "%in_block_4_addr_5 = getelementptr i16 %in_block_4, i64 0, i64 5" [../dct_ref/dct.cpp:38]   --->   Operation 144 'getelementptr' 'in_block_4_addr_5' <Predicate = true> <Delay = 0.00>
ST_3 : Operation 145 [1/1] (0.00ns)   --->   "%in_block_5_addr_5 = getelementptr i16 %in_block_5, i64 0, i64 5" [../dct_ref/dct.cpp:38]   --->   Operation 145 'getelementptr' 'in_block_5_addr_5' <Predicate = true> <Delay = 0.00>
ST_3 : Operation 146 [1/1] (0.00ns)   --->   "%in_block_6_addr_5 = getelementptr i16 %in_block_6, i64 0, i64 5" [../dct_ref/dct.cpp:38]   --->   Operation 146 'getelementptr' 'in_block_6_addr_5' <Predicate = true> <Delay = 0.00>
ST_3 : Operation 147 [1/1] (0.00ns)   --->   "%in_block_7_addr_5 = getelementptr i16 %in_block_7, i64 0, i64 5" [../dct_ref/dct.cpp:38]   --->   Operation 147 'getelementptr' 'in_block_7_addr_5' <Predicate = true> <Delay = 0.00>
ST_3 : Operation 148 [2/2] (0.67ns)   --->   "%in_block_0_load_5 = load i3 %in_block_0_addr_5" [../dct_ref/dct.cpp:38]   --->   Operation 148 'load' 'in_block_0_load_5' <Predicate = true> <Delay = 0.67> <CoreInst = "RAM">   --->   Core 82 'RAM' <Latency = 1> <II = 1> <Delay = 0.67> <Storage> <Opcode : 'load' 'store'> <Ports = 2> <Width = 16> <Depth = 8> <RAM>
ST_3 : Operation 149 [2/2] (0.67ns)   --->   "%in_block_1_load_5 = load i3 %in_block_1_addr_5" [../dct_ref/dct.cpp:38]   --->   Operation 149 'load' 'in_block_1_load_5' <Predicate = true> <Delay = 0.67> <CoreInst = "RAM">   --->   Core 82 'RAM' <Latency = 1> <II = 1> <Delay = 0.67> <Storage> <Opcode : 'load' 'store'> <Ports = 2> <Width = 16> <Depth = 8> <RAM>
ST_3 : Operation 150 [2/2] (0.67ns)   --->   "%in_block_2_load_5 = load i3 %in_block_2_addr_5" [../dct_ref/dct.cpp:38]   --->   Operation 150 'load' 'in_block_2_load_5' <Predicate = true> <Delay = 0.67> <CoreInst = "RAM">   --->   Core 82 'RAM' <Latency = 1> <II = 1> <Delay = 0.67> <Storage> <Opcode : 'load' 'store'> <Ports = 2> <Width = 16> <Depth = 8> <RAM>
ST_3 : Operation 151 [2/2] (0.67ns)   --->   "%in_block_3_load_5 = load i3 %in_block_3_addr_5" [../dct_ref/dct.cpp:38]   --->   Operation 151 'load' 'in_block_3_load_5' <Predicate = true> <Delay = 0.67> <CoreInst = "RAM">   --->   Core 82 'RAM' <Latency = 1> <II = 1> <Delay = 0.67> <Storage> <Opcode : 'load' 'store'> <Ports = 2> <Width = 16> <Depth = 8> <RAM>
ST_3 : Operation 152 [2/2] (0.67ns)   --->   "%in_block_4_load_5 = load i3 %in_block_4_addr_5" [../dct_ref/dct.cpp:38]   --->   Operation 152 'load' 'in_block_4_load_5' <Predicate = true> <Delay = 0.67> <CoreInst = "RAM">   --->   Core 82 'RAM' <Latency = 1> <II = 1> <Delay = 0.67> <Storage> <Opcode : 'load' 'store'> <Ports = 2> <Width = 16> <Depth = 8> <RAM>
ST_3 : Operation 153 [2/2] (0.67ns)   --->   "%in_block_5_load_5 = load i3 %in_block_5_addr_5" [../dct_ref/dct.cpp:38]   --->   Operation 153 'load' 'in_block_5_load_5' <Predicate = true> <Delay = 0.67> <CoreInst = "RAM">   --->   Core 82 'RAM' <Latency = 1> <II = 1> <Delay = 0.67> <Storage> <Opcode : 'load' 'store'> <Ports = 2> <Width = 16> <Depth = 8> <RAM>
ST_3 : Operation 154 [2/2] (0.67ns)   --->   "%in_block_6_load_5 = load i3 %in_block_6_addr_5" [../dct_ref/dct.cpp:38]   --->   Operation 154 'load' 'in_block_6_load_5' <Predicate = true> <Delay = 0.67> <CoreInst = "RAM">   --->   Core 82 'RAM' <Latency = 1> <II = 1> <Delay = 0.67> <Storage> <Opcode : 'load' 'store'> <Ports = 2> <Width = 16> <Depth = 8> <RAM>
ST_3 : Operation 155 [2/2] (0.67ns)   --->   "%in_block_7_load_5 = load i3 %in_block_7_addr_5" [../dct_ref/dct.cpp:38]   --->   Operation 155 'load' 'in_block_7_load_5' <Predicate = true> <Delay = 0.67> <CoreInst = "RAM">   --->   Core 82 'RAM' <Latency = 1> <II = 1> <Delay = 0.67> <Storage> <Opcode : 'load' 'store'> <Ports = 2> <Width = 16> <Depth = 8> <RAM>

State 4 <SV = 3> <Delay = 4.40>
ST_4 : Operation 156 [4/6] (4.40ns)   --->   "%dct_1d_ret1 = call i128 @dct_1d, i16 %in_block_0_load, i16 %in_block_1_load, i16 %in_block_2_load, i16 %in_block_3_load, i16 %in_block_4_load, i16 %in_block_5_load, i16 %in_block_6_load, i16 %in_block_7_load" [../dct_ref/dct.cpp:38]   --->   Operation 156 'call' 'dct_1d_ret1' <Predicate = true> <Delay = 4.40> <CoreType = "Generic">   --->   Core 0 '' <Latency = 0> <II = 1> <Delay = 1.00> <Generic> <Opcode : >
ST_4 : Operation 157 [4/6] (4.40ns)   --->   "%dct_1d_ret2 = call i128 @dct_1d, i16 %in_block_0_load_1, i16 %in_block_1_load_1, i16 %in_block_2_load_1, i16 %in_block_3_load_1, i16 %in_block_4_load_1, i16 %in_block_5_load_1, i16 %in_block_6_load_1, i16 %in_block_7_load_1" [../dct_ref/dct.cpp:38]   --->   Operation 157 'call' 'dct_1d_ret2' <Predicate = true> <Delay = 4.40> <CoreType = "Generic">   --->   Core 0 '' <Latency = 0> <II = 1> <Delay = 1.00> <Generic> <Opcode : >
ST_4 : Operation 158 [5/6] (4.40ns)   --->   "%dct_1d_ret3 = call i128 @dct_1d, i16 %in_block_0_load_2, i16 %in_block_1_load_2, i16 %in_block_2_load_2, i16 %in_block_3_load_2, i16 %in_block_4_load_2, i16 %in_block_5_load_2, i16 %in_block_6_load_2, i16 %in_block_7_load_2" [../dct_ref/dct.cpp:38]   --->   Operation 158 'call' 'dct_1d_ret3' <Predicate = true> <Delay = 4.40> <CoreType = "Generic">   --->   Core 0 '' <Latency = 0> <II = 1> <Delay = 1.00> <Generic> <Opcode : >
ST_4 : Operation 159 [5/6] (4.40ns)   --->   "%dct_1d_ret4 = call i128 @dct_1d, i16 %in_block_0_load_3, i16 %in_block_1_load_3, i16 %in_block_2_load_3, i16 %in_block_3_load_3, i16 %in_block_4_load_3, i16 %in_block_5_load_3, i16 %in_block_6_load_3, i16 %in_block_7_load_3" [../dct_ref/dct.cpp:38]   --->   Operation 159 'call' 'dct_1d_ret4' <Predicate = true> <Delay = 4.40> <CoreType = "Generic">   --->   Core 0 '' <Latency = 0> <II = 1> <Delay = 1.00> <Generic> <Opcode : >
ST_4 : Operation 160 [1/2] (0.67ns)   --->   "%in_block_0_load_4 = load i3 %in_block_0_addr_4" [../dct_ref/dct.cpp:38]   --->   Operation 160 'load' 'in_block_0_load_4' <Predicate = true> <Delay = 0.67> <CoreInst = "RAM">   --->   Core 82 'RAM' <Latency = 1> <II = 1> <Delay = 0.67> <Storage> <Opcode : 'load' 'store'> <Ports = 2> <Width = 16> <Depth = 8> <RAM>
ST_4 : Operation 161 [1/2] (0.67ns)   --->   "%in_block_1_load_4 = load i3 %in_block_1_addr_4" [../dct_ref/dct.cpp:38]   --->   Operation 161 'load' 'in_block_1_load_4' <Predicate = true> <Delay = 0.67> <CoreInst = "RAM">   --->   Core 82 'RAM' <Latency = 1> <II = 1> <Delay = 0.67> <Storage> <Opcode : 'load' 'store'> <Ports = 2> <Width = 16> <Depth = 8> <RAM>
ST_4 : Operation 162 [1/2] (0.67ns)   --->   "%in_block_2_load_4 = load i3 %in_block_2_addr_4" [../dct_ref/dct.cpp:38]   --->   Operation 162 'load' 'in_block_2_load_4' <Predicate = true> <Delay = 0.67> <CoreInst = "RAM">   --->   Core 82 'RAM' <Latency = 1> <II = 1> <Delay = 0.67> <Storage> <Opcode : 'load' 'store'> <Ports = 2> <Width = 16> <Depth = 8> <RAM>
ST_4 : Operation 163 [1/2] (0.67ns)   --->   "%in_block_3_load_4 = load i3 %in_block_3_addr_4" [../dct_ref/dct.cpp:38]   --->   Operation 163 'load' 'in_block_3_load_4' <Predicate = true> <Delay = 0.67> <CoreInst = "RAM">   --->   Core 82 'RAM' <Latency = 1> <II = 1> <Delay = 0.67> <Storage> <Opcode : 'load' 'store'> <Ports = 2> <Width = 16> <Depth = 8> <RAM>
ST_4 : Operation 164 [1/2] (0.67ns)   --->   "%in_block_4_load_4 = load i3 %in_block_4_addr_4" [../dct_ref/dct.cpp:38]   --->   Operation 164 'load' 'in_block_4_load_4' <Predicate = true> <Delay = 0.67> <CoreInst = "RAM">   --->   Core 82 'RAM' <Latency = 1> <II = 1> <Delay = 0.67> <Storage> <Opcode : 'load' 'store'> <Ports = 2> <Width = 16> <Depth = 8> <RAM>
ST_4 : Operation 165 [1/2] (0.67ns)   --->   "%in_block_5_load_4 = load i3 %in_block_5_addr_4" [../dct_ref/dct.cpp:38]   --->   Operation 165 'load' 'in_block_5_load_4' <Predicate = true> <Delay = 0.67> <CoreInst = "RAM">   --->   Core 82 'RAM' <Latency = 1> <II = 1> <Delay = 0.67> <Storage> <Opcode : 'load' 'store'> <Ports = 2> <Width = 16> <Depth = 8> <RAM>
ST_4 : Operation 166 [1/2] (0.67ns)   --->   "%in_block_6_load_4 = load i3 %in_block_6_addr_4" [../dct_ref/dct.cpp:38]   --->   Operation 166 'load' 'in_block_6_load_4' <Predicate = true> <Delay = 0.67> <CoreInst = "RAM">   --->   Core 82 'RAM' <Latency = 1> <II = 1> <Delay = 0.67> <Storage> <Opcode : 'load' 'store'> <Ports = 2> <Width = 16> <Depth = 8> <RAM>
ST_4 : Operation 167 [1/2] (0.67ns)   --->   "%in_block_7_load_4 = load i3 %in_block_7_addr_4" [../dct_ref/dct.cpp:38]   --->   Operation 167 'load' 'in_block_7_load_4' <Predicate = true> <Delay = 0.67> <CoreInst = "RAM">   --->   Core 82 'RAM' <Latency = 1> <II = 1> <Delay = 0.67> <Storage> <Opcode : 'load' 'store'> <Ports = 2> <Width = 16> <Depth = 8> <RAM>
ST_4 : Operation 168 [6/6] (2.69ns)   --->   "%dct_1d_ret5 = call i128 @dct_1d, i16 %in_block_0_load_4, i16 %in_block_1_load_4, i16 %in_block_2_load_4, i16 %in_block_3_load_4, i16 %in_block_4_load_4, i16 %in_block_5_load_4, i16 %in_block_6_load_4, i16 %in_block_7_load_4" [../dct_ref/dct.cpp:38]   --->   Operation 168 'call' 'dct_1d_ret5' <Predicate = true> <Delay = 2.69> <CoreType = "Generic">   --->   Core 0 '' <Latency = 0> <II = 1> <Delay = 1.00> <Generic> <Opcode : >
ST_4 : Operation 169 [1/2] (0.67ns)   --->   "%in_block_0_load_5 = load i3 %in_block_0_addr_5" [../dct_ref/dct.cpp:38]   --->   Operation 169 'load' 'in_block_0_load_5' <Predicate = true> <Delay = 0.67> <CoreInst = "RAM">   --->   Core 82 'RAM' <Latency = 1> <II = 1> <Delay = 0.67> <Storage> <Opcode : 'load' 'store'> <Ports = 2> <Width = 16> <Depth = 8> <RAM>
ST_4 : Operation 170 [1/2] (0.67ns)   --->   "%in_block_1_load_5 = load i3 %in_block_1_addr_5" [../dct_ref/dct.cpp:38]   --->   Operation 170 'load' 'in_block_1_load_5' <Predicate = true> <Delay = 0.67> <CoreInst = "RAM">   --->   Core 82 'RAM' <Latency = 1> <II = 1> <Delay = 0.67> <Storage> <Opcode : 'load' 'store'> <Ports = 2> <Width = 16> <Depth = 8> <RAM>
ST_4 : Operation 171 [1/2] (0.67ns)   --->   "%in_block_2_load_5 = load i3 %in_block_2_addr_5" [../dct_ref/dct.cpp:38]   --->   Operation 171 'load' 'in_block_2_load_5' <Predicate = true> <Delay = 0.67> <CoreInst = "RAM">   --->   Core 82 'RAM' <Latency = 1> <II = 1> <Delay = 0.67> <Storage> <Opcode : 'load' 'store'> <Ports = 2> <Width = 16> <Depth = 8> <RAM>
ST_4 : Operation 172 [1/2] (0.67ns)   --->   "%in_block_3_load_5 = load i3 %in_block_3_addr_5" [../dct_ref/dct.cpp:38]   --->   Operation 172 'load' 'in_block_3_load_5' <Predicate = true> <Delay = 0.67> <CoreInst = "RAM">   --->   Core 82 'RAM' <Latency = 1> <II = 1> <Delay = 0.67> <Storage> <Opcode : 'load' 'store'> <Ports = 2> <Width = 16> <Depth = 8> <RAM>
ST_4 : Operation 173 [1/2] (0.67ns)   --->   "%in_block_4_load_5 = load i3 %in_block_4_addr_5" [../dct_ref/dct.cpp:38]   --->   Operation 173 'load' 'in_block_4_load_5' <Predicate = true> <Delay = 0.67> <CoreInst = "RAM">   --->   Core 82 'RAM' <Latency = 1> <II = 1> <Delay = 0.67> <Storage> <Opcode : 'load' 'store'> <Ports = 2> <Width = 16> <Depth = 8> <RAM>
ST_4 : Operation 174 [1/2] (0.67ns)   --->   "%in_block_5_load_5 = load i3 %in_block_5_addr_5" [../dct_ref/dct.cpp:38]   --->   Operation 174 'load' 'in_block_5_load_5' <Predicate = true> <Delay = 0.67> <CoreInst = "RAM">   --->   Core 82 'RAM' <Latency = 1> <II = 1> <Delay = 0.67> <Storage> <Opcode : 'load' 'store'> <Ports = 2> <Width = 16> <Depth = 8> <RAM>
ST_4 : Operation 175 [1/2] (0.67ns)   --->   "%in_block_6_load_5 = load i3 %in_block_6_addr_5" [../dct_ref/dct.cpp:38]   --->   Operation 175 'load' 'in_block_6_load_5' <Predicate = true> <Delay = 0.67> <CoreInst = "RAM">   --->   Core 82 'RAM' <Latency = 1> <II = 1> <Delay = 0.67> <Storage> <Opcode : 'load' 'store'> <Ports = 2> <Width = 16> <Depth = 8> <RAM>
ST_4 : Operation 176 [1/2] (0.67ns)   --->   "%in_block_7_load_5 = load i3 %in_block_7_addr_5" [../dct_ref/dct.cpp:38]   --->   Operation 176 'load' 'in_block_7_load_5' <Predicate = true> <Delay = 0.67> <CoreInst = "RAM">   --->   Core 82 'RAM' <Latency = 1> <II = 1> <Delay = 0.67> <Storage> <Opcode : 'load' 'store'> <Ports = 2> <Width = 16> <Depth = 8> <RAM>
ST_4 : Operation 177 [6/6] (2.69ns)   --->   "%dct_1d_ret6 = call i128 @dct_1d, i16 %in_block_0_load_5, i16 %in_block_1_load_5, i16 %in_block_2_load_5, i16 %in_block_3_load_5, i16 %in_block_4_load_5, i16 %in_block_5_load_5, i16 %in_block_6_load_5, i16 %in_block_7_load_5" [../dct_ref/dct.cpp:38]   --->   Operation 177 'call' 'dct_1d_ret6' <Predicate = true> <Delay = 2.69> <CoreType = "Generic">   --->   Core 0 '' <Latency = 0> <II = 1> <Delay = 1.00> <Generic> <Opcode : >
ST_4 : Operation 178 [1/1] (0.00ns)   --->   "%in_block_0_addr_6 = getelementptr i16 %in_block_0, i64 0, i64 6" [../dct_ref/dct.cpp:38]   --->   Operation 178 'getelementptr' 'in_block_0_addr_6' <Predicate = true> <Delay = 0.00>
ST_4 : Operation 179 [1/1] (0.00ns)   --->   "%in_block_1_addr_6 = getelementptr i16 %in_block_1, i64 0, i64 6" [../dct_ref/dct.cpp:38]   --->   Operation 179 'getelementptr' 'in_block_1_addr_6' <Predicate = true> <Delay = 0.00>
ST_4 : Operation 180 [1/1] (0.00ns)   --->   "%in_block_2_addr_6 = getelementptr i16 %in_block_2, i64 0, i64 6" [../dct_ref/dct.cpp:38]   --->   Operation 180 'getelementptr' 'in_block_2_addr_6' <Predicate = true> <Delay = 0.00>
ST_4 : Operation 181 [1/1] (0.00ns)   --->   "%in_block_3_addr_6 = getelementptr i16 %in_block_3, i64 0, i64 6" [../dct_ref/dct.cpp:38]   --->   Operation 181 'getelementptr' 'in_block_3_addr_6' <Predicate = true> <Delay = 0.00>
ST_4 : Operation 182 [1/1] (0.00ns)   --->   "%in_block_4_addr_6 = getelementptr i16 %in_block_4, i64 0, i64 6" [../dct_ref/dct.cpp:38]   --->   Operation 182 'getelementptr' 'in_block_4_addr_6' <Predicate = true> <Delay = 0.00>
ST_4 : Operation 183 [1/1] (0.00ns)   --->   "%in_block_5_addr_6 = getelementptr i16 %in_block_5, i64 0, i64 6" [../dct_ref/dct.cpp:38]   --->   Operation 183 'getelementptr' 'in_block_5_addr_6' <Predicate = true> <Delay = 0.00>
ST_4 : Operation 184 [1/1] (0.00ns)   --->   "%in_block_6_addr_6 = getelementptr i16 %in_block_6, i64 0, i64 6" [../dct_ref/dct.cpp:38]   --->   Operation 184 'getelementptr' 'in_block_6_addr_6' <Predicate = true> <Delay = 0.00>
ST_4 : Operation 185 [1/1] (0.00ns)   --->   "%in_block_7_addr_6 = getelementptr i16 %in_block_7, i64 0, i64 6" [../dct_ref/dct.cpp:38]   --->   Operation 185 'getelementptr' 'in_block_7_addr_6' <Predicate = true> <Delay = 0.00>
ST_4 : Operation 186 [2/2] (0.67ns)   --->   "%in_block_0_load_6 = load i3 %in_block_0_addr_6" [../dct_ref/dct.cpp:38]   --->   Operation 186 'load' 'in_block_0_load_6' <Predicate = true> <Delay = 0.67> <CoreInst = "RAM">   --->   Core 82 'RAM' <Latency = 1> <II = 1> <Delay = 0.67> <Storage> <Opcode : 'load' 'store'> <Ports = 2> <Width = 16> <Depth = 8> <RAM>
ST_4 : Operation 187 [2/2] (0.67ns)   --->   "%in_block_1_load_6 = load i3 %in_block_1_addr_6" [../dct_ref/dct.cpp:38]   --->   Operation 187 'load' 'in_block_1_load_6' <Predicate = true> <Delay = 0.67> <CoreInst = "RAM">   --->   Core 82 'RAM' <Latency = 1> <II = 1> <Delay = 0.67> <Storage> <Opcode : 'load' 'store'> <Ports = 2> <Width = 16> <Depth = 8> <RAM>
ST_4 : Operation 188 [2/2] (0.67ns)   --->   "%in_block_2_load_6 = load i3 %in_block_2_addr_6" [../dct_ref/dct.cpp:38]   --->   Operation 188 'load' 'in_block_2_load_6' <Predicate = true> <Delay = 0.67> <CoreInst = "RAM">   --->   Core 82 'RAM' <Latency = 1> <II = 1> <Delay = 0.67> <Storage> <Opcode : 'load' 'store'> <Ports = 2> <Width = 16> <Depth = 8> <RAM>
ST_4 : Operation 189 [2/2] (0.67ns)   --->   "%in_block_3_load_6 = load i3 %in_block_3_addr_6" [../dct_ref/dct.cpp:38]   --->   Operation 189 'load' 'in_block_3_load_6' <Predicate = true> <Delay = 0.67> <CoreInst = "RAM">   --->   Core 82 'RAM' <Latency = 1> <II = 1> <Delay = 0.67> <Storage> <Opcode : 'load' 'store'> <Ports = 2> <Width = 16> <Depth = 8> <RAM>
ST_4 : Operation 190 [2/2] (0.67ns)   --->   "%in_block_4_load_6 = load i3 %in_block_4_addr_6" [../dct_ref/dct.cpp:38]   --->   Operation 190 'load' 'in_block_4_load_6' <Predicate = true> <Delay = 0.67> <CoreInst = "RAM">   --->   Core 82 'RAM' <Latency = 1> <II = 1> <Delay = 0.67> <Storage> <Opcode : 'load' 'store'> <Ports = 2> <Width = 16> <Depth = 8> <RAM>
ST_4 : Operation 191 [2/2] (0.67ns)   --->   "%in_block_5_load_6 = load i3 %in_block_5_addr_6" [../dct_ref/dct.cpp:38]   --->   Operation 191 'load' 'in_block_5_load_6' <Predicate = true> <Delay = 0.67> <CoreInst = "RAM">   --->   Core 82 'RAM' <Latency = 1> <II = 1> <Delay = 0.67> <Storage> <Opcode : 'load' 'store'> <Ports = 2> <Width = 16> <Depth = 8> <RAM>
ST_4 : Operation 192 [2/2] (0.67ns)   --->   "%in_block_6_load_6 = load i3 %in_block_6_addr_6" [../dct_ref/dct.cpp:38]   --->   Operation 192 'load' 'in_block_6_load_6' <Predicate = true> <Delay = 0.67> <CoreInst = "RAM">   --->   Core 82 'RAM' <Latency = 1> <II = 1> <Delay = 0.67> <Storage> <Opcode : 'load' 'store'> <Ports = 2> <Width = 16> <Depth = 8> <RAM>
ST_4 : Operation 193 [2/2] (0.67ns)   --->   "%in_block_7_load_6 = load i3 %in_block_7_addr_6" [../dct_ref/dct.cpp:38]   --->   Operation 193 'load' 'in_block_7_load_6' <Predicate = true> <Delay = 0.67> <CoreInst = "RAM">   --->   Core 82 'RAM' <Latency = 1> <II = 1> <Delay = 0.67> <Storage> <Opcode : 'load' 'store'> <Ports = 2> <Width = 16> <Depth = 8> <RAM>
ST_4 : Operation 194 [1/1] (0.00ns)   --->   "%in_block_0_addr_7 = getelementptr i16 %in_block_0, i64 0, i64 7" [../dct_ref/dct.cpp:38]   --->   Operation 194 'getelementptr' 'in_block_0_addr_7' <Predicate = true> <Delay = 0.00>
ST_4 : Operation 195 [1/1] (0.00ns)   --->   "%in_block_1_addr_7 = getelementptr i16 %in_block_1, i64 0, i64 7" [../dct_ref/dct.cpp:38]   --->   Operation 195 'getelementptr' 'in_block_1_addr_7' <Predicate = true> <Delay = 0.00>
ST_4 : Operation 196 [1/1] (0.00ns)   --->   "%in_block_2_addr_7 = getelementptr i16 %in_block_2, i64 0, i64 7" [../dct_ref/dct.cpp:38]   --->   Operation 196 'getelementptr' 'in_block_2_addr_7' <Predicate = true> <Delay = 0.00>
ST_4 : Operation 197 [1/1] (0.00ns)   --->   "%in_block_3_addr_7 = getelementptr i16 %in_block_3, i64 0, i64 7" [../dct_ref/dct.cpp:38]   --->   Operation 197 'getelementptr' 'in_block_3_addr_7' <Predicate = true> <Delay = 0.00>
ST_4 : Operation 198 [1/1] (0.00ns)   --->   "%in_block_4_addr_7 = getelementptr i16 %in_block_4, i64 0, i64 7" [../dct_ref/dct.cpp:38]   --->   Operation 198 'getelementptr' 'in_block_4_addr_7' <Predicate = true> <Delay = 0.00>
ST_4 : Operation 199 [1/1] (0.00ns)   --->   "%in_block_5_addr_7 = getelementptr i16 %in_block_5, i64 0, i64 7" [../dct_ref/dct.cpp:38]   --->   Operation 199 'getelementptr' 'in_block_5_addr_7' <Predicate = true> <Delay = 0.00>
ST_4 : Operation 200 [1/1] (0.00ns)   --->   "%in_block_6_addr_7 = getelementptr i16 %in_block_6, i64 0, i64 7" [../dct_ref/dct.cpp:38]   --->   Operation 200 'getelementptr' 'in_block_6_addr_7' <Predicate = true> <Delay = 0.00>
ST_4 : Operation 201 [1/1] (0.00ns)   --->   "%in_block_7_addr_7 = getelementptr i16 %in_block_7, i64 0, i64 7" [../dct_ref/dct.cpp:38]   --->   Operation 201 'getelementptr' 'in_block_7_addr_7' <Predicate = true> <Delay = 0.00>
ST_4 : Operation 202 [2/2] (0.67ns)   --->   "%in_block_0_load_7 = load i3 %in_block_0_addr_7" [../dct_ref/dct.cpp:38]   --->   Operation 202 'load' 'in_block_0_load_7' <Predicate = true> <Delay = 0.67> <CoreInst = "RAM">   --->   Core 82 'RAM' <Latency = 1> <II = 1> <Delay = 0.67> <Storage> <Opcode : 'load' 'store'> <Ports = 2> <Width = 16> <Depth = 8> <RAM>
ST_4 : Operation 203 [2/2] (0.67ns)   --->   "%in_block_1_load_7 = load i3 %in_block_1_addr_7" [../dct_ref/dct.cpp:38]   --->   Operation 203 'load' 'in_block_1_load_7' <Predicate = true> <Delay = 0.67> <CoreInst = "RAM">   --->   Core 82 'RAM' <Latency = 1> <II = 1> <Delay = 0.67> <Storage> <Opcode : 'load' 'store'> <Ports = 2> <Width = 16> <Depth = 8> <RAM>
ST_4 : Operation 204 [2/2] (0.67ns)   --->   "%in_block_2_load_7 = load i3 %in_block_2_addr_7" [../dct_ref/dct.cpp:38]   --->   Operation 204 'load' 'in_block_2_load_7' <Predicate = true> <Delay = 0.67> <CoreInst = "RAM">   --->   Core 82 'RAM' <Latency = 1> <II = 1> <Delay = 0.67> <Storage> <Opcode : 'load' 'store'> <Ports = 2> <Width = 16> <Depth = 8> <RAM>
ST_4 : Operation 205 [2/2] (0.67ns)   --->   "%in_block_3_load_7 = load i3 %in_block_3_addr_7" [../dct_ref/dct.cpp:38]   --->   Operation 205 'load' 'in_block_3_load_7' <Predicate = true> <Delay = 0.67> <CoreInst = "RAM">   --->   Core 82 'RAM' <Latency = 1> <II = 1> <Delay = 0.67> <Storage> <Opcode : 'load' 'store'> <Ports = 2> <Width = 16> <Depth = 8> <RAM>
ST_4 : Operation 206 [2/2] (0.67ns)   --->   "%in_block_4_load_7 = load i3 %in_block_4_addr_7" [../dct_ref/dct.cpp:38]   --->   Operation 206 'load' 'in_block_4_load_7' <Predicate = true> <Delay = 0.67> <CoreInst = "RAM">   --->   Core 82 'RAM' <Latency = 1> <II = 1> <Delay = 0.67> <Storage> <Opcode : 'load' 'store'> <Ports = 2> <Width = 16> <Depth = 8> <RAM>
ST_4 : Operation 207 [2/2] (0.67ns)   --->   "%in_block_5_load_7 = load i3 %in_block_5_addr_7" [../dct_ref/dct.cpp:38]   --->   Operation 207 'load' 'in_block_5_load_7' <Predicate = true> <Delay = 0.67> <CoreInst = "RAM">   --->   Core 82 'RAM' <Latency = 1> <II = 1> <Delay = 0.67> <Storage> <Opcode : 'load' 'store'> <Ports = 2> <Width = 16> <Depth = 8> <RAM>
ST_4 : Operation 208 [2/2] (0.67ns)   --->   "%in_block_6_load_7 = load i3 %in_block_6_addr_7" [../dct_ref/dct.cpp:38]   --->   Operation 208 'load' 'in_block_6_load_7' <Predicate = true> <Delay = 0.67> <CoreInst = "RAM">   --->   Core 82 'RAM' <Latency = 1> <II = 1> <Delay = 0.67> <Storage> <Opcode : 'load' 'store'> <Ports = 2> <Width = 16> <Depth = 8> <RAM>
ST_4 : Operation 209 [2/2] (0.67ns)   --->   "%in_block_7_load_7 = load i3 %in_block_7_addr_7" [../dct_ref/dct.cpp:38]   --->   Operation 209 'load' 'in_block_7_load_7' <Predicate = true> <Delay = 0.67> <CoreInst = "RAM">   --->   Core 82 'RAM' <Latency = 1> <II = 1> <Delay = 0.67> <Storage> <Opcode : 'load' 'store'> <Ports = 2> <Width = 16> <Depth = 8> <RAM>

State 5 <SV = 4> <Delay = 4.40>
ST_5 : Operation 210 [3/6] (4.40ns)   --->   "%dct_1d_ret1 = call i128 @dct_1d, i16 %in_block_0_load, i16 %in_block_1_load, i16 %in_block_2_load, i16 %in_block_3_load, i16 %in_block_4_load, i16 %in_block_5_load, i16 %in_block_6_load, i16 %in_block_7_load" [../dct_ref/dct.cpp:38]   --->   Operation 210 'call' 'dct_1d_ret1' <Predicate = true> <Delay = 4.40> <CoreType = "Generic">   --->   Core 0 '' <Latency = 0> <II = 1> <Delay = 1.00> <Generic> <Opcode : >
ST_5 : Operation 211 [3/6] (4.40ns)   --->   "%dct_1d_ret2 = call i128 @dct_1d, i16 %in_block_0_load_1, i16 %in_block_1_load_1, i16 %in_block_2_load_1, i16 %in_block_3_load_1, i16 %in_block_4_load_1, i16 %in_block_5_load_1, i16 %in_block_6_load_1, i16 %in_block_7_load_1" [../dct_ref/dct.cpp:38]   --->   Operation 211 'call' 'dct_1d_ret2' <Predicate = true> <Delay = 4.40> <CoreType = "Generic">   --->   Core 0 '' <Latency = 0> <II = 1> <Delay = 1.00> <Generic> <Opcode : >
ST_5 : Operation 212 [4/6] (4.40ns)   --->   "%dct_1d_ret3 = call i128 @dct_1d, i16 %in_block_0_load_2, i16 %in_block_1_load_2, i16 %in_block_2_load_2, i16 %in_block_3_load_2, i16 %in_block_4_load_2, i16 %in_block_5_load_2, i16 %in_block_6_load_2, i16 %in_block_7_load_2" [../dct_ref/dct.cpp:38]   --->   Operation 212 'call' 'dct_1d_ret3' <Predicate = true> <Delay = 4.40> <CoreType = "Generic">   --->   Core 0 '' <Latency = 0> <II = 1> <Delay = 1.00> <Generic> <Opcode : >
ST_5 : Operation 213 [4/6] (4.40ns)   --->   "%dct_1d_ret4 = call i128 @dct_1d, i16 %in_block_0_load_3, i16 %in_block_1_load_3, i16 %in_block_2_load_3, i16 %in_block_3_load_3, i16 %in_block_4_load_3, i16 %in_block_5_load_3, i16 %in_block_6_load_3, i16 %in_block_7_load_3" [../dct_ref/dct.cpp:38]   --->   Operation 213 'call' 'dct_1d_ret4' <Predicate = true> <Delay = 4.40> <CoreType = "Generic">   --->   Core 0 '' <Latency = 0> <II = 1> <Delay = 1.00> <Generic> <Opcode : >
ST_5 : Operation 214 [5/6] (4.40ns)   --->   "%dct_1d_ret5 = call i128 @dct_1d, i16 %in_block_0_load_4, i16 %in_block_1_load_4, i16 %in_block_2_load_4, i16 %in_block_3_load_4, i16 %in_block_4_load_4, i16 %in_block_5_load_4, i16 %in_block_6_load_4, i16 %in_block_7_load_4" [../dct_ref/dct.cpp:38]   --->   Operation 214 'call' 'dct_1d_ret5' <Predicate = true> <Delay = 4.40> <CoreType = "Generic">   --->   Core 0 '' <Latency = 0> <II = 1> <Delay = 1.00> <Generic> <Opcode : >
ST_5 : Operation 215 [5/6] (4.40ns)   --->   "%dct_1d_ret6 = call i128 @dct_1d, i16 %in_block_0_load_5, i16 %in_block_1_load_5, i16 %in_block_2_load_5, i16 %in_block_3_load_5, i16 %in_block_4_load_5, i16 %in_block_5_load_5, i16 %in_block_6_load_5, i16 %in_block_7_load_5" [../dct_ref/dct.cpp:38]   --->   Operation 215 'call' 'dct_1d_ret6' <Predicate = true> <Delay = 4.40> <CoreType = "Generic">   --->   Core 0 '' <Latency = 0> <II = 1> <Delay = 1.00> <Generic> <Opcode : >
ST_5 : Operation 216 [1/2] (0.67ns)   --->   "%in_block_0_load_6 = load i3 %in_block_0_addr_6" [../dct_ref/dct.cpp:38]   --->   Operation 216 'load' 'in_block_0_load_6' <Predicate = true> <Delay = 0.67> <CoreInst = "RAM">   --->   Core 82 'RAM' <Latency = 1> <II = 1> <Delay = 0.67> <Storage> <Opcode : 'load' 'store'> <Ports = 2> <Width = 16> <Depth = 8> <RAM>
ST_5 : Operation 217 [1/2] (0.67ns)   --->   "%in_block_1_load_6 = load i3 %in_block_1_addr_6" [../dct_ref/dct.cpp:38]   --->   Operation 217 'load' 'in_block_1_load_6' <Predicate = true> <Delay = 0.67> <CoreInst = "RAM">   --->   Core 82 'RAM' <Latency = 1> <II = 1> <Delay = 0.67> <Storage> <Opcode : 'load' 'store'> <Ports = 2> <Width = 16> <Depth = 8> <RAM>
ST_5 : Operation 218 [1/2] (0.67ns)   --->   "%in_block_2_load_6 = load i3 %in_block_2_addr_6" [../dct_ref/dct.cpp:38]   --->   Operation 218 'load' 'in_block_2_load_6' <Predicate = true> <Delay = 0.67> <CoreInst = "RAM">   --->   Core 82 'RAM' <Latency = 1> <II = 1> <Delay = 0.67> <Storage> <Opcode : 'load' 'store'> <Ports = 2> <Width = 16> <Depth = 8> <RAM>
ST_5 : Operation 219 [1/2] (0.67ns)   --->   "%in_block_3_load_6 = load i3 %in_block_3_addr_6" [../dct_ref/dct.cpp:38]   --->   Operation 219 'load' 'in_block_3_load_6' <Predicate = true> <Delay = 0.67> <CoreInst = "RAM">   --->   Core 82 'RAM' <Latency = 1> <II = 1> <Delay = 0.67> <Storage> <Opcode : 'load' 'store'> <Ports = 2> <Width = 16> <Depth = 8> <RAM>
ST_5 : Operation 220 [1/2] (0.67ns)   --->   "%in_block_4_load_6 = load i3 %in_block_4_addr_6" [../dct_ref/dct.cpp:38]   --->   Operation 220 'load' 'in_block_4_load_6' <Predicate = true> <Delay = 0.67> <CoreInst = "RAM">   --->   Core 82 'RAM' <Latency = 1> <II = 1> <Delay = 0.67> <Storage> <Opcode : 'load' 'store'> <Ports = 2> <Width = 16> <Depth = 8> <RAM>
ST_5 : Operation 221 [1/2] (0.67ns)   --->   "%in_block_5_load_6 = load i3 %in_block_5_addr_6" [../dct_ref/dct.cpp:38]   --->   Operation 221 'load' 'in_block_5_load_6' <Predicate = true> <Delay = 0.67> <CoreInst = "RAM">   --->   Core 82 'RAM' <Latency = 1> <II = 1> <Delay = 0.67> <Storage> <Opcode : 'load' 'store'> <Ports = 2> <Width = 16> <Depth = 8> <RAM>
ST_5 : Operation 222 [1/2] (0.67ns)   --->   "%in_block_6_load_6 = load i3 %in_block_6_addr_6" [../dct_ref/dct.cpp:38]   --->   Operation 222 'load' 'in_block_6_load_6' <Predicate = true> <Delay = 0.67> <CoreInst = "RAM">   --->   Core 82 'RAM' <Latency = 1> <II = 1> <Delay = 0.67> <Storage> <Opcode : 'load' 'store'> <Ports = 2> <Width = 16> <Depth = 8> <RAM>
ST_5 : Operation 223 [1/2] (0.67ns)   --->   "%in_block_7_load_6 = load i3 %in_block_7_addr_6" [../dct_ref/dct.cpp:38]   --->   Operation 223 'load' 'in_block_7_load_6' <Predicate = true> <Delay = 0.67> <CoreInst = "RAM">   --->   Core 82 'RAM' <Latency = 1> <II = 1> <Delay = 0.67> <Storage> <Opcode : 'load' 'store'> <Ports = 2> <Width = 16> <Depth = 8> <RAM>
ST_5 : Operation 224 [6/6] (2.69ns)   --->   "%dct_1d_ret7 = call i128 @dct_1d, i16 %in_block_0_load_6, i16 %in_block_1_load_6, i16 %in_block_2_load_6, i16 %in_block_3_load_6, i16 %in_block_4_load_6, i16 %in_block_5_load_6, i16 %in_block_6_load_6, i16 %in_block_7_load_6" [../dct_ref/dct.cpp:38]   --->   Operation 224 'call' 'dct_1d_ret7' <Predicate = true> <Delay = 2.69> <CoreType = "Generic">   --->   Core 0 '' <Latency = 0> <II = 1> <Delay = 1.00> <Generic> <Opcode : >
ST_5 : Operation 225 [1/2] (0.67ns)   --->   "%in_block_0_load_7 = load i3 %in_block_0_addr_7" [../dct_ref/dct.cpp:38]   --->   Operation 225 'load' 'in_block_0_load_7' <Predicate = true> <Delay = 0.67> <CoreInst = "RAM">   --->   Core 82 'RAM' <Latency = 1> <II = 1> <Delay = 0.67> <Storage> <Opcode : 'load' 'store'> <Ports = 2> <Width = 16> <Depth = 8> <RAM>
ST_5 : Operation 226 [1/2] (0.67ns)   --->   "%in_block_1_load_7 = load i3 %in_block_1_addr_7" [../dct_ref/dct.cpp:38]   --->   Operation 226 'load' 'in_block_1_load_7' <Predicate = true> <Delay = 0.67> <CoreInst = "RAM">   --->   Core 82 'RAM' <Latency = 1> <II = 1> <Delay = 0.67> <Storage> <Opcode : 'load' 'store'> <Ports = 2> <Width = 16> <Depth = 8> <RAM>
ST_5 : Operation 227 [1/2] (0.67ns)   --->   "%in_block_2_load_7 = load i3 %in_block_2_addr_7" [../dct_ref/dct.cpp:38]   --->   Operation 227 'load' 'in_block_2_load_7' <Predicate = true> <Delay = 0.67> <CoreInst = "RAM">   --->   Core 82 'RAM' <Latency = 1> <II = 1> <Delay = 0.67> <Storage> <Opcode : 'load' 'store'> <Ports = 2> <Width = 16> <Depth = 8> <RAM>
ST_5 : Operation 228 [1/2] (0.67ns)   --->   "%in_block_3_load_7 = load i3 %in_block_3_addr_7" [../dct_ref/dct.cpp:38]   --->   Operation 228 'load' 'in_block_3_load_7' <Predicate = true> <Delay = 0.67> <CoreInst = "RAM">   --->   Core 82 'RAM' <Latency = 1> <II = 1> <Delay = 0.67> <Storage> <Opcode : 'load' 'store'> <Ports = 2> <Width = 16> <Depth = 8> <RAM>
ST_5 : Operation 229 [1/2] (0.67ns)   --->   "%in_block_4_load_7 = load i3 %in_block_4_addr_7" [../dct_ref/dct.cpp:38]   --->   Operation 229 'load' 'in_block_4_load_7' <Predicate = true> <Delay = 0.67> <CoreInst = "RAM">   --->   Core 82 'RAM' <Latency = 1> <II = 1> <Delay = 0.67> <Storage> <Opcode : 'load' 'store'> <Ports = 2> <Width = 16> <Depth = 8> <RAM>
ST_5 : Operation 230 [1/2] (0.67ns)   --->   "%in_block_5_load_7 = load i3 %in_block_5_addr_7" [../dct_ref/dct.cpp:38]   --->   Operation 230 'load' 'in_block_5_load_7' <Predicate = true> <Delay = 0.67> <CoreInst = "RAM">   --->   Core 82 'RAM' <Latency = 1> <II = 1> <Delay = 0.67> <Storage> <Opcode : 'load' 'store'> <Ports = 2> <Width = 16> <Depth = 8> <RAM>
ST_5 : Operation 231 [1/2] (0.67ns)   --->   "%in_block_6_load_7 = load i3 %in_block_6_addr_7" [../dct_ref/dct.cpp:38]   --->   Operation 231 'load' 'in_block_6_load_7' <Predicate = true> <Delay = 0.67> <CoreInst = "RAM">   --->   Core 82 'RAM' <Latency = 1> <II = 1> <Delay = 0.67> <Storage> <Opcode : 'load' 'store'> <Ports = 2> <Width = 16> <Depth = 8> <RAM>
ST_5 : Operation 232 [1/2] (0.67ns)   --->   "%in_block_7_load_7 = load i3 %in_block_7_addr_7" [../dct_ref/dct.cpp:38]   --->   Operation 232 'load' 'in_block_7_load_7' <Predicate = true> <Delay = 0.67> <CoreInst = "RAM">   --->   Core 82 'RAM' <Latency = 1> <II = 1> <Delay = 0.67> <Storage> <Opcode : 'load' 'store'> <Ports = 2> <Width = 16> <Depth = 8> <RAM>
ST_5 : Operation 233 [6/6] (2.69ns)   --->   "%dct_1d_ret8 = call i128 @dct_1d, i16 %in_block_0_load_7, i16 %in_block_1_load_7, i16 %in_block_2_load_7, i16 %in_block_3_load_7, i16 %in_block_4_load_7, i16 %in_block_5_load_7, i16 %in_block_6_load_7, i16 %in_block_7_load_7" [../dct_ref/dct.cpp:38]   --->   Operation 233 'call' 'dct_1d_ret8' <Predicate = true> <Delay = 2.69> <CoreType = "Generic">   --->   Core 0 '' <Latency = 0> <II = 1> <Delay = 1.00> <Generic> <Opcode : >

State 6 <SV = 5> <Delay = 4.40>
ST_6 : Operation 234 [2/6] (4.40ns)   --->   "%dct_1d_ret1 = call i128 @dct_1d, i16 %in_block_0_load, i16 %in_block_1_load, i16 %in_block_2_load, i16 %in_block_3_load, i16 %in_block_4_load, i16 %in_block_5_load, i16 %in_block_6_load, i16 %in_block_7_load" [../dct_ref/dct.cpp:38]   --->   Operation 234 'call' 'dct_1d_ret1' <Predicate = true> <Delay = 4.40> <CoreType = "Generic">   --->   Core 0 '' <Latency = 0> <II = 1> <Delay = 1.00> <Generic> <Opcode : >
ST_6 : Operation 235 [2/6] (4.40ns)   --->   "%dct_1d_ret2 = call i128 @dct_1d, i16 %in_block_0_load_1, i16 %in_block_1_load_1, i16 %in_block_2_load_1, i16 %in_block_3_load_1, i16 %in_block_4_load_1, i16 %in_block_5_load_1, i16 %in_block_6_load_1, i16 %in_block_7_load_1" [../dct_ref/dct.cpp:38]   --->   Operation 235 'call' 'dct_1d_ret2' <Predicate = true> <Delay = 4.40> <CoreType = "Generic">   --->   Core 0 '' <Latency = 0> <II = 1> <Delay = 1.00> <Generic> <Opcode : >
ST_6 : Operation 236 [3/6] (4.40ns)   --->   "%dct_1d_ret3 = call i128 @dct_1d, i16 %in_block_0_load_2, i16 %in_block_1_load_2, i16 %in_block_2_load_2, i16 %in_block_3_load_2, i16 %in_block_4_load_2, i16 %in_block_5_load_2, i16 %in_block_6_load_2, i16 %in_block_7_load_2" [../dct_ref/dct.cpp:38]   --->   Operation 236 'call' 'dct_1d_ret3' <Predicate = true> <Delay = 4.40> <CoreType = "Generic">   --->   Core 0 '' <Latency = 0> <II = 1> <Delay = 1.00> <Generic> <Opcode : >
ST_6 : Operation 237 [3/6] (4.40ns)   --->   "%dct_1d_ret4 = call i128 @dct_1d, i16 %in_block_0_load_3, i16 %in_block_1_load_3, i16 %in_block_2_load_3, i16 %in_block_3_load_3, i16 %in_block_4_load_3, i16 %in_block_5_load_3, i16 %in_block_6_load_3, i16 %in_block_7_load_3" [../dct_ref/dct.cpp:38]   --->   Operation 237 'call' 'dct_1d_ret4' <Predicate = true> <Delay = 4.40> <CoreType = "Generic">   --->   Core 0 '' <Latency = 0> <II = 1> <Delay = 1.00> <Generic> <Opcode : >
ST_6 : Operation 238 [4/6] (4.40ns)   --->   "%dct_1d_ret5 = call i128 @dct_1d, i16 %in_block_0_load_4, i16 %in_block_1_load_4, i16 %in_block_2_load_4, i16 %in_block_3_load_4, i16 %in_block_4_load_4, i16 %in_block_5_load_4, i16 %in_block_6_load_4, i16 %in_block_7_load_4" [../dct_ref/dct.cpp:38]   --->   Operation 238 'call' 'dct_1d_ret5' <Predicate = true> <Delay = 4.40> <CoreType = "Generic">   --->   Core 0 '' <Latency = 0> <II = 1> <Delay = 1.00> <Generic> <Opcode : >
ST_6 : Operation 239 [4/6] (4.40ns)   --->   "%dct_1d_ret6 = call i128 @dct_1d, i16 %in_block_0_load_5, i16 %in_block_1_load_5, i16 %in_block_2_load_5, i16 %in_block_3_load_5, i16 %in_block_4_load_5, i16 %in_block_5_load_5, i16 %in_block_6_load_5, i16 %in_block_7_load_5" [../dct_ref/dct.cpp:38]   --->   Operation 239 'call' 'dct_1d_ret6' <Predicate = true> <Delay = 4.40> <CoreType = "Generic">   --->   Core 0 '' <Latency = 0> <II = 1> <Delay = 1.00> <Generic> <Opcode : >
ST_6 : Operation 240 [5/6] (4.40ns)   --->   "%dct_1d_ret7 = call i128 @dct_1d, i16 %in_block_0_load_6, i16 %in_block_1_load_6, i16 %in_block_2_load_6, i16 %in_block_3_load_6, i16 %in_block_4_load_6, i16 %in_block_5_load_6, i16 %in_block_6_load_6, i16 %in_block_7_load_6" [../dct_ref/dct.cpp:38]   --->   Operation 240 'call' 'dct_1d_ret7' <Predicate = true> <Delay = 4.40> <CoreType = "Generic">   --->   Core 0 '' <Latency = 0> <II = 1> <Delay = 1.00> <Generic> <Opcode : >
ST_6 : Operation 241 [5/6] (4.40ns)   --->   "%dct_1d_ret8 = call i128 @dct_1d, i16 %in_block_0_load_7, i16 %in_block_1_load_7, i16 %in_block_2_load_7, i16 %in_block_3_load_7, i16 %in_block_4_load_7, i16 %in_block_5_load_7, i16 %in_block_6_load_7, i16 %in_block_7_load_7" [../dct_ref/dct.cpp:38]   --->   Operation 241 'call' 'dct_1d_ret8' <Predicate = true> <Delay = 4.40> <CoreType = "Generic">   --->   Core 0 '' <Latency = 0> <II = 1> <Delay = 1.00> <Generic> <Opcode : >

State 7 <SV = 6> <Delay = 4.40>
ST_7 : Operation 242 [1/6] (1.36ns)   --->   "%dct_1d_ret1 = call i128 @dct_1d, i16 %in_block_0_load, i16 %in_block_1_load, i16 %in_block_2_load, i16 %in_block_3_load, i16 %in_block_4_load, i16 %in_block_5_load, i16 %in_block_6_load, i16 %in_block_7_load" [../dct_ref/dct.cpp:38]   --->   Operation 242 'call' 'dct_1d_ret1' <Predicate = true> <Delay = 1.36> <CoreType = "Generic">   --->   Core 0 '' <Latency = 0> <II = 1> <Delay = 1.00> <Generic> <Opcode : >
ST_7 : Operation 243 [1/1] (0.00ns)   --->   "%row_outbuf_addr_ret = extractvalue i128 %dct_1d_ret1" [../dct_ref/dct.cpp:38]   --->   Operation 243 'extractvalue' 'row_outbuf_addr_ret' <Predicate = true> <Delay = 0.00>
ST_7 : Operation 244 [1/1] (0.00ns)   --->   "%row_outbuf_1_addr_ret = extractvalue i128 %dct_1d_ret1" [../dct_ref/dct.cpp:38]   --->   Operation 244 'extractvalue' 'row_outbuf_1_addr_ret' <Predicate = true> <Delay = 0.00>
ST_7 : Operation 245 [1/1] (0.00ns)   --->   "%row_outbuf_2_addr_ret = extractvalue i128 %dct_1d_ret1" [../dct_ref/dct.cpp:38]   --->   Operation 245 'extractvalue' 'row_outbuf_2_addr_ret' <Predicate = true> <Delay = 0.00>
ST_7 : Operation 246 [1/1] (0.00ns)   --->   "%row_outbuf_3_addr_ret = extractvalue i128 %dct_1d_ret1" [../dct_ref/dct.cpp:38]   --->   Operation 246 'extractvalue' 'row_outbuf_3_addr_ret' <Predicate = true> <Delay = 0.00>
ST_7 : Operation 247 [1/1] (0.00ns)   --->   "%row_outbuf_4_addr_ret = extractvalue i128 %dct_1d_ret1" [../dct_ref/dct.cpp:38]   --->   Operation 247 'extractvalue' 'row_outbuf_4_addr_ret' <Predicate = true> <Delay = 0.00>
ST_7 : Operation 248 [1/1] (0.00ns)   --->   "%row_outbuf_5_addr_ret = extractvalue i128 %dct_1d_ret1" [../dct_ref/dct.cpp:38]   --->   Operation 248 'extractvalue' 'row_outbuf_5_addr_ret' <Predicate = true> <Delay = 0.00>
ST_7 : Operation 249 [1/1] (0.00ns)   --->   "%row_outbuf_6_addr_ret = extractvalue i128 %dct_1d_ret1" [../dct_ref/dct.cpp:38]   --->   Operation 249 'extractvalue' 'row_outbuf_6_addr_ret' <Predicate = true> <Delay = 0.00>
ST_7 : Operation 250 [1/1] (0.00ns)   --->   "%row_outbuf_7_addr_ret = extractvalue i128 %dct_1d_ret1" [../dct_ref/dct.cpp:38]   --->   Operation 250 'extractvalue' 'row_outbuf_7_addr_ret' <Predicate = true> <Delay = 0.00>
ST_7 : Operation 251 [1/6] (1.36ns)   --->   "%dct_1d_ret2 = call i128 @dct_1d, i16 %in_block_0_load_1, i16 %in_block_1_load_1, i16 %in_block_2_load_1, i16 %in_block_3_load_1, i16 %in_block_4_load_1, i16 %in_block_5_load_1, i16 %in_block_6_load_1, i16 %in_block_7_load_1" [../dct_ref/dct.cpp:38]   --->   Operation 251 'call' 'dct_1d_ret2' <Predicate = true> <Delay = 1.36> <CoreType = "Generic">   --->   Core 0 '' <Latency = 0> <II = 1> <Delay = 1.00> <Generic> <Opcode : >
ST_7 : Operation 252 [1/1] (0.00ns)   --->   "%row_outbuf_8_addr_ret = extractvalue i128 %dct_1d_ret2" [../dct_ref/dct.cpp:38]   --->   Operation 252 'extractvalue' 'row_outbuf_8_addr_ret' <Predicate = true> <Delay = 0.00>
ST_7 : Operation 253 [1/1] (0.00ns)   --->   "%row_outbuf_9_addr_ret = extractvalue i128 %dct_1d_ret2" [../dct_ref/dct.cpp:38]   --->   Operation 253 'extractvalue' 'row_outbuf_9_addr_ret' <Predicate = true> <Delay = 0.00>
ST_7 : Operation 254 [1/1] (0.00ns)   --->   "%row_outbuf_10_addr_ret = extractvalue i128 %dct_1d_ret2" [../dct_ref/dct.cpp:38]   --->   Operation 254 'extractvalue' 'row_outbuf_10_addr_ret' <Predicate = true> <Delay = 0.00>
ST_7 : Operation 255 [1/1] (0.00ns)   --->   "%row_outbuf_11_addr_ret = extractvalue i128 %dct_1d_ret2" [../dct_ref/dct.cpp:38]   --->   Operation 255 'extractvalue' 'row_outbuf_11_addr_ret' <Predicate = true> <Delay = 0.00>
ST_7 : Operation 256 [1/1] (0.00ns)   --->   "%row_outbuf_12_addr_ret = extractvalue i128 %dct_1d_ret2" [../dct_ref/dct.cpp:38]   --->   Operation 256 'extractvalue' 'row_outbuf_12_addr_ret' <Predicate = true> <Delay = 0.00>
ST_7 : Operation 257 [1/1] (0.00ns)   --->   "%row_outbuf_13_addr_ret = extractvalue i128 %dct_1d_ret2" [../dct_ref/dct.cpp:38]   --->   Operation 257 'extractvalue' 'row_outbuf_13_addr_ret' <Predicate = true> <Delay = 0.00>
ST_7 : Operation 258 [1/1] (0.00ns)   --->   "%row_outbuf_14_addr_ret = extractvalue i128 %dct_1d_ret2" [../dct_ref/dct.cpp:38]   --->   Operation 258 'extractvalue' 'row_outbuf_14_addr_ret' <Predicate = true> <Delay = 0.00>
ST_7 : Operation 259 [1/1] (0.00ns)   --->   "%row_outbuf_15_addr_ret = extractvalue i128 %dct_1d_ret2" [../dct_ref/dct.cpp:38]   --->   Operation 259 'extractvalue' 'row_outbuf_15_addr_ret' <Predicate = true> <Delay = 0.00>
ST_7 : Operation 260 [2/6] (4.40ns)   --->   "%dct_1d_ret3 = call i128 @dct_1d, i16 %in_block_0_load_2, i16 %in_block_1_load_2, i16 %in_block_2_load_2, i16 %in_block_3_load_2, i16 %in_block_4_load_2, i16 %in_block_5_load_2, i16 %in_block_6_load_2, i16 %in_block_7_load_2" [../dct_ref/dct.cpp:38]   --->   Operation 260 'call' 'dct_1d_ret3' <Predicate = true> <Delay = 4.40> <CoreType = "Generic">   --->   Core 0 '' <Latency = 0> <II = 1> <Delay = 1.00> <Generic> <Opcode : >
ST_7 : Operation 261 [2/6] (4.40ns)   --->   "%dct_1d_ret4 = call i128 @dct_1d, i16 %in_block_0_load_3, i16 %in_block_1_load_3, i16 %in_block_2_load_3, i16 %in_block_3_load_3, i16 %in_block_4_load_3, i16 %in_block_5_load_3, i16 %in_block_6_load_3, i16 %in_block_7_load_3" [../dct_ref/dct.cpp:38]   --->   Operation 261 'call' 'dct_1d_ret4' <Predicate = true> <Delay = 4.40> <CoreType = "Generic">   --->   Core 0 '' <Latency = 0> <II = 1> <Delay = 1.00> <Generic> <Opcode : >
ST_7 : Operation 262 [3/6] (4.40ns)   --->   "%dct_1d_ret5 = call i128 @dct_1d, i16 %in_block_0_load_4, i16 %in_block_1_load_4, i16 %in_block_2_load_4, i16 %in_block_3_load_4, i16 %in_block_4_load_4, i16 %in_block_5_load_4, i16 %in_block_6_load_4, i16 %in_block_7_load_4" [../dct_ref/dct.cpp:38]   --->   Operation 262 'call' 'dct_1d_ret5' <Predicate = true> <Delay = 4.40> <CoreType = "Generic">   --->   Core 0 '' <Latency = 0> <II = 1> <Delay = 1.00> <Generic> <Opcode : >
ST_7 : Operation 263 [3/6] (4.40ns)   --->   "%dct_1d_ret6 = call i128 @dct_1d, i16 %in_block_0_load_5, i16 %in_block_1_load_5, i16 %in_block_2_load_5, i16 %in_block_3_load_5, i16 %in_block_4_load_5, i16 %in_block_5_load_5, i16 %in_block_6_load_5, i16 %in_block_7_load_5" [../dct_ref/dct.cpp:38]   --->   Operation 263 'call' 'dct_1d_ret6' <Predicate = true> <Delay = 4.40> <CoreType = "Generic">   --->   Core 0 '' <Latency = 0> <II = 1> <Delay = 1.00> <Generic> <Opcode : >
ST_7 : Operation 264 [4/6] (4.40ns)   --->   "%dct_1d_ret7 = call i128 @dct_1d, i16 %in_block_0_load_6, i16 %in_block_1_load_6, i16 %in_block_2_load_6, i16 %in_block_3_load_6, i16 %in_block_4_load_6, i16 %in_block_5_load_6, i16 %in_block_6_load_6, i16 %in_block_7_load_6" [../dct_ref/dct.cpp:38]   --->   Operation 264 'call' 'dct_1d_ret7' <Predicate = true> <Delay = 4.40> <CoreType = "Generic">   --->   Core 0 '' <Latency = 0> <II = 1> <Delay = 1.00> <Generic> <Opcode : >
ST_7 : Operation 265 [4/6] (4.40ns)   --->   "%dct_1d_ret8 = call i128 @dct_1d, i16 %in_block_0_load_7, i16 %in_block_1_load_7, i16 %in_block_2_load_7, i16 %in_block_3_load_7, i16 %in_block_4_load_7, i16 %in_block_5_load_7, i16 %in_block_6_load_7, i16 %in_block_7_load_7" [../dct_ref/dct.cpp:38]   --->   Operation 265 'call' 'dct_1d_ret8' <Predicate = true> <Delay = 4.40> <CoreType = "Generic">   --->   Core 0 '' <Latency = 0> <II = 1> <Delay = 1.00> <Generic> <Opcode : >

State 8 <SV = 7> <Delay = 4.40>
ST_8 : Operation 266 [1/6] (1.36ns)   --->   "%dct_1d_ret3 = call i128 @dct_1d, i16 %in_block_0_load_2, i16 %in_block_1_load_2, i16 %in_block_2_load_2, i16 %in_block_3_load_2, i16 %in_block_4_load_2, i16 %in_block_5_load_2, i16 %in_block_6_load_2, i16 %in_block_7_load_2" [../dct_ref/dct.cpp:38]   --->   Operation 266 'call' 'dct_1d_ret3' <Predicate = true> <Delay = 1.36> <CoreType = "Generic">   --->   Core 0 '' <Latency = 0> <II = 1> <Delay = 1.00> <Generic> <Opcode : >
ST_8 : Operation 267 [1/1] (0.00ns)   --->   "%row_outbuf_addr_1_ret = extractvalue i128 %dct_1d_ret3" [../dct_ref/dct.cpp:38]   --->   Operation 267 'extractvalue' 'row_outbuf_addr_1_ret' <Predicate = true> <Delay = 0.00>
ST_8 : Operation 268 [1/1] (0.00ns)   --->   "%row_outbuf_1_addr_1_ret = extractvalue i128 %dct_1d_ret3" [../dct_ref/dct.cpp:38]   --->   Operation 268 'extractvalue' 'row_outbuf_1_addr_1_ret' <Predicate = true> <Delay = 0.00>
ST_8 : Operation 269 [1/1] (0.00ns)   --->   "%row_outbuf_2_addr_1_ret = extractvalue i128 %dct_1d_ret3" [../dct_ref/dct.cpp:38]   --->   Operation 269 'extractvalue' 'row_outbuf_2_addr_1_ret' <Predicate = true> <Delay = 0.00>
ST_8 : Operation 270 [1/1] (0.00ns)   --->   "%row_outbuf_3_addr_1_ret = extractvalue i128 %dct_1d_ret3" [../dct_ref/dct.cpp:38]   --->   Operation 270 'extractvalue' 'row_outbuf_3_addr_1_ret' <Predicate = true> <Delay = 0.00>
ST_8 : Operation 271 [1/1] (0.00ns)   --->   "%row_outbuf_4_addr_1_ret = extractvalue i128 %dct_1d_ret3" [../dct_ref/dct.cpp:38]   --->   Operation 271 'extractvalue' 'row_outbuf_4_addr_1_ret' <Predicate = true> <Delay = 0.00>
ST_8 : Operation 272 [1/1] (0.00ns)   --->   "%row_outbuf_5_addr_1_ret = extractvalue i128 %dct_1d_ret3" [../dct_ref/dct.cpp:38]   --->   Operation 272 'extractvalue' 'row_outbuf_5_addr_1_ret' <Predicate = true> <Delay = 0.00>
ST_8 : Operation 273 [1/1] (0.00ns)   --->   "%row_outbuf_6_addr_1_ret = extractvalue i128 %dct_1d_ret3" [../dct_ref/dct.cpp:38]   --->   Operation 273 'extractvalue' 'row_outbuf_6_addr_1_ret' <Predicate = true> <Delay = 0.00>
ST_8 : Operation 274 [1/1] (0.00ns)   --->   "%row_outbuf_7_addr_1_ret = extractvalue i128 %dct_1d_ret3" [../dct_ref/dct.cpp:38]   --->   Operation 274 'extractvalue' 'row_outbuf_7_addr_1_ret' <Predicate = true> <Delay = 0.00>
ST_8 : Operation 275 [1/6] (1.36ns)   --->   "%dct_1d_ret4 = call i128 @dct_1d, i16 %in_block_0_load_3, i16 %in_block_1_load_3, i16 %in_block_2_load_3, i16 %in_block_3_load_3, i16 %in_block_4_load_3, i16 %in_block_5_load_3, i16 %in_block_6_load_3, i16 %in_block_7_load_3" [../dct_ref/dct.cpp:38]   --->   Operation 275 'call' 'dct_1d_ret4' <Predicate = true> <Delay = 1.36> <CoreType = "Generic">   --->   Core 0 '' <Latency = 0> <II = 1> <Delay = 1.00> <Generic> <Opcode : >
ST_8 : Operation 276 [1/1] (0.00ns)   --->   "%row_outbuf_8_addr_1_ret = extractvalue i128 %dct_1d_ret4" [../dct_ref/dct.cpp:38]   --->   Operation 276 'extractvalue' 'row_outbuf_8_addr_1_ret' <Predicate = true> <Delay = 0.00>
ST_8 : Operation 277 [1/1] (0.00ns)   --->   "%row_outbuf_9_addr_1_ret = extractvalue i128 %dct_1d_ret4" [../dct_ref/dct.cpp:38]   --->   Operation 277 'extractvalue' 'row_outbuf_9_addr_1_ret' <Predicate = true> <Delay = 0.00>
ST_8 : Operation 278 [1/1] (0.00ns)   --->   "%row_outbuf_10_addr_1_ret = extractvalue i128 %dct_1d_ret4" [../dct_ref/dct.cpp:38]   --->   Operation 278 'extractvalue' 'row_outbuf_10_addr_1_ret' <Predicate = true> <Delay = 0.00>
ST_8 : Operation 279 [1/1] (0.00ns)   --->   "%row_outbuf_11_addr_1_ret = extractvalue i128 %dct_1d_ret4" [../dct_ref/dct.cpp:38]   --->   Operation 279 'extractvalue' 'row_outbuf_11_addr_1_ret' <Predicate = true> <Delay = 0.00>
ST_8 : Operation 280 [1/1] (0.00ns)   --->   "%row_outbuf_12_addr_1_ret = extractvalue i128 %dct_1d_ret4" [../dct_ref/dct.cpp:38]   --->   Operation 280 'extractvalue' 'row_outbuf_12_addr_1_ret' <Predicate = true> <Delay = 0.00>
ST_8 : Operation 281 [1/1] (0.00ns)   --->   "%row_outbuf_13_addr_1_ret = extractvalue i128 %dct_1d_ret4" [../dct_ref/dct.cpp:38]   --->   Operation 281 'extractvalue' 'row_outbuf_13_addr_1_ret' <Predicate = true> <Delay = 0.00>
ST_8 : Operation 282 [1/1] (0.00ns)   --->   "%row_outbuf_14_addr_1_ret = extractvalue i128 %dct_1d_ret4" [../dct_ref/dct.cpp:38]   --->   Operation 282 'extractvalue' 'row_outbuf_14_addr_1_ret' <Predicate = true> <Delay = 0.00>
ST_8 : Operation 283 [1/1] (0.00ns)   --->   "%row_outbuf_15_addr_1_ret = extractvalue i128 %dct_1d_ret4" [../dct_ref/dct.cpp:38]   --->   Operation 283 'extractvalue' 'row_outbuf_15_addr_1_ret' <Predicate = true> <Delay = 0.00>
ST_8 : Operation 284 [2/6] (4.40ns)   --->   "%dct_1d_ret5 = call i128 @dct_1d, i16 %in_block_0_load_4, i16 %in_block_1_load_4, i16 %in_block_2_load_4, i16 %in_block_3_load_4, i16 %in_block_4_load_4, i16 %in_block_5_load_4, i16 %in_block_6_load_4, i16 %in_block_7_load_4" [../dct_ref/dct.cpp:38]   --->   Operation 284 'call' 'dct_1d_ret5' <Predicate = true> <Delay = 4.40> <CoreType = "Generic">   --->   Core 0 '' <Latency = 0> <II = 1> <Delay = 1.00> <Generic> <Opcode : >
ST_8 : Operation 285 [2/6] (4.40ns)   --->   "%dct_1d_ret6 = call i128 @dct_1d, i16 %in_block_0_load_5, i16 %in_block_1_load_5, i16 %in_block_2_load_5, i16 %in_block_3_load_5, i16 %in_block_4_load_5, i16 %in_block_5_load_5, i16 %in_block_6_load_5, i16 %in_block_7_load_5" [../dct_ref/dct.cpp:38]   --->   Operation 285 'call' 'dct_1d_ret6' <Predicate = true> <Delay = 4.40> <CoreType = "Generic">   --->   Core 0 '' <Latency = 0> <II = 1> <Delay = 1.00> <Generic> <Opcode : >
ST_8 : Operation 286 [3/6] (4.40ns)   --->   "%dct_1d_ret7 = call i128 @dct_1d, i16 %in_block_0_load_6, i16 %in_block_1_load_6, i16 %in_block_2_load_6, i16 %in_block_3_load_6, i16 %in_block_4_load_6, i16 %in_block_5_load_6, i16 %in_block_6_load_6, i16 %in_block_7_load_6" [../dct_ref/dct.cpp:38]   --->   Operation 286 'call' 'dct_1d_ret7' <Predicate = true> <Delay = 4.40> <CoreType = "Generic">   --->   Core 0 '' <Latency = 0> <II = 1> <Delay = 1.00> <Generic> <Opcode : >
ST_8 : Operation 287 [3/6] (4.40ns)   --->   "%dct_1d_ret8 = call i128 @dct_1d, i16 %in_block_0_load_7, i16 %in_block_1_load_7, i16 %in_block_2_load_7, i16 %in_block_3_load_7, i16 %in_block_4_load_7, i16 %in_block_5_load_7, i16 %in_block_6_load_7, i16 %in_block_7_load_7" [../dct_ref/dct.cpp:38]   --->   Operation 287 'call' 'dct_1d_ret8' <Predicate = true> <Delay = 4.40> <CoreType = "Generic">   --->   Core 0 '' <Latency = 0> <II = 1> <Delay = 1.00> <Generic> <Opcode : >

State 9 <SV = 8> <Delay = 4.40>
ST_9 : Operation 288 [1/6] (1.36ns)   --->   "%dct_1d_ret5 = call i128 @dct_1d, i16 %in_block_0_load_4, i16 %in_block_1_load_4, i16 %in_block_2_load_4, i16 %in_block_3_load_4, i16 %in_block_4_load_4, i16 %in_block_5_load_4, i16 %in_block_6_load_4, i16 %in_block_7_load_4" [../dct_ref/dct.cpp:38]   --->   Operation 288 'call' 'dct_1d_ret5' <Predicate = true> <Delay = 1.36> <CoreType = "Generic">   --->   Core 0 '' <Latency = 0> <II = 1> <Delay = 1.00> <Generic> <Opcode : >
ST_9 : Operation 289 [1/1] (0.00ns)   --->   "%row_outbuf_addr_2_ret = extractvalue i128 %dct_1d_ret5" [../dct_ref/dct.cpp:38]   --->   Operation 289 'extractvalue' 'row_outbuf_addr_2_ret' <Predicate = true> <Delay = 0.00>
ST_9 : Operation 290 [1/1] (0.00ns)   --->   "%row_outbuf_1_addr_2_ret = extractvalue i128 %dct_1d_ret5" [../dct_ref/dct.cpp:38]   --->   Operation 290 'extractvalue' 'row_outbuf_1_addr_2_ret' <Predicate = true> <Delay = 0.00>
ST_9 : Operation 291 [1/1] (0.00ns)   --->   "%row_outbuf_2_addr_2_ret = extractvalue i128 %dct_1d_ret5" [../dct_ref/dct.cpp:38]   --->   Operation 291 'extractvalue' 'row_outbuf_2_addr_2_ret' <Predicate = true> <Delay = 0.00>
ST_9 : Operation 292 [1/1] (0.00ns)   --->   "%row_outbuf_3_addr_2_ret = extractvalue i128 %dct_1d_ret5" [../dct_ref/dct.cpp:38]   --->   Operation 292 'extractvalue' 'row_outbuf_3_addr_2_ret' <Predicate = true> <Delay = 0.00>
ST_9 : Operation 293 [1/1] (0.00ns)   --->   "%row_outbuf_4_addr_2_ret = extractvalue i128 %dct_1d_ret5" [../dct_ref/dct.cpp:38]   --->   Operation 293 'extractvalue' 'row_outbuf_4_addr_2_ret' <Predicate = true> <Delay = 0.00>
ST_9 : Operation 294 [1/1] (0.00ns)   --->   "%row_outbuf_5_addr_2_ret = extractvalue i128 %dct_1d_ret5" [../dct_ref/dct.cpp:38]   --->   Operation 294 'extractvalue' 'row_outbuf_5_addr_2_ret' <Predicate = true> <Delay = 0.00>
ST_9 : Operation 295 [1/1] (0.00ns)   --->   "%row_outbuf_6_addr_2_ret = extractvalue i128 %dct_1d_ret5" [../dct_ref/dct.cpp:38]   --->   Operation 295 'extractvalue' 'row_outbuf_6_addr_2_ret' <Predicate = true> <Delay = 0.00>
ST_9 : Operation 296 [1/1] (0.00ns)   --->   "%row_outbuf_7_addr_2_ret = extractvalue i128 %dct_1d_ret5" [../dct_ref/dct.cpp:38]   --->   Operation 296 'extractvalue' 'row_outbuf_7_addr_2_ret' <Predicate = true> <Delay = 0.00>
ST_9 : Operation 297 [1/6] (1.36ns)   --->   "%dct_1d_ret6 = call i128 @dct_1d, i16 %in_block_0_load_5, i16 %in_block_1_load_5, i16 %in_block_2_load_5, i16 %in_block_3_load_5, i16 %in_block_4_load_5, i16 %in_block_5_load_5, i16 %in_block_6_load_5, i16 %in_block_7_load_5" [../dct_ref/dct.cpp:38]   --->   Operation 297 'call' 'dct_1d_ret6' <Predicate = true> <Delay = 1.36> <CoreType = "Generic">   --->   Core 0 '' <Latency = 0> <II = 1> <Delay = 1.00> <Generic> <Opcode : >
ST_9 : Operation 298 [1/1] (0.00ns)   --->   "%row_outbuf_8_addr_2_ret = extractvalue i128 %dct_1d_ret6" [../dct_ref/dct.cpp:38]   --->   Operation 298 'extractvalue' 'row_outbuf_8_addr_2_ret' <Predicate = true> <Delay = 0.00>
ST_9 : Operation 299 [1/1] (0.00ns)   --->   "%row_outbuf_9_addr_2_ret = extractvalue i128 %dct_1d_ret6" [../dct_ref/dct.cpp:38]   --->   Operation 299 'extractvalue' 'row_outbuf_9_addr_2_ret' <Predicate = true> <Delay = 0.00>
ST_9 : Operation 300 [1/1] (0.00ns)   --->   "%row_outbuf_10_addr_2_ret = extractvalue i128 %dct_1d_ret6" [../dct_ref/dct.cpp:38]   --->   Operation 300 'extractvalue' 'row_outbuf_10_addr_2_ret' <Predicate = true> <Delay = 0.00>
ST_9 : Operation 301 [1/1] (0.00ns)   --->   "%row_outbuf_11_addr_2_ret = extractvalue i128 %dct_1d_ret6" [../dct_ref/dct.cpp:38]   --->   Operation 301 'extractvalue' 'row_outbuf_11_addr_2_ret' <Predicate = true> <Delay = 0.00>
ST_9 : Operation 302 [1/1] (0.00ns)   --->   "%row_outbuf_12_addr_2_ret = extractvalue i128 %dct_1d_ret6" [../dct_ref/dct.cpp:38]   --->   Operation 302 'extractvalue' 'row_outbuf_12_addr_2_ret' <Predicate = true> <Delay = 0.00>
ST_9 : Operation 303 [1/1] (0.00ns)   --->   "%row_outbuf_13_addr_2_ret = extractvalue i128 %dct_1d_ret6" [../dct_ref/dct.cpp:38]   --->   Operation 303 'extractvalue' 'row_outbuf_13_addr_2_ret' <Predicate = true> <Delay = 0.00>
ST_9 : Operation 304 [1/1] (0.00ns)   --->   "%row_outbuf_14_addr_2_ret = extractvalue i128 %dct_1d_ret6" [../dct_ref/dct.cpp:38]   --->   Operation 304 'extractvalue' 'row_outbuf_14_addr_2_ret' <Predicate = true> <Delay = 0.00>
ST_9 : Operation 305 [1/1] (0.00ns)   --->   "%row_outbuf_15_addr_2_ret = extractvalue i128 %dct_1d_ret6" [../dct_ref/dct.cpp:38]   --->   Operation 305 'extractvalue' 'row_outbuf_15_addr_2_ret' <Predicate = true> <Delay = 0.00>
ST_9 : Operation 306 [2/6] (4.40ns)   --->   "%dct_1d_ret7 = call i128 @dct_1d, i16 %in_block_0_load_6, i16 %in_block_1_load_6, i16 %in_block_2_load_6, i16 %in_block_3_load_6, i16 %in_block_4_load_6, i16 %in_block_5_load_6, i16 %in_block_6_load_6, i16 %in_block_7_load_6" [../dct_ref/dct.cpp:38]   --->   Operation 306 'call' 'dct_1d_ret7' <Predicate = true> <Delay = 4.40> <CoreType = "Generic">   --->   Core 0 '' <Latency = 0> <II = 1> <Delay = 1.00> <Generic> <Opcode : >
ST_9 : Operation 307 [2/6] (4.40ns)   --->   "%dct_1d_ret8 = call i128 @dct_1d, i16 %in_block_0_load_7, i16 %in_block_1_load_7, i16 %in_block_2_load_7, i16 %in_block_3_load_7, i16 %in_block_4_load_7, i16 %in_block_5_load_7, i16 %in_block_6_load_7, i16 %in_block_7_load_7" [../dct_ref/dct.cpp:38]   --->   Operation 307 'call' 'dct_1d_ret8' <Predicate = true> <Delay = 4.40> <CoreType = "Generic">   --->   Core 0 '' <Latency = 0> <II = 1> <Delay = 1.00> <Generic> <Opcode : >

State 10 <SV = 9> <Delay = 4.05>
ST_10 : Operation 308 [1/6] (1.36ns)   --->   "%dct_1d_ret7 = call i128 @dct_1d, i16 %in_block_0_load_6, i16 %in_block_1_load_6, i16 %in_block_2_load_6, i16 %in_block_3_load_6, i16 %in_block_4_load_6, i16 %in_block_5_load_6, i16 %in_block_6_load_6, i16 %in_block_7_load_6" [../dct_ref/dct.cpp:38]   --->   Operation 308 'call' 'dct_1d_ret7' <Predicate = true> <Delay = 1.36> <CoreType = "Generic">   --->   Core 0 '' <Latency = 0> <II = 1> <Delay = 1.00> <Generic> <Opcode : >
ST_10 : Operation 309 [1/1] (0.00ns)   --->   "%row_outbuf_addr_3_ret = extractvalue i128 %dct_1d_ret7" [../dct_ref/dct.cpp:38]   --->   Operation 309 'extractvalue' 'row_outbuf_addr_3_ret' <Predicate = true> <Delay = 0.00>
ST_10 : Operation 310 [1/1] (0.00ns)   --->   "%row_outbuf_1_addr_3_ret = extractvalue i128 %dct_1d_ret7" [../dct_ref/dct.cpp:38]   --->   Operation 310 'extractvalue' 'row_outbuf_1_addr_3_ret' <Predicate = true> <Delay = 0.00>
ST_10 : Operation 311 [1/1] (0.00ns)   --->   "%row_outbuf_2_addr_3_ret = extractvalue i128 %dct_1d_ret7" [../dct_ref/dct.cpp:38]   --->   Operation 311 'extractvalue' 'row_outbuf_2_addr_3_ret' <Predicate = true> <Delay = 0.00>
ST_10 : Operation 312 [1/1] (0.00ns)   --->   "%row_outbuf_3_addr_3_ret = extractvalue i128 %dct_1d_ret7" [../dct_ref/dct.cpp:38]   --->   Operation 312 'extractvalue' 'row_outbuf_3_addr_3_ret' <Predicate = true> <Delay = 0.00>
ST_10 : Operation 313 [1/1] (0.00ns)   --->   "%row_outbuf_4_addr_3_ret = extractvalue i128 %dct_1d_ret7" [../dct_ref/dct.cpp:38]   --->   Operation 313 'extractvalue' 'row_outbuf_4_addr_3_ret' <Predicate = true> <Delay = 0.00>
ST_10 : Operation 314 [1/1] (0.00ns)   --->   "%row_outbuf_5_addr_3_ret = extractvalue i128 %dct_1d_ret7" [../dct_ref/dct.cpp:38]   --->   Operation 314 'extractvalue' 'row_outbuf_5_addr_3_ret' <Predicate = true> <Delay = 0.00>
ST_10 : Operation 315 [1/1] (0.00ns)   --->   "%row_outbuf_6_addr_3_ret = extractvalue i128 %dct_1d_ret7" [../dct_ref/dct.cpp:38]   --->   Operation 315 'extractvalue' 'row_outbuf_6_addr_3_ret' <Predicate = true> <Delay = 0.00>
ST_10 : Operation 316 [1/1] (0.00ns)   --->   "%row_outbuf_7_addr_3_ret = extractvalue i128 %dct_1d_ret7" [../dct_ref/dct.cpp:38]   --->   Operation 316 'extractvalue' 'row_outbuf_7_addr_3_ret' <Predicate = true> <Delay = 0.00>
ST_10 : Operation 317 [1/6] (1.36ns)   --->   "%dct_1d_ret8 = call i128 @dct_1d, i16 %in_block_0_load_7, i16 %in_block_1_load_7, i16 %in_block_2_load_7, i16 %in_block_3_load_7, i16 %in_block_4_load_7, i16 %in_block_5_load_7, i16 %in_block_6_load_7, i16 %in_block_7_load_7" [../dct_ref/dct.cpp:38]   --->   Operation 317 'call' 'dct_1d_ret8' <Predicate = true> <Delay = 1.36> <CoreType = "Generic">   --->   Core 0 '' <Latency = 0> <II = 1> <Delay = 1.00> <Generic> <Opcode : >
ST_10 : Operation 318 [1/1] (0.00ns)   --->   "%row_outbuf_8_addr_3_ret = extractvalue i128 %dct_1d_ret8" [../dct_ref/dct.cpp:38]   --->   Operation 318 'extractvalue' 'row_outbuf_8_addr_3_ret' <Predicate = true> <Delay = 0.00>
ST_10 : Operation 319 [1/1] (0.00ns)   --->   "%row_outbuf_9_addr_3_ret = extractvalue i128 %dct_1d_ret8" [../dct_ref/dct.cpp:38]   --->   Operation 319 'extractvalue' 'row_outbuf_9_addr_3_ret' <Predicate = true> <Delay = 0.00>
ST_10 : Operation 320 [1/1] (0.00ns)   --->   "%row_outbuf_10_addr_3_ret = extractvalue i128 %dct_1d_ret8" [../dct_ref/dct.cpp:38]   --->   Operation 320 'extractvalue' 'row_outbuf_10_addr_3_ret' <Predicate = true> <Delay = 0.00>
ST_10 : Operation 321 [1/1] (0.00ns)   --->   "%row_outbuf_11_addr_3_ret = extractvalue i128 %dct_1d_ret8" [../dct_ref/dct.cpp:38]   --->   Operation 321 'extractvalue' 'row_outbuf_11_addr_3_ret' <Predicate = true> <Delay = 0.00>
ST_10 : Operation 322 [1/1] (0.00ns)   --->   "%row_outbuf_12_addr_3_ret = extractvalue i128 %dct_1d_ret8" [../dct_ref/dct.cpp:38]   --->   Operation 322 'extractvalue' 'row_outbuf_12_addr_3_ret' <Predicate = true> <Delay = 0.00>
ST_10 : Operation 323 [1/1] (0.00ns)   --->   "%row_outbuf_13_addr_3_ret = extractvalue i128 %dct_1d_ret8" [../dct_ref/dct.cpp:38]   --->   Operation 323 'extractvalue' 'row_outbuf_13_addr_3_ret' <Predicate = true> <Delay = 0.00>
ST_10 : Operation 324 [1/1] (0.00ns)   --->   "%row_outbuf_14_addr_3_ret = extractvalue i128 %dct_1d_ret8" [../dct_ref/dct.cpp:38]   --->   Operation 324 'extractvalue' 'row_outbuf_14_addr_3_ret' <Predicate = true> <Delay = 0.00>
ST_10 : Operation 325 [1/1] (0.00ns)   --->   "%row_outbuf_15_addr_3_ret = extractvalue i128 %dct_1d_ret8" [../dct_ref/dct.cpp:38]   --->   Operation 325 'extractvalue' 'row_outbuf_15_addr_3_ret' <Predicate = true> <Delay = 0.00>
ST_10 : Operation 326 [6/6] (2.69ns)   --->   "%dct_1d_ret9 = call i128 @dct_1d, i16 %row_outbuf_addr_ret, i16 %row_outbuf_8_addr_ret, i16 %row_outbuf_addr_1_ret, i16 %row_outbuf_8_addr_1_ret, i16 %row_outbuf_addr_2_ret, i16 %row_outbuf_8_addr_2_ret, i16 %row_outbuf_addr_3_ret, i16 %row_outbuf_8_addr_3_ret" [../dct_ref/dct.cpp:49]   --->   Operation 326 'call' 'dct_1d_ret9' <Predicate = true> <Delay = 2.69> <CoreType = "Generic">   --->   Core 0 '' <Latency = 0> <II = 1> <Delay = 1.00> <Generic> <Opcode : >
ST_10 : Operation 327 [6/6] (2.69ns)   --->   "%dct_1d_ret10 = call i128 @dct_1d, i16 %row_outbuf_1_addr_ret, i16 %row_outbuf_9_addr_ret, i16 %row_outbuf_1_addr_1_ret, i16 %row_outbuf_9_addr_1_ret, i16 %row_outbuf_1_addr_2_ret, i16 %row_outbuf_9_addr_2_ret, i16 %row_outbuf_1_addr_3_ret, i16 %row_outbuf_9_addr_3_ret" [../dct_ref/dct.cpp:49]   --->   Operation 327 'call' 'dct_1d_ret10' <Predicate = true> <Delay = 2.69> <CoreType = "Generic">   --->   Core 0 '' <Latency = 0> <II = 1> <Delay = 1.00> <Generic> <Opcode : >

State 11 <SV = 10> <Delay = 4.40>
ST_11 : Operation 328 [5/6] (4.40ns)   --->   "%dct_1d_ret9 = call i128 @dct_1d, i16 %row_outbuf_addr_ret, i16 %row_outbuf_8_addr_ret, i16 %row_outbuf_addr_1_ret, i16 %row_outbuf_8_addr_1_ret, i16 %row_outbuf_addr_2_ret, i16 %row_outbuf_8_addr_2_ret, i16 %row_outbuf_addr_3_ret, i16 %row_outbuf_8_addr_3_ret" [../dct_ref/dct.cpp:49]   --->   Operation 328 'call' 'dct_1d_ret9' <Predicate = true> <Delay = 4.40> <CoreType = "Generic">   --->   Core 0 '' <Latency = 0> <II = 1> <Delay = 1.00> <Generic> <Opcode : >
ST_11 : Operation 329 [5/6] (4.40ns)   --->   "%dct_1d_ret10 = call i128 @dct_1d, i16 %row_outbuf_1_addr_ret, i16 %row_outbuf_9_addr_ret, i16 %row_outbuf_1_addr_1_ret, i16 %row_outbuf_9_addr_1_ret, i16 %row_outbuf_1_addr_2_ret, i16 %row_outbuf_9_addr_2_ret, i16 %row_outbuf_1_addr_3_ret, i16 %row_outbuf_9_addr_3_ret" [../dct_ref/dct.cpp:49]   --->   Operation 329 'call' 'dct_1d_ret10' <Predicate = true> <Delay = 4.40> <CoreType = "Generic">   --->   Core 0 '' <Latency = 0> <II = 1> <Delay = 1.00> <Generic> <Opcode : >
ST_11 : Operation 330 [6/6] (2.69ns)   --->   "%dct_1d_ret11 = call i128 @dct_1d, i16 %row_outbuf_2_addr_ret, i16 %row_outbuf_10_addr_ret, i16 %row_outbuf_2_addr_1_ret, i16 %row_outbuf_10_addr_1_ret, i16 %row_outbuf_2_addr_2_ret, i16 %row_outbuf_10_addr_2_ret, i16 %row_outbuf_2_addr_3_ret, i16 %row_outbuf_10_addr_3_ret" [../dct_ref/dct.cpp:49]   --->   Operation 330 'call' 'dct_1d_ret11' <Predicate = true> <Delay = 2.69> <CoreType = "Generic">   --->   Core 0 '' <Latency = 0> <II = 1> <Delay = 1.00> <Generic> <Opcode : >
ST_11 : Operation 331 [6/6] (2.69ns)   --->   "%dct_1d_ret12 = call i128 @dct_1d, i16 %row_outbuf_3_addr_ret, i16 %row_outbuf_11_addr_ret, i16 %row_outbuf_3_addr_1_ret, i16 %row_outbuf_11_addr_1_ret, i16 %row_outbuf_3_addr_2_ret, i16 %row_outbuf_11_addr_2_ret, i16 %row_outbuf_3_addr_3_ret, i16 %row_outbuf_11_addr_3_ret" [../dct_ref/dct.cpp:49]   --->   Operation 331 'call' 'dct_1d_ret12' <Predicate = true> <Delay = 2.69> <CoreType = "Generic">   --->   Core 0 '' <Latency = 0> <II = 1> <Delay = 1.00> <Generic> <Opcode : >

State 12 <SV = 11> <Delay = 4.40>
ST_12 : Operation 332 [4/6] (4.40ns)   --->   "%dct_1d_ret9 = call i128 @dct_1d, i16 %row_outbuf_addr_ret, i16 %row_outbuf_8_addr_ret, i16 %row_outbuf_addr_1_ret, i16 %row_outbuf_8_addr_1_ret, i16 %row_outbuf_addr_2_ret, i16 %row_outbuf_8_addr_2_ret, i16 %row_outbuf_addr_3_ret, i16 %row_outbuf_8_addr_3_ret" [../dct_ref/dct.cpp:49]   --->   Operation 332 'call' 'dct_1d_ret9' <Predicate = true> <Delay = 4.40> <CoreType = "Generic">   --->   Core 0 '' <Latency = 0> <II = 1> <Delay = 1.00> <Generic> <Opcode : >
ST_12 : Operation 333 [4/6] (4.40ns)   --->   "%dct_1d_ret10 = call i128 @dct_1d, i16 %row_outbuf_1_addr_ret, i16 %row_outbuf_9_addr_ret, i16 %row_outbuf_1_addr_1_ret, i16 %row_outbuf_9_addr_1_ret, i16 %row_outbuf_1_addr_2_ret, i16 %row_outbuf_9_addr_2_ret, i16 %row_outbuf_1_addr_3_ret, i16 %row_outbuf_9_addr_3_ret" [../dct_ref/dct.cpp:49]   --->   Operation 333 'call' 'dct_1d_ret10' <Predicate = true> <Delay = 4.40> <CoreType = "Generic">   --->   Core 0 '' <Latency = 0> <II = 1> <Delay = 1.00> <Generic> <Opcode : >
ST_12 : Operation 334 [5/6] (4.40ns)   --->   "%dct_1d_ret11 = call i128 @dct_1d, i16 %row_outbuf_2_addr_ret, i16 %row_outbuf_10_addr_ret, i16 %row_outbuf_2_addr_1_ret, i16 %row_outbuf_10_addr_1_ret, i16 %row_outbuf_2_addr_2_ret, i16 %row_outbuf_10_addr_2_ret, i16 %row_outbuf_2_addr_3_ret, i16 %row_outbuf_10_addr_3_ret" [../dct_ref/dct.cpp:49]   --->   Operation 334 'call' 'dct_1d_ret11' <Predicate = true> <Delay = 4.40> <CoreType = "Generic">   --->   Core 0 '' <Latency = 0> <II = 1> <Delay = 1.00> <Generic> <Opcode : >
ST_12 : Operation 335 [5/6] (4.40ns)   --->   "%dct_1d_ret12 = call i128 @dct_1d, i16 %row_outbuf_3_addr_ret, i16 %row_outbuf_11_addr_ret, i16 %row_outbuf_3_addr_1_ret, i16 %row_outbuf_11_addr_1_ret, i16 %row_outbuf_3_addr_2_ret, i16 %row_outbuf_11_addr_2_ret, i16 %row_outbuf_3_addr_3_ret, i16 %row_outbuf_11_addr_3_ret" [../dct_ref/dct.cpp:49]   --->   Operation 335 'call' 'dct_1d_ret12' <Predicate = true> <Delay = 4.40> <CoreType = "Generic">   --->   Core 0 '' <Latency = 0> <II = 1> <Delay = 1.00> <Generic> <Opcode : >
ST_12 : Operation 336 [6/6] (2.69ns)   --->   "%dct_1d_ret13 = call i128 @dct_1d, i16 %row_outbuf_4_addr_ret, i16 %row_outbuf_12_addr_ret, i16 %row_outbuf_4_addr_1_ret, i16 %row_outbuf_12_addr_1_ret, i16 %row_outbuf_4_addr_2_ret, i16 %row_outbuf_12_addr_2_ret, i16 %row_outbuf_4_addr_3_ret, i16 %row_outbuf_12_addr_3_ret" [../dct_ref/dct.cpp:49]   --->   Operation 336 'call' 'dct_1d_ret13' <Predicate = true> <Delay = 2.69> <CoreType = "Generic">   --->   Core 0 '' <Latency = 0> <II = 1> <Delay = 1.00> <Generic> <Opcode : >
ST_12 : Operation 337 [6/6] (2.69ns)   --->   "%dct_1d_ret14 = call i128 @dct_1d, i16 %row_outbuf_5_addr_ret, i16 %row_outbuf_13_addr_ret, i16 %row_outbuf_5_addr_1_ret, i16 %row_outbuf_13_addr_1_ret, i16 %row_outbuf_5_addr_2_ret, i16 %row_outbuf_13_addr_2_ret, i16 %row_outbuf_5_addr_3_ret, i16 %row_outbuf_13_addr_3_ret" [../dct_ref/dct.cpp:49]   --->   Operation 337 'call' 'dct_1d_ret14' <Predicate = true> <Delay = 2.69> <CoreType = "Generic">   --->   Core 0 '' <Latency = 0> <II = 1> <Delay = 1.00> <Generic> <Opcode : >

State 13 <SV = 12> <Delay = 4.40>
ST_13 : Operation 338 [3/6] (4.40ns)   --->   "%dct_1d_ret9 = call i128 @dct_1d, i16 %row_outbuf_addr_ret, i16 %row_outbuf_8_addr_ret, i16 %row_outbuf_addr_1_ret, i16 %row_outbuf_8_addr_1_ret, i16 %row_outbuf_addr_2_ret, i16 %row_outbuf_8_addr_2_ret, i16 %row_outbuf_addr_3_ret, i16 %row_outbuf_8_addr_3_ret" [../dct_ref/dct.cpp:49]   --->   Operation 338 'call' 'dct_1d_ret9' <Predicate = true> <Delay = 4.40> <CoreType = "Generic">   --->   Core 0 '' <Latency = 0> <II = 1> <Delay = 1.00> <Generic> <Opcode : >
ST_13 : Operation 339 [3/6] (4.40ns)   --->   "%dct_1d_ret10 = call i128 @dct_1d, i16 %row_outbuf_1_addr_ret, i16 %row_outbuf_9_addr_ret, i16 %row_outbuf_1_addr_1_ret, i16 %row_outbuf_9_addr_1_ret, i16 %row_outbuf_1_addr_2_ret, i16 %row_outbuf_9_addr_2_ret, i16 %row_outbuf_1_addr_3_ret, i16 %row_outbuf_9_addr_3_ret" [../dct_ref/dct.cpp:49]   --->   Operation 339 'call' 'dct_1d_ret10' <Predicate = true> <Delay = 4.40> <CoreType = "Generic">   --->   Core 0 '' <Latency = 0> <II = 1> <Delay = 1.00> <Generic> <Opcode : >
ST_13 : Operation 340 [4/6] (4.40ns)   --->   "%dct_1d_ret11 = call i128 @dct_1d, i16 %row_outbuf_2_addr_ret, i16 %row_outbuf_10_addr_ret, i16 %row_outbuf_2_addr_1_ret, i16 %row_outbuf_10_addr_1_ret, i16 %row_outbuf_2_addr_2_ret, i16 %row_outbuf_10_addr_2_ret, i16 %row_outbuf_2_addr_3_ret, i16 %row_outbuf_10_addr_3_ret" [../dct_ref/dct.cpp:49]   --->   Operation 340 'call' 'dct_1d_ret11' <Predicate = true> <Delay = 4.40> <CoreType = "Generic">   --->   Core 0 '' <Latency = 0> <II = 1> <Delay = 1.00> <Generic> <Opcode : >
ST_13 : Operation 341 [4/6] (4.40ns)   --->   "%dct_1d_ret12 = call i128 @dct_1d, i16 %row_outbuf_3_addr_ret, i16 %row_outbuf_11_addr_ret, i16 %row_outbuf_3_addr_1_ret, i16 %row_outbuf_11_addr_1_ret, i16 %row_outbuf_3_addr_2_ret, i16 %row_outbuf_11_addr_2_ret, i16 %row_outbuf_3_addr_3_ret, i16 %row_outbuf_11_addr_3_ret" [../dct_ref/dct.cpp:49]   --->   Operation 341 'call' 'dct_1d_ret12' <Predicate = true> <Delay = 4.40> <CoreType = "Generic">   --->   Core 0 '' <Latency = 0> <II = 1> <Delay = 1.00> <Generic> <Opcode : >
ST_13 : Operation 342 [5/6] (4.40ns)   --->   "%dct_1d_ret13 = call i128 @dct_1d, i16 %row_outbuf_4_addr_ret, i16 %row_outbuf_12_addr_ret, i16 %row_outbuf_4_addr_1_ret, i16 %row_outbuf_12_addr_1_ret, i16 %row_outbuf_4_addr_2_ret, i16 %row_outbuf_12_addr_2_ret, i16 %row_outbuf_4_addr_3_ret, i16 %row_outbuf_12_addr_3_ret" [../dct_ref/dct.cpp:49]   --->   Operation 342 'call' 'dct_1d_ret13' <Predicate = true> <Delay = 4.40> <CoreType = "Generic">   --->   Core 0 '' <Latency = 0> <II = 1> <Delay = 1.00> <Generic> <Opcode : >
ST_13 : Operation 343 [5/6] (4.40ns)   --->   "%dct_1d_ret14 = call i128 @dct_1d, i16 %row_outbuf_5_addr_ret, i16 %row_outbuf_13_addr_ret, i16 %row_outbuf_5_addr_1_ret, i16 %row_outbuf_13_addr_1_ret, i16 %row_outbuf_5_addr_2_ret, i16 %row_outbuf_13_addr_2_ret, i16 %row_outbuf_5_addr_3_ret, i16 %row_outbuf_13_addr_3_ret" [../dct_ref/dct.cpp:49]   --->   Operation 343 'call' 'dct_1d_ret14' <Predicate = true> <Delay = 4.40> <CoreType = "Generic">   --->   Core 0 '' <Latency = 0> <II = 1> <Delay = 1.00> <Generic> <Opcode : >
ST_13 : Operation 344 [6/6] (2.69ns)   --->   "%dct_1d_ret15 = call i128 @dct_1d, i16 %row_outbuf_6_addr_ret, i16 %row_outbuf_14_addr_ret, i16 %row_outbuf_6_addr_1_ret, i16 %row_outbuf_14_addr_1_ret, i16 %row_outbuf_6_addr_2_ret, i16 %row_outbuf_14_addr_2_ret, i16 %row_outbuf_6_addr_3_ret, i16 %row_outbuf_14_addr_3_ret" [../dct_ref/dct.cpp:49]   --->   Operation 344 'call' 'dct_1d_ret15' <Predicate = true> <Delay = 2.69> <CoreType = "Generic">   --->   Core 0 '' <Latency = 0> <II = 1> <Delay = 1.00> <Generic> <Opcode : >
ST_13 : Operation 345 [6/6] (2.69ns)   --->   "%dct_1d_ret = call i128 @dct_1d, i16 %row_outbuf_7_addr_ret, i16 %row_outbuf_15_addr_ret, i16 %row_outbuf_7_addr_1_ret, i16 %row_outbuf_15_addr_1_ret, i16 %row_outbuf_7_addr_2_ret, i16 %row_outbuf_15_addr_2_ret, i16 %row_outbuf_7_addr_3_ret, i16 %row_outbuf_15_addr_3_ret" [../dct_ref/dct.cpp:49]   --->   Operation 345 'call' 'dct_1d_ret' <Predicate = true> <Delay = 2.69> <CoreType = "Generic">   --->   Core 0 '' <Latency = 0> <II = 1> <Delay = 1.00> <Generic> <Opcode : >

State 14 <SV = 13> <Delay = 4.40>
ST_14 : Operation 346 [2/6] (4.40ns)   --->   "%dct_1d_ret9 = call i128 @dct_1d, i16 %row_outbuf_addr_ret, i16 %row_outbuf_8_addr_ret, i16 %row_outbuf_addr_1_ret, i16 %row_outbuf_8_addr_1_ret, i16 %row_outbuf_addr_2_ret, i16 %row_outbuf_8_addr_2_ret, i16 %row_outbuf_addr_3_ret, i16 %row_outbuf_8_addr_3_ret" [../dct_ref/dct.cpp:49]   --->   Operation 346 'call' 'dct_1d_ret9' <Predicate = true> <Delay = 4.40> <CoreType = "Generic">   --->   Core 0 '' <Latency = 0> <II = 1> <Delay = 1.00> <Generic> <Opcode : >
ST_14 : Operation 347 [2/6] (4.40ns)   --->   "%dct_1d_ret10 = call i128 @dct_1d, i16 %row_outbuf_1_addr_ret, i16 %row_outbuf_9_addr_ret, i16 %row_outbuf_1_addr_1_ret, i16 %row_outbuf_9_addr_1_ret, i16 %row_outbuf_1_addr_2_ret, i16 %row_outbuf_9_addr_2_ret, i16 %row_outbuf_1_addr_3_ret, i16 %row_outbuf_9_addr_3_ret" [../dct_ref/dct.cpp:49]   --->   Operation 347 'call' 'dct_1d_ret10' <Predicate = true> <Delay = 4.40> <CoreType = "Generic">   --->   Core 0 '' <Latency = 0> <II = 1> <Delay = 1.00> <Generic> <Opcode : >
ST_14 : Operation 348 [3/6] (4.40ns)   --->   "%dct_1d_ret11 = call i128 @dct_1d, i16 %row_outbuf_2_addr_ret, i16 %row_outbuf_10_addr_ret, i16 %row_outbuf_2_addr_1_ret, i16 %row_outbuf_10_addr_1_ret, i16 %row_outbuf_2_addr_2_ret, i16 %row_outbuf_10_addr_2_ret, i16 %row_outbuf_2_addr_3_ret, i16 %row_outbuf_10_addr_3_ret" [../dct_ref/dct.cpp:49]   --->   Operation 348 'call' 'dct_1d_ret11' <Predicate = true> <Delay = 4.40> <CoreType = "Generic">   --->   Core 0 '' <Latency = 0> <II = 1> <Delay = 1.00> <Generic> <Opcode : >
ST_14 : Operation 349 [3/6] (4.40ns)   --->   "%dct_1d_ret12 = call i128 @dct_1d, i16 %row_outbuf_3_addr_ret, i16 %row_outbuf_11_addr_ret, i16 %row_outbuf_3_addr_1_ret, i16 %row_outbuf_11_addr_1_ret, i16 %row_outbuf_3_addr_2_ret, i16 %row_outbuf_11_addr_2_ret, i16 %row_outbuf_3_addr_3_ret, i16 %row_outbuf_11_addr_3_ret" [../dct_ref/dct.cpp:49]   --->   Operation 349 'call' 'dct_1d_ret12' <Predicate = true> <Delay = 4.40> <CoreType = "Generic">   --->   Core 0 '' <Latency = 0> <II = 1> <Delay = 1.00> <Generic> <Opcode : >
ST_14 : Operation 350 [4/6] (4.40ns)   --->   "%dct_1d_ret13 = call i128 @dct_1d, i16 %row_outbuf_4_addr_ret, i16 %row_outbuf_12_addr_ret, i16 %row_outbuf_4_addr_1_ret, i16 %row_outbuf_12_addr_1_ret, i16 %row_outbuf_4_addr_2_ret, i16 %row_outbuf_12_addr_2_ret, i16 %row_outbuf_4_addr_3_ret, i16 %row_outbuf_12_addr_3_ret" [../dct_ref/dct.cpp:49]   --->   Operation 350 'call' 'dct_1d_ret13' <Predicate = true> <Delay = 4.40> <CoreType = "Generic">   --->   Core 0 '' <Latency = 0> <II = 1> <Delay = 1.00> <Generic> <Opcode : >
ST_14 : Operation 351 [4/6] (4.40ns)   --->   "%dct_1d_ret14 = call i128 @dct_1d, i16 %row_outbuf_5_addr_ret, i16 %row_outbuf_13_addr_ret, i16 %row_outbuf_5_addr_1_ret, i16 %row_outbuf_13_addr_1_ret, i16 %row_outbuf_5_addr_2_ret, i16 %row_outbuf_13_addr_2_ret, i16 %row_outbuf_5_addr_3_ret, i16 %row_outbuf_13_addr_3_ret" [../dct_ref/dct.cpp:49]   --->   Operation 351 'call' 'dct_1d_ret14' <Predicate = true> <Delay = 4.40> <CoreType = "Generic">   --->   Core 0 '' <Latency = 0> <II = 1> <Delay = 1.00> <Generic> <Opcode : >
ST_14 : Operation 352 [5/6] (4.40ns)   --->   "%dct_1d_ret15 = call i128 @dct_1d, i16 %row_outbuf_6_addr_ret, i16 %row_outbuf_14_addr_ret, i16 %row_outbuf_6_addr_1_ret, i16 %row_outbuf_14_addr_1_ret, i16 %row_outbuf_6_addr_2_ret, i16 %row_outbuf_14_addr_2_ret, i16 %row_outbuf_6_addr_3_ret, i16 %row_outbuf_14_addr_3_ret" [../dct_ref/dct.cpp:49]   --->   Operation 352 'call' 'dct_1d_ret15' <Predicate = true> <Delay = 4.40> <CoreType = "Generic">   --->   Core 0 '' <Latency = 0> <II = 1> <Delay = 1.00> <Generic> <Opcode : >
ST_14 : Operation 353 [5/6] (4.40ns)   --->   "%dct_1d_ret = call i128 @dct_1d, i16 %row_outbuf_7_addr_ret, i16 %row_outbuf_15_addr_ret, i16 %row_outbuf_7_addr_1_ret, i16 %row_outbuf_15_addr_1_ret, i16 %row_outbuf_7_addr_2_ret, i16 %row_outbuf_15_addr_2_ret, i16 %row_outbuf_7_addr_3_ret, i16 %row_outbuf_15_addr_3_ret" [../dct_ref/dct.cpp:49]   --->   Operation 353 'call' 'dct_1d_ret' <Predicate = true> <Delay = 4.40> <CoreType = "Generic">   --->   Core 0 '' <Latency = 0> <II = 1> <Delay = 1.00> <Generic> <Opcode : >

State 15 <SV = 14> <Delay = 4.40>
ST_15 : Operation 354 [1/6] (1.36ns)   --->   "%dct_1d_ret9 = call i128 @dct_1d, i16 %row_outbuf_addr_ret, i16 %row_outbuf_8_addr_ret, i16 %row_outbuf_addr_1_ret, i16 %row_outbuf_8_addr_1_ret, i16 %row_outbuf_addr_2_ret, i16 %row_outbuf_8_addr_2_ret, i16 %row_outbuf_addr_3_ret, i16 %row_outbuf_8_addr_3_ret" [../dct_ref/dct.cpp:49]   --->   Operation 354 'call' 'dct_1d_ret9' <Predicate = true> <Delay = 1.36> <CoreType = "Generic">   --->   Core 0 '' <Latency = 0> <II = 1> <Delay = 1.00> <Generic> <Opcode : >
ST_15 : Operation 355 [1/1] (0.00ns)   --->   "%col_outbuf_addr_ret = extractvalue i128 %dct_1d_ret9" [../dct_ref/dct.cpp:49]   --->   Operation 355 'extractvalue' 'col_outbuf_addr_ret' <Predicate = true> <Delay = 0.00>
ST_15 : Operation 356 [1/1] (0.00ns)   --->   "%col_outbuf_1_addr_ret = extractvalue i128 %dct_1d_ret9" [../dct_ref/dct.cpp:49]   --->   Operation 356 'extractvalue' 'col_outbuf_1_addr_ret' <Predicate = true> <Delay = 0.00>
ST_15 : Operation 357 [1/1] (0.00ns)   --->   "%col_outbuf_2_addr_ret = extractvalue i128 %dct_1d_ret9" [../dct_ref/dct.cpp:49]   --->   Operation 357 'extractvalue' 'col_outbuf_2_addr_ret' <Predicate = true> <Delay = 0.00>
ST_15 : Operation 358 [1/1] (0.00ns)   --->   "%col_outbuf_3_addr_ret = extractvalue i128 %dct_1d_ret9" [../dct_ref/dct.cpp:49]   --->   Operation 358 'extractvalue' 'col_outbuf_3_addr_ret' <Predicate = true> <Delay = 0.00>
ST_15 : Operation 359 [1/1] (0.00ns)   --->   "%col_outbuf_4_addr_ret = extractvalue i128 %dct_1d_ret9" [../dct_ref/dct.cpp:49]   --->   Operation 359 'extractvalue' 'col_outbuf_4_addr_ret' <Predicate = true> <Delay = 0.00>
ST_15 : Operation 360 [1/1] (0.00ns)   --->   "%col_outbuf_5_addr_ret = extractvalue i128 %dct_1d_ret9" [../dct_ref/dct.cpp:49]   --->   Operation 360 'extractvalue' 'col_outbuf_5_addr_ret' <Predicate = true> <Delay = 0.00>
ST_15 : Operation 361 [1/1] (0.00ns)   --->   "%col_outbuf_6_addr_ret = extractvalue i128 %dct_1d_ret9" [../dct_ref/dct.cpp:49]   --->   Operation 361 'extractvalue' 'col_outbuf_6_addr_ret' <Predicate = true> <Delay = 0.00>
ST_15 : Operation 362 [1/1] (0.00ns)   --->   "%col_outbuf_7_addr_ret = extractvalue i128 %dct_1d_ret9" [../dct_ref/dct.cpp:49]   --->   Operation 362 'extractvalue' 'col_outbuf_7_addr_ret' <Predicate = true> <Delay = 0.00>
ST_15 : Operation 363 [1/6] (1.36ns)   --->   "%dct_1d_ret10 = call i128 @dct_1d, i16 %row_outbuf_1_addr_ret, i16 %row_outbuf_9_addr_ret, i16 %row_outbuf_1_addr_1_ret, i16 %row_outbuf_9_addr_1_ret, i16 %row_outbuf_1_addr_2_ret, i16 %row_outbuf_9_addr_2_ret, i16 %row_outbuf_1_addr_3_ret, i16 %row_outbuf_9_addr_3_ret" [../dct_ref/dct.cpp:49]   --->   Operation 363 'call' 'dct_1d_ret10' <Predicate = true> <Delay = 1.36> <CoreType = "Generic">   --->   Core 0 '' <Latency = 0> <II = 1> <Delay = 1.00> <Generic> <Opcode : >
ST_15 : Operation 364 [1/1] (0.00ns)   --->   "%col_outbuf_8_addr_ret = extractvalue i128 %dct_1d_ret10" [../dct_ref/dct.cpp:49]   --->   Operation 364 'extractvalue' 'col_outbuf_8_addr_ret' <Predicate = true> <Delay = 0.00>
ST_15 : Operation 365 [1/1] (0.00ns)   --->   "%col_outbuf_9_addr_ret = extractvalue i128 %dct_1d_ret10" [../dct_ref/dct.cpp:49]   --->   Operation 365 'extractvalue' 'col_outbuf_9_addr_ret' <Predicate = true> <Delay = 0.00>
ST_15 : Operation 366 [1/1] (0.00ns)   --->   "%col_outbuf_10_addr_ret = extractvalue i128 %dct_1d_ret10" [../dct_ref/dct.cpp:49]   --->   Operation 366 'extractvalue' 'col_outbuf_10_addr_ret' <Predicate = true> <Delay = 0.00>
ST_15 : Operation 367 [1/1] (0.00ns)   --->   "%col_outbuf_11_addr_ret = extractvalue i128 %dct_1d_ret10" [../dct_ref/dct.cpp:49]   --->   Operation 367 'extractvalue' 'col_outbuf_11_addr_ret' <Predicate = true> <Delay = 0.00>
ST_15 : Operation 368 [1/1] (0.00ns)   --->   "%col_outbuf_12_addr_ret = extractvalue i128 %dct_1d_ret10" [../dct_ref/dct.cpp:49]   --->   Operation 368 'extractvalue' 'col_outbuf_12_addr_ret' <Predicate = true> <Delay = 0.00>
ST_15 : Operation 369 [1/1] (0.00ns)   --->   "%col_outbuf_13_addr_ret = extractvalue i128 %dct_1d_ret10" [../dct_ref/dct.cpp:49]   --->   Operation 369 'extractvalue' 'col_outbuf_13_addr_ret' <Predicate = true> <Delay = 0.00>
ST_15 : Operation 370 [1/1] (0.00ns)   --->   "%col_outbuf_14_addr_ret = extractvalue i128 %dct_1d_ret10" [../dct_ref/dct.cpp:49]   --->   Operation 370 'extractvalue' 'col_outbuf_14_addr_ret' <Predicate = true> <Delay = 0.00>
ST_15 : Operation 371 [1/1] (0.00ns)   --->   "%col_outbuf_15_addr_ret = extractvalue i128 %dct_1d_ret10" [../dct_ref/dct.cpp:49]   --->   Operation 371 'extractvalue' 'col_outbuf_15_addr_ret' <Predicate = true> <Delay = 0.00>
ST_15 : Operation 372 [2/6] (4.40ns)   --->   "%dct_1d_ret11 = call i128 @dct_1d, i16 %row_outbuf_2_addr_ret, i16 %row_outbuf_10_addr_ret, i16 %row_outbuf_2_addr_1_ret, i16 %row_outbuf_10_addr_1_ret, i16 %row_outbuf_2_addr_2_ret, i16 %row_outbuf_10_addr_2_ret, i16 %row_outbuf_2_addr_3_ret, i16 %row_outbuf_10_addr_3_ret" [../dct_ref/dct.cpp:49]   --->   Operation 372 'call' 'dct_1d_ret11' <Predicate = true> <Delay = 4.40> <CoreType = "Generic">   --->   Core 0 '' <Latency = 0> <II = 1> <Delay = 1.00> <Generic> <Opcode : >
ST_15 : Operation 373 [2/6] (4.40ns)   --->   "%dct_1d_ret12 = call i128 @dct_1d, i16 %row_outbuf_3_addr_ret, i16 %row_outbuf_11_addr_ret, i16 %row_outbuf_3_addr_1_ret, i16 %row_outbuf_11_addr_1_ret, i16 %row_outbuf_3_addr_2_ret, i16 %row_outbuf_11_addr_2_ret, i16 %row_outbuf_3_addr_3_ret, i16 %row_outbuf_11_addr_3_ret" [../dct_ref/dct.cpp:49]   --->   Operation 373 'call' 'dct_1d_ret12' <Predicate = true> <Delay = 4.40> <CoreType = "Generic">   --->   Core 0 '' <Latency = 0> <II = 1> <Delay = 1.00> <Generic> <Opcode : >
ST_15 : Operation 374 [3/6] (4.40ns)   --->   "%dct_1d_ret13 = call i128 @dct_1d, i16 %row_outbuf_4_addr_ret, i16 %row_outbuf_12_addr_ret, i16 %row_outbuf_4_addr_1_ret, i16 %row_outbuf_12_addr_1_ret, i16 %row_outbuf_4_addr_2_ret, i16 %row_outbuf_12_addr_2_ret, i16 %row_outbuf_4_addr_3_ret, i16 %row_outbuf_12_addr_3_ret" [../dct_ref/dct.cpp:49]   --->   Operation 374 'call' 'dct_1d_ret13' <Predicate = true> <Delay = 4.40> <CoreType = "Generic">   --->   Core 0 '' <Latency = 0> <II = 1> <Delay = 1.00> <Generic> <Opcode : >
ST_15 : Operation 375 [3/6] (4.40ns)   --->   "%dct_1d_ret14 = call i128 @dct_1d, i16 %row_outbuf_5_addr_ret, i16 %row_outbuf_13_addr_ret, i16 %row_outbuf_5_addr_1_ret, i16 %row_outbuf_13_addr_1_ret, i16 %row_outbuf_5_addr_2_ret, i16 %row_outbuf_13_addr_2_ret, i16 %row_outbuf_5_addr_3_ret, i16 %row_outbuf_13_addr_3_ret" [../dct_ref/dct.cpp:49]   --->   Operation 375 'call' 'dct_1d_ret14' <Predicate = true> <Delay = 4.40> <CoreType = "Generic">   --->   Core 0 '' <Latency = 0> <II = 1> <Delay = 1.00> <Generic> <Opcode : >
ST_15 : Operation 376 [4/6] (4.40ns)   --->   "%dct_1d_ret15 = call i128 @dct_1d, i16 %row_outbuf_6_addr_ret, i16 %row_outbuf_14_addr_ret, i16 %row_outbuf_6_addr_1_ret, i16 %row_outbuf_14_addr_1_ret, i16 %row_outbuf_6_addr_2_ret, i16 %row_outbuf_14_addr_2_ret, i16 %row_outbuf_6_addr_3_ret, i16 %row_outbuf_14_addr_3_ret" [../dct_ref/dct.cpp:49]   --->   Operation 376 'call' 'dct_1d_ret15' <Predicate = true> <Delay = 4.40> <CoreType = "Generic">   --->   Core 0 '' <Latency = 0> <II = 1> <Delay = 1.00> <Generic> <Opcode : >
ST_15 : Operation 377 [4/6] (4.40ns)   --->   "%dct_1d_ret = call i128 @dct_1d, i16 %row_outbuf_7_addr_ret, i16 %row_outbuf_15_addr_ret, i16 %row_outbuf_7_addr_1_ret, i16 %row_outbuf_15_addr_1_ret, i16 %row_outbuf_7_addr_2_ret, i16 %row_outbuf_15_addr_2_ret, i16 %row_outbuf_7_addr_3_ret, i16 %row_outbuf_15_addr_3_ret" [../dct_ref/dct.cpp:49]   --->   Operation 377 'call' 'dct_1d_ret' <Predicate = true> <Delay = 4.40> <CoreType = "Generic">   --->   Core 0 '' <Latency = 0> <II = 1> <Delay = 1.00> <Generic> <Opcode : >
ST_15 : Operation 378 [1/1] (0.00ns)   --->   "%out_block_0_addr = getelementptr i16 %out_block_0, i64 0, i64 0" [../dct_ref/dct.cpp:56]   --->   Operation 378 'getelementptr' 'out_block_0_addr' <Predicate = true> <Delay = 0.00>
ST_15 : Operation 379 [1/1] (0.00ns)   --->   "%out_block_1_addr = getelementptr i16 %out_block_1, i64 0, i64 0" [../dct_ref/dct.cpp:56]   --->   Operation 379 'getelementptr' 'out_block_1_addr' <Predicate = true> <Delay = 0.00>
ST_15 : Operation 380 [1/1] (0.00ns)   --->   "%out_block_0_addr_1 = getelementptr i16 %out_block_0, i64 0, i64 1" [../dct_ref/dct.cpp:56]   --->   Operation 380 'getelementptr' 'out_block_0_addr_1' <Predicate = true> <Delay = 0.00>
ST_15 : Operation 381 [1/1] (0.00ns)   --->   "%out_block_1_addr_1 = getelementptr i16 %out_block_1, i64 0, i64 1" [../dct_ref/dct.cpp:56]   --->   Operation 381 'getelementptr' 'out_block_1_addr_1' <Predicate = true> <Delay = 0.00>
ST_15 : Operation 382 [1/1] (0.67ns)   --->   "%store_ln56 = store i16 %col_outbuf_addr_ret, i3 %out_block_0_addr" [../dct_ref/dct.cpp:56]   --->   Operation 382 'store' 'store_ln56' <Predicate = true> <Delay = 0.67> <CoreInst = "RAM">   --->   Core 82 'RAM' <Latency = 1> <II = 1> <Delay = 0.67> <Storage> <Opcode : 'load' 'store'> <Ports = 2> <Width = 16> <Depth = 8> <RAM>
ST_15 : Operation 383 [1/1] (0.67ns)   --->   "%store_ln56 = store i16 %col_outbuf_8_addr_ret, i3 %out_block_1_addr" [../dct_ref/dct.cpp:56]   --->   Operation 383 'store' 'store_ln56' <Predicate = true> <Delay = 0.67> <CoreInst = "RAM">   --->   Core 82 'RAM' <Latency = 1> <II = 1> <Delay = 0.67> <Storage> <Opcode : 'load' 'store'> <Ports = 2> <Width = 16> <Depth = 8> <RAM>
ST_15 : Operation 384 [1/1] (0.67ns)   --->   "%store_ln56 = store i16 %col_outbuf_1_addr_ret, i3 %out_block_0_addr_1" [../dct_ref/dct.cpp:56]   --->   Operation 384 'store' 'store_ln56' <Predicate = true> <Delay = 0.67> <CoreInst = "RAM">   --->   Core 82 'RAM' <Latency = 1> <II = 1> <Delay = 0.67> <Storage> <Opcode : 'load' 'store'> <Ports = 2> <Width = 16> <Depth = 8> <RAM>
ST_15 : Operation 385 [1/1] (0.67ns)   --->   "%store_ln56 = store i16 %col_outbuf_9_addr_ret, i3 %out_block_1_addr_1" [../dct_ref/dct.cpp:56]   --->   Operation 385 'store' 'store_ln56' <Predicate = true> <Delay = 0.67> <CoreInst = "RAM">   --->   Core 82 'RAM' <Latency = 1> <II = 1> <Delay = 0.67> <Storage> <Opcode : 'load' 'store'> <Ports = 2> <Width = 16> <Depth = 8> <RAM>

State 16 <SV = 15> <Delay = 4.40>
ST_16 : Operation 386 [1/6] (1.36ns)   --->   "%dct_1d_ret11 = call i128 @dct_1d, i16 %row_outbuf_2_addr_ret, i16 %row_outbuf_10_addr_ret, i16 %row_outbuf_2_addr_1_ret, i16 %row_outbuf_10_addr_1_ret, i16 %row_outbuf_2_addr_2_ret, i16 %row_outbuf_10_addr_2_ret, i16 %row_outbuf_2_addr_3_ret, i16 %row_outbuf_10_addr_3_ret" [../dct_ref/dct.cpp:49]   --->   Operation 386 'call' 'dct_1d_ret11' <Predicate = true> <Delay = 1.36> <CoreType = "Generic">   --->   Core 0 '' <Latency = 0> <II = 1> <Delay = 1.00> <Generic> <Opcode : >
ST_16 : Operation 387 [1/1] (0.00ns)   --->   "%col_outbuf_addr_1_ret = extractvalue i128 %dct_1d_ret11" [../dct_ref/dct.cpp:49]   --->   Operation 387 'extractvalue' 'col_outbuf_addr_1_ret' <Predicate = true> <Delay = 0.00>
ST_16 : Operation 388 [1/1] (0.00ns)   --->   "%col_outbuf_1_addr_1_ret = extractvalue i128 %dct_1d_ret11" [../dct_ref/dct.cpp:49]   --->   Operation 388 'extractvalue' 'col_outbuf_1_addr_1_ret' <Predicate = true> <Delay = 0.00>
ST_16 : Operation 389 [1/1] (0.00ns)   --->   "%col_outbuf_2_addr_1_ret = extractvalue i128 %dct_1d_ret11" [../dct_ref/dct.cpp:49]   --->   Operation 389 'extractvalue' 'col_outbuf_2_addr_1_ret' <Predicate = true> <Delay = 0.00>
ST_16 : Operation 390 [1/1] (0.00ns)   --->   "%col_outbuf_3_addr_1_ret = extractvalue i128 %dct_1d_ret11" [../dct_ref/dct.cpp:49]   --->   Operation 390 'extractvalue' 'col_outbuf_3_addr_1_ret' <Predicate = true> <Delay = 0.00>
ST_16 : Operation 391 [1/1] (0.00ns)   --->   "%col_outbuf_4_addr_1_ret = extractvalue i128 %dct_1d_ret11" [../dct_ref/dct.cpp:49]   --->   Operation 391 'extractvalue' 'col_outbuf_4_addr_1_ret' <Predicate = true> <Delay = 0.00>
ST_16 : Operation 392 [1/1] (0.00ns)   --->   "%col_outbuf_5_addr_1_ret = extractvalue i128 %dct_1d_ret11" [../dct_ref/dct.cpp:49]   --->   Operation 392 'extractvalue' 'col_outbuf_5_addr_1_ret' <Predicate = true> <Delay = 0.00>
ST_16 : Operation 393 [1/1] (0.00ns)   --->   "%col_outbuf_6_addr_1_ret = extractvalue i128 %dct_1d_ret11" [../dct_ref/dct.cpp:49]   --->   Operation 393 'extractvalue' 'col_outbuf_6_addr_1_ret' <Predicate = true> <Delay = 0.00>
ST_16 : Operation 394 [1/1] (0.00ns)   --->   "%col_outbuf_7_addr_1_ret = extractvalue i128 %dct_1d_ret11" [../dct_ref/dct.cpp:49]   --->   Operation 394 'extractvalue' 'col_outbuf_7_addr_1_ret' <Predicate = true> <Delay = 0.00>
ST_16 : Operation 395 [1/6] (1.36ns)   --->   "%dct_1d_ret12 = call i128 @dct_1d, i16 %row_outbuf_3_addr_ret, i16 %row_outbuf_11_addr_ret, i16 %row_outbuf_3_addr_1_ret, i16 %row_outbuf_11_addr_1_ret, i16 %row_outbuf_3_addr_2_ret, i16 %row_outbuf_11_addr_2_ret, i16 %row_outbuf_3_addr_3_ret, i16 %row_outbuf_11_addr_3_ret" [../dct_ref/dct.cpp:49]   --->   Operation 395 'call' 'dct_1d_ret12' <Predicate = true> <Delay = 1.36> <CoreType = "Generic">   --->   Core 0 '' <Latency = 0> <II = 1> <Delay = 1.00> <Generic> <Opcode : >
ST_16 : Operation 396 [1/1] (0.00ns)   --->   "%col_outbuf_8_addr_1_ret = extractvalue i128 %dct_1d_ret12" [../dct_ref/dct.cpp:49]   --->   Operation 396 'extractvalue' 'col_outbuf_8_addr_1_ret' <Predicate = true> <Delay = 0.00>
ST_16 : Operation 397 [1/1] (0.00ns)   --->   "%col_outbuf_9_addr_1_ret = extractvalue i128 %dct_1d_ret12" [../dct_ref/dct.cpp:49]   --->   Operation 397 'extractvalue' 'col_outbuf_9_addr_1_ret' <Predicate = true> <Delay = 0.00>
ST_16 : Operation 398 [1/1] (0.00ns)   --->   "%col_outbuf_10_addr_1_ret = extractvalue i128 %dct_1d_ret12" [../dct_ref/dct.cpp:49]   --->   Operation 398 'extractvalue' 'col_outbuf_10_addr_1_ret' <Predicate = true> <Delay = 0.00>
ST_16 : Operation 399 [1/1] (0.00ns)   --->   "%col_outbuf_11_addr_1_ret = extractvalue i128 %dct_1d_ret12" [../dct_ref/dct.cpp:49]   --->   Operation 399 'extractvalue' 'col_outbuf_11_addr_1_ret' <Predicate = true> <Delay = 0.00>
ST_16 : Operation 400 [1/1] (0.00ns)   --->   "%col_outbuf_12_addr_1_ret = extractvalue i128 %dct_1d_ret12" [../dct_ref/dct.cpp:49]   --->   Operation 400 'extractvalue' 'col_outbuf_12_addr_1_ret' <Predicate = true> <Delay = 0.00>
ST_16 : Operation 401 [1/1] (0.00ns)   --->   "%col_outbuf_13_addr_1_ret = extractvalue i128 %dct_1d_ret12" [../dct_ref/dct.cpp:49]   --->   Operation 401 'extractvalue' 'col_outbuf_13_addr_1_ret' <Predicate = true> <Delay = 0.00>
ST_16 : Operation 402 [1/1] (0.00ns)   --->   "%col_outbuf_14_addr_1_ret = extractvalue i128 %dct_1d_ret12" [../dct_ref/dct.cpp:49]   --->   Operation 402 'extractvalue' 'col_outbuf_14_addr_1_ret' <Predicate = true> <Delay = 0.00>
ST_16 : Operation 403 [1/1] (0.00ns)   --->   "%col_outbuf_15_addr_1_ret = extractvalue i128 %dct_1d_ret12" [../dct_ref/dct.cpp:49]   --->   Operation 403 'extractvalue' 'col_outbuf_15_addr_1_ret' <Predicate = true> <Delay = 0.00>
ST_16 : Operation 404 [2/6] (4.40ns)   --->   "%dct_1d_ret13 = call i128 @dct_1d, i16 %row_outbuf_4_addr_ret, i16 %row_outbuf_12_addr_ret, i16 %row_outbuf_4_addr_1_ret, i16 %row_outbuf_12_addr_1_ret, i16 %row_outbuf_4_addr_2_ret, i16 %row_outbuf_12_addr_2_ret, i16 %row_outbuf_4_addr_3_ret, i16 %row_outbuf_12_addr_3_ret" [../dct_ref/dct.cpp:49]   --->   Operation 404 'call' 'dct_1d_ret13' <Predicate = true> <Delay = 4.40> <CoreType = "Generic">   --->   Core 0 '' <Latency = 0> <II = 1> <Delay = 1.00> <Generic> <Opcode : >
ST_16 : Operation 405 [2/6] (4.40ns)   --->   "%dct_1d_ret14 = call i128 @dct_1d, i16 %row_outbuf_5_addr_ret, i16 %row_outbuf_13_addr_ret, i16 %row_outbuf_5_addr_1_ret, i16 %row_outbuf_13_addr_1_ret, i16 %row_outbuf_5_addr_2_ret, i16 %row_outbuf_13_addr_2_ret, i16 %row_outbuf_5_addr_3_ret, i16 %row_outbuf_13_addr_3_ret" [../dct_ref/dct.cpp:49]   --->   Operation 405 'call' 'dct_1d_ret14' <Predicate = true> <Delay = 4.40> <CoreType = "Generic">   --->   Core 0 '' <Latency = 0> <II = 1> <Delay = 1.00> <Generic> <Opcode : >
ST_16 : Operation 406 [3/6] (4.40ns)   --->   "%dct_1d_ret15 = call i128 @dct_1d, i16 %row_outbuf_6_addr_ret, i16 %row_outbuf_14_addr_ret, i16 %row_outbuf_6_addr_1_ret, i16 %row_outbuf_14_addr_1_ret, i16 %row_outbuf_6_addr_2_ret, i16 %row_outbuf_14_addr_2_ret, i16 %row_outbuf_6_addr_3_ret, i16 %row_outbuf_14_addr_3_ret" [../dct_ref/dct.cpp:49]   --->   Operation 406 'call' 'dct_1d_ret15' <Predicate = true> <Delay = 4.40> <CoreType = "Generic">   --->   Core 0 '' <Latency = 0> <II = 1> <Delay = 1.00> <Generic> <Opcode : >
ST_16 : Operation 407 [3/6] (4.40ns)   --->   "%dct_1d_ret = call i128 @dct_1d, i16 %row_outbuf_7_addr_ret, i16 %row_outbuf_15_addr_ret, i16 %row_outbuf_7_addr_1_ret, i16 %row_outbuf_15_addr_1_ret, i16 %row_outbuf_7_addr_2_ret, i16 %row_outbuf_15_addr_2_ret, i16 %row_outbuf_7_addr_3_ret, i16 %row_outbuf_15_addr_3_ret" [../dct_ref/dct.cpp:49]   --->   Operation 407 'call' 'dct_1d_ret' <Predicate = true> <Delay = 4.40> <CoreType = "Generic">   --->   Core 0 '' <Latency = 0> <II = 1> <Delay = 1.00> <Generic> <Opcode : >
ST_16 : Operation 408 [1/1] (0.00ns)   --->   "%out_block_2_addr = getelementptr i16 %out_block_2, i64 0, i64 0" [../dct_ref/dct.cpp:56]   --->   Operation 408 'getelementptr' 'out_block_2_addr' <Predicate = true> <Delay = 0.00>
ST_16 : Operation 409 [1/1] (0.00ns)   --->   "%out_block_3_addr = getelementptr i16 %out_block_3, i64 0, i64 0" [../dct_ref/dct.cpp:56]   --->   Operation 409 'getelementptr' 'out_block_3_addr' <Predicate = true> <Delay = 0.00>
ST_16 : Operation 410 [1/1] (0.00ns)   --->   "%out_block_2_addr_1 = getelementptr i16 %out_block_2, i64 0, i64 1" [../dct_ref/dct.cpp:56]   --->   Operation 410 'getelementptr' 'out_block_2_addr_1' <Predicate = true> <Delay = 0.00>
ST_16 : Operation 411 [1/1] (0.00ns)   --->   "%out_block_3_addr_1 = getelementptr i16 %out_block_3, i64 0, i64 1" [../dct_ref/dct.cpp:56]   --->   Operation 411 'getelementptr' 'out_block_3_addr_1' <Predicate = true> <Delay = 0.00>
ST_16 : Operation 412 [1/1] (0.00ns)   --->   "%out_block_0_addr_2 = getelementptr i16 %out_block_0, i64 0, i64 2" [../dct_ref/dct.cpp:56]   --->   Operation 412 'getelementptr' 'out_block_0_addr_2' <Predicate = true> <Delay = 0.00>
ST_16 : Operation 413 [1/1] (0.00ns)   --->   "%out_block_1_addr_2 = getelementptr i16 %out_block_1, i64 0, i64 2" [../dct_ref/dct.cpp:56]   --->   Operation 413 'getelementptr' 'out_block_1_addr_2' <Predicate = true> <Delay = 0.00>
ST_16 : Operation 414 [1/1] (0.00ns)   --->   "%out_block_0_addr_3 = getelementptr i16 %out_block_0, i64 0, i64 3" [../dct_ref/dct.cpp:56]   --->   Operation 414 'getelementptr' 'out_block_0_addr_3' <Predicate = true> <Delay = 0.00>
ST_16 : Operation 415 [1/1] (0.00ns)   --->   "%out_block_1_addr_3 = getelementptr i16 %out_block_1, i64 0, i64 3" [../dct_ref/dct.cpp:56]   --->   Operation 415 'getelementptr' 'out_block_1_addr_3' <Predicate = true> <Delay = 0.00>
ST_16 : Operation 416 [1/1] (0.67ns)   --->   "%store_ln56 = store i16 %col_outbuf_addr_1_ret, i3 %out_block_2_addr" [../dct_ref/dct.cpp:56]   --->   Operation 416 'store' 'store_ln56' <Predicate = true> <Delay = 0.67> <CoreInst = "RAM">   --->   Core 82 'RAM' <Latency = 1> <II = 1> <Delay = 0.67> <Storage> <Opcode : 'load' 'store'> <Ports = 2> <Width = 16> <Depth = 8> <RAM>
ST_16 : Operation 417 [1/1] (0.67ns)   --->   "%store_ln56 = store i16 %col_outbuf_8_addr_1_ret, i3 %out_block_3_addr" [../dct_ref/dct.cpp:56]   --->   Operation 417 'store' 'store_ln56' <Predicate = true> <Delay = 0.67> <CoreInst = "RAM">   --->   Core 82 'RAM' <Latency = 1> <II = 1> <Delay = 0.67> <Storage> <Opcode : 'load' 'store'> <Ports = 2> <Width = 16> <Depth = 8> <RAM>
ST_16 : Operation 418 [1/1] (0.67ns)   --->   "%store_ln56 = store i16 %col_outbuf_1_addr_1_ret, i3 %out_block_2_addr_1" [../dct_ref/dct.cpp:56]   --->   Operation 418 'store' 'store_ln56' <Predicate = true> <Delay = 0.67> <CoreInst = "RAM">   --->   Core 82 'RAM' <Latency = 1> <II = 1> <Delay = 0.67> <Storage> <Opcode : 'load' 'store'> <Ports = 2> <Width = 16> <Depth = 8> <RAM>
ST_16 : Operation 419 [1/1] (0.67ns)   --->   "%store_ln56 = store i16 %col_outbuf_9_addr_1_ret, i3 %out_block_3_addr_1" [../dct_ref/dct.cpp:56]   --->   Operation 419 'store' 'store_ln56' <Predicate = true> <Delay = 0.67> <CoreInst = "RAM">   --->   Core 82 'RAM' <Latency = 1> <II = 1> <Delay = 0.67> <Storage> <Opcode : 'load' 'store'> <Ports = 2> <Width = 16> <Depth = 8> <RAM>
ST_16 : Operation 420 [1/1] (0.67ns)   --->   "%store_ln56 = store i16 %col_outbuf_2_addr_ret, i3 %out_block_0_addr_2" [../dct_ref/dct.cpp:56]   --->   Operation 420 'store' 'store_ln56' <Predicate = true> <Delay = 0.67> <CoreInst = "RAM">   --->   Core 82 'RAM' <Latency = 1> <II = 1> <Delay = 0.67> <Storage> <Opcode : 'load' 'store'> <Ports = 2> <Width = 16> <Depth = 8> <RAM>
ST_16 : Operation 421 [1/1] (0.67ns)   --->   "%store_ln56 = store i16 %col_outbuf_10_addr_ret, i3 %out_block_1_addr_2" [../dct_ref/dct.cpp:56]   --->   Operation 421 'store' 'store_ln56' <Predicate = true> <Delay = 0.67> <CoreInst = "RAM">   --->   Core 82 'RAM' <Latency = 1> <II = 1> <Delay = 0.67> <Storage> <Opcode : 'load' 'store'> <Ports = 2> <Width = 16> <Depth = 8> <RAM>
ST_16 : Operation 422 [1/1] (0.67ns)   --->   "%store_ln56 = store i16 %col_outbuf_3_addr_ret, i3 %out_block_0_addr_3" [../dct_ref/dct.cpp:56]   --->   Operation 422 'store' 'store_ln56' <Predicate = true> <Delay = 0.67> <CoreInst = "RAM">   --->   Core 82 'RAM' <Latency = 1> <II = 1> <Delay = 0.67> <Storage> <Opcode : 'load' 'store'> <Ports = 2> <Width = 16> <Depth = 8> <RAM>
ST_16 : Operation 423 [1/1] (0.67ns)   --->   "%store_ln56 = store i16 %col_outbuf_11_addr_ret, i3 %out_block_1_addr_3" [../dct_ref/dct.cpp:56]   --->   Operation 423 'store' 'store_ln56' <Predicate = true> <Delay = 0.67> <CoreInst = "RAM">   --->   Core 82 'RAM' <Latency = 1> <II = 1> <Delay = 0.67> <Storage> <Opcode : 'load' 'store'> <Ports = 2> <Width = 16> <Depth = 8> <RAM>

State 17 <SV = 16> <Delay = 4.40>
ST_17 : Operation 424 [1/6] (1.36ns)   --->   "%dct_1d_ret13 = call i128 @dct_1d, i16 %row_outbuf_4_addr_ret, i16 %row_outbuf_12_addr_ret, i16 %row_outbuf_4_addr_1_ret, i16 %row_outbuf_12_addr_1_ret, i16 %row_outbuf_4_addr_2_ret, i16 %row_outbuf_12_addr_2_ret, i16 %row_outbuf_4_addr_3_ret, i16 %row_outbuf_12_addr_3_ret" [../dct_ref/dct.cpp:49]   --->   Operation 424 'call' 'dct_1d_ret13' <Predicate = true> <Delay = 1.36> <CoreType = "Generic">   --->   Core 0 '' <Latency = 0> <II = 1> <Delay = 1.00> <Generic> <Opcode : >
ST_17 : Operation 425 [1/1] (0.00ns)   --->   "%col_outbuf_addr_2_ret = extractvalue i128 %dct_1d_ret13" [../dct_ref/dct.cpp:49]   --->   Operation 425 'extractvalue' 'col_outbuf_addr_2_ret' <Predicate = true> <Delay = 0.00>
ST_17 : Operation 426 [1/1] (0.00ns)   --->   "%col_outbuf_1_addr_2_ret = extractvalue i128 %dct_1d_ret13" [../dct_ref/dct.cpp:49]   --->   Operation 426 'extractvalue' 'col_outbuf_1_addr_2_ret' <Predicate = true> <Delay = 0.00>
ST_17 : Operation 427 [1/1] (0.00ns)   --->   "%col_outbuf_2_addr_2_ret = extractvalue i128 %dct_1d_ret13" [../dct_ref/dct.cpp:49]   --->   Operation 427 'extractvalue' 'col_outbuf_2_addr_2_ret' <Predicate = true> <Delay = 0.00>
ST_17 : Operation 428 [1/1] (0.00ns)   --->   "%col_outbuf_3_addr_2_ret = extractvalue i128 %dct_1d_ret13" [../dct_ref/dct.cpp:49]   --->   Operation 428 'extractvalue' 'col_outbuf_3_addr_2_ret' <Predicate = true> <Delay = 0.00>
ST_17 : Operation 429 [1/1] (0.00ns)   --->   "%col_outbuf_4_addr_2_ret = extractvalue i128 %dct_1d_ret13" [../dct_ref/dct.cpp:49]   --->   Operation 429 'extractvalue' 'col_outbuf_4_addr_2_ret' <Predicate = true> <Delay = 0.00>
ST_17 : Operation 430 [1/1] (0.00ns)   --->   "%col_outbuf_5_addr_2_ret = extractvalue i128 %dct_1d_ret13" [../dct_ref/dct.cpp:49]   --->   Operation 430 'extractvalue' 'col_outbuf_5_addr_2_ret' <Predicate = true> <Delay = 0.00>
ST_17 : Operation 431 [1/1] (0.00ns)   --->   "%col_outbuf_6_addr_2_ret = extractvalue i128 %dct_1d_ret13" [../dct_ref/dct.cpp:49]   --->   Operation 431 'extractvalue' 'col_outbuf_6_addr_2_ret' <Predicate = true> <Delay = 0.00>
ST_17 : Operation 432 [1/1] (0.00ns)   --->   "%col_outbuf_7_addr_2_ret = extractvalue i128 %dct_1d_ret13" [../dct_ref/dct.cpp:49]   --->   Operation 432 'extractvalue' 'col_outbuf_7_addr_2_ret' <Predicate = true> <Delay = 0.00>
ST_17 : Operation 433 [1/6] (1.36ns)   --->   "%dct_1d_ret14 = call i128 @dct_1d, i16 %row_outbuf_5_addr_ret, i16 %row_outbuf_13_addr_ret, i16 %row_outbuf_5_addr_1_ret, i16 %row_outbuf_13_addr_1_ret, i16 %row_outbuf_5_addr_2_ret, i16 %row_outbuf_13_addr_2_ret, i16 %row_outbuf_5_addr_3_ret, i16 %row_outbuf_13_addr_3_ret" [../dct_ref/dct.cpp:49]   --->   Operation 433 'call' 'dct_1d_ret14' <Predicate = true> <Delay = 1.36> <CoreType = "Generic">   --->   Core 0 '' <Latency = 0> <II = 1> <Delay = 1.00> <Generic> <Opcode : >
ST_17 : Operation 434 [1/1] (0.00ns)   --->   "%col_outbuf_8_addr_2_ret = extractvalue i128 %dct_1d_ret14" [../dct_ref/dct.cpp:49]   --->   Operation 434 'extractvalue' 'col_outbuf_8_addr_2_ret' <Predicate = true> <Delay = 0.00>
ST_17 : Operation 435 [1/1] (0.00ns)   --->   "%col_outbuf_9_addr_2_ret = extractvalue i128 %dct_1d_ret14" [../dct_ref/dct.cpp:49]   --->   Operation 435 'extractvalue' 'col_outbuf_9_addr_2_ret' <Predicate = true> <Delay = 0.00>
ST_17 : Operation 436 [1/1] (0.00ns)   --->   "%col_outbuf_10_addr_2_ret = extractvalue i128 %dct_1d_ret14" [../dct_ref/dct.cpp:49]   --->   Operation 436 'extractvalue' 'col_outbuf_10_addr_2_ret' <Predicate = true> <Delay = 0.00>
ST_17 : Operation 437 [1/1] (0.00ns)   --->   "%col_outbuf_11_addr_2_ret = extractvalue i128 %dct_1d_ret14" [../dct_ref/dct.cpp:49]   --->   Operation 437 'extractvalue' 'col_outbuf_11_addr_2_ret' <Predicate = true> <Delay = 0.00>
ST_17 : Operation 438 [1/1] (0.00ns)   --->   "%col_outbuf_12_addr_2_ret = extractvalue i128 %dct_1d_ret14" [../dct_ref/dct.cpp:49]   --->   Operation 438 'extractvalue' 'col_outbuf_12_addr_2_ret' <Predicate = true> <Delay = 0.00>
ST_17 : Operation 439 [1/1] (0.00ns)   --->   "%col_outbuf_13_addr_2_ret = extractvalue i128 %dct_1d_ret14" [../dct_ref/dct.cpp:49]   --->   Operation 439 'extractvalue' 'col_outbuf_13_addr_2_ret' <Predicate = true> <Delay = 0.00>
ST_17 : Operation 440 [1/1] (0.00ns)   --->   "%col_outbuf_14_addr_2_ret = extractvalue i128 %dct_1d_ret14" [../dct_ref/dct.cpp:49]   --->   Operation 440 'extractvalue' 'col_outbuf_14_addr_2_ret' <Predicate = true> <Delay = 0.00>
ST_17 : Operation 441 [1/1] (0.00ns)   --->   "%col_outbuf_15_addr_2_ret = extractvalue i128 %dct_1d_ret14" [../dct_ref/dct.cpp:49]   --->   Operation 441 'extractvalue' 'col_outbuf_15_addr_2_ret' <Predicate = true> <Delay = 0.00>
ST_17 : Operation 442 [2/6] (4.40ns)   --->   "%dct_1d_ret15 = call i128 @dct_1d, i16 %row_outbuf_6_addr_ret, i16 %row_outbuf_14_addr_ret, i16 %row_outbuf_6_addr_1_ret, i16 %row_outbuf_14_addr_1_ret, i16 %row_outbuf_6_addr_2_ret, i16 %row_outbuf_14_addr_2_ret, i16 %row_outbuf_6_addr_3_ret, i16 %row_outbuf_14_addr_3_ret" [../dct_ref/dct.cpp:49]   --->   Operation 442 'call' 'dct_1d_ret15' <Predicate = true> <Delay = 4.40> <CoreType = "Generic">   --->   Core 0 '' <Latency = 0> <II = 1> <Delay = 1.00> <Generic> <Opcode : >
ST_17 : Operation 443 [2/6] (4.40ns)   --->   "%dct_1d_ret = call i128 @dct_1d, i16 %row_outbuf_7_addr_ret, i16 %row_outbuf_15_addr_ret, i16 %row_outbuf_7_addr_1_ret, i16 %row_outbuf_15_addr_1_ret, i16 %row_outbuf_7_addr_2_ret, i16 %row_outbuf_15_addr_2_ret, i16 %row_outbuf_7_addr_3_ret, i16 %row_outbuf_15_addr_3_ret" [../dct_ref/dct.cpp:49]   --->   Operation 443 'call' 'dct_1d_ret' <Predicate = true> <Delay = 4.40> <CoreType = "Generic">   --->   Core 0 '' <Latency = 0> <II = 1> <Delay = 1.00> <Generic> <Opcode : >
ST_17 : Operation 444 [1/1] (0.00ns)   --->   "%out_block_4_addr = getelementptr i16 %out_block_4, i64 0, i64 0" [../dct_ref/dct.cpp:56]   --->   Operation 444 'getelementptr' 'out_block_4_addr' <Predicate = true> <Delay = 0.00>
ST_17 : Operation 445 [1/1] (0.00ns)   --->   "%out_block_5_addr = getelementptr i16 %out_block_5, i64 0, i64 0" [../dct_ref/dct.cpp:56]   --->   Operation 445 'getelementptr' 'out_block_5_addr' <Predicate = true> <Delay = 0.00>
ST_17 : Operation 446 [1/1] (0.00ns)   --->   "%out_block_4_addr_1 = getelementptr i16 %out_block_4, i64 0, i64 1" [../dct_ref/dct.cpp:56]   --->   Operation 446 'getelementptr' 'out_block_4_addr_1' <Predicate = true> <Delay = 0.00>
ST_17 : Operation 447 [1/1] (0.00ns)   --->   "%out_block_5_addr_1 = getelementptr i16 %out_block_5, i64 0, i64 1" [../dct_ref/dct.cpp:56]   --->   Operation 447 'getelementptr' 'out_block_5_addr_1' <Predicate = true> <Delay = 0.00>
ST_17 : Operation 448 [1/1] (0.00ns)   --->   "%out_block_2_addr_2 = getelementptr i16 %out_block_2, i64 0, i64 2" [../dct_ref/dct.cpp:56]   --->   Operation 448 'getelementptr' 'out_block_2_addr_2' <Predicate = true> <Delay = 0.00>
ST_17 : Operation 449 [1/1] (0.00ns)   --->   "%out_block_3_addr_2 = getelementptr i16 %out_block_3, i64 0, i64 2" [../dct_ref/dct.cpp:56]   --->   Operation 449 'getelementptr' 'out_block_3_addr_2' <Predicate = true> <Delay = 0.00>
ST_17 : Operation 450 [1/1] (0.00ns)   --->   "%out_block_2_addr_3 = getelementptr i16 %out_block_2, i64 0, i64 3" [../dct_ref/dct.cpp:56]   --->   Operation 450 'getelementptr' 'out_block_2_addr_3' <Predicate = true> <Delay = 0.00>
ST_17 : Operation 451 [1/1] (0.00ns)   --->   "%out_block_3_addr_3 = getelementptr i16 %out_block_3, i64 0, i64 3" [../dct_ref/dct.cpp:56]   --->   Operation 451 'getelementptr' 'out_block_3_addr_3' <Predicate = true> <Delay = 0.00>
ST_17 : Operation 452 [1/1] (0.00ns)   --->   "%out_block_0_addr_4 = getelementptr i16 %out_block_0, i64 0, i64 4" [../dct_ref/dct.cpp:56]   --->   Operation 452 'getelementptr' 'out_block_0_addr_4' <Predicate = true> <Delay = 0.00>
ST_17 : Operation 453 [1/1] (0.00ns)   --->   "%out_block_1_addr_4 = getelementptr i16 %out_block_1, i64 0, i64 4" [../dct_ref/dct.cpp:56]   --->   Operation 453 'getelementptr' 'out_block_1_addr_4' <Predicate = true> <Delay = 0.00>
ST_17 : Operation 454 [1/1] (0.00ns)   --->   "%out_block_0_addr_5 = getelementptr i16 %out_block_0, i64 0, i64 5" [../dct_ref/dct.cpp:56]   --->   Operation 454 'getelementptr' 'out_block_0_addr_5' <Predicate = true> <Delay = 0.00>
ST_17 : Operation 455 [1/1] (0.00ns)   --->   "%out_block_1_addr_5 = getelementptr i16 %out_block_1, i64 0, i64 5" [../dct_ref/dct.cpp:56]   --->   Operation 455 'getelementptr' 'out_block_1_addr_5' <Predicate = true> <Delay = 0.00>
ST_17 : Operation 456 [1/1] (0.67ns)   --->   "%store_ln56 = store i16 %col_outbuf_addr_2_ret, i3 %out_block_4_addr" [../dct_ref/dct.cpp:56]   --->   Operation 456 'store' 'store_ln56' <Predicate = true> <Delay = 0.67> <CoreInst = "RAM">   --->   Core 82 'RAM' <Latency = 1> <II = 1> <Delay = 0.67> <Storage> <Opcode : 'load' 'store'> <Ports = 2> <Width = 16> <Depth = 8> <RAM>
ST_17 : Operation 457 [1/1] (0.67ns)   --->   "%store_ln56 = store i16 %col_outbuf_8_addr_2_ret, i3 %out_block_5_addr" [../dct_ref/dct.cpp:56]   --->   Operation 457 'store' 'store_ln56' <Predicate = true> <Delay = 0.67> <CoreInst = "RAM">   --->   Core 82 'RAM' <Latency = 1> <II = 1> <Delay = 0.67> <Storage> <Opcode : 'load' 'store'> <Ports = 2> <Width = 16> <Depth = 8> <RAM>
ST_17 : Operation 458 [1/1] (0.67ns)   --->   "%store_ln56 = store i16 %col_outbuf_1_addr_2_ret, i3 %out_block_4_addr_1" [../dct_ref/dct.cpp:56]   --->   Operation 458 'store' 'store_ln56' <Predicate = true> <Delay = 0.67> <CoreInst = "RAM">   --->   Core 82 'RAM' <Latency = 1> <II = 1> <Delay = 0.67> <Storage> <Opcode : 'load' 'store'> <Ports = 2> <Width = 16> <Depth = 8> <RAM>
ST_17 : Operation 459 [1/1] (0.67ns)   --->   "%store_ln56 = store i16 %col_outbuf_9_addr_2_ret, i3 %out_block_5_addr_1" [../dct_ref/dct.cpp:56]   --->   Operation 459 'store' 'store_ln56' <Predicate = true> <Delay = 0.67> <CoreInst = "RAM">   --->   Core 82 'RAM' <Latency = 1> <II = 1> <Delay = 0.67> <Storage> <Opcode : 'load' 'store'> <Ports = 2> <Width = 16> <Depth = 8> <RAM>
ST_17 : Operation 460 [1/1] (0.67ns)   --->   "%store_ln56 = store i16 %col_outbuf_2_addr_1_ret, i3 %out_block_2_addr_2" [../dct_ref/dct.cpp:56]   --->   Operation 460 'store' 'store_ln56' <Predicate = true> <Delay = 0.67> <CoreInst = "RAM">   --->   Core 82 'RAM' <Latency = 1> <II = 1> <Delay = 0.67> <Storage> <Opcode : 'load' 'store'> <Ports = 2> <Width = 16> <Depth = 8> <RAM>
ST_17 : Operation 461 [1/1] (0.67ns)   --->   "%store_ln56 = store i16 %col_outbuf_10_addr_1_ret, i3 %out_block_3_addr_2" [../dct_ref/dct.cpp:56]   --->   Operation 461 'store' 'store_ln56' <Predicate = true> <Delay = 0.67> <CoreInst = "RAM">   --->   Core 82 'RAM' <Latency = 1> <II = 1> <Delay = 0.67> <Storage> <Opcode : 'load' 'store'> <Ports = 2> <Width = 16> <Depth = 8> <RAM>
ST_17 : Operation 462 [1/1] (0.67ns)   --->   "%store_ln56 = store i16 %col_outbuf_3_addr_1_ret, i3 %out_block_2_addr_3" [../dct_ref/dct.cpp:56]   --->   Operation 462 'store' 'store_ln56' <Predicate = true> <Delay = 0.67> <CoreInst = "RAM">   --->   Core 82 'RAM' <Latency = 1> <II = 1> <Delay = 0.67> <Storage> <Opcode : 'load' 'store'> <Ports = 2> <Width = 16> <Depth = 8> <RAM>
ST_17 : Operation 463 [1/1] (0.67ns)   --->   "%store_ln56 = store i16 %col_outbuf_11_addr_1_ret, i3 %out_block_3_addr_3" [../dct_ref/dct.cpp:56]   --->   Operation 463 'store' 'store_ln56' <Predicate = true> <Delay = 0.67> <CoreInst = "RAM">   --->   Core 82 'RAM' <Latency = 1> <II = 1> <Delay = 0.67> <Storage> <Opcode : 'load' 'store'> <Ports = 2> <Width = 16> <Depth = 8> <RAM>
ST_17 : Operation 464 [1/1] (0.67ns)   --->   "%store_ln56 = store i16 %col_outbuf_4_addr_ret, i3 %out_block_0_addr_4" [../dct_ref/dct.cpp:56]   --->   Operation 464 'store' 'store_ln56' <Predicate = true> <Delay = 0.67> <CoreInst = "RAM">   --->   Core 82 'RAM' <Latency = 1> <II = 1> <Delay = 0.67> <Storage> <Opcode : 'load' 'store'> <Ports = 2> <Width = 16> <Depth = 8> <RAM>
ST_17 : Operation 465 [1/1] (0.67ns)   --->   "%store_ln56 = store i16 %col_outbuf_12_addr_ret, i3 %out_block_1_addr_4" [../dct_ref/dct.cpp:56]   --->   Operation 465 'store' 'store_ln56' <Predicate = true> <Delay = 0.67> <CoreInst = "RAM">   --->   Core 82 'RAM' <Latency = 1> <II = 1> <Delay = 0.67> <Storage> <Opcode : 'load' 'store'> <Ports = 2> <Width = 16> <Depth = 8> <RAM>
ST_17 : Operation 466 [1/1] (0.67ns)   --->   "%store_ln56 = store i16 %col_outbuf_5_addr_ret, i3 %out_block_0_addr_5" [../dct_ref/dct.cpp:56]   --->   Operation 466 'store' 'store_ln56' <Predicate = true> <Delay = 0.67> <CoreInst = "RAM">   --->   Core 82 'RAM' <Latency = 1> <II = 1> <Delay = 0.67> <Storage> <Opcode : 'load' 'store'> <Ports = 2> <Width = 16> <Depth = 8> <RAM>
ST_17 : Operation 467 [1/1] (0.67ns)   --->   "%store_ln56 = store i16 %col_outbuf_13_addr_ret, i3 %out_block_1_addr_5" [../dct_ref/dct.cpp:56]   --->   Operation 467 'store' 'store_ln56' <Predicate = true> <Delay = 0.67> <CoreInst = "RAM">   --->   Core 82 'RAM' <Latency = 1> <II = 1> <Delay = 0.67> <Storage> <Opcode : 'load' 'store'> <Ports = 2> <Width = 16> <Depth = 8> <RAM>

State 18 <SV = 17> <Delay = 2.04>
ST_18 : Operation 468 [1/6] (1.36ns)   --->   "%dct_1d_ret15 = call i128 @dct_1d, i16 %row_outbuf_6_addr_ret, i16 %row_outbuf_14_addr_ret, i16 %row_outbuf_6_addr_1_ret, i16 %row_outbuf_14_addr_1_ret, i16 %row_outbuf_6_addr_2_ret, i16 %row_outbuf_14_addr_2_ret, i16 %row_outbuf_6_addr_3_ret, i16 %row_outbuf_14_addr_3_ret" [../dct_ref/dct.cpp:49]   --->   Operation 468 'call' 'dct_1d_ret15' <Predicate = true> <Delay = 1.36> <CoreType = "Generic">   --->   Core 0 '' <Latency = 0> <II = 1> <Delay = 1.00> <Generic> <Opcode : >
ST_18 : Operation 469 [1/1] (0.00ns)   --->   "%col_outbuf_addr_3_ret = extractvalue i128 %dct_1d_ret15" [../dct_ref/dct.cpp:49]   --->   Operation 469 'extractvalue' 'col_outbuf_addr_3_ret' <Predicate = true> <Delay = 0.00>
ST_18 : Operation 470 [1/1] (0.00ns)   --->   "%col_outbuf_1_addr_3_ret = extractvalue i128 %dct_1d_ret15" [../dct_ref/dct.cpp:49]   --->   Operation 470 'extractvalue' 'col_outbuf_1_addr_3_ret' <Predicate = true> <Delay = 0.00>
ST_18 : Operation 471 [1/1] (0.00ns)   --->   "%col_outbuf_2_addr_3_ret = extractvalue i128 %dct_1d_ret15" [../dct_ref/dct.cpp:49]   --->   Operation 471 'extractvalue' 'col_outbuf_2_addr_3_ret' <Predicate = true> <Delay = 0.00>
ST_18 : Operation 472 [1/1] (0.00ns)   --->   "%col_outbuf_3_addr_3_ret = extractvalue i128 %dct_1d_ret15" [../dct_ref/dct.cpp:49]   --->   Operation 472 'extractvalue' 'col_outbuf_3_addr_3_ret' <Predicate = true> <Delay = 0.00>
ST_18 : Operation 473 [1/1] (0.00ns)   --->   "%col_outbuf_4_addr_3_ret = extractvalue i128 %dct_1d_ret15" [../dct_ref/dct.cpp:49]   --->   Operation 473 'extractvalue' 'col_outbuf_4_addr_3_ret' <Predicate = true> <Delay = 0.00>
ST_18 : Operation 474 [1/1] (0.00ns)   --->   "%col_outbuf_5_addr_3_ret = extractvalue i128 %dct_1d_ret15" [../dct_ref/dct.cpp:49]   --->   Operation 474 'extractvalue' 'col_outbuf_5_addr_3_ret' <Predicate = true> <Delay = 0.00>
ST_18 : Operation 475 [1/1] (0.00ns)   --->   "%col_outbuf_6_addr_3_ret = extractvalue i128 %dct_1d_ret15" [../dct_ref/dct.cpp:49]   --->   Operation 475 'extractvalue' 'col_outbuf_6_addr_3_ret' <Predicate = true> <Delay = 0.00>
ST_18 : Operation 476 [1/1] (0.00ns)   --->   "%col_outbuf_7_addr_3_ret = extractvalue i128 %dct_1d_ret15" [../dct_ref/dct.cpp:49]   --->   Operation 476 'extractvalue' 'col_outbuf_7_addr_3_ret' <Predicate = true> <Delay = 0.00>
ST_18 : Operation 477 [1/6] (1.36ns)   --->   "%dct_1d_ret = call i128 @dct_1d, i16 %row_outbuf_7_addr_ret, i16 %row_outbuf_15_addr_ret, i16 %row_outbuf_7_addr_1_ret, i16 %row_outbuf_15_addr_1_ret, i16 %row_outbuf_7_addr_2_ret, i16 %row_outbuf_15_addr_2_ret, i16 %row_outbuf_7_addr_3_ret, i16 %row_outbuf_15_addr_3_ret" [../dct_ref/dct.cpp:49]   --->   Operation 477 'call' 'dct_1d_ret' <Predicate = true> <Delay = 1.36> <CoreType = "Generic">   --->   Core 0 '' <Latency = 0> <II = 1> <Delay = 1.00> <Generic> <Opcode : >
ST_18 : Operation 478 [1/1] (0.00ns)   --->   "%col_outbuf_8_addr_3_ret = extractvalue i128 %dct_1d_ret" [../dct_ref/dct.cpp:49]   --->   Operation 478 'extractvalue' 'col_outbuf_8_addr_3_ret' <Predicate = true> <Delay = 0.00>
ST_18 : Operation 479 [1/1] (0.00ns)   --->   "%col_outbuf_9_addr_3_ret = extractvalue i128 %dct_1d_ret" [../dct_ref/dct.cpp:49]   --->   Operation 479 'extractvalue' 'col_outbuf_9_addr_3_ret' <Predicate = true> <Delay = 0.00>
ST_18 : Operation 480 [1/1] (0.00ns)   --->   "%col_outbuf_10_addr_3_ret = extractvalue i128 %dct_1d_ret" [../dct_ref/dct.cpp:49]   --->   Operation 480 'extractvalue' 'col_outbuf_10_addr_3_ret' <Predicate = true> <Delay = 0.00>
ST_18 : Operation 481 [1/1] (0.00ns)   --->   "%col_outbuf_11_addr_3_ret = extractvalue i128 %dct_1d_ret" [../dct_ref/dct.cpp:49]   --->   Operation 481 'extractvalue' 'col_outbuf_11_addr_3_ret' <Predicate = true> <Delay = 0.00>
ST_18 : Operation 482 [1/1] (0.00ns)   --->   "%col_outbuf_12_addr_3_ret = extractvalue i128 %dct_1d_ret" [../dct_ref/dct.cpp:49]   --->   Operation 482 'extractvalue' 'col_outbuf_12_addr_3_ret' <Predicate = true> <Delay = 0.00>
ST_18 : Operation 483 [1/1] (0.00ns)   --->   "%col_outbuf_13_addr_3_ret = extractvalue i128 %dct_1d_ret" [../dct_ref/dct.cpp:49]   --->   Operation 483 'extractvalue' 'col_outbuf_13_addr_3_ret' <Predicate = true> <Delay = 0.00>
ST_18 : Operation 484 [1/1] (0.00ns)   --->   "%col_outbuf_14_addr_3_ret = extractvalue i128 %dct_1d_ret" [../dct_ref/dct.cpp:49]   --->   Operation 484 'extractvalue' 'col_outbuf_14_addr_3_ret' <Predicate = true> <Delay = 0.00>
ST_18 : Operation 485 [1/1] (0.00ns)   --->   "%col_outbuf_15_addr_3_ret = extractvalue i128 %dct_1d_ret" [../dct_ref/dct.cpp:49]   --->   Operation 485 'extractvalue' 'col_outbuf_15_addr_3_ret' <Predicate = true> <Delay = 0.00>
ST_18 : Operation 486 [1/1] (0.00ns)   --->   "%out_block_6_addr = getelementptr i16 %out_block_6, i64 0, i64 0" [../dct_ref/dct.cpp:56]   --->   Operation 486 'getelementptr' 'out_block_6_addr' <Predicate = true> <Delay = 0.00>
ST_18 : Operation 487 [1/1] (0.00ns)   --->   "%out_block_7_addr = getelementptr i16 %out_block_7, i64 0, i64 0" [../dct_ref/dct.cpp:56]   --->   Operation 487 'getelementptr' 'out_block_7_addr' <Predicate = true> <Delay = 0.00>
ST_18 : Operation 488 [1/1] (0.00ns)   --->   "%out_block_6_addr_1 = getelementptr i16 %out_block_6, i64 0, i64 1" [../dct_ref/dct.cpp:56]   --->   Operation 488 'getelementptr' 'out_block_6_addr_1' <Predicate = true> <Delay = 0.00>
ST_18 : Operation 489 [1/1] (0.00ns)   --->   "%out_block_7_addr_1 = getelementptr i16 %out_block_7, i64 0, i64 1" [../dct_ref/dct.cpp:56]   --->   Operation 489 'getelementptr' 'out_block_7_addr_1' <Predicate = true> <Delay = 0.00>
ST_18 : Operation 490 [1/1] (0.00ns)   --->   "%out_block_4_addr_2 = getelementptr i16 %out_block_4, i64 0, i64 2" [../dct_ref/dct.cpp:56]   --->   Operation 490 'getelementptr' 'out_block_4_addr_2' <Predicate = true> <Delay = 0.00>
ST_18 : Operation 491 [1/1] (0.00ns)   --->   "%out_block_5_addr_2 = getelementptr i16 %out_block_5, i64 0, i64 2" [../dct_ref/dct.cpp:56]   --->   Operation 491 'getelementptr' 'out_block_5_addr_2' <Predicate = true> <Delay = 0.00>
ST_18 : Operation 492 [1/1] (0.00ns)   --->   "%out_block_4_addr_3 = getelementptr i16 %out_block_4, i64 0, i64 3" [../dct_ref/dct.cpp:56]   --->   Operation 492 'getelementptr' 'out_block_4_addr_3' <Predicate = true> <Delay = 0.00>
ST_18 : Operation 493 [1/1] (0.00ns)   --->   "%out_block_5_addr_3 = getelementptr i16 %out_block_5, i64 0, i64 3" [../dct_ref/dct.cpp:56]   --->   Operation 493 'getelementptr' 'out_block_5_addr_3' <Predicate = true> <Delay = 0.00>
ST_18 : Operation 494 [1/1] (0.00ns)   --->   "%out_block_2_addr_4 = getelementptr i16 %out_block_2, i64 0, i64 4" [../dct_ref/dct.cpp:56]   --->   Operation 494 'getelementptr' 'out_block_2_addr_4' <Predicate = true> <Delay = 0.00>
ST_18 : Operation 495 [1/1] (0.00ns)   --->   "%out_block_3_addr_4 = getelementptr i16 %out_block_3, i64 0, i64 4" [../dct_ref/dct.cpp:56]   --->   Operation 495 'getelementptr' 'out_block_3_addr_4' <Predicate = true> <Delay = 0.00>
ST_18 : Operation 496 [1/1] (0.00ns)   --->   "%out_block_2_addr_5 = getelementptr i16 %out_block_2, i64 0, i64 5" [../dct_ref/dct.cpp:56]   --->   Operation 496 'getelementptr' 'out_block_2_addr_5' <Predicate = true> <Delay = 0.00>
ST_18 : Operation 497 [1/1] (0.00ns)   --->   "%out_block_3_addr_5 = getelementptr i16 %out_block_3, i64 0, i64 5" [../dct_ref/dct.cpp:56]   --->   Operation 497 'getelementptr' 'out_block_3_addr_5' <Predicate = true> <Delay = 0.00>
ST_18 : Operation 498 [1/1] (0.00ns)   --->   "%out_block_0_addr_6 = getelementptr i16 %out_block_0, i64 0, i64 6" [../dct_ref/dct.cpp:56]   --->   Operation 498 'getelementptr' 'out_block_0_addr_6' <Predicate = true> <Delay = 0.00>
ST_18 : Operation 499 [1/1] (0.00ns)   --->   "%out_block_1_addr_6 = getelementptr i16 %out_block_1, i64 0, i64 6" [../dct_ref/dct.cpp:56]   --->   Operation 499 'getelementptr' 'out_block_1_addr_6' <Predicate = true> <Delay = 0.00>
ST_18 : Operation 500 [1/1] (0.00ns)   --->   "%out_block_0_addr_7 = getelementptr i16 %out_block_0, i64 0, i64 7" [../dct_ref/dct.cpp:56]   --->   Operation 500 'getelementptr' 'out_block_0_addr_7' <Predicate = true> <Delay = 0.00>
ST_18 : Operation 501 [1/1] (0.00ns)   --->   "%out_block_1_addr_7 = getelementptr i16 %out_block_1, i64 0, i64 7" [../dct_ref/dct.cpp:56]   --->   Operation 501 'getelementptr' 'out_block_1_addr_7' <Predicate = true> <Delay = 0.00>
ST_18 : Operation 502 [1/1] (0.67ns)   --->   "%store_ln56 = store i16 %col_outbuf_addr_3_ret, i3 %out_block_6_addr" [../dct_ref/dct.cpp:56]   --->   Operation 502 'store' 'store_ln56' <Predicate = true> <Delay = 0.67> <CoreInst = "RAM">   --->   Core 82 'RAM' <Latency = 1> <II = 1> <Delay = 0.67> <Storage> <Opcode : 'load' 'store'> <Ports = 2> <Width = 16> <Depth = 8> <RAM>
ST_18 : Operation 503 [1/1] (0.67ns)   --->   "%store_ln56 = store i16 %col_outbuf_8_addr_3_ret, i3 %out_block_7_addr" [../dct_ref/dct.cpp:56]   --->   Operation 503 'store' 'store_ln56' <Predicate = true> <Delay = 0.67> <CoreInst = "RAM">   --->   Core 82 'RAM' <Latency = 1> <II = 1> <Delay = 0.67> <Storage> <Opcode : 'load' 'store'> <Ports = 2> <Width = 16> <Depth = 8> <RAM>
ST_18 : Operation 504 [1/1] (0.67ns)   --->   "%store_ln56 = store i16 %col_outbuf_1_addr_3_ret, i3 %out_block_6_addr_1" [../dct_ref/dct.cpp:56]   --->   Operation 504 'store' 'store_ln56' <Predicate = true> <Delay = 0.67> <CoreInst = "RAM">   --->   Core 82 'RAM' <Latency = 1> <II = 1> <Delay = 0.67> <Storage> <Opcode : 'load' 'store'> <Ports = 2> <Width = 16> <Depth = 8> <RAM>
ST_18 : Operation 505 [1/1] (0.67ns)   --->   "%store_ln56 = store i16 %col_outbuf_9_addr_3_ret, i3 %out_block_7_addr_1" [../dct_ref/dct.cpp:56]   --->   Operation 505 'store' 'store_ln56' <Predicate = true> <Delay = 0.67> <CoreInst = "RAM">   --->   Core 82 'RAM' <Latency = 1> <II = 1> <Delay = 0.67> <Storage> <Opcode : 'load' 'store'> <Ports = 2> <Width = 16> <Depth = 8> <RAM>
ST_18 : Operation 506 [1/1] (0.67ns)   --->   "%store_ln56 = store i16 %col_outbuf_2_addr_2_ret, i3 %out_block_4_addr_2" [../dct_ref/dct.cpp:56]   --->   Operation 506 'store' 'store_ln56' <Predicate = true> <Delay = 0.67> <CoreInst = "RAM">   --->   Core 82 'RAM' <Latency = 1> <II = 1> <Delay = 0.67> <Storage> <Opcode : 'load' 'store'> <Ports = 2> <Width = 16> <Depth = 8> <RAM>
ST_18 : Operation 507 [1/1] (0.67ns)   --->   "%store_ln56 = store i16 %col_outbuf_10_addr_2_ret, i3 %out_block_5_addr_2" [../dct_ref/dct.cpp:56]   --->   Operation 507 'store' 'store_ln56' <Predicate = true> <Delay = 0.67> <CoreInst = "RAM">   --->   Core 82 'RAM' <Latency = 1> <II = 1> <Delay = 0.67> <Storage> <Opcode : 'load' 'store'> <Ports = 2> <Width = 16> <Depth = 8> <RAM>
ST_18 : Operation 508 [1/1] (0.67ns)   --->   "%store_ln56 = store i16 %col_outbuf_3_addr_2_ret, i3 %out_block_4_addr_3" [../dct_ref/dct.cpp:56]   --->   Operation 508 'store' 'store_ln56' <Predicate = true> <Delay = 0.67> <CoreInst = "RAM">   --->   Core 82 'RAM' <Latency = 1> <II = 1> <Delay = 0.67> <Storage> <Opcode : 'load' 'store'> <Ports = 2> <Width = 16> <Depth = 8> <RAM>
ST_18 : Operation 509 [1/1] (0.67ns)   --->   "%store_ln56 = store i16 %col_outbuf_11_addr_2_ret, i3 %out_block_5_addr_3" [../dct_ref/dct.cpp:56]   --->   Operation 509 'store' 'store_ln56' <Predicate = true> <Delay = 0.67> <CoreInst = "RAM">   --->   Core 82 'RAM' <Latency = 1> <II = 1> <Delay = 0.67> <Storage> <Opcode : 'load' 'store'> <Ports = 2> <Width = 16> <Depth = 8> <RAM>
ST_18 : Operation 510 [1/1] (0.67ns)   --->   "%store_ln56 = store i16 %col_outbuf_4_addr_1_ret, i3 %out_block_2_addr_4" [../dct_ref/dct.cpp:56]   --->   Operation 510 'store' 'store_ln56' <Predicate = true> <Delay = 0.67> <CoreInst = "RAM">   --->   Core 82 'RAM' <Latency = 1> <II = 1> <Delay = 0.67> <Storage> <Opcode : 'load' 'store'> <Ports = 2> <Width = 16> <Depth = 8> <RAM>
ST_18 : Operation 511 [1/1] (0.67ns)   --->   "%store_ln56 = store i16 %col_outbuf_12_addr_1_ret, i3 %out_block_3_addr_4" [../dct_ref/dct.cpp:56]   --->   Operation 511 'store' 'store_ln56' <Predicate = true> <Delay = 0.67> <CoreInst = "RAM">   --->   Core 82 'RAM' <Latency = 1> <II = 1> <Delay = 0.67> <Storage> <Opcode : 'load' 'store'> <Ports = 2> <Width = 16> <Depth = 8> <RAM>
ST_18 : Operation 512 [1/1] (0.67ns)   --->   "%store_ln56 = store i16 %col_outbuf_5_addr_1_ret, i3 %out_block_2_addr_5" [../dct_ref/dct.cpp:56]   --->   Operation 512 'store' 'store_ln56' <Predicate = true> <Delay = 0.67> <CoreInst = "RAM">   --->   Core 82 'RAM' <Latency = 1> <II = 1> <Delay = 0.67> <Storage> <Opcode : 'load' 'store'> <Ports = 2> <Width = 16> <Depth = 8> <RAM>
ST_18 : Operation 513 [1/1] (0.67ns)   --->   "%store_ln56 = store i16 %col_outbuf_13_addr_1_ret, i3 %out_block_3_addr_5" [../dct_ref/dct.cpp:56]   --->   Operation 513 'store' 'store_ln56' <Predicate = true> <Delay = 0.67> <CoreInst = "RAM">   --->   Core 82 'RAM' <Latency = 1> <II = 1> <Delay = 0.67> <Storage> <Opcode : 'load' 'store'> <Ports = 2> <Width = 16> <Depth = 8> <RAM>
ST_18 : Operation 514 [1/1] (0.67ns)   --->   "%store_ln56 = store i16 %col_outbuf_6_addr_ret, i3 %out_block_0_addr_6" [../dct_ref/dct.cpp:56]   --->   Operation 514 'store' 'store_ln56' <Predicate = true> <Delay = 0.67> <CoreInst = "RAM">   --->   Core 82 'RAM' <Latency = 1> <II = 1> <Delay = 0.67> <Storage> <Opcode : 'load' 'store'> <Ports = 2> <Width = 16> <Depth = 8> <RAM>
ST_18 : Operation 515 [1/1] (0.67ns)   --->   "%store_ln56 = store i16 %col_outbuf_14_addr_ret, i3 %out_block_1_addr_6" [../dct_ref/dct.cpp:56]   --->   Operation 515 'store' 'store_ln56' <Predicate = true> <Delay = 0.67> <CoreInst = "RAM">   --->   Core 82 'RAM' <Latency = 1> <II = 1> <Delay = 0.67> <Storage> <Opcode : 'load' 'store'> <Ports = 2> <Width = 16> <Depth = 8> <RAM>
ST_18 : Operation 516 [1/1] (0.67ns)   --->   "%store_ln56 = store i16 %col_outbuf_7_addr_ret, i3 %out_block_0_addr_7" [../dct_ref/dct.cpp:56]   --->   Operation 516 'store' 'store_ln56' <Predicate = true> <Delay = 0.67> <CoreInst = "RAM">   --->   Core 82 'RAM' <Latency = 1> <II = 1> <Delay = 0.67> <Storage> <Opcode : 'load' 'store'> <Ports = 2> <Width = 16> <Depth = 8> <RAM>
ST_18 : Operation 517 [1/1] (0.67ns)   --->   "%store_ln56 = store i16 %col_outbuf_15_addr_ret, i3 %out_block_1_addr_7" [../dct_ref/dct.cpp:56]   --->   Operation 517 'store' 'store_ln56' <Predicate = true> <Delay = 0.67> <CoreInst = "RAM">   --->   Core 82 'RAM' <Latency = 1> <II = 1> <Delay = 0.67> <Storage> <Opcode : 'load' 'store'> <Ports = 2> <Width = 16> <Depth = 8> <RAM>

State 19 <SV = 18> <Delay = 0.67>
ST_19 : Operation 518 [1/1] (0.00ns)   --->   "%out_block_6_addr_2 = getelementptr i16 %out_block_6, i64 0, i64 2" [../dct_ref/dct.cpp:56]   --->   Operation 518 'getelementptr' 'out_block_6_addr_2' <Predicate = true> <Delay = 0.00>
ST_19 : Operation 519 [1/1] (0.00ns)   --->   "%out_block_7_addr_2 = getelementptr i16 %out_block_7, i64 0, i64 2" [../dct_ref/dct.cpp:56]   --->   Operation 519 'getelementptr' 'out_block_7_addr_2' <Predicate = true> <Delay = 0.00>
ST_19 : Operation 520 [1/1] (0.00ns)   --->   "%out_block_6_addr_3 = getelementptr i16 %out_block_6, i64 0, i64 3" [../dct_ref/dct.cpp:56]   --->   Operation 520 'getelementptr' 'out_block_6_addr_3' <Predicate = true> <Delay = 0.00>
ST_19 : Operation 521 [1/1] (0.00ns)   --->   "%out_block_7_addr_3 = getelementptr i16 %out_block_7, i64 0, i64 3" [../dct_ref/dct.cpp:56]   --->   Operation 521 'getelementptr' 'out_block_7_addr_3' <Predicate = true> <Delay = 0.00>
ST_19 : Operation 522 [1/1] (0.00ns)   --->   "%out_block_4_addr_4 = getelementptr i16 %out_block_4, i64 0, i64 4" [../dct_ref/dct.cpp:56]   --->   Operation 522 'getelementptr' 'out_block_4_addr_4' <Predicate = true> <Delay = 0.00>
ST_19 : Operation 523 [1/1] (0.00ns)   --->   "%out_block_5_addr_4 = getelementptr i16 %out_block_5, i64 0, i64 4" [../dct_ref/dct.cpp:56]   --->   Operation 523 'getelementptr' 'out_block_5_addr_4' <Predicate = true> <Delay = 0.00>
ST_19 : Operation 524 [1/1] (0.00ns)   --->   "%out_block_4_addr_5 = getelementptr i16 %out_block_4, i64 0, i64 5" [../dct_ref/dct.cpp:56]   --->   Operation 524 'getelementptr' 'out_block_4_addr_5' <Predicate = true> <Delay = 0.00>
ST_19 : Operation 525 [1/1] (0.00ns)   --->   "%out_block_5_addr_5 = getelementptr i16 %out_block_5, i64 0, i64 5" [../dct_ref/dct.cpp:56]   --->   Operation 525 'getelementptr' 'out_block_5_addr_5' <Predicate = true> <Delay = 0.00>
ST_19 : Operation 526 [1/1] (0.00ns)   --->   "%out_block_2_addr_6 = getelementptr i16 %out_block_2, i64 0, i64 6" [../dct_ref/dct.cpp:56]   --->   Operation 526 'getelementptr' 'out_block_2_addr_6' <Predicate = true> <Delay = 0.00>
ST_19 : Operation 527 [1/1] (0.00ns)   --->   "%out_block_3_addr_6 = getelementptr i16 %out_block_3, i64 0, i64 6" [../dct_ref/dct.cpp:56]   --->   Operation 527 'getelementptr' 'out_block_3_addr_6' <Predicate = true> <Delay = 0.00>
ST_19 : Operation 528 [1/1] (0.00ns)   --->   "%out_block_2_addr_7 = getelementptr i16 %out_block_2, i64 0, i64 7" [../dct_ref/dct.cpp:56]   --->   Operation 528 'getelementptr' 'out_block_2_addr_7' <Predicate = true> <Delay = 0.00>
ST_19 : Operation 529 [1/1] (0.00ns)   --->   "%out_block_3_addr_7 = getelementptr i16 %out_block_3, i64 0, i64 7" [../dct_ref/dct.cpp:56]   --->   Operation 529 'getelementptr' 'out_block_3_addr_7' <Predicate = true> <Delay = 0.00>
ST_19 : Operation 530 [1/1] (0.67ns)   --->   "%store_ln56 = store i16 %col_outbuf_2_addr_3_ret, i3 %out_block_6_addr_2" [../dct_ref/dct.cpp:56]   --->   Operation 530 'store' 'store_ln56' <Predicate = true> <Delay = 0.67> <CoreInst = "RAM">   --->   Core 82 'RAM' <Latency = 1> <II = 1> <Delay = 0.67> <Storage> <Opcode : 'load' 'store'> <Ports = 2> <Width = 16> <Depth = 8> <RAM>
ST_19 : Operation 531 [1/1] (0.67ns)   --->   "%store_ln56 = store i16 %col_outbuf_10_addr_3_ret, i3 %out_block_7_addr_2" [../dct_ref/dct.cpp:56]   --->   Operation 531 'store' 'store_ln56' <Predicate = true> <Delay = 0.67> <CoreInst = "RAM">   --->   Core 82 'RAM' <Latency = 1> <II = 1> <Delay = 0.67> <Storage> <Opcode : 'load' 'store'> <Ports = 2> <Width = 16> <Depth = 8> <RAM>
ST_19 : Operation 532 [1/1] (0.67ns)   --->   "%store_ln56 = store i16 %col_outbuf_3_addr_3_ret, i3 %out_block_6_addr_3" [../dct_ref/dct.cpp:56]   --->   Operation 532 'store' 'store_ln56' <Predicate = true> <Delay = 0.67> <CoreInst = "RAM">   --->   Core 82 'RAM' <Latency = 1> <II = 1> <Delay = 0.67> <Storage> <Opcode : 'load' 'store'> <Ports = 2> <Width = 16> <Depth = 8> <RAM>
ST_19 : Operation 533 [1/1] (0.67ns)   --->   "%store_ln56 = store i16 %col_outbuf_11_addr_3_ret, i3 %out_block_7_addr_3" [../dct_ref/dct.cpp:56]   --->   Operation 533 'store' 'store_ln56' <Predicate = true> <Delay = 0.67> <CoreInst = "RAM">   --->   Core 82 'RAM' <Latency = 1> <II = 1> <Delay = 0.67> <Storage> <Opcode : 'load' 'store'> <Ports = 2> <Width = 16> <Depth = 8> <RAM>
ST_19 : Operation 534 [1/1] (0.67ns)   --->   "%store_ln56 = store i16 %col_outbuf_4_addr_2_ret, i3 %out_block_4_addr_4" [../dct_ref/dct.cpp:56]   --->   Operation 534 'store' 'store_ln56' <Predicate = true> <Delay = 0.67> <CoreInst = "RAM">   --->   Core 82 'RAM' <Latency = 1> <II = 1> <Delay = 0.67> <Storage> <Opcode : 'load' 'store'> <Ports = 2> <Width = 16> <Depth = 8> <RAM>
ST_19 : Operation 535 [1/1] (0.67ns)   --->   "%store_ln56 = store i16 %col_outbuf_12_addr_2_ret, i3 %out_block_5_addr_4" [../dct_ref/dct.cpp:56]   --->   Operation 535 'store' 'store_ln56' <Predicate = true> <Delay = 0.67> <CoreInst = "RAM">   --->   Core 82 'RAM' <Latency = 1> <II = 1> <Delay = 0.67> <Storage> <Opcode : 'load' 'store'> <Ports = 2> <Width = 16> <Depth = 8> <RAM>
ST_19 : Operation 536 [1/1] (0.67ns)   --->   "%store_ln56 = store i16 %col_outbuf_5_addr_2_ret, i3 %out_block_4_addr_5" [../dct_ref/dct.cpp:56]   --->   Operation 536 'store' 'store_ln56' <Predicate = true> <Delay = 0.67> <CoreInst = "RAM">   --->   Core 82 'RAM' <Latency = 1> <II = 1> <Delay = 0.67> <Storage> <Opcode : 'load' 'store'> <Ports = 2> <Width = 16> <Depth = 8> <RAM>
ST_19 : Operation 537 [1/1] (0.67ns)   --->   "%store_ln56 = store i16 %col_outbuf_13_addr_2_ret, i3 %out_block_5_addr_5" [../dct_ref/dct.cpp:56]   --->   Operation 537 'store' 'store_ln56' <Predicate = true> <Delay = 0.67> <CoreInst = "RAM">   --->   Core 82 'RAM' <Latency = 1> <II = 1> <Delay = 0.67> <Storage> <Opcode : 'load' 'store'> <Ports = 2> <Width = 16> <Depth = 8> <RAM>
ST_19 : Operation 538 [1/1] (0.67ns)   --->   "%store_ln56 = store i16 %col_outbuf_6_addr_1_ret, i3 %out_block_2_addr_6" [../dct_ref/dct.cpp:56]   --->   Operation 538 'store' 'store_ln56' <Predicate = true> <Delay = 0.67> <CoreInst = "RAM">   --->   Core 82 'RAM' <Latency = 1> <II = 1> <Delay = 0.67> <Storage> <Opcode : 'load' 'store'> <Ports = 2> <Width = 16> <Depth = 8> <RAM>
ST_19 : Operation 539 [1/1] (0.67ns)   --->   "%store_ln56 = store i16 %col_outbuf_14_addr_1_ret, i3 %out_block_3_addr_6" [../dct_ref/dct.cpp:56]   --->   Operation 539 'store' 'store_ln56' <Predicate = true> <Delay = 0.67> <CoreInst = "RAM">   --->   Core 82 'RAM' <Latency = 1> <II = 1> <Delay = 0.67> <Storage> <Opcode : 'load' 'store'> <Ports = 2> <Width = 16> <Depth = 8> <RAM>
ST_19 : Operation 540 [1/1] (0.67ns)   --->   "%store_ln56 = store i16 %col_outbuf_7_addr_1_ret, i3 %out_block_2_addr_7" [../dct_ref/dct.cpp:56]   --->   Operation 540 'store' 'store_ln56' <Predicate = true> <Delay = 0.67> <CoreInst = "RAM">   --->   Core 82 'RAM' <Latency = 1> <II = 1> <Delay = 0.67> <Storage> <Opcode : 'load' 'store'> <Ports = 2> <Width = 16> <Depth = 8> <RAM>
ST_19 : Operation 541 [1/1] (0.67ns)   --->   "%store_ln56 = store i16 %col_outbuf_15_addr_1_ret, i3 %out_block_3_addr_7" [../dct_ref/dct.cpp:56]   --->   Operation 541 'store' 'store_ln56' <Predicate = true> <Delay = 0.67> <CoreInst = "RAM">   --->   Core 82 'RAM' <Latency = 1> <II = 1> <Delay = 0.67> <Storage> <Opcode : 'load' 'store'> <Ports = 2> <Width = 16> <Depth = 8> <RAM>

State 20 <SV = 19> <Delay = 0.67>
ST_20 : Operation 542 [1/1] (0.00ns)   --->   "%out_block_6_addr_4 = getelementptr i16 %out_block_6, i64 0, i64 4" [../dct_ref/dct.cpp:56]   --->   Operation 542 'getelementptr' 'out_block_6_addr_4' <Predicate = true> <Delay = 0.00>
ST_20 : Operation 543 [1/1] (0.00ns)   --->   "%out_block_7_addr_4 = getelementptr i16 %out_block_7, i64 0, i64 4" [../dct_ref/dct.cpp:56]   --->   Operation 543 'getelementptr' 'out_block_7_addr_4' <Predicate = true> <Delay = 0.00>
ST_20 : Operation 544 [1/1] (0.00ns)   --->   "%out_block_6_addr_5 = getelementptr i16 %out_block_6, i64 0, i64 5" [../dct_ref/dct.cpp:56]   --->   Operation 544 'getelementptr' 'out_block_6_addr_5' <Predicate = true> <Delay = 0.00>
ST_20 : Operation 545 [1/1] (0.00ns)   --->   "%out_block_7_addr_5 = getelementptr i16 %out_block_7, i64 0, i64 5" [../dct_ref/dct.cpp:56]   --->   Operation 545 'getelementptr' 'out_block_7_addr_5' <Predicate = true> <Delay = 0.00>
ST_20 : Operation 546 [1/1] (0.00ns)   --->   "%out_block_4_addr_6 = getelementptr i16 %out_block_4, i64 0, i64 6" [../dct_ref/dct.cpp:56]   --->   Operation 546 'getelementptr' 'out_block_4_addr_6' <Predicate = true> <Delay = 0.00>
ST_20 : Operation 547 [1/1] (0.00ns)   --->   "%out_block_5_addr_6 = getelementptr i16 %out_block_5, i64 0, i64 6" [../dct_ref/dct.cpp:56]   --->   Operation 547 'getelementptr' 'out_block_5_addr_6' <Predicate = true> <Delay = 0.00>
ST_20 : Operation 548 [1/1] (0.00ns)   --->   "%out_block_4_addr_7 = getelementptr i16 %out_block_4, i64 0, i64 7" [../dct_ref/dct.cpp:56]   --->   Operation 548 'getelementptr' 'out_block_4_addr_7' <Predicate = true> <Delay = 0.00>
ST_20 : Operation 549 [1/1] (0.00ns)   --->   "%out_block_5_addr_7 = getelementptr i16 %out_block_5, i64 0, i64 7" [../dct_ref/dct.cpp:56]   --->   Operation 549 'getelementptr' 'out_block_5_addr_7' <Predicate = true> <Delay = 0.00>
ST_20 : Operation 550 [1/1] (0.67ns)   --->   "%store_ln56 = store i16 %col_outbuf_4_addr_3_ret, i3 %out_block_6_addr_4" [../dct_ref/dct.cpp:56]   --->   Operation 550 'store' 'store_ln56' <Predicate = true> <Delay = 0.67> <CoreInst = "RAM">   --->   Core 82 'RAM' <Latency = 1> <II = 1> <Delay = 0.67> <Storage> <Opcode : 'load' 'store'> <Ports = 2> <Width = 16> <Depth = 8> <RAM>
ST_20 : Operation 551 [1/1] (0.67ns)   --->   "%store_ln56 = store i16 %col_outbuf_12_addr_3_ret, i3 %out_block_7_addr_4" [../dct_ref/dct.cpp:56]   --->   Operation 551 'store' 'store_ln56' <Predicate = true> <Delay = 0.67> <CoreInst = "RAM">   --->   Core 82 'RAM' <Latency = 1> <II = 1> <Delay = 0.67> <Storage> <Opcode : 'load' 'store'> <Ports = 2> <Width = 16> <Depth = 8> <RAM>
ST_20 : Operation 552 [1/1] (0.67ns)   --->   "%store_ln56 = store i16 %col_outbuf_5_addr_3_ret, i3 %out_block_6_addr_5" [../dct_ref/dct.cpp:56]   --->   Operation 552 'store' 'store_ln56' <Predicate = true> <Delay = 0.67> <CoreInst = "RAM">   --->   Core 82 'RAM' <Latency = 1> <II = 1> <Delay = 0.67> <Storage> <Opcode : 'load' 'store'> <Ports = 2> <Width = 16> <Depth = 8> <RAM>
ST_20 : Operation 553 [1/1] (0.67ns)   --->   "%store_ln56 = store i16 %col_outbuf_13_addr_3_ret, i3 %out_block_7_addr_5" [../dct_ref/dct.cpp:56]   --->   Operation 553 'store' 'store_ln56' <Predicate = true> <Delay = 0.67> <CoreInst = "RAM">   --->   Core 82 'RAM' <Latency = 1> <II = 1> <Delay = 0.67> <Storage> <Opcode : 'load' 'store'> <Ports = 2> <Width = 16> <Depth = 8> <RAM>
ST_20 : Operation 554 [1/1] (0.67ns)   --->   "%store_ln56 = store i16 %col_outbuf_6_addr_2_ret, i3 %out_block_4_addr_6" [../dct_ref/dct.cpp:56]   --->   Operation 554 'store' 'store_ln56' <Predicate = true> <Delay = 0.67> <CoreInst = "RAM">   --->   Core 82 'RAM' <Latency = 1> <II = 1> <Delay = 0.67> <Storage> <Opcode : 'load' 'store'> <Ports = 2> <Width = 16> <Depth = 8> <RAM>
ST_20 : Operation 555 [1/1] (0.67ns)   --->   "%store_ln56 = store i16 %col_outbuf_14_addr_2_ret, i3 %out_block_5_addr_6" [../dct_ref/dct.cpp:56]   --->   Operation 555 'store' 'store_ln56' <Predicate = true> <Delay = 0.67> <CoreInst = "RAM">   --->   Core 82 'RAM' <Latency = 1> <II = 1> <Delay = 0.67> <Storage> <Opcode : 'load' 'store'> <Ports = 2> <Width = 16> <Depth = 8> <RAM>
ST_20 : Operation 556 [1/1] (0.67ns)   --->   "%store_ln56 = store i16 %col_outbuf_7_addr_2_ret, i3 %out_block_4_addr_7" [../dct_ref/dct.cpp:56]   --->   Operation 556 'store' 'store_ln56' <Predicate = true> <Delay = 0.67> <CoreInst = "RAM">   --->   Core 82 'RAM' <Latency = 1> <II = 1> <Delay = 0.67> <Storage> <Opcode : 'load' 'store'> <Ports = 2> <Width = 16> <Depth = 8> <RAM>
ST_20 : Operation 557 [1/1] (0.67ns)   --->   "%store_ln56 = store i16 %col_outbuf_15_addr_2_ret, i3 %out_block_5_addr_7" [../dct_ref/dct.cpp:56]   --->   Operation 557 'store' 'store_ln56' <Predicate = true> <Delay = 0.67> <CoreInst = "RAM">   --->   Core 82 'RAM' <Latency = 1> <II = 1> <Delay = 0.67> <Storage> <Opcode : 'load' 'store'> <Ports = 2> <Width = 16> <Depth = 8> <RAM>

State 21 <SV = 20> <Delay = 0.67>
ST_21 : Operation 558 [1/1] (0.00ns)   --->   "%specpipeline_ln30 = specpipeline void @_ssdm_op_SpecPipeline, i32 4, i32 0, i32 0, i32 0, void @empty_0" [../dct_ref/dct.cpp:30]   --->   Operation 558 'specpipeline' 'specpipeline_ln30' <Predicate = true> <Delay = 0.00>
ST_21 : Operation 559 [1/1] (0.00ns)   --->   "%out_block_6_addr_6 = getelementptr i16 %out_block_6, i64 0, i64 6" [../dct_ref/dct.cpp:56]   --->   Operation 559 'getelementptr' 'out_block_6_addr_6' <Predicate = true> <Delay = 0.00>
ST_21 : Operation 560 [1/1] (0.00ns)   --->   "%out_block_7_addr_6 = getelementptr i16 %out_block_7, i64 0, i64 6" [../dct_ref/dct.cpp:56]   --->   Operation 560 'getelementptr' 'out_block_7_addr_6' <Predicate = true> <Delay = 0.00>
ST_21 : Operation 561 [1/1] (0.00ns)   --->   "%out_block_6_addr_7 = getelementptr i16 %out_block_6, i64 0, i64 7" [../dct_ref/dct.cpp:56]   --->   Operation 561 'getelementptr' 'out_block_6_addr_7' <Predicate = true> <Delay = 0.00>
ST_21 : Operation 562 [1/1] (0.00ns)   --->   "%out_block_7_addr_7 = getelementptr i16 %out_block_7, i64 0, i64 7" [../dct_ref/dct.cpp:56]   --->   Operation 562 'getelementptr' 'out_block_7_addr_7' <Predicate = true> <Delay = 0.00>
ST_21 : Operation 563 [1/1] (0.67ns)   --->   "%store_ln56 = store i16 %col_outbuf_6_addr_3_ret, i3 %out_block_6_addr_6" [../dct_ref/dct.cpp:56]   --->   Operation 563 'store' 'store_ln56' <Predicate = true> <Delay = 0.67> <CoreInst = "RAM">   --->   Core 82 'RAM' <Latency = 1> <II = 1> <Delay = 0.67> <Storage> <Opcode : 'load' 'store'> <Ports = 2> <Width = 16> <Depth = 8> <RAM>
ST_21 : Operation 564 [1/1] (0.67ns)   --->   "%store_ln56 = store i16 %col_outbuf_14_addr_3_ret, i3 %out_block_7_addr_6" [../dct_ref/dct.cpp:56]   --->   Operation 564 'store' 'store_ln56' <Predicate = true> <Delay = 0.67> <CoreInst = "RAM">   --->   Core 82 'RAM' <Latency = 1> <II = 1> <Delay = 0.67> <Storage> <Opcode : 'load' 'store'> <Ports = 2> <Width = 16> <Depth = 8> <RAM>
ST_21 : Operation 565 [1/1] (0.67ns)   --->   "%store_ln56 = store i16 %col_outbuf_7_addr_3_ret, i3 %out_block_6_addr_7" [../dct_ref/dct.cpp:56]   --->   Operation 565 'store' 'store_ln56' <Predicate = true> <Delay = 0.67> <CoreInst = "RAM">   --->   Core 82 'RAM' <Latency = 1> <II = 1> <Delay = 0.67> <Storage> <Opcode : 'load' 'store'> <Ports = 2> <Width = 16> <Depth = 8> <RAM>
ST_21 : Operation 566 [1/1] (0.67ns)   --->   "%store_ln56 = store i16 %col_outbuf_15_addr_3_ret, i3 %out_block_7_addr_7" [../dct_ref/dct.cpp:56]   --->   Operation 566 'store' 'store_ln56' <Predicate = true> <Delay = 0.67> <CoreInst = "RAM">   --->   Core 82 'RAM' <Latency = 1> <II = 1> <Delay = 0.67> <Storage> <Opcode : 'load' 'store'> <Ports = 2> <Width = 16> <Depth = 8> <RAM>
ST_21 : Operation 567 [1/1] (0.00ns)   --->   "%ret_ln57 = ret" [../dct_ref/dct.cpp:57]   --->   Operation 567 'ret' 'ret_ln57' <Predicate = true> <Delay = 0.00>


============================================================
+ Verbose Summary: Timing violations
============================================================
Target clock period: 8.000ns, clock uncertainty: 0.960ns.

 <State 1>: 0.677ns
The critical path consists of the following:
	'getelementptr' operation 3 bit ('in_block_0_addr', ../dct_ref/dct.cpp:38) [18]  (0.000 ns)
	'load' operation 16 bit ('in_block_0_load', ../dct_ref/dct.cpp:38) on array 'in_block_0' [26]  (0.677 ns)

 <State 2>: 3.369ns
The critical path consists of the following:
	'load' operation 16 bit ('in_block_0_load', ../dct_ref/dct.cpp:38) on array 'in_block_0' [26]  (0.677 ns)
	'call' operation 128 bit ('dct_1d_ret1', ../dct_ref/dct.cpp:38) to 'dct_1d' [34]  (2.692 ns)

 <State 3>: 4.408ns
The critical path consists of the following:
	'call' operation 128 bit ('dct_1d_ret1', ../dct_ref/dct.cpp:38) to 'dct_1d' [34]  (4.408 ns)

 <State 4>: 4.408ns
The critical path consists of the following:
	'call' operation 128 bit ('dct_1d_ret1', ../dct_ref/dct.cpp:38) to 'dct_1d' [34]  (4.408 ns)

 <State 5>: 4.408ns
The critical path consists of the following:
	'call' operation 128 bit ('dct_1d_ret1', ../dct_ref/dct.cpp:38) to 'dct_1d' [34]  (4.408 ns)

 <State 6>: 4.408ns
The critical path consists of the following:
	'call' operation 128 bit ('dct_1d_ret1', ../dct_ref/dct.cpp:38) to 'dct_1d' [34]  (4.408 ns)

 <State 7>: 4.408ns
The critical path consists of the following:
	'call' operation 128 bit ('dct_1d_ret3', ../dct_ref/dct.cpp:38) to 'dct_1d' [84]  (4.408 ns)

 <State 8>: 4.408ns
The critical path consists of the following:
	'call' operation 128 bit ('dct_1d_ret5', ../dct_ref/dct.cpp:38) to 'dct_1d' [134]  (4.408 ns)

 <State 9>: 4.408ns
The critical path consists of the following:
	'call' operation 128 bit ('dct_1d_ret7', ../dct_ref/dct.cpp:38) to 'dct_1d' [184]  (4.408 ns)

 <State 10>: 4.060ns
The critical path consists of the following:
	'call' operation 128 bit ('dct_1d_ret7', ../dct_ref/dct.cpp:38) to 'dct_1d' [184]  (1.368 ns)
	'call' operation 128 bit ('dct_1d_ret9', ../dct_ref/dct.cpp:49) to 'dct_1d' [218]  (2.692 ns)

 <State 11>: 4.408ns
The critical path consists of the following:
	'call' operation 128 bit ('dct_1d_ret9', ../dct_ref/dct.cpp:49) to 'dct_1d' [218]  (4.408 ns)

 <State 12>: 4.408ns
The critical path consists of the following:
	'call' operation 128 bit ('dct_1d_ret9', ../dct_ref/dct.cpp:49) to 'dct_1d' [218]  (4.408 ns)

 <State 13>: 4.408ns
The critical path consists of the following:
	'call' operation 128 bit ('dct_1d_ret9', ../dct_ref/dct.cpp:49) to 'dct_1d' [218]  (4.408 ns)

 <State 14>: 4.408ns
The critical path consists of the following:
	'call' operation 128 bit ('dct_1d_ret9', ../dct_ref/dct.cpp:49) to 'dct_1d' [218]  (4.408 ns)

 <State 15>: 4.408ns
The critical path consists of the following:
	'call' operation 128 bit ('dct_1d_ret11', ../dct_ref/dct.cpp:49) to 'dct_1d' [236]  (4.408 ns)

 <State 16>: 4.408ns
The critical path consists of the following:
	'call' operation 128 bit ('dct_1d_ret13', ../dct_ref/dct.cpp:49) to 'dct_1d' [254]  (4.408 ns)

 <State 17>: 4.408ns
The critical path consists of the following:
	'call' operation 128 bit ('dct_1d_ret15', ../dct_ref/dct.cpp:49) to 'dct_1d' [272]  (4.408 ns)

 <State 18>: 2.045ns
The critical path consists of the following:
	'call' operation 128 bit ('dct_1d_ret15', ../dct_ref/dct.cpp:49) to 'dct_1d' [272]  (1.368 ns)
	'store' operation 0 bit ('store_ln56', ../dct_ref/dct.cpp:56) of variable 'col_outbuf_addr_3_ret', ../dct_ref/dct.cpp:49 on array 'out_block_6' [360]  (0.677 ns)

 <State 19>: 0.677ns
The critical path consists of the following:
	'getelementptr' operation 3 bit ('out_block_6_addr_2', ../dct_ref/dct.cpp:56) [312]  (0.000 ns)
	'store' operation 0 bit ('store_ln56', ../dct_ref/dct.cpp:56) of variable 'col_outbuf_2_addr_3_ret', ../dct_ref/dct.cpp:49 on array 'out_block_6' [376]  (0.677 ns)

 <State 20>: 0.677ns
The critical path consists of the following:
	'getelementptr' operation 3 bit ('out_block_6_addr_4', ../dct_ref/dct.cpp:56) [328]  (0.000 ns)
	'store' operation 0 bit ('store_ln56', ../dct_ref/dct.cpp:56) of variable 'col_outbuf_4_addr_3_ret', ../dct_ref/dct.cpp:49 on array 'out_block_6' [392]  (0.677 ns)

 <State 21>: 0.677ns
The critical path consists of the following:
	'getelementptr' operation 3 bit ('out_block_6_addr_6', ../dct_ref/dct.cpp:56) [344]  (0.000 ns)
	'store' operation 0 bit ('store_ln56', ../dct_ref/dct.cpp:56) of variable 'col_outbuf_6_addr_3_ret', ../dct_ref/dct.cpp:49 on array 'out_block_6' [408]  (0.677 ns)


============================================================
+ Verbose Summary: Binding
============================================================
N/A
* FSMD analyzer results:
  - Output states:
 - Input state : 
  - Chain level:
	State 1
	State 2
	State 3
	State 4
	State 5
	State 6
	State 7
	State 8
	State 9
	State 10
	State 11
	State 12
	State 13
	State 14
	State 15
	State 16
	State 17
	State 18
	State 19
	State 20
	State 21


============================================================
+ Verbose Summary: Datapath Resource usage 
============================================================
N/A
